test_index,header,label,shuffle_index,original_sequence,shuffled_sequence,possible_nonoriginal_permutations,hamming_distance
0,0_neg_519,0,0,APSLGFHGVR,RAGGHSPFLV,1814399,10
0,0_neg_519,0,1,APSLGFHGVR,SLGFPRVAGH,1814399,10
0,0_neg_519,0,2,APSLGFHGVR,RGVASGFHPL,1814399,10
0,0_neg_519,0,3,APSLGFHGVR,VGLASFGRPH,1814399,9
0,0_neg_519,0,4,APSLGFHGVR,RSFVHLAPGG,1814399,10
0,0_neg_519,0,5,APSLGFHGVR,VGFPLHRGAS,1814399,9
0,0_neg_519,0,6,APSLGFHGVR,GGLRPHAFSV,1814399,10
0,0_neg_519,0,7,APSLGFHGVR,AVLRHGSPGF,1814399,9
0,0_neg_519,0,8,APSLGFHGVR,VFGAPSRHGL,1814399,10
0,0_neg_519,0,9,APSLGFHGVR,LGGSHRPVFA,1814399,10
1,1_pos_524,1,0,RHQ,HRQ,5,2
1,1_pos_524,1,1,RHQ,HQR,5,3
1,1_pos_524,1,2,RHQ,RQH,5,2
1,1_pos_524,1,3,RHQ,QRH,5,3
1,1_pos_524,1,4,RHQ,QHR,5,2
2,0_neg_766,0,0,FLPMIAKLLGGLL,LPMGKLFLILGLA,25945919,10
2,0_neg_766,0,1,FLPMIAKLLGGLL,LLPLKFIGLLMAG,25945919,10
2,0_neg_766,0,2,FLPMIAKLLGGLL,LKLMPGLLGIFAL,25945919,10
2,0_neg_766,0,3,FLPMIAKLLGGLL,LPLLFKGALLIGM,25945919,12
2,0_neg_766,0,4,FLPMIAKLLGGLL,PLLFLLAGKMIGL,25945919,11
2,0_neg_766,0,5,FLPMIAKLLGGLL,LKAFILGMGLLLP,25945919,11
2,0_neg_766,0,6,FLPMIAKLLGGLL,GLLAFGPKLMILL,25945919,9
2,0_neg_766,0,7,FLPMIAKLLGGLL,GAGMLLILPLLKF,25945919,11
2,0_neg_766,0,8,FLPMIAKLLGGLL,GLLLPGKLMAIFL,25945919,9
2,0_neg_766,0,9,FLPMIAKLLGGLL,FMLLGPLLILAKG,25945919,11
3,0_neg_402,0,0,LRPAVIRPKGK,APKILRKPVGR,4989599,9
3,0_neg_402,0,1,LRPAVIRPKGK,GKPRAIVLRKP,4989599,9
3,0_neg_402,0,2,LRPAVIRPKGK,PRRVLAKIKPG,4989599,9
3,0_neg_402,0,3,LRPAVIRPKGK,KGIRALRKPVP,4989599,10
3,0_neg_402,0,4,LRPAVIRPKGK,RKKARGIPLPV,4989599,9
3,0_neg_402,0,5,LRPAVIRPKGK,VARKKGPLRIP,4989599,11
3,0_neg_402,0,6,LRPAVIRPKGK,KPAVILRRKPG,4989599,9
3,0_neg_402,0,7,LRPAVIRPKGK,KGAPIRVKLRP,4989599,11
3,0_neg_402,0,8,LRPAVIRPKGK,LKIPKPVAGRR,4989599,10
3,0_neg_402,0,9,LRPAVIRPKGK,PVPGAKRLIKR,4989599,9
4,0_neg_539,0,0,TKQTLKVLITGAAGQIGYSL,TIQKLTVGALAYIGKLQTGS,703964701439999,15
4,0_neg_539,0,1,TKQTLKVLITGAAGQIGYSL,QYATTGQKLSGALIIVKGLT,703964701439999,17
4,0_neg_539,0,2,TKQTLKVLITGAAGQIGYSL,QKTLSYIVTLTAILGAQKGG,703964701439999,18
4,0_neg_539,0,3,TKQTLKVLITGAAGQIGYSL,KTASQGIAQITLKTVLGGYL,703964701439999,18
4,0_neg_539,0,4,TKQTLKVLITGAAGQIGYSL,TQGTLATAIKLKQSLIVGGY,703964701439999,15
4,0_neg_539,0,5,TKQTLKVLITGAAGQIGYSL,AYQGGKGVLQLITKSILTTA,703964701439999,17
4,0_neg_539,0,6,TKQTLKVLITGAAGQIGYSL,TYQLLAKAIGVTTSKLIQGG,703964701439999,16
4,0_neg_539,0,7,TKQTLKVLITGAAGQIGYSL,TQILVAGSYTQAILTGKLGK,703964701439999,17
4,0_neg_539,0,8,TKQTLKVLITGAAGQIGYSL,KYLGLILTIKGAGQTSTAVQ,703964701439999,16
4,0_neg_539,0,9,TKQTLKVLITGAAGQIGYSL,SQLAQVKIITTTGGLKGLAY,703964701439999,16
5,1_pos_1368,1,0,YFYPQL,PFQYYL,359,4
5,1_pos_1368,1,1,YFYPQL,FPYLYQ,359,5
5,1_pos_1368,1,2,YFYPQL,QFPYYL,359,4
5,1_pos_1368,1,3,YFYPQL,FLPYYQ,359,6
5,1_pos_1368,1,4,YFYPQL,YYQLFP,359,5
5,1_pos_1368,1,5,YFYPQL,QFYYPL,359,3
5,1_pos_1368,1,6,YFYPQL,LFQPYY,359,4
5,1_pos_1368,1,7,YFYPQL,YQPLFY,359,5
5,1_pos_1368,1,8,YFYPQL,QYPFLY,359,6
5,1_pos_1368,1,9,YFYPQL,YLFQPY,359,5
6,0_neg_1198,0,0,SLDFPALW,PLAFLWDS,20159,6
6,0_neg_1198,0,1,SLDFPALW,WFALDSPL,20159,8
6,0_neg_1198,0,2,SLDFPALW,ADLFSWLP,20159,6
6,0_neg_1198,0,3,SLDFPALW,DALFPWSL,20159,6
6,0_neg_1198,0,4,SLDFPALW,LLAWDPFS,20159,7
6,0_neg_1198,0,5,SLDFPALW,FALSDLWP,20159,8
6,0_neg_1198,0,6,SLDFPALW,FLAPSWLD,20159,6
6,0_neg_1198,0,7,SLDFPALW,LAPFSLDW,20159,6
6,0_neg_1198,0,8,SLDFPALW,DFLPWASL,20159,7
6,0_neg_1198,0,9,SLDFPALW,DWPLSFAL,20159,8
7,0_neg_1183,0,0,KNWAVLVAGSNGWPNYRHHA,GVPSAWARGWLAHNYKNNVH,4223788208639999,19
7,0_neg_1183,0,1,KNWAVLVAGSNGWPNYRHHA,LWSHPAVNWGHGKVRNNYAA,4223788208639999,17
7,0_neg_1183,0,2,KNWAVLVAGSNGWPNYRHHA,NKAWLWRHYSHVNAAGNGPV,4223788208639999,19
7,0_neg_1183,0,3,KNWAVLVAGSNGWPNYRHHA,AAGNHHVNSVWLKNARYWGP,4223788208639999,19
7,0_neg_1183,0,4,KNWAVLVAGSNGWPNYRHHA,HPNNAVWSNAWYRHLVGGKA,4223788208639999,19
7,0_neg_1183,0,5,KNWAVLVAGSNGWPNYRHHA,SHGAGWAPALNNVNHKVWRY,4223788208639999,18
7,0_neg_1183,0,6,KNWAVLVAGSNGWPNYRHHA,WAVSGLVRPAGHANNNYKHW,4223788208639999,16
7,0_neg_1183,0,7,KNWAVLVAGSNGWPNYRHHA,HHWNVPALVAAYKGRSWGNN,4223788208639999,18
7,0_neg_1183,0,8,KNWAVLVAGSNGWPNYRHHA,YHNGAKNHLWVSGVARAPWN,4223788208639999,20
7,0_neg_1183,0,9,KNWAVLVAGSNGWPNYRHHA,GWNAKSNVGLYHPVAHNWRA,4223788208639999,17
8,0_neg_514,0,0,YPCKLNLKLGKVPFH,CLKNFPPYHKVGLLK,18162143999,15
8,0_neg_514,0,1,YPCKLNLKLGKVPFH,YVGNKCKLHPFPLLK,18162143999,14
8,0_neg_514,0,2,YPCKLNLKLGKVPFH,HKKLFPCYLNVPLKG,18162143999,14
8,0_neg_514,0,3,YPCKLNLKLGKVPFH,FPLPKCLKNVLYHGK,18162143999,12
8,0_neg_514,0,4,YPCKLNLKLGKVPFH,NPVFGKCLKPHLKYL,18162143999,14
8,0_neg_514,0,5,YPCKLNLKLGKVPFH,KCPKFHLVNPLYLGK,18162143999,13
8,0_neg_514,0,6,YPCKLNLKLGKVPFH,LYCHVGFNPLLKKPK,18162143999,14
8,0_neg_514,0,7,YPCKLNLKLGKVPFH,FKNYGLLHCPKLVPK,18162143999,13
8,0_neg_514,0,8,YPCKLNLKLGKVPFH,LNKGPPKVHKYFLLC,18162143999,15
8,0_neg_514,0,9,YPCKLNLKLGKVPFH,LLHPKNVCKKYPLGF,18162143999,14
9,1_pos_219,1,0,GEPGPPGAP,PGGPAPGEP,2519,6
9,1_pos_219,1,1,GEPGPPGAP,PAPPEGGPG,2519,7
9,1_pos_219,1,2,GEPGPPGAP,APPGPEGGP,2519,4
9,1_pos_219,1,3,GEPGPPGAP,PPPEGGPAG,2519,7
9,1_pos_219,1,4,GEPGPPGAP,AGPGEGPPP,2519,6
9,1_pos_219,1,5,GEPGPPGAP,GGPPGPPAE,2519,5
9,1_pos_219,1,6,GEPGPPGAP,EPPPAGPGG,2519,8
9,1_pos_219,1,7,GEPGPPGAP,GAGEPGPPP,2519,6
9,1_pos_219,1,8,GEPGPPGAP,EPAPPPGGG,2519,6
9,1_pos_219,1,9,GEPGPPGAP,GPAGPGPEP,2519,5
10,0_neg_653,0,0,ENGQLDGVIDPK,DNLGGIPDVEQK,119750399,10
10,0_neg_653,0,1,ENGQLDGVIDPK,LKPGDGVEQNDI,119750399,12
10,0_neg_653,0,2,ENGQLDGVIDPK,NEDGKPDVIGLQ,119750399,10
10,0_neg_653,0,3,ENGQLDGVIDPK,GGDQINEKDVLP,119750399,11
10,0_neg_653,0,4,ENGQLDGVIDPK,GGKVLNDEIDQP,119750399,9
10,0_neg_653,0,5,ENGQLDGVIDPK,GINEKQDVPLDG,119750399,11
10,0_neg_653,0,6,ENGQLDGVIDPK,INVDQLPKDGEG,119750399,11
10,0_neg_653,0,7,ENGQLDGVIDPK,ELGVDGNPIQKD,119750399,9
10,0_neg_653,0,8,ENGQLDGVIDPK,DPKNVGILEGQD,119750399,12
10,0_neg_653,0,9,ENGQLDGVIDPK,KGDDPIGNQVLE,119750399,11
11,1_pos_972,1,0,YSTA,ASTY,23,2
11,1_pos_972,1,1,YSTA,TSAY,23,3
11,1_pos_972,1,2,YSTA,STAY,23,4
11,1_pos_972,1,3,YSTA,ATSY,23,4
11,1_pos_972,1,4,YSTA,YAST,23,3
11,1_pos_972,1,5,YSTA,AYTS,23,3
11,1_pos_972,1,6,YSTA,TASY,23,4
11,1_pos_972,1,7,YSTA,YTAS,23,3
11,1_pos_972,1,8,YSTA,TSYA,23,2
11,1_pos_972,1,9,YSTA,TAYS,23,4
12,1_pos_1308,1,0,NLPLL,PNLLL,19,3
12,1_pos_1308,1,1,NLPLL,NLLPL,19,2
12,1_pos_1308,1,2,NLPLL,PLNLL,19,2
12,1_pos_1308,1,3,NLPLL,LLNLP,19,3
12,1_pos_1308,1,4,NLPLL,LLLNP,19,4
12,1_pos_1308,1,5,NLPLL,LLLPN,19,4
12,1_pos_1308,1,6,NLPLL,LNLLP,19,4
12,1_pos_1308,1,7,NLPLL,LPLLN,19,4
12,1_pos_1308,1,8,NLPLL,PLLNL,19,3
12,1_pos_1308,1,9,NLPLL,LLNPL,19,3
13,0_neg_410,0,0,QHWSHGWYPG,HGQHGYSWWP,453599,10
13,0_neg_410,0,1,QHWSHGWYPG,HWGPYWSHGQ,453599,10
13,0_neg_410,0,2,QHWSHGWYPG,QSWGGWHPHY,453599,8
13,0_neg_410,0,3,QHWSHGWYPG,WYGHGSPHWQ,453599,10
13,0_neg_410,0,4,QHWSHGWYPG,WPGHWQYHGS,453599,10
13,0_neg_410,0,5,QHWSHGWYPG,YPGGHSWWQH,453599,8
13,0_neg_410,0,6,QHWSHGWYPG,QYWWPGGHSH,453599,7
13,0_neg_410,0,7,QHWSHGWYPG,WQGSHWGHPY,453599,7
13,0_neg_410,0,8,QHWSHGWYPG,GWWPQGSYHH,453599,7
13,0_neg_410,0,9,QHWSHGWYPG,WGGHWPHSYQ,453599,10
14,1_pos_39,1,0,YYT,TYY,2,2
14,1_pos_39,1,1,YYT,YTY,2,2
15,0_neg_114,0,0,FGVLNFF,FNFLGFV,839,4
15,0_neg_114,0,1,FGVLNFF,GLNFFVF,839,6
15,0_neg_114,0,2,FGVLNFF,VNFGFLF,839,6
15,0_neg_114,0,3,FGVLNFF,VNLFFGF,839,6
15,0_neg_114,0,4,FGVLNFF,LFFNVGF,839,6
15,0_neg_114,0,5,FGVLNFF,VFFGLNF,839,6
15,0_neg_114,0,6,FGVLNFF,LFGFVNF,839,6
15,0_neg_114,0,7,FGVLNFF,GFVLFNF,839,4
15,0_neg_114,0,8,FGVLNFF,LFFVNFG,839,5
15,0_neg_114,0,9,FGVLNFF,GFFVLNF,839,6
16,1_pos_786,1,0,MK,KM,1,2
17,1_pos_1430,1,0,NWDDMEK,DWDEKNM,2519,5
17,1_pos_1430,1,1,NWDDMEK,KDWDNEM,2519,5
17,1_pos_1430,1,2,NWDDMEK,KEDWMDN,2519,5
17,1_pos_1430,1,3,NWDDMEK,DWKDMEN,2519,3
17,1_pos_1430,1,4,NWDDMEK,WDEKMDN,2519,6
17,1_pos_1430,1,5,NWDDMEK,KDMWDEN,2519,6
17,1_pos_1430,1,6,NWDDMEK,DWMNKDE,2519,6
17,1_pos_1430,1,7,NWDDMEK,WMNEDDK,2519,6
17,1_pos_1430,1,8,NWDDMEK,EMDWKDN,2519,6
17,1_pos_1430,1,9,NWDDMEK,NDMDWKE,2519,5
18,0_neg_584,0,0,VQPPHSHGDNFYIWT,INHGPFYPTDSHQWV,326918591999,14
18,0_neg_584,0,1,VQPPHSHGDNFYIWT,NDSVHHQGPFWIYPT,326918591999,12
18,0_neg_584,0,2,VQPPHSHGDNFYIWT,PIWNYSQVHGDPHFT,326918591999,13
18,0_neg_584,0,3,VQPPHSHGDNFYIWT,VPQFPNYGIHHSDTW,326918591999,13
18,0_neg_584,0,4,VQPPHSHGDNFYIWT,PWVPHFYDSGQNIHT,326918591999,11
18,0_neg_584,0,5,VQPPHSHGDNFYIWT,TQGIWYPHPFSVNDH,326918591999,14
18,0_neg_584,0,6,VQPPHSHGDNFYIWT,YDPHTNHFQGSPVIW,326918591999,13
18,0_neg_584,0,7,VQPPHSHGDNFYIWT,YWHQSPDNGIVPTFH,326918591999,15
18,0_neg_584,0,8,VQPPHSHGDNFYIWT,WYNFGTVDHSPIHPQ,326918591999,15
18,0_neg_584,0,9,VQPPHSHGDNFYIWT,GTDVWFHSYPQPNIH,326918591999,14
19,0_neg_1251,0,0,RGSNLTIHPLRNIIDLFYVG,RIDGYISPNVITLFLHGLRN,8447576417279999,19
19,0_neg_1251,0,1,RGSNLTIHPLRNIIDLFYVG,IHRSGFPNLINIRLLTVYDG,8447576417279999,18
19,0_neg_1251,0,2,RGSNLTIHPLRNIIDLFYVG,LHNNVTRGSDIPIGFRLYIL,8447576417279999,16
19,0_neg_1251,0,3,RGSNLTIHPLRNIIDLFYVG,IVNHGGFISLDLRNIRTLPY,8447576417279999,19
19,0_neg_1251,0,4,RGSNLTIHPLRNIIDLFYVG,SFHRLRGNNLLYDITIIVPG,8447576417279999,16
19,0_neg_1251,0,5,RGSNLTIHPLRNIIDLFYVG,INLYILSNRFLHGPITRGVD,8447576417279999,19
19,0_neg_1251,0,6,RGSNLTIHPLRNIIDLFYVG,GRHLYFVPTSDLIRNLGIIN,8447576417279999,18
19,0_neg_1251,0,7,RGSNLTIHPLRNIIDLFYVG,LTLFVIRPIRNLGISDHGYN,8447576417279999,19
19,0_neg_1251,0,8,RGSNLTIHPLRNIIDLFYVG,DGYPFIRIVRNHLTLSLGIN,8447576417279999,19
19,0_neg_1251,0,9,RGSNLTIHPLRNIIDLFYVG,GLIINFRPHSYIRNVLGLTD,8447576417279999,19
20,0_neg_488,0,0,GPSMGFHGMR,GGPFHMGSRM,302399,9
20,0_neg_488,0,1,GPSMGFHGMR,GRPMGFMSHG,302399,6
20,0_neg_488,0,2,GPSMGFHGMR,PMHSFGGRMG,302399,9
20,0_neg_488,0,3,GPSMGFHGMR,GSPMHGGMRF,302399,8
20,0_neg_488,0,4,GPSMGFHGMR,HGMGMSPFGR,302399,9
20,0_neg_488,0,5,GPSMGFHGMR,HPGFGGSMMR,302399,6
20,0_neg_488,0,6,GPSMGFHGMR,MRGMPFGGHS,302399,7
20,0_neg_488,0,7,GPSMGFHGMR,MPGGHFMGSR,302399,6
20,0_neg_488,0,8,GPSMGFHGMR,PMGGHMRGSF,302399,9
20,0_neg_488,0,9,GPSMGFHGMR,FGSRMGPHMG,302399,8
21,1_pos_63,1,0,NEN,ENN,2,2
21,1_pos_63,1,1,NEN,NNE,2,2
22,1_pos_45,1,0,SLVYPFPGPIPN,SGNLYPIPPFVP,19958399,10
22,1_pos_45,1,1,SLVYPFPGPIPN,PPVPPYGFSNLI,19958399,10
22,1_pos_45,1,2,SLVYPFPGPIPN,GLIPPNYVFPPS,19958399,9
22,1_pos_45,1,3,SLVYPFPGPIPN,NPGFPPIVLPYS,19958399,11
22,1_pos_45,1,4,SLVYPFPGPIPN,PFLYGVPNISPP,19958399,9
22,1_pos_45,1,5,SLVYPFPGPIPN,GPVNYSPPFPLI,19958399,10
22,1_pos_45,1,6,SLVYPFPGPIPN,PNPLPYGSIVPF,19958399,10
22,1_pos_45,1,7,SLVYPFPGPIPN,YPIPFPGSVNPL,19958399,11
22,1_pos_45,1,8,SLVYPFPGPIPN,SVIGYPLPPNFP,19958399,10
22,1_pos_45,1,9,SLVYPFPGPIPN,IPNPPSGYFVPL,19958399,10
23,1_pos_333,1,0,AAPFPGQKSLQR,FPGSKRPAAQLQ,59875199,12
23,1_pos_333,1,1,AAPFPGQKSLQR,QRPLQKPFAASG,59875199,11
23,1_pos_333,1,2,AAPFPGQKSLQR,RQFLKGAPSQPA,59875199,10
23,1_pos_333,1,3,AAPFPGQKSLQR,ALARFQPPSGKQ,59875199,10
23,1_pos_333,1,4,AAPFPGQKSLQR,QPGALRASPFQK,59875199,11
23,1_pos_333,1,5,AAPFPGQKSLQR,QKGAAFRSPLPQ,59875199,11
23,1_pos_333,1,6,AAPFPGQKSLQR,QFLQPGRSPAAK,59875199,10
23,1_pos_333,1,7,AAPFPGQKSLQR,LSARPQKAQFGP,59875199,11
23,1_pos_333,1,8,AAPFPGQKSLQR,AQRSAGQPFKPL,59875199,9
23,1_pos_333,1,9,AAPFPGQKSLQR,ASPGFQRAPKQL,59875199,9
24,0_neg_200,0,0,MNKKSIRNVNLKGKRVFDRV,RVGMVKSLDRFNNKKVRNKI,469309800959999,18
24,0_neg_200,0,1,MNKKSIRNVNLKGKRVFDRV,DVIKSRLMKNVRRFVKGKNN,469309800959999,17
24,0_neg_200,0,2,MNKKSIRNVNLKGKRVFDRV,SKIGKRKVMVVLRRFNNDNK,469309800959999,19
24,0_neg_200,0,3,MNKKSIRNVNLKGKRVFDRV,NLNMKVKRKRFRSVKVNIDG,469309800959999,19
24,0_neg_200,0,4,MNKKSIRNVNLKGKRVFDRV,VRKIVLFKRKRDNSGKVNMN,469309800959999,19
24,0_neg_200,0,5,MNKKSIRNVNLKGKRVFDRV,RNDVIVGNKKSNRVLKRKFM,469309800959999,18
24,0_neg_200,0,6,MNKKSIRNVNLKGKRVFDRV,NNLNKRSIKKVRMKVFVDGR,469309800959999,17
24,0_neg_200,0,7,MNKKSIRNVNLKGKRVFDRV,IMFKVSNLRRKDVNKRVGKN,469309800959999,19
24,0_neg_200,0,8,MNKKSIRNVNLKGKRVFDRV,SLNVVGKKIRKRKNRFVDMN,469309800959999,18
24,0_neg_200,0,9,MNKKSIRNVNLKGKRVFDRV,VDSKVVRRFKINKLRKNNMG,469309800959999,17
25,1_pos_535,1,0,PHCKRM,RKMHPC,719,6
25,1_pos_535,1,1,PHCKRM,MCKPHR,719,6
25,1_pos_535,1,2,PHCKRM,KCPHMR,719,6
25,1_pos_535,1,3,PHCKRM,MRHPKC,719,6
25,1_pos_535,1,4,PHCKRM,HPCRMK,719,5
25,1_pos_535,1,5,PHCKRM,HKCRPM,719,4
25,1_pos_535,1,6,PHCKRM,HRPCMK,719,6
25,1_pos_535,1,7,PHCKRM,RCHPMK,719,6
25,1_pos_535,1,8,PHCKRM,RPHMKC,719,6
25,1_pos_535,1,9,PHCKRM,CKRMPH,719,6
26,1_pos_1411,1,0,LTSGSANATGSR,STLSSAAGRTGN,9979199,9
26,1_pos_1411,1,1,LTSGSANATGSR,TNSTAGGRLSAS,9979199,11
26,1_pos_1411,1,2,LTSGSANATGSR,TSASTRSGNLAG,9979199,12
26,1_pos_1411,1,3,LTSGSANATGSR,TSSRNTAGGASL,9979199,10
26,1_pos_1411,1,4,LTSGSANATGSR,LTTAASGRNSSG,9979199,9
26,1_pos_1411,1,5,LTSGSANATGSR,RLGAGTSTNSSA,9979199,11
26,1_pos_1411,1,6,LTSGSANATGSR,NASAGTSTSLGR,9979199,10
26,1_pos_1411,1,7,LTSGSANATGSR,SNGTGLSSTARA,9979199,11
26,1_pos_1411,1,8,LTSGSANATGSR,TSSGNTLARGSA,9979199,7
26,1_pos_1411,1,9,LTSGSANATGSR,SSNTRTLSGAAG,9979199,12
27,0_neg_1034,0,0,KPSPDRFYGLM,DYRKFPPMGLS,19958399,9
27,0_neg_1034,0,1,KPSPDRFYGLM,KRPDGPFSYLM,19958399,7
27,0_neg_1034,0,2,KPSPDRFYGLM,SPRDLKGYMFP,19958399,9
27,0_neg_1034,0,3,KPSPDRFYGLM,PMLKRFSGDPY,19958399,11
27,0_neg_1034,0,4,KPSPDRFYGLM,SDKRLMYGPPF,19958399,11
27,0_neg_1034,0,5,KPSPDRFYGLM,PDYPLRGMSFK,19958399,9
27,0_neg_1034,0,6,KPSPDRFYGLM,GKSYPFPLDRM,19958399,9
27,0_neg_1034,0,7,KPSPDRFYGLM,SPDYFLPRKMG,19958399,10
27,0_neg_1034,0,8,KPSPDRFYGLM,GKYPMLDRPFS,19958399,10
27,0_neg_1034,0,9,KPSPDRFYGLM,MPYKRGLFSPD,19958399,10
28,0_neg_328,0,0,QVSLKYPEGKMYSFGL,GFQEPLKSYYVMSKGL,653837183999,13
28,0_neg_328,0,1,QVSLKYPEGKMYSFGL,YMLSLFVYPKGEGKQS,653837183999,15
28,0_neg_328,0,2,QVSLKYPEGKMYSFGL,SSQGLVKLKYFPYMGE,653837183999,15
28,0_neg_328,0,3,QVSLKYPEGKMYSFGL,SGMSLKKEPGYVQFYL,653837183999,13
28,0_neg_328,0,4,QVSLKYPEGKMYSFGL,KKEPLQMSFGYVYGLS,653837183999,16
28,0_neg_328,0,5,QVSLKYPEGKMYSFGL,KGVEYSLYSFGLMPKQ,653837183999,16
28,0_neg_328,0,6,QVSLKYPEGKMYSFGL,LKFYGYQMEGSVPSLK,653837183999,15
28,0_neg_328,0,7,QVSLKYPEGKMYSFGL,YQKGFLGSEVYPKMLS,653837183999,16
28,0_neg_328,0,8,QVSLKYPEGKMYSFGL,SQPEMFKKYSGLGVYL,653837183999,15
28,0_neg_328,0,9,QVSLKYPEGKMYSFGL,YLSMPQLKKGGVSYFE,653837183999,14
29,0_neg_543,0,0,QSAREQG,ERQQASG,2519,6
29,0_neg_543,0,1,QSAREQG,ERSAQQG,2519,5
29,0_neg_543,0,2,QSAREQG,QRQGSEA,2519,6
29,0_neg_543,0,3,QSAREQG,ARQSEGQ,2519,6
29,0_neg_543,0,4,QSAREQG,QGARQSE,2519,4
29,0_neg_543,0,5,QSAREQG,QARSQEG,2519,5
29,0_neg_543,0,6,QSAREQG,SGQERQA,2519,6
29,0_neg_543,0,7,QSAREQG,AGQRQES,2519,6
29,0_neg_543,0,8,QSAREQG,RASGQQE,2519,6
29,0_neg_543,0,9,QSAREQG,SQEARGQ,2519,7
30,0_neg_858,0,0,MSSSHIFIGETIGT,SFTGSMISHIITGE,605404799,13
30,0_neg_858,0,1,MSSSHIFIGETIGT,ISTTMIIEGSGFSH,605404799,11
30,0_neg_858,0,2,MSSSHIFIGETIGT,GGMFTESIHISTSI,605404799,13
30,0_neg_858,0,3,MSSSHIFIGETIGT,ITSISEFSTHGIGM,605404799,10
30,0_neg_858,0,4,MSSSHIFIGETIGT,EISSFMTHIISGGT,605404799,10
30,0_neg_858,0,5,MSSSHIFIGETIGT,ISHMTIIETSFSGG,605404799,11
30,0_neg_858,0,6,MSSSHIFIGETIGT,FISIETSIGHGSTM,605404799,11
30,0_neg_858,0,7,MSSSHIFIGETIGT,ETTSHGFSGMSIII,605404799,9
30,0_neg_858,0,8,MSSSHIFIGETIGT,GMTSITISGIHEFS,605404799,12
30,0_neg_858,0,9,MSSSHIFIGETIGT,GSSIHTGETMIFIS,605404799,11
31,1_pos_602,1,0,QQPVLGPVRGPFPIIV,PPIQIGVQLRPVGFPV,18162143999,13
31,1_pos_602,1,1,QQPVLGPVRGPFPIIV,QGFVVIGPILPPRQVP,18162143999,13
31,1_pos_602,1,2,QQPVLGPVRGPFPIIV,GVPLPVQPPGIIQFVR,18162143999,14
31,1_pos_602,1,3,QQPVLGPVRGPFPIIV,QQPPPFVLVRGIVIPG,18162143999,12
31,1_pos_602,1,4,QQPVLGPVRGPFPIIV,PPPGGIFVQQRIPVVL,18162143999,13
31,1_pos_602,1,5,QQPVLGPVRGPFPIIV,FVQPRVPGVLIGQPIP,18162143999,14
31,1_pos_602,1,6,QQPVLGPVRGPFPIIV,GGVIPPIPVFLVQPRQ,18162143999,16
31,1_pos_602,1,7,QQPVLGPVRGPFPIIV,PQPVPIFPGQVIVGLR,18162143999,13
31,1_pos_602,1,8,QQPVLGPVRGPFPIIV,PQRPGFIPIVGLVVQP,18162143999,15
31,1_pos_602,1,9,QQPVLGPVRGPFPIIV,PIPVGIFGVVQRPQPL,18162143999,13
32,1_pos_909,1,0,YYH,HYY,2,2
32,1_pos_909,1,1,YYH,YHY,2,2
33,0_neg_94,0,0,LQPGLEYQYRYSARV,RYYESYPVRQLGQLA,27243215999,15
33,0_neg_94,0,1,LQPGLEYQYRYSARV,YLQPYLAERRSQYGV,27243215999,13
33,0_neg_94,0,2,LQPGLEYQYRYSARV,YAVGYLQELRSQRYP,27243215999,13
33,0_neg_94,0,3,LQPGLEYQYRYSARV,YQGLSYARVYPLEQR,27243215999,14
33,0_neg_94,0,4,LQPGLEYQYRYSARV,ERPYAGYQSRLLVYQ,27243215999,11
33,0_neg_94,0,5,LQPGLEYQYRYSARV,YQYGERYALVQPRLS,27243215999,12
33,0_neg_94,0,6,LQPGLEYQYRYSARV,SLQVPYRQEYYGRLA,27243215999,13
33,0_neg_94,0,7,LQPGLEYQYRYSARV,SRQLPALRYQYVGYE,27243215999,13
33,0_neg_94,0,8,LQPGLEYQYRYSARV,YGRYSALYVLQRPEQ,27243215999,15
33,0_neg_94,0,9,LQPGLEYQYRYSARV,GYLAVYYPQLERRQS,27243215999,14
34,0_neg_277,0,0,GFGMLFKFL,FLLGMFFGK,15119,8
34,0_neg_277,0,1,GFGMLFKFL,GMFFLKLFG,15119,6
34,0_neg_277,0,2,GFGMLFKFL,FLGKGFLFM,15119,6
34,0_neg_277,0,3,GFGMLFKFL,FGFMKLLGF,15119,8
34,0_neg_277,0,4,GFGMLFKFL,GLFGFFLMK,15119,7
34,0_neg_277,0,5,GFGMLFKFL,GLFFLMKFG,15119,5
34,0_neg_277,0,6,GFGMLFKFL,FKFLMGFGL,15119,8
34,0_neg_277,0,7,GFGMLFKFL,LFMFKGGFL,15119,6
34,0_neg_277,0,8,GFGMLFKFL,FGFKFMLGL,15119,8
34,0_neg_277,0,9,GFGMLFKFL,FMGGFLKLF,15119,7
35,0_neg_1260,0,0,DAQEKRQPWIPFV,FDPQKVPRWIQAE,1556755199,10
35,0_neg_1260,0,1,DAQEKRQPWIPFV,RPIFVQEKWPDAQ,1556755199,12
35,0_neg_1260,0,2,DAQEKRQPWIPFV,RVWQPQKEDFIAP,1556755199,13
35,0_neg_1260,0,3,DAQEKRQPWIPFV,DEFPKVARQWQIP,1556755199,11
35,0_neg_1260,0,4,DAQEKRQPWIPFV,KERIQQPAVDFWP,1556755199,13
35,0_neg_1260,0,5,DAQEKRQPWIPFV,AFRKPIWPQEQDV,1556755199,11
35,0_neg_1260,0,6,DAQEKRQPWIPFV,VQFWEPIPADRKQ,1556755199,12
35,0_neg_1260,0,7,DAQEKRQPWIPFV,QDPPVFWRQAKEI,1556755199,13
35,0_neg_1260,0,8,DAQEKRQPWIPFV,QPDIFQVEKAPRW,1556755199,12
35,0_neg_1260,0,9,DAQEKRQPWIPFV,PVDKQWPRAQFEI,1556755199,13
36,0_neg_334,0,0,FLPLIGRVLSGIL,PSLILRLVIGGLF,64864799,11
36,0_neg_334,0,1,FLPLIGRVLSGIL,GVLLLIIPSGRLF,64864799,12
36,0_neg_334,0,2,FLPLIGRVLSGIL,SFRLPLIVLGLGI,64864799,10
36,0_neg_334,0,3,FLPLIGRVLSGIL,GLIGLPLVLRIFS,64864799,10
36,0_neg_334,0,4,FLPLIGRVLSGIL,IPLLSRIGLVFLG,64864799,11
36,0_neg_334,0,5,FLPLIGRVLSGIL,ILVLRSPIFLLGG,64864799,11
36,0_neg_334,0,6,FLPLIGRVLSGIL,LLIISVLGRLGFP,64864799,11
36,0_neg_334,0,7,FLPLIGRVLSGIL,ILRLGLSPGVFLI,64864799,11
36,0_neg_334,0,8,FLPLIGRVLSGIL,LLPVGGFILRLSI,64864799,9
36,0_neg_334,0,9,FLPLIGRVLSGIL,FIIRSLLPLGLVG,64864799,11
37,0_neg_1408,0,0,VLADVYNVEPETLR,VNDYLTEALVPREV,3632428799,13
37,0_neg_1408,0,1,VLADVYNVEPETLR,TVNLLDYVEAREPV,3632428799,12
37,0_neg_1408,0,2,VLADVYNVEPETLR,DLYVVVEEALTRNP,3632428799,12
37,0_neg_1408,0,3,VLADVYNVEPETLR,TVLNEVEYVDPRLA,3632428799,13
37,0_neg_1408,0,4,VLADVYNVEPETLR,PATNEVYLRVELVD,3632428799,13
37,0_neg_1408,0,5,VLADVYNVEPETLR,ELENTARVDLVVYP,3632428799,12
37,0_neg_1408,0,6,VLADVYNVEPETLR,VNYPETVDEVRLLA,3632428799,11
37,0_neg_1408,0,7,VLADVYNVEPETLR,ELVRNEDLVAVPTY,3632428799,13
37,0_neg_1408,0,8,VLADVYNVEPETLR,ADLNRVVLPETEVY,3632428799,14
37,0_neg_1408,0,9,VLADVYNVEPETLR,LVYLVERATEDVNP,3632428799,13
38,0_neg_567,0,0,ADGSDPAGGEFLAEGGGVR,VFDPGAAGGDSGAEGRLEG,7039647014399,13
38,0_neg_567,0,1,ADGSDPAGGEFLAEGGGVR,EDALDRSEAGGFGGVGGAP,7039647014399,15
38,0_neg_567,0,2,ADGSDPAGGEFLAEGGGVR,EAGRSGGALGGFDGEVDPA,7039647014399,18
38,0_neg_567,0,3,ADGSDPAGGEFLAEGGGVR,EGGSADARGFAGDPEGVLG,7039647014399,14
38,0_neg_567,0,4,ADGSDPAGGEFLAEGGGVR,SAGRGGGALFEDGPDVAGE,7039647014399,18
38,0_neg_567,0,5,ADGSDPAGGEFLAEGGGVR,AEAGGPREGDSLDGGAGVF,7039647014399,12
38,0_neg_567,0,6,ADGSDPAGGEFLAEGGGVR,EGEDVSPARAGGDAFGGLG,7039647014399,17
38,0_neg_567,0,7,ADGSDPAGGEFLAEGGGVR,SLGGRDGGAPGEEVGDFAA,7039647014399,16
38,0_neg_567,0,8,ADGSDPAGGEFLAEGGGVR,GGPGEGAAAGGVDDERSLF,7039647014399,18
38,0_neg_567,0,9,ADGSDPAGGEFLAEGGGVR,GAFVRGLDGEGAAGGDEPS,7039647014399,15
39,0_neg_896,0,0,RSVCSNGCRPKPFGGCSC,CGSVRKSGPNPRSGCFCC,1852538687999,16
39,0_neg_896,0,1,RSVCSNGCRPKPFGGCSC,FGCCGGRSSSVPPCCRNK,1852538687999,16
39,0_neg_896,0,2,RSVCSNGCRPKPFGGCSC,SPCGSCFPGKRRCVSCGN,1852538687999,16
39,0_neg_896,0,3,RSVCSNGCRPKPFGGCSC,SCCPSCPGKRNCRFGSGV,1852538687999,16
39,0_neg_896,0,4,RSVCSNGCRPKPFGGCSC,RSGSCGGFCPSCKVPNRC,1852538687999,13
39,0_neg_896,0,5,RSVCSNGCRPKPFGGCSC,KCSGSNPCCSRPGGCRFV,1852538687999,13
39,0_neg_896,0,6,RSVCSNGCRPKPFGGCSC,KCCGPCSGRCFNSRGVSP,1852538687999,15
39,0_neg_896,0,7,RSVCSNGCRPKPFGGCSC,GCCRSVSCCSNFPGPKGR,1852538687999,15
39,0_neg_896,0,8,RSVCSNGCRPKPFGGCSC,FCSSPGKPCRCVRGNGCS,1852538687999,17
39,0_neg_896,0,9,RSVCSNGCRPKPFGGCSC,GCKCGVPGFRNSSSCPRC,1852538687999,16
40,0_neg_1267,0,0,STEQEDP,TQSDPEE,2519,7
40,0_neg_1267,0,1,STEQEDP,DPETEQS,2519,5
40,0_neg_1267,0,2,STEQEDP,QETESDP,2519,5
40,0_neg_1267,0,3,STEQEDP,ESQPDET,2519,7
40,0_neg_1267,0,4,STEQEDP,EESDTPQ,2519,7
40,0_neg_1267,0,5,STEQEDP,TDEEQPS,2519,6
40,0_neg_1267,0,6,STEQEDP,DSPTEEQ,2519,6
40,0_neg_1267,0,7,STEQEDP,QTDSPEE,2519,6
40,0_neg_1267,0,8,STEQEDP,TEQESPD,2519,7
40,0_neg_1267,0,9,STEQEDP,PSDETQE,2519,7
41,1_pos_470,1,0,YLKT,YTKL,23,2
41,1_pos_470,1,1,YLKT,KLTY,23,3
41,1_pos_470,1,2,YLKT,YTLK,23,3
41,1_pos_470,1,3,YLKT,LKTY,23,4
41,1_pos_470,1,4,YLKT,KYLT,23,3
41,1_pos_470,1,5,YLKT,LYTK,23,4
41,1_pos_470,1,6,YLKT,TYLK,23,4
41,1_pos_470,1,7,YLKT,TLKY,23,2
41,1_pos_470,1,8,YLKT,KYTL,23,4
41,1_pos_470,1,9,YLKT,LKYT,23,3
42,0_neg_175,0,0,GAVSGLLTNL,NVLGSTALLG,302399,10
42,0_neg_175,0,1,GAVSGLLTNL,LNVAGTSGLL,302399,7
42,0_neg_175,0,2,GAVSGLLTNL,LLALSTGNGV,302399,10
42,0_neg_175,0,3,GAVSGLLTNL,LNLLVSTGAG,302399,10
42,0_neg_175,0,4,GAVSGLLTNL,LSAVGLGLNT,302399,7
42,0_neg_175,0,5,GAVSGLLTNL,LLGSGAVLNT,302399,7
42,0_neg_175,0,6,GAVSGLLTNL,ASGLLLTVNG,302399,8
42,0_neg_175,0,7,GAVSGLLTNL,LGASVGLNLT,302399,8
42,0_neg_175,0,8,GAVSGLLTNL,SGVNLTGLLA,302399,9
42,0_neg_175,0,9,GAVSGLLTNL,NGTSVGLLLA,302399,8
43,0_neg_1525,0,0,AVTSSVADTTTVVRDDF,SDTASDRVVTDTATVFV,25729703999,14
43,0_neg_1525,0,1,AVTSSVADTTTVVRDDF,DSVVVTASTFRAVDTTD,25729703999,14
43,0_neg_1525,0,2,AVTSSVADTTTVVRDDF,TDFARTVDVVTDVTASS,25729703999,14
43,0_neg_1525,0,3,AVTSSVADTTTVVRDDF,AVFDVRDATTVVDSTST,25729703999,12
43,0_neg_1525,0,4,AVTSSVADTTTVVRDDF,TTVTAADTDDRVVSSFV,25729703999,15
43,0_neg_1525,0,5,AVTSSVADTTTVVRDDF,SVATDAVDVVFDTRTST,25729703999,14
43,0_neg_1525,0,6,AVTSSVADTTTVVRDDF,STDSRVTTVVVAFDDTA,25729703999,14
43,0_neg_1525,0,7,AVTSSVADTTTVVRDDF,STDRDSTTVTFAVADVV,25729703999,14
43,0_neg_1525,0,8,AVTSSVADTTTVVRDDF,AVDRFVVDTADSTTTVS,25729703999,12
43,0_neg_1525,0,9,AVTSSVADTTTVVRDDF,TDATDDVVVRSFATTSV,25729703999,17
44,0_neg_1156,0,0,AFVKGSAQRVAHGY,FGAAKYVHGRVAQS,3632428799,14
44,0_neg_1156,0,1,AFVKGSAQRVAHGY,VGKHYGAFRSVAQA,3632428799,12
44,0_neg_1156,0,2,AFVKGSAQRVAHGY,AVRFQGAGYKAHSV,3632428799,10
44,0_neg_1156,0,3,AFVKGSAQRVAHGY,AHSRKYAQGFVGVA,3632428799,11
44,0_neg_1156,0,4,AFVKGSAQRVAHGY,HVAFVAYSQRGGAK,3632428799,14
44,0_neg_1156,0,5,AFVKGSAQRVAHGY,FSAAYAGQHVRKVG,3632428799,12
44,0_neg_1156,0,6,AFVKGSAQRVAHGY,AGASRKYFQVGAVH,3632428799,12
44,0_neg_1156,0,7,AFVKGSAQRVAHGY,RKHQSGAAAVFYVG,3632428799,12
44,0_neg_1156,0,8,AFVKGSAQRVAHGY,VYRVHSGKGAAFAQ,3632428799,12
44,0_neg_1156,0,9,AFVKGSAQRVAHGY,AKSGARYQAHVGVF,3632428799,12
45,0_neg_278,0,0,QPEESVFFA,EFSPAQEFV,90719,8
45,0_neg_278,0,1,QPEESVFFA,FSEFEVQPA,90719,6
45,0_neg_278,0,2,QPEESVFFA,AFESEPQFV,90719,7
45,0_neg_278,0,3,QPEESVFFA,VFPFAEEQS,90719,9
45,0_neg_278,0,4,QPEESVFFA,FVSQEPFEA,90719,7
45,0_neg_278,0,5,QPEESVFFA,SQPVEFFEA,90719,7
45,0_neg_278,0,6,QPEESVFFA,QAPFEFESV,90719,8
45,0_neg_278,0,7,QPEESVFFA,VSPQEFAEF,90719,9
45,0_neg_278,0,8,QPEESVFFA,EFVEAQPSF,90719,8
45,0_neg_278,0,9,QPEESVFFA,EQAPSFFEV,90719,7
46,0_neg_593,0,0,KKDGYPIQENGCKY,KGKKDENCGYPIQY,3632428799,12
46,0_neg_593,0,1,KKDGYPIQENGCKY,CGKGKYIQDNPEKY,3632428799,8
46,0_neg_593,0,2,KKDGYPIQENGCKY,KYKGDKNQEGIYCP,3632428799,10
46,0_neg_593,0,3,KKDGYPIQENGCKY,EPIYNQKGKGKCDY,3632428799,12
46,0_neg_593,0,4,KKDGYPIQENGCKY,YKPIKYQDENGKCG,3632428799,10
46,0_neg_593,0,5,KKDGYPIQENGCKY,KQKYPGIDNGCKEY,3632428799,11
46,0_neg_593,0,6,KKDGYPIQENGCKY,IYPKGGKENKCDYQ,3632428799,14
46,0_neg_593,0,7,KKDGYPIQENGCKY,KNEGKYGIPDQKYC,3632428799,12
46,0_neg_593,0,8,KKDGYPIQENGCKY,QKCGGDPKIEYKNY,3632428799,11
46,0_neg_593,0,9,KKDGYPIQENGCKY,PYKNDKGCGEYQIK,3632428799,14
47,0_neg_1048,0,0,GVLDAFRKIATVVKNLV,RAVVTKLVNKAVIGDFL,1852538687999,16
47,0_neg_1048,0,1,GVLDAFRKIATVVKNLV,VVVNLKKIGLDATVRAF,1852538687999,16
47,0_neg_1048,0,2,GVLDAFRKIATVVKNLV,VAGILDKTNLVKFVVAR,1852538687999,17
47,0_neg_1048,0,3,GVLDAFRKIATVVKNLV,GNKVVLDKTFIVVARLA,1852538687999,12
47,0_neg_1048,0,4,GVLDAFRKIATVVKNLV,ADRVFKVTVLVLNKGAI,1852538687999,16
47,0_neg_1048,0,5,GVLDAFRKIATVVKNLV,KITARVNGLDVFLAVKV,1852538687999,16
47,0_neg_1048,0,6,GVLDAFRKIATVVKNLV,VTNLAGVKDRAFLVKVI,1852538687999,15
47,0_neg_1048,0,7,GVLDAFRKIATVVKNLV,KLDNAKTRAVFVGLVVI,1852538687999,15
47,0_neg_1048,0,8,GVLDAFRKIATVVKNLV,ARVGAKLNVDVTKLFVI,1852538687999,16
47,0_neg_1048,0,9,GVLDAFRKIATVVKNLV,NVDAVGKVITRKLVLFA,1852538687999,15
48,0_neg_610,0,0,GALVAAYGLYDGFLTL,GAGGFLVALYYTDLLA,12108095999,11
48,0_neg_610,0,1,GALVAAYGLYDGFLTL,LGLAALFADYVGGLYT,12108095999,11
48,0_neg_610,0,2,GALVAAYGLYDGFLTL,ALAADLLLYFTVGYGG,12108095999,16
48,0_neg_610,0,3,GALVAAYGLYDGFLTL,GFGTDLVAAGLYLLYA,12108095999,14
48,0_neg_610,0,4,GALVAAYGLYDGFLTL,AVYGLALTLFDGLGAY,12108095999,12
48,0_neg_610,0,5,GALVAAYGLYDGFLTL,AVLTLLYFDGAGLAYG,12108095999,13
48,0_neg_610,0,6,GALVAAYGLYDGFLTL,LLDGVYAGAYLFGALT,12108095999,14
48,0_neg_610,0,7,GALVAAYGLYDGFLTL,LGTDGFVAYLLGALYA,12108095999,14
48,0_neg_610,0,8,GALVAAYGLYDGFLTL,ALFDGLYLAGVAYGLT,12108095999,15
48,0_neg_610,0,9,GALVAAYGLYDGFLTL,AALGLADLVFLGTYYG,12108095999,12
49,0_neg_742,0,0,RGSNLTTHPLRNIKDLVVYM,VLSIGLRVDTHRLMPKNTNY,25342729251839999,19
49,0_neg_742,0,1,RGSNLTTHPLRNIKDLVVYM,RNLKSMRNTVVPYLLHIDGT,25342729251839999,19
49,0_neg_742,0,2,RGSNLTTHPLRNIKDLVVYM,MRLGVHLTSKYVNTNPLIRD,25342729251839999,20
49,0_neg_742,0,3,RGSNLTTHPLRNIKDLVVYM,MKNVDLLHSYTNRRGVILTP,25342729251839999,18
49,0_neg_742,0,4,RGSNLTTHPLRNIKDLVVYM,RSNLTVIVDYMKPHGTLNLR,25342729251839999,19
49,0_neg_742,0,5,RGSNLTTHPLRNIKDLVVYM,STVNNKLLRPGIDRMTHYLV,25342729251839999,19
49,0_neg_742,0,6,RGSNLTTHPLRNIKDLVVYM,LYNRLTDSLNVHGMPVRTIK,25342729251839999,18
49,0_neg_742,0,7,RGSNLTTHPLRNIKDLVVYM,LTHVMSDGYNRLNRKVTIPL,25342729251839999,19
49,0_neg_742,0,8,RGSNLTTHPLRNIKDLVVYM,STRLNGHLNTDMRVLPVIYK,25342729251839999,18
49,0_neg_742,0,9,RGSNLTTHPLRNIKDLVVYM,MLGVLVDRTTNSPIHNYRLK,25342729251839999,19
50,0_neg_574,0,0,NDWRNAMYPVVPGHE,YEDAHNVPMRNGVPW,163459295999,15
50,0_neg_574,0,1,NDWRNAMYPVVPGHE,PNGMPYNVAWEDHRV,163459295999,15
50,0_neg_574,0,2,NDWRNAMYPVVPGHE,RAHPVEPNGDVNMWY,163459295999,14
50,0_neg_574,0,3,NDWRNAMYPVVPGHE,EPVPGNVWRNHMADY,163459295999,15
50,0_neg_574,0,4,NDWRNAMYPVVPGHE,NREPPHMGWDNYVVA,163459295999,13
50,0_neg_574,0,5,NDWRNAMYPVVPGHE,DVEAYNPMGWPNHRV,163459295999,15
50,0_neg_574,0,6,NDWRNAMYPVVPGHE,VNPNMRHDGAEYVPW,163459295999,15
50,0_neg_574,0,7,NDWRNAMYPVVPGHE,VHPMPEYRGDWNNVA,163459295999,15
50,0_neg_574,0,8,NDWRNAMYPVVPGHE,AGHREWVDYVNNPMP,163459295999,13
50,0_neg_574,0,9,NDWRNAMYPVVPGHE,PGRPANNWHEVYDVM,163459295999,14
51,0_neg_841,0,0,LLPIVGNLLNSLL,SLINLGVLLNLLP,4324319,7
51,0_neg_841,0,1,LLPIVGNLLNSLL,LLLGVLSNPLLIN,4324319,10
51,0_neg_841,0,2,LLPIVGNLLNSLL,VLNLLLNLGSLPI,4324319,10
51,0_neg_841,0,3,LLPIVGNLLNSLL,LLNISLPVGLLNL,4324319,9
51,0_neg_841,0,4,LLPIVGNLLNSLL,PLGVLINSLNLLL,4324319,7
51,0_neg_841,0,5,LLPIVGNLLNSLL,LLPLLVNISLGLN,4324319,8
51,0_neg_841,0,6,LLPIVGNLLNSLL,LVIGLLSNNLLPL,4324319,11
51,0_neg_841,0,7,LLPIVGNLLNSLL,LLISPLLNLVLGN,4324319,10
51,0_neg_841,0,8,LLPIVGNLLNSLL,INLLNLVLSGPLL,4324319,10
51,0_neg_841,0,9,LLPIVGNLLNSLL,LSNNPILLLGLLV,4324319,9
52,0_neg_1046,0,0,VRPYLVAF,AVPFRVYL,20159,6
52,0_neg_1046,0,1,VRPYLVAF,YRPAVLVF,20159,5
52,0_neg_1046,0,2,VRPYLVAF,APRFLVYV,20159,6
52,0_neg_1046,0,3,VRPYLVAF,YFALRVVP,20159,7
52,0_neg_1046,0,4,VRPYLVAF,FRAPLYVV,20159,6
52,0_neg_1046,0,5,VRPYLVAF,LVFARPYV,20159,8
52,0_neg_1046,0,6,VRPYLVAF,PLVRFVAY,20159,6
52,0_neg_1046,0,7,VRPYLVAF,APVFYLVR,20159,8
52,0_neg_1046,0,8,VRPYLVAF,PRVVLFYA,20159,6
52,0_neg_1046,0,9,VRPYLVAF,AFPYVVLR,20159,5
53,1_pos_147,1,0,AGAPDERGPGPAAR,GGEPPAAAPRRGDA,50450399,11
53,1_pos_147,1,1,AGAPDERGPGPAAR,EAAAGRRGGPPPDA,50450399,10
53,1_pos_147,1,2,AGAPDERGPGPAAR,RPAEDPRAGAAGGP,50450399,11
53,1_pos_147,1,3,AGAPDERGPGPAAR,PAGEGAAADGRPPR,50450399,12
53,1_pos_147,1,4,AGAPDERGPGPAAR,APDAGAGRPERAPG,50450399,11
53,1_pos_147,1,5,AGAPDERGPGPAAR,AAPRRAGGPDEPGA,50450399,11
53,1_pos_147,1,6,AGAPDERGPGPAAR,GAPGRDPPAAERGA,50450399,14
53,1_pos_147,1,7,AGAPDERGPGPAAR,GRAAPDRAGAPPEG,50450399,11
53,1_pos_147,1,8,AGAPDERGPGPAAR,GRGDAPEAAPRAGP,50450399,13
53,1_pos_147,1,9,AGAPDERGPGPAAR,RPGAPRPAGDAAGE,50450399,13
54,1_pos_613,1,0,LPTSEAAKY,YATELPSAK,181439,8
54,1_pos_613,1,1,LPTSEAAKY,ETPLASAYK,181439,8
54,1_pos_613,1,2,LPTSEAAKY,TLSYKEPAA,181439,9
54,1_pos_613,1,3,LPTSEAAKY,YPKSEATLA,181439,5
54,1_pos_613,1,4,LPTSEAAKY,YKSAAPETL,181439,9
54,1_pos_613,1,5,LPTSEAAKY,PKYTASALE,181439,8
54,1_pos_613,1,6,LPTSEAAKY,LAEAKPYST,181439,8
54,1_pos_613,1,7,LPTSEAAKY,SEYLPATAK,181439,8
54,1_pos_613,1,8,LPTSEAAKY,ATSYPELAK,181439,9
54,1_pos_613,1,9,LPTSEAAKY,YKSPTAAEL,181439,7
55,1_pos_1338,1,0,PEILPDGDHD,GEILDPPDHD,302399,4
55,1_pos_1338,1,1,PEILPDGDHD,DLIGEHPPDD,302399,8
55,1_pos_1338,1,2,PEILPDGDHD,DIDGHDEPPL,302399,9
55,1_pos_1338,1,3,PEILPDGDHD,DDDPPILHGE,302399,9
55,1_pos_1338,1,4,PEILPDGDHD,DDGPHILEDP,302399,10
55,1_pos_1338,1,5,PEILPDGDHD,DDPPDEHGIL,302399,10
55,1_pos_1338,1,6,PEILPDGDHD,HEDPIGLDPD,302399,7
55,1_pos_1338,1,7,PEILPDGDHD,EDLDDHPPIG,302399,10
55,1_pos_1338,1,8,PEILPDGDHD,DPIEPDDLHG,302399,6
55,1_pos_1338,1,9,PEILPDGDHD,PDEDGHDLIP,302399,9
56,0_neg_709,0,0,AEYDVSDADIEAFYQ,YAFYIAVEQSDDEDA,9081071999,15
56,0_neg_709,0,1,AEYDVSDADIEAFYQ,ADEVDYAFQDSAIYE,9081071999,12
56,0_neg_709,0,2,AEYDVSDADIEAFYQ,VEAQIYEFDYSDAAD,9081071999,13
56,0_neg_709,0,3,AEYDVSDADIEAFYQ,DFQDAIDEYAESVAY,9081071999,12
56,0_neg_709,0,4,AEYDVSDADIEAFYQ,ADEEADFQVSDYIAY,9081071999,14
56,0_neg_709,0,5,AEYDVSDADIEAFYQ,YEYAIDVSDEAFQDA,9081071999,12
56,0_neg_709,0,6,AEYDVSDADIEAFYQ,IYVEAASDFQAEYDD,9081071999,15
56,0_neg_709,0,7,AEYDVSDADIEAFYQ,SDYAFEIVEQADAYD,9081071999,13
56,0_neg_709,0,8,AEYDVSDADIEAFYQ,AESYIDEFDDAYAVQ,9081071999,11
56,0_neg_709,0,9,AEYDVSDADIEAFYQ,DAYDEEIQYFAVSAD,9081071999,13
57,0_neg_37,0,0,AIGFDGLNDPDIVAR,DPAIRANVDLGIFGD,27243215999,13
57,0_neg_37,0,1,AIGFDGLNDPDIVAR,RINGDLDGVAPIFAD,27243215999,11
57,0_neg_37,0,2,AIGFDGLNDPDIVAR,DDDLNPVFGRAIIGA,27243215999,14
57,0_neg_37,0,3,AIGFDGLNDPDIVAR,ARIDNDGFAGPVILD,27243215999,14
57,0_neg_37,0,4,AIGFDGLNDPDIVAR,ALFDPAIVGDIDGNR,27243215999,13
57,0_neg_37,0,5,AIGFDGLNDPDIVAR,GDAANPGFDRILIDV,27243215999,14
57,0_neg_37,0,6,AIGFDGLNDPDIVAR,LDFPGGADARIIDVN,27243215999,13
57,0_neg_37,0,7,AIGFDGLNDPDIVAR,LPRFGIGIADDNADV,27243215999,13
57,0_neg_37,0,8,AIGFDGLNDPDIVAR,DIIRPLAAGNVFDDG,27243215999,14
57,0_neg_37,0,9,AIGFDGLNDPDIVAR,RLVGNAADDFGIDPI,27243215999,13
58,1_pos_103,1,0,VEVGGGARAP,GAGARPVGVE,151199,10
58,1_pos_103,1,1,VEVGGGARAP,APEARVVGGG,151199,10
58,1_pos_103,1,2,VEVGGGARAP,PGRAGGVVAE,151199,7
58,1_pos_103,1,3,VEVGGGARAP,RAVAGEGGPV,151199,8
58,1_pos_103,1,4,VEVGGGARAP,VVGGEARAPG,151199,8
58,1_pos_103,1,5,VEVGGGARAP,GAGEVRAVPG,151199,9
58,1_pos_103,1,6,VEVGGGARAP,VERVGGGPAA,151199,5
58,1_pos_103,1,7,VEVGGGARAP,RGGAVVEAPG,151199,10
58,1_pos_103,1,8,VEVGGGARAP,AVEGGRPAGV,151199,8
58,1_pos_103,1,9,VEVGGGARAP,GVAAGPGERV,151199,9
59,0_neg_532,0,0,DGDALLKPCKLGDMQKLSSA,GKLAMDLCDPSKLDSQKGLA,351982350719999,18
59,0_neg_532,0,1,DGDALLKPCKLGDMQKLSSA,PGLCLKGMKKQLDADSLDAS,351982350719999,15
59,0_neg_532,0,2,DGDALLKPCKLGDMQKLSSA,KGKDAPDGLMSLDCLAKQSL,351982350719999,17
59,0_neg_532,0,3,DGDALLKPCKLGDMQKLSSA,LMDDLPGKKSSKCLLAADGQ,351982350719999,18
59,0_neg_532,0,4,DGDALLKPCKLGDMQKLSSA,ASKSKDQGGALCDKPLLMDL,351982350719999,17
59,0_neg_532,0,5,DGDALLKPCKLGDMQKLSSA,LKGMPLALDLQASCDKKDGS,351982350719999,18
59,0_neg_532,0,6,DGDALLKPCKLGDMQKLSSA,CMDKQDAGLKKPGSSLADLL,351982350719999,18
59,0_neg_532,0,7,DGDALLKPCKLGDMQKLSSA,LKGAGDDSPKLQLAKMSLCD,351982350719999,17
59,0_neg_532,0,8,DGDALLKPCKLGDMQKLSSA,CKGPLSKMQDLLADDLKSAG,351982350719999,16
59,0_neg_532,0,9,DGDALLKPCKLGDMQKLSSA,DLCGPSDKAALGMQKDKLSL,351982350719999,16
60,1_pos_135,1,0,EPLRY,YPRLE,119,4
60,1_pos_135,1,1,EPLRY,LEYRP,119,4
60,1_pos_135,1,2,EPLRY,RPLYE,119,3
60,1_pos_135,1,3,EPLRY,PYELR,119,5
60,1_pos_135,1,4,EPLRY,PLERY,119,3
60,1_pos_135,1,5,EPLRY,PERLY,119,4
60,1_pos_135,1,6,EPLRY,YRLPE,119,4
60,1_pos_135,1,7,EPLRY,YRELP,119,5
60,1_pos_135,1,8,EPLRY,ELYRP,119,3
60,1_pos_135,1,9,EPLRY,YEPLR,119,5
61,0_neg_987,0,0,EDDLEDFNPTIA,DAIFEDNDEPTL,39916799,10
61,0_neg_987,0,1,EDDLEDFNPTIA,FPLANETEDIDD,39916799,12
61,0_neg_987,0,2,EDDLEDFNPTIA,DADDETNLFPEI,39916799,10
61,0_neg_987,0,3,EDDLEDFNPTIA,TDIDAFDLEENP,39916799,11
61,0_neg_987,0,4,EDDLEDFNPTIA,LPADEIDTEFDN,39916799,11
61,0_neg_987,0,5,EDDLEDFNPTIA,DFNLTEDADPEI,39916799,11
61,0_neg_987,0,6,EDDLEDFNPTIA,LATDIDENPEFD,39916799,9
61,0_neg_987,0,7,EDDLEDFNPTIA,PEDLNDEIATFD,39916799,8
61,0_neg_987,0,8,EDDLEDFNPTIA,EDAIPFDTNDLE,39916799,10
61,0_neg_987,0,9,EDDLEDFNPTIA,ELNDEFADDTPI,39916799,9
62,0_neg_1312,0,0,DPLNEERRANRYGFGL,EDNEGFLPRLNRYARG,217945727999,16
62,0_neg_1312,0,1,DPLNEERRANRYGFGL,LREEDRPNGGLFNYAR,217945727999,16
62,0_neg_1312,0,2,DPLNEERRANRYGFGL,AREGRNYPEGDNFLLR,217945727999,16
62,0_neg_1312,0,3,DPLNEERRANRYGFGL,YERLARRFDNNGGLEP,217945727999,13
62,0_neg_1312,0,4,DPLNEERRANRYGFGL,RELENARFPRGLGDYN,217945727999,13
62,0_neg_1312,0,5,DPLNEERRANRYGFGL,FLLGEGPYDNERNRAR,217945727999,13
62,0_neg_1312,0,6,DPLNEERRANRYGFGL,GGLAELRRNDENYFRP,217945727999,11
62,0_neg_1312,0,7,DPLNEERRANRYGFGL,GELARRPDNELNRFGY,217945727999,13
62,0_neg_1312,0,8,DPLNEERRANRYGFGL,RPGREERAYLGDLNNF,217945727999,12
62,0_neg_1312,0,9,DPLNEERRANRYGFGL,GLPGRNYERFEDRLNA,217945727999,16
63,1_pos_1292,1,0,HQTSEFK,FQSTEHK,5039,4
63,1_pos_1292,1,1,HQTSEFK,EHFSKQT,5039,6
63,1_pos_1292,1,2,HQTSEFK,HTKSQFE,5039,4
63,1_pos_1292,1,3,HQTSEFK,QSFTEHK,5039,5
63,1_pos_1292,1,4,HQTSEFK,EHQTFKS,5039,7
63,1_pos_1292,1,5,HQTSEFK,HFQSKET,5039,5
63,1_pos_1292,1,6,HQTSEFK,SKTQEFH,5039,4
63,1_pos_1292,1,7,HQTSEFK,SEKHFQT,5039,7
63,1_pos_1292,1,8,HQTSEFK,EHSFTKQ,5039,7
63,1_pos_1292,1,9,HQTSEFK,SEKHQFT,5039,6
64,0_neg_561,0,0,AQPSMRLRF,FRMRPQSLA,181439,9
64,0_neg_561,0,1,AQPSMRLRF,MSRAQRFLP,181439,8
64,0_neg_561,0,2,AQPSMRLRF,PFRQLRAMS,181439,8
64,0_neg_561,0,3,AQPSMRLRF,RSLMFPRQA,181439,9
64,0_neg_561,0,4,AQPSMRLRF,RSRLPMAFQ,181439,9
64,0_neg_561,0,5,AQPSMRLRF,RSFLMPAQR,181439,8
64,0_neg_561,0,6,AQPSMRLRF,FASLRQPMR,181439,9
64,0_neg_561,0,7,AQPSMRLRF,RRQPLSFMA,181439,9
64,0_neg_561,0,8,AQPSMRLRF,LQFRMRSAP,181439,6
64,0_neg_561,0,9,AQPSMRLRF,LSPFAMQRR,181439,7
65,0_neg_1148,0,0,TPPQPADNFIRF,PDNPFFARQIPT,39916799,11
65,0_neg_1148,0,1,TPPQPADNFIRF,AFPPPDIFRQTN,39916799,10
65,0_neg_1148,0,2,TPPQPADNFIRF,PQTIPNRDPFAF,39916799,10
65,0_neg_1148,0,3,TPPQPADNFIRF,PPADNQIFTFRP,39916799,10
65,0_neg_1148,0,4,TPPQPADNFIRF,RPPQFFDNIAPT,39916799,7
65,0_neg_1148,0,5,TPPQPADNFIRF,FFIAPNTPPRDQ,39916799,11
65,0_neg_1148,0,6,TPPQPADNFIRF,TFRQPPDPIAFN,39916799,8
65,0_neg_1148,0,7,TPPQPADNFIRF,DAPPQNFTPIRF,39916799,8
65,0_neg_1148,0,8,TPPQPADNFIRF,PIRTAPDNPFFQ,39916799,10
65,0_neg_1148,0,9,TPPQPADNFIRF,PRDQFTPIAPNF,39916799,10
66,1_pos_462,1,0,HRH,RHH,2,2
66,1_pos_462,1,1,HRH,HHR,2,2
67,1_pos_1442,1,0,VGPWQK,PKWGQV,719,5
67,1_pos_1442,1,1,VGPWQK,VWPKGQ,719,4
67,1_pos_1442,1,2,VGPWQK,GPQWVK,719,4
67,1_pos_1442,1,3,VGPWQK,WQKVPG,719,6
67,1_pos_1442,1,4,VGPWQK,KPWVGQ,719,6
67,1_pos_1442,1,5,VGPWQK,KQWGVP,719,6
67,1_pos_1442,1,6,VGPWQK,QPWKGV,719,6
67,1_pos_1442,1,7,VGPWQK,QGPVWK,719,3
67,1_pos_1442,1,8,VGPWQK,VPKGQW,719,4
67,1_pos_1442,1,9,VGPWQK,WPQKGV,719,6
68,0_neg_491,0,0,HDRPKFCYLPADPGECMA,AGDCPKLYPFHDRMPACE,133382785535999,16
68,0_neg_491,0,1,HDRPKFCYLPADPGECMA,EMAAPKCDGFPPRYLHCD,133382785535999,17
68,0_neg_491,0,2,HDRPKFCYLPADPGECMA,MDAPYPCLDPFHCRGKAE,133382785535999,14
68,0_neg_491,0,3,HDRPKFCYLPADPGECMA,DCEHGYPCKAMARFPLPD,133382785535999,18
68,0_neg_491,0,4,HDRPKFCYLPADPGECMA,EMHPDFKPGLYPAARDCC,133382785535999,16
68,0_neg_491,0,5,HDRPKFCYLPADPGECMA,KACPEPGFPYRMCDLDAH,133382785535999,17
68,0_neg_491,0,6,HDRPKFCYLPADPGECMA,CRPADCKGLDPEYPFAHM,133382785535999,17
68,0_neg_491,0,7,HDRPKFCYLPADPGECMA,FPDAHARPEKMCYPCLGD,133382785535999,18
68,0_neg_491,0,8,HDRPKFCYLPADPGECMA,RCYPPDPHKGACFADLME,133382785535999,15
68,0_neg_491,0,9,HDRPKFCYLPADPGECMA,CMHADYDPGKLRPFACEP,133382785535999,16
69,1_pos_352,1,0,IPAGV,APIVG,119,4
69,1_pos_352,1,1,IPAGV,IVGPA,119,4
69,1_pos_352,1,2,IPAGV,PIGAV,119,4
69,1_pos_352,1,3,IPAGV,VGPIA,119,5
69,1_pos_352,1,4,IPAGV,VPGIA,119,4
69,1_pos_352,1,5,IPAGV,AIVPG,119,5
69,1_pos_352,1,6,IPAGV,GIPVA,119,5
69,1_pos_352,1,7,IPAGV,VPGAI,119,4
69,1_pos_352,1,8,IPAGV,AIGVP,119,5
69,1_pos_352,1,9,IPAGV,GAIVP,119,5
70,0_neg_1004,0,0,QHWSYGWLPG,GSWWLYGQHP,907199,9
70,0_neg_1004,0,1,QHWSYGWLPG,WGYPLGQHSW,907199,9
70,0_neg_1004,0,2,QHWSYGWLPG,WLSGPYGHWQ,907199,10
70,0_neg_1004,0,3,QHWSYGWLPG,SLQPYWWHGG,907199,7
70,0_neg_1004,0,4,QHWSYGWLPG,YHPGWQWSGL,907199,8
70,0_neg_1004,0,5,QHWSYGWLPG,WYWLGHQPSG,907199,8
70,0_neg_1004,0,6,QHWSYGWLPG,LQWWGYPGHS,907199,9
70,0_neg_1004,0,7,QHWSYGWLPG,QWYPLGSWHG,907199,7
70,0_neg_1004,0,8,QHWSYGWLPG,YGLHPQSWGW,907199,10
70,0_neg_1004,0,9,QHWSYGWLPG,QYWGWGHPSL,907199,7
71,1_pos_832,1,0,GKHQQEEENEGGSI,KEGEGSGEQQIHEN,302702399,13
71,1_pos_832,1,1,GKHQQEEENEGGSI,KGNGSQGQEEIEHE,302702399,13
71,1_pos_832,1,2,GKHQQEEENEGGSI,SQIQNKGEEEGEGH,302702399,10
71,1_pos_832,1,3,GKHQQEEENEGGSI,QEIGEEHGKSNGEQ,302702399,12
71,1_pos_832,1,4,GKHQQEEENEGGSI,NGQEGEEEKISHGQ,302702399,11
71,1_pos_832,1,5,GKHQQEEENEGGSI,GSNEEHQGKEQEGI,302702399,11
71,1_pos_832,1,6,GKHQQEEENEGGSI,QGQHGIEEENKEGS,302702399,12
71,1_pos_832,1,7,GKHQQEEENEGGSI,KQGISGEEHQENEG,302702399,12
71,1_pos_832,1,8,GKHQQEEENEGGSI,NEEGEQQHEKGSIG,302702399,13
71,1_pos_832,1,9,GKHQQEEENEGGSI,EIQKGHGESGQENE,302702399,13
72,1_pos_775,1,0,LHY,HYL,5,3
72,1_pos_775,1,1,LHY,LYH,5,2
72,1_pos_775,1,2,LHY,YHL,5,2
72,1_pos_775,1,3,LHY,HLY,5,2
72,1_pos_775,1,4,LHY,YLH,5,3
73,1_pos_1215,1,0,HYH,YHH,2,2
73,1_pos_1215,1,1,HYH,HHY,2,2
74,1_pos_217,1,0,GGE,EGG,2,2
74,1_pos_217,1,1,GGE,GEG,2,2
75,1_pos_505,1,0,TVM,MVT,5,2
75,1_pos_505,1,1,TVM,MTV,5,3
75,1_pos_505,1,2,TVM,TMV,5,2
75,1_pos_505,1,3,TVM,VMT,5,3
75,1_pos_505,1,4,TVM,VTM,5,2
76,0_neg_1518,0,0,LNLKGLIKKVASLLN,LLGIAVKLNSKNLLK,908107199,12
76,0_neg_1518,0,1,LNLKGLIKKVASLLN,ANKLSKILLLKGNLV,908107199,12
76,0_neg_1518,0,2,LNLKGLIKKVASLLN,VNNALLKLKLGLKIS,908107199,12
76,0_neg_1518,0,3,LNLKGLIKKVASLLN,INKLLAKLSGVLKLN,908107199,12
76,0_neg_1518,0,4,LNLKGLIKKVASLLN,NGSVALKKLKNLILL,908107199,12
76,0_neg_1518,0,5,LNLKGLIKKVASLLN,AKLKLLGINLLKNVS,908107199,12
76,0_neg_1518,0,6,LNLKGLIKKVASLLN,LNLNKVLKLAGKILS,908107199,10
76,0_neg_1518,0,7,LNLKGLIKKVASLLN,LLKASLVLGNKINLK,908107199,12
76,0_neg_1518,0,8,LNLKGLIKKVASLLN,LLAKNKNLSLVIKGL,908107199,13
76,0_neg_1518,0,9,LNLKGLIKKVASLLN,GLINLAKKLKSLLNV,908107199,13
77,1_pos_343,1,0,FGHPY,PGYHF,119,4
77,1_pos_343,1,1,FGHPY,FGYHP,119,3
77,1_pos_343,1,2,FGHPY,FPHGY,119,2
77,1_pos_343,1,3,FGHPY,PYFGH,119,5
77,1_pos_343,1,4,FGHPY,GFYHP,119,5
77,1_pos_343,1,5,FGHPY,YGPFH,119,4
77,1_pos_343,1,6,FGHPY,GPFHY,119,4
77,1_pos_343,1,7,FGHPY,FPYGH,119,4
77,1_pos_343,1,8,FGHPY,HYPGF,119,5
77,1_pos_343,1,9,FGHPY,YFHGP,119,4
78,1_pos_1380,1,0,GALAAH,AHALGA,119,6
78,1_pos_1380,1,1,GALAAH,HALGAA,119,3
78,1_pos_1380,1,2,GALAAH,ALAHGA,119,6
78,1_pos_1380,1,3,GALAAH,AAGHLA,119,5
78,1_pos_1380,1,4,GALAAH,ALAAGH,119,4
78,1_pos_1380,1,5,GALAAH,AALGAH,119,2
78,1_pos_1380,1,6,GALAAH,AGAALH,119,4
78,1_pos_1380,1,7,GALAAH,LAAAHG,119,4
78,1_pos_1380,1,8,GALAAH,GHLAAA,119,2
78,1_pos_1380,1,9,GALAAH,AHLGAA,119,4
79,1_pos_329,1,0,LLPF,LPLF,11,2
79,1_pos_329,1,1,LLPF,LFLP,11,3
79,1_pos_329,1,2,LLPF,FPLL,11,4
79,1_pos_329,1,3,LLPF,PFLL,11,4
79,1_pos_329,1,4,LLPF,LFPL,11,2
79,1_pos_329,1,5,LLPF,LPFL,11,3
79,1_pos_329,1,6,LLPF,PLLF,11,2
79,1_pos_329,1,7,LLPF,PLFL,11,3
79,1_pos_329,1,8,LLPF,FLPL,11,2
79,1_pos_329,1,9,LLPF,LLFP,11,2
80,1_pos_1425,1,0,WYSL,WLSY,23,2
80,1_pos_1425,1,1,WYSL,SWLY,23,4
80,1_pos_1425,1,2,WYSL,SLWY,23,4
80,1_pos_1425,1,3,WYSL,YWSL,23,2
80,1_pos_1425,1,4,WYSL,LYWS,23,3
80,1_pos_1425,1,5,WYSL,YSWL,23,3
80,1_pos_1425,1,6,WYSL,WLYS,23,3
80,1_pos_1425,1,7,WYSL,LSYW,23,4
80,1_pos_1425,1,8,WYSL,YLSW,23,3
80,1_pos_1425,1,9,WYSL,SYWL,23,2
81,1_pos_1449,1,0,YPVEPF,PVYPFE,359,6
81,1_pos_1449,1,1,YPVEPF,PFPYEV,359,6
81,1_pos_1449,1,2,YPVEPF,PPVEFY,359,3
81,1_pos_1449,1,3,YPVEPF,EYFPVP,359,6
81,1_pos_1449,1,4,YPVEPF,YFVPPE,359,3
81,1_pos_1449,1,5,YPVEPF,YPEVPF,359,2
81,1_pos_1449,1,6,YPVEPF,YPEVFP,359,4
81,1_pos_1449,1,7,YPVEPF,FYVEPP,359,3
81,1_pos_1449,1,8,YPVEPF,EPVPFY,359,4
81,1_pos_1449,1,9,YPVEPF,EPFVPY,359,4
82,1_pos_713,1,0,LHE,EHL,5,2
82,1_pos_713,1,1,LHE,ELH,5,3
82,1_pos_713,1,2,LHE,HEL,5,3
82,1_pos_713,1,3,LHE,HLE,5,2
82,1_pos_713,1,4,LHE,LEH,5,2
83,0_neg_523,0,0,KPEEDWGHR,KWHDPGREE,181439,8
83,0_neg_523,0,1,KPEEDWGHR,REDGHPEKW,181439,9
83,0_neg_523,0,2,KPEEDWGHR,KRDEHWPEG,181439,6
83,0_neg_523,0,3,KPEEDWGHR,PREHKGEWD,181439,8
83,0_neg_523,0,4,KPEEDWGHR,KEGPDWREH,181439,6
83,0_neg_523,0,5,KPEEDWGHR,EWKGRHDEP,181439,9
83,0_neg_523,0,6,KPEEDWGHR,ERDPKWGEH,181439,7
83,0_neg_523,0,7,KPEEDWGHR,PEKHEDWRG,181439,9
83,0_neg_523,0,8,KPEEDWGHR,EPEKHDGWR,181439,5
83,0_neg_523,0,9,KPEEDWGHR,REPHGEDKW,181439,9
84,1_pos_706,1,0,PHV,HVP,5,3
84,1_pos_706,1,1,PHV,PVH,5,2
84,1_pos_706,1,2,PHV,HPV,5,2
84,1_pos_706,1,3,PHV,VHP,5,2
84,1_pos_706,1,4,PHV,VPH,5,3
85,0_neg_888,0,0,KVLAPAEEAPAEAPAAAE,VEAPKAPEALAPAEAAAE,1102701599,9
85,0_neg_888,0,1,KVLAPAEEAPAEAPAAAE,AAAAAPKEEAEEVPLAAP,1102701599,12
85,0_neg_888,0,2,KVLAPAEEAPAEAPAAAE,ALAAEVPAAAPEKEEAAP,1102701599,13
85,0_neg_888,0,3,KVLAPAEEAPAEAPAAAE,PAAAKAVPAEPEEAELAA,1102701599,13
85,0_neg_888,0,4,KVLAPAEEAPAEAPAAAE,APAAPLVAPEEAKAAEAE,1102701599,13
85,0_neg_888,0,5,KVLAPAEEAPAEAPAAAE,EAPAAKVEEALPAAAAEP,1102701599,13
85,0_neg_888,0,6,KVLAPAEEAPAEAPAAAE,EEAAAPEKVPAPLAAAEA,1102701599,12
85,0_neg_888,0,7,KVLAPAEEAPAEAPAAAE,PKAAEEALEAAAAPPEAV,1102701599,13
85,0_neg_888,0,8,KVLAPAEEAPAEAPAAAE,EAPAAAKAPAEVELEAPA,1102701599,15
85,0_neg_888,0,9,KVLAPAEEAPAEAPAAAE,EAPLAAAKAAAEVPPAEE,1102701599,11
86,0_neg_719,0,0,EAAGLLAFPRV,RAFPAEVLAGL,3326399,10
86,0_neg_719,0,1,EAAGLLAFPRV,EAARFLAVGPL,3326399,6
86,0_neg_719,0,2,EAAGLLAFPRV,RALGAFLPEAV,3326399,8
86,0_neg_719,0,3,EAAGLLAFPRV,GLPFLEARAVA,3326399,9
86,0_neg_719,0,4,EAAGLLAFPRV,LVFEPLAAARG,3326399,8
86,0_neg_719,0,5,EAAGLLAFPRV,LAPVARLFEGA,3326399,9
86,0_neg_719,0,6,EAAGLLAFPRV,GLFPEALRVAA,3326399,11
86,0_neg_719,0,7,EAAGLLAFPRV,AVFEAGRLLAP,3326399,11
86,0_neg_719,0,8,EAAGLLAFPRV,PLLVAAGFAER,3326399,10
86,0_neg_719,0,9,EAAGLLAFPRV,VGAFELARALP,3326399,8
87,1_pos_1057,1,0,APGAGVY,GAVYPGA,1259,7
87,1_pos_1057,1,1,APGAGVY,GGYAVPA,1259,6
87,1_pos_1057,1,2,APGAGVY,YGPVAAG,1259,7
87,1_pos_1057,1,3,APGAGVY,AGPGAYV,1259,6
87,1_pos_1057,1,4,APGAGVY,AGGAPVY,1259,2
87,1_pos_1057,1,5,APGAGVY,AYPGGAV,1259,5
87,1_pos_1057,1,6,APGAGVY,GAYVGPA,1259,6
87,1_pos_1057,1,7,APGAGVY,APGYVGA,1259,4
87,1_pos_1057,1,8,APGAGVY,YPVGAAG,1259,6
87,1_pos_1057,1,9,APGAGVY,YGPVAGA,1259,7
88,0_neg_1455,0,0,ITKDFDALMKYIKRI,IAFYTIDKMKDKILR,18162143999,12
88,0_neg_1455,0,1,ITKDFDALMKYIKRI,IYIDRIMDKTFLKAK,18162143999,12
88,0_neg_1455,0,2,ITKDFDALMKYIKRI,RIADIYMKLKFTIDK,18162143999,13
88,0_neg_1455,0,3,ITKDFDALMKYIKRI,DYIIAFKIKMRTKLD,18162143999,14
88,0_neg_1455,0,4,ITKDFDALMKYIKRI,KDKKMILRDAITIYF,18162143999,14
88,0_neg_1455,0,5,ITKDFDALMKYIKRI,RTKMKILADKIYIFD,18162143999,12
88,0_neg_1455,0,6,ITKDFDALMKYIKRI,RADIFKDLKKIIMYT,18162143999,11
88,0_neg_1455,0,7,ITKDFDALMKYIKRI,IMTYDIKFLKKIDAR,18162143999,12
88,0_neg_1455,0,8,ITKDFDALMKYIKRI,DKAIDFRIMKIYTLK,18162143999,13
88,0_neg_1455,0,9,ITKDFDALMKYIKRI,LTYKIDRIAIKKMFD,18162143999,13
89,0_neg_1253,0,0,GPDSTFLRL,DRTPLGFSL,181439,8
89,0_neg_1253,0,1,GPDSTFLRL,TGRDPLLFS,181439,8
89,0_neg_1253,0,2,GPDSTFLRL,TRFLDSPGL,181439,8
89,0_neg_1253,0,3,GPDSTFLRL,LRTDFSGLP,181439,9
89,0_neg_1253,0,4,GPDSTFLRL,LPGFDRLTS,181439,7
89,0_neg_1253,0,5,GPDSTFLRL,DSGFPLRLT,181439,9
89,0_neg_1253,0,6,GPDSTFLRL,DSGFPRTLL,181439,8
89,0_neg_1253,0,7,GPDSTFLRL,PTSRLDGLF,181439,9
89,0_neg_1253,0,8,GPDSTFLRL,GDSFPLLRT,181439,6
89,0_neg_1253,0,9,GPDSTFLRL,DLRTLGSPF,181439,9
90,0_neg_139,0,0,AQSFLRL,FQRLLSA,2519,5
90,0_neg_139,0,1,AQSFLRL,SARLQFL,2519,6
90,0_neg_139,0,2,AQSFLRL,RALSFQL,2519,6
90,0_neg_139,0,3,AQSFLRL,LRLSAQF,2519,7
90,0_neg_139,0,4,AQSFLRL,SFALLRQ,2519,5
90,0_neg_139,0,5,AQSFLRL,RAFQLSL,2519,5
90,0_neg_139,0,6,AQSFLRL,QRLSFLA,2519,7
90,0_neg_139,0,7,AQSFLRL,LQLFSRA,2519,4
90,0_neg_139,0,8,AQSFLRL,LFSQALR,2519,6
90,0_neg_139,0,9,AQSFLRL,SLFRQAL,2519,6
91,1_pos_472,1,0,QWDRQ,RDWQQ,59,4
91,1_pos_472,1,1,QWDRQ,DWQQR,59,4
91,1_pos_472,1,2,QWDRQ,QDRWQ,59,3
91,1_pos_472,1,3,QWDRQ,WQQRD,59,4
91,1_pos_472,1,4,QWDRQ,DQWQR,59,5
91,1_pos_472,1,5,QWDRQ,QQWRD,59,3
91,1_pos_472,1,6,QWDRQ,RDQWQ,59,4
91,1_pos_472,1,7,QWDRQ,WQQDR,59,5
91,1_pos_472,1,8,QWDRQ,WRQQD,59,5
91,1_pos_472,1,9,QWDRQ,QQRDW,59,4
92,1_pos_603,1,0,FPQY,PFQY,23,2
92,1_pos_603,1,1,FPQY,QPYF,23,3
92,1_pos_603,1,2,FPQY,YQPF,23,4
92,1_pos_603,1,3,FPQY,FPYQ,23,2
92,1_pos_603,1,4,FPQY,FYQP,23,2
92,1_pos_603,1,5,FPQY,YFQP,23,3
92,1_pos_603,1,6,FPQY,FYPQ,23,3
92,1_pos_603,1,7,FPQY,PQYF,23,4
92,1_pos_603,1,8,FPQY,QYPF,23,4
92,1_pos_603,1,9,FPQY,QPFY,23,2
93,1_pos_1201,1,0,WYSLAMA,MAWLASY,2519,5
93,1_pos_1201,1,1,WYSLAMA,WMLSYAA,2519,5
93,1_pos_1201,1,2,WYSLAMA,LWMYAAS,2519,6
93,1_pos_1201,1,3,WYSLAMA,MYAALSW,2519,6
93,1_pos_1201,1,4,WYSLAMA,YAWALMS,2519,6
93,1_pos_1201,1,5,WYSLAMA,LMWYSAA,2519,6
93,1_pos_1201,1,6,WYSLAMA,AAMSWYL,2519,7
93,1_pos_1201,1,7,WYSLAMA,LSMWYAA,2519,6
93,1_pos_1201,1,8,WYSLAMA,YALASMW,2519,6
93,1_pos_1201,1,9,WYSLAMA,SYLAAMW,2519,4
94,1_pos_1077,1,0,DHHK,DHKH,11,2
94,1_pos_1077,1,1,DHHK,HKHD,11,3
94,1_pos_1077,1,2,DHHK,KDHH,11,3
94,1_pos_1077,1,3,DHHK,HHKD,11,3
94,1_pos_1077,1,4,DHHK,HHDK,11,2
94,1_pos_1077,1,5,DHHK,KHDH,11,3
94,1_pos_1077,1,6,DHHK,KHHD,11,2
94,1_pos_1077,1,7,DHHK,HDKH,11,4
94,1_pos_1077,1,8,DHHK,DKHH,11,2
94,1_pos_1077,1,9,DHHK,HKDH,11,4
95,0_neg_187,0,0,KWCFRVCYRGICYRKCR,YKRRCYCIKWRCRCGVF,154378223999,15
95,0_neg_187,0,1,KWCFRVCYRGICYRKCR,WYRKIYRCKGCCRRVCF,154378223999,13
95,0_neg_187,0,2,KWCFRVCYRGICYRKCR,ICKYRVGCRCYWCFRKR,154378223999,13
95,0_neg_187,0,3,KWCFRVCYRGICYRKCR,GVWYCRKKRCFRCRYIC,154378223999,15
95,0_neg_187,0,4,KWCFRVCYRGICYRKCR,VKCKICRYGRRCCFWRY,154378223999,14
95,0_neg_187,0,5,KWCFRVCYRGICYRKCR,YRWCIRRCGCYVKKRCF,154378223999,16
95,0_neg_187,0,6,KWCFRVCYRGICYRKCR,FYRCRWGCIKRKCRCYV,154378223999,15
95,0_neg_187,0,7,KWCFRVCYRGICYRKCR,VKKRFRCCRRCYYCGWI,154378223999,14
95,0_neg_187,0,8,KWCFRVCYRGICYRKCR,RYKRYWFGKRCCIVCRC,154378223999,16
95,0_neg_187,0,9,KWCFRVCYRGICYRKCR,CYKVKRCYGFRRICWRC,154378223999,15
96,1_pos_119,1,0,REGGGGGYGGGGGGYGGR,GGGGGGGGGEGGGRYYRG,257039,8
96,1_pos_119,1,1,REGGGGGYGGGGGGYGGR,GGGRGGGGGGYEYGGGRG,257039,10
96,1_pos_119,1,2,REGGGGGYGGGGGGYGGR,GGGRGYREGGGGGGGYGG,257039,9
96,1_pos_119,1,3,REGGGGGYGGGGGGYGGR,GGGGGYRGGGGGGYGGRE,257039,9
96,1_pos_119,1,4,REGGGGGYGGGGGGYGGR,GGGGGGGGGGYGRGEGRY,257039,8
96,1_pos_119,1,5,REGGGGGYGGGGGGYGGR,GGGGRGGGEGYYRGGGGG,257039,10
96,1_pos_119,1,6,REGGGGGYGGGGGGYGGR,GGYGGEYGGRGRGGGGGG,257039,10
96,1_pos_119,1,7,REGGGGGYGGGGGGYGGR,GGGREGRGYGGGGGGGYG,257039,10
96,1_pos_119,1,8,REGGGGGYGGGGGGYGGR,GRGGGGRGYGGGGGGEGY,257039,8
96,1_pos_119,1,9,REGGGGGYGGGGGGYGGR,GYGGRGGGGRGGYEGGGG,257039,9
97,0_neg_1147,0,0,GSLGEKYAQKAAEVLTSIIP,LKYQLKSGPTIASEAGEVAI,6335682312959999,18
97,0_neg_1147,0,1,GSLGEKYAQKAAEVLTSIIP,LSVYATAQPAEIKGLKGEIS,6335682312959999,17
97,0_neg_1147,0,2,GSLGEKYAQKAAEVLTSIIP,EAPGTAYQIGAIVSKSELKL,6335682312959999,17
97,0_neg_1147,0,3,GSLGEKYAQKAAEVLTSIIP,AKVEEGIQILLSASAKGYPT,6335682312959999,19
97,0_neg_1147,0,4,GSLGEKYAQKAAEVLTSIIP,SASLIEEIYGGPLVTKKAQA,6335682312959999,19
97,0_neg_1147,0,5,GSLGEKYAQKAAEVLTSIIP,GPAVLYQAILTKKIGSSEEA,6335682312959999,17
97,0_neg_1147,0,6,GSLGEKYAQKAAEVLTSIIP,GIQLEATAESLKGIVYAKPS,6335682312959999,17
97,0_neg_1147,0,7,GSLGEKYAQKAAEVLTSIIP,ILAKQSTVLAIGAYEESPKG,6335682312959999,19
97,0_neg_1147,0,8,GSLGEKYAQKAAEVLTSIIP,LKPLTEYVIQAEAGSIGSAK,6335682312959999,18
97,0_neg_1147,0,9,GSLGEKYAQKAAEVLTSIIP,SGKEIGLPAAKSVQLEAITY,6335682312959999,18
98,1_pos_509,1,0,LLPHH,LHHLP,29,4
98,1_pos_509,1,1,LLPHH,LHLPH,29,3
98,1_pos_509,1,2,LLPHH,PLLHH,29,2
98,1_pos_509,1,3,LLPHH,HPLHL,29,4
98,1_pos_509,1,4,LLPHH,HLPHL,29,2
98,1_pos_509,1,5,LLPHH,LHLHP,29,3
98,1_pos_509,1,6,LLPHH,HLHLP,29,4
98,1_pos_509,1,7,LLPHH,LHHPL,29,4
98,1_pos_509,1,8,LLPHH,PHLHL,29,4
98,1_pos_509,1,9,LLPHH,PLHLH,29,3
99,1_pos_1194,1,0,RWG,GWR,5,2
99,1_pos_1194,1,1,RWG,WGR,5,3
99,1_pos_1194,1,2,RWG,GRW,5,3
99,1_pos_1194,1,3,RWG,RGW,5,2
99,1_pos_1194,1,4,RWG,WRG,5,2
100,1_pos_482,1,0,IVQNNDSTEYG,SIGNTQDYVEN,19958399,10
100,1_pos_482,1,1,IVQNNDSTEYG,YNNDQTEVIGS,19958399,11
100,1_pos_482,1,2,IVQNNDSTEYG,ESQGTNVYIDN,19958399,10
100,1_pos_482,1,3,IVQNNDSTEYG,SITGEYVDNQN,19958399,11
100,1_pos_482,1,4,IVQNNDSTEYG,STGENDNYIVQ,19958399,9
100,1_pos_482,1,5,IVQNNDSTEYG,VTGQINYDENS,19958399,10
100,1_pos_482,1,6,IVQNNDSTEYG,DNVISQTGYNE,19958399,11
100,1_pos_482,1,7,IVQNNDSTEYG,GNTDIQEYNSV,19958399,11
100,1_pos_482,1,8,IVQNNDSTEYG,IETSDQVGNYN,19958399,9
100,1_pos_482,1,9,IVQNNDSTEYG,YDETIVSNNQG,19958399,9
102,0_neg_76,0,0,INKYREWKNKKN,KRYEWKKKNNNI,3326399,10
102,0_neg_76,0,1,INKYREWKNKKN,KNINYKRWEKKN,3326399,8
102,0_neg_76,0,2,INKYREWKNKKN,WYNRENKIKKNK,3326399,11
102,0_neg_76,0,3,INKYREWKNKKN,NNIKKRYENKKW,3326399,8
102,0_neg_76,0,4,INKYREWKNKKN,YNENKWNKKRIK,3326399,10
102,0_neg_76,0,5,INKYREWKNKKN,NWRKYEKNKNKI,3326399,10
102,0_neg_76,0,6,INKYREWKNKKN,KYNIKRNKNKEW,3326399,9
102,0_neg_76,0,7,INKYREWKNKKN,NEWINKKNYRKK,3326399,11
102,0_neg_76,0,8,INKYREWKNKKN,NKKRINKEYNKW,3326399,10
102,0_neg_76,0,9,INKYREWKNKKN,KKRNYNWKEKNI,3326399,9
103,1_pos_1101,1,0,RENIDKPSRA,PNDRAKRISE,1814399,9
103,1_pos_1101,1,1,RENIDKPSRA,DASNRREIKP,1814399,10
103,1_pos_1101,1,2,RENIDKPSRA,IPRDARKSEN,1814399,9
103,1_pos_1101,1,3,RENIDKPSRA,DNEIKRRAPS,1814399,9
103,1_pos_1101,1,4,RENIDKPSRA,DKERANIPSR,1814399,10
103,1_pos_1101,1,5,RENIDKPSRA,KASEPINRRD,1814399,9
103,1_pos_1101,1,6,RENIDKPSRA,DSPKREIRAN,1814399,10
103,1_pos_1101,1,7,RENIDKPSRA,IRRNDEKSAP,1814399,8
103,1_pos_1101,1,8,RENIDKPSRA,PERNKSDRAI,1814399,9
103,1_pos_1101,1,9,RENIDKPSRA,RKSDEIPARN,1814399,7
104,1_pos_200,1,0,QWPAQ,QAWPQ,59,3
104,1_pos_200,1,1,QWPAQ,QPAQW,59,4
104,1_pos_200,1,2,QWPAQ,QQWAP,59,3
104,1_pos_200,1,3,QWPAQ,PQQWA,59,5
104,1_pos_200,1,4,QWPAQ,QQAPW,59,4
104,1_pos_200,1,5,QWPAQ,AQWQP,59,5
104,1_pos_200,1,6,QWPAQ,PWQQA,59,4
104,1_pos_200,1,7,QWPAQ,WQQAP,59,4
104,1_pos_200,1,8,QWPAQ,QPWQA,59,4
104,1_pos_200,1,9,QWPAQ,AQPWQ,59,3
105,1_pos_1363,1,0,YYL,YLY,2,2
105,1_pos_1363,1,1,YYL,LYY,2,2
106,0_neg_306,0,0,AVNVNTNVSAMTAQRYLNQA,QNVNNLASNTMYVAVATQRA,175991175359999,17
106,0_neg_306,0,1,AVNVNTNVSAMTAQRYLNQA,VASNVYRTAVQTNNMLANQA,175991175359999,16
106,0_neg_306,0,2,AVNVNTNVSAMTAQRYLNQA,YRQTSNAVLNAAQNVTNMAV,175991175359999,19
106,0_neg_306,0,3,AVNVNTNVSAMTAQRYLNQA,QSLTVNVANVRNMNAYATAQ,175991175359999,19
106,0_neg_306,0,4,AVNVNTNVSAMTAQRYLNQA,NQARVVSNQYMNLVAANTTA,175991175359999,18
106,0_neg_306,0,5,AVNVNTNVSAMTAQRYLNQA,NNMVVVQAQNRATSYNAATL,175991175359999,19
106,0_neg_306,0,6,AVNVNTNVSAMTAQRYLNQA,YVRATVNTNASMQALNNVAQ,175991175359999,17
106,0_neg_306,0,7,AVNVNTNVSAMTAQRYLNQA,QAVALTRAVNNTQYAMNSNV,175991175359999,18
106,0_neg_306,0,8,AVNVNTNVSAMTAQRYLNQA,YNRTMVSVNATQVAAQLANN,175991175359999,17
106,0_neg_306,0,9,AVNVNTNVSAMTAQRYLNQA,TLNNAYAAQNVRNATVQVSM,175991175359999,19
107,1_pos_386,1,0,QQPVLGPVRGPFP,GPQPVLRQPPFVG,32432399,13
107,1_pos_386,1,1,QQPVLGPVRGPFP,QPRGVFVPGQPLP,32432399,10
107,1_pos_386,1,2,QQPVLGPVRGPFP,RPGVPVLQFPGPQ,32432399,12
107,1_pos_386,1,3,QQPVLGPVRGPFP,LPQPFQVGPVGPR,32432399,13
107,1_pos_386,1,4,QQPVLGPVRGPFP,GPFLPQVGQRVPP,32432399,12
107,1_pos_386,1,5,QQPVLGPVRGPFP,RGFPQPLPGQVPV,32432399,13
107,1_pos_386,1,6,QQPVLGPVRGPFP,RPGQPLGVQPPFV,32432399,10
107,1_pos_386,1,7,QQPVLGPVRGPFP,VQLQPVGPRPPGF,32432399,10
107,1_pos_386,1,8,QQPVLGPVRGPFP,LPQVGPFPQRGVP,32432399,11
107,1_pos_386,1,9,QQPVLGPVRGPFP,VRPQPGFLQPGVP,32432399,10
108,0_neg_1005,0,0,RPPGFDPFR,PPPFFDRRG,15119,5
108,0_neg_1005,0,1,RPPGFDPFR,RGFDFPPPR,15119,5
108,0_neg_1005,0,2,RPPGFDPFR,GFRRPPDFP,15119,8
108,0_neg_1005,0,3,RPPGFDPFR,PFPRGDRFP,15119,6
108,0_neg_1005,0,4,RPPGFDPFR,RRGFDPFPP,15119,8
108,0_neg_1005,0,5,RPPGFDPFR,RRGPFDPFP,15119,4
108,0_neg_1005,0,6,RPPGFDPFR,DGRRFPFPP,15119,8
108,0_neg_1005,0,7,RPPGFDPFR,PRFFPRGPD,15119,9
108,0_neg_1005,0,8,RPPGFDPFR,PFRPPFGDR,15119,8
108,0_neg_1005,0,9,RPPGFDPFR,DFPPRGFPR,15119,7
109,1_pos_921,1,0,KAI,AIK,5,3
109,1_pos_921,1,1,KAI,IKA,5,3
109,1_pos_921,1,2,KAI,KIA,5,2
109,1_pos_921,1,3,KAI,AKI,5,2
109,1_pos_921,1,4,KAI,IAK,5,2
110,1_pos_216,1,0,GTVFEKKALPGPM,FLPGKMVTAEGKP,778377599,12
110,1_pos_216,1,1,GTVFEKKALPGPM,MTPFPLGKAEGKV,778377599,10
110,1_pos_216,1,2,GTVFEKKALPGPM,ATVPLGPEMGKFK,778377599,11
110,1_pos_216,1,3,GTVFEKKALPGPM,PKTLPAEVGKMFG,778377599,13
110,1_pos_216,1,4,GTVFEKKALPGPM,GPMGLKKTEAPFV,778377599,10
110,1_pos_216,1,5,GTVFEKKALPGPM,PAGKMGPETVFLK,778377599,13
110,1_pos_216,1,6,GTVFEKKALPGPM,LKMEFPGAVGKPT,778377599,11
110,1_pos_216,1,7,GTVFEKKALPGPM,AGFPLGKMVETKP,778377599,12
110,1_pos_216,1,8,GTVFEKKALPGPM,KFMAKVPLEGTPG,778377599,12
110,1_pos_216,1,9,GTVFEKKALPGPM,FTGEPLGPVAMKK,778377599,12
111,0_neg_996,0,0,DTARLQWH,HDLWRQTA,40319,7
111,0_neg_996,0,1,DTARLQWH,HQWTALDR,40319,8
111,0_neg_996,0,2,DTARLQWH,HLDWAQTR,40319,7
111,0_neg_996,0,3,DTARLQWH,QHALTRWD,40319,6
111,0_neg_996,0,4,DTARLQWH,ARHDTWLQ,40319,8
111,0_neg_996,0,5,DTARLQWH,TDHRLAQW,40319,6
111,0_neg_996,0,6,DTARLQWH,DAQWTHLR,40319,7
111,0_neg_996,0,7,DTARLQWH,TLQRHWAD,40319,7
111,0_neg_996,0,8,DTARLQWH,HTRWQALD,40319,7
111,0_neg_996,0,9,DTARLQWH,LHDQRWAT,40319,8
112,1_pos_1353,1,0,IHH,HIH,2,2
112,1_pos_1353,1,1,IHH,HHI,2,2
113,0_neg_669,0,0,AAGQDFMRF,FDMFRAAQG,90719,9
113,0_neg_669,0,1,AAGQDFMRF,MRFAFGDQA,90719,9
113,0_neg_669,0,2,AAGQDFMRF,FFRAQMGDA,90719,9
113,0_neg_669,0,3,AAGQDFMRF,ADQAGFMFR,90719,6
113,0_neg_669,0,4,AAGQDFMRF,QGADFFARM,90719,7
113,0_neg_669,0,5,AAGQDFMRF,MGFQAFRAD,90719,7
113,0_neg_669,0,6,AAGQDFMRF,AAMDGRQFF,90719,6
113,0_neg_669,0,7,AAGQDFMRF,AAFFDMGRQ,90719,5
113,0_neg_669,0,8,AAGQDFMRF,AMADFRQGF,90719,7
113,0_neg_669,0,9,AAGQDFMRF,QRFFAAGMD,90719,9
114,0_neg_684,0,0,IPLDPVAGYKEPA,VPAPDEYIPKGLA,518918399,10
114,0_neg_684,0,1,IPLDPVAGYKEPA,PVDEALGPIYPKA,518918399,12
114,0_neg_684,0,2,IPLDPVAGYKEPA,APVEGKIAPLPDY,518918399,12
114,0_neg_684,0,3,IPLDPVAGYKEPA,LPPPYVIAKGADE,518918399,11
114,0_neg_684,0,4,IPLDPVAGYKEPA,DPEPPYGVAKAIL,518918399,10
114,0_neg_684,0,5,IPLDPVAGYKEPA,GDPKEIPPLYVAA,518918399,12
114,0_neg_684,0,6,IPLDPVAGYKEPA,PLPYPAGDEVAKI,518918399,12
114,0_neg_684,0,7,IPLDPVAGYKEPA,PYEAPLGKDPIVA,518918399,11
114,0_neg_684,0,8,IPLDPVAGYKEPA,AILKGAPDEVYPP,518918399,11
114,0_neg_684,0,9,IPLDPVAGYKEPA,PAEGYVPILDPKA,518918399,11
115,0_neg_1021,0,0,GKPNKPRPAPIKPRPPHPRL,IARLPHPPGPPRPPKKRPNK,1676106431999,16
115,0_neg_1021,0,1,GKPNKPRPAPIKPRPPHPRL,PKPPIRRLKPPPNKRHPAGP,1676106431999,16
115,0_neg_1021,0,2,GKPNKPRPAPIKPRPPHPRL,KHPKRGNPPPALRRPPPPIK,1676106431999,13
115,0_neg_1021,0,3,GKPNKPRPAPIKPRPPHPRL,PPPRRAKGHPPLKNPRPKIP,1676106431999,17
115,0_neg_1021,0,4,GKPNKPRPAPIKPRPPHPRL,PPLIRKHNPRPKPPPPAKGR,1676106431999,16
115,0_neg_1021,0,5,GKPNKPRPAPIKPRPPHPRL,PRRGKPKPPPHKLRPAIPPN,1676106431999,12
115,0_neg_1021,0,6,GKPNKPRPAPIKPRPPHPRL,PRNPPIKHRPKGPRPAPPLK,1676106431999,15
115,0_neg_1021,0,7,GKPNKPRPAPIKPRPPHPRL,KPPGRPHNPRPLKAPRPPIK,1676106431999,16
115,0_neg_1021,0,8,GKPNKPRPAPIKPRPPHPRL,PPKGKIRRPLPHRNPPPKAP,1676106431999,16
115,0_neg_1021,0,9,GKPNKPRPAPIKPRPPHPRL,KPARLHPPKPPRNRIPGKPP,1676106431999,16
116,1_pos_1321,1,0,RWY,YWR,5,2
116,1_pos_1321,1,1,RWY,WRY,5,2
116,1_pos_1321,1,2,RWY,YRW,5,3
116,1_pos_1321,1,3,RWY,WYR,5,3
116,1_pos_1321,1,4,RWY,RYW,5,2
117,0_neg_169,0,0,PSPPGFSPFR,PGFPPSFPRS,37799,7
117,0_neg_169,0,1,PSPPGFSPFR,GFPRFSSPPP,37799,7
117,0_neg_169,0,2,PSPPGFSPFR,RPSPFSPFPG,37799,9
117,0_neg_169,0,3,PSPPGFSPFR,GSSFRFPPPP,37799,7
117,0_neg_169,0,4,PSPPGFSPFR,PPPSFFSRGP,37799,6
117,0_neg_169,0,5,PSPPGFSPFR,PRPFFSPPGS,37799,7
117,0_neg_169,0,6,PSPPGFSPFR,SFFSPPPPGR,37799,8
117,0_neg_169,0,7,PSPPGFSPFR,FSPGSRPFPP,37799,8
117,0_neg_169,0,8,PSPPGFSPFR,PRFPGFSPPS,37799,4
117,0_neg_169,0,9,PSPPGFSPFR,SFPRSPPFPG,37799,9
118,1_pos_383,1,0,RDRHQKIG,RGQDHIRK,20159,7
118,1_pos_383,1,1,RDRHQKIG,RHQKRIGD,20159,7
118,1_pos_383,1,2,RDRHQKIG,HGQKIDRR,20159,8
118,1_pos_383,1,3,RDRHQKIG,DRHRQKIG,20159,4
118,1_pos_383,1,4,RDRHQKIG,IKRHDGRQ,20159,6
118,1_pos_383,1,5,RDRHQKIG,HGRQKDIR,20159,6
118,1_pos_383,1,6,RDRHQKIG,DRGIQHRK,20159,7
118,1_pos_383,1,7,RDRHQKIG,RIQDKHRG,20159,6
118,1_pos_383,1,8,RDRHQKIG,GIQHDKRR,20159,6
118,1_pos_383,1,9,RDRHQKIG,HGIRDQKR,20159,8
119,1_pos_571,1,0,FKK,KFK,2,2
119,1_pos_571,1,1,FKK,KKF,2,2
120,1_pos_1156,1,0,PEW,WPE,5,3
120,1_pos_1156,1,1,PEW,WEP,5,2
120,1_pos_1156,1,2,PEW,EPW,5,2
120,1_pos_1156,1,3,PEW,EWP,5,3
120,1_pos_1156,1,4,PEW,PWE,5,2
121,0_neg_628,0,0,GVGSFIHKVVSAIKNVA,FIAKSVAGGKSVVHIVN,463134671999,15
121,0_neg_628,0,1,GVGSFIHKVVSAIKNVA,VIVIASNVFSVGGKKHA,463134671999,15
121,0_neg_628,0,2,GVGSFIHKVVSAIKNVA,HKVVSVIASAGNKFVIG,463134671999,17
121,0_neg_628,0,3,GVGSFIHKVVSAIKNVA,SKGNVVIVIVAFGASKH,463134671999,15
121,0_neg_628,0,4,GVGSFIHKVVSAIKNVA,VISASKAVVGHGVINKF,463134671999,15
121,0_neg_628,0,5,GVGSFIHKVVSAIKNVA,SIGFAKVKVVNSVHAGI,463134671999,13
121,0_neg_628,0,6,GVGSFIHKVVSAIKNVA,VISHAVKGGAVNSFKVI,463134671999,16
121,0_neg_628,0,7,GVGSFIHKVVSAIKNVA,VSNGFVKGAKSHVVAII,463134671999,15
121,0_neg_628,0,8,GVGSFIHKVVSAIKNVA,HIVVNFSIGVKKGVAAS,463134671999,16
121,0_neg_628,0,9,GVGSFIHKVVSAIKNVA,HAVKVFKSIINSAVGVG,463134671999,16
122,1_pos_1394,1,0,DDGGK,GDDKG,29,4
122,1_pos_1394,1,1,DDGGK,GDGDK,29,2
122,1_pos_1394,1,2,DDGGK,DDKGG,29,2
122,1_pos_1394,1,3,DDGGK,DGKGD,29,3
122,1_pos_1394,1,4,DDGGK,GDKGD,29,3
122,1_pos_1394,1,5,DDGGK,KDGDG,29,3
122,1_pos_1394,1,6,DDGGK,GGKDD,29,5
122,1_pos_1394,1,7,DDGGK,GKDGD,29,4
122,1_pos_1394,1,8,DDGGK,KGDGD,29,4
122,1_pos_1394,1,9,DDGGK,GDDGK,29,2
123,0_neg_472,0,0,MMIPGHFDYHRPKSV,PHGMYDSPMVIFKHR,163459295999,14
123,0_neg_472,0,1,MMIPGHFDYHRPKSV,SPMIHDGKRFHMPVY,163459295999,15
123,0_neg_472,0,2,MMIPGHFDYHRPKSV,YVMHKSMPFDPIGHR,163459295999,15
123,0_neg_472,0,3,MMIPGHFDYHRPKSV,FHDSPMYPGVMRHIK,163459295999,15
123,0_neg_472,0,4,MMIPGHFDYHRPKSV,IHGYHRPMSDMFVKP,163459295999,15
123,0_neg_472,0,5,MMIPGHFDYHRPKSV,KSHMFPHIGMVYPRD,163459295999,15
123,0_neg_472,0,6,MMIPGHFDYHRPKSV,GMSHFHMPDIYKRPV,163459295999,12
123,0_neg_472,0,7,MMIPGHFDYHRPKSV,GMHFKRMIPDYVHSP,163459295999,13
123,0_neg_472,0,8,MMIPGHFDYHRPKSV,MSKPPGYMFHHDVRI,163459295999,12
123,0_neg_472,0,9,MMIPGHFDYHRPKSV,MKYFGIDHMHRSPPV,163459295999,10
124,0_neg_758,0,0,SASGGAGESSGMWFGPRL,SAESRGGGGFSWSAPMLG,1111523212799,15
124,0_neg_758,0,1,SASGGAGESSGMWFGPRL,GSRGFSLGPSSMEGGAAW,1111523212799,14
124,0_neg_758,0,2,SASGGAGESSGMWFGPRL,ELSWPSRMAFGGGAGSGS,1111523212799,15
124,0_neg_758,0,3,SASGGAGESSGMWFGPRL,SPGSGAWMGLGEASRGSF,1111523212799,14
124,0_neg_758,0,4,SASGGAGESSGMWFGPRL,SPGASFGAWSGEMGGRLS,1111523212799,13
124,0_neg_758,0,5,SASGGAGESSGMWFGPRL,ARGFALSEGMGGSPSWSG,1111523212799,16
124,0_neg_758,0,6,SASGGAGESSGMWFGPRL,GSERGSPMAGLASGFWGS,1111523212799,17
124,0_neg_758,0,7,SASGGAGESSGMWFGPRL,GGGGMWGFPASSESASRL,1111523212799,14
124,0_neg_758,0,8,SASGGAGESSGMWFGPRL,SGWSPFGGMARASLGSGE,1111523212799,15
124,0_neg_758,0,9,SASGGAGESSGMWFGPRL,GLFPWEGASSGSRGGMSA,1111523212799,13
125,1_pos_1158,1,0,PGEKGSPGADGPIGAP,DPPAGPAESKIGPGGG,3632428799,14
125,1_pos_1158,1,1,PGEKGSPGADGPIGAP,GEPIPSAPGPGKDAGG,3632428799,14
125,1_pos_1158,1,2,PGEKGSPGADGPIGAP,GDPEGAIGPKSPGGPA,3632428799,12
125,1_pos_1158,1,3,PGEKGSPGADGPIGAP,GPIGGGGEDPPSAPKA,3632428799,15
125,1_pos_1158,1,4,PGEKGSPGADGPIGAP,AGPGDEPGKPGGISPA,3632428799,11
125,1_pos_1158,1,5,PGEKGSPGADGPIGAP,AGPAPPGGGKEGDSPI,3632428799,14
125,1_pos_1158,1,6,PGEKGSPGADGPIGAP,GEAIKPAGPGDPGGPS,3632428799,13
125,1_pos_1158,1,7,PGEKGSPGADGPIGAP,GSAGPAGGGPDPEIPK,3632428799,14
125,1_pos_1158,1,8,PGEKGSPGADGPIGAP,EGPAGDISGGPPPAGK,3632428799,13
125,1_pos_1158,1,9,PGEKGSPGADGPIGAP,GAGKGAEPGIPDGPSP,3632428799,13
126,1_pos_1413,1,0,RADHPF,PDHAFR,719,6
126,1_pos_1413,1,1,RADHPF,PHRDAF,719,5
126,1_pos_1413,1,2,RADHPF,FRPHAD,719,5
126,1_pos_1413,1,3,RADHPF,ADRPFH,719,6
126,1_pos_1413,1,4,RADHPF,HFPARD,719,6
126,1_pos_1413,1,5,RADHPF,RDHPAF,719,4
126,1_pos_1413,1,6,RADHPF,RHDPFA,719,4
126,1_pos_1413,1,7,RADHPF,FAPDHR,719,5
126,1_pos_1413,1,8,RADHPF,HDRAFP,719,6
126,1_pos_1413,1,9,RADHPF,ARDFHP,719,5
127,0_neg_578,0,0,NFLGTLVNLAKKIL,LKVATKLNLFLING,908107199,11
127,0_neg_578,0,1,NFLGTLVNLAKKIL,KFLNLTIVNLLGKA,908107199,12
127,0_neg_578,0,2,NFLGTLVNLAKKIL,KLFLNATVKINGLL,908107199,13
127,0_neg_578,0,3,NFLGTLVNLAKKIL,LFLKILVNTAKLGN,908107199,7
127,0_neg_578,0,4,NFLGTLVNLAKKIL,GFLKLANVNLILTK,908107199,12
127,0_neg_578,0,5,NFLGTLVNLAKKIL,FGLNTLVNIKLKLA,908107199,8
127,0_neg_578,0,6,NFLGTLVNLAKKIL,ILLVALGLFTNKNK,908107199,11
127,0_neg_578,0,7,NFLGTLVNLAKKIL,VLGNLAIKTKLNLF,908107199,14
127,0_neg_578,0,8,NFLGTLVNLAKKIL,KALNNLKLIVFGLT,908107199,12
127,0_neg_578,0,9,NFLGTLVNLAKKIL,FLNILVLGTKNALK,908107199,14
128,0_neg_246,0,0,MKLAILGAGCYRTDAASGI,KRMAGAAATIGCDIGLSLY,211189410431999,16
128,0_neg_246,0,1,MKLAILGAGCYRTDAASGI,AGITDIAGAGYCALKMLRS,211189410431999,18
128,0_neg_246,0,2,MKLAILGAGCYRTDAASGI,AKIGYCTSGARDAGMLLAI,211189410431999,16
128,0_neg_246,0,3,MKLAILGAGCYRTDAASGI,GGAIYDALMTALIASRGKC,211189410431999,19
128,0_neg_246,0,4,MKLAILGAGCYRTDAASGI,ILAIMGKRAGTALSYAGCD,211189410431999,18
128,0_neg_246,0,5,MKLAILGAGCYRTDAASGI,CTLGSLGKAIDAIARYMAG,211189410431999,16
128,0_neg_246,0,6,MKLAILGAGCYRTDAASGI,AILAMAKIAGGCSGYTDRL,211189410431999,17
128,0_neg_246,0,7,MKLAILGAGCYRTDAASGI,YCLMALGSRAGIGTDIKAA,211189410431999,16
128,0_neg_246,0,8,MKLAILGAGCYRTDAASGI,GACIAMASKLLGADYGRTI,211189410431999,17
128,0_neg_246,0,9,MKLAILGAGCYRTDAASGI,STLRCDLAGYKGIAAAIMG,211189410431999,14
129,0_neg_977,0,0,GFVDLAKKVVGGIRNALGI,ILKVLDGGVIARAKVGFNG,52797352607999,17
129,0_neg_977,0,1,GFVDLAKKVVGGIRNALGI,DLFIVGGKGVAKVLNIARG,52797352607999,16
129,0_neg_977,0,2,GFVDLAKKVVGGIRNALGI,GNLVIVLRAGGDAKVGIFK,52797352607999,17
129,0_neg_977,0,3,GFVDLAKKVVGGIRNALGI,VFDVGIKLGVGNARGIKLA,52797352607999,14
129,0_neg_977,0,4,GFVDLAKKVVGGIRNALGI,NKVFALVGVGIIAGDLGRK,52797352607999,17
129,0_neg_977,0,5,GFVDLAKKVVGGIRNALGI,VLAGVFDGIKKIGALVGRN,52797352607999,19
129,0_neg_977,0,6,GFVDLAKKVVGGIRNALGI,AGIGRVVDVKKALLGGINF,52797352607999,18
129,0_neg_977,0,7,GFVDLAKKVVGGIRNALGI,KGDLNGGVFVILGAIVKRA,52797352607999,18
129,0_neg_977,0,8,GFVDLAKKVVGGIRNALGI,RGKFVLDIAKVAGNILVGG,52797352607999,18
129,0_neg_977,0,9,GFVDLAKKVVGGIRNALGI,GRIAVKDIGGLNAGFKVVL,52797352607999,18
130,1_pos_1107,1,0,VKLFPVKLFP,VFLKFLKPPV,113399,7
130,1_pos_1107,1,1,VKLFPVKLFP,VKFKPFLPLV,113399,7
130,1_pos_1107,1,2,VKLFPVKLFP,FLVKPPLVKF,113399,9
130,1_pos_1107,1,3,VKLFPVKLFP,PFKFLKVPLV,113399,9
130,1_pos_1107,1,4,VKLFPVKLFP,FKVFLLPPVK,113399,8
130,1_pos_1107,1,5,VKLFPVKLFP,FFPKLVKVLP,113399,7
130,1_pos_1107,1,6,VKLFPVKLFP,FLPPLKFKVV,113399,10
130,1_pos_1107,1,7,VKLFPVKLFP,KPLPLFVKFV,113399,8
130,1_pos_1107,1,8,VKLFPVKLFP,KPFLFLKPVV,113399,9
130,1_pos_1107,1,9,VKLFPVKLFP,KFVVPKLLPF,113399,8
131,1_pos_1217,1,0,SCH,CHS,5,3
131,1_pos_1217,1,1,SCH,SHC,5,2
131,1_pos_1217,1,2,SCH,HSC,5,3
131,1_pos_1217,1,3,SCH,CSH,5,2
131,1_pos_1217,1,4,SCH,HCS,5,2
132,1_pos_1406,1,0,LVYIIQGR,LYIVGIQR,20159,6
132,1_pos_1406,1,1,LVYIIQGR,QGLVIYIR,20159,6
132,1_pos_1406,1,2,LVYIIQGR,LVYIQRGI,20159,3
132,1_pos_1406,1,3,LVYIIQGR,RIQGLYVI,20159,8
132,1_pos_1406,1,4,LVYIIQGR,RIGYILQV,20159,7
132,1_pos_1406,1,5,LVYIIQGR,QLVIYGIR,20159,6
132,1_pos_1406,1,6,LVYIIQGR,IQYGLIVR,20159,6
132,1_pos_1406,1,7,LVYIIQGR,LYRIQIGV,20159,5
132,1_pos_1406,1,8,LVYIIQGR,QLRIGIVY,20159,7
132,1_pos_1406,1,9,LVYIIQGR,VYIILGRQ,20159,7
133,1_pos_400,1,0,IIGATNPAESAPGTIR,TPAAEISNIATRPGIG,72648575999,14
133,1_pos_400,1,1,IIGATNPAESAPGTIR,PISIAEGPANTTRIAG,72648575999,15
133,1_pos_400,1,2,IIGATNPAESAPGTIR,GSAIGTAENIPTPIRA,72648575999,16
133,1_pos_400,1,3,IIGATNPAESAPGTIR,PATTINRPGGSEAAII,72648575999,14
133,1_pos_400,1,4,IIGATNPAESAPGTIR,GAPTIEIATNSIARPG,72648575999,15
133,1_pos_400,1,5,IIGATNPAESAPGTIR,ATINTIAGEPIRAGPS,72648575999,14
133,1_pos_400,1,6,IIGATNPAESAPGTIR,SAATGNIEPPAIIRTG,72648575999,14
133,1_pos_400,1,7,IIGATNPAESAPGTIR,IATNPAIIEAPSGGRT,72648575999,13
133,1_pos_400,1,8,IIGATNPAESAPGTIR,IAGAENRIGTTIPPSA,72648575999,12
133,1_pos_400,1,9,IIGATNPAESAPGTIR,TGASIATPAPINGREI,72648575999,15
134,1_pos_1388,1,0,KLSDW,LDSWK,119,4
134,1_pos_1388,1,1,KLSDW,WKLSD,119,5
134,1_pos_1388,1,2,KLSDW,KDWSL,119,4
134,1_pos_1388,1,3,KLSDW,LKWDS,119,4
134,1_pos_1388,1,4,KLSDW,SWDLK,119,5
134,1_pos_1388,1,5,KLSDW,SKDLW,119,4
134,1_pos_1388,1,6,KLSDW,SDKWL,119,5
134,1_pos_1388,1,7,KLSDW,LWKDS,119,4
134,1_pos_1388,1,8,KLSDW,KSDWL,119,4
134,1_pos_1388,1,9,KLSDW,DKWSL,119,5
135,1_pos_1115,1,0,LWI,WLI,5,2
135,1_pos_1115,1,1,LWI,LIW,5,2
135,1_pos_1115,1,2,LWI,WIL,5,3
135,1_pos_1115,1,3,LWI,IWL,5,2
135,1_pos_1115,1,4,LWI,ILW,5,3
136,0_neg_777,0,0,GRDAYIADSENCTYT,ASGYTITDDYENCRA,81729647999,13
136,0_neg_777,0,1,GRDAYIADSENCTYT,TADESYTCRDAGINY,81729647999,14
136,0_neg_777,0,2,GRDAYIADSENCTYT,AGSDTCNIETYYDAR,81729647999,15
136,0_neg_777,0,3,GRDAYIADSENCTYT,ADGTRAYYNTSEDCI,81729647999,15
136,0_neg_777,0,4,GRDAYIADSENCTYT,AGNYTSTDREDACIY,81729647999,13
136,0_neg_777,0,5,GRDAYIADSENCTYT,EAYTDTGNACRDSIY,81729647999,15
136,0_neg_777,0,6,GRDAYIADSENCTYT,ATSYGTERNCDAIDY,81729647999,15
136,0_neg_777,0,7,GRDAYIADSENCTYT,ERYYDSATANTCIGD,81729647999,12
136,0_neg_777,0,8,GRDAYIADSENCTYT,ADASIETNYYDGRTC,81729647999,15
136,0_neg_777,0,9,GRDAYIADSENCTYT,AACNDGTIERTYSYD,81729647999,14
137,1_pos_21,1,0,AQGTFLQPHQ,TQAQPQLHFG,604799,9
137,1_pos_21,1,1,AQGTFLQPHQ,HATGQQLFQP,604799,10
137,1_pos_21,1,2,AQGTFLQPHQ,LHATPFQQGQ,604799,7
137,1_pos_21,1,3,AQGTFLQPHQ,QQFPHQLGAT,604799,9
137,1_pos_21,1,4,AQGTFLQPHQ,QGTPHLAFQQ,604799,8
137,1_pos_21,1,5,AQGTFLQPHQ,AGHQTLFPQQ,604799,6
137,1_pos_21,1,6,AQGTFLQPHQ,FGQPQQTLHA,604799,9
137,1_pos_21,1,7,AQGTFLQPHQ,QQHAQGPTLF,604799,9
137,1_pos_21,1,8,AQGTFLQPHQ,LHFGPTAQQQ,604799,9
137,1_pos_21,1,9,AQGTFLQPHQ,TQQGALQFPH,604799,7
138,1_pos_471,1,0,EDIVCW,EWCDIV,719,5
138,1_pos_471,1,1,EDIVCW,CEIVDW,719,3
138,1_pos_471,1,2,EDIVCW,DWCVIE,719,5
138,1_pos_471,1,3,EDIVCW,DIECWV,719,6
138,1_pos_471,1,4,EDIVCW,DVWIEC,719,6
138,1_pos_471,1,5,EDIVCW,IEVDCW,719,4
138,1_pos_471,1,6,EDIVCW,CVIDEW,719,4
138,1_pos_471,1,7,EDIVCW,VEWIDC,719,6
138,1_pos_471,1,8,EDIVCW,DWEICV,719,5
138,1_pos_471,1,9,EDIVCW,IDWVCE,719,3
139,1_pos_52,1,0,YLG,LGY,5,3
139,1_pos_52,1,1,YLG,YGL,5,2
139,1_pos_52,1,2,YLG,LYG,5,2
139,1_pos_52,1,3,YLG,GLY,5,2
139,1_pos_52,1,4,YLG,GYL,5,3
140,1_pos_1055,1,0,LGPVRGPFPI,IGPFPGPRLV,302399,6
140,1_pos_1055,1,1,LGPVRGPFPI,IVPFPLGRPG,302399,8
140,1_pos_1055,1,2,LGPVRGPFPI,PRLIGFPPVG,302399,9
140,1_pos_1055,1,3,LGPVRGPFPI,GPPVIRFGLP,302399,8
140,1_pos_1055,1,4,LGPVRGPFPI,PFGVPIRLGP,302399,9
140,1_pos_1055,1,5,LGPVRGPFPI,PRFGPVPIGL,302399,9
140,1_pos_1055,1,6,LGPVRGPFPI,LGFPPGPIVR,302399,6
140,1_pos_1055,1,7,LGPVRGPFPI,IPVPGLRFPG,302399,8
140,1_pos_1055,1,8,LGPVRGPFPI,GPLFPGIVRP,302399,9
140,1_pos_1055,1,9,LGPVRGPFPI,PLFIPPGGVR,302399,10
141,1_pos_803,1,0,IPAVFK,VIPFAK,719,5
141,1_pos_803,1,1,IPAVFK,PIAVFK,719,2
141,1_pos_803,1,2,IPAVFK,KFIAPV,719,6
141,1_pos_803,1,3,IPAVFK,AIKVPF,719,5
141,1_pos_803,1,4,IPAVFK,VFKAIP,719,6
141,1_pos_803,1,5,IPAVFK,IVPKAF,719,5
141,1_pos_803,1,6,IPAVFK,AVIFPK,719,5
141,1_pos_803,1,7,IPAVFK,AFVIPK,719,5
141,1_pos_803,1,8,IPAVFK,AFVPKI,719,6
141,1_pos_803,1,9,IPAVFK,VAIPKF,719,6
142,1_pos_741,1,0,MFAEWQPR,RPWAFQEM,40319,7
142,1_pos_741,1,1,MFAEWQPR,MQFAPERW,40319,7
142,1_pos_741,1,2,MFAEWQPR,MFRPAQEW,40319,5
142,1_pos_741,1,3,MFAEWQPR,RFQAWMPE,40319,5
142,1_pos_741,1,4,MFAEWQPR,QFRPAEWM,40319,7
142,1_pos_741,1,5,MFAEWQPR,FWMREPAQ,40319,8
142,1_pos_741,1,6,MFAEWQPR,MFQEAWRP,40319,5
142,1_pos_741,1,7,MFAEWQPR,QFAMWREP,40319,5
142,1_pos_741,1,8,MFAEWQPR,AFMPWERQ,40319,6
142,1_pos_741,1,9,MFAEWQPR,QRAMFEWP,40319,7
143,1_pos_957,1,0,FDYDPR,RPYFDD,359,5
143,1_pos_957,1,1,FDYDPR,DFDPRY,359,6
143,1_pos_957,1,2,FDYDPR,DRPYFD,359,6
143,1_pos_957,1,3,FDYDPR,YFDRPD,359,5
143,1_pos_957,1,4,FDYDPR,RDFPYD,359,5
143,1_pos_957,1,5,FDYDPR,DDPFYR,359,4
143,1_pos_957,1,6,FDYDPR,PDDRYF,359,5
143,1_pos_957,1,7,FDYDPR,YPFRDD,359,6
143,1_pos_957,1,8,FDYDPR,YDFDPR,359,2
143,1_pos_957,1,9,FDYDPR,DPYRDF,359,5
144,1_pos_1270,1,0,GDLAYLDQGHR,DYGQDRAGLHL,4989599,10
144,1_pos_1270,1,1,GDLAYLDQGHR,GQHLGDLYDAR,4989599,9
144,1_pos_1270,1,2,GDLAYLDQGHR,DYHGGLRQLAD,4989599,9
144,1_pos_1270,1,3,GDLAYLDQGHR,RGHGDDYQLLA,4989599,10
144,1_pos_1270,1,4,GDLAYLDQGHR,RLAGLDYGQDH,4989599,11
144,1_pos_1270,1,5,GDLAYLDQGHR,LDQGHRADLGY,4989599,10
144,1_pos_1270,1,6,GDLAYLDQGHR,LYQALDGGRHD,4989599,9
144,1_pos_1270,1,7,GDLAYLDQGHR,ARDLGQYLHDG,4989599,11
144,1_pos_1270,1,8,GDLAYLDQGHR,QGDLGLHYDAR,4989599,9
144,1_pos_1270,1,9,GDLAYLDQGHR,RDLQAYGLDGH,4989599,9
145,0_neg_1284,0,0,QTPQWATGHFM,MWQAQFPTGHT,9979199,11
145,0_neg_1284,0,1,QTPQWATGHFM,HQAWQMPTFGT,9979199,11
145,0_neg_1284,0,2,QTPQWATGHFM,AQMHQTPWGFT,9979199,10
145,0_neg_1284,0,3,QTPQWATGHFM,QGPQFTHWTMA,9979199,8
145,0_neg_1284,0,4,QTPQWATGHFM,GMTAHPWQFQT,9979199,11
145,0_neg_1284,0,5,QTPQWATGHFM,MQGWHTAFTQP,9979199,11
145,0_neg_1284,0,6,QTPQWATGHFM,WTQTAMFHGPQ,9979199,10
145,0_neg_1284,0,7,QTPQWATGHFM,GWTHMQTQAFP,9979199,9
145,0_neg_1284,0,8,QTPQWATGHFM,TQGFQAPTHWM,9979199,8
145,0_neg_1284,0,9,QTPQWATGHFM,WHFQPATMQGT,9979199,8
146,0_neg_1302,0,0,MFTFAILLLCVQGCLIQ,GCMLFIIVQLQCALFTL,926269343999,16
146,0_neg_1302,0,1,MFTFAILLLCVQGCLIQ,LLFQGATQICLFVCLMI,926269343999,14
146,0_neg_1302,0,2,MFTFAILLLCVQGCLIQ,IGFQMVQCTLFLLALIC,926269343999,15
146,0_neg_1302,0,3,MFTFAILLLCVQGCLIQ,TLIQFLAVGMLFCILQC,926269343999,16
146,0_neg_1302,0,4,MFTFAILLLCVQGCLIQ,FVCIQLMAGQFCLLLIT,926269343999,15
146,0_neg_1302,0,5,MFTFAILLLCVQGCLIQ,LLATGQIFCLMFLCIQV,926269343999,16
146,0_neg_1302,0,6,MFTFAILLLCVQGCLIQ,ICACVLTLMLGFILQFQ,926269343999,15
146,0_neg_1302,0,7,MFTFAILLLCVQGCLIQ,CIQMLLGICAQFLVFLT,926269343999,17
146,0_neg_1302,0,8,MFTFAILLLCVQGCLIQ,ILMQFAFLQTLLICGVC,926269343999,15
146,0_neg_1302,0,9,MFTFAILLLCVQGCLIQ,VGQCLQMFLICFILTLA,926269343999,16
147,0_neg_297,0,0,APSMGFQGMR,FGMSRGQPAM,907199,9
147,0_neg_297,0,1,APSMGFQGMR,FSMRAGPQGM,907199,10
147,0_neg_297,0,2,APSMGFQGMR,PMQRSGFGAM,907199,9
147,0_neg_297,0,3,APSMGFQGMR,GGMPRMFSQA,907199,10
147,0_neg_297,0,4,APSMGFQGMR,SMPRFAGGQM,907199,9
147,0_neg_297,0,5,APSMGFQGMR,RAPQMFGGMS,907199,7
147,0_neg_297,0,6,APSMGFQGMR,FSQMGGRMPA,907199,8
147,0_neg_297,0,7,APSMGFQGMR,ARMPGGSMFQ,907199,8
147,0_neg_297,0,8,APSMGFQGMR,QGARMSFGPM,907199,9
147,0_neg_297,0,9,APSMGFQGMR,GRMSMPAQFG,907199,10
148,1_pos_384,1,0,LSGYGP,YLPSGG,359,5
148,1_pos_384,1,1,LSGYGP,YGLGPS,359,6
148,1_pos_384,1,2,LSGYGP,YGSGPL,359,6
148,1_pos_384,1,3,LSGYGP,GSPYGL,359,3
148,1_pos_384,1,4,LSGYGP,YSPGGL,359,4
148,1_pos_384,1,5,LSGYGP,GYLSPG,359,6
148,1_pos_384,1,6,LSGYGP,GPGSLY,359,5
148,1_pos_384,1,7,LSGYGP,SGPGLY,359,6
148,1_pos_384,1,8,LSGYGP,GPLGYS,359,6
148,1_pos_384,1,9,LSGYGP,SYLGPG,359,6
149,1_pos_543,1,0,TSKT,KSTT,11,2
149,1_pos_543,1,1,TSKT,TTKS,11,2
149,1_pos_543,1,2,TSKT,TSTK,11,2
149,1_pos_543,1,3,TSKT,KTTS,11,4
149,1_pos_543,1,4,TSKT,TKST,11,2
149,1_pos_543,1,5,TSKT,SKTT,11,3
149,1_pos_543,1,6,TSKT,STKT,11,2
149,1_pos_543,1,7,TSKT,TKTS,11,3
149,1_pos_543,1,8,TSKT,STTK,11,4
149,1_pos_543,1,9,TSKT,TTSK,11,3
150,0_neg_213,0,0,VTLDVED,VLEDVDT,1259,4
150,0_neg_213,0,1,VTLDVED,EDVVLTD,1259,6
150,0_neg_213,0,2,VTLDVED,VDLDVTE,1259,3
150,0_neg_213,0,3,VTLDVED,DLDTVVE,1259,6
150,0_neg_213,0,4,VTLDVED,LDDEVTV,1259,6
150,0_neg_213,0,5,VTLDVED,EDVDVLT,1259,5
150,0_neg_213,0,6,VTLDVED,DDTEVLV,1259,6
150,0_neg_213,0,7,VTLDVED,DVTVEDL,1259,7
150,0_neg_213,0,8,VTLDVED,LTVDVED,1259,2
150,0_neg_213,0,9,VTLDVED,LEDVDVT,1259,7
151,1_pos_594,1,0,QIESW,SWQIE,119,5
151,1_pos_594,1,1,QIESW,WSQIE,119,5
151,1_pos_594,1,2,QIESW,SIEWQ,119,3
151,1_pos_594,1,3,QIESW,WSQEI,119,5
151,1_pos_594,1,4,QIESW,ISWEQ,119,5
151,1_pos_594,1,5,QIESW,WEIQS,119,5
151,1_pos_594,1,6,QIESW,IEQWS,119,5
151,1_pos_594,1,7,QIESW,SEWQI,119,5
151,1_pos_594,1,8,QIESW,WSIQE,119,5
151,1_pos_594,1,9,QIESW,QSIWE,119,4
152,0_neg_647,0,0,LPRHTLHCVAYHGYCFHSKV,VHFYTGHRLLYAVHHCKPSC,6335682312959999,17
152,0_neg_647,0,1,LPRHTLHCVAYHGYCFHSKV,LTGRFHHAYPLHKYCVCVHS,6335682312959999,15
152,0_neg_647,0,2,LPRHTLHCVAYHGYCFHSKV,CHHCPTGHLHAYYFKVSLRV,6335682312959999,19
152,0_neg_647,0,3,LPRHTLHCVAYHGYCFHSKV,AVSCYHHGHLPHFYLKTCVR,6335682312959999,17
152,0_neg_647,0,4,LPRHTLHCVAYHGYCFHSKV,RVYPYLTGLVHCHKASHHFC,6335682312959999,18
152,0_neg_647,0,5,LPRHTLHCVAYHGYCFHSKV,CSTYVGHPCVHRLKHYLFHA,6335682312959999,19
152,0_neg_647,0,6,LPRHTLHCVAYHGYCFHSKV,LPYHYTKCRAHSCLVHVGHF,6335682312959999,15
152,0_neg_647,0,7,LPRHTLHCVAYHGYCFHSKV,KPCVVHSFTAHLLGYHCRYH,6335682312959999,18
152,0_neg_647,0,8,LPRHTLHCVAYHGYCFHSKV,YRCVTHCGKPSVALHYFHLH,6335682312959999,19
152,0_neg_647,0,9,LPRHTLHCVAYHGYCFHSKV,LAYFKCHYGHLHCRVSPTHV,6335682312959999,16
153,0_neg_85,0,0,ADSRNPLEEEFRETNYEEF,NATERDEEPEEENSRYLFF,21118941043199,15
153,0_neg_85,0,1,ADSRNPLEEEFRETNYEEF,DEAFNELYPTRSNEFEEER,21118941043199,15
153,0_neg_85,0,2,ADSRNPLEEEFRETNYEEF,SFEEELDTEFEPNYRNRAE,21118941043199,18
153,0_neg_85,0,3,ADSRNPLEEEFRETNYEEF,FAPNSEDEERTLEEFRENY,21118941043199,15
153,0_neg_85,0,4,ADSRNPLEEEFRETNYEEF,NESEPNFLFDRERYETEEA,21118941043199,16
153,0_neg_85,0,5,ADSRNPLEEEFRETNYEEF,EAPEEENDRYTLENEFFRS,21118941043199,18
153,0_neg_85,0,6,ADSRNPLEEEFRETNYEEF,RTNRPEFAFEDESEEYNLE,21118941043199,16
153,0_neg_85,0,7,ADSRNPLEEEFRETNYEEF,YLRAEFDNTESEFEEPRNE,21118941043199,18
153,0_neg_85,0,8,ADSRNPLEEEFRETNYEEF,EAEDTERFPFEYRNSLNEE,21118941043199,18
153,0_neg_85,0,9,ADSRNPLEEEFRETNYEEF,NEEPFENEFLARSYRTEDE,21118941043199,16
154,1_pos_721,1,0,PGAEGAPGRDGAAGPK,GGPEDGAGKAPGRAAP,1210809599,13
154,1_pos_721,1,1,PGAEGAPGRDGAAGPK,GPAADEPAKAGGGPRG,1210809599,13
154,1_pos_721,1,2,PGAEGAPGRDGAAGPK,PAPPAGAGEGDKRGAG,1210809599,13
154,1_pos_721,1,3,PGAEGAPGRDGAAGPK,PDGAKAAGPAGGGEPR,1210809599,11
154,1_pos_721,1,4,PGAEGAPGRDGAAGPK,GPGAEGAKAGPDGAPR,1210809599,15
154,1_pos_721,1,5,PGAEGAPGRDGAAGPK,AEGADPGRGGKAAPGP,1210809599,14
154,1_pos_721,1,6,PGAEGAPGRDGAAGPK,REGPGAGGGDAAPKAP,1210809599,11
154,1_pos_721,1,7,PGAEGAPGRDGAAGPK,GPGPDKRGPEGAGAAA,1210809599,13
154,1_pos_721,1,8,PGAEGAPGRDGAAGPK,PPGAPKAGGARADEGG,1210809599,13
154,1_pos_721,1,9,PGAEGAPGRDGAAGPK,GGAGPAPDGKPRGEAA,1210809599,12
155,1_pos_1344,1,0,LVNPHDHQN,NHNHQPDLV,90719,8
155,1_pos_1344,1,1,LVNPHDHQN,NQPVNHHLD,90719,8
155,1_pos_1344,1,2,LVNPHDHQN,LNQPVHDNH,90719,7
155,1_pos_1344,1,3,LVNPHDHQN,VPLQNDHNH,90719,7
155,1_pos_1344,1,4,LVNPHDHQN,PDLHQNVHN,90719,8
155,1_pos_1344,1,5,LVNPHDHQN,NHLVQDPHN,90719,7
155,1_pos_1344,1,6,LVNPHDHQN,QNNHVHDLP,90719,8
155,1_pos_1344,1,7,LVNPHDHQN,VNHPQNHLD,90719,7
155,1_pos_1344,1,8,LVNPHDHQN,QLPVHDNHN,90719,6
155,1_pos_1344,1,9,LVNPHDHQN,VNQPNHLDH,90719,8
156,1_pos_1177,1,0,PW,WP,1,2
157,1_pos_1455,1,0,YNY,YYN,2,2
157,1_pos_1455,1,1,YNY,NYY,2,2
158,0_neg_869,0,0,VIGGDECNINEHPFLVLVYY,DECVVLIIPLFVGNYNEGHY,6335682312959999,19
158,0_neg_869,0,1,VIGGDECNINEHPFLVLVYY,YGVVNFLEEGILVINHPYCD,6335682312959999,20
158,0_neg_869,0,2,VIGGDECNINEHPFLVLVYY,VICVNHVGGDFNPYLEYEIL,6335682312959999,16
158,0_neg_869,0,3,VIGGDECNINEHPFLVLVYY,GILHDEFVLEVYYICNPNGV,6335682312959999,17
158,0_neg_869,0,4,VIGGDECNINEHPFLVLVYY,IFPYEGCNEYVIVVDLGLHN,6335682312959999,18
158,0_neg_869,0,5,VIGGDECNINEHPFLVLVYY,IVIGGYLNFNHCPLYVEVDE,6335682312959999,14
158,0_neg_869,0,6,VIGGDECNINEHPFLVLVYY,IEYPIVHVLVDLNGNCGEFY,6335682312959999,19
158,0_neg_869,0,7,VIGGDECNINEHPFLVLVYY,CLDYEYPGGIVHIFNLVNEV,6335682312959999,18
158,0_neg_869,0,8,VIGGDECNINEHPFLVLVYY,FNLLVEVYEHGCIYIGDVNP,6335682312959999,18
158,0_neg_869,0,9,VIGGDECNINEHPFLVLVYY,LVDIGNPYIGEYFHVENLVC,6335682312959999,18
159,0_neg_947,0,0,VIGGSDTTIGQYPHQLSLR,TQPRLLGTQSSIVYIHGDG,633568231295999,18
159,0_neg_947,0,1,VIGGSDTTIGQYPHQLSLR,RGSLQGTYIHVTPIDSLGQ,633568231295999,16
159,0_neg_947,0,2,VIGGSDTTIGQYPHQLSLR,GQPSRGIILQSVHDLTTYG,633568231295999,19
159,0_neg_947,0,3,VIGGSDTTIGQYPHQLSLR,IHTRLGIDGPYQTVGSLSQ,633568231295999,19
159,0_neg_947,0,4,VIGGSDTTIGQYPHQLSLR,GGSSIYGIVQPRTTQLHLD,633568231295999,16
159,0_neg_947,0,5,VIGGSDTTIGQYPHQLSLR,DYGILHGTSTRQIQGVLPS,633568231295999,17
159,0_neg_947,0,6,VIGGSDTTIGQYPHQLSLR,PGQITTIVRSHYQDLGGSL,633568231295999,18
159,0_neg_947,0,7,VIGGSDTTIGQYPHQLSLR,QLRVTYGDIGPSTGLSHQI,633568231295999,17
159,0_neg_947,0,8,VIGGSDTTIGQYPHQLSLR,PSRLQLYGSHDIIGQTGVT,633568231295999,18
159,0_neg_947,0,9,VIGGSDTTIGQYPHQLSLR,GRVGYDPHGSITSLLTIQQ,633568231295999,17
160,1_pos_1340,1,0,QDAHVPDNFIPK,HKPDAPVIDNFQ,119750399,11
160,1_pos_1340,1,1,QDAHVPDNFIPK,DPQDPKAIVFNH,119750399,12
160,1_pos_1340,1,2,QDAHVPDNFIPK,IPDFAPVKNHDQ,119750399,11
160,1_pos_1340,1,3,QDAHVPDNFIPK,KFANQIPHPDDV,119750399,11
160,1_pos_1340,1,4,QDAHVPDNFIPK,DIANQHPVPKDF,119750399,11
160,1_pos_1340,1,5,QDAHVPDNFIPK,VIDDPPHAFQKN,119750399,10
160,1_pos_1340,1,6,QDAHVPDNFIPK,QPAVDHNIKFDP,119750399,10
160,1_pos_1340,1,7,QDAHVPDNFIPK,KVAQFPNDDHIP,119750399,10
160,1_pos_1340,1,8,QDAHVPDNFIPK,HQDKIVNPFPAD,119750399,11
160,1_pos_1340,1,9,QDAHVPDNFIPK,PKDFQVNIDPHA,119750399,12
161,1_pos_201,1,0,WLLYLDGPPMGLT,GDLLLLMPPWTYG,64864799,9
161,1_pos_201,1,1,WLLYLDGPPMGLT,YLLLTPPGWDGML,64864799,10
161,1_pos_201,1,2,WLLYLDGPPMGLT,DGLMPGLPTLLWY,64864799,11
161,1_pos_201,1,3,WLLYLDGPPMGLT,GGDLTPPLMYWLL,64864799,12
161,1_pos_201,1,4,WLLYLDGPPMGLT,WLYGDLPLGMPLT,64864799,8
161,1_pos_201,1,5,WLLYLDGPPMGLT,GLLPPLDTLMYGW,64864799,10
161,1_pos_201,1,6,WLLYLDGPPMGLT,MLTLGLLGYPDWP,64864799,12
161,1_pos_201,1,7,WLLYLDGPPMGLT,LDPPLYLGWMLGT,64864799,10
161,1_pos_201,1,8,WLLYLDGPPMGLT,PYWTLDPLLGGLM,64864799,9
161,1_pos_201,1,9,WLLYLDGPPMGLT,YWLLDPGLMGTPL,64864799,11
162,0_neg_1213,0,0,ATSAAQGAALDESVRKVLKP,ATSALRPLAVDEQGKKAAVS,1267136462591999,12
162,0_neg_1213,0,1,ATSAAQGAALDESVRKVLKP,KPVALSKADAVERLASTGAQ,1267136462591999,17
162,0_neg_1213,0,2,ATSAAQGAALDESVRKVLKP,SAQSELVAKPGKALARTADV,1267136462591999,19
162,0_neg_1213,0,3,ATSAAQGAALDESVRKVLKP,VPKQREAKALGLVASDAATS,1267136462591999,18
162,0_neg_1213,0,4,ATSAAQGAALDESVRKVLKP,AKKLAELDAPGSTQAVSARV,1267136462591999,17
162,0_neg_1213,0,5,ATSAAQGAALDESVRKVLKP,PALQDKRTASSKVAVEAAGL,1267136462591999,19
162,0_neg_1213,0,6,ATSAAQGAALDESVRKVLKP,TRSQPKGVAAAKDLAEVSAL,1267136462591999,16
162,0_neg_1213,0,7,ATSAAQGAALDESVRKVLKP,GSAKSVAQALATEKPRDAVL,1267136462591999,18
162,0_neg_1213,0,8,ATSAAQGAALDESVRKVLKP,DAVRQLAKKSTAPEGVALAS,1267136462591999,19
162,0_neg_1213,0,9,ATSAAQGAALDESVRKVLKP,RGLKVLSDAKVSPTEAAQAA,1267136462591999,19
163,1_pos_750,1,0,DDLPR,RLPDD,59,5
163,1_pos_750,1,1,DDLPR,RDDPL,59,3
163,1_pos_750,1,2,DDLPR,LRPDD,59,5
163,1_pos_750,1,3,DDLPR,PLDDR,59,4
163,1_pos_750,1,4,DDLPR,LRDPD,59,4
163,1_pos_750,1,5,DDLPR,PDDRL,59,4
163,1_pos_750,1,6,DDLPR,PDLDR,59,2
163,1_pos_750,1,7,DDLPR,LDDRP,59,4
163,1_pos_750,1,8,DDLPR,DLPRD,59,4
163,1_pos_750,1,9,DDLPR,DPRLD,59,4
164,0_neg_1037,0,0,FLGALVNALTRVL,GTALLRLVNAFVL,64864799,10
164,0_neg_1037,0,1,FLGALVNALTRVL,RLLGANFAVLTLV,64864799,11
164,0_neg_1037,0,2,FLGALVNALTRVL,LNLARVVFGATLL,64864799,10
164,0_neg_1037,0,3,FLGALVNALTRVL,VLTLGNFLARVAL,64864799,11
164,0_neg_1037,0,4,FLGALVNALTRVL,LVGLAFVRLNLTA,64864799,11
164,0_neg_1037,0,5,FLGALVNALTRVL,AVLLVRLTNFAGL,64864799,12
164,0_neg_1037,0,6,FLGALVNALTRVL,ALTRVGVALLFLN,64864799,10
164,0_neg_1037,0,7,FLGALVNALTRVL,TLAAGLLVNRFLV,64864799,11
164,0_neg_1037,0,8,FLGALVNALTRVL,VLFLALNVRTALG,64864799,10
164,0_neg_1037,0,9,FLGALVNALTRVL,VLLNAAVFGRLLT,64864799,12
165,0_neg_217,0,0,DASFHSWG,GSAWFHSD,20159,8
165,0_neg_217,0,1,DASFHSWG,SGWDHFSA,20159,7
165,0_neg_217,0,2,DASFHSWG,SDFAWHGS,20159,8
165,0_neg_217,0,3,DASFHSWG,FSSDAHWG,20159,5
165,0_neg_217,0,4,DASFHSWG,HGFSDWSA,20159,8
165,0_neg_217,0,5,DASFHSWG,SGWFDHSA,20159,7
165,0_neg_217,0,6,DASFHSWG,DGSWASFH,20159,5
165,0_neg_217,0,7,DASFHSWG,DGHSFSAW,20159,6
165,0_neg_217,0,8,DASFHSWG,SGFDWHSA,20159,8
165,0_neg_217,0,9,DASFHSWG,WFSDHGSA,20159,6
166,0_neg_746,0,0,NYYKKLFGSGTTLVVT,GVTLLKVTKYTYFNGS,108972863999,15
166,0_neg_746,0,1,NYYKKLFGSGTTLVVT,VTLKNYLTKGFGTYSV,108972863999,14
166,0_neg_746,0,2,NYYKKLFGSGTTLVVT,KTLFTVVTLYSGNGYK,108972863999,16
166,0_neg_746,0,3,NYYKKLFGSGTTLVVT,GVTNLKFSKVTGLYYT,108972863999,12
166,0_neg_746,0,4,NYYKKLFGSGTTLVVT,TTLSNVKTGYYGLKFV,108972863999,15
166,0_neg_746,0,5,NYYKKLFGSGTTLVVT,VTGLSTGVKNYYFTLK,108972863999,16
166,0_neg_746,0,6,NYYKKLFGSGTTLVVT,NVVTKYFYGKLLTSTG,108972863999,13
166,0_neg_746,0,7,NYYKKLFGSGTTLVVT,LTTKFYVTGLNSYKGV,108972863999,15
166,0_neg_746,0,8,NYYKKLFGSGTTLVVT,YVLKSKGNYFLGTVTT,108972863999,13
166,0_neg_746,0,9,NYYKKLFGSGTTLVVT,GYKTGVLFTLKNVYST,108972863999,14
167,0_neg_1315,0,0,DPHHDFMRF,DDPHHFMRF,45359,3
167,0_neg_1315,0,1,DPHHDFMRF,RPFDDMFHH,45359,7
167,0_neg_1315,0,2,DPHHDFMRF,DFPHFDRHM,45359,7
167,0_neg_1315,0,3,DPHHDFMRF,FHRDDFPMH,45359,7
167,0_neg_1315,0,4,DPHHDFMRF,HDDHFPMRF,45359,5
167,0_neg_1315,0,5,DPHHDFMRF,FDHPHMDRF,45359,6
167,0_neg_1315,0,6,DPHHDFMRF,DMDRPHFFH,45359,8
167,0_neg_1315,0,7,DPHHDFMRF,PMDFDHRHF,45359,7
167,0_neg_1315,0,8,DPHHDFMRF,HMFFPDHDR,45359,9
167,0_neg_1315,0,9,DPHHDFMRF,DFDRMHPHF,45359,7
168,0_neg_327,0,0,SDRELHRSKAAYFF,FRKFLARYSDEHAS,5448643199,12
168,0_neg_327,0,1,SDRELHRSKAAYFF,FASEFRKHSRDYLA,5448643199,12
168,0_neg_327,0,2,SDRELHRSKAAYFF,RSLYHAFEFDSKRA,5448643199,14
168,0_neg_327,0,3,SDRELHRSKAAYFF,SRYFFSLEARDAKH,5448643199,13
168,0_neg_327,0,4,SDRELHRSKAAYFF,ADSRYKFEAFRHSL,5448643199,13
168,0_neg_327,0,5,SDRELHRSKAAYFF,SFRAHDEKLYAFSR,5448643199,11
168,0_neg_327,0,6,SDRELHRSKAAYFF,YELSFFDASARRKH,5448643199,13
168,0_neg_327,0,7,SDRELHRSKAAYFF,EYLRFDAFHSSAKR,5448643199,14
168,0_neg_327,0,8,SDRELHRSKAAYFF,RFHADYRFASLESK,5448643199,13
168,0_neg_327,0,9,SDRELHRSKAAYFF,SRAARELSDFHKFY,5448643199,11
169,0_neg_542,0,0,VNDGYLDNGLQEGDFE,EGDNFNGGQELDDYVL,72648575999,15
169,0_neg_542,0,1,VNDGYLDNGLQEGDFE,YEDGNGFVDLNEDQLG,72648575999,12
169,0_neg_542,0,2,VNDGYLDNGLQEGDFE,VLQNYGGLEEDGFDDN,72648575999,13
169,0_neg_542,0,3,VNDGYLDNGLQEGDFE,VGENLGQGYNLDFDDE,72648575999,13
169,0_neg_542,0,4,VNDGYLDNGLQEGDFE,GYNGFDQDEGVDNLLE,72648575999,14
169,0_neg_542,0,5,VNDGYLDNGLQEGDFE,YLEDGQDLDFGGNVNE,72648575999,14
169,0_neg_542,0,6,VNDGYLDNGLQEGDFE,QDVYNLDLGEDNFGGE,72648575999,12
169,0_neg_542,0,7,VNDGYLDNGLQEGDFE,DYQGEDLLGGNFDENV,72648575999,14
169,0_neg_542,0,8,VNDGYLDNGLQEGDFE,YFEQLGLGENVDDDNG,72648575999,15
169,0_neg_542,0,9,VNDGYLDNGLQEGDFE,DYEQVLGFEDNNDGLG,72648575999,15
170,0_neg_92,0,0,SNTSHQDFHSFYGTNLMIGG,SQSIDTGHGSMGFYNTNFHL,4223788208639999,17
170,0_neg_92,0,1,SNTSHQDFHSFYGTNLMIGG,HNFFGHGIDSLSMSTGYNTQ,4223788208639999,18
170,0_neg_92,0,2,SNTSHQDFHSFYGTNLMIGG,NQLGGSFNSGTDSYFMHITH,4223788208639999,19
170,0_neg_92,0,3,SNTSHQDFHSFYGTNLMIGG,FHSTSQMGIGYHNSGNTDFL,4223788208639999,19
170,0_neg_92,0,4,SNTSHQDFHSFYGTNLMIGG,GISTSGYSNHTFLDQMGNFH,4223788208639999,20
170,0_neg_92,0,5,SNTSHQDFHSFYGTNLMIGG,SGHGISLFGDYSQTFHNTMN,4223788208639999,17
170,0_neg_92,0,6,SNTSHQDFHSFYGTNLMIGG,FHSHMIGNGQTSNYSTFLGD,4223788208639999,19
170,0_neg_92,0,7,SNTSHQDFHSFYGTNLMIGG,HTIQLGSHNFGSDTFYGMNS,4223788208639999,19
170,0_neg_92,0,8,SNTSHQDFHSFYGTNLMIGG,LNTSIMFFNDGGGQHYTSSH,4223788208639999,15
170,0_neg_92,0,9,SNTSHQDFHSFYGTNLMIGG,GYSHTGFSLTSNIDNQHGMF,4223788208639999,19
171,0_neg_615,0,0,QVNFTPSW,PSVTQNWF,40319,8
171,0_neg_615,0,1,QVNFTPSW,VSNQPTWF,40319,7
171,0_neg_615,0,2,QVNFTPSW,FNSTVQWP,40319,8
171,0_neg_615,0,3,QVNFTPSW,TVFNQPWS,40319,6
171,0_neg_615,0,4,QVNFTPSW,TVSFQWPN,40319,6
171,0_neg_615,0,5,QVNFTPSW,TQFVWSNP,40319,8
171,0_neg_615,0,6,QVNFTPSW,SQNWVTPF,40319,7
171,0_neg_615,0,7,QVNFTPSW,WNPTFVQS,40319,8
171,0_neg_615,0,8,QVNFTPSW,VSTNFPQW,40319,6
171,0_neg_615,0,9,QVNFTPSW,FQSVTWNP,40319,7
172,1_pos_1391,1,0,PWG,GWP,5,2
172,1_pos_1391,1,1,PWG,PGW,5,2
172,1_pos_1391,1,2,PWG,WGP,5,3
172,1_pos_1391,1,3,PWG,GPW,5,3
172,1_pos_1391,1,4,PWG,WPG,5,2
173,1_pos_779,1,0,GSPGPQGPPGSIGPQ,GGPGPSPQGPGQPSI,22702679,11
173,1_pos_779,1,1,GSPGPQGPPGSIGPQ,GQPIGPGPSSPGQGP,22702679,11
173,1_pos_779,1,2,GSPGPQGPPGSIGPQ,SPQQGGSPPPGGGIP,22702679,12
173,1_pos_779,1,3,GSPGPQGPPGSIGPQ,PGPPSQGGQPSGGPI,22702679,9
173,1_pos_779,1,4,GSPGPQGPPGSIGPQ,PPGPQGSSQPIGGPG,22702679,13
173,1_pos_779,1,5,GSPGPQGPPGSIGPQ,PGIPGQSGGPSPPQG,22702679,13
173,1_pos_779,1,6,GSPGPQGPPGSIGPQ,PPSSPGQGIPGQGGP,22702679,13
173,1_pos_779,1,7,GSPGPQGPPGSIGPQ,GGPPISQQGPGSPGP,22702679,13
173,1_pos_779,1,8,GSPGPQGPPGSIGPQ,QQISPGPGPSGGGPP,22702679,11
173,1_pos_779,1,9,GSPGPQGPPGSIGPQ,QIPPPSGSGGGPQGP,22702679,11
174,0_neg_562,0,0,SLLSLIRKLIT,LLLLSRSKIIT,415799,6
174,0_neg_562,0,1,SLLSLIRKLIT,ISIKLRLSTLL,415799,10
174,0_neg_562,0,2,SLLSLIRKLIT,IKSSTLILLRL,415799,9
174,0_neg_562,0,3,SLLSLIRKLIT,LSIILKLSTLR,415799,10
174,0_neg_562,0,4,SLLSLIRKLIT,LILKIRTSLLS,415799,9
174,0_neg_562,0,5,SLLSLIRKLIT,ISILTLLLSKR,415799,11
174,0_neg_562,0,6,SLLSLIRKLIT,RLIILLKLSTS,415799,9
174,0_neg_562,0,7,SLLSLIRKLIT,LSLIRKLTSIL,415799,9
174,0_neg_562,0,8,SLLSLIRKLIT,TILSLLSILRK,415799,7
174,0_neg_562,0,9,SLLSLIRKLIT,LKSIRLSITLL,415799,11
175,0_neg_596,0,0,ISALFDEYEPLNDAD,DAEEDSDNAFLLIPY,27243215999,14
175,0_neg_596,0,1,ISALFDEYEPLNDAD,AISPLLYEENFDDDA,27243215999,13
175,0_neg_596,0,2,ISALFDEYEPLNDAD,FNDADYLAIPDESLE,27243215999,14
175,0_neg_596,0,3,ISALFDEYEPLNDAD,FLAADESPEDLDNYI,27243215999,12
175,0_neg_596,0,4,ISALFDEYEPLNDAD,LYALIDDEFDANESP,27243215999,11
175,0_neg_596,0,5,ISALFDEYEPLNDAD,YFPDEDALSIEDANL,27243215999,14
175,0_neg_596,0,6,ISALFDEYEPLNDAD,EEIDASNFLDLPDYA,27243215999,13
175,0_neg_596,0,7,ISALFDEYEPLNDAD,FIDAYPLLDNEESAD,27243215999,13
175,0_neg_596,0,8,ISALFDEYEPLNDAD,AEAPLYENILFDDDS,27243215999,12
175,0_neg_596,0,9,ISALFDEYEPLNDAD,AANDLFSIEDELYDP,27243215999,14
176,0_neg_1099,0,0,FEDGKKVRFFKSNKETIK,IKVFTKRKFKGEKDSEFN,4446092851199,16
176,0_neg_1099,0,1,FEDGKKVRFFKSNKETIK,RKTGFFFEIVKNEDSKKK,4446092851199,15
176,0_neg_1099,0,2,FEDGKKVRFFKSNKETIK,NTKKEFKDKGKFFRESIV,4446092851199,15
176,0_neg_1099,0,3,FEDGKKVRFFKSNKETIK,INKRFDVKSKFKTKGFEE,4446092851199,16
176,0_neg_1099,0,4,FEDGKKVRFFKSNKETIK,KFNVEDSFKETRKKFIGK,4446092851199,16
176,0_neg_1099,0,5,FEDGKKVRFFKSNKETIK,TNVKIFGKERDFEKFKKS,4446092851199,17
176,0_neg_1099,0,6,FEDGKKVRFFKSNKETIK,EFRGKKVKEFFSTKDKNI,4446092851199,11
176,0_neg_1099,0,7,FEDGKKVRFFKSNKETIK,KRFKIKSENVKFTEFDKG,4446092851199,16
176,0_neg_1099,0,8,FEDGKKVRFFKSNKETIK,RTKKFFNKGIKEVDFSKE,4446092851199,17
176,0_neg_1099,0,9,FEDGKKVRFFKSNKETIK,GVNRIKKFFTKSEEDKFK,4446092851199,13
177,0_neg_77,0,0,AGFVLKGYTKTSQ,SKTLTVGAGKQYF,778377599,11
177,0_neg_77,0,1,AGFVLKGYTKTSQ,GATSYKLQFGKTV,778377599,12
177,0_neg_77,0,2,AGFVLKGYTKTSQ,TKYFKGALSQVGT,778377599,13
177,0_neg_77,0,3,AGFVLKGYTKTSQ,TKKSQYGFVLGTA,778377599,12
177,0_neg_77,0,4,AGFVLKGYTKTSQ,FKGGKTSLYTVAQ,778377599,12
177,0_neg_77,0,5,AGFVLKGYTKTSQ,FGTQTVKSYLKAG,778377599,12
177,0_neg_77,0,6,AGFVLKGYTKTSQ,VQTTFKLGAYGKS,778377599,12
177,0_neg_77,0,7,AGFVLKGYTKTSQ,AGGLFTKKQYTSV,778377599,9
177,0_neg_77,0,8,AGFVLKGYTKTSQ,KTTQKGVFYLASG,778377599,12
177,0_neg_77,0,9,AGFVLKGYTKTSQ,TYLGAQTGSKFVK,778377599,12
178,0_neg_24,0,0,NQDCLSDWSFYEQYCYKVF,YLFKWCSDCQQENYSDFYV,633568231295999,17
178,0_neg_24,0,1,NQDCLSDWSFYEQYCYKVF,KQYLWQSYNFDESCCFYDV,633568231295999,15
178,0_neg_24,0,2,NQDCLSDWSFYEQYCYKVF,QYEDYQCNCWSFDKYVSFL,633568231295999,19
178,0_neg_24,0,3,NQDCLSDWSFYEQYCYKVF,SFNYEDCDYQKLWVFCYSQ,633568231295999,19
178,0_neg_24,0,4,NQDCLSDWSFYEQYCYKVF,KWYFLEQYNSCCVFQDSYD,633568231295999,18
178,0_neg_24,0,5,NQDCLSDWSFYEQYCYKVF,QSCEQWYDFDNLKYYSFCV,633568231295999,18
178,0_neg_24,0,6,NQDCLSDWSFYEQYCYKVF,YQKNESCSYCVFDQYFWDL,633568231295999,17
178,0_neg_24,0,7,NQDCLSDWSFYEQYCYKVF,YQFDQEWNSSLVFDCKYCY,633568231295999,16
178,0_neg_24,0,8,NQDCLSDWSFYEQYCYKVF,YSNEYQFYVSFDCCKLWDQ,633568231295999,19
178,0_neg_24,0,9,NQDCLSDWSFYEQYCYKVF,FWSDKCNYQYDESYCVLQF,633568231295999,15
179,0_neg_380,0,0,EPPPWVPV,PVPPWEVP,839,5
179,0_neg_380,0,1,EPPPWVPV,PWPVPEVP,839,7
179,0_neg_380,0,2,EPPPWVPV,PPPVPWVE,839,6
179,0_neg_380,0,3,EPPPWVPV,EPPPVPWV,839,3
179,0_neg_380,0,4,EPPPWVPV,PVPVEPWP,839,7
179,0_neg_380,0,5,EPPPWVPV,EPPVPVPW,839,3
179,0_neg_380,0,6,EPPPWVPV,VPVEPWPP,839,6
179,0_neg_380,0,7,EPPPWVPV,PPWVVEPP,839,6
179,0_neg_380,0,8,EPPPWVPV,PVWPEPVP,839,7
179,0_neg_380,0,9,EPPPWVPV,VPPPPVWE,839,4
180,1_pos_357,1,0,IYIEQGNGITGM,TYGGMIIQINGE,13305599,9
180,1_pos_357,1,1,IYIEQGNGITGM,QGIITGMIEGNY,13305599,10
180,1_pos_357,1,2,IYIEQGNGITGM,GNGYQMGIITIE,13305599,9
180,1_pos_357,1,3,IYIEQGNGITGM,GQMEYITIIGGN,13305599,9
180,1_pos_357,1,4,IYIEQGNGITGM,TGNQIEYGIIMG,13305599,10
180,1_pos_357,1,5,IYIEQGNGITGM,GQEIGIIYGTMN,13305599,11
180,1_pos_357,1,6,IYIEQGNGITGM,GIGTMGIQNYEI,13305599,11
180,1_pos_357,1,7,IYIEQGNGITGM,QIGTMIYNEGIG,13305599,12
180,1_pos_357,1,8,IYIEQGNGITGM,IGNYGITGQEMI,13305599,10
180,1_pos_357,1,9,IYIEQGNGITGM,EYNQIGGMGIIT,13305599,10
181,0_neg_1263,0,0,QGPSPRHPIPP,PPGPQSPPIRH,332639,9
181,0_neg_1263,0,1,QGPSPRHPIPP,RIPGHPQPPPS,332639,8
181,0_neg_1263,0,2,QGPSPRHPIPP,PPIPRSPHGQP,332639,10
181,0_neg_1263,0,3,QGPSPRHPIPP,IGPPSPRQPHP,332639,8
181,0_neg_1263,0,4,QGPSPRHPIPP,IPPPPHPQGSR,332639,9
181,0_neg_1263,0,5,QGPSPRHPIPP,HPQPPGPSRIP,332639,9
181,0_neg_1263,0,6,QGPSPRHPIPP,PQRPSHPGPIP,332639,10
181,0_neg_1263,0,7,QGPSPRHPIPP,IPPGHQRSPPP,332639,8
181,0_neg_1263,0,8,QGPSPRHPIPP,QPSGRPIPPPH,332639,8
181,0_neg_1263,0,9,QGPSPRHPIPP,PPPSHPPRIGQ,332639,8
182,1_pos_284,1,0,RWE,WRE,5,2
182,1_pos_284,1,1,RWE,REW,5,2
182,1_pos_284,1,2,RWE,ERW,5,3
182,1_pos_284,1,3,RWE,WER,5,3
182,1_pos_284,1,4,RWE,EWR,5,2
183,1_pos_903,1,0,PPK,PKP,2,2
183,1_pos_903,1,1,PPK,KPP,2,2
184,1_pos_1452,1,0,LCPVHRAADL,CLAHRPDLAV,907199,10
184,1_pos_1452,1,1,LCPVHRAADL,LHPCDAVRLA,907199,8
184,1_pos_1452,1,2,LCPVHRAADL,CRHLDLVAPA,907199,9
184,1_pos_1452,1,3,LCPVHRAADL,LCLADHAVPR,907199,7
184,1_pos_1452,1,4,LCPVHRAADL,HLRAVDCAPL,907199,8
184,1_pos_1452,1,5,LCPVHRAADL,LACVPRLADH,907199,5
184,1_pos_1452,1,6,LCPVHRAADL,RPLCVDAALH,907199,8
184,1_pos_1452,1,7,LCPVHRAADL,DLCVRLAHPA,907199,8
184,1_pos_1452,1,8,LCPVHRAADL,CVARPLLAHD,907199,9
184,1_pos_1452,1,9,LCPVHRAADL,LCDLAHPARV,907199,7
185,0_neg_586,0,0,QKKDKKDR,QRDDKKKK,839,4
185,0_neg_586,0,1,QKKDKKDR,QKKRKKDD,839,2
185,0_neg_586,0,2,QKKDKKDR,KDQDKRKK,839,6
185,0_neg_586,0,3,QKKDKKDR,KRKKKDDQ,839,5
185,0_neg_586,0,4,QKKDKKDR,DDRKKQKK,839,7
185,0_neg_586,0,5,QKKDKKDR,RKQKKKDD,839,4
185,0_neg_586,0,6,QKKDKKDR,DKRDQKKK,839,5
185,0_neg_586,0,7,QKKDKKDR,KDRQKKDK,839,5
185,0_neg_586,0,8,QKKDKKDR,QKKKDDRK,839,5
185,0_neg_586,0,9,QKKDKKDR,KKRDKDQK,839,5
186,1_pos_1086,1,0,YQQPVLGPVRGPFPIIV,PVIPRVLPIFQGVQPGY,308756447999,15
186,1_pos_1086,1,1,YQQPVLGPVRGPFPIIV,YRPLQPVVGQFPIPGIV,308756447999,12
186,1_pos_1086,1,2,YQQPVLGPVRGPFPIIV,FLGIYRIQVPPGQVPVP,308756447999,16
186,1_pos_1086,1,3,YQQPVLGPVRGPFPIIV,GILQVPIFPYPPQGVVR,308756447999,15
186,1_pos_1086,1,4,YQQPVLGPVRGPFPIIV,IPVFPYQILQPGGVVRP,308756447999,17
186,1_pos_1086,1,5,YQQPVLGPVRGPFPIIV,QPQILFVGGRPVYIPVP,308756447999,15
186,1_pos_1086,1,6,YQQPVLGPVRGPFPIIV,IVVVYPIFRLQPQPPGG,308756447999,15
186,1_pos_1086,1,7,YQQPVLGPVRGPFPIIV,PPRIVQFGLVVIYGPQP,308756447999,16
186,1_pos_1086,1,8,YQQPVLGPVRGPFPIIV,PPQIGPYVIGVRPVFLQ,308756447999,16
186,1_pos_1086,1,9,YQQPVLGPVRGPFPIIV,PVFGVVIYPQPIQLGRP,308756447999,16
187,1_pos_390,1,0,GFFKWHPRCGEEHSMWT,WEGHMHEFFGPRKCWTS,11115232127999,15
187,1_pos_390,1,1,GFFKWHPRCGEEHSMWT,GPSWKEHCRFMFETGWH,11115232127999,15
187,1_pos_390,1,2,GFFKWHPRCGEEHSMWT,CESTERWGKMFHFWHGP,11115232127999,17
187,1_pos_390,1,3,GFFKWHPRCGEEHSMWT,FRTCGHSWMEHEGKWPF,11115232127999,15
187,1_pos_390,1,4,GFFKWHPRCGEEHSMWT,WEGEPMFHHFGTCWSKR,11115232127999,17
187,1_pos_390,1,5,GFFKWHPRCGEEHSMWT,HSGWFWRPFCGMKHETE,11115232127999,17
187,1_pos_390,1,6,GFFKWHPRCGEEHSMWT,TWFRKGPHESGCMWFHE,11115232127999,15
187,1_pos_390,1,7,GFFKWHPRCGEEHSMWT,RGEWHEMKHFCSGWTFP,11115232127999,17
187,1_pos_390,1,8,GFFKWHPRCGEEHSMWT,WWRTHFSEGGEMKPCFH,11115232127999,15
187,1_pos_390,1,9,GFFKWHPRCGEEHSMWT,CFTKMGPFHWSRWEHGE,11115232127999,14
188,1_pos_84,1,0,GDMNP,DPNGM,119,5
188,1_pos_84,1,1,GDMNP,MPNDG,119,5
188,1_pos_84,1,2,GDMNP,DPMNG,119,3
188,1_pos_84,1,3,GDMNP,PGDMN,119,5
188,1_pos_84,1,4,GDMNP,PNDMG,119,5
188,1_pos_84,1,5,GDMNP,MNGPD,119,5
188,1_pos_84,1,6,GDMNP,NMDPG,119,5
188,1_pos_84,1,7,GDMNP,DPMGN,119,4
188,1_pos_84,1,8,GDMNP,MGPND,119,4
188,1_pos_84,1,9,GDMNP,GMNDP,119,3
189,0_neg_19,0,0,GPIPWQRRI,PRQPRIIWG,45359,8
189,0_neg_19,0,1,GPIPWQRRI,IRGRWPQIP,45359,8
189,0_neg_19,0,2,GPIPWQRRI,GRWIRPQPI,45359,7
189,0_neg_19,0,3,GPIPWQRRI,WPRPRGQII,45359,6
189,0_neg_19,0,4,GPIPWQRRI,GWPQIPIRR,45359,7
189,0_neg_19,0,5,GPIPWQRRI,QRWPRGIPI,45359,7
189,0_neg_19,0,6,GPIPWQRRI,PWQRPRIIG,45359,9
189,0_neg_19,0,7,GPIPWQRRI,IRWPQGRIP,45359,7
189,0_neg_19,0,8,GPIPWQRRI,QPIPRIWGR,45359,6
189,0_neg_19,0,9,GPIPWQRRI,PRIWGPIRQ,45359,7
190,0_neg_1517,0,0,QLTFTPNWGT,GTWTFNTPLQ,604799,10
190,0_neg_1517,0,1,QLTFTPNWGT,FGTNQTLTWP,604799,9
190,0_neg_1517,0,2,QLTFTPNWGT,FQTNTLGPWT,604799,7
190,0_neg_1517,0,3,QLTFTPNWGT,PNQLFTGTWT,604799,9
190,0_neg_1517,0,4,QLTFTPNWGT,FTQPTGTLNW,604799,9
190,0_neg_1517,0,5,QLTFTPNWGT,FTTQTLPWNG,604799,7
190,0_neg_1517,0,6,QLTFTPNWGT,WPGQLFTTNT,604799,9
190,0_neg_1517,0,7,QLTFTPNWGT,TWTQNLTGFP,604799,9
190,0_neg_1517,0,8,QLTFTPNWGT,NPGFLTWQTT,604799,8
190,0_neg_1517,0,9,QLTFTPNWGT,TNFPWGQTLT,604799,9
191,0_neg_1513,0,0,SVDMVMKGIKLWPL,MSGLKLPIDVKWVM,5448643199,13
191,0_neg_1513,0,1,SVDMVMKGIKLWPL,PMGKVVIMWDSKLL,5448643199,12
191,0_neg_1513,0,2,SVDMVMKGIKLWPL,DMKPMLVGISLKWV,5448643199,11
191,0_neg_1513,0,3,SVDMVMKGIKLWPL,ILPKVDSKVLMGWM,5448643199,13
191,0_neg_1513,0,4,SVDMVMKGIKLWPL,DKLMWMKPGISVLV,5448643199,11
191,0_neg_1513,0,5,SVDMVMKGIKLWPL,VIVGLKLWSDMPKM,5448643199,14
191,0_neg_1513,0,6,SVDMVMKGIKLWPL,VIKWLGPLMSMVDK,5448643199,14
191,0_neg_1513,0,7,SVDMVMKGIKLWPL,WKSMIMLLPVGKDV,5448643199,12
191,0_neg_1513,0,8,SVDMVMKGIKLWPL,PVKIVLMDMGWKLS,5448643199,12
191,0_neg_1513,0,9,SVDMVMKGIKLWPL,VIVMMLKSLWDKPG,5448643199,11
192,1_pos_139,1,0,VYY,YVY,2,2
192,1_pos_139,1,1,VYY,YYV,2,2
193,0_neg_1212,0,0,ITCLSDINSK,TSNILDKCIS,907199,9
193,0_neg_1212,0,1,ITCLSDINSK,KLITSDCSNI,907199,8
193,0_neg_1212,0,2,ITCLSDINSK,IDLNKSCITS,907199,9
193,0_neg_1212,0,3,ITCLSDINSK,KICTILNDSS,907199,8
193,0_neg_1212,0,4,ITCLSDINSK,ITINSCKDSL,907199,6
193,0_neg_1212,0,5,ITCLSDINSK,KLISIDCTSN,907199,8
193,0_neg_1212,0,6,ITCLSDINSK,CKSTSNDLII,907199,9
193,0_neg_1212,0,7,ITCLSDINSK,CILTNDISKS,907199,8
193,0_neg_1212,0,8,ITCLSDINSK,INDTCILKSS,907199,8
193,0_neg_1212,0,9,ITCLSDINSK,CSTNSKLDII,907199,9
194,1_pos_1469,1,0,INYW,YWNI,23,4
194,1_pos_1469,1,1,INYW,WINY,23,4
194,1_pos_1469,1,2,INYW,YNWI,23,3
194,1_pos_1469,1,3,INYW,WIYN,23,3
194,1_pos_1469,1,4,INYW,YINW,23,3
194,1_pos_1469,1,5,INYW,IWYN,23,2
194,1_pos_1469,1,6,INYW,WNIY,23,3
194,1_pos_1469,1,7,INYW,NIWY,23,4
194,1_pos_1469,1,8,INYW,NIYW,23,2
194,1_pos_1469,1,9,INYW,NYWI,23,4
195,0_neg_420,0,0,VPPGFTPF,GFPTVPFP,3359,7
195,0_neg_420,0,1,VPPGFTPF,PVFPTPGF,3359,7
195,0_neg_420,0,2,VPPGFTPF,GFPTPFPV,3359,6
195,0_neg_420,0,3,VPPGFTPF,TPFPPGVF,3359,6
195,0_neg_420,0,4,VPPGFTPF,PFPVPFGT,3359,7
195,0_neg_420,0,5,VPPGFTPF,PPFPTFVG,3359,7
195,0_neg_420,0,6,VPPGFTPF,FPVFTGPP,3359,6
195,0_neg_420,0,7,VPPGFTPF,PFPVTFPG,3359,6
195,0_neg_420,0,8,VPPGFTPF,PPPTVGFF,3359,5
195,0_neg_420,0,9,VPPGFTPF,FPPPTFGV,3359,6
196,0_neg_1124,0,0,FLGKKVLKAVGKQAAKKQME,QLVGLMKAFVEKKGAAKKKQ,35198235071999,15
196,0_neg_1124,0,1,FLGKKVLKAVGKQAAKKQME,MKFKKVLGQKVEKLQKAGAA,35198235071999,15
196,0_neg_1124,0,2,FLGKKVLKAVGKQAAKKQME,FLVKAQLQEMKKKAKGGKVA,35198235071999,14
196,0_neg_1124,0,3,FLGKKVLKAVGKQAAKKQME,LKGAQKLQAAVEKVKFKGKM,35198235071999,16
196,0_neg_1124,0,4,FLGKKVLKAVGKQAAKKQME,AGQEFLKLQKKKMKVKVAAG,35198235071999,18
196,0_neg_1124,0,5,FLGKKVLKAVGKQAAKKQME,VKQGFQEKKMKLALGKAKVA,35198235071999,18
196,0_neg_1124,0,6,FLGKKVLKAVGKQAAKKQME,KLVAVQKKKGKQFKGAAEML,35198235071999,17
196,0_neg_1124,0,7,FLGKKVLKAVGKQAAKKQME,GAKLLKKAEKFGMVKAQVKQ,35198235071999,20
196,0_neg_1124,0,8,FLGKKVLKAVGKQAAKKQME,MQQAKKAKLFKLEVVKGGAK,35198235071999,17
196,0_neg_1124,0,9,FLGKKVLKAVGKQAAKKQME,AKMKLGKKFVAVGLKEAQKQ,35198235071999,16
197,0_neg_1468,0,0,MVPYRNPRHQHVASVLRSGG,AHRYLQMSVHNGRRGVPVSP,4223788208639999,19
197,0_neg_1468,0,1,MVPYRNPRHQHVASVLRSGG,RLRHVMGVSPQPVAYSNRHG,4223788208639999,19
197,0_neg_1468,0,2,MVPYRNPRHQHVASVLRSGG,RVPHYSARHNMQPVRLGVSG,4223788208639999,14
197,0_neg_1468,0,3,MVPYRNPRHQHVASVLRSGG,LVNHMYRPQGVGSRSHPRVA,4223788208639999,19
197,0_neg_1468,0,4,MVPYRNPRHQHVASVLRSGG,HVLNVGHSMRSRYRAQPVPG,4223788208639999,18
197,0_neg_1468,0,5,MVPYRNPRHQHVASVLRSGG,HYRVASRPLVSMGQVPRNHG,4223788208639999,17
197,0_neg_1468,0,6,MVPYRNPRHQHVASVLRSGG,MVPVGHQVSNRRSYPRALGH,4223788208639999,16
197,0_neg_1468,0,7,MVPYRNPRHQHVASVLRSGG,RVNVHLSVRARPGQGMYSPH,4223788208639999,18
197,0_neg_1468,0,8,MVPYRNPRHQHVASVLRSGG,RRASMPYHHLSGVRGQVVNP,4223788208639999,19
197,0_neg_1468,0,9,MVPYRNPRHQHVASVLRSGG,GPMYNRVHHSVSQARRGPVL,4223788208639999,18
198,1_pos_1170,1,0,KALNEINQF,EALNNFIQK,181439,5
198,1_pos_1170,1,1,KALNEINQF,NFQEKLIAN,181439,9
198,1_pos_1170,1,2,KALNEINQF,IKLENNAQF,181439,6
198,1_pos_1170,1,3,KALNEINQF,FLQAINNKE,181439,8
198,1_pos_1170,1,4,KALNEINQF,FLNQIANEK,181439,8
198,1_pos_1170,1,5,KALNEINQF,IENFNQKLA,181439,9
198,1_pos_1170,1,6,KALNEINQF,KNIAEFQLN,181439,7
198,1_pos_1170,1,7,KALNEINQF,EQFKILANN,181439,9
198,1_pos_1170,1,8,KALNEINQF,KEALFNIQN,181439,7
198,1_pos_1170,1,9,KALNEINQF,QIELNKNFA,181439,8
199,1_pos_80,1,0,YNI,IYN,5,3
199,1_pos_80,1,1,YNI,NYI,5,2
199,1_pos_80,1,2,YNI,NIY,5,3
199,1_pos_80,1,3,YNI,YIN,5,2
199,1_pos_80,1,4,YNI,INY,5,2
200,1_pos_1352,1,0,QITEGEDGGG,IDGGQGTEEG,75599,9
200,1_pos_1352,1,1,QITEGEDGGG,GIGEQGGETD,75599,8
200,1_pos_1352,1,2,QITEGEDGGG,GTEGIDEGGQ,75599,8
200,1_pos_1352,1,3,QITEGEDGGG,ETGGGEDQGI,75599,6
200,1_pos_1352,1,4,QITEGEDGGG,EGEIGGGTQD,75599,9
200,1_pos_1352,1,5,QITEGEDGGG,DGEEGQGIGT,75599,7
200,1_pos_1352,1,6,QITEGEDGGG,GEETQDGGGI,75599,8
200,1_pos_1352,1,7,QITEGEDGGG,DIEGGGEGQT,75599,7
200,1_pos_1352,1,8,QITEGEDGGG,GEEIDGGQTG,75599,9
200,1_pos_1352,1,9,QITEGEDGGG,TGDGQEEIGG,75599,7
201,0_neg_991,0,0,LLPLVGNLLNDLL,NVGLLNLLLLPDL,617759,9
201,0_neg_991,0,1,LLPLVGNLLNDLL,NLDLLLLVNGLLP,617759,10
201,0_neg_991,0,2,LLPLVGNLLNDLL,DVLLNNGLLPLLL,617759,8
201,0_neg_991,0,3,LLPLVGNLLNDLL,NLGDPLVLNLLLL,617759,9
201,0_neg_991,0,4,LLPLVGNLLNDLL,LLDLLNLLNGVPL,617759,8
201,0_neg_991,0,5,LLPLVGNLLNDLL,NPLGLLLNVDLLL,617759,11
201,0_neg_991,0,6,LLPLVGNLLNDLL,DLGNLLLVLNPLL,617759,8
201,0_neg_991,0,7,LLPLVGNLLNDLL,LLLNVGLLDNPLL,617759,5
201,0_neg_991,0,8,LLPLVGNLLNDLL,VGLDNLLLLNLLP,617759,9
201,0_neg_991,0,9,LLPLVGNLLNDLL,LVLLNLDNGLLPL,617759,10
202,1_pos_1291,1,0,PSHDAHPE,AEPSDHHP,10079,7
202,1_pos_1291,1,1,PSHDAHPE,EDSHAHPP,10079,5
202,1_pos_1291,1,2,PSHDAHPE,AEHPHSPD,10079,6
202,1_pos_1291,1,3,PSHDAHPE,EDHSAPHP,10079,6
202,1_pos_1291,1,4,PSHDAHPE,PHSPHEAD,10079,7
202,1_pos_1291,1,5,PSHDAHPE,AHSPPDHE,10079,7
202,1_pos_1291,1,6,PSHDAHPE,APDSHPEH,10079,8
202,1_pos_1291,1,7,PSHDAHPE,EASPPDHH,10079,8
202,1_pos_1291,1,8,PSHDAHPE,HPSHAPED,10079,7
202,1_pos_1291,1,9,PSHDAHPE,SHHEPDAP,10079,7
203,0_neg_752,0,0,MPGLDSPAAVRRAAMDLLAR,RDPAAGRPALVDLMLASRAM,70396470143999,18
203,0_neg_752,0,1,MPGLDSPAAVRRAAMDLLAR,LAPGVADRRRSAPMMLLADA,70396470143999,18
203,0_neg_752,0,2,MPGLDSPAAVRRAAMDLLAR,LGMPDDAASPARVRMLAARL,70396470143999,16
203,0_neg_752,0,3,MPGLDSPAAVRRAAMDLLAR,APPAASVRLGLMLMDRRAAD,70396470143999,17
203,0_neg_752,0,4,MPGLDSPAAVRRAAMDLLAR,LARAMVLGPRAARADLMDPS,70396470143999,19
203,0_neg_752,0,5,MPGLDSPAAVRRAAMDLLAR,SRLLADPLDRVPMAAGRAMA,70396470143999,17
203,0_neg_752,0,6,MPGLDSPAAVRRAAMDLLAR,MDGLRRLDAAAPAMLRSAVP,70396470143999,15
203,0_neg_752,0,7,MPGLDSPAAVRRAAMDLLAR,MVMDPLRARARLSLAPAGDA,70396470143999,17
203,0_neg_752,0,8,MPGLDSPAAVRRAAMDLLAR,ALAADGLMRRVSPPRDMLAA,70396470143999,16
203,0_neg_752,0,9,MPGLDSPAAVRRAAMDLLAR,APSRDARAVPGDMLARMLAL,70396470143999,15
204,1_pos_896,1,0,DYDD,YDDD,3,2
204,1_pos_896,1,1,DYDD,DDYD,3,2
204,1_pos_896,1,2,DYDD,DDDY,3,2
205,0_neg_999,0,0,DKNKKPIWMAGFPGFTPIR,PGIKMKWFRNPGTPKDFIA,422378820863999,17
205,0_neg_999,0,1,DKNKKPIWMAGFPGFTPIR,FKKGDTMNPGRIFPIAPWK,422378820863999,17
205,0_neg_999,0,2,DKNKKPIWMAGFPGFTPIR,PIDNIKTKGGPWFMAKPRF,422378820863999,18
205,0_neg_999,0,3,DKNKKPIWMAGFPGFTPIR,RKKGPWDFMPGPTNIFIKA,422378820863999,16
205,0_neg_999,0,4,DKNKKPIWMAGFPGFTPIR,FNFIPPKARPIGTGKDWKM,422378820863999,17
205,0_neg_999,0,5,DKNKKPIWMAGFPGFTPIR,NPAFDPGKGIMKKPFWITR,422378820863999,16
205,0_neg_999,0,6,DKNKKPIWMAGFPGFTPIR,KGMNKDTPPFIGRWAFPIK,422378820863999,16
205,0_neg_999,0,7,DKNKKPIWMAGFPGFTPIR,GTIKRANKPMFPKIPFWDG,422378820863999,18
205,0_neg_999,0,8,DKNKKPIWMAGFPGFTPIR,ATRNPGFWFIPKKKDPGMI,422378820863999,18
205,0_neg_999,0,9,DKNKKPIWMAGFPGFTPIR,AMPKFKDTFPIGGRWKINP,422378820863999,18
206,0_neg_1328,0,0,TETTEGDFIAEGGGVR,DGITGVEATGFREETG,24216191999,15
206,0_neg_1328,0,1,TETTEGDFIAEGGGVR,VIGEGEEGDRFGTTAT,24216191999,15
206,0_neg_1328,0,2,TETTEGDFIAEGGGVR,VIGTAGETETERGGDF,24216191999,11
206,0_neg_1328,0,3,TETTEGDFIAEGGGVR,TGEDTERGEIGGFVAT,24216191999,14
206,0_neg_1328,0,4,TETTEGDFIAEGGGVR,TEAGIGTGVGTRFEDE,24216191999,13
206,0_neg_1328,0,5,TETTEGDFIAEGGGVR,GVDGIEEGEGFATTTR,24216191999,15
206,0_neg_1328,0,6,TETTEGDFIAEGGGVR,GTEGDEGVGARTEITF,24216191999,15
206,0_neg_1328,0,7,TETTEGDFIAEGGGVR,VETAGIGTTRDGGEFE,24216191999,12
206,0_neg_1328,0,8,TETTEGDFIAEGGGVR,TERFVGTEAIEGGTDG,24216191999,10
206,0_neg_1328,0,9,TETTEGDFIAEGGGVR,GEGGGRATIEVTETFD,24216191999,14
207,1_pos_1375,1,0,MVPYPQR,VYPQPRM,2519,5
207,1_pos_1375,1,1,MVPYPQR,MYVQPPR,2519,4
207,1_pos_1375,1,2,MVPYPQR,PMQYPVR,2519,4
207,1_pos_1375,1,3,MVPYPQR,PVYPQMR,2519,5
207,1_pos_1375,1,4,MVPYPQR,YRMPVQP,2519,6
207,1_pos_1375,1,5,MVPYPQR,VQYPMRP,2519,7
207,1_pos_1375,1,6,MVPYPQR,PYPMRVQ,2519,6
207,1_pos_1375,1,7,MVPYPQR,MPVRPYQ,2519,5
207,1_pos_1375,1,8,MVPYPQR,RPVYPQM,2519,4
207,1_pos_1375,1,9,MVPYPQR,VMQPPRY,2519,6
208,0_neg_191,0,0,LGSPFGGFDTLGSNR,GLDTGGRFNPLSGSF,6810803999,12
208,0_neg_191,0,1,LGSPFGGFDTLGSNR,GDSGTLFPGGRFSNL,6810803999,12
208,0_neg_191,0,2,LGSPFGGFDTLGSNR,RDGFGGNLTPSFGLS,6810803999,14
208,0_neg_191,0,3,LGSPFGGFDTLGSNR,LFGNRSGPTFLDSGG,6810803999,11
208,0_neg_191,0,4,LGSPFGGFDTLGSNR,PRSSTGGFNGFGLDL,6810803999,10
208,0_neg_191,0,5,LGSPFGGFDTLGSNR,TRLGNDLGSGGFPSF,6810803999,15
208,0_neg_191,0,6,LGSPFGGFDTLGSNR,LDNGRGFSLSFTPGG,6810803999,13
208,0_neg_191,0,7,LGSPFGGFDTLGSNR,GLFFRDSGSLPGNTG,6810803999,14
208,0_neg_191,0,8,LGSPFGGFDTLGSNR,PGGSRTDGGFSNLFL,6810803999,14
208,0_neg_191,0,9,LGSPFGGFDTLGSNR,NPGGDFSGFLSGTLR,6810803999,13
209,1_pos_41,1,0,AEYVRLY,RYELVYA,2519,7
209,1_pos_41,1,1,AEYVRLY,LRYAEVY,2519,5
209,1_pos_41,1,2,AEYVRLY,VLEARYY,2519,5
209,1_pos_41,1,3,AEYVRLY,RLYAVEY,2519,5
209,1_pos_41,1,4,AEYVRLY,RYYAVLE,2519,5
209,1_pos_41,1,5,AEYVRLY,LYAREYV,2519,7
209,1_pos_41,1,6,AEYVRLY,YAEYVRL,2519,7
209,1_pos_41,1,7,AEYVRLY,RAYEYVL,2519,6
209,1_pos_41,1,8,AEYVRLY,YERVYAL,2519,5
209,1_pos_41,1,9,AEYVRLY,YVREAYL,2519,7
210,1_pos_700,1,0,CHI,ICH,5,3
210,1_pos_700,1,1,CHI,CIH,5,2
210,1_pos_700,1,2,CHI,IHC,5,2
210,1_pos_700,1,3,CHI,HCI,5,2
210,1_pos_700,1,4,CHI,HIC,5,3
211,1_pos_1275,1,0,PHHADS,HHSADP,359,3
211,1_pos_1275,1,1,PHHADS,HPSADH,359,4
211,1_pos_1275,1,2,PHHADS,HDAHPS,359,5
211,1_pos_1275,1,3,PHHADS,ASDHPH,359,6
211,1_pos_1275,1,4,PHHADS,PSHHDA,359,3
211,1_pos_1275,1,5,PHHADS,AHPSDH,359,4
211,1_pos_1275,1,6,PHHADS,HAHDSP,359,5
211,1_pos_1275,1,7,PHHADS,ADHHPS,359,4
211,1_pos_1275,1,8,PHHADS,DAHPSH,359,5
211,1_pos_1275,1,9,PHHADS,SADPHH,359,6
212,1_pos_187,1,0,PC,CP,1,2
213,0_neg_56,0,0,FDKNQPWGVIRDLNVVNFKR,DVRDLWGQFNRKVNVKPIFN,4223788208639999,17
213,0_neg_56,0,1,FDKNQPWGVIRDLNVVNFKR,LNKWRFDVPVFNVDNGRQIK,4223788208639999,19
213,0_neg_56,0,2,FDKNQPWGVIRDLNVVNFKR,VNWNVGKRVDLDQKNIRFFP,4223788208639999,16
213,0_neg_56,0,3,FDKNQPWGVIRDLNVVNFKR,FPGWKRVVKNNVNIDQFRLD,4223788208639999,19
213,0_neg_56,0,4,FDKNQPWGVIRDLNVVNFKR,VRFRKGQIKNPVDLVNNFWD,4223788208639999,17
213,0_neg_56,0,5,FDKNQPWGVIRDLNVVNFKR,LNKVRFVNWDFNKDVGPIQR,4223788208639999,17
213,0_neg_56,0,6,FDKNQPWGVIRDLNVVNFKR,ILPKFVNFRVRDDQVKNNGW,4223788208639999,16
213,0_neg_56,0,7,FDKNQPWGVIRDLNVVNFKR,PRRVQNGNIKDWDFFKVLNV,4223788208639999,19
213,0_neg_56,0,8,FDKNQPWGVIRDLNVVNFKR,DNINVLWFRDRKKFQGVVNP,4223788208639999,17
213,0_neg_56,0,9,FDKNQPWGVIRDLNVVNFKR,QVFVDDVNPKNRFKWIRNLG,4223788208639999,20
214,0_neg_389,0,0,GAVPAAQFSPRL,LAPQGFSRAPAV,39916799,10
214,0_neg_389,0,1,GAVPAAQFSPRL,PAPQASFLGAVR,39916799,10
214,0_neg_389,0,2,GAVPAAQFSPRL,AQSAFGVPRLPA,39916799,12
214,0_neg_389,0,3,GAVPAAQFSPRL,AARGVAPSLFPQ,39916799,10
214,0_neg_389,0,4,GAVPAAQFSPRL,AVFLPASRQAPG,39916799,11
214,0_neg_389,0,5,GAVPAAQFSPRL,LAVASGPAFQRP,39916799,9
214,0_neg_389,0,6,GAVPAAQFSPRL,GFASAVARLPQP,39916799,9
214,0_neg_389,0,7,GAVPAAQFSPRL,LQAVFAASPRPG,39916799,11
214,0_neg_389,0,8,GAVPAAQFSPRL,GPVFALAPQRAS,39916799,9
214,0_neg_389,0,9,GAVPAAQFSPRL,ALGRVAPQAFPS,39916799,11
215,0_neg_176,0,0,GLGSLVGNALRIGAKLL,GALIKGRSGLLVNGLLA,61751289599,14
215,0_neg_176,0,1,GLGSLVGNALRIGAKLL,LLGLAGKLVGRNLSGAI,61751289599,14
215,0_neg_176,0,2,GLGSLVGNALRIGAKLL,GRVGGSIALLLNLLKGA,61751289599,14
215,0_neg_176,0,3,GLGSLVGNALRIGAKLL,LKVANGASIGLGLGRLL,61751289599,15
215,0_neg_176,0,4,GLGSLVGNALRIGAKLL,SGAIRGALLNGVKGLLL,61751289599,15
215,0_neg_176,0,5,GLGSLVGNALRIGAKLL,LRVSLGLNGKGIALGLA,61751289599,12
215,0_neg_176,0,6,GLGSLVGNALRIGAKLL,LSLRKGVNLIALLAGGG,61751289599,15
215,0_neg_176,0,7,GLGSLVGNALRIGAKLL,GLGGNVLIRASALLKLG,61751289599,11
215,0_neg_176,0,8,GLGSLVGNALRIGAKLL,GGSVILGLLRKGLANLA,61751289599,13
215,0_neg_176,0,9,GLGSLVGNALRIGAKLL,AGKRSLLGNLIGGLVAL,61751289599,14
216,1_pos_305,1,0,PPQ,PQP,2,2
216,1_pos_305,1,1,PPQ,QPP,2,2
217,0_neg_789,0,0,QPDPNAFYGLM,MNGQPALDFPY,19958399,10
217,0_neg_789,0,1,QPDPNAFYGLM,NQMADPGYPLF,19958399,9
217,0_neg_789,0,2,QPDPNAFYGLM,GQLPMDAYPFN,19958399,9
217,0_neg_789,0,3,QPDPNAFYGLM,PNMFQADYPLG,19958399,8
217,0_neg_789,0,4,QPDPNAFYGLM,PYDMFAGPNLQ,19958399,8
217,0_neg_789,0,5,QPDPNAFYGLM,QMFADPGYNLP,19958399,8
217,0_neg_789,0,6,QPDPNAFYGLM,GYPPMQANDFL,19958399,10
217,0_neg_789,0,7,QPDPNAFYGLM,PNDGYLAFPMQ,19958399,10
217,0_neg_789,0,8,QPDPNAFYGLM,FGNQMPLDPAY,19958399,11
217,0_neg_789,0,9,QPDPNAFYGLM,PMAGNQDLPFY,19958399,10
218,0_neg_975,0,0,FLSLIPHAINAISAIANHF,HHPFIALNSASIAILNAFI,6599669075999,17
218,0_neg_975,0,1,FLSLIPHAINAISAIANHF,AFNLLNSAIAAHIHSFIIP,6599669075999,15
218,0_neg_975,0,2,FLSLIPHAINAISAIANHF,SALISAIFINLNHIAFAHP,6599669075999,16
218,0_neg_975,0,3,FLSLIPHAINAISAIANHF,ALHHAILAAFNIFIPSINS,6599669075999,16
218,0_neg_975,0,4,FLSLIPHAINAISAIANHF,HIASHANFILISAPALFIN,6599669075999,18
218,0_neg_975,0,5,FLSLIPHAINAISAIANHF,FIIANPFHNLAAASIHSIL,6599669075999,15
218,0_neg_975,0,6,FLSLIPHAINAISAIANHF,AAIIHNAAPLNLISSIFFH,6599669075999,18
218,0_neg_975,0,7,FLSLIPHAINAISAIANHF,NFAFAHISALSIPINHALI,6599669075999,18
218,0_neg_975,0,8,FLSLIPHAINAISAIANHF,NFLILAAFHNASPSIIAHI,6599669075999,15
218,0_neg_975,0,9,FLSLIPHAINAISAIANHF,LSASAHIHINLNFAAFIPI,6599669075999,16
219,1_pos_696,1,0,HVCYMF,FMYHVC,719,6
219,1_pos_696,1,1,HVCYMF,VYCMHF,719,4
219,1_pos_696,1,2,HVCYMF,CVYFHM,719,5
219,1_pos_696,1,3,HVCYMF,HMCYFV,719,3
219,1_pos_696,1,4,HVCYMF,CMVFYH,719,6
219,1_pos_696,1,5,HVCYMF,FMYHCV,719,6
219,1_pos_696,1,6,HVCYMF,VHMYCF,719,4
219,1_pos_696,1,7,HVCYMF,HCMYVF,719,3
219,1_pos_696,1,8,HVCYMF,MVHFYC,719,5
219,1_pos_696,1,9,HVCYMF,VFCHMY,719,4
220,0_neg_1353,0,0,QGGPPRPQIPP,QIGRQPPGPPP,83159,6
220,0_neg_1353,0,1,QGGPPRPQIPP,PGIQGPPRQPP,83159,7
220,0_neg_1353,0,2,QGGPPRPQIPP,PGPGQIPQPPR,83159,7
220,0_neg_1353,0,3,QGGPPRPQIPP,GIGPPPQRPQP,83159,7
220,0_neg_1353,0,4,QGGPPRPQIPP,PRGPQPIPPGQ,83159,9
220,0_neg_1353,0,5,QGGPPRPQIPP,RQPGPIPPQGP,83159,8
220,0_neg_1353,0,6,QGGPPRPQIPP,GIPPQPQGPRP,83159,9
220,0_neg_1353,0,7,QGGPPRPQIPP,GQGPPRPIPQP,83159,5
220,0_neg_1353,0,8,QGGPPRPQIPP,GPRQPPIGPPQ,83159,9
220,0_neg_1353,0,9,QGGPPRPQIPP,RPQPPPGIQPG,83159,8
221,1_pos_1407,1,0,VEGGLS,EVGSLG,359,4
221,1_pos_1407,1,1,VEGGLS,VLGGES,359,2
221,1_pos_1407,1,2,VEGGLS,GVESLG,359,5
221,1_pos_1407,1,3,VEGGLS,VGSGEL,359,4
221,1_pos_1407,1,4,VEGGLS,GLEGSV,359,5
221,1_pos_1407,1,5,VEGGLS,GVLEGS,359,5
221,1_pos_1407,1,6,VEGGLS,GEGSLV,359,3
221,1_pos_1407,1,7,VEGGLS,SGVEGL,359,6
221,1_pos_1407,1,8,VEGGLS,GSVLGE,359,6
221,1_pos_1407,1,9,VEGGLS,GSELVG,359,6
222,1_pos_1125,1,0,QYP,PQY,5,3
222,1_pos_1125,1,1,QYP,YQP,5,2
222,1_pos_1125,1,2,QYP,QPY,5,2
222,1_pos_1125,1,3,QYP,YPQ,5,3
222,1_pos_1125,1,4,QYP,PYQ,5,2
223,1_pos_958,1,0,LNGDVW,GNDLVW,719,3
223,1_pos_958,1,1,LNGDVW,NDGVLW,719,4
223,1_pos_958,1,2,LNGDVW,LGNDWV,719,4
223,1_pos_958,1,3,LNGDVW,WDNVGL,719,6
223,1_pos_958,1,4,LNGDVW,DNWLVG,719,4
223,1_pos_958,1,5,LNGDVW,GDLVWN,719,6
223,1_pos_958,1,6,LNGDVW,DLNGVW,719,4
223,1_pos_958,1,7,LNGDVW,WLVGDN,719,6
223,1_pos_958,1,8,LNGDVW,WGDLVN,719,5
223,1_pos_958,1,9,LNGDVW,GDLNVW,719,4
224,1_pos_268,1,0,DQAKAFLEKDNK,KDKEKNAFQDAL,19958399,11
224,1_pos_268,1,1,DQAKAFLEKDNK,KAKNFLDAQDEK,19958399,10
224,1_pos_268,1,2,DQAKAFLEKDNK,LEKADDFKKQAN,19958399,11
224,1_pos_268,1,3,DQAKAFLEKDNK,AQKFEKAKDDNL,19958399,9
224,1_pos_268,1,4,DQAKAFLEKDNK,KADFANKLKEDQ,19958399,10
224,1_pos_268,1,5,DQAKAFLEKDNK,ADKKKDALEQNF,19958399,10
224,1_pos_268,1,6,DQAKAFLEKDNK,QKKANFDEKLAD,19958399,9
224,1_pos_268,1,7,DQAKAFLEKDNK,LAAKKFNKEQDD,19958399,9
224,1_pos_268,1,8,DQAKAFLEKDNK,NKADKAELQKFD,19958399,11
224,1_pos_268,1,9,DQAKAFLEKDNK,FNAKDEQAKLKD,19958399,9
225,1_pos_1231,1,0,HDH,DHH,2,2
225,1_pos_1231,1,1,HDH,HHD,2,2
226,0_neg_185,0,0,FLPIPRPILLGLL,LGFLIPIPPLRLL,4324319,10
226,0_neg_185,0,1,FLPIPRPILLGLL,RLIPILGPFLLPL,4324319,10
226,0_neg_185,0,2,FLPIPRPILLGLL,LIFPPLPRIGLLL,4324319,9
226,0_neg_185,0,3,FLPIPRPILLGLL,IPRLPFLLLGLIP,4324319,11
226,0_neg_185,0,4,FLPIPRPILLGLL,RPLILGFPLLILP,4324319,9
226,0_neg_185,0,5,FLPIPRPILLGLL,PLPLIGLLIRPLF,4324319,10
226,0_neg_185,0,6,FLPIPRPILLGLL,LLLPLPGILPFIR,4324319,10
226,0_neg_185,0,7,FLPIPRPILLGLL,RLPGPIFLLILLP,4324319,8
226,0_neg_185,0,8,FLPIPRPILLGLL,LLIGPFILRPLLP,4324319,10
226,0_neg_185,0,9,FLPIPRPILLGLL,IIRLLGLPFLPLP,4324319,11
227,1_pos_1129,1,0,GVPY,GVYP,23,2
227,1_pos_1129,1,1,GVPY,PVYG,23,3
227,1_pos_1129,1,2,GVPY,VPGY,23,3
227,1_pos_1129,1,3,GVPY,VGYP,23,4
227,1_pos_1129,1,4,GVPY,VGPY,23,2
227,1_pos_1129,1,5,GVPY,YGPV,23,3
227,1_pos_1129,1,6,GVPY,PYVG,23,4
227,1_pos_1129,1,7,GVPY,PGYV,23,4
227,1_pos_1129,1,8,GVPY,VYPG,23,3
227,1_pos_1129,1,9,GVPY,PVGY,23,2
228,1_pos_277,1,0,RW,WR,1,2
229,1_pos_538,1,0,YTY,TYY,2,2
229,1_pos_538,1,1,YTY,YYT,2,2
230,1_pos_1045,1,0,MILMR,IMLMR,59,2
230,1_pos_1045,1,1,MILMR,MLRMI,59,3
230,1_pos_1045,1,2,MILMR,MIMLR,59,2
230,1_pos_1045,1,3,MILMR,MMIRL,59,4
230,1_pos_1045,1,4,MILMR,RMMIL,59,5
230,1_pos_1045,1,5,MILMR,MRLIM,59,3
230,1_pos_1045,1,6,MILMR,RIMLM,59,4
230,1_pos_1045,1,7,MILMR,MMLIR,59,2
230,1_pos_1045,1,8,MILMR,LIRMM,59,3
230,1_pos_1045,1,9,MILMR,RILMM,59,2
231,0_neg_912,0,0,LGSLDEYAR,ALGRSEYLD,181439,7
231,0_neg_912,0,1,LGSLDEYAR,YGDERLASL,181439,8
231,0_neg_912,0,2,LGSLDEYAR,YRADSELLG,181439,8
231,0_neg_912,0,3,LGSLDEYAR,EYLADRLSG,181439,8
231,0_neg_912,0,4,LGSLDEYAR,AERYGDLLS,181439,9
231,0_neg_912,0,5,LGSLDEYAR,LGDEARSYL,181439,7
231,0_neg_912,0,6,LGSLDEYAR,SEGADLYRL,181439,7
231,0_neg_912,0,7,LGSLDEYAR,LERAGSLYD,181439,8
231,0_neg_912,0,8,LGSLDEYAR,LSLGAYERD,181439,8
231,0_neg_912,0,9,LGSLDEYAR,RAEDLSLYG,181439,9
232,0_neg_432,0,0,ESIASFQGVLDGKYD,DYSDIEVSLKAGQFG,163459295999,14
232,0_neg_432,0,1,ESIASFQGVLDGKYD,YIAFGLDDGSESKQV,163459295999,14
232,0_neg_432,0,2,ESIASFQGVLDGKYD,EGDSDYQFVGLKAIS,163459295999,12
232,0_neg_432,0,3,ESIASFQGVLDGKYD,DSQEILGDYVAFKGS,163459295999,13
232,0_neg_432,0,4,ESIASFQGVLDGKYD,GIFEKAGLQDVDSYS,163459295999,14
232,0_neg_432,0,5,ESIASFQGVLDGKYD,VADQEDYGGSSLFIK,163459295999,14
232,0_neg_432,0,6,ESIASFQGVLDGKYD,EDSSGYAQFLDIKVG,163459295999,11
232,0_neg_432,0,7,ESIASFQGVLDGKYD,KYFSSLGEQDGDVAI,163459295999,14
232,0_neg_432,0,8,ESIASFQGVLDGKYD,SQLFKYDASVGIGED,163459295999,14
232,0_neg_432,0,9,ESIASFQGVLDGKYD,VAQSISGDEGKYLDF,163459295999,15
233,1_pos_773,1,0,ALGGA,GLAAG,29,4
233,1_pos_773,1,1,ALGGA,GAALG,29,5
233,1_pos_773,1,2,ALGGA,GGAAL,29,5
233,1_pos_773,1,3,ALGGA,AGAGL,29,3
233,1_pos_773,1,4,ALGGA,GAGAL,29,4
233,1_pos_773,1,5,ALGGA,AGLGA,29,2
233,1_pos_773,1,6,ALGGA,LAAGG,29,4
233,1_pos_773,1,7,ALGGA,AGLAG,29,4
233,1_pos_773,1,8,ALGGA,AAGLG,29,3
233,1_pos_773,1,9,ALGGA,GGALA,29,4
234,0_neg_646,0,0,CYFNNCPVG,NCPCVNYGF,90719,9
234,0_neg_646,0,1,CYFNNCPVG,NGCYNVFPC,90719,8
234,0_neg_646,0,2,CYFNNCPVG,CGYCFVPNN,90719,7
234,0_neg_646,0,3,CYFNNCPVG,FVNNGPYCC,90719,8
234,0_neg_646,0,4,CYFNNCPVG,CVYGNPCNF,90719,7
234,0_neg_646,0,5,CYFNNCPVG,YGCNNVPFC,90719,6
234,0_neg_646,0,6,CYFNNCPVG,NCYPVGCFN,90719,9
234,0_neg_646,0,7,CYFNNCPVG,PNGVYFCNC,90719,9
234,0_neg_646,0,8,CYFNNCPVG,PVCNNYGCF,90719,7
234,0_neg_646,0,9,CYFNNCPVG,GNFVYPCCN,90719,8
235,0_neg_1443,0,0,ATQRLPPLSTEPNR,LEPQRTPRTNSPAL,1816214399,12
235,0_neg_1443,0,1,ATQRLPPLSTEPNR,RTPNPTELPLQSRA,1816214399,12
235,0_neg_1443,0,2,ATQRLPPLSTEPNR,QRTPTLNSRPEALP,1816214399,13
235,0_neg_1443,0,3,ATQRLPPLSTEPNR,LRQAPPTTRLPENS,1816214399,11
235,0_neg_1443,0,4,ATQRLPPLSTEPNR,NRPSLATPLQTPRE,1816214399,12
235,0_neg_1443,0,5,ATQRLPPLSTEPNR,EPRSNLQATLPPRT,1816214399,13
235,0_neg_1443,0,6,ATQRLPPLSTEPNR,LPQPRTPTLSNAER,1816214399,11
235,0_neg_1443,0,7,ATQRLPPLSTEPNR,PNTQARLLPSEPTR,1816214399,10
235,0_neg_1443,0,8,ATQRLPPLSTEPNR,NTERLSQLPRPPAT,1816214399,9
235,0_neg_1443,0,9,ATQRLPPLSTEPNR,RNPSPPELRTTALQ,1816214399,11
236,0_neg_262,0,0,CRQSCSFGPLTFVCDGNTK,CSRKTQVGLGCCFTSNPFD,1267136462591999,17
236,0_neg_262,0,1,CRQSCSFGPLTFVCDGNTK,TKCGCFQSLDRCNFGSVTP,1267136462591999,17
236,0_neg_262,0,2,CRQSCSFGPLTFVCDGNTK,RDTQPCKSCSFFCTGGNVL,1267136462591999,16
236,0_neg_262,0,3,CRQSCSFGPLTFVCDGNTK,FNCCVLRQPTGFSKDCSTG,1267136462591999,15
236,0_neg_262,0,4,CRQSCSFGPLTFVCDGNTK,FGQVPGSCCNCDTRSFTLK,1267136462591999,17
236,0_neg_262,0,5,CRQSCSFGPLTFVCDGNTK,CDNFRCSGTGSFVCLKQPT,1267136462591999,14
236,0_neg_262,0,6,CRQSCSFGPLTFVCDGNTK,CRDFLSGTQKPSTVCCNFG,1267136462591999,15
236,0_neg_262,0,7,CRQSCSFGPLTFVCDGNTK,PQFSNTGCCDKSCGVLRFT,1267136462591999,18
236,0_neg_262,0,8,CRQSCSFGPLTFVCDGNTK,TCVTQKGFPNCFLSDRSCG,1267136462591999,16
236,0_neg_262,0,9,CRQSCSFGPLTFVCDGNTK,KCNGPFFVQTTGRSCSCLD,1267136462591999,17
237,1_pos_1349,1,0,DEQIPSHPPR,DSPQRPIEPH,604799,8
237,1_pos_1349,1,1,DEQIPSHPPR,DPRISQPHEP,604799,8
237,1_pos_1349,1,2,DEQIPSHPPR,PPSDQREIPH,604799,9
237,1_pos_1349,1,3,DEQIPSHPPR,DHRPSPEPIQ,604799,8
237,1_pos_1349,1,4,DEQIPSHPPR,EQPSHRIDPP,604799,9
237,1_pos_1349,1,5,DEQIPSHPPR,PIHSEPDQRP,604799,10
237,1_pos_1349,1,6,DEQIPSHPPR,IPPRDEHSPQ,604799,8
237,1_pos_1349,1,7,DEQIPSHPPR,DEPIQRSHPP,604799,6
237,1_pos_1349,1,8,DEQIPSHPPR,EHSPQRDPPI,604799,8
237,1_pos_1349,1,9,DEQIPSHPPR,PPHRDIQESP,604799,10
238,1_pos_433,1,0,FY,YF,1,2
239,0_neg_1169,0,0,CSTCLDKP,PDSTKLCC,20159,8
239,0_neg_1169,0,1,CSTCLDKP,PSLCKCTD,20159,6
239,0_neg_1169,0,2,CSTCLDKP,CLCPKDTS,20159,6
239,0_neg_1169,0,3,CSTCLDKP,SLPCTKCD,20159,7
239,0_neg_1169,0,4,CSTCLDKP,LCCTKDSP,20159,6
239,0_neg_1169,0,5,CSTCLDKP,KCDCTSPL,20159,7
239,0_neg_1169,0,6,CSTCLDKP,PCTDCSKL,20159,6
239,0_neg_1169,0,7,CSTCLDKP,TKSPCCLD,20159,8
239,0_neg_1169,0,8,CSTCLDKP,CLPSKCTD,20159,7
239,0_neg_1169,0,9,CSTCLDKP,CPLSDCTK,20159,7
240,1_pos_1056,1,0,YYPFKGFA,FGYFAKYP,10079,7
240,1_pos_1056,1,1,YYPFKGFA,PGAYFFYK,10079,8
240,1_pos_1056,1,2,YYPFKGFA,GYFYAKFP,10079,6
240,1_pos_1056,1,3,YYPFKGFA,YFPKFAYG,10079,6
240,1_pos_1056,1,4,YYPFKGFA,YYFKAFPG,10079,6
240,1_pos_1056,1,5,YYPFKGFA,YPAGYFKF,10079,7
240,1_pos_1056,1,6,YYPFKGFA,FGAYPKYF,10079,8
240,1_pos_1056,1,7,YYPFKGFA,KYGFPYFA,10079,4
240,1_pos_1056,1,8,YYPFKGFA,APYKYFGF,10079,8
240,1_pos_1056,1,9,YYPFKGFA,KGFFYAPY,10079,7
241,0_neg_1201,0,0,NCCPIDEESCCS,SNIECCDSCCEP,4989599,11
241,0_neg_1201,0,1,NCCPIDEESCCS,CCEIECDSPCNS,4989599,9
241,0_neg_1201,0,2,NCCPIDEESCCS,IEECCCCNSPSD,4989599,11
241,0_neg_1201,0,3,NCCPIDEESCCS,CCDCNEPICSSE,4989599,11
241,0_neg_1201,0,4,NCCPIDEESCCS,ECCCDPSESNIC,4989599,8
241,0_neg_1201,0,5,NCCPIDEESCCS,CICEDCSPCNSE,4989599,11
241,0_neg_1201,0,6,NCCPIDEESCCS,SCCNICDSPCEE,4989599,8
241,0_neg_1201,0,7,NCCPIDEESCCS,CNPICESESDCC,4989599,9
241,0_neg_1201,0,8,NCCPIDEESCCS,SICEESPNDCCC,4989599,9
241,0_neg_1201,0,9,NCCPIDEESCCS,SPCECNESCICD,4989599,9
242,1_pos_783,1,0,LY,YL,1,2
243,1_pos_176,1,0,YASVV,AVYSV,59,4
243,1_pos_176,1,1,YASVV,VSYVA,59,4
243,1_pos_176,1,2,YASVV,SVYAV,59,4
243,1_pos_176,1,3,YASVV,AVSVY,59,3
243,1_pos_176,1,4,YASVV,VVASY,59,5
243,1_pos_176,1,5,YASVV,AYVSV,59,4
243,1_pos_176,1,6,YASVV,SYVVA,59,4
243,1_pos_176,1,7,YASVV,VYASV,59,4
243,1_pos_176,1,8,YASVV,YAVSV,59,2
243,1_pos_176,1,9,YASVV,SVYVA,59,4
244,0_neg_12,0,0,GNVAELTEVR,VTLNEAVREG,907199,9
244,0_neg_12,0,1,GNVAELTEVR,VETNVREGAL,907199,10
244,0_neg_12,0,2,GNVAELTEVR,LERVVNEATG,907199,10
244,0_neg_12,0,3,GNVAELTEVR,AVVETRGNEL,907199,9
244,0_neg_12,0,4,GNVAELTEVR,LETANVGERV,907199,8
244,0_neg_12,0,5,GNVAELTEVR,VELVAGTENR,907199,7
244,0_neg_12,0,6,GNVAELTEVR,VEELGVRATN,907199,10
244,0_neg_12,0,7,GNVAELTEVR,TNEGRAEVVL,907199,8
244,0_neg_12,0,8,GNVAELTEVR,VGVNLEAETR,907199,7
244,0_neg_12,0,9,GNVAELTEVR,VVAEREGNTL,907199,10
245,0_neg_1494,0,0,VGQDATISFK,GIKVATDSFQ,3628799,6
245,0_neg_1494,0,1,VGQDATISFK,KAVFQIDSGT,3628799,9
245,0_neg_1494,0,2,VGQDATISFK,SAIGKVTDFQ,3628799,9
245,0_neg_1494,0,3,VGQDATISFK,IDQFTGAVSK,3628799,8
245,0_neg_1494,0,4,VGQDATISFK,QFDVGKIAST,3628799,9
245,0_neg_1494,0,5,VGQDATISFK,KSQVIDFATG,3628799,9
245,0_neg_1494,0,6,VGQDATISFK,GQIKFVTSAD,3628799,9
245,0_neg_1494,0,7,VGQDATISFK,ATKDQFIVSG,3628799,8
245,0_neg_1494,0,8,VGQDATISFK,DGFITQSKVA,3628799,9
245,0_neg_1494,0,9,VGQDATISFK,GKFVTIAQSD,3628799,10
246,0_neg_725,0,0,MIEIRFHGRGGQGAV,MGREQGIIGGRAFHV,13621607999,12
246,0_neg_725,0,1,MIEIRFHGRGGQGAV,RIIVHGGERAGGQFM,13621607999,12
246,0_neg_725,0,2,MIEIRFHGRGGQGAV,HVQGEGFGRMAIRIG,13621607999,13
246,0_neg_725,0,3,MIEIRFHGRGGQGAV,FGEIGIRMARGGHVQ,13621607999,12
246,0_neg_725,0,4,MIEIRFHGRGGQGAV,GAIRMFIQREGHVGG,13621607999,12
246,0_neg_725,0,5,MIEIRFHGRGGQGAV,QGGGIIMRRHFAVGE,13621607999,14
246,0_neg_725,0,6,MIEIRFHGRGGQGAV,MGRRGGEAIHIGQFV,13621607999,13
246,0_neg_725,0,7,MIEIRFHGRGGQGAV,RVGGMEQHGRIIFAG,13621607999,14
246,0_neg_725,0,8,MIEIRFHGRGGQGAV,GIEVGGQARHMFIRG,13621607999,12
246,0_neg_725,0,9,MIEIRFHGRGGQGAV,EIMGFGAIVGRGRHQ,13621607999,13
247,0_neg_512,0,0,PKDSMLLLQVPVY,SMLPKVLDQLYVP,259459199,10
247,0_neg_512,0,1,PKDSMLLLQVPVY,MPSDLVKQLYLPV,259459199,13
247,0_neg_512,0,2,PKDSMLLLQVPVY,DKLLPLVPSQMVY,259459199,9
247,0_neg_512,0,3,PKDSMLLLQVPVY,PDVLYSPMQLLKV,259459199,11
247,0_neg_512,0,4,PKDSMLLLQVPVY,LLMVKSPVYLQDP,259459199,13
247,0_neg_512,0,5,PKDSMLLLQVPVY,VLLMYDSPLVKQP,259459199,12
247,0_neg_512,0,6,PKDSMLLLQVPVY,PMVDPLLKQVYLS,259459199,8
247,0_neg_512,0,7,PKDSMLLLQVPVY,PYVKMLDQVSPLL,259459199,9
247,0_neg_512,0,8,PKDSMLLLQVPVY,LLVPPVLMKSQDY,259459199,11
247,0_neg_512,0,9,PKDSMLLLQVPVY,PVVPYDLQLLKMS,259459199,11
248,0_neg_1151,0,0,YAIVARPRF,APAVYFRRI,90719,7
248,0_neg_1151,0,1,YAIVARPRF,RPYFIVARA,90719,8
248,0_neg_1151,0,2,YAIVARPRF,AIRYFPRAV,90719,9
248,0_neg_1151,0,3,YAIVARPRF,FARAIYPVR,90719,7
248,0_neg_1151,0,4,YAIVARPRF,VRYARIFPA,90719,9
248,0_neg_1151,0,5,YAIVARPRF,RARPYVIFA,90719,8
248,0_neg_1151,0,6,YAIVARPRF,VAARFYIRP,90719,7
248,0_neg_1151,0,7,YAIVARPRF,PAIFYAVRR,90719,6
248,0_neg_1151,0,8,YAIVARPRF,RYARAVFIP,90719,8
248,0_neg_1151,0,9,YAIVARPRF,PIYRVARFA,90719,9
249,1_pos_1244,1,0,CSQAPLA,ACAQLSP,2519,7
249,1_pos_1244,1,1,CSQAPLA,CPSLAAQ,2519,6
249,1_pos_1244,1,2,CSQAPLA,PLQASCA,2519,4
249,1_pos_1244,1,3,CSQAPLA,SACAQLP,2519,5
249,1_pos_1244,1,4,CSQAPLA,AACQLPS,2519,7
249,1_pos_1244,1,5,CSQAPLA,LCAASQP,2519,6
249,1_pos_1244,1,6,CSQAPLA,CQSALPA,2519,4
249,1_pos_1244,1,7,CSQAPLA,LAQCASP,2519,6
249,1_pos_1244,1,8,CSQAPLA,QPCASAL,2519,6
249,1_pos_1244,1,9,CSQAPLA,QALCPAS,2519,6
250,0_neg_978,0,0,GKPFYPPPIYPEDM,PIDYFYGPPPMKPE,363242879,13
250,0_neg_978,0,1,GKPFYPPPIYPEDM,MDFEPKPPPYGIYP,363242879,11
250,0_neg_978,0,2,GKPFYPPPIYPEDM,EKMPYIPDFPPGPY,363242879,10
250,0_neg_978,0,3,GKPFYPPPIYPEDM,YGPMDKPPEFPIYP,363242879,10
250,0_neg_978,0,4,GKPFYPPPIYPEDM,MFGEPPYIPPPYKD,363242879,12
250,0_neg_978,0,5,GKPFYPPPIYPEDM,IEDPYPYPFKPGPM,363242879,9
250,0_neg_978,0,6,GKPFYPPPIYPEDM,DGMEKYPPIPFPPY,363242879,11
250,0_neg_978,0,7,GKPFYPPPIYPEDM,YPIGPPEPPKDFYM,363242879,11
250,0_neg_978,0,8,GKPFYPPPIYPEDM,MFPDEPPKPYPGIY,363242879,9
250,0_neg_978,0,9,GKPFYPPPIYPEDM,PDPEPGYIFYMKPP,363242879,12
251,0_neg_46,0,0,WLRMASGLTDYR,LRYRDSGAMWTL,119750399,10
251,0_neg_46,0,1,WLRMASGLTDYR,LMLDGARWTRYS,119750399,10
251,0_neg_46,0,2,WLRMASGLTDYR,DMSRTLYGALRW,119750399,12
251,0_neg_46,0,3,WLRMASGLTDYR,WLGRTASLYMRD,119750399,9
251,0_neg_46,0,4,WLRMASGLTDYR,TYLDWSRLARMG,119750399,10
251,0_neg_46,0,5,WLRMASGLTDYR,MSDTYLALWRGR,119750399,10
251,0_neg_46,0,6,WLRMASGLTDYR,RYAGWSLTDLMR,119750399,10
251,0_neg_46,0,7,WLRMASGLTDYR,MYRDTSAGLWRL,119750399,10
251,0_neg_46,0,8,WLRMASGLTDYR,SWRMGYLDTRLA,119750399,9
251,0_neg_46,0,9,WLRMASGLTDYR,AGYSLTDMLWRR,119750399,11
252,1_pos_841,1,0,LEEAF,EAELF,59,3
252,1_pos_841,1,1,LEEAF,EFALE,59,5
252,1_pos_841,1,2,LEEAF,AFLEE,59,5
252,1_pos_841,1,3,LEEAF,LAEEF,59,2
252,1_pos_841,1,4,LEEAF,ELAFE,59,5
252,1_pos_841,1,5,LEEAF,ELEFA,59,4
252,1_pos_841,1,6,LEEAF,FELAE,59,3
252,1_pos_841,1,7,LEEAF,EAFLE,59,5
252,1_pos_841,1,8,LEEAF,EFELA,59,4
252,1_pos_841,1,9,LEEAF,AEFLE,59,4
253,1_pos_703,1,0,KAVPYPQ,PQVPYKA,2519,4
253,1_pos_703,1,1,KAVPYPQ,KPYVPAQ,2519,5
253,1_pos_703,1,2,KAVPYPQ,AQYPVPK,2519,5
253,1_pos_703,1,3,KAVPYPQ,PYAQKPV,2519,6
253,1_pos_703,1,4,KAVPYPQ,PKYAPVQ,2519,6
253,1_pos_703,1,5,KAVPYPQ,APQYVPK,2519,6
253,1_pos_703,1,6,KAVPYPQ,YQPAVPK,2519,6
253,1_pos_703,1,7,KAVPYPQ,VPKPYAQ,2519,4
253,1_pos_703,1,8,KAVPYPQ,YAVPPKQ,2519,3
253,1_pos_703,1,9,KAVPYPQ,VPQAYPK,2519,5
254,0_neg_340,0,0,EGCCSNPPCRHTHPEVC,PPESPTHCNCECCGHVR,617512895999,16
254,0_neg_340,0,1,EGCCSNPPCRHTHPEVC,CTCSGHHCCVNPEPREP,617512895999,14
254,0_neg_340,0,2,EGCCSNPPCRHTHPEVC,HVRPCSPCEGNPTCHEC,617512895999,15
254,0_neg_340,0,3,EGCCSNPPCRHTHPEVC,SHECEHCGRNPCPVCPT,617512895999,16
254,0_neg_340,0,4,EGCCSNPPCRHTHPEVC,CCCRHPCVGPPNSETEH,617512895999,16
254,0_neg_340,0,5,EGCCSNPPCRHTHPEVC,CCSTNPCRCGPHPVHEE,617512895999,16
254,0_neg_340,0,6,EGCCSNPPCRHTHPEVC,VHCRCEHCNPSPGPTEC,617512895999,14
254,0_neg_340,0,7,EGCCSNPPCRHTHPEVC,HSVCNPCPCPECEHTGR,617512895999,14
254,0_neg_340,0,8,EGCCSNPPCRHTHPEVC,GPRSCCNVETCHPEPHC,617512895999,16
254,0_neg_340,0,9,EGCCSNPPCRHTHPEVC,CSEEPCTHPRNCPVGHC,617512895999,15
255,0_neg_1490,0,0,LSAGPNGGSIAKLSVK,VPGGKGSLSLNAASIK,72648575999,12
255,0_neg_1490,0,1,LSAGPNGGSIAKLSVK,GLSKNSGLKVGIASAP,72648575999,14
255,0_neg_1490,0,2,LSAGPNGGSIAKLSVK,GVGSNGIAKSLSPLAK,72648575999,15
255,0_neg_1490,0,3,LSAGPNGGSIAKLSVK,SPGLISSKKALGVAGN,72648575999,16
255,0_neg_1490,0,4,LSAGPNGGSIAKLSVK,INKSAGKPSAGLLVGS,72648575999,14
255,0_neg_1490,0,5,LSAGPNGGSIAKLSVK,AVKSLNSSAIGGLPKG,72648575999,13
255,0_neg_1490,0,6,LSAGPNGGSIAKLSVK,GGLISKGLANSSPAKV,72648575999,15
255,0_neg_1490,0,7,LSAGPNGGSIAKLSVK,GKSSKVINALGAPLGS,72648575999,16
255,0_neg_1490,0,8,LSAGPNGGSIAKLSVK,NKLSSAGLPAGVISKG,72648575999,14
255,0_neg_1490,0,9,LSAGPNGGSIAKLSVK,KLGLGSINKVPSAAGS,72648575999,16
256,0_neg_960,0,0,DMDDFGLGDFDDGR,LFDGGGMDFDDRDD,10090079,11
256,0_neg_960,0,1,DMDDFGLGDFDDGR,GRDDFLDMGDFGDD,10090079,11
256,0_neg_960,0,2,DMDDFGLGDFDDGR,MDDLGFFGGDDRDD,10090079,11
256,0_neg_960,0,3,DMDDFGLGDFDDGR,GRDFDDFDMGLDDG,10090079,12
256,0_neg_960,0,4,DMDDFGLGDFDDGR,DDGGDMDFDRGDLF,10090079,11
256,0_neg_960,0,5,DMDDFGLGDFDDGR,GDDDMGDFGDRDLF,10090079,10
256,0_neg_960,0,6,DMDDFGLGDFDDGR,DGLRDFMDGGDDFD,10090079,11
256,0_neg_960,0,7,DMDDFGLGDFDDGR,LDGFDDGRMFGDDD,10090079,12
256,0_neg_960,0,8,DMDDFGLGDFDDGR,DGRDFGDDDGLFDM,10090079,9
256,0_neg_960,0,9,DMDDFGLGDFDDGR,FDGDGMRDLGDDFD,10090079,11
257,0_neg_282,0,0,CFPGNCPDS,PSPDCCNFG,90719,7
257,0_neg_282,0,1,CFPGNCPDS,PDFCNSGPC,90719,8
257,0_neg_282,0,2,CFPGNCPDS,SNGPCDCFP,90719,9
257,0_neg_282,0,3,CFPGNCPDS,PNGSCDPFC,90719,8
257,0_neg_282,0,4,CFPGNCPDS,SGPDNCCFP,90719,6
257,0_neg_282,0,5,CFPGNCPDS,SDFCNPGCP,90719,8
257,0_neg_282,0,6,CFPGNCPDS,PCCGPDSFN,90719,8
257,0_neg_282,0,7,CFPGNCPDS,DPNPCCFSG,90719,8
257,0_neg_282,0,8,CFPGNCPDS,CPCDFPSGN,90719,8
257,0_neg_282,0,9,CFPGNCPDS,GSCNCPPFD,90719,8
258,1_pos_756,1,0,LEQQVDDLEGSLEQEKK,EQSQLLLEDQEGDEKVK,102918815999,15
258,1_pos_756,1,1,LEQQVDDLEGSLEQEKK,KDQSGLKQLVEEEQEDL,102918815999,13
258,1_pos_756,1,2,LEQQVDDLEGSLEQEKK,VSQLKLQKQLDEEDEGE,102918815999,14
258,1_pos_756,1,3,LEQQVDDLEGSLEQEKK,QDGQELQKEEVSELLDK,102918815999,13
258,1_pos_756,1,4,LEQQVDDLEGSLEQEKK,KQKELEVSEQDLQLDGE,102918815999,15
258,1_pos_756,1,5,LEQQVDDLEGSLEQEKK,EQKLDDGESQELQEVKL,102918815999,14
258,1_pos_756,1,6,LEQQVDDLEGSLEQEKK,KQQVQLSEGKDEELELD,102918815999,14
258,1_pos_756,1,7,LEQQVDDLEGSLEQEKK,EVLQQKESDLELKGDQE,102918815999,15
258,1_pos_756,1,8,LEQQVDDLEGSLEQEKK,LLEGDSQDQEEQVKLKE,102918815999,15
258,1_pos_756,1,9,LEQQVDDLEGSLEQEKK,QLGQKELEQSEKDVDEL,102918815999,16
259,0_neg_413,0,0,EVRPFPEVYERIA,VFPIAPVREEREY,129729599,10
259,0_neg_413,0,1,EVRPFPEVYERIA,EVEIPVPREAYFR,129729599,11
259,0_neg_413,0,2,EVRPFPEVYERIA,PRYEIFERVPAEV,129729599,12
259,0_neg_413,0,3,EVRPFPEVYERIA,PRFAVIPRVYEEE,129729599,13
259,0_neg_413,0,4,EVRPFPEVYERIA,EEEFRIPYARVVP,129729599,12
259,0_neg_413,0,5,EVRPFPEVYERIA,RVPEYRVEFPIAE,129729599,12
259,0_neg_413,0,6,EVRPFPEVYERIA,EEFAEPYPRVVIR,129729599,10
259,0_neg_413,0,7,EVRPFPEVYERIA,YAFVIEEPPRVER,129729599,12
259,0_neg_413,0,8,EVRPFPEVYERIA,APYFRPVREIEEV,129729599,12
259,0_neg_413,0,9,EVRPFPEVYERIA,VPVPFAEREIERY,129729599,10
260,0_neg_462,0,0,FIGGIISFIKKLF,FKKGIIFGLIFSI,10810799,9
260,0_neg_462,0,1,FIGGIISFIKKLF,FKGLGFIISKIIF,10810799,9
260,0_neg_462,0,2,FIGGIISFIKKLF,SKLFFIGFGIIIK,10810799,11
260,0_neg_462,0,3,FIGGIISFIKKLF,FSIKKGGLIIFFI,10810799,11
260,0_neg_462,0,4,FIGGIISFIKKLF,FFISFIKLKGGII,10810799,11
260,0_neg_462,0,5,FIGGIISFIKKLF,LSFIKIFFGKIIG,10810799,10
260,0_neg_462,0,6,FIGGIISFIKKLF,FLIFFKISGIKIG,10810799,11
260,0_neg_462,0,7,FIGGIISFIKKLF,FFSIGFIILIKGK,10810799,11
260,0_neg_462,0,8,FIGGIISFIKKLF,IFGIIFKGLSKIF,10810799,9
260,0_neg_462,0,9,FIGGIISFIKKLF,ISFKLIIIFGFGK,10810799,12
261,0_neg_1239,0,0,MARIAGVNIPTGKRVPI,GKGAPTMPVVRIRINAI,1852538687999,16
261,0_neg_1239,0,1,MARIAGVNIPTGKRVPI,NPAIPVMAVKGTRIGRI,1852538687999,15
261,0_neg_1239,0,2,MARIAGVNIPTGKRVPI,TGRMNIAAVKVPRGIPI,1852538687999,14
261,0_neg_1239,0,3,MARIAGVNIPTGKRVPI,VPNRMIGIAPAVTIKRG,1852538687999,16
261,0_neg_1239,0,4,MARIAGVNIPTGKRVPI,PRIKPVVATRMIGNGIA,1852538687999,16
261,0_neg_1239,0,5,MARIAGVNIPTGKRVPI,ARPAVTRMIGVPGNKII,1852538687999,15
261,0_neg_1239,0,6,MARIAGVNIPTGKRVPI,IPAATPIRGRKVVMNGI,1852538687999,16
261,0_neg_1239,0,7,MARIAGVNIPTGKRVPI,AGGAIKVRMPTVPIRNI,1852538687999,13
261,0_neg_1239,0,8,MARIAGVNIPTGKRVPI,GMTRIVPVIKAGANRIP,1852538687999,15
261,0_neg_1239,0,9,MARIAGVNIPTGKRVPI,TIPANPARMRGVIKIGV,1852538687999,17
262,1_pos_1420,1,0,AGGF,AFGG,11,2
262,1_pos_1420,1,1,AGGF,FGAG,11,3
262,1_pos_1420,1,2,AGGF,AGFG,11,2
262,1_pos_1420,1,3,AGGF,FAGG,11,3
262,1_pos_1420,1,4,AGGF,GFAG,11,4
262,1_pos_1420,1,5,AGGF,FGGA,11,2
262,1_pos_1420,1,6,AGGF,GFGA,11,3
262,1_pos_1420,1,7,AGGF,GGAF,11,2
262,1_pos_1420,1,8,AGGF,GAFG,11,4
262,1_pos_1420,1,9,AGGF,GGFA,11,3
263,0_neg_1521,0,0,IRCTGSKECYSPSY,YCSKSRSYCIPETG,3632428799,13
263,0_neg_1521,0,1,IRCTGSKECYSPSY,ESYGKPSISCYCRT,3632428799,14
263,0_neg_1521,0,2,IRCTGSKECYSPSY,SYPSYCCRITGSEK,3632428799,14
263,0_neg_1521,0,3,IRCTGSKECYSPSY,GKSPSIRCEYSCTY,3632428799,11
263,0_neg_1521,0,4,IRCTGSKECYSPSY,SRSKYPSETICGYC,3632428799,12
263,0_neg_1521,0,5,IRCTGSKECYSPSY,ISCRYPKGSTECYS,3632428799,11
263,0_neg_1521,0,6,IRCTGSKECYSPSY,KYYSCSIRGPCEST,3632428799,12
263,0_neg_1521,0,7,IRCTGSKECYSPSY,PSYECSRGKCTSYI,3632428799,13
263,0_neg_1521,0,8,IRCTGSKECYSPSY,TRCEGCSYSSPIYK,3632428799,11
263,0_neg_1521,0,9,IRCTGSKECYSPSY,CSYIPTRYSSGCKE,3632428799,14
264,1_pos_918,1,0,KFPE,FEKP,23,4
264,1_pos_918,1,1,KFPE,PEKF,23,4
264,1_pos_918,1,2,KFPE,PFKE,23,2
264,1_pos_918,1,3,KFPE,PKEF,23,4
264,1_pos_918,1,4,KFPE,PKFE,23,3
264,1_pos_918,1,5,KFPE,KEPF,23,2
264,1_pos_918,1,6,KFPE,EPKF,23,4
264,1_pos_918,1,7,KFPE,FPEK,23,4
264,1_pos_918,1,8,KFPE,EKPF,23,3
264,1_pos_918,1,9,KFPE,FPKE,23,3
265,0_neg_1247,0,0,APYQKRNI,NPIAYKRQ,40319,7
265,0_neg_1247,0,1,APYQKRNI,IPKRAYQN,40319,7
265,0_neg_1247,0,2,APYQKRNI,YPQRKINA,40319,5
265,0_neg_1247,0,3,APYQKRNI,INKPRQYA,40319,8
265,0_neg_1247,0,4,APYQKRNI,IRYANKPQ,40319,7
265,0_neg_1247,0,5,APYQKRNI,APIYNRKQ,40319,5
265,0_neg_1247,0,6,APYQKRNI,APNIKRYQ,40319,4
265,0_neg_1247,0,7,APYQKRNI,RINKPQAY,40319,8
265,0_neg_1247,0,8,APYQKRNI,KNRYPAQI,40319,7
265,0_neg_1247,0,9,APYQKRNI,KQIAPNYR,40319,8
266,0_neg_1466,0,0,GVIDAAKKVVNVLKNLF,ADVKLNLKNKVIFAVVG,308756447999,16
266,0_neg_1466,0,1,GVIDAAKKVVNVLKNLF,VAIAKVNKNKFVLDLVG,308756447999,13
266,0_neg_1466,0,2,GVIDAAKKVVNVLKNLF,GLVVVNKKFVNADAKLI,308756447999,11
266,0_neg_1466,0,3,GVIDAAKKVVNVLKNLF,KKVANNVLDKIVVGAFL,308756447999,16
266,0_neg_1466,0,4,GVIDAAKKVVNVLKNLF,DAKKLIVVVNVFALGKN,308756447999,16
266,0_neg_1466,0,5,GVIDAAKKVVNVLKNLF,VKNGLLKAVAVKIVFND,308756447999,15
266,0_neg_1466,0,6,GVIDAAKKVVNVLKNLF,VAIKVNDVLVAFKLGKN,308756447999,15
266,0_neg_1466,0,7,GVIDAAKKVVNVLKNLF,KGVKKVVDILVNAALFN,308756447999,17
266,0_neg_1466,0,8,GVIDAAKKVVNVLKNLF,VKILDAVVNKLANVKGF,308756447999,14
266,0_neg_1466,0,9,GVIDAAKKVVNVLKNLF,LAVKINAKVVFGLKDVN,308756447999,12
267,0_neg_164,0,0,TPQQDFMRF,FRDMQTFPQ,90719,9
267,0_neg_164,0,1,TPQQDFMRF,DFQQRFPMT,90719,6
267,0_neg_164,0,2,TPQQDFMRF,FTFQDPQMR,90719,7
267,0_neg_164,0,3,TPQQDFMRF,QFTPDRFQM,90719,8
267,0_neg_164,0,4,TPQQDFMRF,FQRFTPMDQ,90719,8
267,0_neg_164,0,5,TPQQDFMRF,RFFDQMPQT,90719,9
267,0_neg_164,0,6,TPQQDFMRF,QMFDQRPFT,90719,9
267,0_neg_164,0,7,TPQQDFMRF,QMPFFRTQD,90719,9
267,0_neg_164,0,8,TPQQDFMRF,FPRQTMDQF,90719,6
267,0_neg_164,0,9,TPQQDFMRF,PMDQQFRFT,90719,7
268,1_pos_861,1,0,APSFSDIPNPIGSENSE,DPNEIGSSNAIPFESSP,308756447999,12
268,1_pos_861,1,1,APSFSDIPNPIGSENSE,DIFSESEPSPINNGASP,308756447999,13
268,1_pos_861,1,2,APSFSDIPNPIGSENSE,NSEDANIPPSIGSSFPE,308756447999,11
268,1_pos_861,1,3,APSFSDIPNPIGSENSE,PDNSFEIGSSNPAESPI,308756447999,15
268,1_pos_861,1,4,APSFSDIPNPIGSENSE,NFSAPSSIDNSGIEEPP,308756447999,14
268,1_pos_861,1,5,APSFSDIPNPIGSENSE,PPGSASNESEINDSFPI,308756447999,15
268,1_pos_861,1,6,APSFSDIPNPIGSENSE,IPGSDFEPSSPNIESNA,308756447999,14
268,1_pos_861,1,7,APSFSDIPNPIGSENSE,IAPPDNPIEFSSSGSEN,308756447999,16
268,1_pos_861,1,8,APSFSDIPNPIGSENSE,PFGPNNISDPSEAEISS,308756447999,13
268,1_pos_861,1,9,APSFSDIPNPIGSENSE,SNNDAESGIESFPISPP,308756447999,17
269,1_pos_1174,1,0,FIKK,IFKK,11,2
269,1_pos_1174,1,1,FIKK,IKFK,11,3
269,1_pos_1174,1,2,FIKK,KIFK,11,2
269,1_pos_1174,1,3,FIKK,FKKI,11,2
269,1_pos_1174,1,4,FIKK,KFKI,11,3
269,1_pos_1174,1,5,FIKK,KFIK,11,3
269,1_pos_1174,1,6,FIKK,FKIK,11,2
269,1_pos_1174,1,7,FIKK,IKKF,11,3
269,1_pos_1174,1,8,FIKK,KKIF,11,4
269,1_pos_1174,1,9,FIKK,KIKF,11,2
270,0_neg_1240,0,0,SGETSGEGNGMWFGPRL,GEMGTRLNWGPFSGGSE,741015475199,15
270,0_neg_1240,0,1,SGETSGEGNGMWFGPRL,EGWGSSPRGGNMTLFGE,741015475199,14
270,0_neg_1240,0,2,SGETSGEGNGMWFGPRL,GGERMTEGNGPLFWSGS,741015475199,10
270,0_neg_1240,0,3,SGETSGEGNGMWFGPRL,PSGNGGEWFRGSLMTEG,741015475199,15
270,0_neg_1240,0,4,SGETSGEGNGMWFGPRL,GSFEEGMTRGNLGPSGW,741015475199,15
270,0_neg_1240,0,5,SGETSGEGNGMWFGPRL,GMTSWGGRNPLESGGFE,741015475199,14
270,0_neg_1240,0,6,SGETSGEGNGMWFGPRL,ESGNGMEFSRWTGLGGP,741015475199,16
270,0_neg_1240,0,7,SGETSGEGNGMWFGPRL,SNEFLPERGTGWMGSGG,741015475199,12
270,0_neg_1240,0,8,SGETSGEGNGMWFGPRL,TSGGPGWENESGLRGFM,741015475199,15
270,0_neg_1240,0,9,SGETSGEGNGMWFGPRL,SGSEMTFGNGGPWERLG,741015475199,12
271,1_pos_781,1,0,LFSPR,LFRSP,119,3
271,1_pos_781,1,1,LFSPR,PLFSR,119,4
271,1_pos_781,1,2,LFSPR,RFLSP,119,4
271,1_pos_781,1,3,LFSPR,FPSRL,119,4
271,1_pos_781,1,4,LFSPR,RSFPL,119,4
271,1_pos_781,1,5,LFSPR,LPRSF,119,4
271,1_pos_781,1,6,LFSPR,RPLSF,119,5
271,1_pos_781,1,7,LFSPR,FPLRS,119,5
271,1_pos_781,1,8,LFSPR,PRFSL,119,5
271,1_pos_781,1,9,LFSPR,LFPSR,119,2
272,0_neg_1367,0,0,GMWSKILGHLIR,MHGLLRKISIWG,59875199,12
272,0_neg_1367,0,1,GMWSKILGHLIR,WRIMGLKIGSLH,59875199,12
272,0_neg_1367,0,2,GMWSKILGHLIR,LLMIWSGRKIGH,59875199,12
272,0_neg_1367,0,3,GMWSKILGHLIR,IHKSGRWMILGL,59875199,10
272,0_neg_1367,0,4,GMWSKILGHLIR,WLIMSRLGGKHI,59875199,10
272,0_neg_1367,0,5,GMWSKILGHLIR,SLGMILKWIHGR,59875199,11
272,0_neg_1367,0,6,GMWSKILGHLIR,GWLHIISRLKGM,59875199,10
272,0_neg_1367,0,7,GMWSKILGHLIR,GWGKLLMISRIH,59875199,10
272,0_neg_1367,0,8,GMWSKILGHLIR,RGLIMISLGWKH,59875199,11
272,0_neg_1367,0,9,GMWSKILGHLIR,SGRLHWMGKLII,59875199,9
273,0_neg_493,0,0,ELVSNASDALDKLR,LAKLDDENVRSLSA,1816214399,14
273,0_neg_493,0,1,ELVSNASDALDKLR,DRSALVEKSALLND,1816214399,14
273,0_neg_493,0,2,ELVSNASDALDKLR,VRAELLSDSDANLK,1816214399,11
273,0_neg_493,0,3,ELVSNASDALDKLR,DSSLVKNAADRELL,1816214399,12
273,0_neg_493,0,4,ELVSNASDALDKLR,ESNDADALLVLRSK,1816214399,13
273,0_neg_493,0,5,ELVSNASDALDKLR,LADLSAVEDKLNRS,1816214399,13
273,0_neg_493,0,6,ELVSNASDALDKLR,DNALDLKESSAVLR,1816214399,12
273,0_neg_493,0,7,ELVSNASDALDKLR,SRLANLEDSVDKLA,1816214399,9
273,0_neg_493,0,8,ELVSNASDALDKLR,ELKDARSLNLDSVA,1816214399,9
273,0_neg_493,0,9,ELVSNASDALDKLR,LKLEAADDSVNLSR,1816214399,11
274,1_pos_891,1,0,VLSLSQSKVLPVPQK,VSQPSLQVKPVSLKL,756755999,13
274,1_pos_891,1,1,VLSLSQSKVLPVPQK,SKVVPKLLQLQSVPS,756755999,14
274,1_pos_891,1,2,VLSLSQSKVLPVPQK,SPVQQLSSKKVVLLP,756755999,13
274,1_pos_891,1,3,VLSLSQSKVLPVPQK,SKQPVVQVPLLLKSS,756755999,14
274,1_pos_891,1,4,VLSLSQSKVLPVPQK,VLPLPKSQSQSVVKL,756755999,10
274,1_pos_891,1,5,VLSLSQSKVLPVPQK,KQLLPVQLSSSVPKV,756755999,12
274,1_pos_891,1,6,VLSLSQSKVLPVPQK,LKQSVPKVPVSLSQL,756755999,14
274,1_pos_891,1,7,VLSLSQSKVLPVPQK,VVQLKSPLSVPLKSQ,756755999,12
274,1_pos_891,1,8,VLSLSQSKVLPVPQK,LVKPLKQVSQLVPSS,756755999,13
274,1_pos_891,1,9,VLSLSQSKVLPVPQK,QLSSKPLSPVQKVLV,756755999,13
275,0_neg_1384,0,0,AGLLDILGL,LGLGLILDA,7559,5
275,0_neg_1384,0,1,AGLLDILGL,LLAGGLLDI,7559,8
275,0_neg_1384,0,2,AGLLDILGL,LLAGLIDGL,7559,6
275,0_neg_1384,0,3,AGLLDILGL,ALDLLGGIL,7559,6
275,0_neg_1384,0,4,AGLLDILGL,GIGALDLLL,7559,7
275,0_neg_1384,0,5,AGLLDILGL,ADLLGILGL,7559,2
275,0_neg_1384,0,6,AGLLDILGL,LGIDLLGLA,7559,8
275,0_neg_1384,0,7,AGLLDILGL,LLAGDIGLL,7559,6
275,0_neg_1384,0,8,AGLLDILGL,ALLDGLILG,7559,7
275,0_neg_1384,0,9,AGLLDILGL,LDGLILAGL,7559,6
276,1_pos_1079,1,0,YIPIQY,IYQPIY,179,5
276,1_pos_1079,1,1,YIPIQY,IYYQPI,179,6
276,1_pos_1079,1,2,YIPIQY,YYQIPI,179,4
276,1_pos_1079,1,3,YIPIQY,YIYPQI,179,3
276,1_pos_1079,1,4,YIPIQY,YIIYPQ,179,4
276,1_pos_1079,1,5,YIPIQY,QPIIYY,179,4
276,1_pos_1079,1,6,YIPIQY,IYPQYI,179,5
276,1_pos_1079,1,7,YIPIQY,YPYQII,179,5
276,1_pos_1079,1,8,YIPIQY,IPYQIY,179,5
276,1_pos_1079,1,9,YIPIQY,PQYIIY,179,4
277,0_neg_1119,0,0,IWSGIQGAF,WGIFISGAQ,90719,6
277,0_neg_1119,0,1,IWSGIQGAF,IGAQFWIGS,90719,8
277,0_neg_1119,0,2,IWSGIQGAF,QFWAGIIGS,90719,9
277,0_neg_1119,0,3,IWSGIQGAF,GFSWQIGAI,90719,6
277,0_neg_1119,0,4,IWSGIQGAF,IWGFSQIAG,90719,5
277,0_neg_1119,0,5,IWSGIQGAF,GIQSWIAGF,90719,8
277,0_neg_1119,0,6,IWSGIQGAF,IGFGWISQA,90719,7
277,0_neg_1119,0,7,IWSGIQGAF,QIASWGGIF,90719,7
277,0_neg_1119,0,8,IWSGIQGAF,AIQIWFGSG,90719,8
277,0_neg_1119,0,9,IWSGIQGAF,AWIFGIQGS,90719,8
278,1_pos_1312,1,0,KILIYG,IYILKG,359,5
278,1_pos_1312,1,1,KILIYG,YIGILK,359,4
278,1_pos_1312,1,2,KILIYG,KGYLII,359,5
278,1_pos_1312,1,3,KILIYG,IYKILG,359,4
278,1_pos_1312,1,4,KILIYG,YGIILK,359,5
278,1_pos_1312,1,5,KILIYG,YLGIKI,359,5
278,1_pos_1312,1,6,KILIYG,GILKIY,359,4
278,1_pos_1312,1,7,KILIYG,IKGIYL,359,4
278,1_pos_1312,1,8,KILIYG,IGYKIL,359,6
278,1_pos_1312,1,9,KILIYG,GIYILK,359,4
279,1_pos_867,1,0,EAPLNPKA,NPAEKPLA,10079,6
279,1_pos_867,1,1,EAPLNPKA,PKLAAENP,10079,8
279,1_pos_867,1,2,EAPLNPKA,APPNKELA,10079,6
279,1_pos_867,1,3,EAPLNPKA,LKPAAENP,10079,7
279,1_pos_867,1,4,EAPLNPKA,LPPEANKA,10079,5
279,1_pos_867,1,5,EAPLNPKA,KAELPNPA,10079,5
279,1_pos_867,1,6,EAPLNPKA,AKPEPLNA,10079,6
279,1_pos_867,1,7,EAPLNPKA,PENPKLAA,10079,7
279,1_pos_867,1,8,EAPLNPKA,NAKEPLAP,10079,7
279,1_pos_867,1,9,EAPLNPKA,PLPNAAEK,10079,7
280,0_neg_484,0,0,EYDDMYTEKRPKVYAFGL,EKDATLMGYVRFDPYYKE,133382785535999,16
280,0_neg_484,0,1,EYDDMYTEKRPKVYAFGL,EFKDRYLGPVYYEDAKMT,133382785535999,14
280,0_neg_484,0,2,EYDDMYTEKRPKVYAFGL,ELEFRYKMYDTGAPYDKV,133382785535999,16
280,0_neg_484,0,3,EYDDMYTEKRPKVYAFGL,YFTMDKAPLGRYVKDYEE,133382785535999,17
280,0_neg_484,0,4,EYDDMYTEKRPKVYAFGL,ADRVPYMEDKYTKGLEFY,133382785535999,16
280,0_neg_484,0,5,EYDDMYTEKRPKVYAFGL,YPKYTEDMEVGYFLDARK,133382785535999,18
280,0_neg_484,0,6,EYDDMYTEKRPKVYAFGL,RATLYKPGVDYEMKFEYD,133382785535999,18
280,0_neg_484,0,7,EYDDMYTEKRPKVYAFGL,DAFGMKVYYERKDTYPLE,133382785535999,16
280,0_neg_484,0,8,EYDDMYTEKRPKVYAFGL,YRVPTDKEMLAFDYEKGY,133382785535999,15
280,0_neg_484,0,9,EYDDMYTEKRPKVYAFGL,VPKGEYLDYFKDATYMER,133382785535999,17
281,1_pos_422,1,0,QCH,HQC,5,3
281,1_pos_422,1,1,QCH,HCQ,5,2
281,1_pos_422,1,2,QCH,CQH,5,2
281,1_pos_422,1,3,QCH,CHQ,5,3
281,1_pos_422,1,4,QCH,QHC,5,2
282,1_pos_30,1,0,PWI,PIW,5,2
282,1_pos_30,1,1,PWI,WPI,5,2
282,1_pos_30,1,2,PWI,IPW,5,3
282,1_pos_30,1,3,PWI,WIP,5,3
282,1_pos_30,1,4,PWI,IWP,5,2
283,1_pos_1017,1,0,NKGPR,RGNKP,119,5
283,1_pos_1017,1,1,NKGPR,NPGKR,119,2
283,1_pos_1017,1,2,NKGPR,GNRKP,119,5
283,1_pos_1017,1,3,NKGPR,NRPKG,119,4
283,1_pos_1017,1,4,NKGPR,KNRPG,119,4
283,1_pos_1017,1,5,NKGPR,PRKNG,119,5
283,1_pos_1017,1,6,NKGPR,RPNKG,119,5
283,1_pos_1017,1,7,NKGPR,RKGNP,119,3
283,1_pos_1017,1,8,NKGPR,RNPGK,119,5
283,1_pos_1017,1,9,NKGPR,PKGRN,119,3
284,0_neg_763,0,0,AVPAVRKTNETLD,VPTANDARVTLEK,778377599,12
284,0_neg_763,0,1,AVPAVRKTNETLD,PRLDNVTTAKEAV,778377599,12
284,0_neg_763,0,2,AVPAVRKTNETLD,EATTRVDLNKVAP,778377599,12
284,0_neg_763,0,3,AVPAVRKTNETLD,KRTAVDNVLTAPE,778377599,11
284,0_neg_763,0,4,AVPAVRKTNETLD,ELTDTAPKRVVAN,778377599,13
284,0_neg_763,0,5,AVPAVRKTNETLD,DRTVLTVPEAKAN,778377599,13
284,0_neg_763,0,6,AVPAVRKTNETLD,LKVTPEDNARATV,778377599,13
284,0_neg_763,0,7,AVPAVRKTNETLD,ATPKANVDTVERL,778377599,11
284,0_neg_763,0,8,AVPAVRKTNETLD,TEAVVRDNKLAPT,778377599,11
284,0_neg_763,0,9,AVPAVRKTNETLD,PLVNEVAARKTTD,778377599,11
285,1_pos_1190,1,0,IGINAENNQRN,EQAINGINNNR,831599,10
285,1_pos_1190,1,1,IGINAENNQRN,NRIGQNIEANN,831599,9
285,1_pos_1190,1,2,IGINAENNQRN,IRNGAENINQN,831599,6
285,1_pos_1190,1,3,IGINAENNQRN,NERANGINNIQ,831599,10
285,1_pos_1190,1,4,IGINAENNQRN,IGNAIEQNNRN,831599,5
285,1_pos_1190,1,5,IGINAENNQRN,NREGNININAQ,831599,10
285,1_pos_1190,1,6,IGINAENNQRN,IENRNANQGNI,831599,9
285,1_pos_1190,1,7,IGINAENNQRN,IGNENNQINAR,831599,9
285,1_pos_1190,1,8,IGINAENNQRN,QRGIENNNANI,831599,9
285,1_pos_1190,1,9,IGINAENNQRN,NNIIQNAEGRN,831599,8
286,1_pos_1133,1,0,QFLLAGR,FQRGLAL,2519,7
286,1_pos_1133,1,1,QFLLAGR,FQLALGR,2519,4
286,1_pos_1133,1,2,QFLLAGR,ARQFGLL,2519,7
286,1_pos_1133,1,3,QFLLAGR,LRLFQAG,2519,6
286,1_pos_1133,1,4,QFLLAGR,LARFGQL,2519,7
286,1_pos_1133,1,5,QFLLAGR,LRLAFQG,2519,6
286,1_pos_1133,1,6,QFLLAGR,ALLRFQG,2519,6
286,1_pos_1133,1,7,QFLLAGR,FLRLAGQ,2519,4
286,1_pos_1133,1,8,QFLLAGR,GFRLQAL,2519,5
286,1_pos_1133,1,9,QFLLAGR,LAFQRGL,2519,6
287,1_pos_851,1,0,TTYY,YTYT,5,2
287,1_pos_851,1,1,TTYY,YTTY,5,2
287,1_pos_851,1,2,TTYY,YYTT,5,4
287,1_pos_851,1,3,TTYY,TYTY,5,2
287,1_pos_851,1,4,TTYY,TYYT,5,2
288,0_neg_1318,0,0,GECCTDCAQTAAANYC,CNGQAECCAYTAADCT,18162143999,13
288,0_neg_1318,0,1,GECCTDCAQTAAANYC,AQNCCTDCCEYGAAAT,18162143999,14
288,0_neg_1318,0,2,GECCTDCAQTAAANYC,ACYCCATTACDAGQEN,18162143999,14
288,0_neg_1318,0,3,GECCTDCAQTAAANYC,CTNCEYDACATACAGQ,18162143999,13
288,0_neg_1318,0,4,GECCTDCAQTAAANYC,CTCAEDACGNCAQTYA,18162143999,12
288,0_neg_1318,0,5,GECCTDCAQTAAANYC,GEATQDNACACCACYT,18162143999,10
288,0_neg_1318,0,6,GECCTDCAQTAAANYC,AGECATNCQDATCYAC,18162143999,12
288,0_neg_1318,0,7,GECCTDCAQTAAANYC,GAYCENCTATAACCDQ,18162143999,10
288,0_neg_1318,0,8,GECCTDCAQTAAANYC,CAYNGTETAAADCQCC,18162143999,14
288,0_neg_1318,0,9,GECCTDCAQTAAANYC,DTCCTCAACAEYQGNA,18162143999,12
289,1_pos_1268,1,0,QTVAVGVIK,QAVGKVTIV,60479,6
289,1_pos_1268,1,1,QTVAVGVIK,VAVTIKQVG,60479,8
289,1_pos_1268,1,2,QTVAVGVIK,VTGKIQVAV,60479,7
289,1_pos_1268,1,3,QTVAVGVIK,AIQTVGKVV,60479,7
289,1_pos_1268,1,4,QTVAVGVIK,ATVVGKIVQ,60479,7
289,1_pos_1268,1,5,QTVAVGVIK,VATQKVIGV,60479,9
289,1_pos_1268,1,6,QTVAVGVIK,VGIVAKTVQ,60479,9
289,1_pos_1268,1,7,QTVAVGVIK,TVVQKAGVI,60479,8
289,1_pos_1268,1,8,QTVAVGVIK,TGVAKVIVQ,60479,7
289,1_pos_1268,1,9,QTVAVGVIK,VGTAVQIVK,60479,6
290,1_pos_890,1,0,NFHPQ,PNHFQ,119,3
290,1_pos_890,1,1,NFHPQ,NPQFH,119,4
290,1_pos_890,1,2,NFHPQ,PHQFN,119,5
290,1_pos_890,1,3,NFHPQ,HNFQP,119,5
290,1_pos_890,1,4,NFHPQ,QPHFN,119,4
290,1_pos_890,1,5,NFHPQ,PQFNH,119,5
290,1_pos_890,1,6,NFHPQ,FQPHN,119,5
290,1_pos_890,1,7,NFHPQ,NHFPQ,119,2
290,1_pos_890,1,8,NFHPQ,FPNHQ,119,4
290,1_pos_890,1,9,NFHPQ,NQPFH,119,4
291,1_pos_1357,1,0,IYVFVR,RVVFYI,359,4
291,1_pos_1357,1,1,IYVFVR,IVFYRV,359,5
291,1_pos_1357,1,2,IYVFVR,RVFYIV,359,6
291,1_pos_1357,1,3,IYVFVR,VIRYFV,359,6
291,1_pos_1357,1,4,IYVFVR,RYIFVV,359,3
291,1_pos_1357,1,5,IYVFVR,YRVVIF,359,5
291,1_pos_1357,1,6,IYVFVR,RYFIVV,359,4
291,1_pos_1357,1,7,IYVFVR,FRVVIY,359,5
291,1_pos_1357,1,8,IYVFVR,IVVFYR,359,2
291,1_pos_1357,1,9,IYVFVR,YIRVVF,359,5
292,0_neg_1228,0,0,YEDAYALQYCPR,YEYCLDRYAAPQ,39916799,9
292,0_neg_1228,0,1,YEDAYALQYCPR,AEYRDLPAYYCQ,39916799,10
292,0_neg_1228,0,2,YEDAYALQYCPR,CDLYYRQAYEPA,39916799,9
292,0_neg_1228,0,3,YEDAYALQYCPR,PADCYLYREYAQ,39916799,10
292,0_neg_1228,0,4,YEDAYALQYCPR,YYQPRYEDACLA,39916799,10
292,0_neg_1228,0,5,YEDAYALQYCPR,QAYLADYPECYR,39916799,10
292,0_neg_1228,0,6,YEDAYALQYCPR,CYRAYYDLEQAP,39916799,10
292,0_neg_1228,0,7,YEDAYALQYCPR,ADERYPLCAQYY,39916799,10
292,0_neg_1228,0,8,YEDAYALQYCPR,PYLYYRCQADEA,39916799,10
292,0_neg_1228,0,9,YEDAYALQYCPR,EARYYCAPDYLQ,39916799,11
293,1_pos_751,1,0,HHPL,HHLP,11,2
293,1_pos_751,1,1,HHPL,PHHL,11,2
293,1_pos_751,1,2,HHPL,HLHP,11,3
293,1_pos_751,1,3,HHPL,PHLH,11,3
293,1_pos_751,1,4,HHPL,PLHH,11,4
293,1_pos_751,1,5,HHPL,HPLH,11,3
293,1_pos_751,1,6,HHPL,LHHP,11,3
293,1_pos_751,1,7,HHPL,LPHH,11,4
293,1_pos_751,1,8,HHPL,LHPH,11,2
293,1_pos_751,1,9,HHPL,HLPH,11,2
294,0_neg_64,0,0,APPGFTPFR,GATRFPFPP,30239,8
294,0_neg_64,0,1,APPGFTPFR,AFGFPTRPP,30239,7
294,0_neg_64,0,2,APPGFTPFR,PFGPATRPF,30239,8
294,0_neg_64,0,3,APPGFTPFR,PAPTRGPFF,30239,6
294,0_neg_64,0,4,APPGFTPFR,TFAGFPRPP,30239,7
294,0_neg_64,0,5,APPGFTPFR,FTFRGPAPP,30239,9
294,0_neg_64,0,6,APPGFTPFR,PGFATFRPP,30239,9
294,0_neg_64,0,7,APPGFTPFR,PAPFRGPFT,30239,6
294,0_neg_64,0,8,APPGFTPFR,GPPRFPTFA,30239,5
294,0_neg_64,0,9,APPGFTPFR,APPTFPFGR,30239,4
295,0_neg_730,0,0,MAIVGTIIKIIKAIIDIFAK,FIDGVIIKIIKIITAIMAAK,1676106431999,16
295,0_neg_730,0,1,MAIVGTIIKIIKAIIDIFAK,IGMVKIAKIIIAIDIAFKTI,1676106431999,16
295,0_neg_730,0,2,MAIVGTIIKIIKAIIDIFAK,KVGADTIFMIKIIAIIIIAK,1676106431999,13
295,0_neg_730,0,3,MAIVGTIIKIIKAIIDIFAK,IDKIAIIIKGVIITKMAIFA,1676106431999,17
295,0_neg_730,0,4,MAIVGTIIKIIKAIIDIFAK,IIIGIAITAFKIIIKKMAVD,1676106431999,17
295,0_neg_730,0,5,MAIVGTIIKIIKAIIDIFAK,KAVGIITIIIFMDIAKAKII,1676106431999,16
295,0_neg_730,0,6,MAIVGTIIKIIKAIIDIFAK,IKIAIKTVIGDIMAIKIFAI,1676106431999,15
295,0_neg_730,0,7,MAIVGTIIKIIKAIIDIFAK,GMKIAAVFIKIIIIKIADTI,1676106431999,18
295,0_neg_730,0,8,MAIVGTIIKIIKAIIDIFAK,FKTAIIDAMKVGKIIIAIII,1676106431999,18
295,0_neg_730,0,9,MAIVGTIIKIIKAIIDIFAK,IGKIVKIIDFIAKIAAMIIT,1676106431999,16
296,1_pos_1164,1,0,LHPH,HLHP,11,4
296,1_pos_1164,1,1,LHPH,LHHP,11,2
296,1_pos_1164,1,2,LHPH,PHHL,11,3
296,1_pos_1164,1,3,LHPH,HLPH,11,2
296,1_pos_1164,1,4,LHPH,HHPL,11,2
296,1_pos_1164,1,5,LHPH,HPLH,11,3
296,1_pos_1164,1,6,LHPH,HHLP,11,3
296,1_pos_1164,1,7,LHPH,PHLH,11,2
296,1_pos_1164,1,8,LHPH,LPHH,11,2
296,1_pos_1164,1,9,LHPH,HPHL,11,4
297,0_neg_693,0,0,GCCGSFACRFGCVPCCV,CFFRGGCACCCVSVGPC,20583763199,17
297,0_neg_693,0,1,GCCGSFACRFGCVPCCV,FCGRPFCVGSACGCCVC,20583763199,13
297,0_neg_693,0,2,GCCGSFACRFGCVPCCV,PCGGACCFCCVSFCGRV,20583763199,14
297,0_neg_693,0,3,GCCGSFACRFGCVPCCV,CGCVFGVPAFCRCGCCS,20583763199,13
297,0_neg_693,0,4,GCCGSFACRFGCVPCCV,CGCRCFCVSGACGFCVP,20583763199,13
297,0_neg_693,0,5,GCCGSFACRFGCVPCCV,CCFGVCPCVGSGRACFC,20583763199,13
297,0_neg_693,0,6,GCCGSFACRFGCVPCCV,CGASCCCFRGFVCCVPG,20583763199,16
297,0_neg_693,0,7,GCCGSFACRFGCVPCCV,SCCCGRFFGCCAPCGVV,20583763199,14
297,0_neg_693,0,8,GCCGSFACRFGCVPCCV,FCCSCVGCGPCACFVGR,20583763199,14
297,0_neg_693,0,9,GCCGSFACRFGCVPCCV,GVCSCCCFGVPFGARCC,20583763199,14
298,0_neg_196,0,0,QGGWPRNPIPP,IPGPQPWGRNP,831599,9
298,0_neg_196,0,1,QGGWPRNPIPP,PRPPQGIWGPN,831599,10
298,0_neg_196,0,2,QGGWPRNPIPP,PRIGPQGPWPN,831599,8
298,0_neg_196,0,3,QGGWPRNPIPP,NWGGPIRPPQP,831599,7
298,0_neg_196,0,4,QGGWPRNPIPP,PNGWPQGPRIP,831599,6
298,0_neg_196,0,5,QGGWPRNPIPP,INRPGGQPWPP,831599,8
298,0_neg_196,0,6,QGGWPRNPIPP,GPQPGPRPNWI,831599,10
298,0_neg_196,0,7,QGGWPRNPIPP,NPIRPPGWPGQ,831599,10
298,0_neg_196,0,8,QGGWPRNPIPP,PGNGRPQPWIP,831599,8
298,0_neg_196,0,9,QGGWPRNPIPP,NIGRPGQPPWP,831599,7
299,1_pos_1459,1,0,AWEEREQGSR,RQWGREAEES,302399,8
299,1_pos_1459,1,1,AWEEREQGSR,GEEEQRAWRS,302399,8
299,1_pos_1459,1,2,AWEEREQGSR,EGAWERSREQ,302399,10
299,1_pos_1459,1,3,AWEEREQGSR,WRGEERSQEA,302399,9
299,1_pos_1459,1,4,AWEEREQGSR,AWREQGEESR,302399,5
299,1_pos_1459,1,5,AWEEREQGSR,RQGERAESWE,302399,8
299,1_pos_1459,1,6,AWEEREQGSR,REWASQEERG,302399,10
299,1_pos_1459,1,7,AWEEREQGSR,ESERERGQAW,302399,9
299,1_pos_1459,1,8,AWEEREQGSR,ASQWEGEERR,302399,8
299,1_pos_1459,1,9,AWEEREQGSR,GEEESARQWR,302399,7
300,1_pos_233,1,0,PHL,HPL,5,2
300,1_pos_233,1,1,PHL,PLH,5,2
300,1_pos_233,1,2,PHL,HLP,5,3
300,1_pos_233,1,3,PHL,LPH,5,3
300,1_pos_233,1,4,PHL,LHP,5,2
301,1_pos_849,1,0,LHF,HLF,5,2
301,1_pos_849,1,1,LHF,HFL,5,3
301,1_pos_849,1,2,LHF,LFH,5,2
301,1_pos_849,1,3,LHF,FHL,5,2
301,1_pos_849,1,4,LHF,FLH,5,3
