row_index,header,sequence,label,length,AAC_A,AAC_C,AAC_D,AAC_E,AAC_F,AAC_G,AAC_H,AAC_I,AAC_K,AAC_L,AAC_M,AAC_N,AAC_P,AAC_Q,AAC_R,AAC_S,AAC_T,AAC_V,AAC_W,AAC_Y,charge_pH7,gravy_hydrophobicity,molecular_weight,propensity_positive,overlap_weight
0,pos_0,FLQL,1,4,0.0,0.0,0.0,0.0,0.25,0.0,0.0,0.0,0.0,0.5,0.0,0.0,0.0,0.25,0.0,0.0,0.0,0.0,0.0,0.0,-0.23989838581069733,1.7249999999999999,519.6335,0.9127004996436585,0.08729950035634149
1,pos_1,ECA,1,3,0.3333333333333333,0.3333333333333333,0.0,0.3333333333333333,0.0,0.0,0.0,0.0,0.0,0.0,0.0,0.0,0.0,0.0,0.0,0.0,0.0,0.0,0.0,0.0,-1.1730733714010166,0.26666666666666666,321.3501,0.9751622934191938,0.024837706580806196
2,pos_2,YQEPVLGP,1,8,0.0,0.0,0.0,0.125,0.0,0.125,0.0,0.0,0.0,0.125,0.0,0.0,0.25,0.125,0.0,0.0,0.0,0.125,0.0,0.125,-1.2380869248364883,-0.48750000000000004,902.002,0.9620087996842832,0.03799120031571679
3,pos_3,LWD,1,3,0.0,0.0,0.3333333333333333,0.0,0.0,0.0,0.0,0.0,0.0,0.3333333333333333,0.0,0.0,0.0,0.0,0.0,0.0,0.0,0.0,0.3333333333333333,0.0,-1.2355967232635496,-0.20000000000000007,432.47020000000003,0.9054946434625077,0.09450535653749226
4,pos_4,LANAK,1,5,0.4,0.0,0.0,0.0,0.0,0.0,0.0,0.0,0.2,0.2,0.0,0.2,0.0,0.0,0.0,0.0,0.0,0.0,0.0,0.0,0.7591026131903019,0.0,515.6036,0.9067943747887458,0.0932056252112542
5,pos_5,VTGRFAGHPAAQ,1,12,0.25,0.0,0.0,0.0,0.08333333333333333,0.16666666666666666,0.08333333333333333,0.0,0.0,0.0,0.0,0.0,0.08333333333333333,0.08333333333333333,0.08333333333333333,0.0,0.08333333333333333,0.08333333333333333,0.0,0.0,0.8211525783097381,-0.15833333333333335,1211.3297,0.4478157777502974,0.5521842222497026
6,pos_6,YLYP,1,4,0.0,0.0,0.0,0.0,0.0,0.0,0.0,0.0,0.0,0.25,0.0,0.0,0.25,0.0,0.0,0.0,0.0,0.0,0.0,0.5,-0.24189638780869938,-0.10000000000000009,554.6345,0.9973565864176304,0.002643413582369636
7,pos_7,AGLQFPVGR,1,9,0.1111111111111111,0.0,0.0,0.0,0.1111111111111111,0.2222222222222222,0.0,0.0,0.0,0.1111111111111111,0.0,0.0,0.1111111111111111,0.1111111111111111,0.1111111111111111,0.0,0.0,0.1111111111111111,0.0,0.0,0.7958645879540859,0.2444444444444444,944.0882999999999,0.6236536496326193,0.37634635036738073
8,pos_8,VVLYR,1,5,0.0,0.0,0.0,0.0,0.0,0.0,0.0,0.0,0.0,0.2,0.0,0.0,0.0,0.0,0.2,0.0,0.0,0.4,0.0,0.2,0.7329793890561502,1.28,648.7938,0.9842709054671398,0.0157290945328602
9,pos_9,AMRLTGNRPGLYAT,1,14,0.14285714285714285,0.0,0.0,0.0,0.0,0.14285714285714285,0.0,0.0,0.0,0.14285714285714285,0.07142857142857142,0.07142857142857142,0.07142857142857142,0.0,0.14285714285714285,0.0,0.14285714285714285,0.0,0.0,0.07142857142857142,1.7948555870550837,-0.32142857142857145,1520.7550999999999,0.10551885484384277,0.8944811451561572
10,pos_10,YFYP,1,4,0.0,0.0,0.0,0.0,0.25,0.0,0.0,0.0,0.0,0.0,0.0,0.0,0.25,0.0,0.0,0.0,0.0,0.0,0.0,0.5,-0.24189638780869938,-0.3500000000000001,588.6507,0.9907500603539058,0.009249939646094218
11,pos_11,PSLPA,1,5,0.2,0.0,0.0,0.0,0.0,0.0,0.0,0.0,0.0,0.2,0.0,0.0,0.4,0.0,0.0,0.2,0.0,0.0,0.0,0.0,-0.041471132421644796,0.31999999999999995,483.5585,0.9053323054171918,0.09466769458280822
12,pos_12,VIPMGL,1,6,0.0,0.0,0.0,0.0,0.0,0.16666666666666666,0.0,0.16666666666666666,0.0,0.16666666666666666,0.16666666666666666,0.0,0.16666666666666666,0.0,0.0,0.0,0.0,0.16666666666666666,0.0,0.0,-0.26601161004484764,2.066666666666667,628.824,0.8956566973575217,0.10434330264247826
13,pos_13,PHN,1,3,0.0,0.0,0.0,0.0,0.0,0.0,0.3333333333333333,0.0,0.0,0.0,0.0,0.3333333333333333,0.3333333333333333,0.0,0.0,0.0,0.0,0.0,0.0,0.0,0.04570305583294221,-2.766666666666667,366.37239999999997,0.9979505942943757,0.0020494057056242854
14,pos_14,TYQTF,1,5,0.0,0.0,0.0,0.0,0.2,0.0,0.0,0.0,0.0,0.0,0.0,0.0,0.0,0.2,0.0,0.0,0.4,0.0,0.0,0.2,-0.602802406632373,-0.68,658.6993,0.9667637711922983,0.03323622880770172
15,pos_15,VLVPK,1,5,0.0,0.0,0.0,0.0,0.0,0.0,0.0,0.0,0.2,0.2,0.0,0.0,0.2,0.0,0.0,0.0,0.0,0.4,0.0,0.0,0.7329893889561515,1.34,554.7224,0.9752987518134197,0.02470124818658026
16,pos_16,EFIQ,1,4,0.0,0.0,0.0,0.25,0.25,0.0,0.0,0.25,0.0,0.0,0.0,0.0,0.0,0.25,0.0,0.0,0.0,0.0,0.0,0.0,-1.1631723813020067,0.07499999999999996,535.5899000000001,0.9618590581881062,0.03814094181189376
17,pos_17,YLL,1,3,0.0,0.0,0.0,0.0,0.0,0.0,0.0,0.0,0.0,0.6666666666666666,0.0,0.0,0.0,0.0,0.0,0.0,0.0,0.0,0.0,0.3333333333333333,-0.2408973868096983,2.1,407.50370000000004,0.994838105083725,0.005161894916274945
18,pos_18,PAEGPA,1,6,0.3333333333333333,0.0,0.0,0.16666666666666666,0.0,0.16666666666666666,0.0,0.0,0.0,0.0,0.0,0.0,0.3333333333333333,0.0,0.0,0.0,0.0,0.0,0.0,0.0,-1.0386606704484347,-0.5833333333333334,540.5668,0.9665575842488827,0.03344241575111728
19,pos_19,LWS,1,3,0.0,0.0,0.0,0.0,0.0,0.0,0.0,0.0,0.0,0.3333333333333333,0.0,0.0,0.0,0.0,0.0,0.3333333333333333,0.0,0.0,0.3333333333333333,0.0,-0.23989838581069733,0.6999999999999998,404.4601,0.8903476620657036,0.1096523379342964
20,pos_20,PVDENDEG,1,8,0.0,0.0,0.25,0.25,0.0,0.125,0.0,0.0,0.0,0.0,0.0,0.125,0.125,0.0,0.0,0.0,0.0,0.125,0.0,0.0,-4.033608686595535,-1.9125,873.8181999999999,0.8910287894280041,0.10897121057199588
21,pos_22,EPVLGPVRGPFPI,1,13,0.0,0.0,0.0,0.07692307692307693,0.07692307692307693,0.15384615384615385,0.0,0.07692307692307693,0.0,0.07692307692307693,0.0,0.0,0.3076923076923077,0.0,0.07692307692307693,0.0,0.0,0.15384615384615385,0.0,0.0,-0.1631823812020079,0.33076923076923076,1377.6293999999998,0.2666311836956409,0.733368816304359
22,pos_23,LGLNGDDVN,1,9,0.0,0.0,0.2222222222222222,0.0,0.0,0.2222222222222222,0.0,0.0,0.0,0.2222222222222222,0.0,0.2222222222222222,0.0,0.0,0.0,0.0,0.0,0.1111111111111111,0.0,0.0,-2.2376568639310084,-0.3333333333333333,915.9440999999999,0.6126373694907863,0.3873626305092137
23,pos_24,AMRLTYNRPGLYAT,1,14,0.14285714285714285,0.0,0.0,0.0,0.0,0.07142857142857142,0.0,0.0,0.0,0.14285714285714285,0.07142857142857142,0.07142857142857142,0.07142857142857142,0.0,0.14285714285714285,0.0,0.14285714285714285,0.0,0.0,0.14285714285714285,1.7938565860560827,-0.38571428571428573,1626.877,0.09749550210978514,0.9025044978902148
24,pos_25,LWN,1,3,0.0,0.0,0.0,0.0,0.0,0.0,0.0,0.0,0.0,0.3333333333333333,0.0,0.3333333333333333,0.0,0.0,0.0,0.0,0.0,0.0,0.3333333333333333,0.0,-0.23989838581069733,-0.20000000000000007,431.48539999999997,0.9657585656603295,0.03424143433967053
25,pos_26,GGVLPNINPVL,1,11,0.0,0.0,0.0,0.0,0.0,0.18181818181818182,0.0,0.09090909090909091,0.0,0.18181818181818182,0.0,0.18181818181818182,0.18181818181818182,0.0,0.0,0.0,0.0,0.18181818181818182,0.0,0.0,-0.23989838581069733,0.8636363636363636,1092.2883,0.6050361114030537,0.3949638885969463
26,pos_27,IQYVLSR,1,7,0.0,0.0,0.0,0.0,0.0,0.0,0.0,0.14285714285714285,0.0,0.14285714285714285,0.0,0.0,0.0,0.14285714285714285,0.14285714285714285,0.14285714285714285,0.0,0.14285714285714285,0.0,0.14285714285714285,0.7590926132903006,0.34285714285714286,878.0269,0.8511040072968038,0.1488959927031962
27,pos_28,REGAAPGAA,1,9,0.4444444444444444,0.0,0.0,0.1111111111111111,0.0,0.2222222222222222,0.0,0.0,0.0,0.0,0.0,0.0,0.1111111111111111,0.0,0.1111111111111111,0.0,0.0,0.0,0.0,0.0,-0.23709792373748817,-0.35555555555555557,798.8444,0.8053624289007788,0.1946375710992212
28,pos_29,YRGGLEPINF,1,10,0.0,0.0,0.0,0.1,0.1,0.2,0.0,0.1,0.0,0.1,0.0,0.1,0.1,0.0,0.1,0.0,0.0,0.0,0.0,0.1,-0.23809692473648925,-0.41000000000000003,1165.2975999999999,0.47341578284945113,0.5265842171505488
29,pos_31,PHS,1,3,0.0,0.0,0.0,0.0,0.0,0.0,0.3333333333333333,0.0,0.0,0.0,0.0,0.0,0.3333333333333333,0.0,0.0,0.3333333333333333,0.0,0.0,0.0,0.0,0.04570305583294221,-1.866666666666667,339.3471,0.9929171700661039,0.007082829933896084
30,pos_32,AHH,1,3,0.3333333333333333,0.0,0.0,0.0,0.0,0.0,0.6666666666666666,0.0,0.0,0.0,0.0,0.0,0.0,0.0,0.0,0.0,0.0,0.0,0.0,0.0,-0.02977703563673917,-1.5333333333333334,363.37179999999995,0.9995968703066488,0.00040312969335121185
31,pos_33,KAQYPYV,1,7,0.14285714285714285,0.0,0.0,0.0,0.0,0.0,0.0,0.0,0.14285714285714285,0.0,0.0,0.0,0.14285714285714285,0.14285714285714285,0.0,0.0,0.0,0.14285714285714285,0.0,0.2857142857142857,0.7571046111922999,-0.7999999999999999,867.9873,0.9744451449702973,0.025554855029702672
32,pos_34,GAGLPGSRER,1,10,0.1,0.0,0.0,0.1,0.0,0.3,0.0,0.0,0.0,0.1,0.0,0.0,0.1,0.0,0.2,0.1,0.0,0.0,0.0,0.0,0.7628920763625109,-1.05,999.0826,0.5112380468275927,0.48876195317240734
33,pos_35,PGVPWP,1,6,0.0,0.0,0.0,0.0,0.0,0.16666666666666666,0.0,0.0,0.0,0.0,0.0,0.0,0.5,0.0,0.0,0.0,0.0,0.16666666666666666,0.16666666666666666,0.0,-0.041471132421644796,-0.3166666666666667,651.7531,0.9489341434779452,0.05106585652205475
34,pos_36,FGF,1,3,0.0,0.0,0.0,0.0,0.6666666666666666,0.3333333333333333,0.0,0.0,0.0,0.0,0.0,0.0,0.0,0.0,0.0,0.0,0.0,0.0,0.0,0.0,-0.23989838581069733,1.7333333333333332,369.4142,0.5245074701984299,0.4754925298015701
35,pos_37,YGKHVAVHAR,1,10,0.2,0.0,0.0,0.0,0.0,0.1,0.2,0.0,0.1,0.0,0.0,0.0,0.0,0.0,0.1,0.0,0.0,0.2,0.0,0.1,1.9324419888004738,-0.45,1137.2942,0.8530523990784117,0.14694760092158832
36,pos_38,ESYHLPR,1,7,0.0,0.0,0.0,0.14285714285714285,0.0,0.0,0.14285714285714285,0.0,0.0,0.14285714285714285,0.0,0.0,0.14285714285714285,0.0,0.14285714285714285,0.14285714285714285,0.0,0.0,0.0,0.14285714285714285,-0.07700719394642208,-1.5857142857142859,900.9775999999999,0.9437561295097822,0.05624387049021784
37,pos_40,PHK,1,3,0.0,0.0,0.0,0.0,0.0,0.0,0.3333333333333333,0.0,0.3333333333333333,0.0,0.0,0.0,0.3333333333333333,0.0,0.0,0.0,0.0,0.0,0.0,0.0,1.0447040548339417,-2.9,380.4421,0.9973369157435661,0.002663084256433912
38,pos_42,DLVKVEA,1,7,0.14285714285714285,0.0,0.14285714285714285,0.14285714285714285,0.0,0.0,0.0,0.0,0.14285714285714285,0.14285714285714285,0.0,0.0,0.0,0.0,0.0,0.0,0.0,0.2857142857142857,0.0,0.0,-1.2369661638966432,0.44285714285714295,772.8865,0.916000279596893,0.08399972040310699
39,pos_43,WNMNAH,1,6,0.16666666666666666,0.0,0.0,0.0,0.0,0.0,0.16666666666666666,0.0,0.0,0.0,0.16666666666666666,0.3333333333333333,0.0,0.0,0.0,0.0,0.0,0.0,0.16666666666666666,0.0,-0.15272419755611044,-1.2333333333333334,771.8435999999999,0.9182798429309553,0.08172015706904467
40,pos_44,AIEWEGIESGSVEQA,1,15,0.13333333333333333,0.0,0.0,0.26666666666666666,0.0,0.13333333333333333,0.0,0.13333333333333333,0.0,0.0,0.0,0.0,0.0,0.06666666666666667,0.0,0.13333333333333333,0.0,0.06666666666666667,0.06666666666666667,0.0,-4.192883564253072,-0.26666666666666666,1604.6696000000002,0.19683068332921283,0.8031693166707872
41,pos_46,WPP,1,3,0.0,0.0,0.0,0.0,0.0,0.0,0.0,0.0,0.0,0.0,0.0,0.0,0.6666666666666666,0.0,0.0,0.0,0.0,0.0,0.3333333333333333,0.0,-0.23989838581069733,-1.366666666666667,398.4556,0.9833832236155201,0.016616776384479892
42,pos_47,KYL,1,3,0.0,0.0,0.0,0.0,0.0,0.0,0.0,0.0,0.3333333333333333,0.3333333333333333,0.0,0.0,0.0,0.0,0.0,0.0,0.0,0.0,0.0,0.3333333333333333,0.758103612191301,-0.46666666666666673,422.5184,0.9943963856197162,0.0056036143802837834
43,pos_48,LQGM,1,4,0.0,0.0,0.0,0.0,0.0,0.25,0.0,0.0,0.0,0.25,0.25,0.0,0.0,0.25,0.0,0.0,0.0,0.0,0.0,0.0,-0.23989838581069733,0.44999999999999996,447.54939999999993,0.9675300220539022,0.03246997794609785
44,pos_49,VYPFPGPIPN,1,10,0.0,0.0,0.0,0.0,0.1,0.1,0.0,0.1,0.0,0.0,0.0,0.1,0.4,0.0,0.0,0.0,0.0,0.1,0.0,0.1,-0.2670106110438486,-0.010000000000000042,1100.2656,0.6292200074173747,0.3707799925826253
45,pos_50,KCHKP,1,5,0.0,0.2,0.0,0.0,0.0,0.0,0.2,0.0,0.4,0.0,0.0,0.0,0.2,0.0,0.0,0.0,0.0,0.0,0.0,0.0,1.8353768103468782,-2.02,611.7573,0.9465233559967093,0.05347664400329066
46,pos_51,ISELWG,1,6,0.0,0.0,0.0,0.16666666666666666,0.0,0.16666666666666666,0.0,0.16666666666666666,0.0,0.16666666666666666,0.0,0.0,0.0,0.0,0.0,0.16666666666666666,0.0,0.0,0.16666666666666666,0.0,-1.2370879238374872,0.44999999999999996,703.783,0.8413661873123616,0.15863381268763843
47,pos_53,MEPVW,1,5,0.0,0.0,0.0,0.2,0.0,0.0,0.0,0.0,0.0,0.0,0.2,0.0,0.2,0.0,0.0,0.0,0.0,0.2,0.2,0.0,-1.496834850485445,0.019999999999999997,660.7814,0.9735924800236233,0.026407519976376692
48,pos_54,MYVVELMMSF,1,10,0.0,0.0,0.0,0.1,0.1,0.0,0.0,0.0,0.0,0.1,0.3,0.0,0.0,0.0,0.0,0.1,0.0,0.2,0.0,0.1,-1.497833851484446,1.51,1249.5611999999999,0.4006457856227137,0.5993542143772863
49,pos_55,YSY,1,3,0.0,0.0,0.0,0.0,0.0,0.0,0.0,0.0,0.0,0.0,0.0,0.0,0.0,0.0,0.0,0.3333333333333333,0.0,0.0,0.0,0.6666666666666666,-0.24189638780869938,-1.1333333333333335,431.439,0.9979829980714496,0.002017001928550366
50,pos_56,YLGYLE,1,6,0.0,0.0,0.0,0.16666666666666666,0.0,0.16666666666666666,0.0,0.0,0.0,0.3333333333333333,0.0,0.0,0.0,0.0,0.0,0.0,0.0,0.0,0.0,0.3333333333333333,-1.2338486460679992,0.18333333333333326,756.8421999999999,0.9869951656280136,0.013004834371986407
51,pos_57,WLMSA,1,5,0.2,0.0,0.0,0.0,0.0,0.0,0.0,0.0,0.0,0.2,0.2,0.0,0.0,0.0,0.0,0.2,0.0,0.0,0.2,0.0,-0.23989838581069733,1.16,606.734,0.7526071308398378,0.24739286916016223
52,pos_58,HDHPVC,1,6,0.0,0.16666666666666666,0.16666666666666666,0.0,0.0,0.0,0.3333333333333333,0.0,0.0,0.0,0.0,0.0,0.16666666666666666,0.0,0.0,0.0,0.0,0.16666666666666666,0.0,0.0,-1.0743302384606885,-0.8000000000000002,706.7704,0.9742499810355537,0.025750018964446286
53,pos_59,AGWNI,1,5,0.2,0.0,0.0,0.0,0.0,0.2,0.0,0.2,0.0,0.0,0.0,0.2,0.0,0.0,0.0,0.0,0.0,0.0,0.2,0.0,-0.20412541214591307,0.3,559.6146,0.8790868695783024,0.1209131304216976
54,pos_60,QLNEPDNRLQ,1,10,0.0,0.0,0.1,0.1,0.0,0.0,0.0,0.0,0.0,0.2,0.0,0.2,0.1,0.2,0.1,0.0,0.0,0.0,0.0,0.0,-1.2359771627976435,-1.95,1226.2964,0.5498868645092602,0.45011313549073984
55,pos_61,FLLPH,1,5,0.0,0.0,0.0,0.0,0.2,0.0,0.2,0.0,0.0,0.4,0.0,0.0,0.2,0.0,0.0,0.0,0.0,0.0,0.0,0.0,-0.15272419755611044,1.1199999999999999,625.7588,0.9395747121611084,0.06042528783889156
56,pos_62,LYTPH,1,5,0.0,0.0,0.0,0.0,0.0,0.0,0.2,0.0,0.0,0.2,0.0,0.0,0.2,0.0,0.0,0.0,0.2,0.0,0.0,0.2,-0.1537231985551114,-0.6000000000000001,629.7045,0.9939435046601571,0.006056495339842871
57,pos_64,ERF,1,3,0.0,0.0,0.0,0.3333333333333333,0.3333333333333333,0.0,0.0,0.0,0.0,0.0,0.0,0.0,0.0,0.0,0.3333333333333333,0.0,0.0,0.0,0.0,0.0,-0.1631823812020079,-1.7333333333333334,450.4888,0.943154460507232,0.05684553949276805
58,pos_65,YYI,1,3,0.0,0.0,0.0,0.0,0.0,0.0,0.0,0.3333333333333333,0.0,0.0,0.0,0.0,0.0,0.0,0.0,0.0,0.0,0.0,0.0,0.6666666666666666,-0.24189638780869938,0.6333333333333333,457.5193,0.9988884193049741,0.0011115806950259266
59,pos_66,DHG,1,3,0.0,0.0,0.3333333333333333,0.0,0.0,0.3333333333333333,0.3333333333333333,0.0,0.0,0.0,0.0,0.0,0.0,0.0,0.0,0.0,0.0,0.0,0.0,0.0,-1.151603436616266,-2.3666666666666667,327.2933,0.991252134841848,0.008747865158151957
60,pos_67,AFGPE,1,5,0.2,0.0,0.0,0.2,0.2,0.2,0.0,0.0,0.0,0.0,0.0,0.0,0.2,0.0,0.0,0.0,0.0,0.0,0.0,0.0,-1.196077670405213,-0.18000000000000005,519.5475,0.9337596739596651,0.06624032604033492
61,pos_68,RDKVYR,1,6,0.0,0.0,0.16666666666666666,0.0,0.0,0.0,0.0,0.0,0.16666666666666666,0.0,0.0,0.0,0.0,0.0,0.3333333333333333,0.0,0.0,0.16666666666666666,0.0,0.16666666666666666,1.7592043733311435,-2.25,835.9506,0.8391693900900298,0.16083060990997022
62,pos_69,QQRQQQGL,1,8,0.0,0.0,0.0,0.0,0.0,0.125,0.0,0.0,0.0,0.125,0.0,0.0,0.0,0.625,0.125,0.0,0.0,0.0,0.0,0.0,0.7600916142893016,-2.325,985.0559000000001,0.9148038957841309,0.0851961042158691
63,pos_70,YKY,1,3,0.0,0.0,0.0,0.0,0.0,0.0,0.0,0.0,0.3333333333333333,0.0,0.0,0.0,0.0,0.0,0.0,0.0,0.0,0.0,0.0,0.6666666666666666,0.7571046111922999,-2.1666666666666665,472.53400000000005,0.9992440310587051,0.0007559689412949266
64,pos_71,CQC,1,3,0.0,0.6666666666666666,0.0,0.0,0.0,0.0,0.0,0.0,0.0,0.0,0.0,0.0,0.0,0.3333333333333333,0.0,0.0,0.0,0.0,0.0,0.0,-0.25970036600871704,0.5,352.4303,0.8943441262753784,0.1056558737246216
65,pos_72,FEQL,1,4,0.0,0.0,0.0,0.25,0.25,0.0,0.0,0.0,0.0,0.25,0.0,0.0,0.0,0.25,0.0,0.0,0.0,0.0,0.0,0.0,-1.2370879238374872,-0.10000000000000009,535.5899000000001,0.9730125386629807,0.026987461337019347
66,pos_73,DEDTQAMP,1,8,0.125,0.0,0.25,0.125,0.0,0.0,0.0,0.0,0.0,0.0,0.125,0.0,0.125,0.125,0.0,0.0,0.125,0.0,0.0,0.0,-3.2348464019577983,-1.575,905.9263000000001,0.7762127875593462,0.2237872124406538
67,pos_74,CSGD,1,4,0.0,0.25,0.25,0.0,0.0,0.25,0.0,0.0,0.0,0.0,0.0,0.0,0.0,0.0,0.0,0.25,0.0,0.0,0.0,0.0,-1.2454977133625595,-0.55,380.3742,0.6348698533417154,0.3651301466582846
68,pos_75,GAPGPAGQVGAP,1,12,0.25,0.0,0.0,0.0,0.0,0.3333333333333333,0.0,0.0,0.0,0.0,0.0,0.0,0.25,0.08333333333333333,0.0,0.0,0.0,0.08333333333333333,0.0,0.0,-0.23989838581069733,-0.025000000000000005,978.06,0.7391232338850822,0.26087676611491784
69,pos_76,KTFCGRH,1,7,0.0,0.14285714285714285,0.0,0.0,0.14285714285714285,0.14285714285714285,0.14285714285714285,0.0,0.14285714285714285,0.0,0.0,0.0,0.0,0.0,0.14285714285714285,0.0,0.14285714285714285,0.0,0.0,0.0,1.8363658114458783,-1.0571428571428572,847.9844999999999,0.6323814518066945,0.3676185481933055
70,pos_77,DHH,1,3,0.0,0.0,0.3333333333333333,0.0,0.0,0.0,0.6666666666666666,0.0,0.0,0.0,0.0,0.0,0.0,0.0,0.0,0.0,0.0,0.0,0.0,0.0,-1.0644292483616788,-3.3000000000000003,407.38129999999995,0.9990662556816915,0.0009337443183085048
71,pos_78,RYLG,1,4,0.0,0.0,0.0,0.0,0.0,0.25,0.0,0.0,0.0,0.25,0.0,0.0,0.0,0.0,0.25,0.0,0.0,0.0,0.0,0.25,0.7590926132903006,-0.6000000000000001,507.5831,0.9785177212407843,0.02148227875921571
72,pos_79,WSVPQPK,1,7,0.0,0.0,0.0,0.0,0.0,0.0,0.0,0.0,0.14285714285714285,0.0,0.0,0.0,0.2857142857142857,0.14285714285714285,0.0,0.14285714285714285,0.0,0.14285714285714285,0.14285714285714285,0.0,0.7591026131903019,-1.157142857142857,840.9653999999999,0.8504127417399143,0.14958725826008568
73,pos_81,GHH,1,3,0.0,0.0,0.0,0.0,0.0,0.3333333333333333,0.6666666666666666,0.0,0.0,0.0,0.0,0.0,0.0,0.0,0.0,0.0,0.0,0.0,0.0,0.0,-0.06555000930152344,-2.266666666666667,349.3452,0.9996440307969773,0.0003559692030227213
74,pos_82,LTEQESGVPVMK,1,12,0.0,0.0,0.0,0.16666666666666666,0.0,0.08333333333333333,0.0,0.0,0.08333333333333333,0.08333333333333333,0.08333333333333333,0.0,0.08333333333333333,0.08333333333333333,0.0,0.08333333333333333,0.08333333333333333,0.16666666666666666,0.0,0.0,-1.2352764628632777,-0.31666666666666665,1317.5081,0.525891544137636,0.47410845586236405
75,pos_83,SYY,1,3,0.0,0.0,0.0,0.0,0.0,0.0,0.0,0.0,0.0,0.0,0.0,0.0,0.0,0.0,0.0,0.3333333333333333,0.0,0.0,0.0,0.6666666666666666,-0.541851542780403,-1.1333333333333335,431.439,0.9980323000030213,0.0019676999969786557
76,pos_85,RYPS,1,4,0.0,0.0,0.0,0.0,0.0,0.0,0.0,0.0,0.0,0.0,0.0,0.0,0.25,0.0,0.25,0.25,0.0,0.0,0.0,0.25,0.7590926132903006,-2.05,521.5667000000001,0.9642581084825212,0.03574189151747875
77,pos_86,LLPHHH,1,6,0.0,0.0,0.0,0.0,0.0,0.0,0.5,0.0,0.0,0.3333333333333333,0.0,0.0,0.16666666666666666,0.0,0.0,0.0,0.0,0.0,0.0,0.0,0.021624178953063455,-0.6000000000000002,752.8635999999999,0.994045640057895,0.005954359942105025
78,pos_87,GWNIP,1,5,0.0,0.0,0.0,0.0,0.0,0.2,0.0,0.2,0.0,0.0,0.0,0.2,0.2,0.0,0.0,0.0,0.0,0.0,0.2,0.0,-0.23989838581069733,-0.38,585.6519,0.9032336888078892,0.09676631119211077
79,pos_88,VSYT,1,4,0.0,0.0,0.0,0.0,0.0,0.0,0.0,0.0,0.0,0.0,0.0,0.0,0.0,0.0,0.0,0.25,0.25,0.25,0.0,0.25,-0.2670106110438486,0.35000000000000003,468.5007,0.9883988565315894,0.011601143468410569
80,pos_89,KPKL,1,4,0.0,0.0,0.0,0.0,0.0,0.0,0.0,0.0,0.5,0.25,0.0,0.0,0.25,0.0,0.0,0.0,0.0,0.0,0.0,0.0,1.758103612191301,-1.4,484.63269999999994,0.9459193366301365,0.0540806633698635
81,pos_90,RHL,1,3,0.0,0.0,0.0,0.0,0.0,0.0,0.3333333333333333,0.0,0.0,0.3333333333333333,0.0,0.0,0.0,0.0,0.3333333333333333,0.0,0.0,0.0,0.0,0.0,0.8472658025438885,-1.3,424.4979,0.9938234271246568,0.006176572875343234
82,pos_91,IVEYF,1,5,0.0,0.0,0.0,0.2,0.2,0.0,0.0,0.2,0.0,0.0,0.0,0.0,0.0,0.0,0.0,0.0,0.0,0.2,0.0,0.2,-1.2380869248364883,1.34,669.7649,0.9722527879687017,0.027747212031298263
83,pos_92,AMRLTGNRPCLGAT,1,14,0.14285714285714285,0.07142857142857142,0.0,0.0,0.0,0.14285714285714285,0.0,0.0,0.0,0.14285714285714285,0.07142857142857142,0.07142857142857142,0.07142857142857142,0.0,0.14285714285714285,0.0,0.14285714285714285,0.0,0.0,0.0,1.785953597955075,-0.05000000000000003,1460.7248,0.07351984522773901,0.926480154772261
84,pos_93,YGLN,1,4,0.0,0.0,0.0,0.0,0.0,0.25,0.0,0.0,0.0,0.25,0.0,0.25,0.0,0.0,0.0,0.0,0.0,0.0,0.0,0.25,-0.2408973868096983,-0.3500000000000001,465.49999999999994,0.9878777553581545,0.012122244641845525
85,pos_94,LVPK,1,4,0.0,0.0,0.0,0.0,0.0,0.0,0.0,0.0,0.25,0.25,0.0,0.0,0.25,0.0,0.0,0.0,0.0,0.25,0.0,0.0,0.7591026131903019,0.625,455.59139999999996,0.9775611710345223,0.022438828965477664
86,pos_95,AMRLTGNRPCIYAT,1,14,0.14285714285714285,0.07142857142857142,0.0,0.0,0.0,0.07142857142857142,0.0,0.07142857142857142,0.0,0.07142857142857142,0.07142857142857142,0.07142857142857142,0.07142857142857142,0.0,0.14285714285714285,0.0,0.14285714285714285,0.0,0.0,0.07142857142857142,1.7849545969560738,-0.06428571428571431,1566.8466999999998,0.061674182496682786,0.9383258175033172
87,pos_96,RWAEK,1,5,0.2,0.0,0.0,0.2,0.0,0.0,0.0,0.0,0.2,0.0,0.0,0.0,0.0,0.0,0.2,0.0,0.0,0.0,0.2,0.0,0.7619030752635112,-2.2,688.7751,0.918984269307593,0.08101573069240697
88,pos_97,FWIIE,1,5,0.0,0.0,0.0,0.2,0.2,0.0,0.0,0.4,0.0,0.0,0.0,0.0,0.0,0.0,0.0,0.0,0.0,0.0,0.2,0.0,-1.231850644069997,1.48,706.8282,0.785044277223479,0.21495572277652097
89,pos_98,PPHMLP,1,6,0.0,0.0,0.0,0.0,0.0,0.0,0.16666666666666666,0.0,0.0,0.16666666666666666,0.16666666666666666,0.0,0.5,0.0,0.0,0.0,0.0,0.0,0.0,0.0,0.04570305583294221,-0.38333333333333347,690.8538,0.9620728398022359,0.0379271601977641
90,pos_99,YLLLK,1,5,0.0,0.0,0.0,0.0,0.0,0.0,0.0,0.0,0.2,0.6,0.0,0.0,0.0,0.0,0.0,0.0,0.0,0.0,0.0,0.2,0.758103612191301,1.2399999999999998,648.8336,0.9575795871960902,0.042420412803909846
91,pos_100,VKL,1,3,0.0,0.0,0.0,0.0,0.0,0.0,0.0,0.0,0.3333333333333333,0.3333333333333333,0.0,0.0,0.0,0.0,0.0,0.0,0.0,0.3333333333333333,0.0,0.0,0.7329893889561515,1.3666666666666665,358.4762,0.9855286117069961,0.014471388293003873
92,pos_101,MPACGSS,1,7,0.14285714285714285,0.14285714285714285,0.0,0.0,0.0,0.14285714285714285,0.0,0.0,0.0,0.0,0.14285714285714285,0.0,0.14285714285714285,0.0,0.0,0.2857142857142857,0.0,0.0,0.0,0.0,-0.509546302557665,0.3714285714285714,651.7532,0.5552818147553723,0.4447181852446277
93,pos_102,YDY,1,3,0.0,0.0,0.3333333333333333,0.0,0.0,0.0,0.0,0.0,0.0,0.0,0.0,0.0,0.0,0.0,0.0,0.0,0.0,0.0,0.0,0.6666666666666666,-1.2407756268688548,-2.033333333333333,459.4491,0.998290621534161,0.0017093784658389621
94,pos_104,SQW,1,3,0.0,0.0,0.0,0.0,0.0,0.0,0.0,0.0,0.0,0.0,0.0,0.0,0.0,0.3333333333333333,0.0,0.3333333333333333,0.0,0.0,0.3333333333333333,0.0,-0.539853540782401,-1.7333333333333334,419.43170000000003,0.966243323933857,0.033756676066142965
95,pos_105,LHK,1,3,0.0,0.0,0.0,0.0,0.0,0.0,0.3333333333333333,0.0,0.3333333333333333,0.3333333333333333,0.0,0.0,0.0,0.0,0.0,0.0,0.0,0.0,0.0,0.0,0.8462768014448888,-1.1,396.48449999999997,0.9958539876360271,0.00414601236397294
96,pos_106,LLNDEVKEGQ,1,10,0.0,0.0,0.1,0.2,0.0,0.1,0.0,0.0,0.1,0.2,0.0,0.1,0.0,0.1,0.0,0.0,0.0,0.1,0.0,0.0,-2.234155701923433,-1.0,1144.2323,0.7298012739918793,0.27019872600812067
97,pos_107,PHW,1,3,0.0,0.0,0.0,0.0,0.0,0.0,0.3333333333333333,0.0,0.0,0.0,0.0,0.0,0.3333333333333333,0.0,0.0,0.0,0.0,0.0,0.3333333333333333,0.0,0.04570305583294221,-1.9000000000000001,438.4797,0.9973069626164527,0.0026930373835473143
98,pos_108,RPSYT,1,5,0.0,0.0,0.0,0.0,0.0,0.0,0.0,0.0,0.0,0.0,0.0,0.0,0.2,0.0,0.2,0.2,0.2,0.0,0.0,0.2,0.7590926132903006,-1.78,622.6706,0.9411378839366894,0.0588621160633106
99,pos_109,SYPTECRMR,1,9,0.0,0.1111111111111111,0.0,0.1111111111111111,0.0,0.0,0.0,0.0,0.0,0.0,0.1111111111111111,0.0,0.1111111111111111,0.0,0.2222222222222222,0.1111111111111111,0.1111111111111111,0.0,0.0,0.1111111111111111,0.45203693029279624,-1.3888888888888888,1142.3092,0.4413493511972238,0.5586506488027763
100,pos_110,TPSPR,1,5,0.0,0.0,0.0,0.0,0.0,0.0,0.0,0.0,0.0,0.0,0.0,0.0,0.4,0.0,0.2,0.2,0.2,0.0,0.0,0.0,0.3981865944666271,-1.8399999999999999,556.6126,0.8842296798911492,0.1157703201088508
101,pos_111,YQIGL,1,5,0.0,0.0,0.0,0.0,0.0,0.2,0.0,0.2,0.0,0.2,0.0,0.0,0.0,0.2,0.0,0.0,0.0,0.0,0.0,0.2,-0.2408973868096983,0.6199999999999999,592.6842,0.9788457958091289,0.021154204190871106
102,pos_112,FDTADLPSGKGYL,1,13,0.07692307692307693,0.0,0.15384615384615385,0.0,0.07692307692307693,0.15384615384615385,0.0,0.0,0.07692307692307693,0.15384615384615385,0.0,0.0,0.07692307692307693,0.0,0.0,0.07692307692307693,0.07692307692307693,0.0,0.0,0.07692307692307693,-1.23965486592901,-0.30000000000000004,1383.5014999999999,0.11019913423509617,0.8898008657649038
103,pos_113,EAK,1,3,0.3333333333333333,0.0,0.0,0.3333333333333333,0.0,0.0,0.0,0.0,0.3333333333333333,0.0,0.0,0.0,0.0,0.0,0.0,0.0,0.0,0.0,0.0,0.0,-0.1641713823010078,-1.8666666666666665,346.3795,0.9915401863581401,0.008459813641859881
104,pos_114,VLLHLK,1,6,0.0,0.0,0.0,0.0,0.0,0.0,0.16666666666666666,0.0,0.16666666666666666,0.5,0.0,0.0,0.0,0.0,0.0,0.0,0.0,0.16666666666666666,0.0,0.0,0.8201635772107384,1.4166666666666667,721.9307,0.9577524704621064,0.04224752953789357
105,pos_115,TVFDGELR,1,8,0.0,0.0,0.125,0.125,0.125,0.125,0.0,0.0,0.0,0.125,0.0,0.0,0.0,0.0,0.125,0.0,0.125,0.125,0.0,0.0,-1.597882182620318,-0.22500000000000003,936.02,0.6389499061227015,0.3610500938772985
106,pos_116,DIDDLELTLAK,1,11,0.09090909090909091,0.0,0.2727272727272727,0.09090909090909091,0.0,0.0,0.0,0.09090909090909091,0.09090909090909091,0.2727272727272727,0.0,0.0,0.0,0.0,0.0,0.0,0.09090909090909091,0.0,0.0,0.0,-3.234724642016954,-0.08181818181818185,1245.376,0.22144361819128847,0.7785563818087116
107,pos_117,PYPQ,1,4,0.0,0.0,0.0,0.0,0.0,0.0,0.0,0.0,0.0,0.0,0.0,0.0,0.5,0.25,0.0,0.0,0.0,0.0,0.0,0.25,-0.04247013342064576,-2.0,503.54810000000003,0.9968575704754529,0.00314242952454713
108,pos_118,NPYVPR,1,6,0.0,0.0,0.0,0.0,0.0,0.0,0.0,0.0,0.0,0.0,0.0,0.16666666666666666,0.3333333333333333,0.0,0.16666666666666666,0.0,0.0,0.16666666666666666,0.0,0.16666666666666666,0.7590926132903006,-1.3833333333333335,744.8382,0.9627474331419044,0.03725256685809564
109,pos_120,VLVSGSIHYPR,1,11,0.0,0.0,0.0,0.0,0.0,0.09090909090909091,0.09090909090909091,0.09090909090909091,0.0,0.09090909090909091,0.0,0.0,0.09090909090909091,0.0,0.09090909090909091,0.18181818181818182,0.0,0.18181818181818182,0.0,0.09090909090909091,0.8201535773107371,0.3727272727272727,1227.4117999999999,0.4980902733724533,0.5019097266275467
110,pos_121,EAGPSIVHR,1,9,0.1111111111111111,0.0,0.0,0.1111111111111111,0.0,0.1111111111111111,0.1111111111111111,0.1111111111111111,0.0,0.0,0.0,0.0,0.1111111111111111,0.0,0.1111111111111111,0.1111111111111111,0.0,0.1111111111111111,0.0,0.0,-0.076008192947421,-0.3888888888888889,965.0645999999999,0.7992369971630994,0.20076300283690063
111,pos_122,YAVT,1,4,0.25,0.0,0.0,0.0,0.0,0.0,0.0,0.0,0.0,0.0,0.0,0.0,0.0,0.0,0.0,0.0,0.25,0.25,0.0,0.25,-0.2408973868096983,1.0,452.50129999999996,0.9946427561059987,0.005357243894001273
112,pos_123,DLGLGLPGAH,1,10,0.1,0.0,0.1,0.0,0.0,0.3,0.1,0.0,0.0,0.3,0.0,0.0,0.1,0.0,0.0,0.0,0.0,0.0,0.0,0.0,-1.151603436616266,0.36999999999999994,949.0618,0.7117351056171134,0.2882648943828866
113,pos_124,FPFPRPPHQ,1,9,0.0,0.0,0.0,0.0,0.2222222222222222,0.0,0.1111111111111111,0.0,0.0,0.0,0.0,0.0,0.4444444444444444,0.1111111111111111,0.1111111111111111,0.0,0.0,0.0,0.0,0.0,0.8472658025438885,-1.3333333333333333,1122.2779,0.5260584476738436,0.4739415523261564
114,pos_125,HQP,1,3,0.0,0.0,0.0,0.0,0.0,0.0,0.3333333333333333,0.0,0.0,0.0,0.0,0.0,0.3333333333333333,0.3333333333333333,0.0,0.0,0.0,0.0,0.0,0.0,-0.15272419755611044,-2.766666666666667,380.399,0.9992971775394155,0.0007028224605845068
115,pos_126,FD,1,2,0.0,0.0,0.5,0.0,0.5,0.0,0.0,0.0,0.0,0.0,0.0,0.0,0.0,0.0,0.0,0.0,0.0,0.0,0.0,0.0,-1.2355967232635496,-0.3500000000000001,280.27649999999994,0.526603753112619,0.473396246887381
116,pos_127,SVYT,1,4,0.0,0.0,0.0,0.0,0.0,0.0,0.0,0.0,0.0,0.0,0.0,0.0,0.0,0.0,0.0,0.25,0.25,0.25,0.0,0.25,-0.540852541781402,0.35000000000000003,468.5007,0.9886555822416918,0.01134441775830819
117,pos_128,ALPMHIR,1,7,0.14285714285714285,0.0,0.0,0.0,0.0,0.0,0.14285714285714285,0.14285714285714285,0.0,0.14285714285714285,0.14285714285714285,0.0,0.14285714285714285,0.0,0.14285714285714285,0.0,0.0,0.0,0.0,0.0,0.8830387762086728,0.3857142857142856,837.0446,0.8140996768428089,0.18590032315719107
118,pos_129,RWT,1,3,0.0,0.0,0.0,0.0,0.0,0.0,0.0,0.0,0.0,0.0,0.0,0.0,0.0,0.0,0.3333333333333333,0.0,0.3333333333333333,0.0,0.3333333333333333,0.0,0.7600916142893016,-2.033333333333333,461.5148,0.9526329252148776,0.047367074785122365
119,pos_130,RYL,1,3,0.0,0.0,0.0,0.0,0.0,0.0,0.0,0.0,0.0,0.3333333333333333,0.0,0.0,0.0,0.0,0.3333333333333333,0.0,0.0,0.0,0.0,0.3333333333333333,0.7590926132903006,-0.6666666666666666,450.53180000000003,0.9916579266264394,0.008342073373560632
120,pos_131,NHRYDR,1,6,0.0,0.0,0.16666666666666666,0.0,0.0,0.0,0.16666666666666666,0.0,0.0,0.0,0.0,0.16666666666666666,0.0,0.0,0.3333333333333333,0.0,0.0,0.0,0.0,0.16666666666666666,0.8473775625847313,-3.4166666666666665,859.8892,0.9152842760501257,0.08471572394987426
121,pos_132,WHMHKTF,1,7,0.0,0.0,0.0,0.0,0.14285714285714285,0.0,0.2857142857142857,0.0,0.14285714285714285,0.0,0.14285714285714285,0.0,0.0,0.0,0.0,0.0,0.14285714285714285,0.0,0.14285714285714285,0.0,0.9334509896994757,-1.0285714285714287,986.1498,0.8261789145456143,0.17382108545438568
122,pos_133,EEKNPKATE,1,9,0.1111111111111111,0.0,0.0,0.3333333333333333,0.0,0.0,0.0,0.0,0.2222222222222222,0.0,0.0,0.1111111111111111,0.1111111111111111,0.0,0.0,0.0,0.1111111111111111,0.0,0.0,0.0,-1.154312179586098,-2.477777777777778,1045.1015,0.8659628947754836,0.1340371052245164
123,pos_134,PHQ,1,3,0.0,0.0,0.0,0.0,0.0,0.0,0.3333333333333333,0.0,0.0,0.0,0.0,0.0,0.3333333333333333,0.3333333333333333,0.0,0.0,0.0,0.0,0.0,0.0,0.04570305583294221,-2.766666666666667,380.399,0.9992855621606473,0.0007144378393526551
124,pos_136,IIENGEKWS,1,9,0.0,0.0,0.0,0.2222222222222222,0.0,0.1111111111111111,0.0,0.2222222222222222,0.1111111111111111,0.0,0.0,0.1111111111111111,0.0,0.0,0.0,0.1111111111111111,0.0,0.0,0.1111111111111111,0.0,-1.2352764628632777,-0.8333333333333334,1075.1719,0.5761260331667357,0.4238739668332643
125,pos_137,GTQY,1,4,0.0,0.0,0.0,0.0,0.0,0.25,0.0,0.0,0.0,0.0,0.0,0.0,0.0,0.25,0.0,0.0,0.25,0.0,0.0,0.25,-0.2408973868096983,-1.475,467.47290000000004,0.9956476070789148,0.004352392921085246
126,pos_138,YGGFM,1,5,0.0,0.0,0.0,0.0,0.2,0.4,0.0,0.0,0.0,0.0,0.2,0.0,0.0,0.0,0.0,0.0,0.0,0.0,0.0,0.2,-0.2408973868096983,0.5199999999999999,573.6609,0.9036823681082276,0.09631763189177245
127,pos_140,AAGAAAAARSAGQCGR,1,16,0.5,0.0625,0.0,0.0,0.0,0.1875,0.0,0.0,0.0,0.0,0.0,0.0,0.0,0.0625,0.125,0.0625,0.0,0.0,0.0,0.0,1.785953597955075,0.15000000000000002,1388.5132,0.09135947157603024,0.9086405284239698
128,pos_141,ADGF,1,4,0.25,0.0,0.25,0.0,0.25,0.25,0.0,0.0,0.0,0.0,0.0,0.0,0.0,0.0,0.0,0.0,0.0,0.0,0.0,0.0,-1.2030046512060686,0.17499999999999996,408.40569999999997,0.7189430272471694,0.2810569727528306
129,pos_142,YWDAW,1,5,0.2,0.0,0.2,0.0,0.0,0.0,0.0,0.0,0.0,0.0,0.0,0.0,0.0,0.0,0.0,0.0,0.0,0.0,0.4,0.2,-1.2397766258698537,-0.96,739.7736,0.9110583302026584,0.08894166979734164
130,pos_143,VEP,1,3,0.0,0.0,0.0,0.3333333333333333,0.0,0.0,0.0,0.0,0.0,0.0,0.0,0.0,0.3333333333333333,0.0,0.0,0.0,0.0,0.3333333333333333,0.0,0.0,-1.2632011480716374,-0.3,343.3755,0.998373046549292,0.0016269534507079575
131,pos_144,QEAE,1,4,0.25,0.0,0.0,0.5,0.0,0.0,0.0,0.0,0.0,0.0,0.0,0.0,0.0,0.25,0.0,0.0,0.0,0.0,0.0,0.0,-2.229040182096787,-2.175,475.4504,0.9977697406748023,0.0022302593251977143
132,pos_145,SPFWNINAHS,1,10,0.1,0.0,0.0,0.0,0.1,0.0,0.1,0.1,0.0,0.0,0.0,0.2,0.1,0.0,0.0,0.2,0.0,0.0,0.1,0.0,-0.4526793525278141,-0.52,1172.2488,0.2599599151186184,0.7400400848813816
133,pos_146,YYDPL,1,5,0.0,0.0,0.2,0.0,0.0,0.0,0.0,0.0,0.0,0.2,0.0,0.0,0.2,0.0,0.0,0.0,0.0,0.0,0.0,0.4,-1.2407756268688548,-0.78,669.7219,0.984068313583364,0.015931686416636004
134,pos_148,FPKYPVEPF,1,9,0.0,0.0,0.0,0.1111111111111111,0.2222222222222222,0.0,0.0,0.0,0.1111111111111111,0.0,0.0,0.0,0.3333333333333333,0.0,0.0,0.0,0.0,0.1111111111111111,0.0,0.1111111111111111,-0.23908592583548893,-0.41111111111111115,1123.299,0.6291668717158185,0.37083312828418147
135,pos_149,VIESPPEINTVQ,1,12,0.0,0.0,0.0,0.16666666666666666,0.0,0.0,0.0,0.16666666666666666,0.0,0.0,0.0,0.08333333333333333,0.16666666666666666,0.08333333333333333,0.0,0.08333333333333333,0.08333333333333333,0.16666666666666666,0.0,0.0,-2.260390686098427,-0.10833333333333332,1325.4639,0.5419050067567889,0.4580949932432111
136,pos_150,WV,1,2,0.0,0.0,0.0,0.0,0.0,0.0,0.0,0.0,0.0,0.0,0.0,0.0,0.0,0.0,0.0,0.0,0.0,0.5,0.5,0.0,-0.23989838581069733,1.6500000000000001,303.35619999999994,0.9955661354611983,0.0044338645388016795
137,pos_151,LHQ,1,3,0.0,0.0,0.0,0.0,0.0,0.0,0.3333333333333333,0.0,0.0,0.3333333333333333,0.0,0.0,0.0,0.3333333333333333,0.0,0.0,0.0,0.0,0.0,0.0,-0.15272419755611044,-0.9666666666666668,396.4414,0.9988865187688571,0.0011134812311428544
138,pos_152,VGGRP,1,5,0.0,0.0,0.0,0.0,0.0,0.4,0.0,0.0,0.0,0.0,0.0,0.0,0.2,0.0,0.2,0.0,0.0,0.2,0.0,0.0,0.7339783900551512,-0.54,484.5498,0.9549978378332141,0.045002162166785875
139,pos_153,FL,1,2,0.0,0.0,0.0,0.0,0.5,0.0,0.0,0.0,0.0,0.5,0.0,0.0,0.0,0.0,0.0,0.0,0.0,0.0,0.0,0.0,-0.23989838581069733,3.3,278.34669999999994,0.8162758355872668,0.1837241644127332
140,pos_154,LADGVAAPA,1,9,0.4444444444444444,0.0,0.1111111111111111,0.0,0.0,0.1111111111111111,0.0,0.0,0.0,0.1111111111111111,0.0,0.0,0.1111111111111111,0.0,0.0,0.0,0.0,0.1111111111111111,0.0,0.0,-1.2387776248708526,1.0777777777777777,783.8694,0.7636470028517744,0.23635299714822555
141,pos_155,VECYG,1,5,0.0,0.2,0.0,0.2,0.0,0.2,0.0,0.0,0.0,0.0,0.0,0.0,0.0,0.0,0.0,0.0,0.0,0.2,0.0,0.2,-1.2741011391696484,0.3,569.6277,0.9876550700247787,0.012344929975221297
142,pos_156,HPH,1,3,0.0,0.0,0.0,0.0,0.0,0.0,0.6666666666666666,0.0,0.0,0.0,0.0,0.0,0.3333333333333333,0.0,0.0,0.0,0.0,0.0,0.0,0.0,-0.06555000930152344,-2.6666666666666665,389.40909999999997,0.9997601647972979,0.0002398352027020989
143,pos_157,VLPVPQK,1,7,0.0,0.0,0.0,0.0,0.0,0.0,0.0,0.0,0.14285714285714285,0.14285714285714285,0.0,0.0,0.2857142857142857,0.14285714285714285,0.0,0.0,0.0,0.2857142857142857,0.0,0.0,0.7329893889561515,0.2285714285714286,779.9667999999999,0.9476843661052216,0.052315633894778446
144,pos_158,QVVPYPQ,1,7,0.0,0.0,0.0,0.0,0.0,0.0,0.0,0.0,0.0,0.0,0.0,0.0,0.2857142857142857,0.2857142857142857,0.0,0.0,0.0,0.2857142857142857,0.0,0.14285714285714285,-0.2408973868096983,-0.4428571428571428,829.9392999999999,0.9851442386175302,0.014855761382469801
145,pos_159,VLNPWDQVKR,1,10,0.0,0.0,0.1,0.0,0.0,0.0,0.0,0.0,0.1,0.1,0.0,0.1,0.1,0.1,0.1,0.0,0.0,0.2,0.1,0.0,0.7341001499959952,-0.9199999999999999,1254.4372,0.40674813610393334,0.5932518638960667
146,pos_160,FLPF,1,4,0.0,0.0,0.0,0.0,0.5,0.0,0.0,0.0,0.0,0.25,0.0,0.0,0.25,0.0,0.0,0.0,0.0,0.0,0.0,0.0,-0.23989838581069733,1.9499999999999997,522.6357,0.6350224174694399,0.3649775825305601
147,pos_161,DFTPVCTTELGR,1,12,0.0,0.08333333333333333,0.08333333333333333,0.08333333333333333,0.08333333333333333,0.08333333333333333,0.0,0.0,0.0,0.08333333333333333,0.0,0.0,0.08333333333333333,0.0,0.08333333333333333,0.0,0.25,0.08333333333333333,0.0,0.0,-1.2458781528966534,-0.19166666666666668,1338.4859,0.18813702579121916,0.8118629742087808
148,pos_162,CGN,1,3,0.0,0.3333333333333333,0.0,0.0,0.0,0.3333333333333333,0.0,0.0,0.0,0.0,0.0,0.3333333333333333,0.0,0.0,0.0,0.0,0.0,0.0,0.0,0.0,-0.24979937590970713,-0.4666666666666666,292.3121,0.9107271438103296,0.0892728561896704
149,pos_163,LYPY,1,4,0.0,0.0,0.0,0.0,0.0,0.0,0.0,0.0,0.0,0.25,0.0,0.0,0.25,0.0,0.0,0.0,0.0,0.0,0.0,0.5,-0.24189638780869938,-0.10000000000000009,554.6345,0.9973565864176304,0.002643413582369636
150,pos_164,PHF,1,3,0.0,0.0,0.0,0.0,0.3333333333333333,0.0,0.3333333333333333,0.0,0.0,0.0,0.0,0.0,0.3333333333333333,0.0,0.0,0.0,0.0,0.0,0.0,0.0,0.04570305583294221,-0.6666666666666669,399.4436,0.9878453513144443,0.012154648685555713
151,pos_165,IESPPEIN,1,8,0.0,0.0,0.0,0.25,0.0,0.0,0.0,0.25,0.0,0.0,0.0,0.125,0.25,0.0,0.0,0.125,0.0,0.0,0.0,0.0,-2.234277461864277,-0.6875,897.9688000000001,0.8323005875897819,0.16769941241021813
152,pos_166,EEYFPVGGDRPESF,1,14,0.0,0.0,0.07142857142857142,0.21428571428571427,0.14285714285714285,0.14285714285714285,0.0,0.0,0.0,0.0,0.0,0.0,0.14285714285714285,0.0,0.07142857142857142,0.07142857142857142,0.0,0.07142857142857142,0.0,0.07142857142857142,-3.157439697314744,-1.0571428571428572,1628.6924999999999,0.11791171911506422,0.8820882808849357
153,pos_167,HWH,1,3,0.0,0.0,0.0,0.0,0.0,0.0,0.6666666666666666,0.0,0.0,0.0,0.0,0.0,0.0,0.0,0.0,0.0,0.0,0.0,0.3333333333333333,0.0,-0.06555000930152344,-2.4333333333333336,478.5038,0.9995825792523669,0.00041742074763306825
154,pos_168,LWG,1,3,0.0,0.0,0.0,0.0,0.0,0.3333333333333333,0.0,0.0,0.0,0.3333333333333333,0.0,0.0,0.0,0.0,0.0,0.0,0.0,0.0,0.3333333333333333,0.0,-0.23989838581069733,0.8333333333333334,374.4341,0.9617652048049976,0.03823479519500239
155,pos_169,SPYCYG,1,6,0.0,0.16666666666666666,0.0,0.0,0.0,0.16666666666666666,0.0,0.0,0.0,0.0,0.0,0.0,0.16666666666666666,0.0,0.0,0.16666666666666666,0.0,0.0,0.0,0.3333333333333333,-0.5517525328794127,-0.4833333333333334,688.7484,0.9427624796287695,0.05723752037123053
156,pos_170,LHDELT,1,6,0.0,0.0,0.16666666666666666,0.16666666666666666,0.0,0.0,0.16666666666666666,0.0,0.0,0.3333333333333333,0.0,0.0,0.0,0.0,0.0,0.0,0.16666666666666666,0.0,0.0,0.0,-2.1487929746430554,-0.5500000000000002,726.7751,0.9639351389697983,0.03606486103020168
157,pos_171,SVW,1,3,0.0,0.0,0.0,0.0,0.0,0.0,0.0,0.0,0.0,0.0,0.0,0.0,0.0,0.0,0.0,0.3333333333333333,0.0,0.3333333333333333,0.3333333333333333,0.0,-0.539853540782401,0.8333333333333334,390.43350000000004,0.9595828829465876,0.040417117053412444
158,pos_172,PWL,1,3,0.0,0.0,0.0,0.0,0.0,0.0,0.0,0.0,0.0,0.3333333333333333,0.0,0.0,0.3333333333333333,0.0,0.0,0.0,0.0,0.0,0.3333333333333333,0.0,-0.041471132421644796,0.4333333333333333,414.498,0.9734968096789867,0.026503190321013337
159,pos_173,SHNPF,1,5,0.0,0.0,0.0,0.0,0.2,0.0,0.2,0.0,0.0,0.0,0.0,0.2,0.2,0.0,0.0,0.2,0.0,0.0,0.0,0.0,-0.4526793525278141,-1.2600000000000002,600.6235,0.9087541280118401,0.09124587198815992
160,pos_174,FGERR,1,5,0.0,0.0,0.0,0.2,0.2,0.2,0.0,0.0,0.0,0.0,0.0,0.0,0.0,0.0,0.4,0.0,0.0,0.0,0.0,0.0,0.7628920763625109,-2.02,663.7258,0.8040433037465374,0.19595669625346257
161,pos_175,TGNLPGAAHPLLL,1,13,0.15384615384615385,0.0,0.0,0.0,0.0,0.15384615384615385,0.07692307692307693,0.0,0.0,0.3076923076923077,0.0,0.07692307692307693,0.15384615384615385,0.0,0.0,0.0,0.07692307692307693,0.0,0.0,0.0,-0.514629217378785,0.5692307692307691,1273.4803,0.41103879287838097,0.588961207121619
162,pos_177,RWWQLR,1,6,0.0,0.0,0.0,0.0,0.0,0.0,0.0,0.0,0.0,0.16666666666666666,0.0,0.0,0.0,0.16666666666666666,0.3333333333333333,0.0,0.0,0.0,0.3333333333333333,0.0,1.7600816143893008,-1.75,944.0932999999999,0.6924642614635677,0.30753573853643235
163,pos_178,YEA,1,3,0.3333333333333333,0.0,0.0,0.3333333333333333,0.0,0.0,0.0,0.0,0.0,0.0,0.0,0.0,0.0,0.0,0.0,0.0,0.0,0.0,0.0,0.3333333333333333,-1.2380869248364883,-1.0,381.3804,0.9989528388979331,0.0010471611020669291
164,pos_179,LPL,1,3,0.0,0.0,0.0,0.0,0.0,0.0,0.0,0.0,0.0,0.6666666666666666,0.0,0.0,0.3333333333333333,0.0,0.0,0.0,0.0,0.0,0.0,0.0,-0.23989838581069733,2.0,341.4457,0.9761957664141785,0.02380423358582151
165,pos_180,YGFLP,1,5,0.0,0.0,0.0,0.0,0.2,0.2,0.0,0.0,0.0,0.2,0.0,0.0,0.2,0.0,0.0,0.0,0.0,0.0,0.0,0.2,-0.2408973868096983,0.6599999999999999,595.6864,0.935678651314341,0.06432134868565897
166,pos_181,IGSLI,1,5,0.0,0.0,0.0,0.0,0.0,0.2,0.0,0.4,0.0,0.2,0.0,0.0,0.0,0.0,0.0,0.2,0.0,0.0,0.0,0.0,-0.23989838581069733,2.32,501.61670000000004,0.7665167606747116,0.23348323932528836
167,pos_182,IKGTIAGGGVIPH,1,13,0.07692307692307693,0.0,0.0,0.0,0.0,0.3076923076923077,0.07692307692307693,0.23076923076923078,0.07692307692307693,0.0,0.0,0.0,0.07692307692307693,0.0,0.0,0.0,0.07692307692307693,0.07692307692307693,0.0,0.0,0.8462768014448888,0.6538461538461539,1219.4328999999998,0.39944287521879857,0.6005571247812014
168,pos_183,AWVDY,1,5,0.2,0.0,0.2,0.0,0.0,0.0,0.0,0.0,0.0,0.0,0.0,0.0,0.0,0.0,0.0,0.0,0.0,0.2,0.2,0.2,-1.2040036522050697,0.06000000000000003,652.6947,0.9615613732788696,0.03843862672113041
169,pos_184,VVFVDRL,1,7,0.0,0.0,0.14285714285714285,0.0,0.14285714285714285,0.0,0.0,0.0,0.0,0.14285714285714285,0.0,0.0,0.0,0.0,0.14285714285714285,0.0,0.0,0.42857142857142855,0.0,0.0,-0.2649008490050042,1.5999999999999999,847.0128,0.7290737779664715,0.27092622203352845
170,pos_185,ADASVLPK,1,8,0.25,0.0,0.125,0.0,0.0,0.0,0.0,0.0,0.125,0.125,0.0,0.0,0.125,0.0,0.0,0.125,0.0,0.125,0.0,0.0,-0.20400365220506944,0.225,799.9119000000001,0.6724307956920557,0.32756920430794434
171,pos_186,DHW,1,3,0.0,0.0,0.3333333333333333,0.0,0.0,0.0,0.3333333333333333,0.0,0.0,0.0,0.0,0.0,0.0,0.0,0.0,0.0,0.0,0.0,0.3333333333333333,0.0,-1.151603436616266,-2.5333333333333337,456.45189999999997,0.9897568212452856,0.010243178754714366
172,pos_188,VEGNLQVLRPR,1,11,0.0,0.0,0.0,0.09090909090909091,0.0,0.09090909090909091,0.0,0.0,0.0,0.18181818181818182,0.0,0.09090909090909091,0.09090909090909091,0.09090909090909091,0.18181818181818182,0.0,0.0,0.18181818181818182,0.0,0.0,0.7367788521283605,-0.5,1280.4761999999998,0.500119394880671,0.49988060511932897
173,pos_189,LFV,1,3,0.0,0.0,0.0,0.0,0.3333333333333333,0.0,0.0,0.0,0.0,0.3333333333333333,0.0,0.0,0.0,0.0,0.0,0.0,0.0,0.3333333333333333,0.0,0.0,-0.23989838581069733,3.6,377.47769999999997,0.936496855894047,0.06350314410595304
174,pos_190,AYY,1,3,0.3333333333333333,0.0,0.0,0.0,0.0,0.0,0.0,0.0,0.0,0.0,0.0,0.0,0.0,0.0,0.0,0.0,0.0,0.0,0.0,0.6666666666666666,-0.2061234141439151,-0.26666666666666666,415.4396,0.9992616765063661,0.0007383234936338967
175,pos_191,TVQVTSTAV,1,9,0.1111111111111111,0.0,0.0,0.0,0.0,0.0,0.0,0.0,0.0,0.0,0.0,0.0,0.0,0.1111111111111111,0.0,0.1111111111111111,0.3333333333333333,0.3333333333333333,0.0,0.0,-0.6018034056333719,0.8888888888888888,905.0044,0.8721432481047795,0.1278567518952205
176,pos_192,LHL,1,3,0.0,0.0,0.0,0.0,0.0,0.0,0.3333333333333333,0.0,0.0,0.6666666666666666,0.0,0.0,0.0,0.0,0.0,0.0,0.0,0.0,0.0,0.0,-0.15272419755611044,1.4666666666666666,381.4698,0.9961812490778956,0.0038187509221043747
177,pos_193,QKW,1,3,0.0,0.0,0.0,0.0,0.0,0.0,0.0,0.0,0.3333333333333333,0.0,0.0,0.0,0.0,0.3333333333333333,0.0,0.0,0.0,0.0,0.3333333333333333,0.0,0.7591026131903019,-2.766666666666667,460.5267,0.9867715821086641,0.013228417891335886
178,pos_194,GY,1,2,0.0,0.0,0.0,0.0,0.0,0.5,0.0,0.0,0.0,0.0,0.0,0.0,0.0,0.0,0.0,0.0,0.0,0.0,0.0,0.5,-0.2408973868096983,-0.8500000000000001,238.23979999999997,0.9989890553769704,0.0010109446230296415
179,pos_195,LYEGY,1,5,0.0,0.0,0.0,0.2,0.0,0.2,0.0,0.0,0.0,0.2,0.0,0.0,0.0,0.0,0.0,0.0,0.0,0.0,0.0,0.4,-1.239085925835489,-0.54,643.6846,0.9958568105256316,0.004143189474368425
180,pos_196,LWHTH,1,5,0.0,0.0,0.0,0.0,0.0,0.0,0.4,0.0,0.0,0.2,0.0,0.0,0.0,0.0,0.0,0.0,0.2,0.0,0.2,0.0,-0.06555000930152344,-0.8400000000000001,692.7653,0.9917896228797333,0.008210377120266732
181,pos_197,IREADIDGDGQVN,1,13,0.07692307692307693,0.0,0.23076923076923078,0.07692307692307693,0.0,0.15384615384615385,0.0,0.15384615384615385,0.0,0.0,0.0,0.07692307692307693,0.0,0.07692307692307693,0.07692307692307693,0.0,0.0,0.07692307692307693,0.0,0.0,-3.2337356409179545,-0.8692307692307693,1401.4356999999998,0.16268703693552544,0.8373129630644746
182,pos_198,VLDTGLAGA,1,9,0.2222222222222222,0.0,0.1111111111111111,0.0,0.0,0.2222222222222222,0.0,0.0,0.0,0.2222222222222222,0.0,0.0,0.0,0.0,0.0,0.0,0.1111111111111111,0.1111111111111111,0.0,0.0,-1.264890849105003,1.1555555555555557,815.9112,0.7426365709964384,0.2573634290035616
183,pos_199,DVFRELRVQ,1,9,0.0,0.0,0.1111111111111111,0.1111111111111111,0.1111111111111111,0.0,0.0,0.0,0.0,0.1111111111111111,0.0,0.0,0.0,0.1111111111111111,0.2222222222222222,0.0,0.0,0.2222222222222222,0.0,0.0,-0.23598716269764441,-0.5,1161.3107,0.4871935243421358,0.5128064756578642
184,pos_202,SAEHGSLH,1,8,0.125,0.0,0.0,0.125,0.0,0.125,0.25,0.0,0.0,0.125,0.0,0.0,0.0,0.0,0.0,0.25,0.0,0.0,0.0,0.0,-1.3626947023000169,-0.7875000000000001,836.8493000000001,0.9207247759888978,0.07927522401110221
185,pos_203,LPYPY,1,5,0.0,0.0,0.0,0.0,0.0,0.0,0.0,0.0,0.0,0.2,0.0,0.0,0.4,0.0,0.0,0.0,0.0,0.0,0.0,0.4,-0.24189638780869938,-0.4000000000000001,651.7497,0.9929650436193777,0.007034956380622348
186,pos_204,YPFVVN,1,6,0.0,0.0,0.0,0.0,0.16666666666666666,0.0,0.0,0.0,0.0,0.0,0.0,0.16666666666666666,0.16666666666666666,0.0,0.0,0.0,0.0,0.3333333333333333,0.0,0.16666666666666666,-0.2408973868096983,0.7999999999999999,737.8421,0.954557244442701,0.04544275555729904
187,pos_205,ASPAPAGLSY,1,10,0.3,0.0,0.0,0.0,0.0,0.1,0.0,0.0,0.0,0.1,0.0,0.0,0.2,0.0,0.0,0.2,0.0,0.0,0.0,0.1,-0.20512441314491403,0.26999999999999996,933.0161,0.62744182385227,0.37255817614773
188,pos_206,GVPFW,1,5,0.0,0.0,0.0,0.0,0.2,0.2,0.0,0.0,0.0,0.0,0.0,0.0,0.2,0.0,0.0,0.0,0.0,0.2,0.2,0.0,-0.23989838581069733,0.82,604.6965,0.8832281732212701,0.11677182677872988
189,pos_207,IRGCRL,1,6,0.0,0.16666666666666666,0.0,0.0,0.0,0.16666666666666666,0.0,0.16666666666666666,0.0,0.16666666666666666,0.0,0.0,0.0,0.0,0.3333333333333333,0.0,0.0,0.0,0.0,0.0,1.7501806242902909,0.2333333333333333,716.8960999999999,0.5463136997228298,0.45368630027717016
190,pos_208,YQL,1,3,0.0,0.0,0.0,0.0,0.0,0.0,0.0,0.0,0.0,0.3333333333333333,0.0,0.0,0.0,0.3333333333333333,0.0,0.0,0.0,0.0,0.0,0.3333333333333333,-0.2408973868096983,-0.3333333333333334,422.4753,0.9984934423883514,0.00150655761164864
191,pos_209,VEVLPPAEL,1,9,0.1111111111111111,0.0,0.0,0.2222222222222222,0.0,0.0,0.0,0.0,0.0,0.2222222222222222,0.0,0.0,0.2222222222222222,0.0,0.0,0.0,0.0,0.2222222222222222,0.0,0.0,-2.260390686098427,0.8444444444444444,966.1288,0.9194746214543711,0.08052537854562891
192,pos_210,NAPVSIPQ,1,8,0.125,0.0,0.0,0.0,0.0,0.0,0.0,0.125,0.0,0.0,0.0,0.125,0.25,0.125,0.0,0.125,0.0,0.125,0.0,0.0,-0.23989838581069733,-0.0625,824.9213,0.8241257038005626,0.1758742961994374
193,pos_211,IPAGM,1,5,0.2,0.0,0.0,0.0,0.0,0.2,0.0,0.2,0.0,0.0,0.2,0.0,0.2,0.0,0.0,0.0,0.0,0.0,0.0,0.0,-0.23989838581069733,1.24,487.6133,0.8938535808379353,0.10614641916206469
194,pos_212,KGVITQ,1,6,0.0,0.0,0.0,0.0,0.0,0.16666666666666666,0.0,0.16666666666666666,0.16666666666666666,0.0,0.0,0.0,0.0,0.16666666666666666,0.0,0.0,0.16666666666666666,0.16666666666666666,0.0,0.0,0.7591026131903019,0.03333333333333338,644.7606,0.941537243109233,0.058462756890766965
195,pos_213,VFPW,1,4,0.0,0.0,0.0,0.0,0.25,0.0,0.0,0.0,0.0,0.0,0.0,0.0,0.25,0.0,0.0,0.0,0.0,0.25,0.25,0.0,-0.26601161004484764,1.125,547.6452,0.9199531663950866,0.08004683360491338
196,pos_214,VDTR,1,4,0.0,0.0,0.25,0.0,0.0,0.0,0.0,0.0,0.0,0.0,0.0,0.0,0.0,0.0,0.25,0.0,0.25,0.25,0.0,0.0,-0.2649008490050042,-1.125,489.5233,0.935176304454047,0.06482369554595302
197,pos_215,WPL,1,3,0.0,0.0,0.0,0.0,0.0,0.0,0.0,0.0,0.0,0.3333333333333333,0.0,0.0,0.3333333333333333,0.0,0.0,0.0,0.0,0.0,0.3333333333333333,0.0,-0.23989838581069733,0.4333333333333333,414.498,0.9739167564637479,0.026083243536252132
198,pos_218,GKDAVIV,1,7,0.14285714285714285,0.0,0.14285714285714285,0.0,0.0,0.14285714285714285,0.0,0.14285714285714285,0.14285714285714285,0.0,0.0,0.0,0.0,0.0,0.0,0.0,0.0,0.2857142857142857,0.0,0.0,-0.2397766258698535,0.9857142857142858,700.8238,0.8467161077829677,0.1532838922170323
199,pos_220,RADHP,1,5,0.2,0.0,0.2,0.0,0.0,0.0,0.2,0.0,0.0,0.0,0.0,0.0,0.2,0.0,0.2,0.0,0.0,0.0,0.0,0.0,-0.1516134365162669,-2.2,594.6208,0.9489420053427559,0.05105799465724414
200,pos_221,EWPAQ,1,5,0.2,0.0,0.0,0.2,0.0,0.0,0.0,0.0,0.0,0.0,0.0,0.0,0.2,0.2,0.0,0.0,0.0,0.0,0.2,0.0,-1.1631723813020067,-1.54,629.6615,0.981809681992653,0.01819031800734705
201,pos_222,FYY,1,3,0.0,0.0,0.0,0.0,0.3333333333333333,0.0,0.0,0.0,0.0,0.0,0.0,0.0,0.0,0.0,0.0,0.0,0.0,0.0,0.0,0.6666666666666666,-0.24189638780869938,0.06666666666666658,491.5355,0.9965259868637801,0.0034740131362198667
202,pos_223,VGDI,1,4,0.0,0.0,0.25,0.0,0.0,0.25,0.0,0.25,0.0,0.0,0.0,0.0,0.0,0.0,0.0,0.0,0.0,0.25,0.0,0.0,-1.264890849105003,1.2,402.44259999999997,0.9332589221488568,0.06674107785114325
203,pos_224,LPHSGY,1,6,0.0,0.0,0.0,0.0,0.0,0.16666666666666666,0.16666666666666666,0.0,0.0,0.16666666666666666,0.0,0.0,0.16666666666666666,0.0,0.0,0.16666666666666666,0.0,0.0,0.0,0.16666666666666666,-0.1537231985551114,-0.5833333333333334,672.7292,0.9723660322615656,0.027633967738434406
204,pos_225,IDLAY,1,5,0.2,0.0,0.2,0.0,0.0,0.0,0.0,0.2,0.0,0.2,0.0,0.0,0.0,0.0,0.0,0.0,0.0,0.0,0.0,0.2,-1.2397766258698537,1.06,593.669,0.9249481626718891,0.07505183732811094
205,pos_226,VVALALI,1,7,0.2857142857142857,0.0,0.0,0.0,0.0,0.0,0.0,0.14285714285714285,0.0,0.2857142857142857,0.0,0.0,0.0,0.0,0.0,0.0,0.0,0.2857142857142857,0.0,0.0,-0.26601161004484764,3.442857142857143,697.9059,0.8899355568603644,0.11006444313963559
206,pos_227,LGNTDYAVH,1,9,0.1111111111111111,0.0,0.1111111111111111,0.0,0.0,0.1111111111111111,0.1111111111111111,0.0,0.0,0.1111111111111111,0.0,0.1111111111111111,0.0,0.0,0.0,0.0,0.1111111111111111,0.1111111111111111,0.0,0.1111111111111111,-1.152602437615267,-0.3111111111111111,989.0395000000001,0.8642574128570122,0.13574258714298781
207,pos_228,GGIF,1,4,0.0,0.0,0.0,0.0,0.25,0.5,0.0,0.25,0.0,0.0,0.0,0.0,0.0,0.0,0.0,0.0,0.0,0.0,0.0,0.0,-0.23989838581069733,1.625,392.44929999999994,0.7957602278756555,0.20423977212434452
208,pos_229,VW,1,2,0.0,0.0,0.0,0.0,0.0,0.0,0.0,0.0,0.0,0.0,0.0,0.0,0.0,0.0,0.0,0.0,0.0,0.5,0.5,0.0,-0.26601161004484764,1.6500000000000001,303.35619999999994,0.9955756541806408,0.004424345819359243
209,pos_230,LLGPGLTNHA,1,10,0.1,0.0,0.0,0.0,0.0,0.2,0.1,0.0,0.0,0.3,0.0,0.1,0.1,0.0,0.0,0.0,0.1,0.0,0.0,0.0,-0.15272419755611044,0.33999999999999997,992.1296,0.7437103557120323,0.25628964428796774
210,pos_231,YWY,1,3,0.0,0.0,0.0,0.0,0.0,0.0,0.0,0.0,0.0,0.0,0.0,0.0,0.0,0.0,0.0,0.0,0.0,0.0,0.3333333333333333,0.6666666666666666,-0.24189638780869938,-1.1666666666666667,530.5716,0.9992355118310388,0.0007644881689612415
211,pos_232,KD,1,2,0.0,0.0,0.5,0.0,0.0,0.0,0.0,0.0,0.5,0.0,0.0,0.0,0.0,0.0,0.0,0.0,0.0,0.0,0.0,0.0,-0.23659572426255027,-3.7,261.275,0.9154464725905412,0.08455352740945876
212,pos_234,FSWF,1,4,0.0,0.0,0.0,0.0,0.5,0.0,0.0,0.0,0.0,0.0,0.0,0.0,0.0,0.0,0.0,0.25,0.0,0.0,0.25,0.0,-0.23989838581069733,0.9749999999999999,585.6501000000001,0.3194965053028451,0.6805034946971549
213,pos_235,VFL,1,3,0.0,0.0,0.0,0.0,0.3333333333333333,0.0,0.0,0.0,0.0,0.3333333333333333,0.0,0.0,0.0,0.0,0.0,0.0,0.0,0.3333333333333333,0.0,0.0,-0.26601161004484764,3.6,377.47769999999997,0.9366251134218192,0.0633748865781808
214,pos_236,VPSGK,1,5,0.0,0.0,0.0,0.0,0.0,0.2,0.0,0.0,0.2,0.0,0.0,0.0,0.2,0.0,0.0,0.2,0.0,0.2,0.0,0.0,0.7329893889561515,-0.5,486.5624,0.9316375622977496,0.06836243770225037
215,pos_237,HGGEGGRPYHLGEES,1,15,0.0,0.0,0.0,0.2,0.0,0.3333333333333333,0.13333333333333333,0.0,0.0,0.06666666666666667,0.0,0.0,0.06666666666666667,0.0,0.06666666666666667,0.06666666666666667,0.0,0.0,0.0,0.06666666666666667,-2.058127624280895,-1.5533333333333335,1581.6014,0.3963609179315499,0.6036390820684501
216,pos_238,VSLPEW,1,6,0.0,0.0,0.0,0.16666666666666666,0.0,0.0,0.0,0.0,0.0,0.16666666666666666,0.0,0.0,0.16666666666666666,0.0,0.0,0.16666666666666666,0.0,0.16666666666666666,0.16666666666666666,0.0,-1.2632011480716374,0.19999999999999996,729.8203,0.9274153672798484,0.07258463272015159
217,pos_239,FVSACSVAG,1,9,0.2222222222222222,0.1111111111111111,0.0,0.0,0.1111111111111111,0.1111111111111111,0.0,0.0,0.0,0.0,0.0,0.0,0.0,0.0,0.0,0.2222222222222222,0.0,0.2222222222222222,0.0,0.0,-0.24979937590970713,1.7000000000000002,839.9557,0.4467296447947154,0.5532703552052847
218,pos_240,QAEP,1,4,0.25,0.0,0.0,0.25,0.0,0.0,0.0,0.0,0.0,0.0,0.0,0.0,0.25,0.25,0.0,0.0,0.0,0.0,0.0,0.0,-1.2370879238374872,-1.7,443.4516,0.9947042918504709,0.005295708149529066
219,pos_241,AGTGAGAGGGAGTKTSS,1,17,0.23529411764705882,0.0,0.0,0.0,0.0,0.4117647058823529,0.0,0.0,0.058823529411764705,0.0,0.0,0.0,0.0,0.0,0.0,0.11764705882352941,0.17647058823529413,0.0,0.0,0.0,0.794875586855086,-0.18823529411764706,1307.3246,0.17583531831713772,0.8241646816828623
220,pos_242,YVL,1,3,0.0,0.0,0.0,0.0,0.0,0.0,0.0,0.0,0.0,0.3333333333333333,0.0,0.0,0.0,0.0,0.0,0.0,0.0,0.3333333333333333,0.0,0.3333333333333333,-0.2408973868096983,2.2333333333333334,393.4771,0.9981842297301213,0.0018157702698786693
221,pos_243,KEFLLAGNNNRA,1,12,0.16666666666666666,0.0,0.0,0.08333333333333333,0.08333333333333333,0.08333333333333333,0.0,0.0,0.08333333333333333,0.16666666666666666,0.0,0.25,0.0,0.0,0.08333333333333333,0.0,0.0,0.0,0.0,0.0,0.7619030752635112,-0.7333333333333334,1346.4912,0.16265307416277752,0.8373469258372225
222,pos_244,EFLQ,1,4,0.0,0.0,0.0,0.25,0.25,0.0,0.0,0.0,0.0,0.25,0.0,0.0,0.0,0.25,0.0,0.0,0.0,0.0,0.0,0.0,-1.1631723813020067,-0.10000000000000009,535.5899000000001,0.9728516216586369,0.027148378341363077
223,pos_245,WNIP,1,4,0.0,0.0,0.0,0.0,0.0,0.0,0.0,0.25,0.0,0.0,0.0,0.25,0.25,0.0,0.0,0.0,0.0,0.0,0.25,0.0,-0.23989838581069733,-0.375,528.6006,0.935454110646121,0.06454588935387895
224,pos_246,VKEAMAPK,1,8,0.25,0.0,0.0,0.125,0.0,0.0,0.0,0.0,0.25,0.0,0.125,0.0,0.125,0.0,0.0,0.0,0.0,0.125,0.0,0.0,0.7348008499303611,-0.39999999999999997,873.0718999999999,0.8268229036683149,0.1731770963316851
225,pos_247,SGAF,1,4,0.25,0.0,0.0,0.0,0.25,0.25,0.0,0.0,0.0,0.0,0.0,0.0,0.0,0.0,0.0,0.25,0.0,0.0,0.0,0.0,-0.539853540782401,0.85,380.3956,0.7035678357926306,0.2964321642073694
226,pos_248,MEMK,1,4,0.0,0.0,0.0,0.25,0.0,0.0,0.0,0.0,0.25,0.0,0.5,0.0,0.0,0.0,0.0,0.0,0.0,0.0,0.0,0.0,-0.4978338514844458,-0.9,537.6936000000001,0.959498138544663,0.04050186145533696
227,pos_249,QNGRFY,1,6,0.0,0.0,0.0,0.0,0.16666666666666666,0.16666666666666666,0.0,0.0,0.0,0.0,0.0,0.16666666666666666,0.0,0.16666666666666666,0.16666666666666666,0.0,0.0,0.0,0.0,0.16666666666666666,0.7590926132903006,-1.7333333333333334,783.8311,0.8802386848254777,0.11976131517452226
228,pos_250,YPW,1,3,0.0,0.0,0.0,0.0,0.0,0.0,0.0,0.0,0.0,0.0,0.0,0.0,0.3333333333333333,0.0,0.0,0.0,0.0,0.0,0.3333333333333333,0.3333333333333333,-0.2408973868096983,-1.2666666666666668,464.5136,0.996417347180938,0.0035826528190620044
229,pos_251,AEDKKLIQ,1,8,0.125,0.0,0.125,0.125,0.0,0.0,0.0,0.125,0.25,0.125,0.0,0.0,0.0,0.125,0.0,0.0,0.0,0.0,0.0,0.0,-0.20219219123085974,-1.025,944.0836000000002,0.7121931092123288,0.2878068907876712
230,pos_252,APYMM,1,5,0.2,0.0,0.0,0.0,0.0,0.0,0.0,0.0,0.0,0.0,0.4,0.0,0.2,0.0,0.0,0.0,0.0,0.0,0.0,0.2,-0.20512441314491403,0.5399999999999999,611.7736,0.9534309901149981,0.0465690098850019
231,pos_253,WEN,1,3,0.0,0.0,0.0,0.3333333333333333,0.0,0.0,0.0,0.0,0.0,0.0,0.0,0.3333333333333333,0.0,0.0,0.0,0.0,0.0,0.0,0.3333333333333333,0.0,-1.2370879238374872,-2.6333333333333333,447.4418,0.9932723901453026,0.006727609854697447
232,pos_254,DW,1,2,0.0,0.0,0.5,0.0,0.0,0.0,0.0,0.0,0.0,0.0,0.0,0.0,0.0,0.0,0.0,0.0,0.0,0.0,0.5,0.0,-1.2387776248708526,-2.2,319.3126,0.9241203157778533,0.07587968422214675
233,pos_255,WY,1,2,0.0,0.0,0.0,0.0,0.0,0.0,0.0,0.0,0.0,0.0,0.0,0.0,0.0,0.0,0.0,0.0,0.0,0.0,0.5,0.5,-0.2408973868096983,-1.1,367.3984,0.9991311687157548,0.0008688312842451973
234,pos_256,IKW,1,3,0.0,0.0,0.0,0.0,0.0,0.0,0.0,0.3333333333333333,0.3333333333333333,0.0,0.0,0.0,0.0,0.0,0.0,0.0,0.0,0.0,0.3333333333333333,0.0,0.7591026131903019,-0.09999999999999998,445.5551,0.9314054147026372,0.06859458529736284
235,pos_257,NSKKTVD,1,7,0.0,0.0,0.14285714285714285,0.0,0.0,0.0,0.0,0.0,0.2857142857142857,0.0,0.0,0.14285714285714285,0.0,0.0,0.0,0.14285714285714285,0.14285714285714285,0.14285714285714285,0.0,0.0,0.7624052747384487,-1.7285714285714284,790.8620999999999,0.6947516847669253,0.3052483152330747
236,pos_258,RHPHP,1,5,0.0,0.0,0.0,0.0,0.0,0.0,0.4,0.0,0.0,0.0,0.0,0.0,0.4,0.0,0.2,0.0,0.0,0.0,0.0,0.0,0.9344399907984754,-2.8200000000000003,642.7099999999999,0.9933477545622758,0.006652245437724247
237,pos_259,SQSKVLPVPQKAVPYPQ,1,17,0.058823529411764705,0.0,0.0,0.0,0.0,0.0,0.0,0.0,0.11764705882352941,0.058823529411764705,0.0,0.0,0.23529411764705882,0.17647058823529413,0.0,0.11764705882352941,0.0,0.17647058823529413,0.0,0.058823529411764705,1.4571494562205962,-0.5529411764705883,1866.1646,0.06189964233866242,0.9381003576613376
238,pos_260,FRDEHKK,1,7,0.0,0.0,0.14285714285714285,0.14285714285714285,0.14285714285714285,0.0,0.14285714285714285,0.0,0.2857142857142857,0.0,0.0,0.0,0.0,0.0,0.14285714285714285,0.0,0.0,0.0,0.0,0.0,0.8491990234589419,-2.814285714285714,959.0601,0.6964552024223918,0.3035447975776082
239,pos_261,VGAPSVS,1,7,0.14285714285714285,0.0,0.0,0.0,0.0,0.14285714285714285,0.0,0.0,0.0,0.0,0.0,0.0,0.14285714285714285,0.0,0.0,0.2857142857142857,0.0,0.2857142857142857,0.0,0.0,-0.26601161004484764,0.942857142857143,615.6763,0.8711864493432856,0.1288135506567144
240,pos_262,EEGGSV,1,6,0.0,0.0,0.0,0.3333333333333333,0.0,0.3333333333333333,0.0,0.0,0.0,0.0,0.0,0.0,0.0,0.0,0.0,0.16666666666666666,0.0,0.16666666666666666,0.0,0.0,-2.1603619193287966,-0.7333333333333334,576.5541999999999,0.9771102349254807,0.02288976507451934
241,pos_263,YPFPGPIPN,1,9,0.0,0.0,0.0,0.0,0.1111111111111111,0.1111111111111111,0.0,0.1111111111111111,0.0,0.0,0.0,0.1111111111111111,0.4444444444444444,0.0,0.0,0.0,0.0,0.0,0.0,0.1111111111111111,-0.2408973868096983,-0.47777777777777786,1001.1346000000001,0.6821576713534633,0.3178423286465367
242,pos_264,VTYDYYKN,1,8,0.0,0.0,0.125,0.0,0.0,0.0,0.0,0.0,0.125,0.0,0.0,0.125,0.0,0.0,0.0,0.0,0.125,0.125,0.0,0.375,-0.2688868531010069,-1.4125,1065.1321,0.9197530668667449,0.08024693313325515
243,pos_265,ARHPHPHLSFM,1,11,0.09090909090909091,0.0,0.0,0.0,0.09090909090909091,0.0,0.2727272727272727,0.0,0.0,0.09090909090909091,0.09090909090909091,0.0,0.18181818181818182,0.0,0.09090909090909091,0.09090909090909091,0.0,0.0,0.0,0.0,1.0573871527178467,-0.7090909090909091,1329.5319,0.407153598346743,0.5928464016532571
244,pos_266,DAQEKLE,1,7,0.14285714285714285,0.0,0.14285714285714285,0.2857142857142857,0.0,0.0,0.0,0.0,0.14285714285714285,0.14285714285714285,0.0,0.0,0.0,0.14285714285714285,0.0,0.0,0.0,0.0,0.0,0.0,-2.2289184221559433,-1.7571428571428573,831.8676999999999,0.9290621849725487,0.07093781502745133
245,pos_267,NAVPITPTL,1,9,0.1111111111111111,0.0,0.0,0.0,0.0,0.0,0.0,0.1111111111111111,0.0,0.1111111111111111,0.0,0.1111111111111111,0.2222222222222222,0.0,0.0,0.0,0.2222222222222222,0.1111111111111111,0.0,0.0,-0.23989838581069733,0.6888888888888889,925.0802000000001,0.760658811886505,0.23934118811349503
246,pos_269,FVLPH,1,5,0.0,0.0,0.0,0.0,0.2,0.0,0.2,0.0,0.0,0.2,0.0,0.0,0.2,0.0,0.0,0.0,0.0,0.2,0.0,0.0,-0.15272419755611044,1.2,611.7322,0.9679178107886011,0.03208218921139894
247,pos_270,IVAGPQ,1,6,0.16666666666666666,0.0,0.0,0.0,0.0,0.16666666666666666,0.0,0.16666666666666666,0.0,0.0,0.0,0.0,0.16666666666666666,0.16666666666666666,0.0,0.0,0.0,0.16666666666666666,0.0,0.0,-0.23989838581069733,0.8333333333333334,583.6775,0.9563199253272162,0.043680074672783786
248,pos_271,YPI,1,3,0.0,0.0,0.0,0.0,0.0,0.0,0.0,0.3333333333333333,0.0,0.0,0.0,0.0,0.3333333333333333,0.0,0.0,0.0,0.0,0.0,0.0,0.3333333333333333,-0.2408973868096983,0.5333333333333333,391.4613,0.9947974147963012,0.005202585203698762
249,pos_272,VECYGPNRPQF,1,11,0.0,0.09090909090909091,0.0,0.09090909090909091,0.09090909090909091,0.09090909090909091,0.0,0.0,0.0,0.0,0.0,0.09090909090909091,0.18181818181818182,0.09090909090909091,0.09090909090909091,0.0,0.0,0.09090909090909091,0.0,0.09090909090909091,-0.27411113906964957,-0.9454545454545454,1309.4494,0.4238477099277999,0.5761522900722
250,pos_273,LDIQKEV,1,7,0.0,0.0,0.14285714285714285,0.14285714285714285,0.0,0.0,0.0,0.14285714285714285,0.14285714285714285,0.14285714285714285,0.0,0.0,0.0,0.14285714285714285,0.0,0.0,0.0,0.14285714285714285,0.0,0.0,-1.2369661638966432,-0.2714285714285714,843.9644,0.8856340977179807,0.11436590228201926
251,pos_274,SLGGEMKQTAK,1,11,0.09090909090909091,0.0,0.0,0.09090909090909091,0.0,0.18181818181818182,0.0,0.0,0.18181818181818182,0.09090909090909091,0.09090909090909091,0.0,0.0,0.09090909090909091,0.0,0.09090909090909091,0.09090909090909091,0.0,0.0,0.0,0.4609589191928074,-0.8727272727272727,1149.3183999999999,0.43960193208925347,0.5603980679107465
252,pos_275,TSQLLSDQ,1,8,0.0,0.0,0.125,0.0,0.0,0.0,0.0,0.0,0.0,0.25,0.0,0.0,0.0,0.25,0.0,0.25,0.125,0.0,0.0,0.0,-1.6006826446935274,-0.65,890.9348,0.6492089589813206,0.3507910410186794
253,pos_276,YGKPVAVPAR,1,10,0.2,0.0,0.0,0.0,0.0,0.1,0.0,0.0,0.1,0.0,0.0,0.0,0.2,0.0,0.1,0.0,0.0,0.2,0.0,0.1,1.7580936122913,-0.12999999999999998,1057.2459999999999,0.7305913397304814,0.2694086602695186
254,pos_278,IPSEVLA,1,7,0.14285714285714285,0.0,0.0,0.14285714285714285,0.0,0.0,0.0,0.14285714285714285,0.0,0.14285714285714285,0.0,0.0,0.14285714285714285,0.0,0.0,0.14285714285714285,0.0,0.14285714285714285,0.0,0.0,-1.2370879238374872,1.2,727.8458999999999,0.8866143729249522,0.11338562707504785
255,pos_279,EHH,1,3,0.0,0.0,0.0,0.3333333333333333,0.0,0.0,0.6666666666666666,0.0,0.0,0.0,0.0,0.0,0.0,0.0,0.0,0.0,0.0,0.0,0.0,0.0,-0.988824004792833,-3.3000000000000003,421.4079,0.9999269258310074,7.3074168992604e-05
256,pos_280,LPAGV,1,5,0.2,0.0,0.0,0.0,0.0,0.2,0.0,0.0,0.0,0.2,0.0,0.0,0.2,0.0,0.0,0.0,0.0,0.2,0.0,0.0,-0.23989838581069733,1.56,455.54830000000004,0.9668530154792495,0.03314698452075049
257,pos_281,AVPYPQR,1,7,0.14285714285714285,0.0,0.0,0.0,0.0,0.0,0.0,0.0,0.0,0.0,0.0,0.0,0.2857142857142857,0.14285714285714285,0.14285714285714285,0.0,0.0,0.14285714285714285,0.0,0.14285714285714285,0.7948655869550849,-0.9285714285714286,829.9427,0.949528944785648,0.05047105521435202
258,pos_282,GP,1,2,0.0,0.0,0.0,0.0,0.0,0.5,0.0,0.0,0.0,0.0,0.0,0.0,0.5,0.0,0.0,0.0,0.0,0.0,0.0,0.0,-0.23989838581069733,-1.0,172.18179999999998,0.9875672732871383,0.012432726712861664
259,pos_283,KDHCH,1,5,0.0,0.2,0.2,0.0,0.0,0.0,0.4,0.0,0.2,0.0,0.0,0.0,0.0,0.0,0.0,0.0,0.0,0.0,0.0,0.0,-0.07532923945968939,-2.2600000000000002,638.6965,0.9704471179739205,0.02955288202607953
260,pos_285,DTETGVPT,1,8,0.0,0.0,0.125,0.125,0.0,0.125,0.0,0.0,0.0,0.0,0.0,0.0,0.125,0.0,0.0,0.0,0.375,0.125,0.0,0.0,-2.2359671628976425,-0.8624999999999999,818.8259,0.9035359101971093,0.09646408980289067
261,pos_286,FEQI,1,4,0.0,0.0,0.0,0.25,0.25,0.0,0.0,0.25,0.0,0.0,0.0,0.0,0.0,0.25,0.0,0.0,0.0,0.0,0.0,0.0,-1.2370879238374872,0.07499999999999996,535.5899000000001,0.962082592079599,0.03791740792040099
262,pos_287,GQW,1,3,0.0,0.0,0.0,0.0,0.0,0.3333333333333333,0.0,0.0,0.0,0.0,0.0,0.0,0.0,0.3333333333333333,0.0,0.0,0.0,0.0,0.3333333333333333,0.0,-0.23989838581069733,-1.5999999999999999,389.40569999999997,0.9885716992674259,0.01142830073257406
263,pos_288,PHD,1,3,0.0,0.0,0.3333333333333333,0.0,0.0,0.0,0.3333333333333333,0.0,0.0,0.0,0.0,0.0,0.3333333333333333,0.0,0.0,0.0,0.0,0.0,0.0,0.0,-0.94999528161991,-2.766666666666667,367.3572,0.9939911883112267,0.006008811688773319
264,pos_289,VE,1,2,0.0,0.0,0.0,0.5,0.0,0.0,0.0,0.0,0.0,0.0,0.0,0.0,0.0,0.0,0.0,0.0,0.0,0.5,0.0,0.0,-1.2579638683041474,0.3500000000000001,246.2603,0.9996007370109682,0.00039926298903181223
265,pos_290,LPHH,1,4,0.0,0.0,0.0,0.0,0.0,0.0,0.5,0.0,0.0,0.25,0.0,0.0,0.25,0.0,0.0,0.0,0.0,0.0,0.0,0.0,-0.06555000930152344,-1.0500000000000003,502.5666999999999,0.9984411064773898,0.001558893522610183
266,pos_291,WLSF,1,4,0.0,0.0,0.0,0.0,0.25,0.0,0.0,0.0,0.0,0.25,0.0,0.0,0.0,0.0,0.0,0.25,0.0,0.0,0.25,0.0,-0.23989838581069733,1.2249999999999999,551.6339,0.6231888271045553,0.37681117289544475
267,pos_292,PWR,1,3,0.0,0.0,0.0,0.0,0.0,0.0,0.0,0.0,0.0,0.0,0.0,0.0,0.3333333333333333,0.0,0.3333333333333333,0.0,0.0,0.0,0.3333333333333333,0.0,0.9585188676783541,-2.3333333333333335,457.5261,0.9577272186624931,0.04227278133750689
268,pos_293,TNGIIR,1,6,0.0,0.0,0.0,0.0,0.0,0.16666666666666666,0.0,0.3333333333333333,0.0,0.0,0.0,0.16666666666666666,0.0,0.0,0.16666666666666666,0.0,0.16666666666666666,0.0,0.0,0.0,0.3981865944666271,-0.016666666666666663,672.774,0.7752299103886564,0.2247700896113436
269,pos_294,TYY,1,3,0.0,0.0,0.0,0.0,0.0,0.0,0.0,0.0,0.0,0.0,0.0,0.0,0.0,0.0,0.0,0.0,0.3333333333333333,0.0,0.0,0.6666666666666666,-0.603801407631374,-1.0999999999999999,445.46560000000005,0.9995117801451924,0.00048821985480762553
270,pos_295,WL,1,2,0.0,0.0,0.0,0.0,0.0,0.0,0.0,0.0,0.0,0.5,0.0,0.0,0.0,0.0,0.0,0.0,0.0,0.0,0.5,0.0,-0.23989838581069733,1.45,317.3828,0.9798507172298944,0.020149282770105637
271,pos_296,WDDMEK,1,6,0.0,0.0,0.3333333333333333,0.16666666666666666,0.0,0.0,0.0,0.0,0.16666666666666666,0.0,0.16666666666666666,0.0,0.0,0.0,0.0,0.0,0.0,0.0,0.16666666666666666,0.0,-2.235845402956799,-2.2333333333333334,822.8823,0.7171848847907143,0.2828151152092857
272,pos_297,KFTPAP,1,6,0.16666666666666666,0.0,0.0,0.0,0.16666666666666666,0.0,0.0,0.0,0.16666666666666666,0.0,0.0,0.0,0.3333333333333333,0.0,0.0,0.0,0.16666666666666666,0.0,0.0,0.0,0.7591026131903019,-0.5333333333333333,659.7736,0.8054837668704815,0.1945162331295185
273,pos_298,LHV,1,3,0.0,0.0,0.0,0.0,0.0,0.0,0.3333333333333333,0.0,0.0,0.3333333333333333,0.0,0.0,0.0,0.0,0.0,0.0,0.0,0.3333333333333333,0.0,0.0,-0.15272419755611044,1.5999999999999999,367.4432,0.9986578744326514,0.0013421255673485843
274,pos_299,VAW,1,3,0.3333333333333333,0.0,0.0,0.0,0.0,0.0,0.0,0.0,0.0,0.0,0.0,0.0,0.0,0.0,0.0,0.0,0.0,0.3333333333333333,0.3333333333333333,0.0,-0.26601161004484764,1.7000000000000002,374.4341,0.9845386657666567,0.015461334233343282
275,pos_300,HIQKEDVPSER,1,11,0.0,0.0,0.09090909090909091,0.18181818181818182,0.0,0.0,0.09090909090909091,0.09090909090909091,0.09090909090909091,0.0,0.0,0.0,0.09090909090909091,0.09090909090909091,0.09090909090909091,0.09090909090909091,0.0,0.09090909090909091,0.0,0.0,-1.1469915135688469,-1.7545454545454546,1337.4383,0.5092800239090662,0.49071997609093376
276,pos_301,ENLQNYRLL,1,9,0.0,0.0,0.0,0.1111111111111111,0.0,0.0,0.0,0.0,0.0,0.3333333333333333,0.0,0.2222222222222222,0.0,0.1111111111111111,0.1111111111111111,0.0,0.0,0.0,0.0,0.1111111111111111,-0.16418138220100897,-0.9333333333333333,1162.2954,0.73633774969845,0.26366225030155
277,pos_302,ESTVPERTHPACPDFN,1,16,0.0625,0.0625,0.0625,0.125,0.0625,0.0,0.0625,0.0,0.0,0.0,0.0,0.0625,0.1875,0.0,0.0625,0.0625,0.125,0.0625,0.0,0.0,-2.0819779601333757,-1.0875,1799.9146,0.048825010700768764,0.9511749892992313
278,pos_303,VHDY,1,4,0.0,0.0,0.25,0.0,0.0,0.0,0.25,0.0,0.0,0.0,0.0,0.0,0.0,0.0,0.0,0.0,0.0,0.25,0.0,0.25,-1.1787156618494172,-0.95,532.5462,0.9974791101737742,0.0025208898262257806
279,pos_304,YGLF,1,4,0.0,0.0,0.0,0.0,0.25,0.25,0.0,0.0,0.0,0.25,0.0,0.0,0.0,0.0,0.0,0.0,0.0,0.0,0.0,0.25,-0.2408973868096983,1.2249999999999999,498.5711999999999,0.9529232540090615,0.04707674599093847
280,pos_306,EL,1,2,0.0,0.0,0.0,0.5,0.0,0.0,0.0,0.0,0.0,0.5,0.0,0.0,0.0,0.0,0.0,0.0,0.0,0.0,0.0,0.0,-1.1631723813020067,0.1499999999999999,260.28689999999995,0.9981446898157932,0.0018553101842068154
281,pos_307,VLPVPEK,1,7,0.0,0.0,0.0,0.14285714285714285,0.0,0.0,0.0,0.0,0.14285714285714285,0.14285714285714285,0.0,0.0,0.2857142857142857,0.0,0.0,0.0,0.0,0.2857142857142857,0.0,0.0,-0.26420014907063827,0.2285714285714286,780.9516,0.9577303910295719,0.042269608970428085
282,pos_308,LSGNK,1,5,0.0,0.0,0.0,0.0,0.0,0.2,0.0,0.0,0.2,0.2,0.0,0.2,0.0,0.0,0.0,0.2,0.0,0.0,0.0,0.0,0.7591026131903019,-0.96,517.5764,0.8503951067446157,0.14960489325538429
283,pos_309,FDPFPK,1,6,0.0,0.0,0.16666666666666666,0.0,0.3333333333333333,0.0,0.0,0.0,0.16666666666666666,0.0,0.0,0.0,0.3333333333333333,0.0,0.0,0.0,0.0,0.0,0.0,0.0,-0.2397766258698535,-0.8333333333333334,749.853,0.45026322170878513,0.5497367782912148
284,pos_310,PSDHDHE,1,7,0.0,0.0,0.2857142857142857,0.14285714285714285,0.0,0.0,0.2857142857142857,0.0,0.0,0.0,0.0,0.0,0.14285714285714285,0.0,0.0,0.14285714285714285,0.0,0.0,0.0,0.0,-2.8568334922920817,-2.757142857142857,835.7751999999999,0.9392415269123384,0.06075847308766158
285,pos_311,VAGTWY,1,6,0.16666666666666666,0.0,0.0,0.0,0.0,0.16666666666666666,0.0,0.0,0.0,0.0,0.0,0.0,0.0,0.0,0.0,0.0,0.16666666666666666,0.16666666666666666,0.16666666666666666,0.16666666666666666,-0.2670106110438486,0.45,695.7624999999999,0.9628686384159122,0.03713136158408781
286,pos_312,SC,1,2,0.0,0.5,0.0,0.0,0.0,0.0,0.0,0.0,0.0,0.0,0.0,0.0,0.0,0.0,0.0,0.5,0.0,0.0,0.0,0.0,-0.5497545308814108,0.85,208.2355,0.5883254116616088,0.4116745883383912
287,pos_313,RGQVIYVL,1,8,0.0,0.0,0.0,0.0,0.0,0.125,0.0,0.125,0.0,0.125,0.0,0.0,0.0,0.125,0.125,0.0,0.0,0.25,0.0,0.125,0.7590926132903006,0.875,947.1319000000001,0.8836964149084436,0.11630358509155636
288,pos_314,LLAPPER,1,7,0.14285714285714285,0.0,0.0,0.14285714285714285,0.0,0.0,0.0,0.0,0.0,0.2857142857142857,0.0,0.0,0.2857142857142857,0.0,0.14285714285714285,0.0,0.0,0.0,0.0,0.0,-0.23709792373748817,-0.25714285714285723,794.9385,0.8782372029758059,0.12176279702419412
289,pos_315,DWDPK,1,5,0.0,0.0,0.4,0.0,0.0,0.0,0.0,0.0,0.2,0.0,0.0,0.0,0.2,0.0,0.0,0.0,0.0,0.0,0.2,0.0,-1.238655864930009,-2.68,659.6875,0.7488577888036185,0.25114221119638147
290,pos_316,AGDDAPR,1,7,0.2857142857142857,0.0,0.2857142857142857,0.0,0.0,0.14285714285714285,0.0,0.0,0.0,0.0,0.0,0.0,0.14285714285714285,0.0,0.14285714285714285,0.0,0.0,0.0,0.0,0.0,-1.201893890166225,-1.4142857142857144,700.6981,0.6620112068493743,0.3379887931506257
291,pos_317,IEWEGIESGSVEQA,1,14,0.07142857142857142,0.0,0.0,0.2857142857142857,0.0,0.14285714285714285,0.0,0.14285714285714285,0.0,0.0,0.0,0.0,0.0,0.07142857142857142,0.0,0.14285714285714285,0.0,0.07142857142857142,0.07142857142857142,0.0,-4.228656537917856,-0.41428571428571426,1533.5917,0.27438424915973825,0.7256157508402618
292,pos_318,AEHNH,1,5,0.2,0.0,0.0,0.2,0.0,0.0,0.4,0.0,0.0,0.0,0.0,0.2,0.0,0.0,0.0,0.0,0.0,0.0,0.0,0.0,-1.026966573663529,-2.32,606.5884,0.9974304974604908,0.002569502539509161
293,pos_319,IRW,1,3,0.0,0.0,0.0,0.0,0.0,0.0,0.0,0.3333333333333333,0.0,0.0,0.0,0.0,0.0,0.0,0.3333333333333333,0.0,0.0,0.0,0.3333333333333333,0.0,0.7600916142893016,-0.3,473.56850000000003,0.9009498561850083,0.09905014381499166
294,pos_320,GAWA,1,4,0.5,0.0,0.0,0.0,0.0,0.25,0.0,0.0,0.0,0.0,0.0,0.0,0.0,0.0,0.0,0.0,0.0,0.0,0.25,0.0,-0.23989838581069733,0.575,403.4323,0.9369713889377079,0.06302861106229207
295,pos_321,LGFEYY,1,6,0.0,0.0,0.0,0.16666666666666666,0.16666666666666666,0.16666666666666666,0.0,0.0,0.0,0.16666666666666666,0.0,0.0,0.0,0.0,0.0,0.0,0.0,0.0,0.0,0.3333333333333333,-1.239085925835489,0.01666666666666659,790.8584,0.9683769262539871,0.03162307374601292
296,pos_322,IITQ,1,4,0.0,0.0,0.0,0.0,0.0,0.0,0.0,0.5,0.0,0.0,0.0,0.0,0.0,0.25,0.0,0.0,0.25,0.0,0.0,0.0,-0.23989838581069733,1.2,473.5636,0.9595185097528471,0.04048149024715286
297,pos_323,YPPAK,1,5,0.2,0.0,0.0,0.0,0.0,0.0,0.0,0.0,0.2,0.0,0.0,0.0,0.4,0.0,0.0,0.0,0.0,0.0,0.0,0.2,0.758103612191301,-1.3199999999999998,574.6691,0.9784437703277131,0.021556229672286875
298,pos_324,HYFL,1,4,0.0,0.0,0.0,0.0,0.25,0.0,0.25,0.0,0.0,0.25,0.0,0.0,0.0,0.0,0.0,0.0,0.0,0.0,0.0,0.25,-0.1537231985551114,0.5249999999999999,578.6592,0.9897356721148064,0.010264327885193603
299,pos_325,RVQVVNNNGK,1,10,0.0,0.0,0.0,0.0,0.0,0.1,0.0,0.0,0.1,0.0,0.0,0.3,0.0,0.1,0.1,0.0,0.0,0.3,0.0,0.0,1.759092613290301,-1.02,1127.2546,0.6688482097166688,0.3311517902833312
300,pos_326,IY,1,2,0.0,0.0,0.0,0.0,0.0,0.0,0.0,0.5,0.0,0.0,0.0,0.0,0.0,0.0,0.0,0.0,0.0,0.0,0.0,0.5,-0.2408973868096983,1.6,294.3461,0.9981010410442878,0.0018989589557122377
301,pos_327,GNRGFACRHA,1,10,0.2,0.1,0.0,0.0,0.1,0.2,0.1,0.0,0.0,0.0,0.0,0.1,0.0,0.0,0.2,0.0,0.0,0.0,0.0,0.0,1.837354812544878,-0.76,1088.2037,0.30260004993543177,0.6973999500645682
302,pos_328,NYPSD,1,5,0.0,0.0,0.2,0.0,0.0,0.0,0.0,0.0,0.0,0.0,0.0,0.2,0.2,0.0,0.0,0.2,0.0,0.0,0.0,0.2,-1.2365957242625507,-2.1399999999999997,594.571,0.9288381808459429,0.07116181915405706
303,pos_330,LLMQ,1,4,0.0,0.0,0.0,0.0,0.0,0.0,0.0,0.0,0.0,0.5,0.25,0.0,0.0,0.25,0.0,0.0,0.0,0.0,0.0,0.0,-0.23989838581069733,1.5,503.65569999999997,0.9630462183314566,0.03695378166854335
304,pos_331,PLFQNKLAHAK,1,11,0.18181818181818182,0.0,0.0,0.0,0.09090909090909091,0.0,0.09090909090909091,0.0,0.18181818181818182,0.18181818181818182,0.0,0.09090909090909091,0.09090909090909091,0.09090909090909091,0.0,0.0,0.0,0.0,0.0,0.0,2.0437050538349406,-0.5090909090909091,1266.491,0.33544890266182265,0.6645510973381774
305,pos_332,YYM,1,3,0.0,0.0,0.0,0.0,0.0,0.0,0.0,0.0,0.0,0.0,0.3333333333333333,0.0,0.0,0.0,0.0,0.0,0.0,0.0,0.0,0.6666666666666666,-0.24189638780869938,-0.2333333333333334,475.5577,0.9989359183814459,0.0010640816185540913
306,pos_334,GTFLQPHQ,1,8,0.0,0.0,0.0,0.0,0.125,0.125,0.125,0.0,0.0,0.125,0.0,0.0,0.125,0.25,0.0,0.0,0.125,0.0,0.0,0.0,-0.15272419755611044,-0.7875000000000001,927.0147999999999,0.8796631730443716,0.12033682695562842
307,pos_335,NQLDQ,1,5,0.0,0.0,0.2,0.0,0.0,0.0,0.0,0.0,0.0,0.2,0.0,0.2,0.0,0.4,0.0,0.0,0.0,0.0,0.0,0.0,-1.2387776248708526,-2.04,616.6213,0.9591441953713475,0.04085580462865246
308,pos_336,HMPVTK,1,6,0.0,0.0,0.0,0.0,0.0,0.0,0.16666666666666666,0.0,0.16666666666666666,0.0,0.16666666666666666,0.0,0.16666666666666666,0.0,0.0,0.0,0.16666666666666666,0.16666666666666666,0.0,0.0,0.8462768014448888,-0.5499999999999999,711.8729999999999,0.9654347783625337,0.03456522163746634
309,pos_337,TFD,1,3,0.0,0.0,0.3333333333333333,0.0,0.3333333333333333,0.0,0.0,0.0,0.0,0.0,0.0,0.0,0.0,0.0,0.0,0.0,0.3333333333333333,0.0,0.0,0.0,-1.5975017430862242,-0.46666666666666673,381.3804,0.74992279808238,0.25007720191761995
310,pos_338,PLPLHMLP,1,8,0.0,0.0,0.0,0.0,0.0,0.0,0.125,0.0,0.0,0.375,0.125,0.0,0.375,0.0,0.0,0.0,0.0,0.0,0.0,0.0,0.04570305583294221,0.6624999999999999,917.1690000000001,0.8490611220158728,0.1509388779841272
311,pos_339,SGE,1,3,0.0,0.0,0.0,0.3333333333333333,0.0,0.3333333333333333,0.0,0.0,0.0,0.0,0.0,0.0,0.0,0.0,0.0,0.3333333333333333,0.0,0.0,0.0,0.0,-1.5318057990417007,-1.5666666666666667,291.2579,0.980796643728159,0.019203356271841
312,pos_340,DTVPWFPR,1,8,0.0,0.0,0.125,0.0,0.125,0.0,0.0,0.0,0.0,0.0,0.0,0.0,0.25,0.0,0.125,0.0,0.125,0.125,0.125,0.0,-0.2387876247708538,-0.725,1017.1374000000001,0.46198821982021393,0.5380117801797861
313,pos_341,APAPAAK,1,7,0.5714285714285714,0.0,0.0,0.0,0.0,0.0,0.0,0.0,0.14285714285714285,0.0,0.0,0.0,0.2857142857142857,0.0,0.0,0.0,0.0,0.0,0.0,0.0,0.794875586855086,0.0142857142857143,624.7296,0.8703946639332956,0.12960533606670444
314,pos_342,TEVWDSNEQ,1,9,0.0,0.0,0.1111111111111111,0.2222222222222222,0.0,0.0,0.0,0.0,0.0,0.0,0.0,0.1111111111111111,0.0,0.1111111111111111,0.0,0.1111111111111111,0.1111111111111111,0.1111111111111111,0.1111111111111111,0.0,-3.5950617207471067,-1.7444444444444445,1107.0846,0.7695628728230717,0.23043712717692832
315,pos_344,RHI,1,3,0.0,0.0,0.0,0.0,0.0,0.0,0.3333333333333333,0.3333333333333333,0.0,0.0,0.0,0.0,0.0,0.0,0.3333333333333333,0.0,0.0,0.0,0.0,0.0,0.8472658025438885,-1.0666666666666667,424.4979,0.990169144504286,0.009830855495714053
316,pos_345,MQFHT,1,5,0.0,0.0,0.0,0.0,0.2,0.0,0.2,0.0,0.0,0.0,0.2,0.0,0.0,0.2,0.0,0.0,0.2,0.0,0.0,0.0,-0.4124711242040683,-0.54,662.7575,0.9560986595445184,0.04390134045548155
317,pos_346,ELLI,1,4,0.0,0.0,0.0,0.25,0.0,0.0,0.0,0.25,0.0,0.5,0.0,0.0,0.0,0.0,0.0,0.0,0.0,0.0,0.0,0.0,-1.1631723813020067,2.15,486.6021,0.9729606968019242,0.027039303198075793
318,pos_347,YYV,1,3,0.0,0.0,0.0,0.0,0.0,0.0,0.0,0.0,0.0,0.0,0.0,0.0,0.0,0.0,0.0,0.0,0.0,0.3333333333333333,0.0,0.6666666666666666,-0.24189638780869938,0.5333333333333333,443.4927,0.9997558437564862,0.0002441562435138156
319,pos_348,GA,1,2,0.5,0.0,0.0,0.0,0.0,0.5,0.0,0.0,0.0,0.0,0.0,0.0,0.0,0.0,0.0,0.0,0.0,0.0,0.0,0.0,-0.23989838581069733,0.7,146.1445,0.9712906165418225,0.02870938345817753
320,pos_349,YYC,1,3,0.0,0.3333333333333333,0.0,0.0,0.0,0.0,0.0,0.0,0.0,0.0,0.0,0.0,0.0,0.0,0.0,0.0,0.0,0.0,0.0,0.6666666666666666,-0.25179737790770906,-0.03333333333333336,447.50460000000004,0.9977466079033973,0.002253392096602691
321,pos_350,YYW,1,3,0.0,0.0,0.0,0.0,0.0,0.0,0.0,0.0,0.0,0.0,0.0,0.0,0.0,0.0,0.0,0.0,0.0,0.0,0.3333333333333333,0.6666666666666666,-0.24189638780869938,-1.1666666666666667,530.5716,0.9992355118310388,0.0007644881689612415
322,pos_351,HPHPHLSF,1,8,0.0,0.0,0.0,0.0,0.125,0.0,0.375,0.0,0.0,0.125,0.0,0.0,0.25,0.0,0.0,0.125,0.0,0.0,0.0,0.0,0.021624178953063455,-0.8750000000000001,971.0723,0.9044084863714392,0.09559151362856078
323,pos_353,TWYFITPYIPDK,1,12,0.0,0.0,0.08333333333333333,0.0,0.08333333333333333,0.0,0.0,0.16666666666666666,0.08333333333333333,0.0,0.0,0.0,0.16666666666666666,0.0,0.0,0.0,0.16666666666666666,0.0,0.08333333333333333,0.16666666666666666,-0.6036796476905302,-0.30833333333333335,1543.7585,0.12526690798267642,0.8747330920173235
324,pos_354,HKEMPFPKYPVEPFTESQ,1,18,0.0,0.0,0.0,0.16666666666666666,0.1111111111111111,0.0,0.05555555555555555,0.0,0.1111111111111111,0.0,0.05555555555555555,0.0,0.2222222222222222,0.05555555555555555,0.0,0.05555555555555555,0.05555555555555555,0.05555555555555555,0.0,0.05555555555555555,-1.1472898146334822,-1.25,2191.4602,0.015415238154874085,0.9845847618451259
325,pos_355,MHQPPQPLPPTVMFPPQSVL,1,20,0.0,0.0,0.0,0.0,0.05,0.0,0.05,0.0,0.0,0.1,0.1,0.0,0.35,0.15,0.0,0.05,0.05,0.1,0.0,0.0,-0.4124711242040683,-0.19000000000000006,2241.6728,0.00928543920166866,0.9907145607983313
326,pos_356,YSEEQQPSTR,1,10,0.0,0.0,0.0,0.2,0.0,0.0,0.0,0.0,0.0,0.0,0.0,0.0,0.1,0.2,0.1,0.2,0.1,0.0,0.0,0.1,-1.2352864627632791,-2.37,1224.2343,0.7166946805543474,0.2833053194456526
327,pos_358,NAGPFTPTVNR,1,11,0.09090909090909091,0.0,0.0,0.0,0.09090909090909091,0.09090909090909091,0.0,0.0,0.0,0.0,0.0,0.18181818181818182,0.18181818181818182,0.0,0.09090909090909091,0.0,0.18181818181818182,0.09090909090909091,0.0,0.0,0.7600916142893016,-0.7000000000000001,1173.2784,0.36012858209176013,0.6398714179082399
328,pos_359,PHC,1,3,0.0,0.3333333333333333,0.0,0.0,0.0,0.0,0.3333333333333333,0.0,0.0,0.0,0.0,0.0,0.3333333333333333,0.0,0.0,0.0,0.0,0.0,0.0,0.0,0.03580206573393241,-0.7666666666666667,355.4127,0.9920917757014175,0.007908224298582511
329,pos_360,YRY,1,3,0.0,0.0,0.0,0.0,0.0,0.0,0.0,0.0,0.0,0.0,0.0,0.0,0.0,0.0,0.3333333333333333,0.0,0.0,0.0,0.0,0.6666666666666666,0.7580936122912996,-2.3666666666666667,500.5474,0.9988719051875441,0.0011280948124559043
330,pos_361,WDTRGQ,1,6,0.0,0.0,0.16666666666666666,0.0,0.0,0.16666666666666666,0.0,0.0,0.0,0.0,0.0,0.0,0.0,0.16666666666666666,0.16666666666666666,0.0,0.16666666666666666,0.0,0.16666666666666666,0.0,-0.2387876247708538,-2.25,761.7827,0.8145288793849937,0.18547112061500626
331,pos_362,IYVVDLR,1,7,0.0,0.0,0.14285714285714285,0.0,0.0,0.0,0.0,0.14285714285714285,0.0,0.14285714285714285,0.0,0.0,0.0,0.0,0.14285714285714285,0.0,0.0,0.2857142857142857,0.0,0.14285714285714285,-0.23978662576985488,1.0571428571428572,877.0387999999999,0.8562885723824026,0.14371142761759736
332,pos_363,AGLAPY,1,6,0.3333333333333333,0.0,0.0,0.0,0.0,0.16666666666666666,0.0,0.0,0.0,0.16666666666666666,0.0,0.0,0.16666666666666666,0.0,0.0,0.0,0.0,0.0,0.0,0.16666666666666666,-0.20512441314491403,0.6833333333333332,590.6684,0.9581436115877873,0.04185638841221273
333,pos_364,EVGA,1,4,0.25,0.0,0.0,0.25,0.0,0.25,0.0,0.0,0.0,0.0,0.0,0.0,0.0,0.0,0.0,0.0,0.0,0.25,0.0,0.0,-1.1631723813020067,0.525,374.38949999999994,0.9925891148338752,0.007410885166124759
334,pos_365,KVLPVPE,1,7,0.0,0.0,0.0,0.14285714285714285,0.0,0.0,0.0,0.0,0.14285714285714285,0.14285714285714285,0.0,0.0,0.2857142857142857,0.0,0.0,0.0,0.0,0.2857142857142857,0.0,0.0,-0.23284964506899786,0.2285714285714286,780.9516,0.9576253494389649,0.042374650561035065
335,pos_366,AGPSIVH,1,7,0.14285714285714285,0.0,0.0,0.0,0.0,0.14285714285714285,0.14285714285714285,0.14285714285714285,0.0,0.0,0.0,0.0,0.14285714285714285,0.0,0.0,0.14285714285714285,0.0,0.14285714285714285,0.0,0.0,-0.11695122389132617,0.6428571428571429,679.7648999999999,0.9225574109906064,0.0774425890093936
336,pos_367,QDYD,1,4,0.0,0.0,0.5,0.0,0.0,0.0,0.0,0.0,0.0,0.0,0.0,0.0,0.0,0.25,0.0,0.0,0.0,0.0,0.0,0.25,-2.235474963322706,-2.95,539.4925000000001,0.976403327085257,0.02359667291474299
337,pos_368,PWQ,1,3,0.0,0.0,0.0,0.0,0.0,0.0,0.0,0.0,0.0,0.0,0.0,0.0,0.3333333333333333,0.3333333333333333,0.0,0.0,0.0,0.0,0.3333333333333333,0.0,-0.041471132421644796,-2.0,429.4696,0.9921454241864074,0.007854575813592612
338,pos_369,SAGNPN,1,6,0.16666666666666666,0.0,0.0,0.0,0.0,0.16666666666666666,0.0,0.0,0.0,0.0,0.0,0.3333333333333333,0.16666666666666666,0.0,0.0,0.16666666666666666,0.0,0.0,0.0,0.0,-0.539853540782401,-1.3333333333333333,558.5422,0.8729162266226601,0.1270837733773399
339,pos_370,QDHKA,1,5,0.2,0.0,0.2,0.0,0.0,0.0,0.2,0.0,0.2,0.0,0.0,0.0,0.0,0.2,0.0,0.0,0.0,0.0,0.0,0.0,-0.1526024376152666,-2.46,597.6214,0.9739237404890593,0.026076259510940725
340,pos_371,LHD,1,3,0.0,0.0,0.3333333333333333,0.0,0.0,0.0,0.3333333333333333,0.0,0.0,0.3333333333333333,0.0,0.0,0.0,0.0,0.0,0.0,0.0,0.0,0.0,0.0,-1.1484225350089625,-0.9666666666666668,383.3996,0.9906626473545513,0.00933735264544866
341,pos_372,AGGKPFQ,1,7,0.14285714285714285,0.0,0.0,0.0,0.14285714285714285,0.2857142857142857,0.0,0.0,0.14285714285714285,0.0,0.0,0.0,0.14285714285714285,0.14285714285714285,0.0,0.0,0.0,0.0,0.0,0.0,0.794875586855086,-0.7428571428571429,703.7863,0.8023686108262589,0.19763138917374112
342,pos_373,YQKFPQY,1,7,0.0,0.0,0.0,0.0,0.14285714285714285,0.0,0.0,0.0,0.14285714285714285,0.0,0.0,0.0,0.14285714285714285,0.2857142857142857,0.0,0.0,0.0,0.0,0.0,0.2857142857142857,0.7571046111922999,-1.7571428571428573,973.0813999999999,0.936540276486642,0.06345972351335805
343,pos_374,HPVPPKKK,1,8,0.0,0.0,0.0,0.0,0.0,0.0,0.125,0.0,0.375,0.0,0.0,0.0,0.375,0.0,0.0,0.0,0.0,0.125,0.0,0.0,2.8442787994468874,-1.9375,930.1481000000001,0.8807139851042377,0.1192860148957623
344,pos_375,VEIPHD,1,6,0.0,0.0,0.16666666666666666,0.16666666666666666,0.0,0.0,0.16666666666666666,0.16666666666666666,0.0,0.0,0.0,0.0,0.16666666666666666,0.0,0.0,0.0,0.0,0.16666666666666666,0.0,0.0,-2.171725297269903,-0.5166666666666667,708.7597999999999,0.9758658143166599,0.024134185683340137
345,pos_376,MCYPAST,1,7,0.14285714285714285,0.14285714285714285,0.0,0.0,0.0,0.0,0.0,0.0,0.0,0.0,0.14285714285714285,0.0,0.14285714285714285,0.0,0.0,0.14285714285714285,0.14285714285714285,0.0,0.0,0.14285714285714285,-0.510545303556666,0.2571428571428571,771.9017,0.7747136415160033,0.2252863584839967
346,pos_377,YY,1,2,0.0,0.0,0.0,0.0,0.0,0.0,0.0,0.0,0.0,0.0,0.0,0.0,0.0,0.0,0.0,0.0,0.0,0.0,0.0,1.0,-0.24189638780869938,-1.3,344.3617,0.9999601551996482,3.984480035179594e-05
347,pos_378,RHW,1,3,0.0,0.0,0.0,0.0,0.0,0.0,0.3333333333333333,0.0,0.0,0.0,0.0,0.0,0.0,0.0,0.3333333333333333,0.0,0.0,0.0,0.3333333333333333,0.0,0.8472658025438885,-2.8666666666666667,497.55019999999996,0.9932203631788814,0.006779636821118595
348,pos_379,YVY,1,3,0.0,0.0,0.0,0.0,0.0,0.0,0.0,0.0,0.0,0.0,0.0,0.0,0.0,0.0,0.0,0.0,0.0,0.3333333333333333,0.0,0.6666666666666666,-0.24189638780869938,0.5333333333333333,443.4927,0.9997558437564862,0.0002441562435138156
349,pos_380,ACA,1,3,0.6666666666666666,0.3333333333333333,0.0,0.0,0.0,0.0,0.0,0.0,0.0,0.0,0.0,0.0,0.0,0.0,0.0,0.0,0.0,0.0,0.0,0.0,-0.21402640224492286,2.033333333333333,263.314,0.8767630082118291,0.12323699178817094
350,pos_381,QAC,1,3,0.3333333333333333,0.3333333333333333,0.0,0.0,0.0,0.0,0.0,0.0,0.0,0.0,0.0,0.0,0.0,0.3333333333333333,0.0,0.0,0.0,0.0,0.0,0.0,-0.24979937590970713,0.26666666666666666,320.3653,0.9628948253220174,0.03710517467798258
351,pos_382,YPYY,1,4,0.0,0.0,0.0,0.0,0.0,0.0,0.0,0.0,0.0,0.0,0.0,0.0,0.25,0.0,0.0,0.0,0.0,0.0,0.0,0.75,-0.24289538880770023,-1.375,604.6501000000001,0.9993663954383005,0.0006336045616994745
352,pos_385,MDGAP,1,5,0.2,0.0,0.2,0.0,0.0,0.2,0.0,0.0,0.0,0.0,0.2,0.0,0.2,0.0,0.0,0.0,0.0,0.0,0.0,0.0,-1.4985245515188106,-0.36000000000000004,489.5431,0.8723599972818704,0.12764000271812959
353,pos_387,YNLRQ,1,5,0.0,0.0,0.0,0.0,0.0,0.0,0.0,0.0,0.0,0.2,0.0,0.2,0.0,0.2,0.2,0.0,0.0,0.0,0.0,0.2,0.7590926132903006,-1.8,692.7636,0.9738944381207117,0.026105561879288253
354,pos_388,FGER,1,4,0.0,0.0,0.0,0.25,0.25,0.25,0.0,0.0,0.0,0.0,0.0,0.0,0.0,0.0,0.25,0.0,0.0,0.0,0.0,0.0,-0.23709792373748817,-1.4000000000000001,507.5401,0.914289009065308,0.08571099093469203
355,pos_389,GGNYVGVP,1,8,0.0,0.0,0.0,0.0,0.0,0.375,0.0,0.0,0.0,0.0,0.0,0.125,0.125,0.0,0.0,0.0,0.0,0.25,0.0,0.125,-0.2408973868096983,0.10000000000000002,761.8222000000001,0.9508813609282297,0.049118639071770276
356,pos_391,PLMW,1,4,0.0,0.0,0.0,0.0,0.0,0.0,0.0,0.0,0.0,0.25,0.25,0.0,0.25,0.0,0.0,0.0,0.0,0.0,0.25,0.0,-0.041471132421644796,0.7999999999999999,545.6940000000001,0.9261633742013142,0.07383662579868577
357,pos_392,VLEANPRSF,1,9,0.1111111111111111,0.0,0.0,0.1111111111111111,0.1111111111111111,0.0,0.0,0.0,0.0,0.1111111111111111,0.0,0.1111111111111111,0.1111111111111111,0.0,0.1111111111111111,0.1111111111111111,0.0,0.1111111111111111,0.0,0.0,-0.2632111479716386,-0.1444444444444445,1032.1504,0.5028409203575905,0.49715907964240946
358,pos_393,MPFPKYPVQPF,1,11,0.0,0.0,0.0,0.0,0.18181818181818182,0.0,0.0,0.0,0.09090909090909091,0.0,0.09090909090909091,0.0,0.36363636363636365,0.09090909090909091,0.0,0.0,0.0,0.09090909090909091,0.0,0.09090909090909091,0.498356685543343,-0.30909090909090914,1350.6254,0.28466122693923557,0.7153387730607644
359,pos_394,FVLGL,1,5,0.0,0.0,0.0,0.0,0.2,0.2,0.0,0.0,0.0,0.4,0.0,0.0,0.0,0.0,0.0,0.0,0.0,0.2,0.0,0.0,-0.23989838581069733,2.84,547.6866,0.8744858337039793,0.12551416629602075
360,pos_395,ARHPHP,1,6,0.16666666666666666,0.0,0.0,0.0,0.0,0.0,0.3333333333333333,0.0,0.0,0.0,0.0,0.0,0.3333333333333333,0.0,0.16666666666666666,0.0,0.0,0.0,0.0,0.0,0.9702129644632597,-2.0500000000000003,713.7878999999999,0.9820218737313411,0.01797812626865891
361,pos_396,VAPFPQPVVPYPQR,1,14,0.07142857142857142,0.0,0.0,0.0,0.07142857142857142,0.0,0.0,0.0,0.0,0.0,0.0,0.0,0.35714285714285715,0.14285714285714285,0.07142857142857142,0.0,0.0,0.21428571428571427,0.0,0.07142857142857142,0.7329793890561502,-0.2571428571428572,1594.8532999999998,0.2375804367343066,0.7624195632656934
362,pos_397,GSGGL,1,5,0.0,0.0,0.0,0.0,0.0,0.6,0.0,0.0,0.0,0.2,0.0,0.0,0.0,0.0,0.0,0.2,0.0,0.0,0.0,0.0,-0.23989838581069733,0.36,389.40409999999997,0.8910021316007298,0.10899786839927017
363,pos_398,TVQVT,1,5,0.0,0.0,0.0,0.0,0.0,0.0,0.0,0.0,0.0,0.0,0.0,0.0,0.0,0.2,0.0,0.0,0.4,0.4,0.0,0.0,-0.6018034056333719,0.7000000000000001,546.6143000000001,0.9906281046820097,0.00937189531799032
364,pos_399,IGFLIIWV,1,8,0.0,0.0,0.0,0.0,0.125,0.125,0.0,0.375,0.0,0.125,0.0,0.0,0.0,0.0,0.0,0.0,0.0,0.125,0.125,0.0,-0.23989838581069733,2.875,960.2117000000001,0.40411709967418147,0.5958829003258186
365,pos_401,YHH,1,3,0.0,0.0,0.0,0.0,0.0,0.0,0.6666666666666666,0.0,0.0,0.0,0.0,0.0,0.0,0.0,0.0,0.0,0.0,0.0,0.0,0.3333333333333333,-0.0665490103005244,-2.566666666666667,455.4671,0.9999489572110268,5.104278897316572e-05
366,pos_402,RWN,1,3,0.0,0.0,0.0,0.0,0.0,0.0,0.0,0.0,0.0,0.0,0.0,0.3333333333333333,0.0,0.0,0.3333333333333333,0.0,0.0,0.0,0.3333333333333333,0.0,0.7600916142893016,-2.966666666666667,474.51349999999996,0.9456417593066745,0.05435824069332551
367,pos_403,GPE,1,3,0.0,0.0,0.0,0.3333333333333333,0.0,0.3333333333333333,0.0,0.0,0.0,0.0,0.0,0.0,0.3333333333333333,0.0,0.0,0.0,0.0,0.0,0.0,0.0,-1.231850644069997,-1.8333333333333333,301.2958,0.9956543262239552,0.004345673776044778
368,pos_404,CAAP,1,4,0.5,0.25,0.0,0.0,0.0,0.0,0.0,0.0,0.0,0.0,0.0,0.0,0.25,0.0,0.0,0.0,0.0,0.0,0.0,0.0,-0.24979937590970713,1.125,360.4292,0.9045376905794285,0.09546230942057155
369,pos_405,FVAPFPEV,1,8,0.125,0.0,0.0,0.125,0.25,0.0,0.0,0.0,0.0,0.0,0.0,0.0,0.25,0.0,0.0,0.0,0.0,0.25,0.0,0.0,-1.2370879238374872,1.1375,905.0472,0.7583495966481262,0.24165040335187382
370,pos_406,YGYTGA,1,6,0.16666666666666666,0.0,0.0,0.0,0.0,0.3333333333333333,0.0,0.0,0.0,0.0,0.0,0.0,0.0,0.0,0.0,0.0,0.16666666666666666,0.0,0.0,0.3333333333333333,-0.24189638780869938,-0.3833333333333333,630.6461,0.9821870809805513,0.017812919019448703
371,pos_407,VLNSNAAPLPN,1,11,0.18181818181818182,0.0,0.0,0.0,0.0,0.0,0.0,0.0,0.0,0.18181818181818182,0.0,0.2727272727272727,0.18181818181818182,0.0,0.0,0.09090909090909091,0.0,0.09090909090909091,0.0,0.0,-0.26601161004484764,0.08181818181818179,1109.2328,0.472110486696017,0.5278895133039829
372,pos_408,AYPS,1,4,0.25,0.0,0.0,0.0,0.0,0.0,0.0,0.0,0.0,0.0,0.0,0.0,0.25,0.0,0.0,0.25,0.0,0.0,0.0,0.25,-0.20512441314491403,-0.47500000000000003,436.45889999999997,0.9772876999072554,0.02271230009274461
373,pos_409,VLPVPQKKVLPVPQK,1,15,0.0,0.0,0.0,0.0,0.0,0.0,0.0,0.0,0.2,0.13333333333333333,0.0,0.0,0.26666666666666666,0.13333333333333333,0.0,0.0,0.0,0.26666666666666666,0.0,0.0,2.73099138695815,-0.04666666666666665,1670.0906,0.15700339476330696,0.8429966052366931
374,pos_410,WCTSVS,1,6,0.0,0.16666666666666666,0.0,0.0,0.0,0.0,0.0,0.0,0.0,0.0,0.0,0.0,0.0,0.0,0.0,0.3333333333333333,0.16666666666666666,0.16666666666666666,0.16666666666666666,0.0,-0.24979937590970713,0.5833333333333334,681.7576,0.653374630975633,0.346625369024367
375,pos_411,IPSEVLS,1,7,0.0,0.0,0.0,0.14285714285714285,0.0,0.0,0.0,0.14285714285714285,0.0,0.14285714285714285,0.0,0.0,0.14285714285714285,0.0,0.0,0.2857142857142857,0.0,0.14285714285714285,0.0,0.0,-1.2370879238374872,0.8285714285714285,743.8453,0.8276115718140359,0.17238842818596412
376,pos_412,QHGV,1,4,0.0,0.0,0.0,0.0,0.0,0.25,0.25,0.0,0.0,0.0,0.0,0.0,0.0,0.25,0.0,0.0,0.0,0.25,0.0,0.0,-0.15272419755611044,-0.725,439.4660999999999,0.9980589454541764,0.0019410545458236061
377,pos_413,HFH,1,3,0.0,0.0,0.0,0.0,0.3333333333333333,0.0,0.6666666666666666,0.0,0.0,0.0,0.0,0.0,0.0,0.0,0.0,0.0,0.0,0.0,0.0,0.0,-0.06555000930152344,-1.2000000000000002,439.4677,0.9981008044776316,0.001899195522368391
378,pos_414,WYQQVPGSGL,1,10,0.0,0.0,0.0,0.0,0.0,0.2,0.0,0.0,0.0,0.1,0.0,0.0,0.1,0.2,0.0,0.1,0.0,0.1,0.1,0.1,-0.2408973868096983,-0.44000000000000006,1134.2404999999999,0.7213306490527922,0.2786693509472078
379,pos_415,DRVYIHPFHL,1,10,0.0,0.0,0.1,0.0,0.1,0.0,0.2,0.1,0.0,0.1,0.0,0.0,0.1,0.0,0.1,0.0,0.0,0.1,0.0,0.1,-0.06543824926068109,-0.2000000000000001,1296.4754,0.542235431676631,0.457764568323369
380,pos_416,YVHPFHL,1,7,0.0,0.0,0.0,0.0,0.14285714285714285,0.0,0.2857142857142857,0.0,0.0,0.14285714285714285,0.0,0.0,0.14285714285714285,0.0,0.0,0.0,0.0,0.14285714285714285,0.0,0.14285714285714285,-0.0665490103005244,0.2142857142857142,912.0446999999999,0.97033320482691,0.02966679517309001
381,pos_417,MYPGLA,1,6,0.16666666666666666,0.0,0.0,0.0,0.0,0.16666666666666666,0.0,0.0,0.0,0.16666666666666666,0.16666666666666666,0.0,0.16666666666666666,0.0,0.0,0.0,0.0,0.0,0.0,0.16666666666666666,-0.5006443134576561,0.6999999999999998,650.7864999999999,0.9420779183769343,0.05792208162306567
382,pos_418,YGGFL,1,5,0.0,0.0,0.0,0.0,0.2,0.4,0.0,0.0,0.0,0.2,0.0,0.0,0.0,0.0,0.0,0.0,0.0,0.0,0.0,0.2,-0.2408973868096983,0.9,555.6225000000001,0.9267159792402007,0.07328402075979934
383,pos_419,LQPGQGQQ,1,8,0.0,0.0,0.0,0.0,0.0,0.25,0.0,0.0,0.0,0.125,0.0,0.0,0.125,0.5,0.0,0.0,0.0,0.0,0.0,0.0,-0.23989838581069733,-1.575,854.9075,0.9444188403476932,0.05558115965230681
384,pos_420,AEAQKQLR,1,8,0.25,0.0,0.0,0.125,0.0,0.0,0.0,0.0,0.125,0.125,0.0,0.0,0.0,0.25,0.125,0.0,0.0,0.0,0.0,0.0,0.7976760489282952,-1.4375,943.0591,0.8406616452472773,0.15933835475272273
385,pos_421,YNL,1,3,0.0,0.0,0.0,0.0,0.0,0.0,0.0,0.0,0.0,0.3333333333333333,0.0,0.3333333333333333,0.0,0.0,0.0,0.0,0.0,0.0,0.0,0.3333333333333333,-0.2408973868096983,-0.3333333333333334,408.4487,0.9956847451974907,0.004315254802509272
386,pos_423,MPACGS,1,6,0.16666666666666666,0.16666666666666666,0.0,0.0,0.0,0.16666666666666666,0.0,0.0,0.0,0.0,0.16666666666666666,0.0,0.16666666666666666,0.0,0.0,0.16666666666666666,0.0,0.0,0.0,0.0,-0.509546302557665,0.5666666666666667,564.6759,0.7160689983440762,0.2839310016559238
387,pos_424,PTTAPSATIN,1,10,0.2,0.0,0.0,0.0,0.0,0.0,0.0,0.1,0.0,0.0,0.0,0.1,0.2,0.0,0.0,0.1,0.3,0.0,0.0,0.0,-0.041471132421644796,-0.15,972.0507,0.5653124015149411,0.4346875984850589
388,pos_425,GFGPEL,1,6,0.0,0.0,0.0,0.16666666666666666,0.16666666666666666,0.3333333333333333,0.0,0.0,0.0,0.16666666666666666,0.0,0.0,0.16666666666666666,0.0,0.0,0.0,0.0,0.0,0.0,0.0,-1.2370879238374872,0.11666666666666659,618.6785,0.9000137882319131,0.09998621176808686
389,pos_426,IVGGFPHYL,1,9,0.0,0.0,0.0,0.0,0.1111111111111111,0.2222222222222222,0.1111111111111111,0.1111111111111111,0.0,0.1111111111111111,0.0,0.0,0.1111111111111111,0.0,0.0,0.0,0.0,0.1111111111111111,0.0,0.1111111111111111,-0.1537231985551114,0.9333333333333331,1002.1656,0.7982957434757592,0.20170425652424084
390,pos_427,HNPI,1,4,0.0,0.0,0.0,0.0,0.0,0.0,0.25,0.25,0.0,0.0,0.0,0.25,0.25,0.0,0.0,0.0,0.0,0.0,0.0,0.0,-0.15272419755611044,-0.9500000000000001,479.5299999999999,0.9895375865967063,0.01046241340329368
391,pos_428,EDDQMDPMAK,1,10,0.1,0.0,0.3,0.1,0.0,0.0,0.0,0.0,0.1,0.0,0.2,0.0,0.1,0.1,0.0,0.0,0.0,0.0,0.0,0.0,-3.160809099481474,-1.7399999999999998,1179.2781,0.34056665334202885,0.6594333466579712
392,pos_429,RADHPFL,1,7,0.14285714285714285,0.0,0.14285714285714285,0.0,0.14285714285714285,0.0,0.14285714285714285,0.0,0.0,0.14285714285714285,0.0,0.0,0.14285714285714285,0.0,0.14285714285714285,0.0,0.0,0.0,0.0,0.0,-0.1516134365162669,-0.6285714285714287,854.9522,0.6840205192689415,0.3159794807310585
393,pos_430,LYSPH,1,5,0.0,0.0,0.0,0.0,0.0,0.0,0.2,0.0,0.0,0.2,0.0,0.0,0.2,0.0,0.0,0.2,0.0,0.0,0.0,0.2,-0.1537231985551114,-0.6200000000000001,615.6779,0.9866177770834399,0.013382222916560105
394,pos_431,VVYFDQTQAQA,1,11,0.18181818181818182,0.0,0.09090909090909091,0.0,0.09090909090909091,0.0,0.0,0.0,0.0,0.0,0.0,0.0,0.0,0.2727272727272727,0.0,0.0,0.09090909090909091,0.18181818181818182,0.0,0.09090909090909091,-1.2658898501040041,-0.10909090909090907,1269.359,0.5949198663747726,0.40508013362522743
395,pos_432,IYLGQ,1,5,0.0,0.0,0.0,0.0,0.0,0.2,0.0,0.2,0.0,0.2,0.0,0.0,0.0,0.2,0.0,0.0,0.0,0.0,0.0,0.2,-0.2408973868096983,0.6199999999999999,592.6842,0.9788457958091289,0.021154204190871106
396,pos_434,ESGAVTE,1,7,0.14285714285714285,0.0,0.0,0.2857142857142857,0.0,0.14285714285714285,0.0,0.0,0.0,0.0,0.0,0.0,0.0,0.0,0.0,0.14285714285714285,0.14285714285714285,0.14285714285714285,0.0,0.0,-2.1551246395613064,-0.41428571428571426,691.6846999999999,0.9569895583197787,0.04301044168022128
397,pos_435,FGPEMEQ,1,7,0.0,0.0,0.0,0.2857142857142857,0.14285714285714285,0.14285714285714285,0.0,0.0,0.0,0.0,0.14285714285714285,0.0,0.14285714285714285,0.14285714285714285,0.0,0.0,0.0,0.0,0.0,0.0,-2.234277461864277,-1.1142857142857143,836.9087999999999,0.9132121255901029,0.0867878744098971
398,pos_436,DHPFLF,1,6,0.0,0.0,0.16666666666666666,0.0,0.3333333333333333,0.0,0.16666666666666666,0.0,0.0,0.16666666666666666,0.0,0.0,0.16666666666666666,0.0,0.0,0.0,0.0,0.0,0.0,0.0,-1.151603436616266,0.1833333333333332,774.8624,0.6745478701446261,0.32545212985537386
399,pos_437,AYI,1,3,0.3333333333333333,0.0,0.0,0.0,0.0,0.0,0.0,0.3333333333333333,0.0,0.0,0.0,0.0,0.0,0.0,0.0,0.0,0.0,0.0,0.0,0.3333333333333333,-0.20512441314491403,1.6666666666666667,365.42400000000004,0.9912846320506145,0.008715367949385544
400,pos_438,TELAL,1,5,0.2,0.0,0.0,0.2,0.0,0.0,0.0,0.0,0.0,0.4,0.0,0.0,0.0,0.0,0.0,0.0,0.2,0.0,0.0,0.0,-1.5989929436601618,1.0399999999999998,545.6263,0.9695784086956701,0.030421591304329865
401,pos_439,MFIF,1,4,0.0,0.0,0.0,0.0,0.5,0.0,0.0,0.25,0.0,0.0,0.25,0.0,0.0,0.0,0.0,0.0,0.0,0.0,0.0,0.0,-0.4996453124586552,3.0,556.7165,0.3795326809244161,0.6204673190755838
402,pos_440,HVRETALV,1,8,0.125,0.0,0.0,0.125,0.0,0.0,0.125,0.0,0.0,0.125,0.0,0.0,0.0,0.0,0.125,0.0,0.125,0.25,0.0,0.0,-0.14992373548290128,0.2625,924.0557000000001,0.9361467549864564,0.06385324501354361
403,pos_441,RWA,1,3,0.3333333333333333,0.0,0.0,0.0,0.0,0.0,0.0,0.0,0.0,0.0,0.0,0.0,0.0,0.0,0.3333333333333333,0.0,0.0,0.0,0.3333333333333333,0.0,0.7600916142893016,-1.2,431.4888,0.9321573434396614,0.06784265656033861
404,pos_442,LGTFQN,1,6,0.0,0.0,0.0,0.0,0.16666666666666666,0.16666666666666666,0.0,0.0,0.0,0.16666666666666666,0.0,0.16666666666666666,0.0,0.16666666666666666,0.0,0.0,0.16666666666666666,0.0,0.0,0.0,-0.23989838581069733,-0.25000000000000006,678.7337,0.8524473079231626,0.1475526920768374
405,pos_443,QFAAD,1,5,0.4,0.0,0.2,0.0,0.2,0.0,0.0,0.0,0.0,0.0,0.0,0.0,0.0,0.2,0.0,0.0,0.0,0.0,0.0,0.0,-1.2355967232635496,-0.12000000000000002,550.5615,0.807385604468478,0.19261439553152204
406,pos_444,TVQVTST,1,7,0.0,0.0,0.0,0.0,0.0,0.0,0.0,0.0,0.0,0.0,0.0,0.0,0.0,0.14285714285714285,0.0,0.14285714285714285,0.42857142857142855,0.2857142857142857,0.0,0.0,-0.6018034056333719,0.28571428571428575,734.7955,0.9387629382097394,0.06123706179026056
407,pos_445,HVH,1,3,0.0,0.0,0.0,0.0,0.0,0.0,0.6666666666666666,0.0,0.0,0.0,0.0,0.0,0.0,0.0,0.0,0.0,0.0,0.3333333333333333,0.0,0.0,-0.06555000930152344,-0.7333333333333334,391.4249,0.9998667189393277,0.00013328106067234113
408,pos_446,WPPLSPFRCPR,1,11,0.0,0.09090909090909091,0.0,0.0,0.09090909090909091,0.0,0.0,0.0,0.0,0.09090909090909091,0.0,0.0,0.36363636363636365,0.0,0.18181818181818182,0.09090909090909091,0.0,0.0,0.09090909090909091,0.0,1.7501806242902909,-0.7272727272727273,1355.609,0.07462220749635334,0.9253777925036466
409,pos_447,QVVRSDQGSVR,1,11,0.0,0.0,0.09090909090909091,0.0,0.0,0.09090909090909091,0.0,0.0,0.0,0.0,0.0,0.0,0.0,0.18181818181818182,0.18181818181818182,0.18181818181818182,0.0,0.2727272727272727,0.0,0.0,0.7612023753291453,-0.8090909090909091,1230.3314,0.35189405935767337,0.6481059406423266
410,pos_448,VHH,1,3,0.0,0.0,0.0,0.0,0.0,0.0,0.6666666666666666,0.0,0.0,0.0,0.0,0.0,0.0,0.0,0.0,0.0,0.0,0.3333333333333333,0.0,0.0,-0.09166323353567374,-0.7333333333333334,391.4249,0.9998670063034307,0.0001329936965692724
411,pos_449,IPIQY,1,5,0.0,0.0,0.0,0.0,0.0,0.0,0.0,0.4,0.0,0.0,0.0,0.0,0.2,0.2,0.0,0.0,0.0,0.0,0.0,0.2,-0.2408973868096983,0.5199999999999999,632.7481,0.9757204979664957,0.024279502033504263
412,pos_450,LWW,1,3,0.0,0.0,0.0,0.0,0.0,0.0,0.0,0.0,0.0,0.3333333333333333,0.0,0.0,0.0,0.0,0.0,0.0,0.0,0.0,0.6666666666666666,0.0,-0.23989838581069733,0.6666666666666666,503.5927,0.955456050028737,0.044543949971262986
413,pos_451,HTVQCMFQ,1,8,0.0,0.125,0.0,0.0,0.125,0.0,0.125,0.0,0.0,0.0,0.125,0.0,0.0,0.25,0.0,0.0,0.125,0.125,0.0,0.0,-0.16262518765512024,0.06249999999999997,993.1605999999999,0.7916852883388394,0.20831471166116056
414,pos_452,AY,1,2,0.5,0.0,0.0,0.0,0.0,0.0,0.0,0.0,0.0,0.0,0.0,0.0,0.0,0.0,0.0,0.0,0.0,0.0,0.0,0.5,-0.20512441314491403,0.25,252.2664,0.9988340641668751,0.0011659358331248537
415,pos_453,KVALMSAGSMH,1,11,0.18181818181818182,0.0,0.0,0.0,0.0,0.09090909090909091,0.09090909090909091,0.0,0.09090909090909091,0.09090909090909091,0.18181818181818182,0.0,0.0,0.0,0.0,0.18181818181818182,0.0,0.09090909090909091,0.0,0.0,0.8462768014448888,0.5727272727272728,1131.3691999999999,0.360868564836491,0.639131435163509
416,pos_454,RNR,1,3,0.0,0.0,0.0,0.0,0.0,0.0,0.0,0.0,0.0,0.0,0.0,0.3333333333333333,0.0,0.0,0.6666666666666666,0.0,0.0,0.0,0.0,0.0,1.7600816143893008,-4.166666666666667,444.4893,0.9217831352907949,0.07821686470920508
417,pos_455,LFWSPSVYLK,1,10,0.0,0.0,0.0,0.0,0.1,0.0,0.0,0.0,0.1,0.2,0.0,0.0,0.1,0.0,0.0,0.2,0.0,0.1,0.1,0.1,0.758103612191301,0.53,1239.4605,0.23865595275519716,0.7613440472448029
418,pos_456,LTC,1,3,0.0,0.3333333333333333,0.0,0.0,0.0,0.0,0.0,0.0,0.0,0.3333333333333333,0.0,0.0,0.0,0.0,0.0,0.0,0.3333333333333333,0.0,0.0,0.0,-0.24979937590970713,1.8666666666666665,335.4197,0.9169823944757729,0.0830176055242271
419,pos_457,PLGG,1,4,0.0,0.0,0.0,0.0,0.0,0.5,0.0,0.0,0.0,0.25,0.0,0.0,0.25,0.0,0.0,0.0,0.0,0.0,0.0,0.0,-0.041471132421644796,0.3499999999999999,342.3907,0.9652363036885934,0.03476369631140663
420,pos_458,WDVK,1,4,0.0,0.0,0.25,0.0,0.0,0.0,0.0,0.0,0.25,0.0,0.0,0.0,0.0,0.0,0.0,0.0,0.0,0.25,0.25,0.0,-0.2397766258698535,-1.025,546.6159,0.9287066131050687,0.07129338689493125
421,pos_459,YYQ,1,3,0.0,0.0,0.0,0.0,0.0,0.0,0.0,0.0,0.0,0.0,0.0,0.0,0.0,0.3333333333333333,0.0,0.0,0.0,0.0,0.0,0.6666666666666666,-0.24189638780869938,-2.033333333333333,472.4909,0.9997974761151996,0.0002025238848003541
422,pos_460,GEQQQQPGMTR,1,11,0.0,0.0,0.0,0.09090909090909091,0.0,0.18181818181818182,0.0,0.0,0.0,0.0,0.09090909090909091,0.0,0.09090909090909091,0.36363636363636365,0.09090909090909091,0.0,0.09090909090909091,0.0,0.0,0.0,-0.23709792373748817,-2.109090909090909,1259.3495,0.6600699811978659,0.33993001880213414
423,pos_461,GIISHR,1,6,0.0,0.0,0.0,0.0,0.0,0.16666666666666666,0.16666666666666666,0.3333333333333333,0.0,0.0,0.0,0.0,0.0,0.0,0.16666666666666666,0.16666666666666666,0.0,0.0,0.0,0.0,0.8472658025438885,0.016666666666666625,681.7841,0.8245647786884546,0.17543522131154543
424,pos_463,KY,1,2,0.0,0.0,0.0,0.0,0.0,0.0,0.0,0.0,0.5,0.0,0.0,0.0,0.0,0.0,0.0,0.0,0.0,0.0,0.0,0.5,0.758103612191301,-2.6,309.3608,0.9990230417021237,0.0009769582978762514
425,pos_464,FFGT,1,4,0.0,0.0,0.0,0.0,0.5,0.25,0.0,0.0,0.0,0.0,0.0,0.0,0.0,0.0,0.0,0.0,0.25,0.0,0.0,0.0,-0.23989838581069733,1.125,470.51809999999995,0.6411018587801222,0.35889814121987784
426,pos_465,RHV,1,3,0.0,0.0,0.0,0.0,0.0,0.0,0.3333333333333333,0.0,0.0,0.0,0.0,0.0,0.0,0.0,0.3333333333333333,0.0,0.0,0.3333333333333333,0.0,0.0,0.8472658025438885,-1.1666666666666667,410.4713,0.9978258648057406,0.0021741351942593523
427,pos_466,WYS,1,3,0.0,0.0,0.0,0.0,0.0,0.0,0.0,0.0,0.0,0.0,0.0,0.0,0.0,0.0,0.0,0.3333333333333333,0.0,0.0,0.3333333333333333,0.3333333333333333,-0.2408973868096983,-1.0,454.4757,0.9837347783846881,0.016265221615311853
428,pos_467,SWN,1,3,0.0,0.0,0.0,0.0,0.0,0.0,0.0,0.0,0.0,0.0,0.0,0.3333333333333333,0.0,0.0,0.0,0.3333333333333333,0.0,0.0,0.3333333333333333,0.0,-0.539853540782401,-1.7333333333333334,405.4051,0.9088017721416982,0.09119822785830178
429,pos_468,WP,1,2,0.0,0.0,0.0,0.0,0.0,0.0,0.0,0.0,0.0,0.0,0.0,0.0,0.5,0.0,0.0,0.0,0.0,0.0,0.5,0.0,-0.23989838581069733,-1.25,301.3404,0.989297800366787,0.01070219963321295
430,pos_469,YDDGSYKPH,1,9,0.0,0.0,0.2222222222222222,0.0,0.0,0.1111111111111111,0.1111111111111111,0.0,0.1111111111111111,0.0,0.0,0.0,0.1111111111111111,0.0,0.0,0.1111111111111111,0.0,0.0,0.0,0.2222222222222222,-1.1534796786734243,-2.1666666666666665,1081.0919000000001,0.754246432497511,0.245753567502489
431,pos_473,DYY,1,3,0.0,0.0,0.3333333333333333,0.0,0.0,0.0,0.0,0.0,0.0,0.0,0.0,0.0,0.0,0.0,0.0,0.0,0.0,0.0,0.0,0.6666666666666666,-1.2407756268688548,-2.033333333333333,459.4491,0.998290621534161,0.0017093784658389621
432,pos_474,QIGLF,1,5,0.0,0.0,0.0,0.0,0.2,0.2,0.0,0.2,0.0,0.2,0.0,0.0,0.0,0.2,0.0,0.0,0.0,0.0,0.0,0.0,-0.23989838581069733,1.44,576.6848,0.8458202770606523,0.15417972293934767
433,pos_475,YQETSSSSSQEQ,1,12,0.0,0.0,0.0,0.16666666666666666,0.0,0.0,0.0,0.0,0.0,0.0,0.0,0.0,0.0,0.25,0.0,0.4166666666666667,0.08333333333333333,0.0,0.0,0.08333333333333333,-2.235276462863278,-1.9583333333333333,1360.2945,0.37687902158507086,0.6231209784149292
434,pos_476,AWIRGCRL,1,8,0.125,0.125,0.0,0.0,0.0,0.125,0.0,0.125,0.0,0.125,0.0,0.0,0.0,0.0,0.25,0.0,0.0,0.0,0.125,0.0,1.785953597955075,0.2875,974.1839,0.30804747465385657,0.6919525253461434
435,pos_477,KHQGLPQEVLNENLL,1,15,0.0,0.0,0.0,0.13333333333333333,0.0,0.06666666666666667,0.06666666666666667,0.0,0.06666666666666667,0.26666666666666666,0.0,0.13333333333333333,0.06666666666666667,0.13333333333333333,0.0,0.0,0.0,0.06666666666666667,0.0,0.0,-1.1481022746086909,-0.7133333333333334,1731.9463999999998,0.19993314577001084,0.8000668542299891
436,pos_478,AQQQEQAQQQEQ,1,12,0.16666666666666666,0.0,0.0,0.16666666666666666,0.0,0.0,0.0,0.0,0.0,0.0,0.0,0.0,0.0,0.6666666666666666,0.0,0.0,0.0,0.0,0.0,0.0,-2.1985044881994926,-2.6166666666666667,1443.4326999999998,0.7991815449202376,0.20081845507976237
437,pos_479,FHH,1,3,0.0,0.0,0.0,0.0,0.3333333333333333,0.0,0.6666666666666666,0.0,0.0,0.0,0.0,0.0,0.0,0.0,0.0,0.0,0.0,0.0,0.0,0.0,-0.06555000930152344,-1.2000000000000002,439.4677,0.9981008044776316,0.001899195522368391
438,pos_480,WHH,1,3,0.0,0.0,0.0,0.0,0.0,0.0,0.6666666666666666,0.0,0.0,0.0,0.0,0.0,0.0,0.0,0.0,0.0,0.0,0.0,0.3333333333333333,0.0,-0.06555000930152344,-2.4333333333333336,478.5038,0.9995825792523669,0.00041742074763306825
439,pos_481,NTGNLLG,1,7,0.0,0.0,0.0,0.0,0.0,0.2857142857142857,0.0,0.0,0.0,0.2857142857142857,0.0,0.2857142857142857,0.0,0.0,0.0,0.0,0.14285714285714285,0.0,0.0,0.0,-0.23989838581069733,-0.12857142857142861,687.7421999999999,0.8609411983788965,0.1390588016211035
440,pos_483,MLELDPLNNLPRM,1,13,0.0,0.0,0.07692307692307693,0.07692307692307693,0.0,0.0,0.0,0.0,0.0,0.3076923076923077,0.15384615384615385,0.15384615384615385,0.15384615384615385,0.0,0.07692307692307693,0.0,0.0,0.0,0.0,0.0,-1.4957240894456012,-0.2076923076923078,1555.8603999999998,0.08970168459459878,0.9102983154054012
441,pos_484,IKK,1,3,0.0,0.0,0.0,0.0,0.0,0.0,0.0,0.3333333333333333,0.6666666666666666,0.0,0.0,0.0,0.0,0.0,0.0,0.0,0.0,0.0,0.0,0.0,1.758103612191301,-1.0999999999999999,387.5175,0.9321184628208308,0.06788153717916923
442,pos_485,HKEMPFPKYPVQPF,1,14,0.0,0.0,0.0,0.07142857142857142,0.14285714285714285,0.0,0.07142857142857142,0.0,0.14285714285714285,0.0,0.07142857142857142,0.0,0.2857142857142857,0.07142857142857142,0.0,0.0,0.0,0.07142857142857142,0.0,0.07142857142857142,0.8470892614200971,-1.0,1745.051,0.09918779747702197,0.900812202522978
443,pos_486,PWS,1,3,0.0,0.0,0.0,0.0,0.0,0.0,0.0,0.0,0.0,0.0,0.0,0.0,0.3333333333333333,0.0,0.0,0.3333333333333333,0.0,0.0,0.3333333333333333,0.0,-0.041471132421644796,-1.1,388.4177,0.9267935476103059,0.07320645238969414
444,pos_487,ELIN,1,4,0.0,0.0,0.0,0.25,0.0,0.0,0.0,0.25,0.0,0.25,0.0,0.25,0.0,0.0,0.0,0.0,0.0,0.0,0.0,0.0,-1.1631723813020067,0.32499999999999996,487.54709999999994,0.9762612572147982,0.023738742785201827
445,pos_488,LMGQW,1,5,0.0,0.0,0.0,0.0,0.0,0.2,0.0,0.0,0.0,0.2,0.2,0.0,0.0,0.2,0.0,0.0,0.0,0.0,0.2,0.0,-0.23989838581069733,0.17999999999999994,633.7593,0.9241614382657477,0.0758385617342523
446,pos_489,MWHP,1,4,0.0,0.0,0.0,0.0,0.0,0.0,0.25,0.0,0.0,0.0,0.25,0.0,0.25,0.0,0.0,0.0,0.0,0.0,0.25,0.0,-0.4124711242040683,-0.9500000000000001,569.6757,0.9861028477827756,0.013897152217224429
447,pos_490,PPFH,1,4,0.0,0.0,0.0,0.0,0.25,0.0,0.25,0.0,0.0,0.0,0.0,0.0,0.5,0.0,0.0,0.0,0.0,0.0,0.0,0.0,0.04570305583294221,-0.9000000000000001,496.55879999999996,0.9793927757781743,0.020607224221825704
448,pos_491,LLTC,1,4,0.0,0.25,0.0,0.0,0.0,0.0,0.0,0.0,0.0,0.5,0.0,0.0,0.0,0.0,0.0,0.0,0.25,0.0,0.0,0.0,-0.24979937590970713,2.35,448.5773,0.8906796051416096,0.1093203948583904
449,pos_492,YFY,1,3,0.0,0.0,0.0,0.0,0.3333333333333333,0.0,0.0,0.0,0.0,0.0,0.0,0.0,0.0,0.0,0.0,0.0,0.0,0.0,0.0,0.6666666666666666,-0.24189638780869938,0.06666666666666658,491.5355,0.9965259868637801,0.0034740131362198667
450,pos_493,VLEESKGAPKPN,1,12,0.08333333333333333,0.0,0.0,0.16666666666666666,0.0,0.08333333333333333,0.0,0.0,0.16666666666666666,0.08333333333333333,0.0,0.08333333333333333,0.16666666666666666,0.0,0.0,0.08333333333333333,0.0,0.08333333333333333,0.0,0.0,-0.2623886880964288,-1.075,1268.416,0.4616221394332604,0.5383778605667395
451,pos_494,GW,1,2,0.0,0.0,0.0,0.0,0.0,0.5,0.0,0.0,0.0,0.0,0.0,0.0,0.0,0.0,0.0,0.0,0.0,0.0,0.5,0.0,-0.23989838581069733,-0.65,261.27649999999994,0.9783925383188596,0.02160746168114036
452,pos_495,AAAAAGGGEGEG,1,12,0.4166666666666667,0.0,0.0,0.16666666666666666,0.0,0.4166666666666667,0.0,0.0,0.0,0.0,0.0,0.0,0.0,0.0,0.0,0.0,0.0,0.0,0.0,0.0,-2.1985044881994926,9.25185853854297e-18,916.8892999999998,0.7923947141897509,0.20760528581024906
453,pos_496,GMPGFDVR,1,8,0.0,0.0,0.125,0.0,0.125,0.25,0.0,0.0,0.0,0.0,0.125,0.0,0.125,0.0,0.125,0.0,0.0,0.125,0.0,0.0,-0.2387876247708538,-0.18750000000000003,878.0070000000001,0.5010151584122092,0.4989848415877908
454,pos_497,TKMDEGVVTKK,1,11,0.0,0.0,0.09090909090909091,0.09090909090909091,0.0,0.09090909090909091,0.0,0.0,0.2727272727272727,0.0,0.09090909090909091,0.0,0.0,0.0,0.0,0.0,0.18181818181818182,0.18181818181818182,0.0,0.0,0.3991308142826808,-0.9272727272727272,1235.4507,0.43218253996194017,0.5678174600380599
455,pos_498,FSDIPNPIGSE,1,11,0.0,0.0,0.09090909090909091,0.09090909090909091,0.09090909090909091,0.09090909090909091,0.0,0.18181818181818182,0.0,0.0,0.0,0.09090909090909091,0.18181818181818182,0.0,0.0,0.18181818181818182,0.0,0.0,0.0,0.0,-2.2307298831301527,-0.35454545454545455,1175.2446,0.19792377560458668,0.8020762243954134
456,pos_499,HL,1,2,0.0,0.0,0.0,0.0,0.0,0.0,0.5,0.0,0.0,0.5,0.0,0.0,0.0,0.0,0.0,0.0,0.0,0.0,0.0,0.0,-0.15272419755611044,0.2999999999999998,268.31219999999996,0.9993553930583158,0.0006446069416842226
457,pos_500,VPKVK,1,5,0.0,0.0,0.0,0.0,0.0,0.0,0.0,0.0,0.4,0.0,0.0,0.0,0.2,0.0,0.0,0.0,0.0,0.4,0.0,0.0,1.731990387957151,-0.1999999999999999,569.7371,0.9722667774383069,0.027733222561693083
458,pos_501,LLPGANH,1,7,0.14285714285714285,0.0,0.0,0.0,0.0,0.14285714285714285,0.14285714285714285,0.0,0.0,0.2857142857142857,0.0,0.14285714285714285,0.14285714285714285,0.0,0.0,0.0,0.0,0.0,0.0,0.0,-0.15272419755611044,0.09999999999999991,720.8168,0.9323832689506075,0.06761673104939248
459,pos_502,GLAGA,1,5,0.4,0.0,0.0,0.0,0.0,0.4,0.0,0.0,0.0,0.2,0.0,0.0,0.0,0.0,0.0,0.0,0.0,0.0,0.0,0.0,-0.23989838581069733,1.3199999999999998,387.43129999999996,0.9332938427364282,0.06670615726357176
460,pos_503,YQEP,1,4,0.0,0.0,0.0,0.25,0.0,0.0,0.0,0.0,0.0,0.0,0.0,0.0,0.25,0.25,0.0,0.0,0.0,0.0,0.0,0.25,-1.2380869248364883,-2.475,535.5469,0.9987002773174415,0.0012997226825585129
461,pos_504,YGG,1,3,0.0,0.0,0.0,0.0,0.0,0.6666666666666666,0.0,0.0,0.0,0.0,0.0,0.0,0.0,0.0,0.0,0.0,0.0,0.0,0.0,0.3333333333333333,-0.2408973868096983,-0.7000000000000001,295.2911,0.9954694282062039,0.004530571793796123
462,pos_506,HHY,1,3,0.0,0.0,0.0,0.0,0.0,0.0,0.6666666666666666,0.0,0.0,0.0,0.0,0.0,0.0,0.0,0.0,0.0,0.0,0.0,0.0,0.3333333333333333,-0.0665490103005244,-2.566666666666667,455.4671,0.9999489572110268,5.104278897316572e-05
463,pos_507,RY,1,2,0.0,0.0,0.0,0.0,0.0,0.0,0.0,0.0,0.0,0.0,0.0,0.0,0.0,0.0,0.5,0.0,0.0,0.0,0.0,0.5,0.7590926132903006,-2.9,337.3742,0.9983639967445964,0.0016360032554035842
464,pos_508,TSLDLPVLRW,1,10,0.0,0.0,0.1,0.0,0.0,0.0,0.0,0.0,0.0,0.3,0.0,0.0,0.1,0.0,0.1,0.1,0.1,0.1,0.1,0.0,-0.6006926445935283,0.36,1199.3985,0.2699064521980689,0.730093547801931
465,pos_510,AGVL,1,4,0.25,0.0,0.0,0.0,0.0,0.25,0.0,0.0,0.0,0.25,0.0,0.0,0.0,0.0,0.0,0.0,0.0,0.25,0.0,0.0,-0.20412541214591307,2.35,358.43309999999997,0.9749755358514153,0.025024464148584724
466,pos_511,PHH,1,3,0.0,0.0,0.0,0.0,0.0,0.0,0.6666666666666666,0.0,0.0,0.0,0.0,0.0,0.3333333333333333,0.0,0.0,0.0,0.0,0.0,0.0,0.0,0.1328772440875291,-2.6666666666666665,389.40909999999997,0.9997561992314475,0.00024380076855246013
467,pos_512,SV,1,2,0.0,0.0,0.0,0.0,0.0,0.0,0.0,0.0,0.0,0.0,0.0,0.0,0.0,0.0,0.0,0.5,0.0,0.5,0.0,0.0,-0.539853540782401,1.7000000000000002,204.2236,0.9754435196579597,0.024556480342040277
468,pos_513,VNP,1,3,0.0,0.0,0.0,0.0,0.0,0.0,0.0,0.0,0.0,0.0,0.0,0.3333333333333333,0.3333333333333333,0.0,0.0,0.0,0.0,0.3333333333333333,0.0,0.0,-0.26601161004484764,-0.3,328.3641,0.992925144444733,0.00707485555526699
469,pos_514,LGF,1,3,0.0,0.0,0.0,0.0,0.3333333333333333,0.3333333333333333,0.0,0.0,0.0,0.3333333333333333,0.0,0.0,0.0,0.0,0.0,0.0,0.0,0.0,0.0,0.0,-0.23989838581069733,2.0666666666666664,335.39799999999997,0.8466351238489541,0.15336487615104588
470,pos_515,GSH,1,3,0.0,0.0,0.0,0.0,0.0,0.3333333333333333,0.3333333333333333,0.0,0.0,0.0,0.0,0.0,0.0,0.0,0.0,0.3333333333333333,0.0,0.0,0.0,0.0,-0.15272419755611044,-1.4666666666666668,299.2832,0.9896909304807855,0.010309069519214509
471,pos_516,DSAI,1,4,0.25,0.0,0.25,0.0,0.0,0.0,0.0,0.25,0.0,0.0,0.0,0.0,0.0,0.0,0.0,0.25,0.0,0.0,0.0,0.0,-1.2387776248708526,0.5,404.4155,0.7224388693137092,0.27756113068629085
472,pos_517,NHAV,1,4,0.25,0.0,0.0,0.0,0.0,0.0,0.25,0.0,0.0,0.0,0.0,0.25,0.0,0.0,0.0,0.0,0.0,0.25,0.0,0.0,-0.15272419755611044,-0.175,439.4660999999999,0.9953215240718225,0.004678475928177495
473,pos_518,LDIQK,1,5,0.0,0.0,0.2,0.0,0.0,0.0,0.0,0.2,0.2,0.2,0.0,0.0,0.0,0.2,0.0,0.0,0.0,0.0,0.0,0.0,-0.2397766258698535,-0.52,615.7194000000001,0.8749503966481873,0.1250496033518127
474,pos_519,DLQGK,1,5,0.0,0.0,0.2,0.0,0.0,0.2,0.0,0.0,0.2,0.2,0.0,0.0,0.0,0.2,0.0,0.0,0.0,0.0,0.0,0.0,-0.2397766258698535,-1.5,559.6131,0.9169486834997945,0.08305131650020547
475,pos_520,SSC,1,3,0.0,0.3333333333333333,0.0,0.0,0.0,0.0,0.0,0.0,0.0,0.0,0.0,0.0,0.0,0.0,0.0,0.6666666666666666,0.0,0.0,0.0,0.0,-0.5497545308814108,0.3,295.3128,0.492859175867383,0.507140824132617
476,pos_521,LLPHHADADY,1,10,0.2,0.0,0.2,0.0,0.0,0.0,0.2,0.0,0.0,0.2,0.0,0.0,0.1,0.0,0.0,0.0,0.0,0.0,0.0,0.1,-2.0643074884208357,-0.51,1151.2281,0.7409157901751231,0.2590842098248769
477,pos_522,SVDGKEDLIW,1,10,0.0,0.0,0.2,0.1,0.0,0.1,0.0,0.1,0.1,0.1,0.0,0.0,0.0,0.0,0.0,0.1,0.0,0.1,0.1,0.0,-2.5358005579285026,-0.4,1161.2611,0.32458929552269045,0.6754107044773096
478,pos_523,SDF,1,3,0.0,0.0,0.3333333333333333,0.0,0.3333333333333333,0.0,0.0,0.0,0.0,0.0,0.0,0.0,0.0,0.0,0.0,0.3333333333333333,0.0,0.0,0.0,0.0,-1.5387327798425563,-0.5000000000000001,367.35380000000004,0.4263221901543741,0.5736778098456259
479,pos_525,PHM,1,3,0.0,0.0,0.0,0.0,0.0,0.0,0.3333333333333333,0.0,0.0,0.0,0.3333333333333333,0.0,0.3333333333333333,0.0,0.0,0.0,0.0,0.0,0.0,0.0,0.04570305583294221,-0.9666666666666668,383.4658,0.9962544275778755,0.003745572422124477
480,pos_526,HH,1,2,0.0,0.0,0.0,0.0,0.0,0.0,1.0,0.0,0.0,0.0,0.0,0.0,0.0,0.0,0.0,0.0,0.0,0.0,0.0,0.0,-0.06555000930152344,-3.2,292.29389999999995,0.9999813284875522,1.867151244783205e-05
481,pos_527,NIQFNEQKAL,1,10,0.1,0.0,0.0,0.1,0.1,0.0,0.0,0.1,0.1,0.1,0.0,0.2,0.0,0.2,0.0,0.0,0.0,0.0,0.0,0.0,-0.23808692483648786,-0.85,1204.3320999999999,0.46179663199371107,0.538203368006289
482,pos_528,WEGPK,1,5,0.0,0.0,0.0,0.2,0.0,0.2,0.0,0.0,0.2,0.0,0.0,0.0,0.2,0.0,0.0,0.0,0.0,0.0,0.2,0.0,-0.23808692483648786,-2.06,615.678,0.9636558377976432,0.03634416220235681
483,pos_529,LRTLPM,1,6,0.0,0.0,0.0,0.0,0.0,0.0,0.0,0.0,0.0,0.3333333333333333,0.16666666666666666,0.0,0.16666666666666666,0.0,0.16666666666666666,0.0,0.16666666666666666,0.0,0.0,0.0,0.7600916142893016,0.4499999999999999,729.9313,0.8020087083289351,0.19799129167106488
484,pos_530,VLPVP,1,5,0.0,0.0,0.0,0.0,0.0,0.0,0.0,0.0,0.0,0.2,0.0,0.0,0.4,0.0,0.0,0.0,0.0,0.4,0.0,0.0,-0.26601161004484764,1.8,523.6653,0.9838559086255179,0.01614409137448214
485,pos_531,AGWNIP,1,6,0.16666666666666666,0.0,0.0,0.0,0.0,0.16666666666666666,0.0,0.16666666666666666,0.0,0.0,0.0,0.16666666666666666,0.16666666666666666,0.0,0.0,0.0,0.0,0.0,0.16666666666666666,0.0,-0.20412541214591307,-0.01666666666666668,656.7298,0.8536831929332046,0.1463168070667954
486,pos_532,IPDWFLNRQ,1,9,0.0,0.0,0.1111111111111111,0.0,0.1111111111111111,0.0,0.0,0.1111111111111111,0.0,0.1111111111111111,0.0,0.1111111111111111,0.1111111111111111,0.1111111111111111,0.1111111111111111,0.0,0.0,0.0,0.1111111111111111,0.0,-0.2387876247708538,-0.7111111111111111,1188.3343,0.2273380411150535,0.7726619588849465
487,pos_533,RHK,1,3,0.0,0.0,0.0,0.0,0.0,0.0,0.3333333333333333,0.0,0.3333333333333333,0.0,0.0,0.0,0.0,0.0,0.3333333333333333,0.0,0.0,0.0,0.0,0.0,1.8462668015448882,-3.8666666666666667,439.51259999999996,0.9932954636695995,0.006704536330400468
488,pos_534,HVAGTVA,1,7,0.2857142857142857,0.0,0.0,0.0,0.0,0.14285714285714285,0.14285714285714285,0.0,0.0,0.0,0.0,0.0,0.0,0.0,0.0,0.0,0.14285714285714285,0.2857142857142857,0.0,0.0,-0.15272419755611044,1.1,653.7275999999999,0.9732726108401195,0.026727389159880488
489,pos_536,CLV,1,3,0.0,0.3333333333333333,0.0,0.0,0.0,0.0,0.0,0.0,0.0,0.3333333333333333,0.0,0.0,0.0,0.0,0.0,0.0,0.0,0.3333333333333333,0.0,0.0,-0.24979937590970713,3.5,333.4468,0.957918506278146,0.04208149372185399
490,pos_537,LDSCKDYVME,1,10,0.0,0.1,0.2,0.1,0.0,0.0,0.0,0.0,0.1,0.1,0.1,0.0,0.0,0.0,0.0,0.1,0.0,0.1,0.0,0.1,-2.2415081142873197,-0.41,1202.3544,0.3406890940360964,0.6593109059639036
491,pos_539,HHQDPPW,1,7,0.0,0.0,0.14285714285714285,0.0,0.0,0.0,0.2857142857142857,0.0,0.0,0.0,0.0,0.0,0.2857142857142857,0.14285714285714285,0.0,0.0,0.0,0.0,0.14285714285714285,0.0,-1.0644292483616788,-2.5,915.9508,0.960935413088372,0.03906458691162795
492,pos_540,FDGEVK,1,6,0.0,0.0,0.16666666666666666,0.16666666666666666,0.16666666666666666,0.16666666666666666,0.0,0.0,0.16666666666666666,0.0,0.0,0.0,0.0,0.0,0.0,0.0,0.0,0.16666666666666666,0.0,0.0,-1.2369661638966432,-0.7166666666666667,693.7451,0.8507392708486383,0.14926072915136168
493,pos_541,AELQVVDHLGQTV,1,13,0.07692307692307693,0.0,0.07692307692307693,0.07692307692307693,0.0,0.07692307692307693,0.07692307692307693,0.0,0.0,0.15384615384615385,0.0,0.0,0.0,0.15384615384615385,0.0,0.0,0.07692307692307693,0.23076923076923078,0.0,0.0,-2.1130200009782714,0.2846153846153846,1408.5557,0.5792673856383799,0.4207326143616201
494,pos_542,IPNPIGSENSGKIT,1,14,0.0,0.0,0.0,0.07142857142857142,0.0,0.14285714285714285,0.0,0.21428571428571427,0.07142857142857142,0.0,0.0,0.14285714285714285,0.14285714285714285,0.0,0.0,0.14285714285714285,0.07142857142857142,0.0,0.0,0.0,-0.23808692483648786,-0.5142857142857143,1426.5711,0.11729374665676785,0.8827062533432322
495,pos_544,PYY,1,3,0.0,0.0,0.0,0.0,0.0,0.0,0.0,0.0,0.0,0.0,0.0,0.0,0.3333333333333333,0.0,0.0,0.0,0.0,0.0,0.0,0.6666666666666666,-0.04346913441964684,-1.4000000000000001,441.4769,0.9995534248714558,0.0004465751285441799
496,pos_545,AMTGLDA,1,7,0.2857142857142857,0.0,0.14285714285714285,0.0,0.0,0.14285714285714285,0.0,0.0,0.0,0.14285714285714285,0.14285714285714285,0.0,0.0,0.0,0.0,0.0,0.14285714285714285,0.0,0.0,0.0,-1.2030046512060686,0.6714285714285715,677.7673,0.7510113449556497,0.2489886550443503
497,pos_546,IYY,1,3,0.0,0.0,0.0,0.0,0.0,0.0,0.0,0.3333333333333333,0.0,0.0,0.0,0.0,0.0,0.0,0.0,0.0,0.0,0.0,0.0,0.6666666666666666,-0.24189638780869938,0.6333333333333333,457.5193,0.9988884193049741,0.0011115806950259266
498,pos_547,VHLKP,1,5,0.0,0.0,0.0,0.0,0.0,0.0,0.2,0.0,0.2,0.2,0.0,0.0,0.2,0.0,0.0,0.0,0.0,0.2,0.0,0.0,0.8201635772107384,-0.14000000000000004,592.7307,0.9871136464101292,0.01288635358987078
499,pos_548,KVLPVPQK,1,8,0.0,0.0,0.0,0.0,0.0,0.0,0.0,0.0,0.25,0.125,0.0,0.0,0.25,0.125,0.0,0.0,0.0,0.25,0.0,0.0,1.758103612191301,-0.2875,908.1391000000001,0.8793700372861686,0.12062996271383142
500,pos_549,YQQPVLGPVRGPFPII,1,16,0.0,0.0,0.0,0.0,0.0625,0.125,0.0,0.125,0.0,0.0625,0.0,0.0,0.25,0.125,0.0625,0.0,0.0,0.125,0.0,0.0625,0.7590926132903006,0.24999999999999997,1781.1046000000001,0.06265156473322729,0.9373484352667727
501,pos_550,LLLRW,1,5,0.0,0.0,0.0,0.0,0.0,0.0,0.0,0.0,0.0,0.6,0.0,0.0,0.0,0.0,0.2,0.0,0.0,0.0,0.2,0.0,0.7600916142893016,1.1999999999999997,699.8837,0.8163381011402119,0.18366189885978812
502,pos_551,YLGAK,1,5,0.2,0.0,0.0,0.0,0.0,0.2,0.0,0.0,0.2,0.2,0.0,0.0,0.0,0.0,0.0,0.0,0.0,0.0,0.0,0.2,0.758103612191301,-2.2204460492503132e-17,550.6476,0.9664333114625256,0.033566688537474354
503,pos_552,KTKK,1,4,0.0,0.0,0.0,0.0,0.0,0.0,0.0,0.0,0.75,0.0,0.0,0.0,0.0,0.0,0.0,0.0,0.25,0.0,0.0,0.0,2.7571046111923003,-3.1,503.6361,0.9339335943252833,0.06606640567471667
504,pos_553,YL,1,2,0.0,0.0,0.0,0.0,0.0,0.0,0.0,0.0,0.0,0.5,0.0,0.0,0.0,0.0,0.0,0.0,0.0,0.0,0.0,0.5,-0.2408973868096983,1.25,294.3461,0.9990586163235162,0.0009413836764837757
505,pos_554,WEEPAM,1,6,0.16666666666666666,0.0,0.0,0.3333333333333333,0.0,0.0,0.0,0.0,0.0,0.0,0.16666666666666666,0.0,0.16666666666666666,0.0,0.0,0.0,0.0,0.0,0.16666666666666666,0.0,-2.234277461864277,-0.9666666666666667,761.8423,0.9562986539358962,0.04370134606410381
506,pos_555,DSGVT,1,5,0.0,0.0,0.2,0.0,0.0,0.2,0.0,0.0,0.0,0.0,0.0,0.0,0.0,0.0,0.0,0.2,0.2,0.2,0.0,0.0,-1.2387776248708526,-0.23999999999999994,477.46619999999996,0.8934633079677529,0.10653669203224714
507,pos_556,WSVWEQELEDR,1,11,0.0,0.0,0.09090909090909091,0.2727272727272727,0.0,0.0,0.0,0.0,0.0,0.09090909090909091,0.0,0.0,0.0,0.09090909090909091,0.09090909090909091,0.09090909090909091,0.0,0.09090909090909091,0.18181818181818182,0.0,-3.230356238851223,-1.5090909090909093,1476.5453,0.3419156490160967,0.6580843509839033
508,pos_557,LDQW,1,4,0.0,0.0,0.25,0.0,0.0,0.0,0.0,0.0,0.0,0.25,0.0,0.0,0.0,0.25,0.0,0.0,0.0,0.0,0.25,0.0,-1.2387776248708526,-1.0250000000000001,560.5994000000001,0.9409579811978115,0.05904201880218851
509,pos_558,LDK,1,3,0.0,0.0,0.3333333333333333,0.0,0.0,0.0,0.0,0.0,0.3333333333333333,0.3333333333333333,0.0,0.0,0.0,0.0,0.0,0.0,0.0,0.0,0.0,0.0,-0.2397766258698535,-1.2,374.43260000000004,0.9064722796276411,0.0935277203723589
510,pos_559,RHH,1,3,0.0,0.0,0.0,0.0,0.0,0.0,0.6666666666666666,0.0,0.0,0.0,0.0,0.0,0.0,0.0,0.3333333333333333,0.0,0.0,0.0,0.0,0.0,0.9344399907984754,-3.6333333333333333,448.47959999999995,0.9993839433983298,0.0006160566016701896
511,pos_560,NHK,1,3,0.0,0.0,0.0,0.0,0.0,0.0,0.3333333333333333,0.0,0.3333333333333333,0.0,0.0,0.3333333333333333,0.0,0.0,0.0,0.0,0.0,0.0,0.0,0.0,0.8462768014448888,-3.533333333333333,397.4295,0.9965345858386321,0.003465414161367919
512,pos_561,YPELF,1,5,0.0,0.0,0.0,0.2,0.2,0.0,0.0,0.0,0.0,0.2,0.0,0.0,0.2,0.0,0.0,0.0,0.0,0.0,0.0,0.2,-1.2380869248364883,0.039999999999999904,667.7491,0.9703980479090901,0.029601952090909878
513,pos_562,ETTL,1,4,0.0,0.0,0.0,0.25,0.0,0.0,0.0,0.0,0.0,0.25,0.0,0.0,0.0,0.0,0.0,0.0,0.5,0.0,0.0,0.0,-1.1631723813020067,-0.275,462.4947,0.9885515763711256,0.011448423628874438
514,pos_563,YCY,1,3,0.0,0.3333333333333333,0.0,0.0,0.0,0.0,0.0,0.0,0.0,0.0,0.0,0.0,0.0,0.0,0.0,0.0,0.0,0.0,0.0,0.6666666666666666,-0.25179737790770906,-0.03333333333333336,447.50460000000004,0.9977466079033973,0.002253392096602691
515,pos_564,LVGDEQAVPAVCVP,1,14,0.14285714285714285,0.07142857142857142,0.07142857142857142,0.07142857142857142,0.0,0.07142857142857142,0.0,0.0,0.0,0.07142857142857142,0.0,0.0,0.14285714285714285,0.07142857142857142,0.0,0.0,0.0,0.2857142857142857,0.0,0.0,-2.2458681529966524,0.9,1396.6078999999997,0.3925335101133207,0.6074664898866793
516,pos_565,TERGY,1,5,0.0,0.0,0.0,0.2,0.0,0.2,0.0,0.0,0.0,0.0,0.0,0.0,0.0,0.0,0.2,0.0,0.2,0.0,0.0,0.2,-0.6000019445591638,-2.08,624.6434,0.9855897301360632,0.014410269863936787
517,pos_566,DHNPQIR,1,7,0.0,0.0,0.14285714285714285,0.0,0.0,0.0,0.14285714285714285,0.14285714285714285,0.0,0.0,0.0,0.14285714285714285,0.14285714285714285,0.14285714285714285,0.14285714285714285,0.0,0.0,0.0,0.0,0.0,-0.1516134365162669,-2.185714285714286,878.9322999999999,0.8592754942989305,0.14072450570106954
518,pos_567,VVPPFLQPE,1,9,0.0,0.0,0.0,0.1111111111111111,0.1111111111111111,0.0,0.0,0.0,0.0,0.1111111111111111,0.0,0.0,0.3333333333333333,0.1111111111111111,0.0,0.0,0.0,0.2222222222222222,0.0,0.0,-1.2579638683041474,0.3555555555555555,1025.1975,0.8371257464678735,0.16287425353212648
519,pos_568,TVGGAPAGRIVME,1,13,0.15384615384615385,0.0,0.0,0.07692307692307693,0.0,0.23076923076923078,0.0,0.07692307692307693,0.0,0.0,0.07692307692307693,0.0,0.07692307692307693,0.0,0.07692307692307693,0.0,0.07692307692307693,0.15384615384615385,0.0,0.0,-0.5937656637926727,0.5307692307692308,1257.4594,0.4017886821834858,0.5982113178165143
520,pos_569,VVGGDGDV,1,8,0.0,0.0,0.25,0.0,0.0,0.375,0.0,0.0,0.0,0.0,0.0,0.0,0.0,0.0,0.0,0.0,0.0,0.375,0.0,0.0,-2.263770088165159,0.55,716.7370000000001,0.8769871912961763,0.1230128087038237
521,pos_570,IHKAGGGGGGGGGGGK,1,16,0.0625,0.0,0.0,0.0,0.0,0.6875,0.0625,0.0625,0.125,0.0,0.0,0.0,0.0,0.0,0.0,0.0,0.0,0.0,0.0,0.0,1.845277800445888,-0.56875,1223.299,0.3469350474375671,0.6530649525624329
522,pos_572,FYKA,1,4,0.25,0.0,0.0,0.0,0.25,0.0,0.0,0.0,0.25,0.0,0.0,0.0,0.0,0.0,0.0,0.0,0.0,0.0,0.0,0.25,0.758103612191301,-0.15000000000000002,527.6125000000001,0.9421414208572599,0.05785857914274006
523,pos_573,VKP,1,3,0.0,0.0,0.0,0.0,0.0,0.0,0.0,0.0,0.3333333333333333,0.0,0.0,0.0,0.3333333333333333,0.0,0.0,0.0,0.0,0.3333333333333333,0.0,0.0,0.7329893889561515,-0.4333333333333333,342.4338,0.9908204761476402,0.009179523852359761
524,pos_574,KGHLFPN,1,7,0.0,0.0,0.0,0.0,0.14285714285714285,0.14285714285714285,0.14285714285714285,0.0,0.14285714285714285,0.14285714285714285,0.0,0.14285714285714285,0.14285714285714285,0.0,0.0,0.0,0.0,0.0,0.0,0.0,0.8462768014448888,-0.8571428571428573,811.9273999999999,0.8263899455598007,0.17361005444019928
525,pos_575,HHLP,1,4,0.0,0.0,0.0,0.0,0.0,0.0,0.5,0.0,0.0,0.25,0.0,0.0,0.25,0.0,0.0,0.0,0.0,0.0,0.0,0.0,-0.06555000930152344,-1.0500000000000003,502.5666999999999,0.9984411064773898,0.001558893522610183
526,pos_576,GIFE,1,4,0.0,0.0,0.0,0.25,0.25,0.25,0.0,0.25,0.0,0.0,0.0,0.0,0.0,0.0,0.0,0.0,0.0,0.0,0.0,0.0,-1.231850644069997,0.85,464.512,0.9215456032433963,0.0784543967566037
527,pos_577,LLY,1,3,0.0,0.0,0.0,0.0,0.0,0.0,0.0,0.0,0.0,0.6666666666666666,0.0,0.0,0.0,0.0,0.0,0.0,0.0,0.0,0.0,0.3333333333333333,-0.2408973868096983,2.1,407.50370000000004,0.994838105083725,0.005161894916274945
528,pos_578,AIGVGAIER,1,9,0.2222222222222222,0.0,0.0,0.1111111111111111,0.0,0.2222222222222222,0.0,0.2222222222222222,0.0,0.0,0.0,0.0,0.0,0.0,0.1111111111111111,0.0,0.0,0.1111111111111111,0.0,0.0,-0.2013249500727039,0.8888888888888888,885.0196000000001,0.729204268263849,0.270795731736151
529,pos_579,ALPQYLKTVYQHQK,1,14,0.07142857142857142,0.0,0.0,0.0,0.0,0.0,0.07142857142857142,0.0,0.14285714285714285,0.14285714285714285,0.0,0.0,0.07142857142857142,0.21428571428571427,0.0,0.0,0.07142857142857142,0.07142857142857142,0.0,0.14285714285714285,1.8790527721126704,-0.9142857142857144,1716.9763999999998,0.2703503643019869,0.7296496356980131
530,pos_580,SSDEEVREEKELDLSSNE,1,18,0.0,0.0,0.1111111111111111,0.3333333333333333,0.0,0.0,0.0,0.0,0.05555555555555555,0.1111111111111111,0.0,0.05555555555555555,0.0,0.0,0.05555555555555555,0.2222222222222222,0.0,0.05555555555555555,0.0,0.0,-6.516520968194962,-1.738888888888889,2095.0901,0.017671178291583895,0.9823288217084161
531,pos_581,YQEPVLGPVRGPFPI,1,15,0.0,0.0,0.0,0.06666666666666667,0.06666666666666667,0.13333333333333333,0.0,0.06666666666666667,0.0,0.06666666666666667,0.0,0.0,0.26666666666666666,0.06666666666666667,0.06666666666666667,0.0,0.0,0.13333333333333333,0.0,0.06666666666666667,-0.23809692473648925,-0.03333333333333336,1668.9317999999998,0.13593903450715625,0.8640609654928437
532,pos_582,QGPIGPR,1,7,0.0,0.0,0.0,0.0,0.0,0.2857142857142857,0.0,0.14285714285714285,0.0,0.0,0.0,0.0,0.2857142857142857,0.14285714285714285,0.14285714285714285,0.0,0.0,0.0,0.0,0.0,0.7600916142893016,-1.0714285714285714,723.8208,0.8669050727335349,0.1330949272664651
533,pos_583,ALELDSNLYR,1,10,0.1,0.0,0.1,0.1,0.0,0.0,0.0,0.0,0.0,0.3,0.0,0.1,0.0,0.0,0.1,0.1,0.0,0.0,0.0,0.1,-1.2012031901318603,-0.39,1193.3062,0.4181933222779771,0.5818066777220229
534,pos_584,WALKGYK,1,7,0.14285714285714285,0.0,0.0,0.0,0.0,0.14285714285714285,0.0,0.0,0.2857142857142857,0.14285714285714285,0.0,0.0,0.0,0.0,0.0,0.0,0.0,0.0,0.14285714285714285,0.14285714285714285,1.7571046111922999,-0.6857142857142857,865.0297999999999,0.8205429597721491,0.17945704022785092
535,pos_585,YYE,1,3,0.0,0.0,0.0,0.3333333333333333,0.0,0.0,0.0,0.0,0.0,0.0,0.0,0.0,0.0,0.0,0.0,0.0,0.0,0.0,0.0,0.6666666666666666,-1.2338486460679992,-2.033333333333333,473.4757,0.9998668872359918,0.00013311276400818084
536,pos_586,NYKQM,1,5,0.0,0.0,0.0,0.0,0.0,0.0,0.0,0.0,0.2,0.0,0.2,0.2,0.0,0.2,0.0,0.0,0.0,0.0,0.0,0.2,0.758103612191301,-2.06,682.7886,0.9741405216764725,0.02585947832352753
537,pos_587,LTTLDS,1,6,0.0,0.0,0.16666666666666666,0.0,0.0,0.0,0.0,0.0,0.0,0.3333333333333333,0.0,0.0,0.0,0.0,0.0,0.16666666666666666,0.3333333333333333,0.0,0.0,0.0,-1.2387776248708526,0.3166666666666666,648.703,0.7560397426045169,0.2439602573954831
538,pos_588,VIPAGYP,1,7,0.14285714285714285,0.0,0.0,0.0,0.0,0.14285714285714285,0.0,0.14285714285714285,0.0,0.0,0.0,0.0,0.2857142857142857,0.0,0.0,0.0,0.0,0.14285714285714285,0.0,0.14285714285714285,-0.2670106110438486,0.7999999999999999,715.8367,0.9471683663475945,0.05283163365240551
539,pos_589,PAGLPGPA,1,8,0.25,0.0,0.0,0.0,0.0,0.25,0.0,0.0,0.0,0.125,0.0,0.0,0.375,0.0,0.0,0.0,0.0,0.0,0.0,0.0,-0.041471132421644796,0.22499999999999995,678.7769000000001,0.8735667427360831,0.12643325726391685
540,pos_590,LHW,1,3,0.0,0.0,0.0,0.0,0.0,0.0,0.3333333333333333,0.0,0.0,0.3333333333333333,0.0,0.0,0.0,0.0,0.0,0.0,0.0,0.0,0.3333333333333333,0.0,-0.15272419755611044,-0.10000000000000013,454.52209999999997,0.995807425342473,0.004192574657526982
541,pos_591,RHY,1,3,0.0,0.0,0.0,0.0,0.0,0.0,0.3333333333333333,0.0,0.0,0.0,0.0,0.0,0.0,0.0,0.3333333333333333,0.0,0.0,0.0,0.0,0.3333333333333333,0.8462668015448875,-3.0,474.51349999999996,0.9991663191759619,0.0008336808240381188
542,pos_592,RWI,1,3,0.0,0.0,0.0,0.0,0.0,0.0,0.0,0.3333333333333333,0.0,0.0,0.0,0.0,0.0,0.0,0.3333333333333333,0.0,0.0,0.0,0.3333333333333333,0.0,0.7600916142893016,-0.3,473.56850000000003,0.9009498561850083,0.09905014381499166
543,pos_593,GTIAGGGVIPH,1,11,0.09090909090909091,0.0,0.0,0.0,0.0,0.36363636363636365,0.09090909090909091,0.18181818181818182,0.0,0.0,0.0,0.0,0.09090909090909091,0.0,0.0,0.0,0.09090909090909091,0.09090909090909091,0.0,0.0,-0.15272419755611044,0.7181818181818183,978.1029999999998,0.7360375687543494,0.26396243124565055
544,pos_595,QEP,1,3,0.0,0.0,0.0,0.3333333333333333,0.0,0.0,0.0,0.0,0.0,0.0,0.0,0.0,0.3333333333333333,0.3333333333333333,0.0,0.0,0.0,0.0,0.0,0.0,-1.2370879238374872,-2.8666666666666667,372.3737,0.9986472354256131,0.0013527645743869332
545,pos_596,MAPKHEMPFPKYP,1,13,0.07692307692307693,0.0,0.0,0.07692307692307693,0.07692307692307693,0.0,0.07692307692307693,0.0,0.15384615384615385,0.0,0.15384615384615385,0.0,0.3076923076923077,0.0,0.0,0.0,0.0,0.0,0.0,0.07692307692307693,0.5873423347721394,-1.0615384615384615,1572.8908999999999,0.1814699538956719,0.8185300461043281
546,pos_597,PSKYEPFV,1,8,0.0,0.0,0.0,0.125,0.125,0.0,0.0,0.0,0.125,0.0,0.0,0.0,0.25,0.0,0.0,0.125,0.0,0.125,0.0,0.125,-0.040658672446436395,-0.7125,966.0873000000001,0.8020815721033888,0.19791842789661118
547,pos_598,LMSYMWSTSM,1,10,0.0,0.0,0.0,0.0,0.0,0.0,0.0,0.0,0.0,0.1,0.3,0.0,0.0,0.0,0.0,0.3,0.1,0.0,0.1,0.1,-0.2408973868096983,0.41999999999999993,1236.4798,0.1626451885560565,0.8373548114439435
548,pos_599,MPDAHL,1,6,0.16666666666666666,0.0,0.16666666666666666,0.0,0.0,0.0,0.16666666666666666,0.0,0.0,0.16666666666666666,0.16666666666666666,0.0,0.16666666666666666,0.0,0.0,0.0,0.0,0.0,0.0,0.0,-1.4113503632642237,-0.13333333333333341,682.7887,0.9167317183258297,0.08326828167417033
549,pos_600,AEM,1,3,0.3333333333333333,0.0,0.0,0.3333333333333333,0.0,0.0,0.0,0.0,0.0,0.0,0.3333333333333333,0.0,0.0,0.0,0.0,0.0,0.0,0.0,0.0,0.0,-1.2013149501727027,0.06666666666666665,349.4032,0.9881664211638804,0.011833578836119574
550,pos_601,YWVTSGPK,1,8,0.0,0.0,0.0,0.0,0.0,0.125,0.0,0.0,0.125,0.0,0.0,0.0,0.125,0.0,0.0,0.125,0.125,0.125,0.125,0.125,0.758103612191301,-0.675,937.0494000000001,0.8015073478728459,0.19849265212715406
551,pos_604,MWL,1,3,0.0,0.0,0.0,0.0,0.0,0.0,0.0,0.0,0.0,0.3333333333333333,0.3333333333333333,0.0,0.0,0.0,0.0,0.0,0.0,0.0,0.3333333333333333,0.0,-0.4996453124586552,1.5999999999999999,448.5788,0.9402639038990599,0.059736096100940106
552,pos_605,MWKVW,1,5,0.0,0.0,0.0,0.0,0.0,0.0,0.0,0.0,0.2,0.0,0.2,0.0,0.0,0.0,0.0,0.0,0.0,0.2,0.4,0.0,0.49935568654234397,0.08000000000000003,748.9344,0.8757467020639663,0.12425329793603368
553,pos_606,CYY,1,3,0.0,0.3333333333333333,0.0,0.0,0.0,0.0,0.0,0.0,0.0,0.0,0.0,0.0,0.0,0.0,0.0,0.0,0.0,0.0,0.0,0.6666666666666666,-0.25179737790770906,-0.03333333333333336,447.50460000000004,0.9977466079033973,0.002253392096602691
554,pos_607,DEAGPSIVHR,1,10,0.1,0.0,0.1,0.1,0.0,0.1,0.1,0.1,0.0,0.0,0.0,0.0,0.1,0.0,0.1,0.1,0.0,0.1,0.0,0.0,-1.1488029745430566,-0.7,1080.152,0.6260487453986734,0.3739512546013266
555,pos_608,SNAAC,1,5,0.4,0.2,0.0,0.0,0.0,0.0,0.0,0.0,0.0,0.0,0.0,0.2,0.0,0.0,0.0,0.2,0.0,0.0,0.0,0.0,-0.5497545308814108,0.36,464.49390000000005,0.761622165301827,0.23837783469817297
556,pos_609,VGGDGDV,1,7,0.0,0.0,0.2857142857142857,0.0,0.0,0.42857142857142855,0.0,0.0,0.0,0.0,0.0,0.0,0.0,0.0,0.0,0.0,0.0,0.2857142857142857,0.0,0.0,-2.263770088165159,0.028571428571428612,617.6059999999999,0.8833023149881268,0.11669768501187316
557,pos_610,HHH,1,3,0.0,0.0,0.0,0.0,0.0,0.0,1.0,0.0,0.0,0.0,0.0,0.0,0.0,0.0,0.0,0.0,0.0,0.0,0.0,0.0,0.021624178953063455,-3.2000000000000006,429.4332,0.9999622891424413,3.771085755865933e-05
558,pos_611,HLPLPL,1,6,0.0,0.0,0.0,0.0,0.0,0.0,0.16666666666666666,0.0,0.0,0.5,0.0,0.0,0.3333333333333333,0.0,0.0,0.0,0.0,0.0,0.0,0.0,-0.15272419755611044,0.8333333333333331,688.8578,0.9622376704850729,0.037762329514927084
559,pos_612,VSPHLP,1,6,0.0,0.0,0.0,0.0,0.0,0.0,0.16666666666666666,0.0,0.0,0.16666666666666666,0.0,0.0,0.3333333333333333,0.0,0.0,0.16666666666666666,0.0,0.16666666666666666,0.0,0.0,-0.17883742179026074,0.13333333333333328,648.7509,0.966199159792574,0.03380084020742602
560,pos_614,SHDAHPE,1,7,0.14285714285714285,0.0,0.14285714285714285,0.14285714285714285,0.0,0.0,0.2857142857142857,0.0,0.0,0.0,0.0,0.0,0.14285714285714285,0.0,0.0,0.14285714285714285,0.0,0.0,0.0,0.0,-2.3563366615926826,-2.0,791.7656999999999,0.9625204060307228,0.03747959396927725
561,pos_615,EPDRY,1,5,0.0,0.0,0.2,0.2,0.0,0.0,0.0,0.0,0.0,0.0,0.0,0.0,0.2,0.0,0.2,0.0,0.0,0.0,0.0,0.2,-1.1630606212611643,-2.88,678.6908,0.9732443894200923,0.026755610579907718
562,pos_616,ELQDKIHPF,1,9,0.0,0.0,0.1111111111111111,0.1111111111111111,0.1111111111111111,0.0,0.1111111111111111,0.1111111111111111,0.1111111111111111,0.1111111111111111,0.0,0.0,0.1111111111111111,0.1111111111111111,0.0,0.0,0.0,0.0,0.0,0.0,-1.0758764331065762,-0.9000000000000001,1126.2617,0.6219462143741451,0.3780537856258549
563,pos_617,LSRVP,1,5,0.0,0.0,0.0,0.0,0.0,0.0,0.0,0.0,0.0,0.2,0.0,0.0,0.2,0.0,0.2,0.2,0.0,0.2,0.0,0.0,0.7600916142893016,0.21999999999999997,570.6821,0.8934705016354835,0.10652949836451653
564,pos_618,CME,1,3,0.0,0.3333333333333333,0.0,0.3333333333333333,0.0,0.0,0.0,0.0,0.0,0.0,0.3333333333333333,0.0,0.0,0.0,0.0,0.0,0.0,0.0,0.0,0.0,-1.241751634169007,0.3,381.46819999999997,0.9646732778709763,0.03532672212902366
565,pos_619,IQY,1,3,0.0,0.0,0.0,0.0,0.0,0.0,0.0,0.3333333333333333,0.0,0.0,0.0,0.0,0.0,0.3333333333333333,0.0,0.0,0.0,0.0,0.0,0.3333333333333333,-0.2408973868096983,-0.10000000000000002,422.4753,0.997595423718029,0.0024045762819709937
566,pos_620,LWY,1,3,0.0,0.0,0.0,0.0,0.0,0.0,0.0,0.0,0.0,0.3333333333333333,0.0,0.0,0.0,0.0,0.0,0.0,0.0,0.0,0.3333333333333333,0.3333333333333333,-0.2408973868096983,0.5333333333333332,480.556,0.9943335466950863,0.005666453304913666
567,pos_621,GGVPRSGEQEQQ,1,12,0.0,0.0,0.0,0.16666666666666666,0.0,0.25,0.0,0.0,0.0,0.0,0.0,0.0,0.08333333333333333,0.25,0.08333333333333333,0.08333333333333333,0.0,0.08333333333333333,0.0,0.0,-1.234287461764278,-1.7833333333333332,1271.2939999999999,0.6516510638328183,0.34834893616718166
568,pos_622,YPFPGPIP,1,8,0.0,0.0,0.0,0.0,0.125,0.125,0.0,0.125,0.0,0.0,0.0,0.0,0.5,0.0,0.0,0.0,0.0,0.0,0.0,0.125,-0.2408973868096983,-0.10000000000000007,887.0319999999999,0.790117098712348,0.20988290128765197
569,pos_623,IAAEVYEHTEGSTTSY,1,16,0.125,0.0,0.0,0.1875,0.0,0.0625,0.0625,0.0625,0.0,0.0,0.0,0.0,0.0,0.0,0.0,0.125,0.1875,0.0625,0.0,0.125,-3.1462908136344816,-0.50625,1757.805,0.20384980705679037,0.7961501929432097
570,pos_624,NP,1,2,0.0,0.0,0.0,0.0,0.0,0.0,0.0,0.0,0.0,0.0,0.0,0.5,0.5,0.0,0.0,0.0,0.0,0.0,0.0,0.0,-0.23989838581069733,-2.55,229.2331,0.9911559466417262,0.008844053358273762
571,pos_625,HNAVDSQIAGKA,1,12,0.25,0.0,0.08333333333333333,0.0,0.0,0.08333333333333333,0.08333333333333333,0.08333333333333333,0.08333333333333333,0.0,0.0,0.08333333333333333,0.0,0.08333333333333333,0.0,0.08333333333333333,0.0,0.08333333333333333,0.0,0.0,-0.1526024376152666,-0.39166666666666666,1210.2969999999998,0.39693066920379616,0.6030693307962038
572,pos_626,NFWWP,1,5,0.0,0.0,0.0,0.0,0.2,0.0,0.0,0.0,0.0,0.0,0.0,0.2,0.2,0.0,0.0,0.0,0.0,0.0,0.4,0.0,-0.23989838581069733,-0.8200000000000001,748.8267,0.7423424450466708,0.2576575549533292
573,pos_627,AHLLT,1,5,0.2,0.0,0.0,0.0,0.0,0.0,0.2,0.0,0.0,0.4,0.0,0.0,0.0,0.0,0.0,0.0,0.2,0.0,0.0,0.0,-0.11695122389132617,1.1,553.6516,0.9773974987519872,0.022602501248012774
574,pos_628,KIIIYN,1,6,0.0,0.0,0.0,0.0,0.0,0.0,0.0,0.5,0.16666666666666666,0.0,0.0,0.16666666666666666,0.0,0.0,0.0,0.0,0.0,0.0,0.0,0.16666666666666666,0.758103612191301,0.7999999999999999,762.9362,0.8468893856590829,0.1531106143409171
575,pos_629,SGP,1,3,0.0,0.0,0.0,0.0,0.0,0.3333333333333333,0.0,0.0,0.0,0.0,0.0,0.0,0.3333333333333333,0.0,0.0,0.3333333333333333,0.0,0.0,0.0,0.0,-0.539853540782401,-0.9333333333333335,259.2591,0.939286746920825,0.06071325307917497
576,pos_630,FLQEFLHV,1,8,0.0,0.0,0.0,0.125,0.25,0.0,0.125,0.0,0.0,0.25,0.0,0.0,0.0,0.125,0.0,0.0,0.0,0.125,0.0,0.0,-1.1499137355829,0.8999999999999999,1032.1916,0.7808688899251409,0.21913111007485908
577,pos_631,LHI,1,3,0.0,0.0,0.0,0.0,0.0,0.0,0.3333333333333333,0.3333333333333333,0.0,0.3333333333333333,0.0,0.0,0.0,0.0,0.0,0.0,0.0,0.0,0.0,0.0,-0.15272419755611044,1.7,381.4698,0.9939133952977844,0.006086604702215559
578,pos_632,VVVVPH,1,6,0.0,0.0,0.0,0.0,0.0,0.0,0.16666666666666666,0.0,0.0,0.0,0.0,0.0,0.16666666666666666,0.0,0.0,0.0,0.0,0.6666666666666666,0.0,0.0,-0.17883742179026074,2.0,648.7937999999999,0.9946606447883078,0.005339355211692154
579,pos_633,SRYPS,1,5,0.0,0.0,0.0,0.0,0.0,0.0,0.0,0.0,0.0,0.0,0.0,0.0,0.2,0.0,0.2,0.4,0.0,0.0,0.0,0.2,0.459137458318597,-1.8,608.644,0.8804285524754041,0.11957144752459592
580,pos_634,YQKFP,1,5,0.0,0.0,0.0,0.0,0.2,0.0,0.0,0.0,0.2,0.0,0.0,0.0,0.2,0.2,0.0,0.0,0.0,0.0,0.0,0.2,0.758103612191301,-1.5,681.779,0.9564069545676425,0.043593045432357536
581,pos_635,WSY,1,3,0.0,0.0,0.0,0.0,0.0,0.0,0.0,0.0,0.0,0.0,0.0,0.0,0.0,0.0,0.0,0.3333333333333333,0.0,0.0,0.3333333333333333,0.3333333333333333,-0.2408973868096983,-1.0,454.4757,0.9837347783846881,0.016265221615311853
582,pos_636,YETGNGIK,1,8,0.0,0.0,0.0,0.125,0.0,0.25,0.0,0.125,0.125,0.0,0.0,0.125,0.0,0.0,0.0,0.0,0.125,0.0,0.0,0.125,-0.23908592583548893,-1.15,880.9414999999999,0.8874903482564804,0.11250965174351957
583,pos_637,KLF,1,3,0.0,0.0,0.0,0.0,0.3333333333333333,0.0,0.0,0.0,0.3333333333333333,0.3333333333333333,0.0,0.0,0.0,0.0,0.0,0.0,0.0,0.0,0.0,0.0,0.7591026131903019,0.8999999999999999,406.519,0.8264039641803292,0.17359603581967076
584,pos_638,CVHWMTNTARTACIAP,1,16,0.1875,0.125,0.0,0.0,0.0,0.0,0.0625,0.0625,0.0,0.0,0.0625,0.0625,0.0625,0.0,0.0625,0.0,0.1875,0.0625,0.0625,0.0,0.8274638223458688,0.325,1775.0838,0.02845704820399055,0.9715429517960095
585,pos_639,AMRLTYNRPCIYAT,1,14,0.14285714285714285,0.07142857142857142,0.0,0.0,0.0,0.0,0.0,0.07142857142857142,0.0,0.07142857142857142,0.07142857142857142,0.07142857142857142,0.07142857142857142,0.0,0.14285714285714285,0.0,0.14285714285714285,0.0,0.0,0.14285714285714285,1.783955595957073,-0.1285714285714286,1672.9686,0.056773054531651206,0.9432269454683488
586,pos_640,VLSRYPS,1,7,0.0,0.0,0.0,0.0,0.0,0.0,0.0,0.0,0.0,0.14285714285714285,0.0,0.0,0.14285714285714285,0.0,0.14285714285714285,0.2857142857142857,0.0,0.14285714285714285,0.0,0.14285714285714285,0.7329793890561502,-0.14285714285714288,820.9326,0.7949564031212727,0.2050435968787273
587,pos_641,LSNGK,1,5,0.0,0.0,0.0,0.0,0.0,0.2,0.0,0.0,0.2,0.2,0.0,0.2,0.0,0.0,0.0,0.2,0.0,0.0,0.0,0.0,0.7591026131903019,-0.96,517.5764,0.8503951067446157,0.14960489325538429
588,pos_642,VFGKEKVNEL,1,10,0.0,0.0,0.0,0.2,0.1,0.1,0.0,0.0,0.2,0.1,0.0,0.1,0.0,0.0,0.0,0.0,0.0,0.2,0.0,0.0,-0.2623886880964288,-0.37,1162.3352,0.624658514187284,0.375341485812716
589,pos_643,MLKMLPFK,1,8,0.0,0.0,0.0,0.0,0.125,0.0,0.0,0.0,0.25,0.25,0.25,0.0,0.125,0.0,0.0,0.0,0.0,0.0,0.0,0.0,1.4983566855433432,0.5999999999999999,1007.3561,0.3292588771388089,0.670741122861191
590,pos_644,LLAQA,1,5,0.4,0.0,0.0,0.0,0.0,0.0,0.0,0.0,0.0,0.4,0.0,0.0,0.0,0.2,0.0,0.0,0.0,0.0,0.0,0.0,-0.23989838581069733,1.5399999999999998,514.6155,0.9522637369563955,0.047736263043604454
591,pos_645,EAAVYPL,1,7,0.2857142857142857,0.0,0.0,0.14285714285714285,0.0,0.0,0.0,0.0,0.0,0.14285714285714285,0.0,0.0,0.14285714285714285,0.0,0.0,0.0,0.0,0.14285714285714285,0.0,0.14285714285714285,-1.1641713823010078,0.7428571428571429,761.8620999999999,0.9685333782024774,0.031466621797522576
592,pos_646,PWH,1,3,0.0,0.0,0.0,0.0,0.0,0.0,0.3333333333333333,0.0,0.0,0.0,0.0,0.0,0.3333333333333333,0.0,0.0,0.0,0.0,0.0,0.3333333333333333,0.0,0.04570305583294221,-1.9000000000000001,438.4797,0.9973069626164527,0.0026930373835473143
593,pos_647,SVEIQALCDM,1,10,0.1,0.1,0.1,0.1,0.0,0.0,0.0,0.1,0.0,0.1,0.1,0.0,0.0,0.1,0.0,0.1,0.0,0.1,0.0,0.0,-2.545823307968356,0.74,1108.2862,0.4179056274676386,0.5820943725323614
594,pos_648,LAF,1,3,0.3333333333333333,0.0,0.0,0.0,0.3333333333333333,0.0,0.0,0.0,0.0,0.3333333333333333,0.0,0.0,0.0,0.0,0.0,0.0,0.0,0.0,0.0,0.0,-0.23989838581069733,2.8000000000000003,349.4246,0.8301859732305508,0.16981402676944923
595,pos_649,YPFPG,1,5,0.0,0.0,0.0,0.0,0.2,0.2,0.0,0.0,0.0,0.0,0.0,0.0,0.4,0.0,0.0,0.0,0.0,0.0,0.0,0.2,-0.2408973868096983,-0.4200000000000001,579.644,0.9522352809353989,0.04776471906460111
596,pos_650,SGQYFL,1,6,0.0,0.0,0.0,0.0,0.16666666666666666,0.16666666666666666,0.0,0.0,0.0,0.16666666666666666,0.0,0.0,0.0,0.16666666666666666,0.0,0.16666666666666666,0.0,0.0,0.0,0.16666666666666666,-0.540852541781402,0.09999999999999992,713.7777,0.868948327283825,0.13105167271617502
597,pos_651,FKGPACA,1,7,0.2857142857142857,0.14285714285714285,0.0,0.0,0.14285714285714285,0.14285714285714285,0.0,0.0,0.14285714285714285,0.0,0.0,0.0,0.14285714285714285,0.0,0.0,0.0,0.0,0.0,0.0,0.0,0.7492016230912921,0.42857142857142855,692.8266,0.5883003923577687,0.41169960764223135
598,pos_652,HGPLGPL,1,7,0.0,0.0,0.0,0.0,0.0,0.2857142857142857,0.14285714285714285,0.0,0.0,0.2857142857142857,0.0,0.0,0.2857142857142857,0.0,0.0,0.0,0.0,0.0,0.0,0.0,-0.15272419755611044,0.05714285714285704,689.8027999999999,0.9480138218082402,0.05198617819175977
599,pos_653,VGPLSPT,1,7,0.0,0.0,0.0,0.0,0.0,0.14285714285714285,0.0,0.0,0.0,0.14285714285714285,0.0,0.0,0.2857142857142857,0.0,0.0,0.14285714285714285,0.14285714285714285,0.14285714285714285,0.0,0.0,-0.26601161004484764,0.41428571428571426,669.7668,0.8901722441682883,0.10982775583171167
600,pos_654,PHYL,1,4,0.0,0.0,0.0,0.0,0.0,0.0,0.25,0.0,0.0,0.25,0.0,0.0,0.25,0.0,0.0,0.0,0.0,0.0,0.0,0.25,0.04470405483394124,-0.5750000000000002,528.6006,0.9979363737423328,0.002063626257667206
601,pos_655,TGC,1,3,0.0,0.3333333333333333,0.0,0.0,0.0,0.3333333333333333,0.0,0.0,0.0,0.0,0.0,0.0,0.0,0.0,0.0,0.0,0.3333333333333333,0.0,0.0,0.0,-0.6117043957323818,0.4666666666666666,279.3134,0.923966235574239,0.07603376442576104
602,pos_656,DHHQVYSPGEQ,1,11,0.0,0.0,0.09090909090909091,0.09090909090909091,0.0,0.09090909090909091,0.18181818181818182,0.0,0.0,0.0,0.0,0.0,0.09090909090909091,0.18181818181818182,0.0,0.09090909090909091,0.0,0.09090909090909091,0.0,0.09090909090909091,-2.0626177873874694,-1.8454545454545455,1296.3017,0.8370336342786844,0.16296636572131562
603,pos_657,LH,1,2,0.0,0.0,0.0,0.0,0.0,0.0,0.5,0.0,0.0,0.5,0.0,0.0,0.0,0.0,0.0,0.0,0.0,0.0,0.0,0.0,-0.15272419755611044,0.2999999999999998,268.31219999999996,0.9993553930583158,0.0006446069416842226
604,pos_658,QQQTED,1,6,0.0,0.0,0.16666666666666666,0.16666666666666666,0.0,0.0,0.0,0.0,0.0,0.0,0.0,0.0,0.0,0.5,0.0,0.0,0.16666666666666666,0.0,0.0,0.0,-2.2327862612903395,-3.033333333333333,747.7081999999999,0.980603500153903,0.019396499846097037
605,pos_659,VLSPPFTGE,1,9,0.0,0.0,0.0,0.1111111111111111,0.1111111111111111,0.1111111111111111,0.0,0.0,0.0,0.1111111111111111,0.0,0.0,0.2222222222222222,0.0,0.0,0.1111111111111111,0.1111111111111111,0.1111111111111111,0.0,0.0,-1.2579638683041474,0.2444444444444444,946.0545999999999,0.6935219556317114,0.3064780443682886
606,pos_660,CAQ,1,3,0.3333333333333333,0.3333333333333333,0.0,0.0,0.0,0.0,0.0,0.0,0.0,0.0,0.0,0.0,0.0,0.3333333333333333,0.0,0.0,0.0,0.0,0.0,0.0,-0.24979937590970713,0.26666666666666666,320.3653,0.9628948253220174,0.03710517467798258
607,pos_661,LPYY,1,4,0.0,0.0,0.0,0.0,0.0,0.0,0.0,0.0,0.0,0.25,0.0,0.0,0.25,0.0,0.0,0.0,0.0,0.0,0.0,0.5,-0.24189638780869938,-0.10000000000000009,554.6345,0.9973565864176304,0.002643413582369636
608,pos_662,EGGGGGYGGGGGGYGGR,1,17,0.0,0.0,0.0,0.058823529411764705,0.0,0.7647058823529411,0.0,0.0,0.0,0.0,0.0,0.0,0.0,0.0,0.058823529411764705,0.0,0.0,0.0,0.0,0.11764705882352941,-0.16518038320000983,-0.9294117647058824,1371.3283,0.3644901799266544,0.6355098200733456
609,pos_663,PHE,1,3,0.0,0.0,0.0,0.3333333333333333,0.0,0.0,0.3333333333333333,0.0,0.0,0.0,0.0,0.0,0.3333333333333333,0.0,0.0,0.0,0.0,0.0,0.0,0.0,-0.9462492024263576,-2.766666666666667,381.3838,0.9995303394105467,0.00046966058945330236
610,pos_664,YYF,1,3,0.0,0.0,0.0,0.0,0.3333333333333333,0.0,0.0,0.0,0.0,0.0,0.0,0.0,0.0,0.0,0.0,0.0,0.0,0.0,0.0,0.6666666666666666,-0.24189638780869938,0.06666666666666658,491.5355,0.9965259868637801,0.0034740131362198667
611,pos_665,AWFS,1,4,0.25,0.0,0.0,0.0,0.25,0.0,0.0,0.0,0.0,0.0,0.0,0.0,0.0,0.0,0.0,0.25,0.0,0.0,0.25,0.0,-0.20412541214591307,0.725,509.5542,0.6275703449858397,0.37242965501416025
612,pos_666,VKV,1,3,0.0,0.0,0.0,0.0,0.0,0.0,0.0,0.0,0.3333333333333333,0.0,0.0,0.0,0.0,0.0,0.0,0.0,0.0,0.6666666666666666,0.0,0.0,0.7329893889561515,1.5,344.4496,0.9948784146207035,0.005121585379296523
613,pos_667,QEPVLGPVRGPFPI,1,14,0.0,0.0,0.0,0.07142857142857142,0.07142857142857142,0.14285714285714285,0.0,0.07142857142857142,0.0,0.07142857142857142,0.0,0.0,0.2857142857142857,0.07142857142857142,0.07142857142857142,0.0,0.0,0.14285714285714285,0.0,0.0,-0.23709792373748817,0.05714285714285711,1505.7586,0.19719975482545335,0.8028002451745466
614,pos_668,VSKSVLVK,1,8,0.0,0.0,0.0,0.0,0.0,0.0,0.0,0.0,0.25,0.125,0.0,0.0,0.0,0.0,0.0,0.25,0.0,0.375,0.0,0.0,1.731990387957151,0.875,859.0651,0.7230667764308334,0.2769332235691666
615,pos_669,RYY,1,3,0.0,0.0,0.0,0.0,0.0,0.0,0.0,0.0,0.0,0.0,0.0,0.0,0.0,0.0,0.3333333333333333,0.0,0.0,0.0,0.0,0.6666666666666666,0.7580936122912996,-2.3666666666666667,500.5474,0.9988719051875441,0.0011280948124559043
616,pos_670,VCDADPSSPVPEA,1,13,0.15384615384615385,0.07692307692307693,0.15384615384615385,0.07692307692307693,0.0,0.0,0.0,0.0,0.0,0.0,0.0,0.0,0.23076923076923078,0.0,0.0,0.15384615384615385,0.0,0.15384615384615385,0.0,0.0,-3.2708606162909586,-0.1846153846153846,1286.365,0.242883216330207,0.757116783669793
617,pos_671,FPWLLS,1,6,0.0,0.0,0.0,0.0,0.16666666666666666,0.0,0.0,0.0,0.0,0.3333333333333333,0.0,0.0,0.16666666666666666,0.0,0.0,0.16666666666666666,0.0,0.0,0.16666666666666666,0.0,-0.23989838581069733,1.1833333333333333,761.9067,0.5622592834941078,0.4377407165058922
618,pos_672,TMAEYHHQDQ,1,10,0.1,0.0,0.1,0.1,0.0,0.0,0.2,0.0,0.0,0.0,0.1,0.0,0.0,0.2,0.0,0.0,0.1,0.0,0.0,0.1,-2.424522807210144,-1.8699999999999999,1259.3047,0.8785936446099131,0.12140635539008693
619,pos_673,PWW,1,3,0.0,0.0,0.0,0.0,0.0,0.0,0.0,0.0,0.0,0.0,0.0,0.0,0.3333333333333333,0.0,0.0,0.0,0.0,0.0,0.6666666666666666,0.0,-0.041471132421644796,-1.1333333333333335,487.55030000000005,0.9709670874069866,0.029032912593013438
620,pos_674,SEGFEW,1,6,0.0,0.0,0.0,0.3333333333333333,0.16666666666666666,0.16666666666666666,0.0,0.0,0.0,0.0,0.0,0.0,0.0,0.0,0.0,0.16666666666666666,0.0,0.0,0.16666666666666666,0.0,-2.534232616835981,-1.05,753.7556,0.8629511710810822,0.1370488289189178
621,pos_675,SWMHQPHQPLPPT,1,13,0.0,0.0,0.0,0.0,0.0,0.0,0.15384615384615385,0.0,0.0,0.07692307692307693,0.07692307692307693,0.0,0.3076923076923077,0.15384615384615385,0.0,0.07692307692307693,0.07692307692307693,0.0,0.07692307692307693,0.0,-0.3655051642732271,-1.2692307692307692,1555.7577999999999,0.31448993141497367,0.6855100685850264
622,pos_676,MHI,1,3,0.0,0.0,0.0,0.0,0.0,0.0,0.3333333333333333,0.3333333333333333,0.0,0.0,0.3333333333333333,0.0,0.0,0.0,0.0,0.0,0.0,0.0,0.0,0.0,-0.4124711242040683,1.0666666666666667,399.5082,0.990917703461443,0.009082296538556967
623,pos_677,GC,1,2,0.0,0.5,0.0,0.0,0.0,0.5,0.0,0.0,0.0,0.0,0.0,0.0,0.0,0.0,0.0,0.0,0.0,0.0,0.0,0.0,-0.24979937590970713,1.05,178.2095,0.8740812855855676,0.12591871441443236
624,pos_678,YQK,1,3,0.0,0.0,0.0,0.0,0.0,0.0,0.0,0.0,0.3333333333333333,0.0,0.0,0.0,0.0,0.3333333333333333,0.0,0.0,0.0,0.0,0.0,0.3333333333333333,0.758103612191301,-2.9,437.49,0.9983640071583308,0.0016359928416691538
625,pos_679,WYY,1,3,0.0,0.0,0.0,0.0,0.0,0.0,0.0,0.0,0.0,0.0,0.0,0.0,0.0,0.0,0.0,0.0,0.0,0.0,0.3333333333333333,0.6666666666666666,-0.24189638780869938,-1.1666666666666667,530.5716,0.9992355118310388,0.0007644881689612415
626,pos_680,NHH,1,3,0.0,0.0,0.0,0.0,0.0,0.0,0.6666666666666666,0.0,0.0,0.0,0.0,0.3333333333333333,0.0,0.0,0.0,0.0,0.0,0.0,0.0,0.0,-0.06555000930152344,-3.3000000000000003,406.3965,0.9996825152875413,0.00031748471245873766
627,pos_681,TSTA,1,4,0.25,0.0,0.0,0.0,0.0,0.0,0.0,0.0,0.0,0.0,0.0,0.0,0.0,0.0,0.0,0.25,0.5,0.0,0.0,0.0,-0.6018034056333719,-0.09999999999999998,378.3783,0.9254399140314618,0.07456008596853825
628,pos_682,QLL,1,3,0.0,0.0,0.0,0.0,0.0,0.0,0.0,0.0,0.0,0.6666666666666666,0.0,0.0,0.0,0.3333333333333333,0.0,0.0,0.0,0.0,0.0,0.0,-0.23989838581069733,1.3666666666666665,372.4597,0.9888861853244231,0.011113814675576927
629,pos_683,SGYYMH,1,6,0.0,0.0,0.0,0.0,0.0,0.16666666666666666,0.16666666666666666,0.0,0.0,0.0,0.16666666666666666,0.0,0.0,0.0,0.0,0.16666666666666666,0.0,0.0,0.0,0.3333333333333333,-0.45467735452581615,-0.8500000000000001,756.8256,0.9800147694468788,0.01998523055312118
630,pos_684,GPAGPAG,1,7,0.2857142857142857,0.0,0.0,0.0,0.0,0.42857142857142855,0.0,0.0,0.0,0.0,0.0,0.0,0.2857142857142857,0.0,0.0,0.0,0.0,0.0,0.0,0.0,-0.23989838581069733,-0.11428571428571431,525.5554,0.9216504884749447,0.07834951152505532
631,pos_685,QTPRY,1,5,0.0,0.0,0.0,0.0,0.0,0.0,0.0,0.0,0.0,0.0,0.0,0.0,0.2,0.2,0.2,0.0,0.2,0.0,0.0,0.2,0.7590926132903006,-2.32,663.7225,0.9829224967807848,0.017077503219215195
632,pos_686,YVEEL,1,5,0.0,0.0,0.0,0.4,0.0,0.0,0.0,0.0,0.0,0.2,0.0,0.0,0.0,0.0,0.0,0.0,0.0,0.2,0.0,0.2,-2.235276462863278,-0.06000000000000001,651.7051,0.9971951724559014,0.0028048275440986092
633,pos_687,YQETSSSSSQ,1,10,0.0,0.0,0.0,0.1,0.0,0.0,0.0,0.0,0.0,0.0,0.0,0.0,0.0,0.2,0.0,0.5,0.1,0.0,0.0,0.1,-1.2380869248364883,-1.65,1103.0513,0.49822553260278785,0.5017744673972122
634,pos_688,KVLPVPQ,1,7,0.0,0.0,0.0,0.0,0.0,0.0,0.0,0.0,0.14285714285714285,0.14285714285714285,0.0,0.0,0.2857142857142857,0.14285714285714285,0.0,0.0,0.0,0.2857142857142857,0.0,0.0,0.7591026131903019,0.2285714285714286,779.9667999999999,0.9475772374983567,0.05242276250164335
635,pos_689,VPYPQ,1,5,0.0,0.0,0.0,0.0,0.0,0.0,0.0,0.0,0.0,0.0,0.0,0.0,0.4,0.2,0.0,0.0,0.0,0.2,0.0,0.2,-0.2670106110438486,-0.76,602.6791,0.9947056606863397,0.005294339313660301
636,pos_690,YGNWLYK,1,7,0.0,0.0,0.0,0.0,0.0,0.14285714285714285,0.0,0.0,0.14285714285714285,0.14285714285714285,0.0,0.14285714285714285,0.0,0.0,0.0,0.0,0.0,0.0,0.14285714285714285,0.2857142857142857,0.7571046111922999,-1.0714285714285714,943.0553999999998,0.90843566523723,0.09156433476277004
637,pos_691,TEAPLNPK,1,8,0.125,0.0,0.0,0.125,0.0,0.0,0.0,0.0,0.125,0.125,0.0,0.125,0.25,0.0,0.0,0.0,0.125,0.0,0.0,0.0,-0.5999919446591626,-1.15,868.9739999999999,0.8627584624102912,0.1372415375897088
638,pos_692,APKGVQGPNG,1,10,0.1,0.0,0.0,0.0,0.0,0.3,0.0,0.0,0.1,0.0,0.0,0.1,0.2,0.1,0.0,0.0,0.0,0.1,0.0,0.0,0.794875586855086,-0.93,924.0126,0.7900681351480002,0.20993186485199977
639,pos_693,ACGNLPRMC,1,9,0.1111111111111111,0.2222222222222222,0.0,0.0,0.0,0.1111111111111111,0.0,0.0,0.0,0.1111111111111111,0.1111111111111111,0.1111111111111111,0.1111111111111111,0.0,0.1111111111111111,0.0,0.0,0.0,0.0,0.0,0.7760626077560662,0.27777777777777773,964.1874,0.33475115940034506,0.665248840599655
640,pos_694,GPGGFI,1,6,0.0,0.0,0.0,0.0,0.16666666666666666,0.5,0.0,0.16666666666666666,0.0,0.0,0.0,0.0,0.16666666666666666,0.0,0.0,0.0,0.0,0.0,0.0,0.0,-0.23989838581069733,0.75,546.6157999999999,0.7933090908173707,0.20669090918262933
641,pos_695,IAY,1,3,0.3333333333333333,0.0,0.0,0.0,0.0,0.0,0.0,0.3333333333333333,0.0,0.0,0.0,0.0,0.0,0.0,0.0,0.0,0.0,0.0,0.0,0.3333333333333333,-0.2408973868096983,1.6666666666666667,365.42400000000004,0.991310143688011,0.008689856311989042
642,pos_697,LT,1,2,0.0,0.0,0.0,0.0,0.0,0.0,0.0,0.0,0.0,0.5,0.0,0.0,0.0,0.0,0.0,0.0,0.5,0.0,0.0,0.0,-0.23989838581069733,1.5499999999999998,232.2768,0.986006270645272,0.01399372935472798
643,pos_698,VPNSYP,1,6,0.0,0.0,0.0,0.0,0.0,0.0,0.0,0.0,0.0,0.0,0.0,0.16666666666666666,0.3333333333333333,0.0,0.0,0.16666666666666666,0.0,0.16666666666666666,0.0,0.16666666666666666,-0.2670106110438486,-0.7666666666666666,675.7298,0.9613418858274105,0.038658114172589464
644,pos_699,KEFFP,1,5,0.0,0.0,0.0,0.2,0.4,0.0,0.0,0.0,0.2,0.0,0.0,0.0,0.2,0.0,0.0,0.0,0.0,0.0,0.0,0.0,-0.23808692483648786,-0.68,666.7644,0.7753250437470706,0.22467495625292944
645,pos_701,YF,1,2,0.0,0.0,0.0,0.0,0.5,0.0,0.0,0.0,0.0,0.0,0.0,0.0,0.0,0.0,0.0,0.0,0.0,0.0,0.0,0.5,-0.2408973868096983,0.7499999999999999,328.3623,0.990571804724078,0.00942819527592198
646,pos_702,YFPVGGDRPESF,1,12,0.0,0.0,0.08333333333333333,0.08333333333333333,0.16666666666666666,0.16666666666666666,0.0,0.0,0.0,0.0,0.0,0.0,0.16666666666666666,0.0,0.08333333333333333,0.08333333333333333,0.0,0.08333333333333333,0.0,0.08333333333333333,-1.2369761637966445,-0.65,1370.4644999999998,0.16898469552864429,0.8310153044713557
647,pos_704,NRYHE,1,5,0.0,0.0,0.0,0.2,0.0,0.0,0.2,0.0,0.0,0.0,0.0,0.2,0.0,0.0,0.2,0.0,0.0,0.0,0.0,0.2,-0.14568545671441235,-3.2,717.7301,0.9946588752178375,0.005341124782162532
648,pos_705,HK,1,2,0.0,0.0,0.0,0.0,0.0,0.0,0.5,0.0,0.5,0.0,0.0,0.0,0.0,0.0,0.0,0.0,0.0,0.0,0.0,0.0,0.8462768014448888,-3.55,283.32689999999997,0.9993310260356392,0.0006689739643608306
649,pos_707,VEEPPKEEKNPK,1,12,0.0,0.0,0.0,0.3333333333333333,0.0,0.0,0.0,0.0,0.25,0.0,0.0,0.08333333333333333,0.25,0.0,0.0,0.0,0.0,0.08333333333333333,0.0,0.0,-1.2577667651490092,-2.4833333333333334,1423.5674,0.5963161193339072,0.40368388066609284
650,pos_708,RWL,1,3,0.0,0.0,0.0,0.0,0.0,0.0,0.0,0.0,0.0,0.3333333333333333,0.0,0.0,0.0,0.0,0.3333333333333333,0.0,0.0,0.0,0.3333333333333333,0.0,0.7600916142893016,-0.5333333333333333,473.56850000000003,0.9356117566504051,0.06438824334959492
651,pos_709,IPIGP,1,5,0.0,0.0,0.0,0.0,0.0,0.2,0.0,0.4,0.0,0.0,0.0,0.0,0.4,0.0,0.0,0.0,0.0,0.0,0.0,0.0,-0.23989838581069733,1.0799999999999998,495.61220000000003,0.9164488046214254,0.08355119537857458
652,pos_710,NPADLPDAG,1,9,0.2222222222222222,0.0,0.2222222222222222,0.0,0.0,0.1111111111111111,0.0,0.0,0.0,0.1111111111111111,0.0,0.1111111111111111,0.2222222222222222,0.0,0.0,0.0,0.0,0.0,0.0,0.0,-2.2376568639310084,-0.7444444444444445,868.8878,0.6193177603403436,0.3806822396596564
653,pos_711,LLNDE,1,5,0.0,0.0,0.2,0.2,0.0,0.0,0.0,0.0,0.0,0.4,0.0,0.2,0.0,0.0,0.0,0.0,0.0,0.0,0.0,0.0,-2.2307298831301527,-0.5800000000000001,602.6345,0.9389680610391303,0.06103193896086967
654,pos_712,PWV,1,3,0.0,0.0,0.0,0.0,0.0,0.0,0.0,0.0,0.0,0.0,0.0,0.0,0.3333333333333333,0.0,0.0,0.0,0.0,0.3333333333333333,0.3333333333333333,0.0,-0.041471132421644796,0.5666666666666668,400.4714,0.9905456523451395,0.009454347654860529
655,pos_714,PYFNK,1,5,0.0,0.0,0.0,0.0,0.2,0.0,0.0,0.0,0.2,0.0,0.0,0.2,0.2,0.0,0.0,0.0,0.0,0.0,0.0,0.2,0.9565308655803535,-1.5,667.7524,0.9222078724387792,0.07779212756122078
656,pos_715,VIEPR,1,5,0.0,0.0,0.0,0.2,0.0,0.0,0.0,0.2,0.0,0.0,0.0,0.0,0.2,0.0,0.2,0.0,0.0,0.2,0.0,0.0,-0.2632111479716386,-0.18,612.7188,0.968057310990685,0.03194268900931496
657,pos_716,IIAPPER,1,7,0.14285714285714285,0.0,0.0,0.14285714285714285,0.0,0.0,0.0,0.2857142857142857,0.0,0.0,0.0,0.0,0.2857142857142857,0.0,0.14285714285714285,0.0,0.0,0.0,0.0,0.0,-0.23709792373748817,-0.05714285714285716,794.9385,0.8283980992898069,0.1716019007101931
658,pos_717,VAMVPPFET,1,9,0.1111111111111111,0.0,0.0,0.1111111111111111,0.1111111111111111,0.0,0.0,0.0,0.0,0.0,0.1111111111111111,0.0,0.2222222222222222,0.0,0.0,0.0,0.1111111111111111,0.2222222222222222,0.0,0.0,-1.2632011480716374,0.8333333333333334,990.1732999999999,0.761612188775206,0.23838781122479402
659,pos_718,CAGVSAIR,1,8,0.25,0.125,0.0,0.0,0.0,0.125,0.0,0.125,0.0,0.0,0.0,0.0,0.0,0.0,0.125,0.125,0.0,0.125,0.0,0.0,0.7501906241902918,1.1375,775.9168999999999,0.5458345708570495,0.45416542914295055
660,pos_719,IIAEK,1,5,0.2,0.0,0.0,0.2,0.0,0.0,0.0,0.4,0.2,0.0,0.0,0.0,0.0,0.0,0.0,0.0,0.0,0.0,0.0,0.0,-0.23808692483648786,0.68,572.6947,0.9259845092428048,0.07401549075719516
661,pos_720,YA,1,2,0.5,0.0,0.0,0.0,0.0,0.0,0.0,0.0,0.0,0.0,0.0,0.0,0.0,0.0,0.0,0.0,0.0,0.0,0.0,0.5,-0.2408973868096983,0.25,252.2664,0.9988375030114416,0.0011624969885584147
662,pos_722,KFL,1,3,0.0,0.0,0.0,0.0,0.3333333333333333,0.0,0.0,0.0,0.3333333333333333,0.3333333333333333,0.0,0.0,0.0,0.0,0.0,0.0,0.0,0.0,0.0,0.0,0.7591026131903019,0.8999999999999999,406.519,0.8264039641803292,0.17359603581967076
663,pos_723,VLYEE,1,5,0.0,0.0,0.0,0.4,0.0,0.0,0.0,0.0,0.0,0.2,0.0,0.0,0.0,0.0,0.0,0.0,0.0,0.2,0.0,0.2,-2.256152407329938,-0.06000000000000001,651.7051,0.9971999951519056,0.002800004848094395
664,pos_724,VGINYWLAHK,1,10,0.1,0.0,0.0,0.0,0.0,0.1,0.1,0.1,0.1,0.1,0.0,0.1,0.0,0.0,0.0,0.0,0.0,0.1,0.1,0.1,0.8191645762117374,0.10999999999999999,1200.388,0.6447624262397864,0.3552375737602136
665,pos_725,AMRLTYNRPCLGAT,1,14,0.14285714285714285,0.07142857142857142,0.0,0.0,0.0,0.07142857142857142,0.0,0.0,0.0,0.14285714285714285,0.07142857142857142,0.07142857142857142,0.07142857142857142,0.0,0.14285714285714285,0.0,0.14285714285714285,0.0,0.0,0.07142857142857142,1.7849545969560738,-0.11428571428571432,1566.8466999999998,0.06774532916922485,0.9322546708307752
666,pos_726,KVI,1,3,0.0,0.0,0.0,0.0,0.0,0.0,0.0,0.3333333333333333,0.3333333333333333,0.0,0.0,0.0,0.0,0.0,0.0,0.0,0.0,0.3333333333333333,0.0,0.0,0.7591026131903019,1.6000000000000003,358.4762,0.9770316042256016,0.022968395774398354
667,pos_727,SDGFQF,1,6,0.0,0.0,0.16666666666666666,0.0,0.3333333333333333,0.16666666666666666,0.0,0.0,0.0,0.0,0.0,0.0,0.0,0.16666666666666666,0.0,0.16666666666666666,0.0,0.0,0.0,0.0,-1.5387327798425563,-0.4333333333333334,699.7081,0.4296217635724054,0.5703782364275947
668,pos_728,PKLPPVKK,1,8,0.0,0.0,0.0,0.0,0.0,0.0,0.0,0.0,0.375,0.125,0.0,0.0,0.375,0.0,0.0,0.0,0.0,0.125,0.0,0.0,2.955531864581353,-1.0625,906.1664000000001,0.7705521544406737,0.2294478455593263
669,pos_729,WVAPLK,1,6,0.16666666666666666,0.0,0.0,0.0,0.0,0.0,0.0,0.0,0.16666666666666666,0.16666666666666666,0.0,0.0,0.16666666666666666,0.0,0.0,0.0,0.0,0.16666666666666666,0.16666666666666666,0.0,0.7591026131903019,0.5666666666666667,712.8792,0.8956590084932353,0.10434099150676468
670,pos_730,ISW,1,3,0.0,0.0,0.0,0.0,0.0,0.0,0.0,0.3333333333333333,0.0,0.0,0.0,0.0,0.0,0.0,0.0,0.3333333333333333,0.0,0.0,0.3333333333333333,0.0,-0.23989838581069733,0.9333333333333332,404.4601,0.835600482341332,0.164399517658668
671,pos_731,QYY,1,3,0.0,0.0,0.0,0.0,0.0,0.0,0.0,0.0,0.0,0.0,0.0,0.0,0.0,0.3333333333333333,0.0,0.0,0.0,0.0,0.0,0.6666666666666666,-0.24189638780869938,-2.033333333333333,472.4909,0.9997974761151996,0.0002025238848003541
672,pos_732,SFYPDY,1,6,0.0,0.0,0.16666666666666666,0.0,0.16666666666666666,0.0,0.0,0.0,0.0,0.0,0.0,0.0,0.16666666666666666,0.0,0.0,0.16666666666666666,0.0,0.0,0.0,0.3333333333333333,-1.5407307818405584,-0.9500000000000001,790.8154,0.8622724733386793,0.1377275266613207
673,pos_733,KVLPVPEK,1,8,0.0,0.0,0.0,0.125,0.0,0.0,0.0,0.0,0.25,0.125,0.0,0.0,0.25,0.0,0.0,0.0,0.0,0.25,0.0,0.0,0.7609140741645111,-0.2875,909.1239,0.8995141664423225,0.10048583355767748
674,pos_734,PWN,1,3,0.0,0.0,0.0,0.0,0.0,0.0,0.0,0.0,0.0,0.0,0.0,0.3333333333333333,0.3333333333333333,0.0,0.0,0.0,0.0,0.0,0.3333333333333333,0.0,-0.041471132421644796,-2.0,415.443,0.9777655596696186,0.022234440330381355
675,pos_735,GEY,1,3,0.0,0.0,0.0,0.3333333333333333,0.0,0.3333333333333333,0.0,0.0,0.0,0.0,0.0,0.0,0.0,0.0,0.0,0.0,0.0,0.0,0.0,0.3333333333333333,-1.2380869248364883,-1.7333333333333334,367.35380000000004,0.9990725361436353,0.0009274638563646631
676,pos_736,ATVY,1,4,0.25,0.0,0.0,0.0,0.0,0.0,0.0,0.0,0.0,0.0,0.0,0.0,0.0,0.0,0.0,0.0,0.25,0.25,0.0,0.25,-0.20512441314491403,1.0,452.50129999999996,0.9946269753059579,0.005373024694042106
677,pos_737,FDEQE,1,5,0.0,0.0,0.2,0.4,0.2,0.0,0.0,0.0,0.0,0.0,0.0,0.0,0.0,0.2,0.0,0.0,0.0,0.0,0.0,0.0,-3.2279194211569426,-2.2399999999999998,666.6337,0.9634411429755507,0.036558857024449276
678,pos_738,LPVPQ,1,5,0.0,0.0,0.0,0.0,0.0,0.0,0.0,0.0,0.0,0.2,0.0,0.0,0.4,0.2,0.0,0.0,0.0,0.2,0.0,0.0,-0.23989838581069733,0.25999999999999995,552.6635,0.9844772609420154,0.015522739057984625
679,pos_739,PR,1,2,0.0,0.0,0.0,0.0,0.0,0.0,0.0,0.0,0.0,0.0,0.0,0.0,0.5,0.0,0.5,0.0,0.0,0.0,0.0,0.0,0.9585188676783541,-3.05,271.3162,0.9796977446128978,0.020302255387102175
680,pos_740,DRVYIHPF,1,8,0.0,0.0,0.125,0.0,0.125,0.0,0.125,0.125,0.0,0.0,0.0,0.0,0.125,0.0,0.125,0.0,0.0,0.125,0.0,0.125,-0.15261243751526798,-0.32500000000000007,1046.1785,0.7146079888990573,0.2853920111009427
681,pos_742,YGFL,1,4,0.0,0.0,0.0,0.0,0.25,0.25,0.0,0.0,0.0,0.25,0.0,0.0,0.0,0.0,0.0,0.0,0.0,0.0,0.0,0.25,-0.2408973868096983,1.2249999999999999,498.5711999999999,0.9529232540090615,0.04707674599093847
682,pos_743,IEAEGE,1,6,0.16666666666666666,0.0,0.0,0.5,0.0,0.16666666666666666,0.0,0.16666666666666666,0.0,0.0,0.0,0.0,0.0,0.0,0.0,0.0,0.0,0.0,0.0,0.0,-3.226229720123577,-0.7666666666666666,646.6441,0.9841721842026905,0.01582781579730952
683,pos_744,SSHWSS,1,6,0.0,0.0,0.0,0.0,0.0,0.0,0.16666666666666666,0.0,0.0,0.0,0.0,0.0,0.0,0.0,0.0,0.6666666666666666,0.0,0.0,0.16666666666666666,0.0,-0.4526793525278141,-1.2166666666666668,689.6736999999999,0.6507817179571183,0.34921828204288174
684,pos_745,PH,1,2,0.0,0.0,0.0,0.0,0.0,0.0,0.5,0.0,0.0,0.0,0.0,0.0,0.5,0.0,0.0,0.0,0.0,0.0,0.0,0.0,0.04570305583294221,-2.4000000000000004,252.2698,0.9996551776326278,0.0003448223673722106
685,pos_746,IGGIGTVPVGR,1,11,0.0,0.0,0.0,0.0,0.0,0.36363636363636365,0.0,0.18181818181818182,0.0,0.0,0.0,0.0,0.09090909090909091,0.0,0.09090909090909091,0.0,0.09090909090909091,0.18181818181818182,0.0,0.0,0.7600916142893016,0.8181818181818182,1025.2024999999999,0.5750636248628507,0.4249363751371493
686,pos_747,PPMHLP,1,6,0.0,0.0,0.0,0.0,0.0,0.0,0.16666666666666666,0.0,0.0,0.16666666666666666,0.16666666666666666,0.0,0.5,0.0,0.0,0.0,0.0,0.0,0.0,0.0,0.04570305583294221,-0.38333333333333347,690.8538,0.9620728398022359,0.0379271601977641
687,pos_748,HEQKEEHEWHRKEE,1,14,0.0,0.0,0.0,0.42857142857142855,0.0,0.0,0.21428571428571427,0.0,0.14285714285714285,0.0,0.0,0.0,0.0,0.07142857142857142,0.07142857142857142,0.0,0.0,0.0,0.07142857142857142,0.0,-2.9582837713381878,-3.3785714285714286,1930.9866,0.3843566360121042,0.6156433639878958
688,pos_749,AEERYP,1,6,0.16666666666666666,0.0,0.0,0.3333333333333333,0.0,0.0,0.0,0.0,0.0,0.0,0.0,0.0,0.16666666666666666,0.0,0.16666666666666666,0.0,0.0,0.0,0.0,0.16666666666666666,-1.1995134890984949,-2.1,763.7953,0.9829966214860753,0.01700337851392475
689,pos_752,HIH,1,3,0.0,0.0,0.0,0.0,0.0,0.0,0.6666666666666666,0.3333333333333333,0.0,0.0,0.0,0.0,0.0,0.0,0.0,0.0,0.0,0.0,0.0,0.0,-0.06555000930152344,-0.6333333333333334,405.45149999999995,0.9993929663720543,0.0006070336279456745
690,pos_753,HPHL,1,4,0.0,0.0,0.0,0.0,0.0,0.0,0.5,0.0,0.0,0.25,0.0,0.0,0.25,0.0,0.0,0.0,0.0,0.0,0.0,0.0,-0.06555000930152344,-1.0500000000000003,502.5666999999999,0.9984411064773898,0.001558893522610183
691,pos_754,IYPF,1,4,0.0,0.0,0.0,0.0,0.25,0.0,0.0,0.25,0.0,0.0,0.0,0.0,0.25,0.0,0.0,0.0,0.0,0.0,0.0,0.25,-0.2408973868096983,1.0999999999999999,538.6351000000001,0.9474543375721796,0.05254566242782044
692,pos_755,LQL,1,3,0.0,0.0,0.0,0.0,0.0,0.0,0.0,0.0,0.0,0.6666666666666666,0.0,0.0,0.0,0.3333333333333333,0.0,0.0,0.0,0.0,0.0,0.0,-0.23989838581069733,1.3666666666666665,372.4597,0.9888861853244231,0.011113814675576927
693,pos_757,YWDHNNPQIR,1,10,0.0,0.0,0.1,0.0,0.0,0.0,0.1,0.1,0.0,0.0,0.0,0.2,0.1,0.1,0.1,0.0,0.0,0.0,0.1,0.1,-0.15261243751526798,-2.1,1342.418,0.4764462336246471,0.5235537663753529
694,pos_758,VPPSKLSP,1,8,0.0,0.0,0.0,0.0,0.0,0.0,0.0,0.0,0.125,0.125,0.0,0.0,0.375,0.0,0.0,0.25,0.0,0.125,0.0,0.0,0.7329893889561515,-0.28750000000000003,823.9764,0.7123756394861,0.28762436051389995
695,pos_759,TEFHLL,1,6,0.0,0.0,0.0,0.16666666666666666,0.16666666666666666,0.0,0.16666666666666666,0.0,0.0,0.3333333333333333,0.0,0.0,0.0,0.0,0.0,0.0,0.16666666666666666,0.0,0.0,0.0,-1.5118187554055749,0.49999999999999983,758.8615,0.943843864770652,0.056156135229348036
696,pos_760,YLAGKPQQEH,1,10,0.1,0.0,0.0,0.1,0.0,0.1,0.1,0.0,0.1,0.1,0.0,0.0,0.1,0.2,0.0,0.0,0.0,0.0,0.0,0.1,-0.15191173758090204,-1.53,1170.2745,0.8760126613142479,0.12398733868575207
697,pos_761,RWR,1,3,0.0,0.0,0.0,0.0,0.0,0.0,0.0,0.0,0.0,0.0,0.0,0.0,0.0,0.0,0.6666666666666666,0.0,0.0,0.0,0.3333333333333333,0.0,1.7600816143893008,-3.3000000000000003,516.5966,0.8996245354991451,0.10037546450085488
698,pos_762,HEKVC,1,5,0.0,0.2,0.0,0.2,0.0,0.0,0.2,0.0,0.2,0.0,0.0,0.0,0.0,0.0,0.0,0.0,0.0,0.2,0.0,0.0,-0.16081372668091087,-0.78,614.7148,0.9869737594448534,0.013026240555146562
699,pos_763,ACNLPRMC,1,8,0.125,0.25,0.0,0.0,0.0,0.0,0.0,0.0,0.0,0.125,0.125,0.125,0.125,0.0,0.125,0.0,0.0,0.0,0.0,0.0,0.7760626077560662,0.36249999999999993,907.1360999999999,0.37840319647241555,0.6215968035275845
700,pos_764,FAGDDAPRR,1,9,0.2222222222222222,0.0,0.2222222222222222,0.0,0.1111111111111111,0.1111111111111111,0.0,0.0,0.0,0.0,0.0,0.0,0.1111111111111111,0.0,0.2222222222222222,0.0,0.0,0.0,0.0,0.0,-0.23767686373101027,-1.2888888888888888,1004.0576000000001,0.22425395952473723,0.7757460404752627
701,pos_765,TW,1,2,0.0,0.0,0.0,0.0,0.0,0.0,0.0,0.0,0.0,0.0,0.0,0.0,0.0,0.0,0.0,0.0,0.5,0.0,0.5,0.0,-0.6018034056333719,-0.8,305.3291,0.9874480182154393,0.01255198178456074
702,pos_766,FC,1,2,0.0,0.5,0.0,0.0,0.5,0.0,0.0,0.0,0.0,0.0,0.0,0.0,0.0,0.0,0.0,0.0,0.0,0.0,0.0,0.0,-0.24979937590970713,2.65,268.332,0.4246424387786016,0.5753575612213984
703,pos_767,LWF,1,3,0.0,0.0,0.0,0.0,0.3333333333333333,0.0,0.0,0.0,0.0,0.3333333333333333,0.0,0.0,0.0,0.0,0.0,0.0,0.0,0.0,0.3333333333333333,0.0,-0.23989838581069733,1.8999999999999997,464.5566,0.8247891923059488,0.17521080769405117
704,pos_768,FMPLH,1,5,0.0,0.0,0.0,0.0,0.2,0.0,0.2,0.0,0.0,0.2,0.2,0.0,0.2,0.0,0.0,0.0,0.0,0.0,0.0,0.0,-0.15272419755611044,0.7399999999999999,643.7972,0.9202348080248384,0.07976519197516163
705,pos_769,LPENAKVDQVK,1,11,0.09090909090909091,0.0,0.09090909090909091,0.09090909090909091,0.0,0.0,0.0,0.0,0.18181818181818182,0.09090909090909091,0.0,0.09090909090909091,0.09090909090909091,0.09090909090909091,0.0,0.0,0.0,0.18181818181818182,0.0,0.0,-0.23796516489564423,-0.8545454545454546,1240.4058,0.5436062553119037,0.45639374468809635
706,pos_770,VNPESQQGSPR,1,11,0.0,0.0,0.0,0.09090909090909091,0.0,0.09090909090909091,0.0,0.0,0.0,0.0,0.0,0.09090909090909091,0.18181818181818182,0.18181818181818182,0.09090909090909091,0.18181818181818182,0.0,0.09090909090909091,0.0,0.0,-0.2632111479716386,-1.7727272727272727,1198.2432999999999,0.5373569529864376,0.4626430470135624
707,pos_771,TGIIT,1,5,0.0,0.0,0.0,0.0,0.0,0.2,0.0,0.4,0.0,0.0,0.0,0.0,0.0,0.0,0.0,0.0,0.4,0.0,0.0,0.0,-0.6018034056333719,1.44,503.5896,0.9040484139925925,0.0959515860074075
708,pos_772,RYQKF,1,5,0.0,0.0,0.0,0.0,0.2,0.0,0.0,0.0,0.2,0.0,0.0,0.0,0.0,0.2,0.2,0.0,0.0,0.0,0.0,0.2,1.7580936122913,-2.08,740.8495,0.9126196496932457,0.08738035030675428
709,pos_774,RDMPIQ,1,6,0.0,0.0,0.16666666666666666,0.0,0.0,0.0,0.0,0.16666666666666666,0.0,0.0,0.16666666666666666,0.0,0.16666666666666666,0.16666666666666666,0.16666666666666666,0.0,0.0,0.0,0.0,0.0,-0.2387876247708538,-1.1166666666666667,758.8864,0.7546843935048392,0.24531560649516082
710,pos_776,GANSLLN,1,7,0.14285714285714285,0.0,0.0,0.0,0.0,0.14285714285714285,0.0,0.0,0.0,0.2857142857142857,0.0,0.2857142857142857,0.0,0.0,0.0,0.14285714285714285,0.0,0.0,0.0,0.0,-0.23989838581069733,0.1714285714285714,687.7421999999999,0.7640926251175812,0.23590737488241875
711,pos_777,RHN,1,3,0.0,0.0,0.0,0.0,0.0,0.0,0.3333333333333333,0.0,0.0,0.0,0.0,0.3333333333333333,0.0,0.0,0.3333333333333333,0.0,0.0,0.0,0.0,0.0,0.8472658025438885,-3.733333333333333,425.44289999999995,0.9948356280479568,0.005164371952043223
712,pos_778,KFFPS,1,5,0.0,0.0,0.0,0.0,0.4,0.0,0.0,0.0,0.2,0.0,0.0,0.0,0.2,0.0,0.0,0.2,0.0,0.0,0.0,0.0,0.7591026131903019,-0.14000000000000007,624.7277,0.41947280705583173,0.5805271929441682
713,pos_780,VAPFPGVFGK,1,10,0.1,0.0,0.0,0.0,0.2,0.2,0.0,0.0,0.1,0.0,0.0,0.0,0.2,0.0,0.0,0.0,0.0,0.2,0.0,0.0,0.7329893889561515,0.79,1018.2081000000001,0.45901069214327456,0.5409893078567254
714,pos_782,HVPNA,1,5,0.2,0.0,0.0,0.0,0.0,0.0,0.2,0.0,0.0,0.0,0.0,0.2,0.2,0.0,0.0,0.0,0.0,0.2,0.0,0.0,-0.15272419755611044,-0.45999999999999996,536.5812999999999,0.9903326970424465,0.00966730295755347
715,pos_784,VPW,1,3,0.0,0.0,0.0,0.0,0.0,0.0,0.0,0.0,0.0,0.0,0.0,0.0,0.3333333333333333,0.0,0.0,0.0,0.0,0.3333333333333333,0.3333333333333333,0.0,-0.26601161004484764,0.5666666666666668,400.4714,0.9907179112901995,0.009282088709800518
716,pos_785,EELDNALN,1,8,0.125,0.0,0.125,0.25,0.0,0.0,0.0,0.0,0.0,0.25,0.0,0.25,0.0,0.0,0.0,0.0,0.0,0.0,0.0,0.0,-3.159241158388952,-1.0125,916.9290000000001,0.8442833583281297,0.15571664167187027
717,pos_787,YFPTQALNFAFK,1,12,0.16666666666666666,0.0,0.0,0.0,0.25,0.0,0.0,0.0,0.08333333333333333,0.08333333333333333,0.0,0.08333333333333333,0.08333333333333333,0.08333333333333333,0.0,0.0,0.08333333333333333,0.0,0.0,0.08333333333333333,0.758103612191301,0.10833333333333328,1446.6464999999998,0.09194548924461364,0.9080545107553863
718,pos_788,KEMPFPKYPVE,1,11,0.0,0.0,0.0,0.18181818181818182,0.09090909090909091,0.0,0.0,0.0,0.18181818181818182,0.0,0.09090909090909091,0.0,0.2727272727272727,0.0,0.0,0.0,0.0,0.09090909090909091,0.0,0.09090909090909091,-0.23203718509378968,-1.0909090909090908,1364.6075,0.4780337515791417,0.5219662484208583
719,pos_789,LAN,1,3,0.3333333333333333,0.0,0.0,0.0,0.0,0.0,0.0,0.0,0.0,0.3333333333333333,0.0,0.3333333333333333,0.0,0.0,0.0,0.0,0.0,0.0,0.0,0.0,-0.23989838581069733,0.6999999999999998,316.3534,0.9669870542138747,0.03301294578612535
720,pos_790,KGAIG,1,5,0.2,0.0,0.0,0.0,0.0,0.4,0.0,0.2,0.2,0.0,0.0,0.0,0.0,0.0,0.0,0.0,0.0,0.0,0.0,0.0,0.7591026131903019,0.32,444.52570000000003,0.8975444571330781,0.10245554286692193
721,pos_791,RWH,1,3,0.0,0.0,0.0,0.0,0.0,0.0,0.3333333333333333,0.0,0.0,0.0,0.0,0.0,0.0,0.0,0.3333333333333333,0.0,0.0,0.0,0.3333333333333333,0.0,0.8472658025438885,-2.8666666666666667,497.55019999999996,0.9932203631788814,0.006779636821118595
722,pos_792,LWE,1,3,0.0,0.0,0.0,0.3333333333333333,0.0,0.0,0.0,0.0,0.0,0.3333333333333333,0.0,0.0,0.0,0.0,0.0,0.0,0.0,0.0,0.3333333333333333,0.0,-1.231850644069997,-0.20000000000000007,446.4968,0.9919528215006364,0.00804717849936365
723,pos_793,FFAPGRNPTSFS,1,12,0.08333333333333333,0.0,0.0,0.0,0.25,0.08333333333333333,0.0,0.0,0.0,0.0,0.0,0.08333333333333333,0.16666666666666666,0.0,0.08333333333333333,0.16666666666666666,0.08333333333333333,0.0,0.0,0.0,0.7600916142893016,-0.3083333333333334,1327.4431,0.04532450301155079,0.9546754969884492
724,pos_794,CNW,1,3,0.0,0.3333333333333333,0.0,0.0,0.0,0.0,0.0,0.0,0.0,0.0,0.0,0.3333333333333333,0.0,0.0,0.0,0.0,0.0,0.0,0.3333333333333333,0.0,-0.24979937590970713,-0.6333333333333333,421.4707,0.8968989755175992,0.10310102448240077
725,pos_795,FYPEL,1,5,0.0,0.0,0.0,0.2,0.2,0.0,0.0,0.0,0.0,0.2,0.0,0.0,0.2,0.0,0.0,0.0,0.0,0.0,0.0,0.2,-1.2380869248364883,0.039999999999999904,667.7491,0.9703980479090901,0.029601952090909878
726,pos_796,AGFAGDDAPR,1,10,0.3,0.0,0.2,0.0,0.1,0.2,0.0,0.0,0.0,0.0,0.0,0.0,0.1,0.0,0.1,0.0,0.0,0.0,0.0,0.0,-1.201893890166225,-0.5700000000000001,976.0011,0.2988964227855485,0.7011035772144515
727,pos_797,THH,1,3,0.0,0.0,0.0,0.0,0.0,0.0,0.6666666666666666,0.0,0.0,0.0,0.0,0.0,0.0,0.0,0.0,0.0,0.3333333333333333,0.0,0.0,0.0,-0.4274550291241981,-2.3666666666666667,393.3978,0.999733458896334,0.0002665411036659737
728,pos_798,GPTGPAGP,1,8,0.125,0.0,0.0,0.0,0.0,0.375,0.0,0.0,0.0,0.0,0.0,0.0,0.375,0.0,0.0,0.0,0.125,0.0,0.0,0.0,-0.23989838581069733,-0.6125,652.6966,0.9016163704372763,0.09838362956272373
729,pos_799,WYT,1,3,0.0,0.0,0.0,0.0,0.0,0.0,0.0,0.0,0.0,0.0,0.0,0.0,0.0,0.0,0.0,0.0,0.3333333333333333,0.0,0.3333333333333333,0.3333333333333333,-0.2408973868096983,-0.9666666666666667,468.50230000000005,0.9958995188846164,0.004100481115383636
730,pos_800,MKW,1,3,0.0,0.0,0.0,0.0,0.0,0.0,0.0,0.0,0.3333333333333333,0.0,0.3333333333333333,0.0,0.0,0.0,0.0,0.0,0.0,0.0,0.3333333333333333,0.0,0.49935568654234397,-0.9666666666666667,463.5935,0.9354550938610094,0.06454490613899055
731,pos_801,PK,1,2,0.0,0.0,0.0,0.0,0.0,0.0,0.0,0.0,0.5,0.0,0.0,0.0,0.5,0.0,0.0,0.0,0.0,0.0,0.0,0.0,0.9575298665793545,-2.75,243.30280000000002,0.987784266455104,0.012215733544896024
732,pos_802,VAGL,1,4,0.25,0.0,0.0,0.0,0.0,0.25,0.0,0.0,0.0,0.25,0.0,0.0,0.0,0.0,0.0,0.0,0.0,0.25,0.0,0.0,-0.26601161004484764,2.35,358.43309999999997,0.9751000524771477,0.024899947522852295
733,pos_804,TQTPVVVPPFLQPE,1,14,0.0,0.0,0.0,0.07142857142857142,0.07142857142857142,0.0,0.0,0.0,0.0,0.07142857142857142,0.0,0.0,0.2857142857142857,0.14285714285714285,0.0,0.0,0.14285714285714285,0.21428571428571427,0.0,0.0,-1.5937556638926718,0.06428571428571428,1551.7806999999998,0.3265674869354535,0.6734325130645464
734,pos_805,LQGMP,1,5,0.0,0.0,0.0,0.0,0.0,0.2,0.0,0.0,0.0,0.2,0.2,0.0,0.2,0.2,0.0,0.0,0.0,0.0,0.0,0.0,-0.23989838581069733,0.039999999999999925,544.6646,0.9547144523335265,0.045285547666473525
735,pos_806,ISELGF,1,6,0.0,0.0,0.0,0.16666666666666666,0.16666666666666666,0.16666666666666666,0.0,0.16666666666666666,0.0,0.16666666666666666,0.0,0.0,0.0,0.0,0.0,0.16666666666666666,0.0,0.0,0.0,0.0,-1.2370879238374872,1.0666666666666667,664.7469,0.7365656766737622,0.26343432332623784
736,pos_807,FILR,1,4,0.0,0.0,0.0,0.0,0.25,0.0,0.0,0.25,0.0,0.25,0.0,0.0,0.0,0.0,0.25,0.0,0.0,0.0,0.0,0.0,0.7600916142893016,1.65,547.69,0.655628284384658,0.34437171561534197
737,pos_808,PWE,1,3,0.0,0.0,0.0,0.3333333333333333,0.0,0.0,0.0,0.0,0.0,0.0,0.0,0.0,0.3333333333333333,0.0,0.0,0.0,0.0,0.0,0.3333333333333333,0.0,-1.0334233906809445,-2.0,430.4544,0.9948238495315388,0.005176150468461205
738,pos_809,WDR,1,3,0.0,0.0,0.3333333333333333,0.0,0.0,0.0,0.0,0.0,0.0,0.0,0.0,0.0,0.0,0.0,0.3333333333333333,0.0,0.0,0.0,0.3333333333333333,0.0,-0.2387876247708538,-2.966666666666667,475.49830000000003,0.8553109280907103,0.1446890719092897
739,pos_810,GVRGPFPII,1,9,0.0,0.0,0.0,0.0,0.1111111111111111,0.2222222222222222,0.0,0.2222222222222222,0.0,0.0,0.0,0.0,0.2222222222222222,0.0,0.1111111111111111,0.0,0.0,0.1111111111111111,0.0,0.0,0.7600916142893016,0.8333333333333334,955.154,0.4779097272459426,0.5220902727540574
740,pos_811,KGPPGEIGR,1,9,0.0,0.0,0.0,0.1111111111111111,0.0,0.3333333333333333,0.0,0.1111111111111111,0.1111111111111111,0.0,0.0,0.0,0.2222222222222222,0.0,0.1111111111111111,0.0,0.0,0.0,0.0,0.0,0.7619030752635112,-1.3111111111111111,910.0292,0.7277193714166643,0.2722806285833357
741,pos_812,FRADHPFL,1,8,0.125,0.0,0.125,0.0,0.25,0.0,0.125,0.0,0.0,0.125,0.0,0.0,0.125,0.0,0.125,0.0,0.0,0.0,0.0,0.0,-0.1516134365162669,-0.2000000000000001,1002.126,0.3749790138805611,0.6250209861194389
742,pos_813,FVAGK,1,5,0.2,0.0,0.0,0.0,0.2,0.2,0.0,0.0,0.2,0.0,0.0,0.0,0.0,0.0,0.0,0.0,0.0,0.2,0.0,0.0,0.7591026131903019,0.9,520.6216000000001,0.8688190412419721,0.13118095875802793
743,pos_814,PVSHDHAPEY,1,10,0.1,0.0,0.1,0.1,0.0,0.0,0.2,0.0,0.0,0.0,0.0,0.0,0.2,0.0,0.0,0.1,0.0,0.1,0.0,0.1,-1.864190533998417,-1.27,1151.1851,0.8755195903592476,0.12448040964075235
744,pos_815,LLAH,1,4,0.25,0.0,0.0,0.0,0.0,0.0,0.25,0.0,0.0,0.5,0.0,0.0,0.0,0.0,0.0,0.0,0.0,0.0,0.0,0.0,-0.15272419755611044,1.5499999999999998,452.54769999999996,0.9880994687834759,0.011900531216524124
745,pos_816,MTEEY,1,5,0.0,0.0,0.0,0.4,0.0,0.0,0.0,0.0,0.0,0.0,0.2,0.0,0.0,0.0,0.0,0.0,0.2,0.0,0.0,0.2,-2.495023389511236,-1.42,671.7164,0.994279455084084,0.005720544915916004
746,pos_817,YINQMPQKSRE,1,11,0.0,0.0,0.0,0.09090909090909091,0.0,0.0,0.0,0.09090909090909091,0.09090909090909091,0.0,0.09090909090909091,0.09090909090909091,0.09090909090909091,0.18181818181818182,0.09090909090909091,0.09090909090909091,0.0,0.0,0.0,0.09090909090909091,0.7661413540320001,-1.7909090909090908,1393.5675999999999,0.3476499291387608,0.6523500708612392
747,pos_818,GLTSK,1,5,0.0,0.0,0.0,0.0,0.0,0.2,0.0,0.0,0.2,0.2,0.0,0.0,0.0,0.0,0.0,0.2,0.2,0.0,0.0,0.0,0.7591026131903019,-0.4,504.57770000000005,0.864850218256493,0.135149781743507
748,pos_819,AAAPVAVAK,1,9,0.5555555555555556,0.0,0.0,0.0,0.0,0.0,0.0,0.0,0.1111111111111111,0.0,0.0,0.0,0.1111111111111111,0.0,0.0,0.0,0.0,0.2222222222222222,0.0,0.0,0.794875586855086,1.3222222222222222,796.9543,0.8303510460923083,0.16964895390769175
749,pos_820,ANLGPA,1,6,0.3333333333333333,0.0,0.0,0.0,0.0,0.16666666666666666,0.0,0.0,0.0,0.16666666666666666,0.0,0.16666666666666666,0.16666666666666666,0.0,0.0,0.0,0.0,0.0,0.0,0.0,-0.20412541214591307,0.31666666666666665,541.5978,0.9141266352142255,0.08587336478577445
750,pos_821,HAH,1,3,0.3333333333333333,0.0,0.0,0.0,0.0,0.0,0.6666666666666666,0.0,0.0,0.0,0.0,0.0,0.0,0.0,0.0,0.0,0.0,0.0,0.0,0.0,-0.06555000930152344,-1.5333333333333334,363.37179999999995,0.9995980602142783,0.0004019397857216722
751,pos_822,LWR,1,3,0.0,0.0,0.0,0.0,0.0,0.0,0.0,0.0,0.0,0.3333333333333333,0.0,0.0,0.0,0.0,0.3333333333333333,0.0,0.0,0.0,0.3333333333333333,0.0,0.7600916142893016,-0.5333333333333333,473.56850000000003,0.9356117566504051,0.06438824334959492
752,pos_823,YPEL,1,4,0.0,0.0,0.0,0.25,0.0,0.0,0.0,0.0,0.0,0.25,0.0,0.0,0.25,0.0,0.0,0.0,0.0,0.0,0.0,0.25,-1.2380869248364883,-0.6500000000000001,520.5753000000001,0.996797399379265,0.0032026006207349633
753,pos_824,LQSGDALRVPSGTTYY,1,16,0.0625,0.0,0.0625,0.0,0.0,0.125,0.0,0.0,0.0,0.125,0.0,0.0,0.0625,0.0625,0.0625,0.125,0.125,0.0625,0.0,0.125,-0.24078562676885573,-0.36875,1727.8683,0.06498300537123614,0.9350169946287639
754,pos_825,IILHQQQ,1,7,0.0,0.0,0.0,0.0,0.0,0.0,0.14285714285714285,0.2857142857142857,0.0,0.14285714285714285,0.0,0.0,0.0,0.42857142857142855,0.0,0.0,0.0,0.0,0.0,0.0,-0.15272419755611044,-0.12857142857142861,879.015,0.951892122023471,0.048107877976529045
755,pos_826,GPAGSPGFQGLPGPAG,1,16,0.125,0.0,0.0,0.0,0.0625,0.375,0.0,0.0,0.0,0.0625,0.0,0.0,0.25,0.0625,0.0,0.0625,0.0,0.0,0.0,0.0,-0.23989838581069733,-0.18125000000000005,1366.4776,0.18135635077166412,0.8186436492283359
756,pos_827,MLLFPM,1,6,0.0,0.0,0.0,0.0,0.16666666666666666,0.0,0.0,0.0,0.0,0.3333333333333333,0.3333333333333333,0.0,0.16666666666666666,0.0,0.0,0.0,0.0,0.0,0.0,0.0,-0.4996453124586552,2.1,751.0115,0.612896723058178,0.387103276941822
757,pos_828,LDYE,1,4,0.0,0.0,0.25,0.25,0.0,0.0,0.0,0.0,0.0,0.25,0.0,0.0,0.0,0.0,0.0,0.0,0.0,0.0,0.0,0.25,-2.231728884129154,-1.125,538.5475,0.99110790223703,0.008892097762969953
758,pos_829,LDY,1,3,0.0,0.0,0.3333333333333333,0.0,0.0,0.0,0.0,0.0,0.0,0.3333333333333333,0.0,0.0,0.0,0.0,0.0,0.0,0.0,0.0,0.0,0.3333333333333333,-1.2397766258698537,-0.3333333333333334,409.43350000000004,0.9874062970967152,0.012593702903284765
759,pos_830,YLAGNQEQE,1,9,0.1111111111111111,0.0,0.0,0.2222222222222222,0.0,0.1111111111111111,0.0,0.0,0.0,0.1111111111111111,0.0,0.1111111111111111,0.0,0.2222222222222222,0.0,0.0,0.0,0.0,0.0,0.1111111111111111,-2.230039183095788,-1.511111111111111,1051.0643,0.9345652231626168,0.06543477683738319
760,pos_831,WIQP,1,4,0.0,0.0,0.0,0.0,0.0,0.0,0.0,0.25,0.0,0.0,0.0,0.0,0.25,0.25,0.0,0.0,0.0,0.0,0.25,0.0,-0.23989838581069733,-0.375,542.6272,0.9690458690855526,0.03095413091444743
761,pos_833,GKGIFG,1,6,0.0,0.0,0.0,0.0,0.16666666666666666,0.5,0.0,0.16666666666666666,0.16666666666666666,0.0,0.0,0.0,0.0,0.0,0.0,0.0,0.0,0.0,0.0,0.0,0.7591026131903019,0.36666666666666664,577.6728999999999,0.7187401133806295,0.2812598866193705
762,pos_834,VKCFR,1,5,0.0,0.2,0.0,0.0,0.2,0.0,0.0,0.0,0.2,0.0,0.0,0.0,0.0,0.0,0.2,0.0,0.0,0.2,0.0,0.0,1.7230783989571408,0.22000000000000003,651.821,0.6320763064957988,0.3679236935042012
763,pos_835,YYD,1,3,0.0,0.0,0.3333333333333333,0.0,0.0,0.0,0.0,0.0,0.0,0.0,0.0,0.0,0.0,0.0,0.0,0.0,0.0,0.0,0.0,0.6666666666666666,-1.2375947252615513,-2.033333333333333,459.4491,0.9982901727553221,0.0017098272446779417
764,pos_836,LWK,1,3,0.0,0.0,0.0,0.0,0.0,0.0,0.0,0.0,0.3333333333333333,0.3333333333333333,0.0,0.0,0.0,0.0,0.0,0.0,0.0,0.0,0.3333333333333333,0.0,0.7591026131903019,-0.3333333333333333,445.5551,0.9559309182720954,0.04406908172790458
765,pos_837,PFPEVFGKE,1,9,0.0,0.0,0.0,0.2222222222222222,0.2222222222222222,0.1111111111111111,0.0,0.0,0.1111111111111111,0.0,0.0,0.0,0.2222222222222222,0.0,0.0,0.0,0.0,0.1111111111111111,0.0,0.0,-1.031611929706735,-0.5222222222222223,1049.1759,0.6493879410807011,0.3506120589192989
766,pos_838,HEH,1,3,0.0,0.0,0.0,0.3333333333333333,0.0,0.0,0.6666666666666666,0.0,0.0,0.0,0.0,0.0,0.0,0.0,0.0,0.0,0.0,0.0,0.0,0.0,-1.0627395473283132,-3.3000000000000003,421.4079,0.9999273709457216,7.262905427840582e-05
767,pos_839,YPQ,1,3,0.0,0.0,0.0,0.0,0.0,0.0,0.0,0.0,0.0,0.0,0.0,0.0,0.3333333333333333,0.3333333333333333,0.0,0.0,0.0,0.0,0.0,0.3333333333333333,-0.2408973868096983,-2.1333333333333333,406.4329,0.9990489321321531,0.0009510678678469331
768,pos_840,GFPSG,1,5,0.0,0.0,0.0,0.0,0.2,0.4,0.0,0.0,0.0,0.0,0.0,0.0,0.2,0.0,0.0,0.2,0.0,0.0,0.0,0.0,-0.23989838581069733,-0.08000000000000007,463.4842,0.7672043416701205,0.23279565832987947
769,pos_842,PLHH,1,4,0.0,0.0,0.0,0.0,0.0,0.0,0.5,0.0,0.0,0.25,0.0,0.0,0.25,0.0,0.0,0.0,0.0,0.0,0.0,0.0,0.1328772440875291,-1.0500000000000003,502.5666999999999,0.9984153654521646,0.0015846345478354174
770,pos_843,TTTAATS,1,7,0.2857142857142857,0.0,0.0,0.0,0.0,0.0,0.0,0.0,0.0,0.0,0.0,0.0,0.0,0.0,0.0,0.14285714285714285,0.5714285714285714,0.0,0.0,0.0,-0.6018034056333719,3.172065784643304e-17,651.664,0.8429976761320837,0.15700232386791635
771,pos_844,WVWWW,1,5,0.0,0.0,0.0,0.0,0.0,0.0,0.0,0.0,0.0,0.0,0.0,0.0,0.0,0.0,0.0,0.0,0.0,0.2,0.8,0.0,-0.23989838581069733,0.12000000000000002,861.9859,0.8679153299022128,0.13208467009778724
772,pos_845,RHM,1,3,0.0,0.0,0.0,0.0,0.0,0.0,0.3333333333333333,0.0,0.0,0.0,0.3333333333333333,0.0,0.0,0.0,0.3333333333333333,0.0,0.0,0.0,0.0,0.0,0.8472658025438885,-1.9333333333333336,442.5363,0.9905857163501164,0.009414283649883615
773,pos_846,VMTVHNTPY,1,9,0.0,0.0,0.0,0.0,0.0,0.0,0.1111111111111111,0.0,0.0,0.0,0.1111111111111111,0.1111111111111111,0.1111111111111111,0.0,0.0,0.0,0.2222222222222222,0.2222222222222222,0.0,0.1111111111111111,-0.1798364227892617,-0.07777777777777778,1061.2114,0.9066563086440992,0.09334369135590082
774,pos_847,APGIIPR,1,7,0.14285714285714285,0.0,0.0,0.0,0.0,0.14285714285714285,0.0,0.2857142857142857,0.0,0.0,0.0,0.0,0.2857142857142857,0.0,0.14285714285714285,0.0,0.0,0.0,0.0,0.0,0.7958645879540859,0.3857142857142857,722.8757999999999,0.7487567444835143,0.25124325551648574
775,pos_848,CF,1,2,0.0,0.5,0.0,0.0,0.5,0.0,0.0,0.0,0.0,0.0,0.0,0.0,0.0,0.0,0.0,0.0,0.0,0.0,0.0,0.0,-0.24979937590970713,2.65,268.332,0.4246424387786016,0.5753575612213984
776,pos_850,WIR,1,3,0.0,0.0,0.0,0.0,0.0,0.0,0.0,0.3333333333333333,0.0,0.0,0.0,0.0,0.0,0.0,0.3333333333333333,0.0,0.0,0.0,0.3333333333333333,0.0,0.7600916142893016,-0.3,473.56850000000003,0.9009498561850083,0.09905014381499166
777,pos_852,RNDDLNYIQ,1,9,0.0,0.0,0.2222222222222222,0.0,0.0,0.0,0.0,0.1111111111111111,0.0,0.1111111111111111,0.0,0.2222222222222222,0.0,0.1111111111111111,0.1111111111111111,0.0,0.0,0.0,0.0,0.1111111111111111,-1.2386658648300104,-1.6666666666666667,1150.1986,0.457487389462438,0.542512610537562
778,pos_853,QRNNPY,1,6,0.0,0.0,0.0,0.0,0.0,0.0,0.0,0.0,0.0,0.0,0.0,0.3333333333333333,0.16666666666666666,0.16666666666666666,0.16666666666666666,0.0,0.0,0.0,0.0,0.16666666666666666,0.7590926132903006,-2.983333333333333,790.8238,0.955477602938872,0.04452239706112804
779,pos_854,FPFF,1,4,0.0,0.0,0.0,0.0,0.75,0.0,0.0,0.0,0.0,0.0,0.0,0.0,0.25,0.0,0.0,0.0,0.0,0.0,0.0,0.0,-0.23989838581069733,1.6999999999999997,556.6519000000001,0.3306232322398787,0.6693767677601212
780,pos_855,WVRQAPGKGL,1,10,0.1,0.0,0.0,0.0,0.0,0.2,0.0,0.0,0.1,0.1,0.0,0.0,0.1,0.1,0.1,0.0,0.0,0.1,0.1,0.0,1.759092613290301,-0.54,1111.2966999999999,0.5231251224990471,0.4768748775009529
781,pos_856,HLHP,1,4,0.0,0.0,0.0,0.0,0.0,0.0,0.5,0.0,0.0,0.25,0.0,0.0,0.25,0.0,0.0,0.0,0.0,0.0,0.0,0.0,-0.06555000930152344,-1.0500000000000003,502.5666999999999,0.9984411064773898,0.001558893522610183
782,pos_857,RHF,1,3,0.0,0.0,0.0,0.0,0.3333333333333333,0.0,0.3333333333333333,0.0,0.0,0.0,0.0,0.0,0.0,0.0,0.3333333333333333,0.0,0.0,0.0,0.0,0.0,0.8472658025438885,-1.6333333333333335,458.5141,0.9698353194727967,0.030164680527203336
783,pos_858,RYLGYLE,1,7,0.0,0.0,0.0,0.14285714285714285,0.0,0.14285714285714285,0.0,0.0,0.0,0.2857142857142857,0.0,0.0,0.0,0.0,0.14285714285714285,0.0,0.0,0.0,0.0,0.2857142857142857,-0.2338586459680001,-0.48571428571428577,913.0278999999999,0.9500665420294205,0.049933457970579465
784,pos_859,LTADILPR,1,8,0.125,0.0,0.125,0.0,0.0,0.0,0.0,0.125,0.0,0.25,0.0,0.0,0.125,0.0,0.125,0.0,0.125,0.0,0.0,0.0,-0.2387876247708538,0.44999999999999996,898.0581999999999,0.5434979127305527,0.4565020872694473
785,pos_860,TGGGNV,1,6,0.0,0.0,0.0,0.0,0.0,0.5,0.0,0.0,0.0,0.0,0.0,0.16666666666666666,0.0,0.0,0.0,0.0,0.16666666666666666,0.16666666666666666,0.0,0.0,-0.6018034056333719,-0.19999999999999996,503.5067,0.9565193466904645,0.043480653309535544
786,pos_862,LHM,1,3,0.0,0.0,0.0,0.0,0.0,0.0,0.3333333333333333,0.0,0.0,0.3333333333333333,0.3333333333333333,0.0,0.0,0.0,0.0,0.0,0.0,0.0,0.0,0.0,-0.15272419755611044,0.8333333333333331,399.5082,0.9941722423784599,0.005827757621540086
787,pos_863,LLR,1,3,0.0,0.0,0.0,0.0,0.0,0.0,0.0,0.0,0.0,0.6666666666666666,0.0,0.0,0.0,0.0,0.3333333333333333,0.0,0.0,0.0,0.0,0.0,0.7600916142893016,1.0333333333333332,400.51619999999997,0.9410350121332374,0.05896498786676263
788,pos_864,FRAL,1,4,0.25,0.0,0.0,0.0,0.25,0.0,0.0,0.0,0.0,0.25,0.0,0.0,0.0,0.0,0.25,0.0,0.0,0.0,0.0,0.0,0.7600916142893016,0.9749999999999999,505.6103,0.7343617668639495,0.2656382331360505
789,pos_865,SKVLPVPQKAVPYPQ,1,15,0.06666666666666667,0.0,0.0,0.0,0.0,0.0,0.0,0.0,0.13333333333333333,0.06666666666666667,0.0,0.0,0.26666666666666666,0.13333333333333333,0.0,0.06666666666666667,0.0,0.2,0.0,0.06666666666666667,1.4571494562205962,-0.33999999999999997,1650.9580999999998,0.18018568299541698,0.8198143170045831
790,pos_866,QYVLSRYPSYGLN,1,13,0.0,0.0,0.0,0.0,0.0,0.07692307692307693,0.0,0.0,0.0,0.15384615384615385,0.0,0.07692307692307693,0.07692307692307693,0.07692307692307693,0.07692307692307693,0.15384615384615385,0.0,0.07692307692307693,0.0,0.23076923076923078,0.7570946112922987,-0.5538461538461539,1559.7196999999999,0.23701929273363223,0.7629807072663678
791,pos_868,LLES,1,4,0.0,0.0,0.0,0.25,0.0,0.0,0.0,0.0,0.0,0.5,0.0,0.0,0.0,0.0,0.0,0.25,0.0,0.0,0.0,0.0,-1.2370879238374872,0.825,460.52180000000004,0.9601147640541229,0.03988523594587712
792,pos_869,LAC,1,3,0.3333333333333333,0.3333333333333333,0.0,0.0,0.0,0.0,0.0,0.0,0.0,0.3333333333333333,0.0,0.0,0.0,0.0,0.0,0.0,0.0,0.0,0.0,0.0,-0.24979937590970713,2.6999999999999997,305.3937,0.88298889282221,0.11701110717778995
793,pos_870,DHHQ,1,4,0.0,0.0,0.25,0.0,0.0,0.0,0.5,0.0,0.0,0.0,0.0,0.0,0.0,0.25,0.0,0.0,0.0,0.0,0.0,0.0,-1.0644292483616788,-3.35,535.5105,0.998237833091116,0.0017621669088839775
794,pos_871,EFFDVSNEQ,1,9,0.0,0.0,0.1111111111111111,0.2222222222222222,0.2222222222222222,0.0,0.0,0.0,0.0,0.0,0.0,0.1111111111111111,0.0,0.1111111111111111,0.0,0.1111111111111111,0.0,0.1111111111111111,0.0,0.0,-3.159241158388952,-0.9444444444444444,1114.1184,0.49770128666015145,0.5022987133398485
795,pos_872,RPDFDLEPPY,1,10,0.0,0.0,0.2,0.1,0.1,0.0,0.0,0.0,0.0,0.1,0.0,0.0,0.3,0.0,0.1,0.0,0.0,0.0,0.0,0.1,-2.2358554028568003,-1.45,1248.34,0.363889742380761,0.636110257619239
796,pos_873,ASPKPSSA,1,8,0.25,0.0,0.0,0.0,0.0,0.0,0.0,0.0,0.125,0.0,0.0,0.0,0.25,0.0,0.0,0.375,0.0,0.0,0.0,0.0,0.794875586855086,-0.7375,743.8057000000001,0.5492702213595032,0.4507297786404968
797,pos_874,IAYKPAG,1,7,0.2857142857142857,0.0,0.0,0.0,0.0,0.14285714285714285,0.0,0.14285714285714285,0.14285714285714285,0.0,0.0,0.0,0.14285714285714285,0.0,0.0,0.0,0.0,0.0,0.0,0.14285714285714285,0.758103612191301,0.1285714285714286,718.8407,0.8928974332212576,0.10710256677874241
798,pos_875,LHALLL,1,6,0.16666666666666666,0.0,0.0,0.0,0.0,0.0,0.16666666666666666,0.0,0.0,0.6666666666666666,0.0,0.0,0.0,0.0,0.0,0.0,0.0,0.0,0.0,0.0,-0.15272419755611044,2.3,678.8629,0.9415658143151717,0.05843418568482828
799,pos_876,EERYP,1,5,0.0,0.0,0.0,0.4,0.0,0.0,0.0,0.0,0.0,0.0,0.0,0.0,0.2,0.0,0.2,0.0,0.0,0.0,0.0,0.2,-1.1613709202277989,-2.88,692.7174,0.9938961878180325,0.006103812181967538
800,pos_877,IFVPH,1,5,0.0,0.0,0.0,0.0,0.2,0.0,0.2,0.2,0.0,0.0,0.0,0.0,0.2,0.0,0.0,0.0,0.0,0.2,0.0,0.0,-0.15272419755611044,1.3399999999999999,611.7322,0.9579436454272359,0.04205635457276413
801,pos_878,QWFH,1,4,0.0,0.0,0.0,0.0,0.25,0.0,0.25,0.0,0.0,0.0,0.0,0.0,0.0,0.25,0.0,0.0,0.0,0.0,0.25,0.0,-0.15272419755611044,-1.2000000000000002,616.6675,0.979392565494328,0.02060743450567204
802,pos_879,MHIRL,1,5,0.0,0.0,0.0,0.0,0.0,0.0,0.2,0.2,0.0,0.2,0.2,0.0,0.0,0.0,0.2,0.0,0.0,0.0,0.0,0.0,0.5875188758959308,0.4999999999999999,668.8515,0.923594014845687,0.07640598515431296
803,pos_880,KHFLA,1,5,0.2,0.0,0.0,0.0,0.2,0.0,0.2,0.0,0.2,0.2,0.0,0.0,0.0,0.0,0.0,0.0,0.0,0.0,0.0,0.0,0.8462768014448888,0.2599999999999999,614.7361999999999,0.9151509278146785,0.08484907218532145
804,pos_881,AYFYPEL,1,7,0.14285714285714285,0.0,0.0,0.14285714285714285,0.14285714285714285,0.0,0.0,0.0,0.0,0.14285714285714285,0.0,0.0,0.14285714285714285,0.0,0.0,0.0,0.0,0.0,0.0,0.2857142857142857,-1.2033129521707049,0.09999999999999994,902.0002,0.9364886496557469,0.06351135034425315
805,pos_882,LPF,1,3,0.0,0.0,0.0,0.0,0.3333333333333333,0.0,0.0,0.0,0.0,0.3333333333333333,0.0,0.0,0.3333333333333333,0.0,0.0,0.0,0.0,0.0,0.0,0.0,-0.23989838581069733,1.6666666666666667,375.4619,0.8912388508976159,0.1087611491023841
806,pos_883,LRIPVA,1,6,0.16666666666666666,0.0,0.0,0.0,0.0,0.0,0.0,0.16666666666666666,0.0,0.16666666666666666,0.0,0.0,0.16666666666666666,0.0,0.16666666666666666,0.0,0.0,0.16666666666666666,0.0,0.0,0.7600916142893016,1.3666666666666665,667.8403,0.869709523153606,0.13029047684639405
807,pos_884,LWT,1,3,0.0,0.0,0.0,0.0,0.0,0.0,0.0,0.0,0.0,0.3333333333333333,0.0,0.0,0.0,0.0,0.0,0.0,0.3333333333333333,0.0,0.3333333333333333,0.0,-0.23989838581069733,0.7333333333333333,418.4867,0.970243865520277,0.02975613447972303
808,pos_885,KLL,1,3,0.0,0.0,0.0,0.0,0.0,0.0,0.0,0.0,0.3333333333333333,0.6666666666666666,0.0,0.0,0.0,0.0,0.0,0.0,0.0,0.0,0.0,0.0,0.7591026131903019,1.2333333333333332,372.50280000000004,0.9597164303512101,0.040283569648789874
809,pos_886,GVSKVKEAMAPKH,1,13,0.15384615384615385,0.0,0.0,0.07692307692307693,0.0,0.07692307692307693,0.07692307692307693,0.0,0.23076923076923078,0.0,0.07692307692307693,0.0,0.07692307692307693,0.0,0.0,0.07692307692307693,0.0,0.15384615384615385,0.0,0.0,1.8470892614200976,-0.5615384615384615,1381.6431,0.31148816159276477,0.6885118384072353
810,pos_887,WPRGYFL,1,7,0.0,0.0,0.0,0.0,0.14285714285714285,0.14285714285714285,0.0,0.0,0.0,0.14285714285714285,0.0,0.0,0.14285714285714285,0.0,0.14285714285714285,0.0,0.0,0.0,0.14285714285714285,0.14285714285714285,0.7590926132903006,-0.3000000000000001,938.082,0.6703071388149157,0.32969286118508434
811,pos_888,PSYV,1,4,0.0,0.0,0.0,0.0,0.0,0.0,0.0,0.0,0.0,0.0,0.0,0.0,0.25,0.0,0.0,0.25,0.0,0.25,0.0,0.25,-0.04247013342064576,0.125,464.512,0.989377403906938,0.010622596093062042
812,pos_889,LAGNPHQQQQN,1,11,0.09090909090909091,0.0,0.0,0.0,0.0,0.09090909090909091,0.09090909090909091,0.0,0.0,0.09090909090909091,0.0,0.18181818181818182,0.09090909090909091,0.36363636363636365,0.0,0.0,0.0,0.0,0.0,0.0,-0.15272419755611044,-1.8727272727272728,1234.2785999999999,0.7634328756534238,0.23656712434657623
813,pos_892,PYSFK,1,5,0.0,0.0,0.0,0.0,0.2,0.0,0.0,0.0,0.2,0.0,0.0,0.0,0.2,0.0,0.0,0.2,0.0,0.0,0.0,0.2,0.9565308655803535,-0.9600000000000002,640.7271000000001,0.8570506028499362,0.14294939715006383
814,pos_893,VTAGLVGGGAGK,1,12,0.16666666666666666,0.0,0.0,0.0,0.0,0.4166666666666667,0.0,0.0,0.08333333333333333,0.08333333333333333,0.0,0.0,0.0,0.0,0.0,0.0,0.08333333333333333,0.16666666666666666,0.0,0.0,0.7329893889561515,0.7666666666666667,986.1234,0.6556327888313846,0.34436721116861535
815,pos_894,RHPHPHLSFM,1,10,0.0,0.0,0.0,0.0,0.1,0.0,0.3,0.0,0.0,0.1,0.1,0.0,0.2,0.0,0.1,0.1,0.0,0.0,0.0,0.0,1.0216141790530626,-0.9600000000000002,1258.454,0.5362704476037926,0.4637295523962074
816,pos_895,AMRLTGNRPCIGAT,1,14,0.14285714285714285,0.07142857142857142,0.0,0.0,0.0,0.14285714285714285,0.0,0.07142857142857142,0.0,0.07142857142857142,0.07142857142857142,0.07142857142857142,0.07142857142857142,0.0,0.14285714285714285,0.0,0.14285714285714285,0.0,0.0,0.0,1.785953597955075,-1.586032892321652e-17,1460.7248,0.0669683768439299,0.9330316231560701
817,pos_897,GSPGADGPIGAPG,1,13,0.15384615384615385,0.0,0.07692307692307693,0.0,0.0,0.38461538461538464,0.0,0.07692307692307693,0.0,0.0,0.0,0.0,0.23076923076923078,0.0,0.0,0.07692307692307693,0.0,0.0,0.0,0.0,-1.2387776248708526,-0.2307692307692308,1052.0955,0.4133546567661131,0.586645343233887
818,pos_898,CW,1,2,0.0,0.5,0.0,0.0,0.0,0.0,0.0,0.0,0.0,0.0,0.0,0.0,0.0,0.0,0.0,0.0,0.0,0.0,0.5,0.0,-0.24979937590970713,0.8,307.36809999999997,0.8898461476203257,0.11015385237967434
819,pos_899,HYY,1,3,0.0,0.0,0.0,0.0,0.0,0.0,0.3333333333333333,0.0,0.0,0.0,0.0,0.0,0.0,0.0,0.0,0.0,0.0,0.0,0.0,0.6666666666666666,-0.15472219955411248,-1.9333333333333336,481.50100000000003,0.9999309123633165,6.908763668345141e-05
820,pos_900,HQIYPV,1,6,0.0,0.0,0.0,0.0,0.0,0.0,0.16666666666666666,0.16666666666666666,0.0,0.0,0.0,0.0,0.16666666666666666,0.16666666666666666,0.0,0.0,0.0,0.16666666666666666,0.0,0.16666666666666666,-0.1537231985551114,-0.15000000000000002,755.8607999999999,0.9911330970544282,0.008866902945571797
821,pos_901,NVPGEIVE,1,8,0.0,0.0,0.0,0.25,0.0,0.125,0.0,0.125,0.0,0.0,0.0,0.125,0.125,0.0,0.0,0.0,0.0,0.25,0.0,0.0,-2.229040182096787,0.05000000000000003,855.932,0.9513668159205055,0.04863318407949446
822,pos_902,GEPGPPGPPGPPGPPG,1,16,0.0,0.0,0.0,0.0625,0.0,0.375,0.0,0.0,0.0,0.0,0.0,0.0,0.5625,0.0,0.0,0.0,0.0,0.0,0.0,0.0,-1.2370879238374872,-1.26875,1363.4739,0.4031754778197237,0.5968245221802764
823,pos_904,PAW,1,3,0.3333333333333333,0.0,0.0,0.0,0.0,0.0,0.0,0.0,0.0,0.0,0.0,0.0,0.3333333333333333,0.0,0.0,0.0,0.0,0.0,0.3333333333333333,0.0,-0.041471132421644796,-0.23333333333333336,372.4183,0.9720141235845248,0.02798587641547523
824,pos_905,YVM,1,3,0.0,0.0,0.0,0.0,0.0,0.0,0.0,0.0,0.0,0.0,0.3333333333333333,0.0,0.0,0.0,0.0,0.0,0.0,0.3333333333333333,0.0,0.3333333333333333,-0.2408973868096983,1.5999999999999999,411.51550000000003,0.9972260368724735,0.0027739631275265353
825,pos_906,QCL,1,3,0.0,0.3333333333333333,0.0,0.0,0.0,0.0,0.0,0.0,0.0,0.3333333333333333,0.0,0.0,0.0,0.3333333333333333,0.0,0.0,0.0,0.0,0.0,0.0,-0.24979937590970713,0.9333333333333332,362.445,0.9648431753390044,0.03515682466099557
826,pos_907,LLPH,1,4,0.0,0.0,0.0,0.0,0.0,0.0,0.25,0.0,0.0,0.5,0.0,0.0,0.25,0.0,0.0,0.0,0.0,0.0,0.0,0.0,-0.15272419755611044,0.6999999999999998,478.585,0.9915676662305866,0.008432333769413436
827,pos_908,GGWFL,1,5,0.0,0.0,0.0,0.0,0.2,0.4,0.0,0.0,0.0,0.2,0.0,0.0,0.0,0.0,0.0,0.0,0.0,0.0,0.2,0.0,-0.23989838581069733,0.9799999999999999,578.6591999999999,0.7721443635817943,0.22785563641820572
828,pos_910,LPWRPATNVF,1,10,0.1,0.0,0.0,0.0,0.1,0.0,0.0,0.0,0.0,0.1,0.0,0.1,0.2,0.0,0.1,0.0,0.1,0.1,0.1,0.0,0.7600916142893016,-0.020000000000000028,1200.3881,0.30888036437076166,0.6911196356292384
829,pos_911,PKYPVEPF,1,8,0.0,0.0,0.0,0.125,0.125,0.0,0.0,0.0,0.125,0.0,0.0,0.0,0.375,0.0,0.0,0.0,0.0,0.125,0.0,0.125,-0.040658672446436395,-0.8125,976.1252,0.8736429758056056,0.12635702419439443
830,pos_912,NWEKIR,1,6,0.0,0.0,0.0,0.16666666666666666,0.0,0.0,0.0,0.16666666666666666,0.16666666666666666,0.0,0.0,0.16666666666666666,0.0,0.0,0.16666666666666666,0.0,0.0,0.0,0.16666666666666666,0.0,0.7619030752635112,-1.9666666666666668,844.9574,0.8124182193914458,0.18758178060855424
831,pos_913,GYLEQ,1,5,0.0,0.0,0.0,0.2,0.0,0.2,0.0,0.0,0.0,0.2,0.0,0.0,0.0,0.2,0.0,0.0,0.0,0.0,0.0,0.2,-1.2380869248364883,-0.9800000000000001,608.6406000000001,0.9939591843469272,0.006040815653072795
832,pos_914,LAQGTFLQPHQ,1,11,0.09090909090909091,0.0,0.0,0.0,0.09090909090909091,0.09090909090909091,0.09090909090909091,0.0,0.0,0.18181818181818182,0.0,0.0,0.09090909090909091,0.2727272727272727,0.0,0.0,0.09090909090909091,0.0,0.0,0.0,-0.15272419755611044,-0.3818181818181819,1239.3795,0.5899063489055696,0.4100936510944304
833,pos_915,YGL,1,3,0.0,0.0,0.0,0.0,0.0,0.3333333333333333,0.0,0.0,0.0,0.3333333333333333,0.0,0.0,0.0,0.0,0.0,0.0,0.0,0.0,0.0,0.3333333333333333,-0.2408973868096983,0.6999999999999998,351.3974,0.9951640079392992,0.004835992060700844
834,pos_916,KDVPP,1,5,0.0,0.0,0.2,0.0,0.0,0.0,0.0,0.0,0.2,0.0,0.0,0.0,0.4,0.0,0.0,0.0,0.0,0.2,0.0,0.0,-0.2397766258698535,-1.28,554.6364,0.9434690334459472,0.056530966554052764
835,pos_917,YEGS,1,4,0.0,0.0,0.0,0.25,0.0,0.25,0.0,0.0,0.0,0.0,0.0,0.0,0.0,0.0,0.0,0.25,0.0,0.0,0.0,0.25,-1.2380869248364883,-1.5,454.43109999999996,0.9913838049980453,0.008616195001954652
836,pos_919,YYS,1,3,0.0,0.0,0.0,0.0,0.0,0.0,0.0,0.0,0.0,0.0,0.0,0.0,0.0,0.0,0.0,0.3333333333333333,0.0,0.0,0.0,0.6666666666666666,-0.24189638780869938,-1.1333333333333335,431.439,0.9979829980714496,0.002017001928550366
837,pos_920,SALAM,1,5,0.4,0.0,0.0,0.0,0.0,0.0,0.0,0.0,0.0,0.2,0.2,0.0,0.0,0.0,0.0,0.2,0.0,0.0,0.0,0.0,-0.539853540782401,1.7,491.602,0.8082366195967682,0.19176338040323182
838,pos_922,LHA,1,3,0.3333333333333333,0.0,0.0,0.0,0.0,0.0,0.3333333333333333,0.0,0.0,0.3333333333333333,0.0,0.0,0.0,0.0,0.0,0.0,0.0,0.0,0.0,0.0,-0.15272419755611044,0.7999999999999998,339.3901,0.9959623506019614,0.004037649398038634
839,pos_923,YQGPIVLNPWDQVK,1,14,0.0,0.0,0.07142857142857142,0.0,0.0,0.07142857142857142,0.0,0.07142857142857142,0.07142857142857142,0.07142857142857142,0.0,0.07142857142857142,0.14285714285714285,0.14285714285714285,0.0,0.0,0.0,0.14285714285714285,0.07142857142857142,0.07142857142857142,-0.24077562686885456,-0.5,1656.878,0.1497827812852422,0.8502172187147579
840,pos_924,YIY,1,3,0.0,0.0,0.0,0.0,0.0,0.0,0.0,0.3333333333333333,0.0,0.0,0.0,0.0,0.0,0.0,0.0,0.0,0.0,0.0,0.0,0.6666666666666666,-0.24189638780869938,0.6333333333333333,457.5193,0.9988884193049741,0.0011115806950259266
841,pos_925,LTEIIP,1,6,0.0,0.0,0.0,0.16666666666666666,0.0,0.0,0.0,0.3333333333333333,0.0,0.16666666666666666,0.0,0.0,0.16666666666666666,0.0,0.0,0.0,0.16666666666666666,0.0,0.0,0.0,-1.2370879238374872,1.1666666666666667,684.8212,0.9191642003796678,0.08083579962033216
842,pos_926,VEEPPKEE,1,8,0.0,0.0,0.0,0.5,0.0,0.0,0.0,0.0,0.125,0.0,0.0,0.0,0.25,0.0,0.0,0.0,0.0,0.125,0.0,0.0,-3.2505314833835173,-2.1125,956.0050000000001,0.9764003725531208,0.023599627446879157
843,pos_927,AMRLTGNRPCLYAT,1,14,0.14285714285714285,0.07142857142857142,0.0,0.0,0.0,0.07142857142857142,0.0,0.0,0.0,0.14285714285714285,0.07142857142857142,0.07142857142857142,0.07142857142857142,0.0,0.14285714285714285,0.0,0.14285714285714285,0.0,0.0,0.07142857142857142,1.7849545969560738,-0.11428571428571432,1566.8466999999998,0.06774532916922485,0.9322546708307752
844,pos_928,LLCVAV,1,6,0.16666666666666666,0.16666666666666666,0.0,0.0,0.0,0.0,0.0,0.0,0.0,0.3333333333333333,0.0,0.0,0.0,0.0,0.0,0.0,0.0,0.3333333333333333,0.0,0.0,-0.24979937590970713,3.3833333333333333,616.8132999999999,0.9068660876811998,0.0931339123188002
845,pos_929,TVYQ,1,4,0.0,0.0,0.0,0.0,0.0,0.0,0.0,0.0,0.0,0.0,0.0,0.0,0.0,0.25,0.0,0.0,0.25,0.25,0.0,0.25,-0.602802406632373,-0.32499999999999996,509.55260000000004,0.9978409194744523,0.0021590805255476964
846,pos_930,KHH,1,3,0.0,0.0,0.0,0.0,0.0,0.0,0.6666666666666666,0.0,0.3333333333333333,0.0,0.0,0.0,0.0,0.0,0.0,0.0,0.0,0.0,0.0,0.0,0.9334509896994757,-3.4333333333333336,420.4662,0.9995872324620685,0.0004127675379315132
847,pos_931,VHHANEN,1,7,0.14285714285714285,0.0,0.0,0.14285714285714285,0.0,0.0,0.2857142857142857,0.0,0.0,0.0,0.0,0.2857142857142857,0.0,0.0,0.0,0.0,0.0,0.14285714285714285,0.0,0.0,-1.0888527715624634,-1.5571428571428572,819.8219999999999,0.9869711154735724,0.013028884526427587
848,pos_932,HQPPQPLPPTVMFPPQSVL,1,19,0.0,0.0,0.0,0.0,0.05263157894736842,0.0,0.05263157894736842,0.0,0.0,0.10526315789473684,0.05263157894736842,0.0,0.3684210526315789,0.15789473684210525,0.0,0.05263157894736842,0.05263157894736842,0.10526315789473684,0.0,0.0,-0.15272419755611044,-0.30000000000000004,2110.4768,0.01946661422738381,0.9805333857726162
849,pos_933,NGPLLPSDEMDRA,1,13,0.07692307692307693,0.0,0.15384615384615385,0.07692307692307693,0.0,0.07692307692307693,0.0,0.0,0.0,0.15384615384615385,0.07692307692307693,0.07692307692307693,0.15384615384615385,0.0,0.07692307692307693,0.07692307692307693,0.0,0.0,0.0,0.0,-2.234856401857799,-0.8923076923076925,1414.5404999999998,0.11790669597053616,0.8820933040294638
850,pos_934,FYQL,1,4,0.0,0.0,0.0,0.0,0.25,0.0,0.0,0.0,0.0,0.25,0.0,0.0,0.0,0.25,0.0,0.0,0.0,0.0,0.0,0.25,-0.2408973868096983,0.4499999999999999,569.6491,0.9776314652191269,0.022368534780873084
851,pos_935,GNPIPREPGQVPAY,1,14,0.07142857142857142,0.0,0.0,0.07142857142857142,0.0,0.14285714285714285,0.0,0.07142857142857142,0.0,0.0,0.0,0.07142857142857142,0.2857142857142857,0.07142857142857142,0.07142857142857142,0.0,0.0,0.07142857142857142,0.0,0.07142857142857142,-0.23809692473648925,-0.9285714285714286,1494.6499,0.31568128280424895,0.684318717195751
852,pos_936,TPCPPQ,1,6,0.0,0.16666666666666666,0.0,0.0,0.0,0.0,0.0,0.0,0.0,0.0,0.0,0.0,0.5,0.16666666666666666,0.0,0.0,0.16666666666666666,0.0,0.0,0.0,-0.6117043957323818,-1.0833333333333333,641.7369,0.9359109006120622,0.06408909938793783
853,pos_937,TF,1,2,0.0,0.0,0.0,0.0,0.5,0.0,0.0,0.0,0.0,0.0,0.0,0.0,0.0,0.0,0.0,0.0,0.5,0.0,0.0,0.0,-0.6018034056333719,1.0499999999999998,266.293,0.8778612179651761,0.12213878203482387
854,pos_938,WYGPD,1,5,0.0,0.0,0.2,0.0,0.0,0.2,0.0,0.0,0.0,0.0,0.0,0.0,0.2,0.0,0.0,0.0,0.0,0.0,0.2,0.2,-1.2365957242625507,-1.54,636.6523,0.9517242294904443,0.04827577050955567
855,pos_939,WYSLAMAASDI,1,11,0.2727272727272727,0.0,0.09090909090909091,0.0,0.0,0.0,0.0,0.09090909090909091,0.0,0.09090909090909091,0.09090909090909091,0.0,0.0,0.0,0.0,0.18181818181818182,0.0,0.0,0.09090909090909091,0.09090909090909091,-1.2397766258698537,0.7545454545454544,1227.3853,0.1779395827121703,0.8220604172878296
856,pos_940,LVSK,1,4,0.0,0.0,0.0,0.0,0.0,0.0,0.0,0.0,0.25,0.25,0.0,0.0,0.0,0.0,0.0,0.25,0.0,0.25,0.0,0.0,0.7591026131903019,0.825,445.5535,0.9337111026639627,0.06628889733603727
857,pos_941,ICNIMC,1,6,0.0,0.3333333333333333,0.0,0.0,0.0,0.0,0.0,0.3333333333333333,0.0,0.0,0.16666666666666666,0.16666666666666666,0.0,0.0,0.0,0.0,0.0,0.0,0.0,0.0,-0.25970036600871704,2.066666666666667,695.9149,0.45959863476726537,0.5404013652327346
858,pos_942,ETW,1,3,0.0,0.0,0.0,0.3333333333333333,0.0,0.0,0.0,0.0,0.0,0.0,0.0,0.0,0.0,0.0,0.0,0.0,0.3333333333333333,0.0,0.3333333333333333,0.0,-1.1631723813020067,-1.7,434.4431,0.9941398888821449,0.005860111117855116
859,pos_943,LHS,1,3,0.0,0.0,0.0,0.0,0.0,0.0,0.3333333333333333,0.0,0.0,0.3333333333333333,0.0,0.0,0.0,0.0,0.0,0.3333333333333333,0.0,0.0,0.0,0.0,-0.15272419755611044,-0.0666666666666668,355.3895,0.9890002677007342,0.010999732299265763
860,pos_944,GSIFVPH,1,7,0.0,0.0,0.0,0.0,0.14285714285714285,0.14285714285714285,0.14285714285714285,0.14285714285714285,0.0,0.0,0.0,0.0,0.14285714285714285,0.0,0.0,0.14285714285714285,0.0,0.14285714285714285,0.0,0.0,-0.15272419755611044,0.7857142857142857,755.8607999999999,0.8251160045782678,0.17488399542173216
861,pos_945,MRWRD,1,5,0.0,0.0,0.2,0.0,0.0,0.0,0.0,0.0,0.0,0.0,0.2,0.0,0.0,0.0,0.4,0.0,0.0,0.0,0.2,0.0,0.5046363502884907,-2.3,762.88,0.5685889659630655,0.4314110340369345
862,pos_946,PQIPEQF,1,7,0.0,0.0,0.0,0.14285714285714285,0.14285714285714285,0.0,0.0,0.14285714285714285,0.0,0.0,0.0,0.0,0.2857142857142857,0.2857142857142857,0.0,0.0,0.0,0.0,0.0,0.0,-1.0386606704484347,-0.9142857142857144,857.9495,0.8991444004493303,0.1008555995506697
863,pos_947,PAGSAAGAAP,1,10,0.5,0.0,0.0,0.0,0.0,0.2,0.0,0.0,0.0,0.0,0.0,0.0,0.2,0.0,0.0,0.1,0.0,0.0,0.0,0.0,-0.041471132421644796,0.42000000000000004,768.8151,0.7122209812749571,0.28777901872504286
864,pos_948,RYQ,1,3,0.0,0.0,0.0,0.0,0.0,0.0,0.0,0.0,0.0,0.0,0.0,0.0,0.0,0.3333333333333333,0.3333333333333333,0.0,0.0,0.0,0.0,0.3333333333333333,0.7590926132903006,-3.1,465.5034,0.9975597472337717,0.002440252766228279
865,pos_949,WK,1,2,0.0,0.0,0.0,0.0,0.0,0.0,0.0,0.0,0.5,0.0,0.0,0.0,0.0,0.0,0.0,0.0,0.0,0.0,0.5,0.0,0.7591026131903019,-2.4,332.3975,0.9791044631126083,0.020895536887391652
866,pos_950,DVFNPR,1,6,0.0,0.0,0.16666666666666666,0.0,0.16666666666666666,0.0,0.0,0.0,0.0,0.0,0.0,0.16666666666666666,0.16666666666666666,0.0,0.16666666666666666,0.0,0.0,0.16666666666666666,0.0,0.0,-0.2387876247708538,-1.0166666666666666,746.8109999999999,0.6895875241108932,0.3104124758891068
867,pos_951,FSGGE,1,5,0.0,0.0,0.0,0.2,0.2,0.4,0.0,0.0,0.0,0.0,0.0,0.0,0.0,0.0,0.0,0.2,0.0,0.0,0.0,0.0,-1.231850644069997,-0.4600000000000001,495.48300000000006,0.8658285841886914,0.13417141581130865
868,pos_952,GVPLT,1,5,0.0,0.0,0.0,0.0,0.0,0.2,0.0,0.0,0.0,0.2,0.0,0.0,0.2,0.0,0.0,0.0,0.2,0.2,0.0,0.0,-0.23989838581069733,1.06,485.5743,0.9715030149506382,0.028496985049361823
869,pos_953,DGDPLLDQ,1,8,0.0,0.0,0.375,0.0,0.0,0.125,0.0,0.0,0.0,0.25,0.0,0.0,0.125,0.125,0.0,0.0,0.0,0.0,0.0,0.0,-3.2365361029911637,-1.05,871.8884,0.6218546207230218,0.3781453792769782
870,pos_954,LVP,1,3,0.0,0.0,0.0,0.0,0.0,0.0,0.0,0.0,0.0,0.3333333333333333,0.0,0.0,0.3333333333333333,0.0,0.0,0.0,0.0,0.3333333333333333,0.0,0.0,-0.23989838581069733,2.1333333333333333,327.4191,0.9915235546089727,0.00847644539102732
871,pos_955,YHY,1,3,0.0,0.0,0.0,0.0,0.0,0.0,0.3333333333333333,0.0,0.0,0.0,0.0,0.0,0.0,0.0,0.0,0.0,0.0,0.0,0.0,0.6666666666666666,-0.15472219955411248,-1.9333333333333336,481.50100000000003,0.9999309123633165,6.908763668345141e-05
872,pos_956,FDRR,1,4,0.0,0.0,0.25,0.0,0.25,0.0,0.0,0.0,0.0,0.0,0.0,0.0,0.0,0.0,0.5,0.0,0.0,0.0,0.0,0.0,0.7612023753291453,-2.425,592.6479,0.47259051985826206,0.5274094801417379
873,pos_959,SEALGVSSQVARQ,1,13,0.15384615384615385,0.0,0.0,0.07692307692307693,0.0,0.07692307692307693,0.0,0.0,0.0,0.07692307692307693,0.0,0.0,0.0,0.15384615384615385,0.07692307692307693,0.23076923076923078,0.0,0.15384615384615385,0.0,0.0,-0.5370530787091918,-0.15384615384615385,1331.432,0.28502651948626917,0.7149734805137309
874,pos_960,RGWYE,1,5,0.0,0.0,0.0,0.2,0.0,0.2,0.0,0.0,0.0,0.0,0.0,0.0,0.0,0.0,0.2,0.0,0.0,0.0,0.2,0.2,-0.23285964496899925,-2.12,709.7494,0.9767463896540244,0.023253610345975617
875,pos_961,WIRGCRL,1,7,0.0,0.14285714285714285,0.0,0.0,0.0,0.14285714285714285,0.0,0.14285714285714285,0.0,0.14285714285714285,0.0,0.0,0.0,0.0,0.2857142857142857,0.0,0.0,0.0,0.14285714285714285,0.0,1.7501806242902909,0.0714285714285714,903.1059999999999,0.3784500233427975,0.6215499766572026
876,pos_962,RGY,1,3,0.0,0.0,0.0,0.0,0.0,0.3333333333333333,0.0,0.0,0.0,0.0,0.0,0.0,0.0,0.0,0.3333333333333333,0.0,0.0,0.0,0.0,0.3333333333333333,0.7590926132903006,-2.066666666666667,394.4255,0.9921830364574146,0.007816963542585431
877,pos_963,FVAPAGTINY,1,10,0.2,0.0,0.0,0.0,0.1,0.1,0.0,0.1,0.0,0.0,0.0,0.1,0.1,0.0,0.0,0.0,0.1,0.1,0.0,0.1,-0.2408973868096983,0.76,1052.1797,0.593810350098776,0.40618964990122397
878,pos_964,HHW,1,3,0.0,0.0,0.0,0.0,0.0,0.0,0.6666666666666666,0.0,0.0,0.0,0.0,0.0,0.0,0.0,0.0,0.0,0.0,0.0,0.3333333333333333,0.0,-0.06555000930152344,-2.4333333333333336,478.5038,0.9995825792523669,0.00041742074763306825
879,pos_965,HLH,1,3,0.0,0.0,0.0,0.0,0.0,0.0,0.6666666666666666,0.0,0.0,0.3333333333333333,0.0,0.0,0.0,0.0,0.0,0.0,0.0,0.0,0.0,0.0,-0.06555000930152344,-0.8666666666666668,405.45149999999995,0.999619926331466,0.0003800736685339867
880,pos_966,YVNDAATLLPR,1,11,0.18181818181818182,0.0,0.09090909090909091,0.0,0.0,0.0,0.0,0.0,0.0,0.18181818181818182,0.0,0.09090909090909091,0.09090909090909091,0.0,0.09090909090909091,0.0,0.09090909090909091,0.09090909090909091,0.0,0.09090909090909091,-0.23978662576985488,0.027272727272727258,1232.3853,0.4183300021929126,0.5816699978070874
881,pos_967,RWW,1,3,0.0,0.0,0.0,0.0,0.0,0.0,0.0,0.0,0.0,0.0,0.0,0.0,0.0,0.0,0.3333333333333333,0.0,0.0,0.0,0.6666666666666666,0.0,0.7600916142893016,-2.1,546.6207999999999,0.9297269502891562,0.0702730497108438
882,pos_968,YDYD,1,4,0.0,0.0,0.5,0.0,0.0,0.0,0.0,0.0,0.0,0.0,0.0,0.0,0.0,0.0,0.0,0.0,0.0,0.0,0.0,0.5,-2.236473964321707,-2.4,574.5365,0.9859289534924314,0.01407104650756863
883,pos_969,DLGSTGGRGPSAGM,1,14,0.07142857142857142,0.0,0.07142857142857142,0.0,0.0,0.35714285714285715,0.0,0.0,0.0,0.07142857142857142,0.07142857142857142,0.0,0.07142857142857142,0.0,0.07142857142857142,0.14285714285714285,0.07142857142857142,0.0,0.0,0.0,-0.2387876247708538,-0.4571428571428572,1262.3500999999999,0.1410395785603199,0.8589604214396801
884,pos_970,AMRLTYNKPCLYGT,1,14,0.07142857142857142,0.07142857142857142,0.0,0.0,0.0,0.07142857142857142,0.0,0.0,0.07142857142857142,0.14285714285714285,0.07142857142857142,0.07142857142857142,0.07142857142857142,0.0,0.07142857142857142,0.0,0.14285714285714285,0.0,0.0,0.14285714285714285,1.7829665948580733,-0.29285714285714287,1630.9286,0.0833161431954114,0.9166838568045886
885,pos_971,QGPPGPAGPA,1,10,0.2,0.0,0.0,0.0,0.0,0.3,0.0,0.0,0.0,0.0,0.0,0.0,0.4,0.1,0.0,0.0,0.0,0.0,0.0,0.0,-0.23989838581069733,-0.75,847.915,0.8353674239282377,0.1646325760717623
886,pos_973,NALEPDHRVESEGG,1,14,0.07142857142857142,0.0,0.07142857142857142,0.21428571428571427,0.0,0.14285714285714285,0.07142857142857142,0.0,0.0,0.07142857142857142,0.0,0.07142857142857142,0.07142857142857142,0.0,0.07142857142857142,0.07142857142857142,0.0,0.07142857142857142,0.0,0.0,-3.1431820505966357,-1.3285714285714287,1509.5339,0.318041597942127,0.6819584020578731
887,pos_974,DFYNPKA,1,7,0.14285714285714285,0.0,0.14285714285714285,0.0,0.14285714285714285,0.0,0.0,0.0,0.14285714285714285,0.0,0.0,0.14285714285714285,0.14285714285714285,0.0,0.0,0.0,0.0,0.0,0.0,0.14285714285714285,-0.24077562686885456,-1.3142857142857143,853.9177,0.7107869583849783,0.2892130416150217
888,pos_975,HLLPK,1,5,0.0,0.0,0.0,0.0,0.0,0.0,0.2,0.0,0.2,0.4,0.0,0.0,0.2,0.0,0.0,0.0,0.0,0.0,0.0,0.0,0.8462768014448888,-0.2200000000000001,606.7573,0.975244272257294,0.024755727742705957
889,pos_976,WG,1,2,0.0,0.0,0.0,0.0,0.0,0.5,0.0,0.0,0.0,0.0,0.0,0.0,0.0,0.0,0.0,0.0,0.0,0.0,0.5,0.0,-0.23989838581069733,-0.65,261.27649999999994,0.9783925383188596,0.02160746168114036
890,pos_977,EVR,1,3,0.0,0.0,0.0,0.3333333333333333,0.0,0.0,0.0,0.0,0.0,0.0,0.0,0.0,0.0,0.0,0.3333333333333333,0.0,0.0,0.3333333333333333,0.0,0.0,-0.1631823812020079,-1.2666666666666666,402.44599999999997,0.9957954958802976,0.0042045041197024124
891,pos_978,RLKKY,1,5,0.0,0.0,0.0,0.0,0.0,0.0,0.0,0.0,0.4,0.2,0.0,0.0,0.0,0.0,0.2,0.0,0.0,0.0,0.0,0.2,2.757094611292299,-1.9600000000000002,706.8764,0.9289582142740037,0.07104178572599629
892,pos_979,NGDPLLDQ,1,8,0.0,0.0,0.25,0.0,0.0,0.125,0.0,0.0,0.0,0.25,0.0,0.125,0.125,0.125,0.0,0.0,0.0,0.0,0.0,0.0,-2.2376568639310084,-1.05,870.9035999999999,0.7014710686634253,0.29852893133657465
893,pos_980,LER,1,3,0.0,0.0,0.0,0.3333333333333333,0.0,0.0,0.0,0.0,0.0,0.3333333333333333,0.0,0.0,0.0,0.0,0.3333333333333333,0.0,0.0,0.0,0.0,0.0,-0.23709792373748817,-1.4000000000000001,416.4726,0.9881714963385707,0.01182850366142929
894,pos_981,KKY,1,3,0.0,0.0,0.0,0.0,0.0,0.0,0.0,0.0,0.6666666666666666,0.0,0.0,0.0,0.0,0.0,0.0,0.0,0.0,0.0,0.0,0.3333333333333333,1.7571046111922999,-3.033333333333333,437.53310000000005,0.9939170979646262,0.006082902035373761
895,pos_982,EYW,1,3,0.0,0.0,0.0,0.3333333333333333,0.0,0.0,0.0,0.0,0.0,0.0,0.0,0.0,0.0,0.0,0.0,0.0,0.0,0.0,0.3333333333333333,0.3333333333333333,-1.1641713823010078,-1.9000000000000001,496.5124,0.9989058760257307,0.0010941239742693343
896,pos_983,HHF,1,3,0.0,0.0,0.0,0.0,0.3333333333333333,0.0,0.6666666666666666,0.0,0.0,0.0,0.0,0.0,0.0,0.0,0.0,0.0,0.0,0.0,0.0,0.0,-0.06555000930152344,-1.2000000000000002,439.4677,0.9981008044776316,0.001899195522368391
897,pos_984,TDY,1,3,0.0,0.0,0.3333333333333333,0.0,0.0,0.0,0.0,0.0,0.0,0.0,0.0,0.0,0.0,0.0,0.0,0.0,0.3333333333333333,0.0,0.0,0.3333333333333333,-1.6016816456925285,-1.8333333333333333,397.3798,0.9911358353129809,0.008864164687019116
898,pos_985,VIYVVDLR,1,8,0.0,0.0,0.125,0.0,0.0,0.0,0.0,0.125,0.0,0.125,0.0,0.0,0.0,0.0,0.125,0.0,0.0,0.375,0.0,0.125,-0.2658998500040053,1.45,976.1698000000001,0.8234550184765895,0.17654498152341047
899,pos_986,VY,1,2,0.0,0.0,0.0,0.0,0.0,0.0,0.0,0.0,0.0,0.0,0.0,0.0,0.0,0.0,0.0,0.0,0.0,0.5,0.0,0.5,-0.2670106110438486,1.4500000000000002,280.31949999999995,0.9997964072136518,0.00020359278634818345
900,pos_987,FALPQYLK,1,8,0.125,0.0,0.0,0.0,0.125,0.0,0.0,0.0,0.125,0.25,0.0,0.0,0.125,0.125,0.0,0.0,0.0,0.0,0.0,0.125,0.758103612191301,0.23749999999999993,979.1721,0.7251008169235179,0.2748991830764821
901,pos_988,TY,1,2,0.0,0.0,0.0,0.0,0.0,0.0,0.0,0.0,0.0,0.0,0.0,0.0,0.0,0.0,0.0,0.0,0.5,0.0,0.0,0.5,-0.602802406632373,-1.0,282.2924,0.9994178683870576,0.0005821316129424048
902,pos_989,YP,1,2,0.0,0.0,0.0,0.0,0.0,0.0,0.0,0.0,0.0,0.0,0.0,0.0,0.5,0.0,0.0,0.0,0.0,0.0,0.0,0.5,-0.2408973868096983,-1.4500000000000002,278.3037,0.9995045420592871,0.0004954579407129289
903,pos_990,VAAV,1,4,0.5,0.0,0.0,0.0,0.0,0.0,0.0,0.0,0.0,0.0,0.0,0.0,0.0,0.0,0.0,0.0,0.0,0.5,0.0,0.0,-0.26601161004484764,3.0,358.43309999999997,0.987415937151679,0.012584062848321032
904,pos_991,HNLDTQTESDV,1,11,0.0,0.0,0.18181818181818182,0.09090909090909091,0.0,0.0,0.09090909090909091,0.0,0.0,0.09090909090909091,0.0,0.09090909090909091,0.0,0.09090909090909091,0.0,0.09090909090909091,0.18181818181818182,0.09090909090909091,0.0,0.0,-3.147672213703211,-1.3545454545454545,1258.2489,0.5478147299170455,0.4521852700829545
905,pos_992,LMCH,1,4,0.0,0.25,0.0,0.0,0.0,0.0,0.25,0.0,0.0,0.25,0.25,0.0,0.0,0.0,0.0,0.0,0.0,0.0,0.0,0.0,-0.16262518765512024,1.25,502.6511,0.9602614738448134,0.03973852615518658
906,pos_993,KEFFPA,1,6,0.16666666666666666,0.0,0.0,0.16666666666666666,0.3333333333333333,0.0,0.0,0.0,0.16666666666666666,0.0,0.0,0.0,0.16666666666666666,0.0,0.0,0.0,0.0,0.0,0.0,0.0,-0.23808692483648786,-0.2666666666666667,737.8423,0.7017696586217664,0.29823034137823357
907,pos_994,APGPAGARGN,1,10,0.3,0.0,0.0,0.0,0.0,0.3,0.0,0.0,0.0,0.0,0.0,0.1,0.2,0.0,0.1,0.0,0.0,0.0,0.0,0.0,0.7958645879540859,-0.7,866.9215999999999,0.6744176243380275,0.32558237566197246
908,pos_995,LKYPI,1,5,0.0,0.0,0.0,0.0,0.0,0.0,0.0,0.2,0.2,0.2,0.0,0.0,0.2,0.0,0.0,0.0,0.0,0.0,0.0,0.2,0.758103612191301,0.29999999999999993,632.7912,0.9589424307113131,0.04105756928868687
909,pos_996,HYEG,1,4,0.0,0.0,0.0,0.25,0.0,0.25,0.25,0.0,0.0,0.0,0.0,0.0,0.0,0.0,0.0,0.0,0.0,0.0,0.0,0.25,-1.1509127365819012,-2.1,504.49309999999997,0.9992539070679798,0.0007460929320202148
910,pos_997,FWG,1,3,0.0,0.0,0.0,0.0,0.3333333333333333,0.3333333333333333,0.0,0.0,0.0,0.0,0.0,0.0,0.0,0.0,0.0,0.0,0.0,0.0,0.3333333333333333,0.0,-0.23989838581069733,0.49999999999999994,408.4503,0.8340605388001878,0.16593946119981218
911,pos_998,PWT,1,3,0.0,0.0,0.0,0.0,0.0,0.0,0.0,0.0,0.0,0.0,0.0,0.0,0.3333333333333333,0.0,0.0,0.0,0.3333333333333333,0.0,0.3333333333333333,0.0,-0.041471132421644796,-1.0666666666666667,402.4443,0.9807094742301591,0.019290525769840916
912,pos_999,VLWEE,1,5,0.0,0.0,0.0,0.4,0.0,0.0,0.0,0.0,0.0,0.2,0.0,0.0,0.0,0.0,0.0,0.0,0.0,0.2,0.2,0.0,-2.255153406330937,0.019999999999999997,674.7418,0.989630726735539,0.01036927326446102
913,pos_1000,MFLG,1,4,0.0,0.0,0.0,0.0,0.25,0.25,0.0,0.0,0.0,0.25,0.25,0.0,0.0,0.0,0.0,0.0,0.0,0.0,0.0,0.0,-0.4996453124586552,2.025,466.594,0.7778172782481036,0.22218272175189635
914,pos_1001,LWM,1,3,0.0,0.0,0.0,0.0,0.0,0.0,0.0,0.0,0.0,0.3333333333333333,0.3333333333333333,0.0,0.0,0.0,0.0,0.0,0.0,0.0,0.3333333333333333,0.0,-0.23989838581069733,1.5999999999999999,448.5788,0.9390463860868247,0.06095361391317533
915,pos_1002,CGFPGHC,1,7,0.0,0.2857142857142857,0.0,0.0,0.14285714285714285,0.2857142857142857,0.14285714285714285,0.0,0.0,0.0,0.0,0.0,0.14285714285714285,0.0,0.0,0.0,0.0,0.0,0.0,0.0,-0.17252617775413015,0.31428571428571417,719.8319999999999,0.7119356636255431,0.28806433637445694
916,pos_1003,VKRP,1,4,0.0,0.0,0.0,0.0,0.0,0.0,0.0,0.0,0.25,0.0,0.0,0.0,0.25,0.0,0.25,0.0,0.0,0.25,0.0,0.0,1.7329793890561507,-1.45,498.61949999999996,0.9653866755018561,0.034613324498143916
917,pos_1004,KVR,1,3,0.0,0.0,0.0,0.0,0.0,0.0,0.0,0.0,0.3333333333333333,0.0,0.0,0.0,0.0,0.0,0.3333333333333333,0.0,0.0,0.3333333333333333,0.0,0.0,1.759092613290301,-1.3999999999999997,401.5043,0.9766979508567482,0.023302049143251846
918,pos_1005,PWY,1,3,0.0,0.0,0.0,0.0,0.0,0.0,0.0,0.0,0.0,0.0,0.0,0.0,0.3333333333333333,0.0,0.0,0.0,0.0,0.0,0.3333333333333333,0.3333333333333333,-0.04247013342064576,-1.2666666666666668,464.5136,0.9963583109797975,0.0036416890202024543
919,pos_1006,QTFQYSRGWTN,1,11,0.0,0.0,0.0,0.0,0.09090909090909091,0.09090909090909091,0.0,0.0,0.0,0.0,0.0,0.09090909090909091,0.0,0.18181818181818182,0.09090909090909091,0.09090909090909091,0.18181818181818182,0.0,0.09090909090909091,0.09090909090909091,0.7590926132903006,-1.5454545454545454,1387.4552999999999,0.23460430565607177,0.7653956943439282
920,pos_1007,IKL,1,3,0.0,0.0,0.0,0.0,0.0,0.0,0.0,0.3333333333333333,0.3333333333333333,0.3333333333333333,0.0,0.0,0.0,0.0,0.0,0.0,0.0,0.0,0.0,0.0,0.7591026131903019,1.4666666666666668,372.50280000000004,0.9371591634853643,0.06284083651463568
921,pos_1008,FLWLKKTPLPL,1,11,0.0,0.0,0.0,0.0,0.09090909090909091,0.0,0.0,0.0,0.18181818181818182,0.36363636363636365,0.0,0.0,0.18181818181818182,0.0,0.0,0.0,0.09090909090909091,0.0,0.09090909090909091,0.0,1.758103612191301,0.49090909090909085,1355.7083,0.13570810831098015,0.8642918916890199
922,pos_1009,ASGLCPEEAVPRR,1,13,0.15384615384615385,0.07692307692307693,0.0,0.15384615384615385,0.0,0.07692307692307693,0.0,0.0,0.0,0.07692307692307693,0.0,0.0,0.15384615384615385,0.0,0.15384615384615385,0.07692307692307693,0.0,0.07692307692307693,0.0,0.0,-0.20842547809850487,-0.4846153846153846,1384.561,0.21368190971022885,0.7863180902897712
923,pos_1010,TIIPLPV,1,7,0.0,0.0,0.0,0.0,0.0,0.0,0.0,0.2857142857142857,0.0,0.14285714285714285,0.0,0.0,0.2857142857142857,0.0,0.0,0.0,0.14285714285714285,0.14285714285714285,0.0,0.0,-0.6018034056333719,1.8714285714285714,751.9534,0.8656573183011079,0.13434268169889207
924,pos_1011,LLW,1,3,0.0,0.0,0.0,0.0,0.0,0.0,0.0,0.0,0.0,0.6666666666666666,0.0,0.0,0.0,0.0,0.0,0.0,0.0,0.0,0.3333333333333333,0.0,-0.23989838581069733,2.233333333333333,430.54040000000003,0.9592806154978567,0.040719384502143297
925,pos_1012,VVKL,1,4,0.0,0.0,0.0,0.0,0.0,0.0,0.0,0.0,0.25,0.25,0.0,0.0,0.0,0.0,0.0,0.0,0.0,0.5,0.0,0.0,0.7329893889561515,2.075,457.6072,0.9854294824119127,0.01457051758808725
926,pos_1013,YGGVSLPEW,1,9,0.0,0.0,0.0,0.1111111111111111,0.0,0.2222222222222222,0.0,0.0,0.0,0.1111111111111111,0.0,0.0,0.1111111111111111,0.0,0.0,0.1111111111111111,0.0,0.1111111111111111,0.1111111111111111,0.1111111111111111,-1.2380869248364883,-0.10000000000000003,1007.0961,0.818123403075685,0.18187659692431501
927,pos_1014,HAEIN,1,5,0.2,0.0,0.0,0.2,0.0,0.0,0.2,0.2,0.0,0.0,0.0,0.2,0.0,0.0,0.0,0.0,0.0,0.0,0.0,0.0,-1.1499137355829,-0.78,582.6066999999999,0.9873554892001403,0.012644510799859732
928,pos_1015,WVSPLAGRT,1,9,0.1111111111111111,0.0,0.0,0.0,0.0,0.1111111111111111,0.0,0.0,0.0,0.1111111111111111,0.0,0.0,0.1111111111111111,0.0,0.1111111111111111,0.1111111111111111,0.1111111111111111,0.1111111111111111,0.1111111111111111,0.0,0.7600916142893016,0.09999999999999999,986.1251,0.5408547614097601,0.4591452385902399
929,pos_1016,FVDAQPQQKEEG,1,12,0.08333333333333333,0.0,0.08333333333333333,0.16666666666666666,0.08333333333333333,0.08333333333333333,0.0,0.0,0.08333333333333333,0.0,0.0,0.0,0.08333333333333333,0.25,0.0,0.0,0.0,0.08333333333333333,0.0,0.0,-2.234155701923433,-1.5083333333333335,1375.4397999999999,0.47704712252144954,0.5229528774785505
930,pos_1018,FPLEMMPF,1,8,0.0,0.0,0.0,0.125,0.25,0.0,0.0,0.0,0.0,0.125,0.25,0.0,0.25,0.0,0.0,0.0,0.0,0.0,0.0,0.0,-1.2370879238374872,0.8124999999999999,1011.2569000000001,0.41543981483371706,0.5845601851662829
931,pos_1019,WRNRCKGTD,1,9,0.0,0.1111111111111111,0.1111111111111111,0.0,0.0,0.1111111111111111,0.0,0.0,0.1111111111111111,0.0,0.0,0.1111111111111111,0.0,0.0,0.2222222222222222,0.0,0.1111111111111111,0.0,0.1111111111111111,0.0,1.753483285838438,-2.1555555555555554,1135.257,0.1912289286462582,0.8087710713537418
932,pos_1020,KGLFG,1,5,0.0,0.0,0.0,0.0,0.2,0.4,0.0,0.0,0.2,0.2,0.0,0.0,0.0,0.0,0.0,0.0,0.0,0.0,0.0,0.0,0.7591026131903019,0.37999999999999995,520.6216000000001,0.7915953102881702,0.2084046897118298
933,pos_1021,ARW,1,3,0.3333333333333333,0.0,0.0,0.0,0.0,0.0,0.0,0.0,0.0,0.0,0.0,0.0,0.0,0.0,0.3333333333333333,0.0,0.0,0.0,0.3333333333333333,0.0,0.7958645879540859,-1.2,431.4888,0.9319700889736025,0.06802991102639755
934,pos_1022,GPAGPTGARGAP,1,12,0.25,0.0,0.0,0.0,0.0,0.3333333333333333,0.0,0.0,0.0,0.0,0.0,0.0,0.25,0.0,0.08333333333333333,0.0,0.08333333333333333,0.0,0.0,0.0,0.7600916142893016,-0.5166666666666667,1008.0893999999998,0.557945111322426,0.44205488867757403
935,pos_1023,PHT,1,3,0.0,0.0,0.0,0.0,0.0,0.0,0.3333333333333333,0.0,0.0,0.0,0.0,0.0,0.3333333333333333,0.0,0.0,0.0,0.3333333333333333,0.0,0.0,0.0,0.04570305583294221,-1.8333333333333333,353.3737,0.998226789280443,0.0017732107195570501
936,pos_1024,AGGGGGGGGGGGKNL,1,15,0.06666666666666667,0.0,0.0,0.0,0.0,0.7333333333333333,0.0,0.0,0.06666666666666667,0.06666666666666667,0.0,0.06666666666666667,0.0,0.0,0.0,0.0,0.0,0.0,0.0,0.0,0.794875586855086,-0.41333333333333333,1072.0900000000001,0.46030572616746246,0.5396942738325375
937,pos_1025,HHLGGAKQAGDV,1,12,0.16666666666666666,0.0,0.08333333333333333,0.0,0.0,0.25,0.16666666666666666,0.0,0.08333333333333333,0.08333333333333333,0.0,0.0,0.0,0.08333333333333333,0.0,0.0,0.0,0.08333333333333333,0.0,0.0,-0.0654282493606797,-0.5750000000000001,1189.2811,0.6535133918505809,0.3464866081494191
938,pos_1026,VVLY,1,4,0.0,0.0,0.0,0.0,0.0,0.0,0.0,0.0,0.0,0.25,0.0,0.0,0.0,0.0,0.0,0.0,0.0,0.5,0.0,0.25,-0.2670106110438486,2.725,492.6081,0.9968265446112952,0.003173455388704838
939,pos_1027,LSDLHAHKL,1,9,0.1111111111111111,0.0,0.1111111111111111,0.0,0.0,0.0,0.2222222222222222,0.0,0.1111111111111111,0.3333333333333333,0.0,0.0,0.0,0.0,0.0,0.1111111111111111,0.0,0.0,0.0,0.0,-0.0654282493606797,-0.15555555555555564,1033.1816000000001,0.6882516035608007,0.31174839643919927
940,pos_1028,GGRP,1,4,0.0,0.0,0.0,0.0,0.0,0.5,0.0,0.0,0.0,0.0,0.0,0.0,0.25,0.0,0.25,0.0,0.0,0.0,0.0,0.0,0.7600916142893016,-1.725,385.4188,0.947452832645652,0.052547167354347946
941,pos_1029,FVPH,1,4,0.0,0.0,0.0,0.0,0.25,0.0,0.25,0.0,0.0,0.0,0.0,0.0,0.25,0.0,0.0,0.0,0.0,0.25,0.0,0.0,-0.15272419755611044,0.5499999999999999,498.5746,0.986814249963994,0.013185750036005972
942,pos_1030,HPLH,1,4,0.0,0.0,0.0,0.0,0.0,0.0,0.5,0.0,0.0,0.25,0.0,0.0,0.25,0.0,0.0,0.0,0.0,0.0,0.0,0.0,-0.06555000930152344,-1.0500000000000003,502.5666999999999,0.9984411064773898,0.001558893522610183
943,pos_1031,MM,1,2,0.0,0.0,0.0,0.0,0.0,0.0,0.0,0.0,0.0,0.0,1.0,0.0,0.0,0.0,0.0,0.0,0.0,0.0,0.0,0.0,-0.4996453124586552,1.9,280.40729999999996,0.9346460505745304,0.06535394942546957
944,pos_1032,AVFPSIVGRPR,1,11,0.09090909090909091,0.0,0.0,0.0,0.09090909090909091,0.09090909090909091,0.0,0.09090909090909091,0.0,0.0,0.0,0.0,0.18181818181818182,0.0,0.18181818181818182,0.09090909090909091,0.0,0.18181818181818182,0.0,0.0,1.7958545880540848,0.3727272727272727,1198.417,0.2161706699455658,0.7838293300544342
945,pos_1033,RVPSLM,1,6,0.0,0.0,0.0,0.0,0.0,0.0,0.0,0.0,0.0,0.16666666666666666,0.16666666666666666,0.0,0.16666666666666666,0.0,0.16666666666666666,0.16666666666666666,0.0,0.16666666666666666,0.0,0.0,0.7600916142893016,0.5,701.8781,0.7879651820671522,0.21203481793284784
946,pos_1034,YLAGMN,1,6,0.16666666666666666,0.0,0.0,0.0,0.0,0.16666666666666666,0.0,0.0,0.0,0.16666666666666666,0.16666666666666666,0.16666666666666666,0.0,0.0,0.0,0.0,0.0,0.0,0.0,0.16666666666666666,-0.2408973868096983,0.3833333333333333,667.7739,0.9292921080357621,0.07070789196423788
947,pos_1035,MN,1,2,0.0,0.0,0.0,0.0,0.0,0.0,0.0,0.0,0.0,0.0,0.5,0.5,0.0,0.0,0.0,0.0,0.0,0.0,0.0,0.0,-0.4996453124586552,-0.8,263.3139,0.9711324485888746,0.028867551411125403
948,pos_1036,FLPE,1,4,0.0,0.0,0.0,0.25,0.25,0.0,0.0,0.0,0.0,0.25,0.0,0.0,0.25,0.0,0.0,0.0,0.0,0.0,0.0,0.0,-1.231850644069997,0.3749999999999999,504.5759,0.9548060486418305,0.045193951358169504
949,pos_1037,RDY,1,3,0.0,0.0,0.3333333333333333,0.0,0.0,0.0,0.0,0.0,0.0,0.0,0.0,0.0,0.0,0.0,0.3333333333333333,0.0,0.0,0.0,0.0,0.3333333333333333,-0.23978662576985488,-3.1,452.46160000000003,0.9797407166571557,0.020259283342844325
950,pos_1038,NMGPLLPQ,1,8,0.0,0.0,0.0,0.0,0.0,0.125,0.0,0.0,0.0,0.25,0.125,0.125,0.25,0.125,0.0,0.0,0.0,0.0,0.0,0.0,-0.23989838581069733,-0.13750000000000007,869.04,0.8094003618148962,0.19059963818510384
951,pos_1039,QHH,1,3,0.0,0.0,0.0,0.0,0.0,0.0,0.6666666666666666,0.0,0.0,0.0,0.0,0.0,0.0,0.3333333333333333,0.0,0.0,0.0,0.0,0.0,0.0,-0.06555000930152344,-3.3000000000000003,420.4231,0.9998894474810281,0.00011055251897185148
952,pos_1040,PHA,1,3,0.3333333333333333,0.0,0.0,0.0,0.0,0.0,0.3333333333333333,0.0,0.0,0.0,0.0,0.0,0.3333333333333333,0.0,0.0,0.0,0.0,0.0,0.0,0.0,0.04570305583294221,-1.0,323.3477,0.9974066208384708,0.002593379161529241
953,pos_1041,QLGNLGV,1,7,0.0,0.0,0.0,0.0,0.0,0.2857142857142857,0.0,0.0,0.0,0.2857142857142857,0.0,0.14285714285714285,0.0,0.14285714285714285,0.0,0.0,0.0,0.14285714285714285,0.0,0.0,-0.23989838581069733,0.5714285714285714,699.7959,0.927141199484107,0.072858800515893
954,pos_1042,AIILHQQ,1,7,0.14285714285714285,0.0,0.0,0.0,0.0,0.0,0.14285714285714285,0.2857142857142857,0.0,0.14285714285714285,0.0,0.0,0.0,0.2857142857142857,0.0,0.0,0.0,0.0,0.0,0.0,-0.11695122389132617,0.6285714285714284,821.9636999999999,0.9325100418182954,0.06748995818170456
955,pos_1043,MHH,1,3,0.0,0.0,0.0,0.0,0.0,0.0,0.6666666666666666,0.0,0.0,0.0,0.3333333333333333,0.0,0.0,0.0,0.0,0.0,0.0,0.0,0.0,0.0,-0.3252969359494813,-1.5,423.4899,0.9994312553272204,0.0005687446727795642
956,pos_1044,YGVSGYPTLK,1,10,0.0,0.0,0.0,0.0,0.0,0.2,0.0,0.0,0.1,0.1,0.0,0.0,0.1,0.0,0.0,0.1,0.1,0.1,0.0,0.2,0.7571046111922999,-0.24000000000000005,1084.2216,0.7440815241246972,0.2559184758753028
957,pos_1046,YGY,1,3,0.0,0.0,0.0,0.0,0.0,0.3333333333333333,0.0,0.0,0.0,0.0,0.0,0.0,0.0,0.0,0.0,0.0,0.0,0.0,0.0,0.6666666666666666,-0.24189638780869938,-1.0,401.413,0.9993480243691759,0.0006519756308240865
958,pos_1047,VFD,1,3,0.0,0.0,0.3333333333333333,0.0,0.3333333333333333,0.0,0.0,0.0,0.0,0.0,0.0,0.0,0.0,0.0,0.0,0.0,0.0,0.3333333333333333,0.0,0.0,-1.2617099474976998,1.1666666666666667,379.40749999999997,0.8573632980733016,0.14263670192669842
959,pos_1048,PSIVGRP,1,7,0.0,0.0,0.0,0.0,0.0,0.14285714285714285,0.0,0.14285714285714285,0.0,0.0,0.0,0.0,0.2857142857142857,0.0,0.14285714285714285,0.14285714285714285,0.0,0.14285714285714285,0.0,0.0,0.9585188676783541,-0.02857142857142858,724.8485999999999,0.7840074139472114,0.2159925860527886
960,pos_1049,ACGSDGK,1,7,0.14285714285714285,0.14285714285714285,0.14285714285714285,0.0,0.0,0.2857142857142857,0.0,0.0,0.14285714285714285,0.0,0.0,0.0,0.0,0.0,0.0,0.14285714285714285,0.0,0.0,0.0,0.0,-0.21390464230407913,-0.6714285714285715,636.6756999999999,0.573983202547241,0.426016797452759
961,pos_1050,MWC,1,3,0.0,0.3333333333333333,0.0,0.0,0.0,0.0,0.0,0.0,0.0,0.0,0.3333333333333333,0.0,0.0,0.0,0.0,0.0,0.0,0.0,0.3333333333333333,0.0,-0.509546302557665,1.1666666666666667,438.5641,0.8292017698135123,0.17079823018648765
962,pos_1051,LVYLVR,1,6,0.0,0.0,0.0,0.0,0.0,0.0,0.0,0.0,0.0,0.3333333333333333,0.0,0.0,0.0,0.0,0.16666666666666666,0.0,0.0,0.3333333333333333,0.0,0.16666666666666666,0.7590926132903006,1.7,761.9514,0.9598378758547536,0.04016212414524645
963,pos_1052,WAFAPA,1,6,0.5,0.0,0.0,0.0,0.16666666666666666,0.0,0.0,0.0,0.0,0.0,0.0,0.0,0.16666666666666666,0.0,0.0,0.0,0.0,0.0,0.16666666666666666,0.0,-0.23989838581069733,0.9500000000000001,661.7479,0.7314298641140179,0.2685701358859821
964,pos_1053,LHN,1,3,0.0,0.0,0.0,0.0,0.0,0.0,0.3333333333333333,0.0,0.0,0.3333333333333333,0.0,0.3333333333333333,0.0,0.0,0.0,0.0,0.0,0.0,0.0,0.0,-0.15272419755611044,-0.9666666666666668,382.41479999999996,0.9968082971048994,0.003191702895100623
965,pos_1054,PYVRYL,1,6,0.0,0.0,0.0,0.0,0.0,0.0,0.0,0.0,0.0,0.16666666666666666,0.0,0.0,0.16666666666666666,0.0,0.16666666666666666,0.0,0.0,0.16666666666666666,0.0,0.3333333333333333,0.9565208656803521,-0.1166666666666667,809.9512,0.9763978576165812,0.023602142383418845
966,pos_1058,AEEEYPDL,1,8,0.125,0.0,0.125,0.375,0.0,0.0,0.0,0.0,0.0,0.125,0.0,0.0,0.125,0.0,0.0,0.0,0.0,0.0,0.0,0.125,-4.1955722662854384,-1.4125,964.9686000000002,0.9514334669014076,0.04856653309859238
967,pos_1059,LW,1,2,0.0,0.0,0.0,0.0,0.0,0.0,0.0,0.0,0.0,0.5,0.0,0.0,0.0,0.0,0.0,0.0,0.0,0.0,0.5,0.0,-0.23989838581069733,1.45,317.3828,0.9798507172298944,0.020149282770105637
968,pos_1060,LAYLQYTDFETR,1,12,0.08333333333333333,0.0,0.08333333333333333,0.08333333333333333,0.08333333333333333,0.0,0.0,0.0,0.0,0.16666666666666666,0.0,0.0,0.0,0.08333333333333333,0.08333333333333333,0.0,0.16666666666666666,0.0,0.0,0.16666666666666666,-1.2379751647956456,-0.5666666666666668,1519.6526999999999,0.23750141082045728,0.7624985891795427
969,pos_1061,CGWKY,1,5,0.0,0.2,0.0,0.0,0.0,0.2,0.0,0.0,0.2,0.0,0.0,0.0,0.0,0.0,0.0,0.0,0.0,0.0,0.2,0.2,0.748202622092291,-0.8,655.7649,0.9151076659847664,0.08489233401523355
970,pos_1062,YLMSR,1,5,0.0,0.0,0.0,0.0,0.0,0.0,0.0,0.0,0.0,0.2,0.2,0.0,0.0,0.0,0.2,0.2,0.0,0.0,0.0,0.2,0.7590926132903006,-0.18000000000000008,668.8051,0.873701174651842,0.12629882534815795
971,pos_1063,ISELGW,1,6,0.0,0.0,0.0,0.16666666666666666,0.0,0.16666666666666666,0.0,0.16666666666666666,0.0,0.16666666666666666,0.0,0.0,0.0,0.0,0.0,0.16666666666666666,0.0,0.0,0.16666666666666666,0.0,-1.2370879238374872,0.44999999999999996,703.783,0.8413661873123616,0.15863381268763843
972,pos_1064,PTGPNNGLSY,1,10,0.0,0.0,0.0,0.0,0.0,0.2,0.0,0.0,0.0,0.1,0.0,0.2,0.2,0.0,0.0,0.1,0.1,0.0,0.0,0.1,-0.04247013342064576,-1.0,1019.0654999999999,0.6766849542887968,0.3233150457112032
973,pos_1065,YYIVS,1,5,0.0,0.0,0.0,0.0,0.0,0.0,0.0,0.2,0.0,0.0,0.0,0.0,0.0,0.0,0.0,0.2,0.0,0.2,0.0,0.4,-0.24189638780869938,1.06,643.7276,0.9840977152845026,0.015902284715497372
974,pos_1066,VGALAVVVWLWLWLW,1,15,0.13333333333333333,0.0,0.0,0.0,0.0,0.06666666666666667,0.0,0.0,0.0,0.26666666666666666,0.0,0.0,0.0,0.0,0.0,0.0,0.0,0.26666666666666666,0.26666666666666666,0.0,-0.26601161004484764,2.106666666666667,1811.2164000000002,0.04467576143520478,0.9553242385647952
975,pos_1067,LHSMK,1,5,0.0,0.0,0.0,0.0,0.0,0.0,0.2,0.0,0.2,0.2,0.2,0.0,0.0,0.0,0.0,0.2,0.0,0.0,0.0,0.0,0.8462768014448888,-0.44000000000000006,614.7578,0.923012313701456,0.07698768629854402
976,pos_1068,INNQFLPYPYYAKPA,1,15,0.13333333333333333,0.0,0.0,0.0,0.06666666666666667,0.0,0.0,0.06666666666666667,0.06666666666666667,0.06666666666666667,0.0,0.13333333333333333,0.2,0.06666666666666667,0.0,0.0,0.0,0.0,0.0,0.2,0.756105610193299,-0.56,1799.0320000000002,0.07724387810548641,0.9227561218945136
977,pos_1069,TAAIVNTA,1,8,0.375,0.0,0.0,0.0,0.0,0.0,0.0,0.125,0.0,0.0,0.0,0.125,0.0,0.0,0.0,0.0,0.25,0.125,0.0,0.0,-0.6018034056333719,1.1500000000000001,759.848,0.833843977019576,0.16615602298042398
978,pos_1070,PEL,1,3,0.0,0.0,0.0,0.3333333333333333,0.0,0.0,0.0,0.0,0.0,0.3333333333333333,0.0,0.0,0.3333333333333333,0.0,0.0,0.0,0.0,0.0,0.0,0.0,-1.0386606704484347,-0.4333333333333334,357.4021,0.9952869881819407,0.004713011818059276
979,pos_1071,LGY,1,3,0.0,0.0,0.0,0.0,0.0,0.3333333333333333,0.0,0.0,0.0,0.3333333333333333,0.0,0.0,0.0,0.0,0.0,0.0,0.0,0.0,0.0,0.3333333333333333,-0.2408973868096983,0.6999999999999998,351.3974,0.9951640079392992,0.004835992060700844
980,pos_1072,VKEAMPK,1,7,0.14285714285714285,0.0,0.0,0.14285714285714285,0.0,0.0,0.0,0.0,0.2857142857142857,0.0,0.14285714285714285,0.0,0.14285714285714285,0.0,0.0,0.0,0.0,0.14285714285714285,0.0,0.0,0.7348008499303611,-0.7142857142857143,801.9939999999999,0.892122166825592,0.10787783317440802
981,pos_1073,VPVTST,1,6,0.0,0.0,0.0,0.0,0.0,0.0,0.0,0.0,0.0,0.0,0.0,0.0,0.16666666666666666,0.0,0.0,0.16666666666666666,0.3333333333333333,0.3333333333333333,0.0,0.0,-0.26601161004484764,0.7666666666666667,602.6776,0.9507000113581069,0.04929998864189311
982,pos_1074,QAY,1,3,0.3333333333333333,0.0,0.0,0.0,0.0,0.0,0.0,0.0,0.0,0.0,0.0,0.0,0.0,0.3333333333333333,0.0,0.0,0.0,0.0,0.0,0.3333333333333333,-0.2408973868096983,-1.0,380.3956,0.998406871516912,0.0015931284830880132
983,pos_1075,RPEELGPNK,1,9,0.0,0.0,0.0,0.2222222222222222,0.0,0.1111111111111111,0.0,0.0,0.1111111111111111,0.1111111111111111,0.0,0.1111111111111111,0.2222222222222222,0.0,0.1111111111111111,0.0,0.0,0.0,0.0,0.0,-0.2352864627632787,-2.0777777777777775,1039.1432,0.7758487634027774,0.22415123659722258
984,pos_1076,NM,1,2,0.0,0.0,0.0,0.0,0.0,0.0,0.0,0.0,0.0,0.0,0.5,0.5,0.0,0.0,0.0,0.0,0.0,0.0,0.0,0.0,-0.23989838581069733,-0.8,263.3139,0.9705243586345493,0.029475641365450667
985,pos_1078,YQETSSSSSQE,1,11,0.0,0.0,0.0,0.18181818181818182,0.0,0.0,0.0,0.0,0.0,0.0,0.0,0.0,0.0,0.18181818181818182,0.0,0.45454545454545453,0.09090909090909091,0.0,0.0,0.09090909090909091,-2.230039183095788,-1.8181818181818181,1232.1653,0.4655553719042937,0.5344446280957063
986,pos_1080,YQLD,1,4,0.0,0.0,0.25,0.0,0.0,0.0,0.0,0.0,0.0,0.25,0.0,0.0,0.0,0.25,0.0,0.0,0.0,0.0,0.0,0.25,-1.2365957242625507,-1.125,537.5627000000001,0.9876245541160897,0.012375445883910263
987,pos_1081,TSNLLT,1,6,0.0,0.0,0.0,0.0,0.0,0.0,0.0,0.0,0.0,0.3333333333333333,0.0,0.16666666666666666,0.0,0.0,0.0,0.16666666666666666,0.3333333333333333,0.0,0.0,0.0,-0.6018034056333719,0.3166666666666666,647.7182,0.8405588587067231,0.1594411412932769
988,pos_1082,QLPLL,1,5,0.0,0.0,0.0,0.0,0.0,0.0,0.0,0.0,0.0,0.6,0.0,0.0,0.2,0.2,0.0,0.0,0.0,0.0,0.0,0.0,-0.23989838581069733,1.2599999999999998,582.7325,0.9597604715578556,0.0402395284421444
989,pos_1083,KYY,1,3,0.0,0.0,0.0,0.0,0.0,0.0,0.0,0.0,0.3333333333333333,0.0,0.0,0.0,0.0,0.0,0.0,0.0,0.0,0.0,0.0,0.6666666666666666,0.7571046111922999,-2.1666666666666665,472.53400000000005,0.9992440310587051,0.0007559689412949266
990,pos_1084,IGPSSSPDIYNPEAGRIK,1,18,0.05555555555555555,0.0,0.05555555555555555,0.05555555555555555,0.0,0.1111111111111111,0.0,0.16666666666666666,0.05555555555555555,0.0,0.0,0.05555555555555555,0.16666666666666666,0.0,0.05555555555555555,0.16666666666666666,0.0,0.0,0.0,0.05555555555555555,-0.23797516479564518,-0.7166666666666667,1901.0812999999998,0.012615383765756435,0.9873846162342436
991,pos_1085,LHR,1,3,0.0,0.0,0.0,0.0,0.0,0.0,0.3333333333333333,0.0,0.0,0.3333333333333333,0.0,0.0,0.0,0.0,0.3333333333333333,0.0,0.0,0.0,0.0,0.0,0.8472658025438885,-1.3,424.4979,0.9938234271246568,0.006176572875343234
992,pos_1087,NPPADLHK,1,8,0.125,0.0,0.125,0.0,0.0,0.0,0.125,0.0,0.125,0.125,0.0,0.125,0.25,0.0,0.0,0.0,0.0,0.0,0.0,0.0,-0.1526024376152666,-1.4625000000000001,890.9828,0.8186896285068954,0.18131037149310458
993,pos_1088,YYA,1,3,0.3333333333333333,0.0,0.0,0.0,0.0,0.0,0.0,0.0,0.0,0.0,0.0,0.0,0.0,0.0,0.0,0.0,0.0,0.0,0.0,0.6666666666666666,-0.24189638780869938,-0.26666666666666666,415.4396,0.9992638550683599,0.0007361449316400925
994,pos_1089,VKVLLEHPVL,1,10,0.0,0.0,0.0,0.1,0.0,0.0,0.1,0.0,0.1,0.3,0.0,0.0,0.1,0.0,0.0,0.0,0.0,0.3,0.0,0.0,-0.17702596081605138,1.1800000000000002,1146.4219,0.8396002253373386,0.16039977466266142
995,pos_1090,LLRSVGVPL,1,9,0.0,0.0,0.0,0.0,0.0,0.1111111111111111,0.0,0.0,0.0,0.3333333333333333,0.0,0.0,0.1111111111111111,0.0,0.1111111111111111,0.1111111111111111,0.0,0.2222222222222222,0.0,0.0,0.7600916142893016,1.3888888888888888,953.1795999999999,0.642809160698179,0.35719083930182105
996,pos_1091,AFWYGLPCKL,1,10,0.1,0.1,0.0,0.0,0.1,0.1,0.0,0.0,0.1,0.2,0.0,0.0,0.1,0.0,0.0,0.0,0.0,0.0,0.1,0.1,0.7839755957570751,0.6599999999999999,1197.447,0.26699942835246954,0.7330005716475305
997,pos_1092,GPPGPPGPPGPPG,1,13,0.0,0.0,0.0,0.0,0.0,0.38461538461538464,0.0,0.0,0.0,0.0,0.0,0.0,0.6153846153846154,0.0,0.0,0.0,0.0,0.0,0.0,0.0,-0.23989838581069733,-1.1384615384615384,1080.1933999999999,0.6397638647037329,0.3602361352962671
998,pos_1093,SGGY,1,4,0.0,0.0,0.0,0.0,0.0,0.5,0.0,0.0,0.0,0.0,0.0,0.0,0.0,0.0,0.0,0.25,0.0,0.0,0.0,0.25,-0.540852541781402,-0.7250000000000001,382.3684,0.9750664179910224,0.02493358200897755
999,pos_1094,TCSP,1,4,0.0,0.25,0.0,0.0,0.0,0.0,0.0,0.0,0.0,0.0,0.0,0.0,0.25,0.0,0.0,0.25,0.25,0.0,0.0,0.0,-0.6117043957323818,-0.15000000000000002,406.45459999999997,0.8504126769813816,0.14958732301861843
1000,pos_1095,AMRLTYNRPGIYAT,1,14,0.14285714285714285,0.0,0.0,0.0,0.0,0.07142857142857142,0.0,0.07142857142857142,0.0,0.07142857142857142,0.07142857142857142,0.07142857142857142,0.07142857142857142,0.0,0.14285714285714285,0.0,0.14285714285714285,0.0,0.0,0.14285714285714285,1.7938565860560827,-0.33571428571428574,1626.877,0.08901279327520692,0.910987206724793
1001,pos_1096,YLGY,1,4,0.0,0.0,0.0,0.0,0.0,0.25,0.0,0.0,0.0,0.25,0.0,0.0,0.0,0.0,0.0,0.0,0.0,0.0,0.0,0.5,-0.24189638780869938,0.19999999999999993,514.5706,0.9966564121515429,0.003343587848457119
1002,pos_1097,DHTKE,1,5,0.0,0.0,0.2,0.2,0.0,0.0,0.2,0.0,0.2,0.0,0.0,0.0,0.0,0.0,0.0,0.0,0.2,0.0,0.0,0.0,-1.1445546958745665,-2.96,628.6322,0.9830186992706971,0.01698130072930293
1003,pos_1098,DAQEFKR,1,7,0.14285714285714285,0.0,0.14285714285714285,0.14285714285714285,0.14285714285714285,0.0,0.0,0.0,0.14285714285714285,0.0,0.0,0.0,0.0,0.14285714285714285,0.14285714285714285,0.0,0.0,0.0,0.0,0.0,-0.2369761637966441,-2.042857142857143,892.9555999999999,0.6594118772492463,0.3405881227507537
1004,pos_1099,DVPPYM,1,6,0.0,0.0,0.16666666666666666,0.0,0.0,0.0,0.0,0.0,0.0,0.0,0.16666666666666666,0.0,0.3333333333333333,0.0,0.0,0.0,0.0,0.16666666666666666,0.0,0.16666666666666666,-1.2397766258698537,-0.3166666666666667,720.8333,0.9476896112672283,0.05231038873277172
1005,pos_1100,PIGSENS,1,7,0.0,0.0,0.0,0.14285714285714285,0.0,0.14285714285714285,0.0,0.14285714285714285,0.0,0.0,0.0,0.14285714285714285,0.14285714285714285,0.0,0.0,0.2857142857142857,0.0,0.0,0.0,0.0,-1.0386606704484347,-0.8714285714285716,702.7106,0.7942254492924706,0.20577455070752937
1006,pos_1102,HLQDFGSEILPR,1,12,0.0,0.0,0.08333333333333333,0.08333333333333333,0.08333333333333333,0.08333333333333333,0.08333333333333333,0.08333333333333333,0.0,0.16666666666666666,0.0,0.0,0.08333333333333333,0.08333333333333333,0.08333333333333333,0.08333333333333333,0.0,0.0,0.0,0.0,-1.1488029745430566,-0.5083333333333334,1411.5612999999998,0.18118276160773866,0.8188172383922614
1007,pos_1103,AQIPQQ,1,6,0.16666666666666666,0.0,0.0,0.0,0.0,0.0,0.0,0.16666666666666666,0.0,0.0,0.0,0.0,0.16666666666666666,0.5,0.0,0.0,0.0,0.0,0.0,0.0,-0.20412541214591307,-0.9666666666666667,683.7536,0.9694951121204906,0.030504887879509446
1008,pos_1104,RHT,1,3,0.0,0.0,0.0,0.0,0.0,0.0,0.3333333333333333,0.0,0.0,0.0,0.0,0.0,0.0,0.0,0.3333333333333333,0.0,0.3333333333333333,0.0,0.0,0.0,0.8472658025438885,-2.8000000000000003,412.44419999999997,0.9955297413724886,0.004470258627511381
1009,pos_1105,NGRFY,1,5,0.0,0.0,0.0,0.0,0.2,0.2,0.0,0.0,0.0,0.0,0.0,0.2,0.0,0.0,0.2,0.0,0.0,0.0,0.0,0.2,0.7590926132903006,-1.3800000000000001,655.7019,0.885020394594972,0.11497960540502805
1010,pos_1106,QGLQGLPGT,1,9,0.0,0.0,0.0,0.0,0.0,0.3333333333333333,0.0,0.0,0.0,0.2222222222222222,0.0,0.0,0.1111111111111111,0.2222222222222222,0.0,0.0,0.1111111111111111,0.0,0.0,0.0,-0.23989838581069733,-0.32222222222222224,869.9619,0.8545916022974945,0.14540839770250547
1011,pos_1108,VDHDHPE,1,7,0.0,0.0,0.2857142857142857,0.14285714285714285,0.0,0.0,0.2857142857142857,0.0,0.0,0.0,0.0,0.0,0.14285714285714285,0.0,0.0,0.0,0.0,0.14285714285714285,0.0,0.0,-3.0813739699152842,-2.042857142857143,847.8289,0.9739357910251457,0.026064208974854286
1012,pos_1109,KNILE,1,5,0.0,0.0,0.0,0.2,0.0,0.0,0.0,0.2,0.2,0.2,0.0,0.2,0.0,0.0,0.0,0.0,0.0,0.0,0.0,0.0,-0.23284964506899786,-0.52,615.7194000000001,0.9450440619802806,0.05495593801971943
1013,pos_1110,VAWRNRCKGTD,1,11,0.09090909090909091,0.09090909090909091,0.09090909090909091,0.0,0.0,0.09090909090909091,0.0,0.0,0.09090909090909091,0.0,0.0,0.09090909090909091,0.0,0.0,0.18181818181818182,0.0,0.09090909090909091,0.09090909090909091,0.09090909090909091,0.0,1.727370061604287,-1.2181818181818183,1305.4659,0.1290223222097051,0.8709776777902949
1014,pos_1111,DLSDGEQGVL,1,10,0.0,0.0,0.2,0.1,0.0,0.2,0.0,0.0,0.0,0.2,0.0,0.0,0.0,0.1,0.0,0.1,0.0,0.1,0.0,0.0,-3.2348464019577983,-0.38,1032.0593999999999,0.606091748657963,0.393908251342037
1015,pos_1112,GLDIQK,1,6,0.0,0.0,0.16666666666666666,0.0,0.0,0.16666666666666666,0.0,0.16666666666666666,0.16666666666666666,0.16666666666666666,0.0,0.0,0.0,0.16666666666666666,0.0,0.0,0.0,0.0,0.0,0.0,-0.2397766258698535,-0.5,672.7706999999999,0.8319365634195445,0.16806343658045553
1016,pos_1113,PLPPHMLP,1,8,0.0,0.0,0.0,0.0,0.0,0.0,0.125,0.0,0.0,0.25,0.125,0.0,0.5,0.0,0.0,0.0,0.0,0.0,0.0,0.0,0.04570305583294221,-0.012500000000000122,901.1266,0.876598739873484,0.12340126012651598
1017,pos_1114,VAITLTMK,1,8,0.125,0.0,0.0,0.0,0.0,0.0,0.0,0.125,0.125,0.125,0.125,0.0,0.0,0.0,0.0,0.0,0.25,0.125,0.0,0.0,0.7329893889561515,1.3625,876.1155000000001,0.7065040133908772,0.2934959866091228
1018,pos_1116,EYY,1,3,0.0,0.0,0.0,0.3333333333333333,0.0,0.0,0.0,0.0,0.0,0.0,0.0,0.0,0.0,0.0,0.0,0.0,0.0,0.0,0.0,0.6666666666666666,-1.1651703833000089,-2.033333333333333,473.4757,0.9998661294539948,0.00013387054600522141
1019,pos_1117,YPFVE,1,5,0.0,0.0,0.0,0.2,0.2,0.0,0.0,0.0,0.0,0.0,0.0,0.0,0.2,0.0,0.0,0.0,0.0,0.2,0.0,0.2,-1.232849645068998,0.11999999999999997,653.7225,0.9845147297725035,0.015485270227496462
1020,pos_1118,LPGPILSSFPQ,1,11,0.0,0.0,0.0,0.0,0.09090909090909091,0.09090909090909091,0.0,0.09090909090909091,0.0,0.18181818181818182,0.0,0.0,0.2727272727272727,0.09090909090909091,0.0,0.18181818181818182,0.0,0.0,0.0,0.0,-0.23989838581069733,0.41818181818181804,1155.3426,0.25041929366649074,0.7495807063335093
1021,pos_1119,YPFPGPIN,1,8,0.0,0.0,0.0,0.0,0.125,0.125,0.0,0.125,0.0,0.0,0.0,0.125,0.375,0.0,0.0,0.0,0.0,0.0,0.0,0.125,-0.2408973868096983,-0.3375000000000001,904.0194000000001,0.760642733250513,0.23935726674948699
1022,pos_1120,LMRWMR,1,6,0.0,0.0,0.0,0.0,0.0,0.0,0.0,0.0,0.0,0.16666666666666666,0.3333333333333333,0.0,0.0,0.0,0.3333333333333333,0.0,0.0,0.0,0.16666666666666666,0.0,1.7600816143893008,-0.38333333333333336,892.1462,0.4933373107430672,0.5066626892569328
1023,pos_1121,HC,1,2,0.0,0.5,0.0,0.0,0.0,0.0,0.5,0.0,0.0,0.0,0.0,0.0,0.0,0.0,0.0,0.0,0.0,0.0,0.0,0.0,-0.16262518765512024,-0.3500000000000001,258.29749999999996,0.9961320839930978,0.0038679160069021723
1024,pos_1122,KYIPIQYVLS,1,10,0.0,0.0,0.0,0.0,0.0,0.0,0.0,0.2,0.1,0.1,0.0,0.0,0.1,0.1,0.0,0.1,0.0,0.1,0.0,0.2,0.7571046111922999,0.45999999999999996,1223.4595,0.6059723889108523,0.39402761108914774
1025,pos_1123,YPFVEP,1,6,0.0,0.0,0.0,0.16666666666666666,0.16666666666666666,0.0,0.0,0.0,0.0,0.0,0.0,0.0,0.3333333333333333,0.0,0.0,0.0,0.0,0.16666666666666666,0.0,0.16666666666666666,-1.2380869248364883,-0.1666666666666667,750.8376999999999,0.9704181350633094,0.02958186493669057
1026,pos_1124,FSEY,1,4,0.0,0.0,0.0,0.25,0.25,0.0,0.0,0.0,0.0,0.0,0.0,0.0,0.0,0.0,0.0,0.25,0.0,0.0,0.0,0.25,-1.2380869248364883,-0.7000000000000001,544.5536000000001,0.9661790603629601,0.033820939637039915
1027,pos_1126,AH,1,2,0.5,0.0,0.0,0.0,0.0,0.0,0.5,0.0,0.0,0.0,0.0,0.0,0.0,0.0,0.0,0.0,0.0,0.0,0.0,0.0,-0.11695122389132617,-0.7000000000000001,226.2325,0.9992015757135165,0.0007984242864834679
1028,pos_1127,EQEEEESTGRMK,1,12,0.0,0.0,0.0,0.4166666666666667,0.0,0.08333333333333333,0.0,0.0,0.08333333333333333,0.0,0.08333333333333333,0.0,0.0,0.08333333333333333,0.08333333333333333,0.08333333333333333,0.08333333333333333,0.0,0.0,0.0,-3.152939534308168,-2.4499999999999997,1452.501,0.5225151697449868,0.4774848302550132
1029,pos_1128,PKAV,1,4,0.25,0.0,0.0,0.0,0.0,0.0,0.0,0.0,0.25,0.0,0.0,0.0,0.25,0.0,0.0,0.0,0.0,0.25,0.0,0.0,0.9575298665793545,0.12500000000000006,413.51169999999996,0.9776761774155582,0.022323822584441766
1030,pos_1130,VAPEEHPV,1,8,0.125,0.0,0.0,0.25,0.0,0.0,0.125,0.0,0.0,0.0,0.0,0.0,0.25,0.0,0.0,0.0,0.0,0.25,0.0,0.0,-2.1732164978438404,-0.4,876.9529,0.9819086308857894,0.01809136911421061
1031,pos_1131,YPFPGPI,1,7,0.0,0.0,0.0,0.0,0.14285714285714285,0.14285714285714285,0.0,0.14285714285714285,0.0,0.0,0.0,0.0,0.42857142857142855,0.0,0.0,0.0,0.0,0.0,0.0,0.14285714285714285,-0.2408973868096983,0.11428571428571421,789.9168,0.8468594156719773,0.1531405843280227
1032,pos_1132,WYSLA,1,5,0.2,0.0,0.0,0.0,0.0,0.0,0.0,0.0,0.0,0.2,0.0,0.0,0.0,0.0,0.0,0.2,0.0,0.0,0.2,0.2,-0.2408973868096983,0.5199999999999999,638.7112000000001,0.9237827347015433,0.07621726529845674
1033,pos_1134,NQNGRFY,1,7,0.0,0.0,0.0,0.0,0.14285714285714285,0.14285714285714285,0.0,0.0,0.0,0.0,0.0,0.2857142857142857,0.0,0.14285714285714285,0.14285714285714285,0.0,0.0,0.0,0.0,0.14285714285714285,0.7590926132903006,-1.9857142857142858,897.9336999999999,0.7981503066743275,0.20184969332567249
1034,pos_1135,PAGY,1,4,0.25,0.0,0.0,0.0,0.0,0.25,0.0,0.0,0.0,0.0,0.0,0.0,0.25,0.0,0.0,0.0,0.0,0.0,0.0,0.25,-0.04247013342064576,-0.375,406.43289999999996,0.9904524386930011,0.009547561306998853
1035,pos_1136,IPP,1,3,0.0,0.0,0.0,0.0,0.0,0.0,0.0,0.3333333333333333,0.0,0.0,0.0,0.0,0.6666666666666666,0.0,0.0,0.0,0.0,0.0,0.0,0.0,-0.23989838581069733,0.4333333333333333,325.4033,0.9760116654079614,0.02398833459203864
1036,pos_1137,AHK,1,3,0.3333333333333333,0.0,0.0,0.0,0.0,0.0,0.3333333333333333,0.0,0.3333333333333333,0.0,0.0,0.0,0.0,0.0,0.0,0.0,0.0,0.0,0.0,0.0,0.8820497751096729,-1.7666666666666666,354.40479999999997,0.9956034870406655,0.00439651295933452
1037,pos_1139,FFGFN,1,5,0.0,0.0,0.0,0.0,0.6,0.2,0.0,0.0,0.0,0.0,0.0,0.2,0.0,0.0,0.0,0.0,0.0,0.0,0.0,0.0,-0.23989838581069733,0.8999999999999998,630.6906,0.32895810155089866,0.6710418984491013
1038,pos_1140,YLLF,1,4,0.0,0.0,0.0,0.0,0.25,0.0,0.0,0.0,0.0,0.5,0.0,0.0,0.0,0.0,0.0,0.0,0.0,0.0,0.0,0.25,-0.2408973868096983,2.275,554.6775,0.9465338543045274,0.05346614569547259
1039,pos_1141,ISELGY,1,6,0.0,0.0,0.0,0.16666666666666666,0.0,0.16666666666666666,0.0,0.16666666666666666,0.0,0.16666666666666666,0.0,0.0,0.0,0.0,0.0,0.16666666666666666,0.0,0.0,0.0,0.16666666666666666,-1.2380869248364883,0.3833333333333333,680.7463,0.9420804592905712,0.05791954070942884
1040,pos_1142,DGVVYY,1,6,0.0,0.0,0.16666666666666666,0.0,0.0,0.16666666666666666,0.0,0.0,0.0,0.0,0.0,0.0,0.0,0.0,0.0,0.0,0.0,0.3333333333333333,0.0,0.3333333333333333,-1.2407756268688548,0.3166666666666667,714.7624,0.9856267204923095,0.014373279507690517
1041,pos_1143,VAPFPQ,1,6,0.16666666666666666,0.0,0.0,0.0,0.16666666666666666,0.0,0.0,0.0,0.0,0.0,0.0,0.0,0.3333333333333333,0.16666666666666666,0.0,0.0,0.0,0.16666666666666666,0.0,0.0,-0.26601161004484764,0.3499999999999999,657.7576,0.9235001749018948,0.07649982509810516
1042,pos_1144,PGCPST,1,6,0.0,0.16666666666666666,0.0,0.0,0.0,0.16666666666666666,0.0,0.0,0.0,0.0,0.0,0.0,0.3333333333333333,0.0,0.0,0.16666666666666666,0.16666666666666666,0.0,0.0,0.0,-0.051372122520654595,-0.43333333333333335,560.6211,0.8223818085632761,0.17761819143672386
1043,pos_1145,GQVPP,1,5,0.0,0.0,0.0,0.0,0.0,0.2,0.0,0.0,0.0,0.0,0.0,0.0,0.4,0.2,0.0,0.0,0.0,0.2,0.0,0.0,-0.23989838581069733,-0.58,496.55719999999997,0.986937655283673,0.013062344716326946
1044,pos_1146,SDEEVEH,1,7,0.0,0.0,0.14285714285714285,0.42857142857142855,0.0,0.0,0.14285714285714285,0.0,0.0,0.0,0.0,0.0,0.0,0.0,0.0,0.14285714285714285,0.0,0.14285714285714285,0.0,0.0,-4.443127205668339,-1.9714285714285715,843.7923,0.9795482716888071,0.020451728311192907
1045,pos_1147,SCQDQPTTLAR,1,11,0.09090909090909091,0.09090909090909091,0.09090909090909091,0.0,0.0,0.0,0.0,0.0,0.0,0.09090909090909091,0.0,0.0,0.09090909090909091,0.18181818181818182,0.09090909090909091,0.09090909090909091,0.18181818181818182,0.0,0.0,0.0,-0.5486437698415672,-0.9727272727272727,1219.3255,0.2762531768425629,0.7237468231574371
1046,pos_1148,DDDY,1,4,0.0,0.0,0.75,0.0,0.0,0.0,0.0,0.0,0.0,0.0,0.0,0.0,0.0,0.0,0.0,0.0,0.0,0.0,0.0,0.25,-3.2375351039901648,-2.95,526.4507,0.8968306553044447,0.10316934469555528
1047,pos_1149,YQY,1,3,0.0,0.0,0.0,0.0,0.0,0.0,0.0,0.0,0.0,0.0,0.0,0.0,0.0,0.3333333333333333,0.0,0.0,0.0,0.0,0.0,0.6666666666666666,-0.24189638780869938,-2.033333333333333,472.4909,0.9997974761151996,0.0002025238848003541
1048,pos_1150,GKPVAVPA,1,8,0.25,0.0,0.0,0.0,0.0,0.125,0.0,0.0,0.125,0.0,0.0,0.0,0.25,0.0,0.0,0.0,0.0,0.25,0.0,0.0,0.7591026131903019,0.5625,737.8870999999999,0.9030932580343587,0.09690674196564131
1049,pos_1151,SRGLPGME,1,8,0.0,0.0,0.0,0.125,0.0,0.25,0.0,0.0,0.0,0.125,0.125,0.0,0.125,0.0,0.125,0.125,0.0,0.0,0.0,0.0,-0.5318157989417018,-0.6875,845.9637,0.7148094378188554,0.2851905621811446
1050,pos_1152,EGGDGGYGGGGGGSRW,1,16,0.0,0.0,0.0625,0.0625,0.0,0.625,0.0,0.0,0.0,0.0,0.0,0.0,0.0,0.0,0.0625,0.0625,0.0,0.0,0.0625,0.0625,-1.1630606212611643,-1.15625,1425.3758,0.17790072663360618,0.8220992733663939
1051,pos_1153,GWNI,1,4,0.0,0.0,0.0,0.0,0.0,0.25,0.0,0.25,0.0,0.0,0.0,0.25,0.0,0.0,0.0,0.0,0.0,0.0,0.25,0.0,-0.23989838581069733,-0.07500000000000001,488.53669999999994,0.9196779997939539,0.08032200020604607
1052,pos_1154,GKGEGGGGLA,1,10,0.1,0.0,0.0,0.1,0.0,0.6,0.0,0.0,0.1,0.1,0.0,0.0,0.0,0.0,0.0,0.0,0.0,0.0,0.0,0.0,-0.23808692483648786,-0.42000000000000004,801.8448999999999,0.8089966270288101,0.19100337297118986
1053,pos_1155,NIPPLTQTPVVVPFLQPEVM,1,20,0.0,0.0,0.0,0.05,0.05,0.0,0.0,0.05,0.0,0.1,0.05,0.05,0.25,0.1,0.0,0.0,0.1,0.2,0.0,0.0,-1.2370879238374872,0.51,2219.6407,0.012366477631898198,0.9876335223681018
1054,pos_1157,RHD,1,3,0.0,0.0,0.3333333333333333,0.0,0.0,0.0,0.3333333333333333,0.0,0.0,0.0,0.0,0.0,0.0,0.0,0.3333333333333333,0.0,0.0,0.0,0.0,0.0,-0.1484325349089637,-3.733333333333333,426.4277,0.9849489409155585,0.015051059084441487
1055,pos_1159,YYK,1,3,0.0,0.0,0.0,0.0,0.0,0.0,0.0,0.0,0.3333333333333333,0.0,0.0,0.0,0.0,0.0,0.0,0.0,0.0,0.0,0.0,0.6666666666666666,0.7571046111922999,-2.1666666666666665,472.53400000000005,0.9992440310587051,0.0007559689412949266
1056,pos_1160,ESTLHLVLR,1,9,0.0,0.0,0.0,0.1111111111111111,0.0,0.0,0.1111111111111111,0.0,0.0,0.3333333333333333,0.0,0.0,0.0,0.0,0.1111111111111111,0.1111111111111111,0.1111111111111111,0.1111111111111111,0.0,0.0,-0.076008192947421,0.3222222222222222,1067.2393,0.7459858003745091,0.2540141996254909
1057,pos_1161,PHG,1,3,0.0,0.0,0.0,0.0,0.0,0.3333333333333333,0.3333333333333333,0.0,0.0,0.0,0.0,0.0,0.3333333333333333,0.0,0.0,0.0,0.0,0.0,0.0,0.0,0.04570305583294221,-1.7333333333333334,309.3211,0.9977026542836859,0.0022973457163141253
1058,pos_1162,GPVRGPFPII,1,10,0.0,0.0,0.0,0.0,0.1,0.2,0.0,0.2,0.0,0.0,0.0,0.0,0.3,0.0,0.1,0.0,0.0,0.1,0.0,0.0,0.7600916142893016,0.59,1052.2692,0.40410083722462314,0.5958991627753769
1059,pos_1163,APFPEVFGKEKVNEL,1,15,0.06666666666666667,0.0,0.0,0.2,0.13333333333333333,0.06666666666666667,0.0,0.0,0.13333333333333333,0.06666666666666667,0.0,0.06666666666666667,0.13333333333333333,0.0,0.0,0.0,0.0,0.13333333333333333,0.0,0.0,-1.1976920282242838,-0.38666666666666666,1703.9313000000002,0.0928171808238612,0.9071828191761389
1060,pos_1165,EIVPN,1,5,0.0,0.0,0.0,0.2,0.0,0.0,0.0,0.2,0.0,0.0,0.0,0.2,0.2,0.0,0.0,0.0,0.0,0.2,0.0,0.0,-1.1631723813020067,0.020000000000000018,570.6357,0.9808456298654612,0.0191543701345388
1061,pos_1166,LALPA,1,5,0.4,0.0,0.0,0.0,0.0,0.0,0.0,0.0,0.0,0.4,0.0,0.0,0.2,0.0,0.0,0.0,0.0,0.0,0.0,0.0,-0.23989838581069733,1.92,483.6015,0.9310820269709357,0.06891797302906433
1062,pos_1167,YMY,1,3,0.0,0.0,0.0,0.0,0.0,0.0,0.0,0.0,0.0,0.0,0.3333333333333333,0.0,0.0,0.0,0.0,0.0,0.0,0.0,0.0,0.6666666666666666,-0.24189638780869938,-0.2333333333333334,475.5577,0.9989359183814459,0.0010640816185540913
1063,pos_1168,GPSGPPGPKGN,1,11,0.0,0.0,0.0,0.0,0.0,0.36363636363636365,0.0,0.0,0.09090909090909091,0.0,0.0,0.09090909090909091,0.36363636363636365,0.0,0.0,0.09090909090909091,0.0,0.0,0.0,0.0,0.7591026131903019,-1.4727272727272727,964.0335,0.6014469427799922,0.3985530572200078
1064,pos_1169,ALEPDHR,1,7,0.14285714285714285,0.0,0.14285714285714285,0.14285714285714285,0.0,0.0,0.14285714285714285,0.0,0.0,0.14285714285714285,0.0,0.0,0.14285714285714285,0.0,0.14285714285714285,0.0,0.0,0.0,0.0,0.0,-1.1130300008782723,-1.5285714285714287,836.8924,0.9070757558573054,0.09292424414269462
1065,pos_1171,TWKVV,1,5,0.0,0.0,0.0,0.0,0.0,0.0,0.0,0.0,0.2,0.0,0.0,0.0,0.0,0.0,0.0,0.0,0.2,0.4,0.2,0.0,0.39719759336762717,0.5800000000000001,631.7634,0.9670636135425741,0.032936386457425915
1066,pos_1172,QGAR,1,4,0.25,0.0,0.0,0.0,0.0,0.25,0.0,0.0,0.0,0.0,0.0,0.0,0.0,0.25,0.25,0.0,0.0,0.0,0.0,0.0,0.7600916142893016,-1.65,430.45939999999996,0.9648983618149827,0.035101638185017325
1067,pos_1173,LWQ,1,3,0.0,0.0,0.0,0.0,0.0,0.0,0.0,0.0,0.0,0.3333333333333333,0.0,0.0,0.0,0.3333333333333333,0.0,0.0,0.0,0.0,0.3333333333333333,0.0,-0.23989838581069733,-0.20000000000000007,445.512,0.9878069766688894,0.012193023331110608
1068,pos_1175,LSNLHAYNL,1,9,0.1111111111111111,0.0,0.0,0.0,0.0,0.0,0.1111111111111111,0.0,0.0,0.3333333333333333,0.0,0.2222222222222222,0.0,0.0,0.0,0.1111111111111111,0.0,0.0,0.0,0.1111111111111111,-0.1537231985551114,0.09999999999999992,1044.161,0.750064364757987,0.249935635242013
1069,pos_1176,VLSTSFPPK,1,9,0.0,0.0,0.0,0.0,0.1111111111111111,0.0,0.0,0.0,0.1111111111111111,0.1111111111111111,0.0,0.0,0.2222222222222222,0.0,0.0,0.2222222222222222,0.1111111111111111,0.1111111111111111,0.0,0.0,0.7329893889561515,0.15555555555555553,975.1389000000001,0.40940785571957206,0.5905921442804279
1070,pos_1178,NPFMAP,1,6,0.16666666666666666,0.0,0.0,0.0,0.16666666666666666,0.0,0.0,0.0,0.0,0.0,0.16666666666666666,0.16666666666666666,0.3333333333333333,0.0,0.0,0.0,0.0,0.0,0.0,0.0,-0.23989838581069733,-0.0333333333333334,675.7959999999999,0.7631738211455363,0.23682617885446366
1071,pos_1179,ADF,1,3,0.3333333333333333,0.0,0.3333333333333333,0.0,0.3333333333333333,0.0,0.0,0.0,0.0,0.0,0.0,0.0,0.0,0.0,0.0,0.0,0.0,0.0,0.0,0.0,-1.2030046512060686,0.36666666666666664,351.3544,0.6647639365612602,0.3352360634387398
1072,pos_1180,KGALG,1,5,0.2,0.0,0.0,0.0,0.0,0.4,0.0,0.0,0.2,0.2,0.0,0.0,0.0,0.0,0.0,0.0,0.0,0.0,0.0,0.0,0.7591026131903019,0.18,444.52570000000003,0.9206565657944058,0.0793434342055942
1073,pos_1181,YPWT,1,4,0.0,0.0,0.0,0.0,0.0,0.0,0.0,0.0,0.0,0.0,0.0,0.0,0.25,0.0,0.0,0.0,0.25,0.0,0.25,0.25,-0.2408973868096983,-1.125,565.6175000000001,0.9898876710748999,0.010112328925100056
1074,pos_1182,WAFS,1,4,0.25,0.0,0.0,0.0,0.25,0.0,0.0,0.0,0.0,0.0,0.0,0.0,0.0,0.0,0.0,0.25,0.0,0.0,0.25,0.0,-0.23989838581069733,0.725,509.5542,0.6282612647168376,0.37173873528316237
1075,pos_1183,ANSLLN,1,6,0.16666666666666666,0.0,0.0,0.0,0.0,0.0,0.0,0.0,0.0,0.3333333333333333,0.0,0.3333333333333333,0.0,0.0,0.0,0.16666666666666666,0.0,0.0,0.0,0.0,-0.20412541214591307,0.2666666666666666,630.6908999999999,0.8050244043225349,0.19497559567746514
1076,pos_1184,NSGPLVNP,1,8,0.0,0.0,0.0,0.0,0.0,0.125,0.0,0.0,0.0,0.125,0.0,0.25,0.25,0.0,0.0,0.125,0.0,0.125,0.0,0.0,-0.23989838581069733,-0.42500000000000004,796.8680999999999,0.8139908609673469,0.18600913903265315
1077,pos_1185,KYP,1,3,0.0,0.0,0.0,0.0,0.0,0.0,0.0,0.0,0.3333333333333333,0.0,0.0,0.0,0.3333333333333333,0.0,0.0,0.0,0.0,0.0,0.0,0.3333333333333333,0.758103612191301,-2.2666666666666666,406.476,0.9964571598459228,0.0035428401540772425
1078,pos_1186,LAPSTIK,1,7,0.14285714285714285,0.0,0.0,0.0,0.0,0.0,0.0,0.14285714285714285,0.14285714285714285,0.14285714285714285,0.0,0.0,0.14285714285714285,0.0,0.0,0.14285714285714285,0.14285714285714285,0.0,0.0,0.0,0.7591026131903019,0.4428571428571428,728.8770999999999,0.7117810819962345,0.28821891800376553
1079,pos_1187,PWA,1,3,0.3333333333333333,0.0,0.0,0.0,0.0,0.0,0.0,0.0,0.0,0.0,0.0,0.0,0.3333333333333333,0.0,0.0,0.0,0.0,0.0,0.3333333333333333,0.0,-0.041471132421644796,-0.23333333333333336,372.4183,0.9720141235845248,0.02798587641547523
1080,pos_1188,CTN,1,3,0.0,0.3333333333333333,0.0,0.0,0.0,0.0,0.0,0.0,0.0,0.0,0.0,0.3333333333333333,0.0,0.0,0.0,0.0,0.3333333333333333,0.0,0.0,0.0,-0.24979937590970713,-0.5666666666666667,336.3647,0.9296963045857153,0.07030369541428472
1081,pos_1189,KGIFG,1,5,0.0,0.0,0.0,0.0,0.2,0.4,0.0,0.2,0.2,0.0,0.0,0.0,0.0,0.0,0.0,0.0,0.0,0.0,0.0,0.0,0.7591026131903019,0.5199999999999999,520.6216000000001,0.741446577869198,0.258553422130802
1082,pos_1191,RWQ,1,3,0.0,0.0,0.0,0.0,0.0,0.0,0.0,0.0,0.0,0.0,0.0,0.0,0.0,0.3333333333333333,0.3333333333333333,0.0,0.0,0.0,0.3333333333333333,0.0,0.7600916142893016,-2.966666666666667,488.5401,0.9803804373275047,0.019619562672495316
1083,pos_1192,YAKP,1,4,0.25,0.0,0.0,0.0,0.0,0.0,0.0,0.0,0.25,0.0,0.0,0.0,0.25,0.0,0.0,0.0,0.0,0.0,0.0,0.25,0.758103612191301,-1.25,477.55389999999994,0.9880973290716674,0.011902670928332637
1084,pos_1193,TSVLR,1,5,0.0,0.0,0.0,0.0,0.0,0.0,0.0,0.0,0.0,0.2,0.0,0.0,0.0,0.0,0.2,0.2,0.2,0.2,0.0,0.0,0.3981865944666271,0.4,574.6708,0.8875190766311519,0.11248092336884807
1085,pos_1195,VCSV,1,4,0.0,0.25,0.0,0.0,0.0,0.0,0.0,0.0,0.0,0.0,0.0,0.0,0.0,0.0,0.0,0.25,0.0,0.5,0.0,0.0,-0.27591260014385743,2.525,406.4975,0.9366156449167428,0.06338435508325724
1086,pos_1196,AGWNIPIGT,1,9,0.1111111111111111,0.0,0.0,0.0,0.0,0.2222222222222222,0.0,0.2222222222222222,0.0,0.0,0.0,0.1111111111111111,0.1111111111111111,0.0,0.0,0.0,0.1111111111111111,0.0,0.1111111111111111,0.0,-0.20412541214591307,0.36666666666666664,928.0426,0.5954250975398684,0.4045749024601316
1087,pos_1197,WDHHAPQLR,1,9,0.1111111111111111,0.0,0.1111111111111111,0.0,0.0,0.0,0.2222222222222222,0.0,0.0,0.1111111111111111,0.0,0.0,0.1111111111111111,0.1111111111111111,0.1111111111111111,0.0,0.0,0.0,0.1111111111111111,0.0,-0.06443924826168002,-1.6444444444444446,1159.2567999999999,0.7386607468989492,0.2613392531010508
1088,pos_1198,SLPGGYGL,1,8,0.0,0.0,0.0,0.0,0.0,0.375,0.0,0.0,0.0,0.25,0.0,0.0,0.125,0.0,0.0,0.125,0.0,0.0,0.0,0.125,-0.540852541781402,0.3374999999999999,762.8500999999999,0.8495409041422924,0.15045909585770756
1089,pos_1199,YEY,1,3,0.0,0.0,0.0,0.3333333333333333,0.0,0.0,0.0,0.0,0.0,0.0,0.0,0.0,0.0,0.0,0.0,0.0,0.0,0.0,0.0,0.6666666666666666,-1.239085925835489,-2.033333333333333,473.4757,0.9998669448467624,0.00013305515323758232
1090,pos_1200,RYLGY,1,5,0.0,0.0,0.0,0.0,0.0,0.2,0.0,0.0,0.0,0.2,0.0,0.0,0.0,0.0,0.2,0.0,0.0,0.0,0.0,0.4,0.7580936122912996,-0.74,670.7563,0.9831678796310673,0.016832120368932668
1091,pos_1202,WGN,1,3,0.0,0.0,0.0,0.0,0.0,0.3333333333333333,0.0,0.0,0.0,0.0,0.0,0.3333333333333333,0.0,0.0,0.0,0.0,0.0,0.0,0.3333333333333333,0.0,-0.23989838581069733,-1.5999999999999999,375.3791,0.9678611302377769,0.03213886976222313
1092,pos_1203,GLPQEVLN,1,8,0.0,0.0,0.0,0.125,0.0,0.125,0.0,0.0,0.0,0.25,0.0,0.125,0.125,0.125,0.0,0.0,0.0,0.125,0.0,0.0,-1.2370879238374872,-0.08750000000000004,868.9738,0.9240192500917843,0.07598074990821568
1093,pos_1204,VVVNIPPTLK,1,10,0.0,0.0,0.0,0.0,0.0,0.0,0.0,0.1,0.1,0.1,0.0,0.1,0.2,0.0,0.0,0.0,0.1,0.3,0.0,0.0,0.7329893889561515,0.96,1079.3327,0.6997202614568676,0.3002797385431324
1094,pos_1205,GRW,1,3,0.0,0.0,0.0,0.0,0.0,0.3333333333333333,0.0,0.0,0.0,0.0,0.0,0.0,0.0,0.0,0.3333333333333333,0.0,0.0,0.0,0.3333333333333333,0.0,0.7600916142893016,-1.9333333333333333,417.4622,0.9394493973832427,0.060550602616757265
1095,pos_1206,RGLSK,1,5,0.0,0.0,0.0,0.0,0.0,0.2,0.0,0.0,0.2,0.2,0.0,0.0,0.0,0.0,0.2,0.2,0.0,0.0,0.0,0.0,1.759092613290301,-1.16,559.6595,0.7693949700086795,0.2306050299913205
1096,pos_1207,GTPGLQGMPGER,1,12,0.0,0.0,0.0,0.08333333333333333,0.0,0.3333333333333333,0.0,0.0,0.0,0.08333333333333333,0.08333333333333333,0.0,0.16666666666666666,0.08333333333333333,0.08333333333333333,0.0,0.08333333333333333,0.0,0.0,0.0,-0.23709792373748817,-0.9416666666666668,1199.3373,0.49258949428077414,0.5074105057192259
1097,pos_1208,SVL,1,3,0.0,0.0,0.0,0.0,0.0,0.0,0.0,0.0,0.0,0.3333333333333333,0.0,0.0,0.0,0.0,0.0,0.3333333333333333,0.0,0.3333333333333333,0.0,0.0,-0.539853540782401,2.4,317.3812,0.9630668132222566,0.036933186777743376
1098,pos_1209,VLPPQQQY,1,8,0.0,0.0,0.0,0.0,0.0,0.0,0.0,0.0,0.0,0.125,0.0,0.0,0.25,0.375,0.0,0.0,0.0,0.125,0.0,0.125,-0.2670106110438486,-0.875,972.0951,0.9607730798126697,0.039226920187330316
1099,pos_1210,WPWQMSLY,1,8,0.0,0.0,0.0,0.0,0.0,0.0,0.0,0.0,0.0,0.125,0.125,0.0,0.125,0.125,0.0,0.125,0.0,0.0,0.25,0.125,-0.2408973868096983,-0.4125000000000001,1110.2836,0.6347536901074123,0.36524630989258766
1100,pos_1211,YVEELKPTPEGDL,1,13,0.0,0.0,0.07692307692307693,0.23076923076923078,0.0,0.07692307692307693,0.0,0.0,0.07692307692307693,0.15384615384615385,0.0,0.0,0.15384615384615385,0.0,0.0,0.0,0.07692307692307693,0.07692307692307693,0.0,0.07692307692307693,-3.2323442409492236,-0.9000000000000001,1489.6219999999998,0.46535083965050766,0.5346491603494923
1101,pos_1212,FWKVV,1,5,0.0,0.0,0.0,0.0,0.2,0.0,0.0,0.0,0.2,0.0,0.0,0.0,0.0,0.0,0.0,0.0,0.0,0.4,0.2,0.0,0.7591026131903019,1.28,677.8333,0.8886558876298777,0.11134411237012232
1102,pos_1213,LSPLYE,1,6,0.0,0.0,0.0,0.16666666666666666,0.0,0.0,0.0,0.0,0.0,0.3333333333333333,0.0,0.0,0.16666666666666666,0.0,0.0,0.16666666666666666,0.0,0.0,0.0,0.16666666666666666,-1.232849645068998,0.06666666666666658,720.8102,0.9568584483009698,0.04314155169903022
1103,pos_1214,HANENIF,1,7,0.14285714285714285,0.0,0.0,0.14285714285714285,0.14285714285714285,0.0,0.14285714285714285,0.14285714285714285,0.0,0.0,0.0,0.2857142857142857,0.0,0.0,0.0,0.0,0.0,0.0,0.0,0.0,-1.1499137355829,-0.6571428571428573,843.8830999999999,0.8716724958193294,0.12832750418067063
1104,pos_1216,YAEERYPIL,1,9,0.1111111111111111,0.0,0.0,0.2222222222222222,0.0,0.0,0.0,0.1111111111111111,0.0,0.1111111111111111,0.0,0.0,0.1111111111111111,0.0,0.1111111111111111,0.0,0.0,0.0,0.0,0.2222222222222222,-1.2362854637622802,-0.6222222222222222,1153.2837,0.8572450549119418,0.1427549450880582
1105,pos_1218,YGIKVGYAIP,1,10,0.1,0.0,0.0,0.0,0.0,0.2,0.0,0.2,0.1,0.0,0.0,0.0,0.1,0.0,0.0,0.0,0.0,0.1,0.0,0.2,0.7571046111922999,0.61,1080.2759,0.7326651339460283,0.2673348660539717
1106,pos_1219,YIPIQYVLSR,1,10,0.0,0.0,0.0,0.0,0.0,0.0,0.0,0.2,0.0,0.1,0.0,0.0,0.1,0.1,0.1,0.1,0.0,0.1,0.0,0.2,0.7580936122912996,0.4,1251.4729,0.547742471353545,0.45225752864645496
1107,pos_1220,PVLGPVRGPFPI,1,12,0.0,0.0,0.0,0.0,0.08333333333333333,0.16666666666666666,0.0,0.08333333333333333,0.0,0.08333333333333333,0.0,0.0,0.3333333333333333,0.0,0.08333333333333333,0.0,0.0,0.16666666666666666,0.0,0.0,0.9585188676783541,0.65,1248.5154,0.3043293353604808,0.6956706646395192
1108,pos_1221,YFYPEL,1,6,0.0,0.0,0.0,0.16666666666666666,0.16666666666666666,0.0,0.0,0.0,0.0,0.16666666666666666,0.0,0.0,0.16666666666666666,0.0,0.0,0.0,0.0,0.0,0.0,0.3333333333333333,-1.239085925835489,-0.18333333333333343,830.9223,0.9706330108597976,0.029366989140202415
1109,pos_1222,KVEGDLK,1,7,0.0,0.0,0.14285714285714285,0.14285714285714285,0.0,0.14285714285714285,0.0,0.0,0.2857142857142857,0.14285714285714285,0.0,0.0,0.0,0.0,0.0,0.0,0.0,0.14285714285714285,0.0,0.0,-0.23796516489564423,-1.0285714285714287,787.9011999999999,0.8650174086792747,0.13498259132072532
1110,pos_1223,IRWWW,1,5,0.0,0.0,0.0,0.0,0.0,0.0,0.0,0.2,0.0,0.0,0.0,0.0,0.0,0.0,0.2,0.0,0.0,0.0,0.6,0.0,0.7600916142893016,-0.54,845.9883,0.6780149364565153,0.32198506354348466
1111,pos_1224,YGPQQQE,1,7,0.0,0.0,0.0,0.14285714285714285,0.0,0.14285714285714285,0.0,0.0,0.0,0.0,0.0,0.0,0.14285714285714285,0.42857142857142855,0.0,0.0,0.0,0.0,0.0,0.14285714285714285,-1.232849645068998,-2.4714285714285715,848.8566,0.9872166996716926,0.012783300328307434
1112,pos_1225,YFLWP,1,5,0.0,0.0,0.0,0.0,0.2,0.0,0.0,0.0,0.0,0.2,0.0,0.0,0.2,0.0,0.0,0.0,0.0,0.0,0.2,0.2,-0.2408973868096983,0.5599999999999998,724.845,0.9063033803494117,0.09369661965058829
1113,pos_1226,EDELQDKIHPF,1,11,0.0,0.0,0.18181818181818182,0.18181818181818182,0.09090909090909091,0.0,0.09090909090909091,0.09090909090909091,0.09090909090909091,0.09090909090909091,0.0,0.0,0.09090909090909091,0.09090909090909091,0.0,0.0,0.0,0.0,0.0,0.0,-3.0719452101935216,-1.3727272727272728,1370.4631,0.3676931749537645,0.6323068250462355
1114,pos_1227,SVMPVVA,1,7,0.14285714285714285,0.0,0.0,0.0,0.0,0.0,0.0,0.0,0.0,0.0,0.14285714285714285,0.0,0.14285714285714285,0.0,0.0,0.14285714285714285,0.0,0.42857142857142855,0.0,0.0,-0.539853540782401,1.9857142857142858,701.8747,0.9114769831189063,0.08852301688109365
1115,pos_1228,AAAAG,1,5,0.8,0.0,0.0,0.0,0.0,0.2,0.0,0.0,0.0,0.0,0.0,0.0,0.0,0.0,0.0,0.0,0.0,0.0,0.0,0.0,-0.20412541214591307,1.3599999999999999,359.3782,0.9306591123251097,0.06934088767489033
1116,pos_1229,RHS,1,3,0.0,0.0,0.0,0.0,0.0,0.0,0.3333333333333333,0.0,0.0,0.0,0.0,0.0,0.0,0.0,0.3333333333333333,0.3333333333333333,0.0,0.0,0.0,0.0,0.8472658025438885,-2.8333333333333335,398.4176,0.9822875067630507,0.017712493236949345
1117,pos_1230,LVYPFPGPIPN,1,11,0.0,0.0,0.0,0.0,0.09090909090909091,0.09090909090909091,0.0,0.09090909090909091,0.0,0.09090909090909091,0.0,0.09090909090909091,0.36363636363636365,0.0,0.0,0.0,0.0,0.09090909090909091,0.0,0.09090909090909091,-0.2408973868096983,0.3363636363636363,1213.4232,0.4751570975635383,0.5248429024364617
1118,pos_1232,VPP,1,3,0.0,0.0,0.0,0.0,0.0,0.0,0.0,0.0,0.0,0.0,0.0,0.0,0.6666666666666666,0.0,0.0,0.0,0.0,0.3333333333333333,0.0,0.0,-0.26601161004484764,0.3333333333333333,311.37669999999997,0.9946466422370535,0.005353357762946542
1119,pos_1233,PNRPQF,1,6,0.0,0.0,0.0,0.0,0.16666666666666666,0.0,0.0,0.0,0.0,0.0,0.0,0.16666666666666666,0.3333333333333333,0.16666666666666666,0.16666666666666666,0.0,0.0,0.0,0.0,0.0,0.9585188676783541,-1.9833333333333334,757.837,0.814666976961177,0.18533302303882304
1120,pos_1234,RHR,1,3,0.0,0.0,0.0,0.0,0.0,0.0,0.3333333333333333,0.0,0.0,0.0,0.0,0.0,0.0,0.0,0.6666666666666666,0.0,0.0,0.0,0.0,0.0,1.847255802643888,-4.066666666666666,467.526,0.9900243867691423,0.009975613230857716
1121,pos_1235,PKAVHE,1,6,0.16666666666666666,0.0,0.0,0.16666666666666666,0.0,0.0,0.16666666666666666,0.0,0.16666666666666666,0.0,0.0,0.0,0.16666666666666666,0.0,0.0,0.0,0.0,0.16666666666666666,0.0,0.0,0.052751796574641796,-1.0333333333333334,679.765,0.9866227755619027,0.013377224438097302
1122,pos_1236,EPVLGPVRGPFP,1,12,0.0,0.0,0.0,0.08333333333333333,0.08333333333333333,0.16666666666666666,0.0,0.0,0.0,0.08333333333333333,0.0,0.0,0.3333333333333333,0.0,0.08333333333333333,0.0,0.0,0.16666666666666666,0.0,0.0,-0.1631823812020079,-0.0166666666666667,1264.4718,0.42651313103783955,0.5734868689621604
1123,pos_1237,RNPIYS,1,6,0.0,0.0,0.0,0.0,0.0,0.0,0.0,0.16666666666666666,0.0,0.0,0.0,0.16666666666666666,0.16666666666666666,0.0,0.16666666666666666,0.16666666666666666,0.0,0.0,0.0,0.16666666666666666,0.7590926132903006,-1.2,748.8269,0.8479794732809325,0.15202052671906752
1124,pos_1238,GYY,1,3,0.0,0.0,0.0,0.0,0.0,0.3333333333333333,0.0,0.0,0.0,0.0,0.0,0.0,0.0,0.0,0.0,0.0,0.0,0.0,0.0,0.6666666666666666,-0.24189638780869938,-1.0,401.413,0.9993480243691759,0.0006519756308240865
1125,pos_1239,LVSGM,1,5,0.0,0.0,0.0,0.0,0.0,0.2,0.0,0.0,0.0,0.2,0.2,0.0,0.0,0.0,0.0,0.2,0.0,0.2,0.0,0.0,-0.23989838581069733,1.7399999999999998,505.62850000000003,0.8923746814309608,0.10762531856903923
1126,pos_1240,LTPTSN,1,6,0.0,0.0,0.0,0.0,0.0,0.0,0.0,0.0,0.0,0.16666666666666666,0.0,0.16666666666666666,0.16666666666666666,0.0,0.0,0.16666666666666666,0.3333333333333333,0.0,0.0,0.0,-0.23989838581069733,-0.5833333333333334,631.6758,0.8711614016577285,0.12883859834227152
1127,pos_1241,VKELY,1,5,0.0,0.0,0.0,0.2,0.0,0.0,0.0,0.0,0.2,0.2,0.0,0.0,0.0,0.0,0.0,0.0,0.0,0.2,0.0,0.2,-0.26519915006963934,-0.13999999999999999,650.7634,0.9915852457892199,0.008414754210780084
1128,pos_1242,MWTD,1,4,0.0,0.0,0.25,0.0,0.0,0.0,0.0,0.0,0.0,0.0,0.25,0.0,0.0,0.0,0.0,0.0,0.25,0.0,0.25,0.0,-1.4953436499115074,-0.8,551.6125000000001,0.8584309268779661,0.14156907312203393
1129,pos_1243,GPAGDY,1,6,0.16666666666666666,0.0,0.16666666666666666,0.0,0.0,0.3333333333333333,0.0,0.0,0.0,0.0,0.0,0.0,0.16666666666666666,0.0,0.0,0.0,0.0,0.0,0.0,0.16666666666666666,-1.2397766258698537,-0.9,578.5716,0.9438868886087041,0.05611311139129593
1130,pos_1245,KHNRGDEF,1,8,0.0,0.0,0.125,0.125,0.125,0.125,0.125,0.0,0.125,0.0,0.0,0.125,0.0,0.0,0.125,0.0,0.0,0.0,0.0,0.0,-0.149801975542057,-2.4625,1002.0417,0.6509748455657057,0.34902515443429427
1131,pos_1246,PQGPIGVP,1,8,0.0,0.0,0.0,0.0,0.0,0.25,0.0,0.125,0.0,0.0,0.0,0.0,0.375,0.125,0.0,0.0,0.0,0.125,0.0,0.0,-0.041471132421644796,-0.05000000000000002,763.8813,0.9116292053860066,0.08837079461399344
1132,pos_1247,GPPGPPGPPG,1,10,0.0,0.0,0.0,0.0,0.0,0.4,0.0,0.0,0.0,0.0,0.0,0.0,0.6,0.0,0.0,0.0,0.0,0.0,0.0,0.0,-0.23989838581069733,-1.12,828.9117,0.8407261541470092,0.15927384585299076
1133,pos_1248,NTVPAKSCQAQPTTM,1,15,0.13333333333333333,0.06666666666666667,0.0,0.0,0.0,0.0,0.0,0.0,0.06666666666666667,0.0,0.06666666666666667,0.06666666666666667,0.13333333333333333,0.13333333333333333,0.0,0.06666666666666667,0.2,0.06666666666666667,0.0,0.0,0.7492016230912921,-0.5533333333333333,1576.7937000000002,0.09945330684352818,0.9005466931564718
1134,pos_1249,LHH,1,3,0.0,0.0,0.0,0.0,0.0,0.0,0.6666666666666666,0.0,0.0,0.3333333333333333,0.0,0.0,0.0,0.0,0.0,0.0,0.0,0.0,0.0,0.0,-0.06555000930152344,-0.8666666666666668,405.45149999999995,0.999619926331466,0.0003800736685339867
1135,pos_1250,PQFYW,1,5,0.0,0.0,0.0,0.0,0.2,0.0,0.0,0.0,0.0,0.0,0.0,0.0,0.2,0.2,0.0,0.0,0.0,0.0,0.2,0.2,-0.04247013342064576,-0.9,739.8166,0.9506295965906274,0.0493704034093726
1136,pos_1251,FHNMEK,1,6,0.0,0.0,0.0,0.16666666666666666,0.16666666666666666,0.0,0.16666666666666666,0.0,0.16666666666666666,0.0,0.16666666666666666,0.16666666666666666,0.0,0.0,0.0,0.0,0.0,0.0,0.0,0.0,-0.15091273658190096,-1.5666666666666667,804.9132999999999,0.9076428763672942,0.09235712363270576
1137,pos_1252,MY,1,2,0.0,0.0,0.0,0.0,0.0,0.0,0.0,0.0,0.0,0.0,0.5,0.0,0.0,0.0,0.0,0.0,0.0,0.0,0.0,0.5,-0.5006443134576561,0.29999999999999993,312.3845,0.9983513534749711,0.0016486465250289406
1138,pos_1253,EDVPSER,1,7,0.0,0.0,0.14285714285714285,0.2857142857142857,0.0,0.0,0.0,0.0,0.0,0.0,0.0,0.0,0.14285714285714285,0.0,0.14285714285714285,0.14285714285714285,0.0,0.14285714285714285,0.0,0.0,-2.159251158288953,-1.8857142857142857,830.8399,0.8892601543395009,0.1107398456604991
1139,pos_1254,LASSGIDHEGRLPR,1,14,0.07142857142857142,0.0,0.07142857142857142,0.07142857142857142,0.0,0.14285714285714285,0.07142857142857142,0.07142857142857142,0.0,0.14285714285714285,0.0,0.0,0.07142857142857142,0.0,0.14285714285714285,0.14285714285714285,0.0,0.0,0.0,0.0,-0.1488129744430573,-0.6642857142857144,1507.6505,0.08681973959786353,0.9131802604021365
1140,pos_1255,WISELG,1,6,0.0,0.0,0.0,0.16666666666666666,0.0,0.16666666666666666,0.0,0.16666666666666666,0.0,0.16666666666666666,0.0,0.0,0.0,0.0,0.0,0.16666666666666666,0.0,0.0,0.16666666666666666,0.0,-1.2370879238374872,0.44999999999999996,703.783,0.8413661873123616,0.15863381268763843
1141,pos_1256,GFGPGL,1,6,0.0,0.0,0.0,0.0,0.16666666666666666,0.5,0.0,0.0,0.0,0.16666666666666666,0.0,0.0,0.16666666666666666,0.0,0.0,0.0,0.0,0.0,0.0,0.0,-0.23989838581069733,0.6333333333333332,546.6157999999999,0.8290928204847464,0.17090717951525358
1142,pos_1257,AFDEGPWPK,1,9,0.1111111111111111,0.0,0.1111111111111111,0.1111111111111111,0.1111111111111111,0.1111111111111111,0.0,0.0,0.1111111111111111,0.0,0.0,0.0,0.2222222222222222,0.0,0.0,0.0,0.0,0.0,0.1111111111111111,0.0,-1.201193190231859,-1.2000000000000002,1046.1323,0.4821366439804243,0.5178633560195758
1143,pos_1258,WVYY,1,4,0.0,0.0,0.0,0.0,0.0,0.0,0.0,0.0,0.0,0.0,0.0,0.0,0.0,0.0,0.0,0.0,0.0,0.25,0.25,0.5,-0.24189638780869938,0.17500000000000002,629.7026000000001,0.9979541629971849,0.002045837002815132
1144,pos_1259,YIQKEDVPSER,1,11,0.0,0.0,0.09090909090909091,0.18181818181818182,0.0,0.0,0.0,0.09090909090909091,0.09090909090909091,0.0,0.0,0.0,0.09090909090909091,0.09090909090909091,0.09090909090909091,0.09090909090909091,0.0,0.09090909090909091,0.0,0.09090909090909091,-1.235164702822435,-1.5818181818181818,1363.4722,0.4614128545482027,0.5385871454517973
1145,pos_1260,FIGP,1,4,0.0,0.0,0.0,0.0,0.25,0.25,0.0,0.25,0.0,0.0,0.0,0.0,0.25,0.0,0.0,0.0,0.0,0.0,0.0,0.0,-0.23989838581069733,1.325,432.5132,0.8314135807921835,0.16858641920781647
1146,pos_1261,PAR,1,3,0.3333333333333333,0.0,0.0,0.0,0.0,0.0,0.0,0.0,0.0,0.0,0.0,0.0,0.3333333333333333,0.0,0.3333333333333333,0.0,0.0,0.0,0.0,0.0,0.9585188676783541,-1.4333333333333333,342.3941,0.9592316862836855,0.04076831371631451
1147,pos_1262,NLNQCQRYM,1,9,0.0,0.1111111111111111,0.0,0.0,0.0,0.0,0.0,0.0,0.0,0.1111111111111111,0.1111111111111111,0.2222222222222222,0.0,0.2222222222222222,0.1111111111111111,0.0,0.0,0.0,0.0,0.1111111111111111,0.7491916231912907,-1.2888888888888888,1169.3343,0.5687187232609165,0.43128127673908345
1148,pos_1263,SY,1,2,0.0,0.0,0.0,0.0,0.0,0.0,0.0,0.0,0.0,0.0,0.0,0.0,0.0,0.0,0.0,0.5,0.0,0.0,0.0,0.5,-0.540852541781402,-1.05,268.2658,0.9951085783668896,0.004891421633110404
1149,pos_1264,LELPLK,1,6,0.0,0.0,0.0,0.16666666666666666,0.0,0.0,0.0,0.0,0.16666666666666666,0.5,0.0,0.0,0.16666666666666666,0.0,0.0,0.0,0.0,0.0,0.0,0.0,-0.23808692483648786,0.3999999999999999,711.8896,0.9290736659002351,0.0709263340997649
1150,pos_1265,FLNDFLHV,1,8,0.0,0.0,0.125,0.0,0.25,0.0,0.125,0.0,0.0,0.25,0.0,0.125,0.0,0.0,0.0,0.0,0.0,0.125,0.0,0.0,-1.151603436616266,0.8999999999999999,1004.1384,0.5057948879703785,0.4942051120296215
1151,pos_1266,SVLGTGC,1,7,0.0,0.14285714285714285,0.0,0.0,0.0,0.2857142857142857,0.0,0.0,0.0,0.14285714285714285,0.0,0.0,0.0,0.0,0.0,0.14285714285714285,0.14285714285714285,0.14285714285714285,0.0,0.0,-0.5497545308814108,1.1714285714285713,635.7306,0.7961608866545573,0.2038391133454427
1152,pos_1267,QAGTGAGAGGGAGTKTSS,1,18,0.2222222222222222,0.0,0.0,0.0,0.0,0.3888888888888889,0.0,0.0,0.05555555555555555,0.0,0.0,0.0,0.0,0.05555555555555555,0.0,0.1111111111111111,0.16666666666666666,0.0,0.0,0.0,0.7591026131903019,-0.37222222222222223,1435.4538,0.12835956721134203,0.871640432788658
1153,pos_1269,PMRGGGGGYHY,1,11,0.0,0.0,0.0,0.0,0.0,0.45454545454545453,0.09090909090909091,0.0,0.0,0.0,0.09090909090909091,0.0,0.09090909090909091,0.0,0.09090909090909091,0.0,0.0,0.0,0.0,0.18181818181818182,1.0436950539349392,-1.0909090909090908,1151.2544,0.7209590757860436,0.27904092421395643
1154,pos_1271,TETWNPNHPEL,1,11,0.0,0.0,0.0,0.18181818181818182,0.0,0.0,0.09090909090909091,0.0,0.0,0.09090909090909091,0.0,0.18181818181818182,0.18181818181818182,0.0,0.0,0.0,0.18181818181818182,0.0,0.09090909090909091,0.0,-2.5090082934323648,-1.7181818181818185,1337.3935,0.6677449352191053,0.3322550647808947
1155,pos_1272,YSK,1,3,0.0,0.0,0.0,0.0,0.0,0.0,0.0,0.0,0.3333333333333333,0.0,0.0,0.0,0.0,0.0,0.0,0.3333333333333333,0.0,0.0,0.0,0.3333333333333333,0.758103612191301,-2.0,396.4381,0.9839132522740406,0.016086747725959416
1156,pos_1273,YIEAVNKVSPRAGQF,1,15,0.13333333333333333,0.0,0.0,0.06666666666666667,0.06666666666666667,0.06666666666666667,0.0,0.06666666666666667,0.06666666666666667,0.0,0.0,0.06666666666666667,0.06666666666666667,0.06666666666666667,0.06666666666666667,0.06666666666666667,0.0,0.13333333333333333,0.0,0.06666666666666667,0.7609040742645101,-0.24666666666666665,1678.8853,0.07805742644716991,0.92194257355283
1157,pos_1274,PMDYMVT,1,7,0.0,0.0,0.14285714285714285,0.0,0.0,0.0,0.0,0.0,0.0,0.0,0.2857142857142857,0.0,0.14285714285714285,0.0,0.0,0.0,0.14285714285714285,0.14285714285714285,0.0,0.14285714285714285,-1.0413493724808012,0.12857142857142856,856.0179999999999,0.8605132333366833,0.13948676666331672
1158,pos_1276,FAGDDAPR,1,8,0.25,0.0,0.25,0.0,0.125,0.125,0.0,0.0,0.0,0.0,0.0,0.0,0.125,0.0,0.125,0.0,0.0,0.0,0.0,0.0,-1.2376668638310093,-0.8875000000000001,847.8718999999999,0.3850857125292997,0.6149142874707003
1159,pos_1277,SSGFTY,1,6,0.0,0.0,0.0,0.0,0.16666666666666666,0.16666666666666666,0.0,0.0,0.0,0.0,0.0,0.0,0.0,0.0,0.0,0.3333333333333333,0.16666666666666666,0.0,0.0,0.16666666666666666,-0.540852541781402,-0.20000000000000004,660.6721,0.7435776505477854,0.25642234945221465
1160,pos_1278,AFK,1,3,0.3333333333333333,0.0,0.0,0.0,0.3333333333333333,0.0,0.0,0.0,0.3333333333333333,0.0,0.0,0.0,0.0,0.0,0.0,0.0,0.0,0.0,0.0,0.0,0.794875586855086,0.2333333333333333,364.4393,0.8177886201027439,0.1822113798972561
1161,pos_1279,PHR,1,3,0.0,0.0,0.0,0.0,0.0,0.0,0.3333333333333333,0.0,0.0,0.0,0.0,0.0,0.3333333333333333,0.0,0.3333333333333333,0.0,0.0,0.0,0.0,0.0,1.0456930559329414,-3.1,408.4555,0.9960297419657113,0.003970258034288743
1162,pos_1280,PWF,1,3,0.0,0.0,0.0,0.0,0.3333333333333333,0.0,0.0,0.0,0.0,0.0,0.0,0.0,0.3333333333333333,0.0,0.0,0.0,0.0,0.0,0.3333333333333333,0.0,-0.041471132421644796,0.09999999999999991,448.5142,0.8800905588689217,0.11990944113107826
1163,pos_1281,WYSLAM,1,6,0.16666666666666666,0.0,0.0,0.0,0.0,0.0,0.0,0.0,0.0,0.16666666666666666,0.16666666666666666,0.0,0.0,0.0,0.0,0.16666666666666666,0.0,0.0,0.16666666666666666,0.16666666666666666,-0.2408973868096983,0.75,769.9072,0.8270336246131861,0.17296637538681392
1164,pos_1282,RIY,1,3,0.0,0.0,0.0,0.0,0.0,0.0,0.0,0.3333333333333333,0.0,0.0,0.0,0.0,0.0,0.0,0.3333333333333333,0.0,0.0,0.0,0.0,0.3333333333333333,0.7590926132903006,-0.43333333333333335,450.53180000000003,0.9867395507554501,0.013260449244549943
1165,pos_1283,SLHFME,1,6,0.0,0.0,0.0,0.16666666666666666,0.16666666666666666,0.0,0.16666666666666666,0.0,0.0,0.16666666666666666,0.16666666666666666,0.0,0.0,0.0,0.0,0.16666666666666666,0.0,0.0,0.0,0.0,-1.444631610787114,0.16666666666666655,762.8733,0.8695138196550872,0.13048618034491277
1166,pos_1284,SPW,1,3,0.0,0.0,0.0,0.0,0.0,0.0,0.0,0.0,0.0,0.0,0.0,0.0,0.3333333333333333,0.0,0.0,0.3333333333333333,0.0,0.0,0.3333333333333333,0.0,-0.539853540782401,-1.1,388.4177,0.9295401422383242,0.07045985776167585
1167,pos_1285,FLVPPQE,1,7,0.0,0.0,0.0,0.14285714285714285,0.14285714285714285,0.0,0.0,0.0,0.0,0.14285714285714285,0.0,0.0,0.2857142857142857,0.14285714285714285,0.0,0.0,0.0,0.14285714285714285,0.0,0.0,-1.231850644069997,0.08571428571428566,828.9513,0.918681938644536,0.08131806135546404
1168,pos_1286,LPM,1,3,0.0,0.0,0.0,0.0,0.0,0.0,0.0,0.0,0.0,0.3333333333333333,0.3333333333333333,0.0,0.3333333333333333,0.0,0.0,0.0,0.0,0.0,0.0,0.0,-0.23989838581069733,1.3666666666666665,359.4841,0.9640520089069922,0.035947991093007836
1169,pos_1287,RHG,1,3,0.0,0.0,0.0,0.0,0.0,0.3333333333333333,0.3333333333333333,0.0,0.0,0.0,0.0,0.0,0.0,0.0,0.3333333333333333,0.0,0.0,0.0,0.0,0.0,0.8472658025438885,-2.6999999999999997,368.3916,0.9942130203196314,0.005786979680368565
1170,pos_1288,IQW,1,3,0.0,0.0,0.0,0.0,0.0,0.0,0.0,0.3333333333333333,0.0,0.0,0.0,0.0,0.0,0.3333333333333333,0.0,0.0,0.0,0.0,0.3333333333333333,0.0,-0.23989838581069733,0.033333333333333326,445.512,0.980662406505221,0.019337593494779037
1171,pos_1289,PIAAEVYEHTEGSTTSY,1,17,0.11764705882352941,0.0,0.0,0.17647058823529413,0.0,0.058823529411764705,0.058823529411764705,0.058823529411764705,0.0,0.0,0.0,0.0,0.058823529411764705,0.0,0.0,0.11764705882352941,0.17647058823529413,0.058823529411764705,0.0,0.11764705882352941,-2.947863560245429,-0.5705882352941176,1854.9202,0.1325427806353531,0.8674572193646469
1172,pos_1290,YLY,1,3,0.0,0.0,0.0,0.0,0.0,0.0,0.0,0.0,0.0,0.3333333333333333,0.0,0.0,0.0,0.0,0.0,0.0,0.0,0.0,0.0,0.6666666666666666,-0.24189638780869938,0.3999999999999999,457.5193,0.9993038897771791,0.0006961102228209004
1173,pos_1293,PGRW,1,4,0.0,0.0,0.0,0.0,0.0,0.25,0.0,0.0,0.0,0.0,0.0,0.0,0.25,0.0,0.25,0.0,0.0,0.0,0.25,0.0,0.9585188676783541,-1.85,514.5774,0.9283009084212552,0.07169909157874477
1174,pos_1294,YPLDL,1,5,0.0,0.0,0.2,0.0,0.0,0.0,0.0,0.0,0.0,0.4,0.0,0.0,0.2,0.0,0.0,0.0,0.0,0.0,0.0,0.2,-1.2397766258698537,0.2399999999999999,619.7063,0.9543287913012646,0.04567120869873542
1175,pos_1295,PHY,1,3,0.0,0.0,0.0,0.0,0.0,0.0,0.3333333333333333,0.0,0.0,0.0,0.0,0.0,0.3333333333333333,0.0,0.0,0.0,0.0,0.0,0.0,0.3333333333333333,0.04470405483394124,-2.0333333333333337,415.443,0.9996700323105704,0.0003299676894296111
1176,pos_1296,LHT,1,3,0.0,0.0,0.0,0.0,0.0,0.0,0.3333333333333333,0.0,0.0,0.3333333333333333,0.0,0.0,0.0,0.0,0.0,0.0,0.3333333333333333,0.0,0.0,0.0,-0.15272419755611044,-0.03333333333333344,369.4161,0.9972380115076162,0.002761988492383849
1177,pos_1297,GGGGYGGGGGGYGGGGGGY,1,19,0.0,0.0,0.0,0.0,0.0,0.8421052631578947,0.0,0.0,0.0,0.0,0.0,0.0,0.0,0.0,0.0,0.0,0.0,0.0,0.0,0.15789473684210525,-0.24289538880770023,-0.5421052631578948,1420.3556999999998,0.34681653837325643,0.6531834616267436
1178,pos_1298,QQFQQSGQAQLTE,1,13,0.07692307692307693,0.0,0.0,0.07692307692307693,0.07692307692307693,0.07692307692307693,0.0,0.0,0.0,0.07692307692307693,0.0,0.0,0.0,0.46153846153846156,0.0,0.07692307692307693,0.07692307692307693,0.0,0.0,0.0,-1.231850644069997,-1.3846153846153846,1492.5463,0.3418412469460429,0.6581587530539571
1179,pos_1299,KLLHA,1,5,0.2,0.0,0.0,0.0,0.0,0.0,0.2,0.0,0.2,0.4,0.0,0.0,0.0,0.0,0.0,0.0,0.0,0.0,0.0,0.0,0.8462768014448888,0.45999999999999996,580.72,0.9685291627801071,0.031470837219892855
1180,pos_1300,CYGPNR,1,6,0.0,0.16666666666666666,0.0,0.0,0.0,0.16666666666666666,0.0,0.0,0.0,0.0,0.0,0.16666666666666666,0.16666666666666666,0.0,0.16666666666666666,0.0,0.0,0.0,0.0,0.16666666666666666,0.7491916231912907,-1.4666666666666668,708.7862,0.8861299948038523,0.11387000519614765
1181,pos_1301,MYGAVTPVK,1,9,0.1111111111111111,0.0,0.0,0.0,0.0,0.1111111111111111,0.0,0.0,0.1111111111111111,0.0,0.1111111111111111,0.0,0.1111111111111111,0.0,0.0,0.0,0.1111111111111111,0.2222222222222222,0.0,0.1111111111111111,0.498356685543343,0.4666666666666667,965.1671000000001,0.8411613694985426,0.1588386305014574
1182,pos_1302,PGWNQWFL,1,8,0.0,0.0,0.0,0.0,0.125,0.125,0.0,0.0,0.0,0.125,0.0,0.125,0.125,0.125,0.0,0.0,0.0,0.0,0.25,0.0,-0.041471132421644796,-0.525,1047.1648,0.5171734221090014,0.4828265778909986
1183,pos_1303,DWMKGQ,1,6,0.0,0.0,0.16666666666666666,0.0,0.0,0.16666666666666666,0.0,0.0,0.16666666666666666,0.0,0.16666666666666666,0.0,0.0,0.16666666666666666,0.0,0.0,0.0,0.0,0.16666666666666666,0.0,-0.2397766258698535,-1.7166666666666668,763.8614,0.7856521204190297,0.21434787958097035
1184,pos_1304,FFNPVH,1,6,0.0,0.0,0.0,0.0,0.3333333333333333,0.0,0.16666666666666666,0.0,0.0,0.0,0.0,0.16666666666666666,0.16666666666666666,0.0,0.0,0.0,0.0,0.16666666666666666,0.0,0.0,-0.15272419755611044,0.24999999999999992,759.851,0.8577477925851404,0.14225220741485956
1185,pos_1305,HKH,1,3,0.0,0.0,0.0,0.0,0.0,0.0,0.6666666666666666,0.0,0.3333333333333333,0.0,0.0,0.0,0.0,0.0,0.0,0.0,0.0,0.0,0.0,0.0,0.9334509896994757,-3.4333333333333336,420.4662,0.9995872324620685,0.0004127675379315132
1186,pos_1306,VTSLDLPVLRW,1,11,0.0,0.0,0.09090909090909091,0.0,0.0,0.0,0.0,0.0,0.0,0.2727272727272727,0.0,0.0,0.09090909090909091,0.0,0.09090909090909091,0.09090909090909091,0.09090909090909091,0.18181818181818182,0.09090909090909091,0.0,-0.2649008490050042,0.7090909090909091,1298.5294999999999,0.22883150452588213,0.7711684954741178
1187,pos_1307,LLFAMTKPK,1,9,0.1111111111111111,0.0,0.0,0.0,0.1111111111111111,0.0,0.0,0.0,0.2222222222222222,0.2222222222222222,0.1111111111111111,0.0,0.1111111111111111,0.0,0.0,0.0,0.1111111111111111,0.0,0.0,0.0,1.758103612191301,0.4444444444444444,1048.3419000000001,0.33196095403967896,0.668039045960321
1188,pos_1309,IVPK,1,4,0.0,0.0,0.0,0.0,0.0,0.0,0.0,0.25,0.25,0.0,0.0,0.0,0.25,0.0,0.0,0.0,0.0,0.25,0.0,0.0,0.7591026131903019,0.8,455.59139999999996,0.9684136223845236,0.031586377615476446
1189,pos_1310,VPYPQR,1,6,0.0,0.0,0.0,0.0,0.0,0.0,0.0,0.0,0.0,0.0,0.0,0.0,0.3333333333333333,0.16666666666666666,0.16666666666666666,0.0,0.0,0.16666666666666666,0.0,0.16666666666666666,0.7329793890561502,-1.3833333333333335,758.8648,0.9767830658377179,0.0232169341622821
1190,pos_1311,HPIKHQGLPQ,1,10,0.0,0.0,0.0,0.0,0.0,0.1,0.2,0.1,0.1,0.1,0.0,0.0,0.2,0.2,0.0,0.0,0.0,0.0,0.0,0.0,0.9334509896994757,-1.2600000000000002,1154.3215,0.8275817135682008,0.17241828643179924
1191,pos_1313,HYVPV,1,5,0.0,0.0,0.0,0.0,0.0,0.0,0.2,0.0,0.0,0.0,0.0,0.0,0.2,0.0,0.0,0.0,0.0,0.4,0.0,0.2,-0.1537231985551114,0.45999999999999996,613.705,0.997978758707723,0.0020212412922769873
1192,pos_1314,FIGR,1,4,0.0,0.0,0.0,0.0,0.25,0.25,0.0,0.25,0.0,0.0,0.0,0.0,0.0,0.0,0.25,0.0,0.0,0.0,0.0,0.0,0.7600916142893016,0.6,491.58369999999996,0.6852207559237793,0.3147792440762207
1193,pos_1315,STW,1,3,0.0,0.0,0.0,0.0,0.0,0.0,0.0,0.0,0.0,0.0,0.0,0.0,0.0,0.0,0.0,0.3333333333333333,0.3333333333333333,0.0,0.3333333333333333,0.0,-0.539853540782401,-0.7999999999999999,392.4064,0.9201308515396476,0.07986914846035242
1194,pos_1316,YDTQA,1,5,0.2,0.0,0.2,0.0,0.0,0.0,0.0,0.0,0.0,0.0,0.0,0.0,0.0,0.2,0.0,0.0,0.2,0.0,0.0,0.2,-1.2397766258698537,-1.44,596.5869,0.9763780373386023,0.02362196266139771
1195,pos_1317,VAPFPEVF,1,8,0.125,0.0,0.0,0.125,0.25,0.0,0.0,0.0,0.0,0.0,0.0,0.0,0.25,0.0,0.0,0.0,0.0,0.25,0.0,0.0,-1.2632011480716374,1.1375,905.0472,0.7587449679896096,0.24125503201039045
1196,pos_1318,NYY,1,3,0.0,0.0,0.0,0.0,0.0,0.0,0.0,0.0,0.0,0.0,0.0,0.3333333333333333,0.0,0.0,0.0,0.0,0.0,0.0,0.0,0.6666666666666666,-0.24189638780869938,-2.033333333333333,458.46430000000004,0.9994184920475642,0.0005815079524358335
1197,pos_1319,VKAGFAWTANQQLS,1,14,0.21428571428571427,0.0,0.0,0.0,0.07142857142857142,0.07142857142857142,0.0,0.0,0.07142857142857142,0.07142857142857142,0.0,0.07142857142857142,0.0,0.14285714285714285,0.0,0.07142857142857142,0.07142857142857142,0.07142857142857142,0.07142857142857142,0.0,0.7329893889561515,-0.07142857142857142,1520.6870999999999,0.09529018554443913,0.9047098144555609
1198,pos_1320,TDAPSFSDIPNPIGSENSGK,1,20,0.05,0.0,0.1,0.05,0.05,0.1,0.0,0.1,0.05,0.0,0.0,0.1,0.15,0.0,0.0,0.2,0.05,0.0,0.0,0.0,-2.5977504227794737,-0.865,2033.1098000000002,0.00450883804553993,0.9954911619544601
1199,pos_1322,YPAGP,1,5,0.2,0.0,0.0,0.0,0.0,0.2,0.0,0.0,0.0,0.0,0.0,0.0,0.4,0.0,0.0,0.0,0.0,0.0,0.0,0.2,-0.2408973868096983,-0.62,503.5481,0.9838453021393683,0.016154697860631728
1200,pos_1323,VVH,1,3,0.0,0.0,0.0,0.0,0.0,0.0,0.3333333333333333,0.0,0.0,0.0,0.0,0.0,0.0,0.0,0.0,0.0,0.0,0.6666666666666666,0.0,0.0,-0.17883742179026074,1.7333333333333334,353.41659999999996,0.9995300753496635,0.0004699246503364618
1201,pos_1324,EFQI,1,4,0.0,0.0,0.0,0.25,0.25,0.0,0.0,0.25,0.0,0.0,0.0,0.0,0.0,0.25,0.0,0.0,0.0,0.0,0.0,0.0,-1.1631723813020067,0.07499999999999996,535.5899000000001,0.9618590581881062,0.03814094181189376
1202,pos_1325,YPIL,1,4,0.0,0.0,0.0,0.0,0.0,0.0,0.0,0.25,0.0,0.25,0.0,0.0,0.25,0.0,0.0,0.0,0.0,0.0,0.0,0.25,-0.2408973868096983,1.3499999999999999,504.6189,0.9844999131814541,0.015500086818545866
1203,pos_1326,AIILHQQQ,1,8,0.125,0.0,0.0,0.0,0.0,0.0,0.125,0.25,0.0,0.125,0.0,0.0,0.0,0.375,0.0,0.0,0.0,0.0,0.0,0.0,-0.11695122389132617,0.11249999999999996,950.0929000000001,0.9067522817528368,0.09324771824716316
1204,pos_1327,KEEKFE,1,6,0.0,0.0,0.0,0.5,0.16666666666666666,0.0,0.0,0.0,0.3333333333333333,0.0,0.0,0.0,0.0,0.0,0.0,0.0,0.0,0.0,0.0,0.0,-1.2282277221215785,-2.5833333333333335,808.8756999999999,0.947773925116789,0.05222607488321096
1205,pos_1328,LPILR,1,5,0.0,0.0,0.0,0.0,0.0,0.0,0.0,0.2,0.0,0.4,0.0,0.0,0.2,0.0,0.2,0.0,0.0,0.0,0.0,0.0,0.7600916142893016,1.2,610.789,0.8530604102025634,0.1469395897974366
1206,pos_1329,YPLDLF,1,6,0.0,0.0,0.16666666666666666,0.0,0.16666666666666666,0.0,0.0,0.0,0.0,0.3333333333333333,0.0,0.0,0.16666666666666666,0.0,0.0,0.0,0.0,0.0,0.0,0.16666666666666666,-1.2397766258698537,0.6666666666666665,766.8801,0.8038318278292843,0.1961681721707157
1207,pos_1330,LARL,1,4,0.25,0.0,0.0,0.0,0.0,0.0,0.0,0.0,0.0,0.5,0.0,0.0,0.0,0.0,0.25,0.0,0.0,0.0,0.0,0.0,0.7600916142893016,1.2249999999999999,471.59409999999997,0.9068747016257321,0.09312529837426786
1208,pos_1331,TDRHQKLR,1,8,0.0,0.0,0.125,0.0,0.0,0.0,0.125,0.0,0.125,0.125,0.0,0.0,0.0,0.125,0.25,0.0,0.125,0.0,0.0,0.0,1.4854725427620565,-2.5,1053.1764,0.6573881643942266,0.34261183560577335
1209,pos_1332,GPRGLPGERGRPGA,1,14,0.07142857142857142,0.0,0.0,0.07142857142857142,0.0,0.35714285714285715,0.0,0.0,0.0,0.07142857142857142,0.0,0.0,0.21428571428571427,0.0,0.21428571428571427,0.0,0.0,0.0,0.0,0.0,1.7628820764625095,-1.3,1376.524,0.18790351937123856,0.8120964806287614
1210,pos_1333,DVCGRDVNGY,1,10,0.0,0.1,0.2,0.0,0.0,0.2,0.0,0.0,0.0,0.0,0.0,0.1,0.0,0.0,0.1,0.0,0.0,0.2,0.0,0.1,-1.2485668549290203,-0.6199999999999999,1097.1591,0.4914475123797629,0.5085524876202371
1211,pos_1334,NVPGEIVESL,1,10,0.0,0.0,0.0,0.2,0.0,0.1,0.0,0.1,0.0,0.1,0.0,0.1,0.1,0.0,0.0,0.1,0.0,0.2,0.0,0.0,-2.234277461864277,0.33999999999999997,1056.1669,0.7829673415931372,0.2170326584068628
1212,pos_1335,LSW,1,3,0.0,0.0,0.0,0.0,0.0,0.0,0.0,0.0,0.0,0.3333333333333333,0.0,0.0,0.0,0.0,0.0,0.3333333333333333,0.0,0.0,0.3333333333333333,0.0,-0.23989838581069733,0.6999999999999998,404.4601,0.8903476620657036,0.1096523379342964
1213,pos_1336,HHP,1,3,0.0,0.0,0.0,0.0,0.0,0.0,0.6666666666666666,0.0,0.0,0.0,0.0,0.0,0.3333333333333333,0.0,0.0,0.0,0.0,0.0,0.0,0.0,-0.06555000930152344,-2.6666666666666665,389.40909999999997,0.9997601647972979,0.0002398352027020989
1214,pos_1337,LNLPTAVYMVT,1,11,0.09090909090909091,0.0,0.0,0.0,0.0,0.0,0.0,0.0,0.0,0.18181818181818182,0.09090909090909091,0.09090909090909091,0.09090909090909091,0.0,0.0,0.0,0.18181818181818182,0.18181818181818182,0.0,0.09090909090909091,-0.2408973868096983,1.0818181818181818,1221.4651999999999,0.5913320212266042,0.4086679787733958
1215,pos_1339,HPERPIPEH,1,9,0.0,0.0,0.0,0.2222222222222222,0.0,0.0,0.2222222222222222,0.1111111111111111,0.0,0.0,0.0,0.0,0.3333333333333333,0.0,0.1111111111111111,0.0,0.0,0.0,0.0,0.0,-1.0599390852551043,-2.022222222222222,1111.2108,0.92273016824658,0.07726983175341995
1216,pos_1341,NMAVPDALAGPL,1,12,0.25,0.0,0.08333333333333333,0.0,0.0,0.08333333333333333,0.0,0.0,0.0,0.16666666666666666,0.08333333333333333,0.08333333333333333,0.16666666666666666,0.0,0.0,0.0,0.0,0.08333333333333333,0.0,0.0,-1.2387776248708526,0.7083333333333334,1168.3628999999999,0.3730772201602696,0.6269227798397303
1217,pos_1342,VPLSPT,1,6,0.0,0.0,0.0,0.0,0.0,0.0,0.0,0.0,0.0,0.16666666666666666,0.0,0.0,0.3333333333333333,0.0,0.0,0.16666666666666666,0.16666666666666666,0.16666666666666666,0.0,0.0,-0.26601161004484764,0.5499999999999999,612.7155,0.9221986930626798,0.07780130693732024
1218,pos_1343,TA,1,2,0.5,0.0,0.0,0.0,0.0,0.0,0.0,0.0,0.0,0.0,0.0,0.0,0.0,0.0,0.0,0.0,0.5,0.0,0.0,0.0,-0.6018034056333719,0.55,190.1971,0.9832715544710025,0.01672844552899755
1219,pos_1345,KHDRGDEF,1,8,0.0,0.0,0.25,0.125,0.125,0.125,0.125,0.0,0.125,0.0,0.0,0.0,0.0,0.0,0.125,0.0,0.0,0.0,0.0,0.0,-1.1486812146022127,-2.4625,1003.0264999999999,0.566219167854148,0.43378083214585195
1220,pos_1346,YYN,1,3,0.0,0.0,0.0,0.0,0.0,0.0,0.0,0.0,0.0,0.0,0.0,0.3333333333333333,0.0,0.0,0.0,0.0,0.0,0.0,0.0,0.6666666666666666,-0.24189638780869938,-2.033333333333333,458.46430000000004,0.9994184920475642,0.0005815079524358335
1221,pos_1347,YQKF,1,4,0.0,0.0,0.0,0.0,0.25,0.0,0.0,0.0,0.25,0.0,0.0,0.0,0.0,0.25,0.0,0.0,0.0,0.0,0.0,0.25,0.758103612191301,-1.475,584.6638,0.9752100274645183,0.024789972535481652
1222,pos_1348,QEPVLGPVRGPFPIIV,1,16,0.0,0.0,0.0,0.0625,0.0625,0.125,0.0,0.125,0.0,0.0625,0.0,0.0,0.25,0.0625,0.0625,0.0,0.0,0.1875,0.0,0.0,-0.23709792373748817,0.59375,1718.0472,0.08092332740657797,0.9190766725934221
1223,pos_1350,NVIDPPIYAR,1,10,0.1,0.0,0.1,0.0,0.0,0.0,0.0,0.2,0.0,0.0,0.0,0.1,0.2,0.0,0.1,0.0,0.0,0.1,0.0,0.1,-0.23978662576985488,-0.1,1157.3187,0.4750452330032087,0.5249547669967913
1224,pos_1351,YNILSGFDTEL,1,11,0.0,0.0,0.09090909090909091,0.09090909090909091,0.09090909090909091,0.09090909090909091,0.0,0.09090909090909091,0.0,0.18181818181818182,0.0,0.09090909090909091,0.0,0.0,0.0,0.09090909090909091,0.09090909090909091,0.0,0.0,0.09090909090909091,-2.2369661638966436,0.10909090909090903,1271.3716,0.2653519132476939,0.7346480867523061
1225,pos_1354,QEPVLGPVRGPFPILV,1,16,0.0,0.0,0.0,0.0625,0.0625,0.125,0.0,0.0625,0.0,0.125,0.0,0.0,0.25,0.0625,0.0625,0.0,0.0,0.1875,0.0,0.0,-0.23709792373748817,0.5499999999999999,1718.0472,0.08770105783421861,0.9122989421657814
1226,pos_1355,DLEE,1,4,0.0,0.0,0.25,0.5,0.0,0.0,0.0,0.0,0.0,0.25,0.0,0.0,0.0,0.0,0.0,0.0,0.0,0.0,0.0,0.0,-3.2279194211569426,-1.675,504.48830000000004,0.9892411293860376,0.010758870613962412
1227,pos_1356,YFYPKDFTPGCT,1,12,0.0,0.08333333333333333,0.08333333333333333,0.0,0.16666666666666666,0.08333333333333333,0.0,0.0,0.08333333333333333,0.0,0.0,0.0,0.16666666666666666,0.0,0.0,0.0,0.16666666666666666,0.0,0.0,0.16666666666666666,-0.25167561796686533,-0.5750000000000001,1438.6014,0.12804607742731045,0.8719539225726896
1228,pos_1358,ADVFNPR,1,7,0.14285714285714285,0.0,0.14285714285714285,0.0,0.14285714285714285,0.0,0.0,0.0,0.0,0.0,0.0,0.14285714285714285,0.14285714285714285,0.0,0.14285714285714285,0.0,0.0,0.14285714285714285,0.0,0.0,-0.20301465110606953,-0.6142857142857142,817.8888999999999,0.6076858441549081,0.3923141558450919
1229,pos_1359,LLHH,1,4,0.0,0.0,0.0,0.0,0.0,0.0,0.5,0.0,0.0,0.5,0.0,0.0,0.0,0.0,0.0,0.0,0.0,0.0,0.0,0.0,-0.06555000930152344,0.2999999999999998,518.6091,0.9977454462976779,0.002254553702322082
1230,pos_1360,FNVVLK,1,6,0.0,0.0,0.0,0.0,0.16666666666666666,0.0,0.0,0.0,0.16666666666666666,0.16666666666666666,0.0,0.16666666666666666,0.0,0.0,0.0,0.0,0.0,0.3333333333333333,0.0,0.0,0.7591026131903019,1.2666666666666666,718.8836,0.8563411582199975,0.14365884178000254
1231,pos_1361,LWA,1,3,0.3333333333333333,0.0,0.0,0.0,0.0,0.0,0.0,0.0,0.0,0.3333333333333333,0.0,0.0,0.0,0.0,0.0,0.0,0.0,0.0,0.3333333333333333,0.0,-0.23989838581069733,1.5666666666666667,388.46070000000003,0.9570377215224345,0.04296227847756551
1232,pos_1362,VVNE,1,4,0.0,0.0,0.0,0.25,0.0,0.0,0.0,0.0,0.0,0.0,0.0,0.25,0.0,0.0,0.0,0.0,0.0,0.5,0.0,0.0,-1.2579638683041474,0.3500000000000001,459.4939,0.9966332652582859,0.003366734741714117
1233,pos_1364,DYK,1,3,0.0,0.0,0.3333333333333333,0.0,0.0,0.0,0.0,0.0,0.3333333333333333,0.0,0.0,0.0,0.0,0.0,0.0,0.0,0.0,0.0,0.0,0.3333333333333333,-0.24077562686885456,-2.9,424.4482,0.9863373486453406,0.013662651354659383
1234,pos_1365,HHPLL,1,5,0.0,0.0,0.0,0.0,0.0,0.0,0.4,0.0,0.0,0.4,0.0,0.0,0.2,0.0,0.0,0.0,0.0,0.0,0.0,0.0,-0.06555000930152344,-0.08000000000000015,615.7243,0.9940480977335684,0.005951902266431608
1235,pos_1366,YPFPGPIHNS,1,10,0.0,0.0,0.0,0.0,0.1,0.1,0.1,0.1,0.0,0.0,0.0,0.1,0.3,0.0,0.0,0.1,0.0,0.0,0.0,0.1,-0.1537231985551114,-0.6700000000000002,1128.2359999999999,0.5803735861594611,0.4196264138405389
1236,pos_1367,WLP,1,3,0.0,0.0,0.0,0.0,0.0,0.0,0.0,0.0,0.0,0.3333333333333333,0.0,0.0,0.3333333333333333,0.0,0.0,0.0,0.0,0.0,0.3333333333333333,0.0,-0.23989838581069733,0.4333333333333333,414.498,0.9739167564637479,0.026083243536252132
1237,pos_1369,IPIQYVL,1,7,0.0,0.0,0.0,0.0,0.0,0.0,0.0,0.2857142857142857,0.0,0.14285714285714285,0.0,0.0,0.14285714285714285,0.14285714285714285,0.0,0.0,0.0,0.14285714285714285,0.0,0.14285714285714285,-0.2408973868096983,1.5142857142857142,845.0367,0.9285588396690351,0.07144116033096493
1238,pos_1370,VIAPW,1,5,0.2,0.0,0.0,0.0,0.0,0.0,0.0,0.2,0.0,0.0,0.0,0.0,0.2,0.0,0.0,0.0,0.0,0.2,0.2,0.0,-0.26601161004484764,1.6,584.7069,0.9362024656826391,0.0637975343173609
1239,pos_1371,ACFL,1,4,0.25,0.25,0.0,0.0,0.25,0.0,0.0,0.0,0.0,0.25,0.0,0.0,0.0,0.0,0.0,0.0,0.0,0.0,0.0,0.0,-0.21402640224492286,2.725,452.56749999999994,0.6445599087560826,0.3554400912439174
1240,pos_1372,TEFTK,1,5,0.0,0.0,0.0,0.2,0.2,0.0,0.0,0.0,0.2,0.0,0.0,0.0,0.0,0.0,0.0,0.0,0.4,0.0,0.0,0.0,-0.5999919446591626,-1.2,624.6832,0.9205809636720251,0.07941903632797487
1241,pos_1373,YQGPIVLNPWDQVKR,1,15,0.0,0.0,0.06666666666666667,0.0,0.0,0.06666666666666667,0.0,0.06666666666666667,0.06666666666666667,0.06666666666666667,0.0,0.06666666666666667,0.13333333333333333,0.13333333333333333,0.06666666666666667,0.0,0.0,0.13333333333333333,0.06666666666666667,0.06666666666666667,0.7592143732311445,-0.7666666666666667,1813.0637000000002,0.06001643771271669,0.9399835622872833
1242,pos_1374,FPGLADR,1,7,0.14285714285714285,0.0,0.14285714285714285,0.0,0.14285714285714285,0.14285714285714285,0.0,0.0,0.0,0.14285714285714285,0.0,0.0,0.14285714285714285,0.0,0.14285714285714285,0.0,0.0,0.0,0.0,0.0,-0.2387876247708538,-0.22857142857142865,774.8642,0.5227334139721953,0.4772665860278047
1243,pos_1376,LQPGQGQQG,1,9,0.0,0.0,0.0,0.0,0.0,0.3333333333333333,0.0,0.0,0.0,0.1111111111111111,0.0,0.0,0.1111111111111111,0.4444444444444444,0.0,0.0,0.0,0.0,0.0,0.0,-0.23989838581069733,-1.4444444444444444,911.9587999999999,0.9102604888537343,0.08973951114626566
1244,pos_1377,SHH,1,3,0.0,0.0,0.0,0.0,0.0,0.0,0.6666666666666666,0.0,0.0,0.0,0.0,0.0,0.0,0.0,0.0,0.3333333333333333,0.0,0.0,0.0,0.0,-0.3655051642732271,-2.4,379.3712,0.9989250218815293,0.001074978118470682
1245,pos_1378,NQE,1,3,0.0,0.0,0.0,0.3333333333333333,0.0,0.0,0.0,0.0,0.0,0.0,0.0,0.3333333333333333,0.0,0.3333333333333333,0.0,0.0,0.0,0.0,0.0,0.0,-1.231850644069997,-3.5,389.3611,0.9982091331185728,0.0017908668814271556
1246,pos_1379,LWH,1,3,0.0,0.0,0.0,0.0,0.0,0.0,0.3333333333333333,0.0,0.0,0.3333333333333333,0.0,0.0,0.0,0.0,0.0,0.0,0.0,0.0,0.3333333333333333,0.0,-0.15272419755611044,-0.10000000000000013,454.52209999999997,0.995807425342473,0.004192574657526982
1247,pos_1381,YFE,1,3,0.0,0.0,0.0,0.3333333333333333,0.3333333333333333,0.0,0.0,0.0,0.0,0.0,0.0,0.0,0.0,0.0,0.0,0.0,0.0,0.0,0.0,0.3333333333333333,-1.232849645068998,-0.6666666666666666,457.4763,0.9950618271302532,0.0049381728697468485
1248,pos_1382,YSQ,1,3,0.0,0.0,0.0,0.0,0.0,0.0,0.0,0.0,0.0,0.0,0.0,0.0,0.0,0.3333333333333333,0.0,0.3333333333333333,0.0,0.0,0.0,0.3333333333333333,-0.2408973868096983,-1.8666666666666665,396.39500000000004,0.9956414080298612,0.00435859197013877
1249,pos_1383,RDPIYS,1,6,0.0,0.0,0.16666666666666666,0.0,0.0,0.0,0.0,0.16666666666666666,0.0,0.0,0.0,0.0,0.16666666666666666,0.0,0.16666666666666666,0.16666666666666666,0.0,0.0,0.0,0.16666666666666666,-0.23978662576985488,-1.2,749.8117,0.7716153302749006,0.2283846697250994
1250,pos_1384,ADHP,1,4,0.25,0.0,0.25,0.0,0.0,0.0,0.25,0.0,0.0,0.0,0.0,0.0,0.25,0.0,0.0,0.0,0.0,0.0,0.0,0.0,-1.1158304629514815,-1.625,438.4351,0.9841576222016996,0.015842377798300444
1251,pos_1385,PSIPA,1,5,0.2,0.0,0.0,0.0,0.0,0.0,0.0,0.2,0.0,0.0,0.0,0.0,0.4,0.0,0.0,0.2,0.0,0.0,0.0,0.0,-0.041471132421644796,0.45999999999999996,483.5585,0.8783462046657569,0.12165379533424314
1252,pos_1386,YVGD,1,4,0.0,0.0,0.25,0.0,0.0,0.25,0.0,0.0,0.0,0.0,0.0,0.0,0.0,0.0,0.0,0.0,0.0,0.25,0.0,0.25,-1.2365957242625507,-0.24999999999999997,452.4582,0.9880758002077666,0.011924199792233359
1253,pos_1387,RPNYTDA,1,7,0.14285714285714285,0.0,0.14285714285714285,0.0,0.0,0.0,0.0,0.0,0.0,0.0,0.0,0.14285714285714285,0.14285714285714285,0.0,0.14285714285714285,0.0,0.14285714285714285,0.0,0.0,0.14285714285714285,-0.23978662576985488,-1.9000000000000001,835.8611999999999,0.8346993299640597,0.1653006700359403
1254,pos_1389,AREGETVVPG,1,10,0.1,0.0,0.0,0.2,0.0,0.2,0.0,0.0,0.0,0.0,0.0,0.0,0.1,0.0,0.1,0.0,0.1,0.2,0.0,0.0,-1.1985144880994938,-0.43999999999999995,1014.0906,0.8534446762165553,0.1465553237834447
1255,pos_1390,FND,1,3,0.0,0.0,0.3333333333333333,0.0,0.3333333333333333,0.0,0.0,0.0,0.0,0.0,0.0,0.3333333333333333,0.0,0.0,0.0,0.0,0.0,0.0,0.0,0.0,-1.2355967232635496,-1.4000000000000001,394.3791,0.7157035327597469,0.28429646724025315
1256,pos_1392,YYG,1,3,0.0,0.0,0.0,0.0,0.0,0.3333333333333333,0.0,0.0,0.0,0.0,0.0,0.0,0.0,0.0,0.0,0.0,0.0,0.0,0.0,0.6666666666666666,-0.24189638780869938,-1.0,401.413,0.9993480243691759,0.0006519756308240865
1257,pos_1393,YYQQKPV,1,7,0.0,0.0,0.0,0.0,0.0,0.0,0.0,0.0,0.14285714285714285,0.0,0.0,0.0,0.14285714285714285,0.2857142857142857,0.0,0.0,0.0,0.14285714285714285,0.0,0.2857142857142857,0.7571046111922999,-1.5571428571428572,925.0386,0.9819640611697893,0.018035938830210707
1258,pos_1395,LYY,1,3,0.0,0.0,0.0,0.0,0.0,0.0,0.0,0.0,0.0,0.3333333333333333,0.0,0.0,0.0,0.0,0.0,0.0,0.0,0.0,0.0,0.6666666666666666,-0.24189638780869938,0.3999999999999999,457.5193,0.9993038897771791,0.0006961102228209004
1259,pos_1396,FDSGPAGVL,1,9,0.1111111111111111,0.0,0.1111111111111111,0.0,0.1111111111111111,0.2222222222222222,0.0,0.0,0.0,0.1111111111111111,0.0,0.0,0.1111111111111111,0.0,0.0,0.1111111111111111,0.0,0.1111111111111111,0.0,0.0,-1.2387776248708526,0.6555555555555554,861.9381,0.5109860828733487,0.4890139171266513
1260,pos_1397,EFFDVSNELFQ,1,11,0.0,0.0,0.09090909090909091,0.18181818181818182,0.2727272727272727,0.0,0.0,0.0,0.0,0.09090909090909091,0.0,0.09090909090909091,0.0,0.09090909090909091,0.0,0.09090909090909091,0.0,0.09090909090909091,0.0,0.0,-3.159241158388952,-0.17272727272727278,1374.4497999999999,0.14822532241569136,0.8517746775843087
1261,pos_1398,YYR,1,3,0.0,0.0,0.0,0.0,0.0,0.0,0.0,0.0,0.0,0.0,0.0,0.0,0.0,0.0,0.3333333333333333,0.0,0.0,0.0,0.0,0.6666666666666666,0.7580936122912996,-2.3666666666666667,500.5474,0.9988719051875441,0.0011280948124559043
1262,pos_1399,HGPL,1,4,0.0,0.0,0.0,0.0,0.0,0.25,0.25,0.0,0.0,0.25,0.0,0.0,0.25,0.0,0.0,0.0,0.0,0.0,0.0,0.0,-0.15272419755611044,-0.3500000000000001,422.47869999999995,0.9926173365067162,0.007382663493283759
1263,pos_1400,HLPH,1,4,0.0,0.0,0.0,0.0,0.0,0.0,0.5,0.0,0.0,0.25,0.0,0.0,0.25,0.0,0.0,0.0,0.0,0.0,0.0,0.0,-0.06555000930152344,-1.0500000000000003,502.5666999999999,0.9984411064773898,0.001558893522610183
1264,pos_1401,PHI,1,3,0.0,0.0,0.0,0.0,0.0,0.0,0.3333333333333333,0.3333333333333333,0.0,0.0,0.0,0.0,0.3333333333333333,0.0,0.0,0.0,0.0,0.0,0.0,0.0,0.04570305583294221,-0.10000000000000009,365.4274,0.9960876993929371,0.003912300607062935
1265,pos_1402,VETGVIKPGM,1,10,0.0,0.0,0.0,0.1,0.0,0.2,0.0,0.1,0.1,0.0,0.1,0.0,0.1,0.0,0.0,0.0,0.1,0.2,0.0,0.0,-0.26420014907063827,0.43000000000000005,1030.2389,0.733688425627772,0.26631157437222797
1266,pos_1403,YQEPVLGPVRGPFPIIV,1,17,0.0,0.0,0.0,0.058823529411764705,0.058823529411764705,0.11764705882352941,0.0,0.11764705882352941,0.0,0.058823529411764705,0.0,0.0,0.23529411764705882,0.058823529411764705,0.058823529411764705,0.0,0.0,0.17647058823529413,0.0,0.058823529411764705,-0.23809692473648925,0.48235294117647054,1881.2204000000002,0.05103718517123572,0.9489628148287643
1267,pos_1404,YAY,1,3,0.3333333333333333,0.0,0.0,0.0,0.0,0.0,0.0,0.0,0.0,0.0,0.0,0.0,0.0,0.0,0.0,0.0,0.0,0.0,0.0,0.6666666666666666,-0.24189638780869938,-0.26666666666666666,415.4396,0.9992638550683599,0.0007361449316400925
1268,pos_1405,NLGDPS,1,6,0.0,0.0,0.16666666666666666,0.0,0.0,0.16666666666666666,0.0,0.0,0.0,0.16666666666666666,0.0,0.16666666666666666,0.16666666666666666,0.0,0.0,0.16666666666666666,0.0,0.0,0.0,0.0,-1.2387776248708526,-1.0,601.6066999999999,0.7860928326897308,0.21390716731026915
1269,pos_1408,KGLWE,1,5,0.0,0.0,0.0,0.2,0.0,0.2,0.0,0.0,0.2,0.2,0.0,0.0,0.0,0.0,0.0,0.0,0.0,0.0,0.2,0.0,-0.23284964506899786,-0.9800000000000001,631.7204,0.9508333519378266,0.04916664806217341
1270,pos_1409,NYVADGLG,1,8,0.125,0.0,0.125,0.0,0.0,0.25,0.0,0.0,0.0,0.125,0.0,0.125,0.0,0.0,0.0,0.0,0.0,0.125,0.0,0.125,-1.2397766258698537,0.0875,807.8476,0.8690029266200702,0.13099707337992983
1271,pos_1410,LAGNPQDE,1,8,0.125,0.0,0.125,0.125,0.0,0.125,0.0,0.0,0.0,0.125,0.0,0.125,0.125,0.125,0.0,0.0,0.0,0.0,0.0,0.0,-2.2307298831301527,-1.3,842.8505,0.8695366213165556,0.13046337868344438
1272,pos_1412,QFAW,1,4,0.25,0.0,0.0,0.0,0.25,0.0,0.0,0.0,0.0,0.0,0.0,0.0,0.0,0.25,0.0,0.0,0.0,0.0,0.25,0.0,-0.23989838581069733,0.04999999999999996,550.6061000000001,0.8991608102924046,0.10083918970759542
1273,pos_1414,VDYP,1,4,0.0,0.0,0.25,0.0,0.0,0.0,0.0,0.0,0.0,0.0,0.0,0.0,0.25,0.0,0.0,0.0,0.0,0.25,0.0,0.25,-1.2658898501040041,-0.55,492.52209999999997,0.9905784247142884,0.009421575285711636
1274,pos_1415,GEC,1,3,0.0,0.3333333333333333,0.0,0.3333333333333333,0.0,0.3333333333333333,0.0,0.0,0.0,0.0,0.0,0.0,0.0,0.0,0.0,0.0,0.0,0.0,0.0,0.0,-1.2469889139364971,-0.4666666666666666,307.3235,0.9780727820441956,0.021927217955804434
1275,pos_1416,QYDQGV,1,6,0.0,0.0,0.16666666666666666,0.0,0.0,0.16666666666666666,0.0,0.0,0.0,0.0,0.0,0.0,0.0,0.3333333333333333,0.0,0.0,0.0,0.16666666666666666,0.0,0.16666666666666666,-1.2397766258698537,-1.3333333333333333,708.7166,0.9811682995742796,0.018831700425720355
1276,pos_1417,VNPHDHQN,1,8,0.0,0.0,0.125,0.0,0.0,0.0,0.25,0.0,0.0,0.0,0.0,0.25,0.125,0.125,0.0,0.0,0.0,0.125,0.0,0.0,-1.0905424725958293,-2.225,959.9619,0.9509914472083421,0.049008552791657944
1277,pos_1418,STTTGHLIYK,1,10,0.0,0.0,0.0,0.0,0.0,0.1,0.1,0.1,0.1,0.1,0.0,0.0,0.0,0.0,0.0,0.1,0.3,0.0,0.0,0.1,0.5453226454741842,-0.34,1120.2556,0.6473592467868061,0.3526407532131939
1278,pos_1419,LGFEY,1,5,0.0,0.0,0.0,0.2,0.2,0.2,0.0,0.0,0.0,0.2,0.0,0.0,0.0,0.0,0.0,0.0,0.0,0.0,0.0,0.2,-1.2380869248364883,0.2799999999999999,627.6852,0.9660979610312864,0.03390203896871358
1279,pos_1421,GTW,1,3,0.0,0.0,0.0,0.0,0.0,0.3333333333333333,0.0,0.0,0.0,0.0,0.0,0.0,0.0,0.0,0.0,0.0,0.3333333333333333,0.0,0.3333333333333333,0.0,-0.23989838581069733,-0.6666666666666666,362.3804,0.972078976821192,0.027921023178807958
1280,pos_1422,PVMGA,1,5,0.2,0.0,0.0,0.0,0.0,0.2,0.0,0.0,0.0,0.0,0.2,0.0,0.2,0.0,0.0,0.0,0.0,0.2,0.0,0.0,-0.041471132421644796,1.1800000000000002,473.58669999999995,0.9551358020520726,0.0448641979479274
1281,pos_1423,DLTDFL,1,6,0.0,0.0,0.3333333333333333,0.0,0.16666666666666666,0.0,0.0,0.0,0.0,0.3333333333333333,0.0,0.0,0.0,0.0,0.0,0.0,0.16666666666666666,0.0,0.0,0.0,-2.2376568639310084,0.4499999999999999,722.783,0.5158823841441315,0.48411761585586854
1282,pos_1424,PWD,1,3,0.0,0.0,0.3333333333333333,0.0,0.0,0.0,0.0,0.0,0.0,0.0,0.0,0.0,0.3333333333333333,0.0,0.0,0.0,0.0,0.0,0.3333333333333333,0.0,-1.037169469874497,-2.0,416.4278,0.9372607860887767,0.06273921391122328
1283,pos_1426,YSNQNGRF,1,8,0.0,0.0,0.0,0.0,0.125,0.125,0.0,0.0,0.0,0.0,0.0,0.25,0.0,0.125,0.125,0.125,0.0,0.0,0.0,0.125,0.7590926132903006,-1.8375000000000001,985.011,0.6001158350312344,0.39988416496876555
1284,pos_1427,YQEPVLGPVR,1,10,0.0,0.0,0.0,0.1,0.0,0.1,0.0,0.0,0.0,0.1,0.0,0.0,0.2,0.1,0.1,0.0,0.0,0.2,0.0,0.1,-0.23809692473648925,-0.42000000000000004,1157.3187,0.8340930868377043,0.16590691316229567
1285,pos_1428,DEVPR,1,5,0.0,0.0,0.2,0.2,0.0,0.0,0.0,0.0,0.0,0.0,0.0,0.0,0.2,0.0,0.2,0.0,0.0,0.2,0.0,0.0,-1.2359771627976435,-1.78,614.6486,0.9600356536702065,0.03996434632979351
1286,pos_1429,LFC,1,3,0.0,0.3333333333333333,0.0,0.0,0.3333333333333333,0.0,0.0,0.0,0.0,0.3333333333333333,0.0,0.0,0.0,0.0,0.0,0.0,0.0,0.0,0.0,0.0,-0.24979937590970713,3.033333333333333,381.4896,0.6145932512137858,0.38540674878621417
1287,pos_1431,YQQND,1,5,0.0,0.0,0.2,0.0,0.0,0.0,0.0,0.0,0.0,0.0,0.0,0.2,0.0,0.4,0.0,0.0,0.0,0.0,0.0,0.2,-1.2365957242625507,-3.06,666.6369,0.9857910831508379,0.014208916849162145
1288,pos_1432,IEQI,1,4,0.0,0.0,0.0,0.25,0.0,0.0,0.0,0.5,0.0,0.0,0.0,0.0,0.0,0.25,0.0,0.0,0.0,0.0,0.0,0.0,-1.2370879238374872,0.5,501.5737,0.984350566069338,0.015649433930661982
1289,pos_1433,WHNVSGSP,1,8,0.0,0.0,0.0,0.0,0.0,0.125,0.125,0.0,0.0,0.0,0.0,0.125,0.125,0.0,0.0,0.25,0.0,0.125,0.125,0.0,-0.15272419755611044,-0.875,882.9192,0.7921734584268999,0.2078265415731001
1290,pos_1434,DKIHPF,1,6,0.0,0.0,0.16666666666666666,0.0,0.16666666666666666,0.0,0.16666666666666666,0.16666666666666666,0.16666666666666666,0.0,0.0,0.0,0.16666666666666666,0.0,0.0,0.0,0.0,0.0,0.0,0.0,-0.1526024376152666,-0.8166666666666668,755.8609,0.7815413261588694,0.2184586738411306
1291,pos_1435,GPLGLLGFLGPLGLS,1,15,0.0,0.0,0.0,0.0,0.06666666666666667,0.3333333333333333,0.0,0.0,0.0,0.4,0.0,0.0,0.13333333333333333,0.0,0.0,0.06666666666666667,0.0,0.0,0.0,0.0,-0.23989838581069733,1.3066666666666664,1410.6988999999999,0.10281259979979974,0.8971874002002003
1292,pos_1436,WSRRGEREEEDERRR,1,15,0.0,0.0,0.06666666666666667,0.3333333333333333,0.0,0.06666666666666667,0.0,0.0,0.0,0.0,0.0,0.0,0.0,0.0,0.4,0.06666666666666667,0.0,0.0,0.06666666666666667,0.0,-0.22478531440480776,-3.3400000000000003,2046.1254,0.01365670233464646,0.9863432976653536
1293,pos_1437,LVDTGRGPIMY,1,11,0.0,0.0,0.09090909090909091,0.0,0.0,0.18181818181818182,0.0,0.09090909090909091,0.0,0.09090909090909091,0.09090909090909091,0.0,0.09090909090909091,0.0,0.09090909090909091,0.0,0.09090909090909091,0.09090909090909091,0.0,0.09090909090909091,-0.23978662576985488,0.1818181818181818,1221.4255,0.37570222780880447,0.6242977721911955
1294,pos_1438,EQC,1,3,0.0,0.3333333333333333,0.0,0.3333333333333333,0.0,0.0,0.0,0.0,0.0,0.0,0.0,0.0,0.0,0.3333333333333333,0.0,0.0,0.0,0.0,0.0,0.0,-1.1730733714010166,-1.5,378.4014,0.9930451995411488,0.006954800458851218
1295,pos_1439,GEGSGA,1,6,0.16666666666666666,0.0,0.0,0.16666666666666666,0.0,0.5,0.0,0.0,0.0,0.0,0.0,0.0,0.0,0.0,0.0,0.16666666666666666,0.0,0.0,0.0,0.0,-1.2370879238374872,-0.6166666666666667,476.4384,0.935513306564665,0.06448669343533497
1296,pos_1440,FQRL,1,4,0.0,0.0,0.0,0.0,0.25,0.0,0.0,0.0,0.0,0.25,0.0,0.0,0.0,0.25,0.25,0.0,0.0,0.0,0.0,0.0,0.7600916142893016,-0.3500000000000001,562.6616,0.8697699663164277,0.13023003368357233
1297,pos_1441,SSAPGGGRP,1,9,0.1111111111111111,0.0,0.0,0.0,0.0,0.3333333333333333,0.0,0.0,0.0,0.0,0.0,0.0,0.2222222222222222,0.0,0.1111111111111111,0.2222222222222222,0.0,0.0,0.0,0.0,0.46013645931759795,-0.9666666666666668,784.8178,0.6025225399333345,0.3974774600666655
1298,pos_1443,RHE,1,3,0.0,0.0,0.0,0.3333333333333333,0.0,0.0,0.3333333333333333,0.0,0.0,0.0,0.0,0.0,0.0,0.0,0.3333333333333333,0.0,0.0,0.0,0.0,0.0,-0.14468645571541128,-3.733333333333333,440.4543,0.9988136307487947,0.0011863692512052992
1299,pos_1444,GNQEKVLELVQR,1,12,0.0,0.0,0.0,0.16666666666666666,0.0,0.08333333333333333,0.0,0.0,0.08333333333333333,0.16666666666666666,0.0,0.08333333333333333,0.0,0.16666666666666666,0.08333333333333333,0.0,0.0,0.16666666666666666,0.0,0.0,-0.2352864627632787,-0.8583333333333334,1412.5908,0.5048497600217378,0.49515023997826224
1300,pos_1445,YVAQGEGVVA,1,10,0.2,0.0,0.0,0.1,0.0,0.2,0.0,0.0,0.0,0.0,0.0,0.0,0.0,0.1,0.0,0.0,0.0,0.3,0.0,0.1,-1.2380869248364883,0.7100000000000001,992.0831000000001,0.9270028904947271,0.07299710950527294
1301,pos_1446,LQAE,1,4,0.25,0.0,0.0,0.25,0.0,0.0,0.0,0.0,0.0,0.25,0.0,0.0,0.0,0.25,0.0,0.0,0.0,0.0,0.0,0.0,-1.231850644069997,-0.35000000000000003,459.49399999999997,0.9923505532699598,0.007649446730040199
1302,pos_1447,AGWACLVG,1,8,0.25,0.125,0.0,0.0,0.0,0.25,0.0,0.0,0.0,0.125,0.0,0.0,0.0,0.0,0.0,0.0,0.0,0.125,0.125,0.0,-0.21402640224492286,1.55,775.9150999999999,0.7267710044091411,0.2732289955908589
1303,pos_1448,APLEEPSSPH,1,10,0.1,0.0,0.0,0.2,0.0,0.0,0.1,0.0,0.0,0.1,0.0,0.0,0.3,0.0,0.0,0.2,0.0,0.0,0.0,0.0,-2.111330299944906,-1.1,1063.1183,0.7886500439947967,0.21134995600520334
1304,pos_1450,EFQL,1,4,0.0,0.0,0.0,0.25,0.25,0.0,0.0,0.0,0.0,0.25,0.0,0.0,0.0,0.25,0.0,0.0,0.0,0.0,0.0,0.0,-1.1631723813020067,-0.10000000000000009,535.5899000000001,0.9728516216586369,0.027148378341363077
1305,pos_1451,IEEAF,1,5,0.2,0.0,0.0,0.4,0.2,0.0,0.0,0.2,0.0,0.0,0.0,0.0,0.0,0.0,0.0,0.0,0.0,0.0,0.0,0.0,-2.234277461864277,0.41999999999999993,607.6526,0.9461191459627066,0.05388085403729337
1306,pos_1453,VPSIDDQEELM,1,11,0.0,0.0,0.18181818181818182,0.18181818181818182,0.0,0.0,0.0,0.09090909090909091,0.0,0.09090909090909091,0.09090909090909091,0.0,0.09090909090909091,0.09090909090909091,0.0,0.09090909090909091,0.0,0.09090909090909091,0.0,0.0,-4.258149164218739,-0.5,1275.382,0.41598033331426687,0.5840196666857331
1307,pos_1454,NLGNPE,1,6,0.0,0.0,0.0,0.16666666666666666,0.0,0.16666666666666666,0.0,0.0,0.0,0.16666666666666666,0.0,0.3333333333333333,0.16666666666666666,0.0,0.0,0.0,0.0,0.0,0.0,0.0,-1.231850644069997,-1.4500000000000002,642.6586,0.9559264201414082,0.04407357985859184
1308,pos_1456,YINQMPQKSREA,1,12,0.08333333333333333,0.0,0.0,0.08333333333333333,0.0,0.0,0.0,0.08333333333333333,0.08333333333333333,0.0,0.08333333333333333,0.08333333333333333,0.08333333333333333,0.16666666666666666,0.08333333333333333,0.08333333333333333,0.0,0.0,0.0,0.08333333333333333,0.7609040742645101,-1.4916666666666665,1464.6454999999999,0.24615562724344092,0.7538443727565591
1309,pos_1457,RELEEL,1,6,0.0,0.0,0.0,0.5,0.0,0.0,0.0,0.0,0.0,0.3333333333333333,0.0,0.0,0.0,0.0,0.16666666666666666,0.0,0.0,0.0,0.0,0.0,-2.2314769997910675,-1.2333333333333334,787.8582,0.9746647611309197,0.02533523886908029
1310,pos_1458,PVRGLHP,1,7,0.0,0.0,0.0,0.0,0.0,0.14285714285714285,0.14285714285714285,0.0,0.0,0.14285714285714285,0.0,0.0,0.2857142857142857,0.0,0.14285714285714285,0.0,0.0,0.14285714285714285,0.0,0.0,1.0456930559329414,-0.4714285714285715,774.9105999999999,0.9404546607981596,0.05954533920184035
1311,pos_1460,AP,1,2,0.5,0.0,0.0,0.0,0.0,0.0,0.0,0.0,0.0,0.0,0.0,0.0,0.5,0.0,0.0,0.0,0.0,0.0,0.0,0.0,-0.20412541214591307,0.09999999999999998,186.2084,0.9856862617980487,0.014313738201951254
1312,pos_1461,YVPR,1,4,0.0,0.0,0.0,0.0,0.0,0.0,0.0,0.0,0.0,0.0,0.0,0.0,0.25,0.0,0.25,0.0,0.0,0.25,0.0,0.25,0.7590926132903006,-0.8,533.6204,0.9923229225835813,0.007677077416418654
1313,pos_1462,FSDIPNPIGSEN,1,12,0.0,0.0,0.08333333333333333,0.08333333333333333,0.08333333333333333,0.08333333333333333,0.0,0.16666666666666666,0.0,0.0,0.0,0.16666666666666666,0.16666666666666666,0.0,0.0,0.16666666666666666,0.0,0.0,0.0,0.0,-2.2359671628976425,-0.6166666666666667,1289.3472,0.13817949139759547,0.8618205086024046
1314,pos_1463,LHG,1,3,0.0,0.0,0.0,0.0,0.0,0.3333333333333333,0.3333333333333333,0.0,0.0,0.3333333333333333,0.0,0.0,0.0,0.0,0.0,0.0,0.0,0.0,0.0,0.0,-0.15272419755611044,0.06666666666666654,325.3635,0.9964226557516863,0.0035773442483136852
1315,pos_1464,AYFYPE,1,6,0.16666666666666666,0.0,0.0,0.16666666666666666,0.16666666666666666,0.0,0.0,0.0,0.0,0.0,0.0,0.0,0.16666666666666666,0.0,0.0,0.0,0.0,0.0,0.0,0.3333333333333333,-1.1980756724032147,-0.5166666666666667,788.8426,0.9732463159187026,0.026753684081297413
1316,pos_1465,IDDVLK,1,6,0.0,0.0,0.3333333333333333,0.0,0.0,0.0,0.0,0.16666666666666666,0.16666666666666666,0.16666666666666666,0.0,0.0,0.0,0.0,0.0,0.0,0.0,0.16666666666666666,0.0,0.0,-1.238655864930009,0.26666666666666666,701.8086,0.7264968101214545,0.2735031898785455
1317,pos_1466,LWV,1,3,0.0,0.0,0.0,0.0,0.0,0.0,0.0,0.0,0.0,0.3333333333333333,0.0,0.0,0.0,0.0,0.0,0.0,0.0,0.3333333333333333,0.3333333333333333,0.0,-0.23989838581069733,2.3666666666666667,416.5138,0.9853366359803962,0.014663364019603775
1318,pos_1467,YSEMPPGK,1,8,0.0,0.0,0.0,0.125,0.0,0.125,0.0,0.0,0.125,0.0,0.125,0.0,0.25,0.0,0.0,0.125,0.0,0.0,0.0,0.125,-0.23908592583548893,-1.4000000000000001,908.0298,0.847012372298305,0.15298762770169505
1319,pos_1468,FLHRP,1,5,0.0,0.0,0.0,0.0,0.2,0.0,0.2,0.0,0.0,0.2,0.0,0.0,0.2,0.0,0.2,0.0,0.0,0.0,0.0,0.0,0.8472658025438885,-0.5400000000000001,668.7869,0.9102692496528498,0.08973075034715017
1320,pos_1470,DNLLN,1,5,0.0,0.0,0.2,0.0,0.0,0.0,0.0,0.0,0.0,0.4,0.0,0.4,0.0,0.0,0.0,0.0,0.0,0.0,0.0,0.0,-1.2387776248708526,-0.5800000000000001,587.6231,0.864358903198174,0.135641096801826
1321,pos_1471,LAGNPENE,1,8,0.125,0.0,0.0,0.25,0.0,0.125,0.0,0.0,0.0,0.125,0.0,0.25,0.125,0.0,0.0,0.0,0.0,0.0,0.0,0.0,-2.229040182096787,-1.3,842.8505,0.9212253208169583,0.07877467918304171
1322,pos_1472,QL,1,2,0.0,0.0,0.0,0.0,0.0,0.0,0.0,0.0,0.0,0.5,0.0,0.0,0.0,0.5,0.0,0.0,0.0,0.0,0.0,0.0,-0.23989838581069733,0.1499999999999999,259.3021,0.9966716683246567,0.003328331675343299
1323,pos_1473,AEFAES,1,6,0.3333333333333333,0.0,0.0,0.3333333333333333,0.16666666666666666,0.0,0.0,0.0,0.0,0.0,0.0,0.0,0.0,0.0,0.0,0.16666666666666666,0.0,0.0,0.0,0.0,-2.1985044881994926,-0.23333333333333336,652.6501999999999,0.8885665883484156,0.11143341165158438
1324,pos_1474,AMRLTYNRPGLGAT,1,14,0.14285714285714285,0.0,0.0,0.0,0.0,0.14285714285714285,0.0,0.0,0.0,0.14285714285714285,0.07142857142857142,0.07142857142857142,0.07142857142857142,0.0,0.14285714285714285,0.0,0.14285714285714285,0.0,0.0,0.07142857142857142,1.7948555870550837,-0.32142857142857145,1520.7550999999999,0.10551885484384277,0.8944811451561572
1325,pos_1475,DAHK,1,4,0.25,0.0,0.25,0.0,0.0,0.0,0.25,0.0,0.25,0.0,0.0,0.0,0.0,0.0,0.0,0.0,0.0,0.0,0.0,0.0,-0.1526024376152666,-2.2,469.49219999999997,0.9748424592285243,0.025157540771475695
1326,pos_1476,ACQ,1,3,0.3333333333333333,0.3333333333333333,0.0,0.0,0.0,0.0,0.0,0.0,0.0,0.0,0.0,0.0,0.0,0.3333333333333333,0.0,0.0,0.0,0.0,0.0,0.0,-0.21402640224492286,0.26666666666666666,320.3653,0.9627890235416934,0.03721097645830662
1327,pos_1477,QETTGVEGPKGDT,1,13,0.0,0.0,0.07692307692307693,0.15384615384615385,0.0,0.23076923076923078,0.0,0.0,0.07692307692307693,0.0,0.0,0.0,0.07692307692307693,0.07692307692307693,0.0,0.0,0.23076923076923078,0.07692307692307693,0.0,0.0,-2.234155701923433,-1.4307692307692308,1318.3439999999998,0.5270311823198773,0.47296881768012267
1328,pos_1478,SNLCRPCG,1,8,0.0,0.25,0.0,0.0,0.0,0.125,0.0,0.0,0.0,0.125,0.0,0.125,0.125,0.0,0.125,0.125,0.0,0.0,0.0,0.0,0.44033447911957824,-0.25000000000000006,848.9908,0.39093578493349945,0.6090642150665005
1329,pos_1479,NGLEGLK,1,7,0.0,0.0,0.0,0.14285714285714285,0.0,0.2857142857142857,0.0,0.0,0.14285714285714285,0.2857142857142857,0.0,0.14285714285714285,0.0,0.0,0.0,0.0,0.0,0.0,0.0,0.0,-0.23808692483648786,-0.5857142857142857,729.822,0.894277890839305,0.10572210916069502
1330,pos_1480,GGLEPINFN,1,9,0.0,0.0,0.0,0.1111111111111111,0.1111111111111111,0.2222222222222222,0.0,0.1111111111111111,0.0,0.1111111111111111,0.0,0.2222222222222222,0.1111111111111111,0.0,0.0,0.0,0.0,0.0,0.0,0.0,-1.2370879238374872,-0.20000000000000007,960.0413000000001,0.6196412873529409,0.3803587126470591
1331,pos_1481,WISELGW,1,7,0.0,0.0,0.0,0.14285714285714285,0.0,0.14285714285714285,0.0,0.14285714285714285,0.0,0.14285714285714285,0.0,0.0,0.0,0.0,0.0,0.14285714285714285,0.0,0.0,0.2857142857142857,0.0,-1.2370879238374872,0.2571428571428571,889.9929,0.6945146914193262,0.3054853085806738
1332,pos_1482,NGPLQAGQPGER,1,12,0.08333333333333333,0.0,0.0,0.08333333333333333,0.0,0.25,0.0,0.0,0.0,0.08333333333333333,0.0,0.08333333333333333,0.16666666666666666,0.16666666666666666,0.08333333333333333,0.0,0.0,0.0,0.0,0.0,-0.23709792373748817,-1.4416666666666667,1223.2957999999999,0.552309398104389,0.44769060189561105
1333,pos_1483,TFE,1,3,0.0,0.0,0.0,0.3333333333333333,0.3333333333333333,0.0,0.0,0.0,0.0,0.0,0.0,0.0,0.0,0.0,0.0,0.0,0.3333333333333333,0.0,0.0,0.0,-1.5937556638926718,-0.46666666666666673,395.407,0.9747346097943876,0.02526539020561236
1334,pos_1484,DTGSDKKQL,1,9,0.0,0.0,0.2222222222222222,0.0,0.0,0.1111111111111111,0.0,0.0,0.2222222222222222,0.1111111111111111,0.0,0.0,0.0,0.1111111111111111,0.0,0.1111111111111111,0.1111111111111111,0.0,0.0,0.0,-0.23965486592901009,-1.822222222222222,991.0540000000001,0.4168225360871333,0.5831774639128666
1335,pos_1485,RHA,1,3,0.3333333333333333,0.0,0.0,0.0,0.0,0.0,0.3333333333333333,0.0,0.0,0.0,0.0,0.0,0.0,0.0,0.3333333333333333,0.0,0.0,0.0,0.0,0.0,0.8472658025438885,-1.9666666666666668,382.4182,0.9934702594675071,0.006529740532492889
1336,pos_1486,LEDGLK,1,6,0.0,0.0,0.16666666666666666,0.16666666666666666,0.0,0.16666666666666666,0.0,0.0,0.16666666666666666,0.3333333333333333,0.0,0.0,0.0,0.0,0.0,0.0,0.0,0.0,0.0,0.0,-1.2369661638966432,-0.6166666666666667,673.7555,0.8891372293829014,0.1108627706170986
1337,pos_1487,INY,1,3,0.0,0.0,0.0,0.0,0.0,0.0,0.0,0.3333333333333333,0.0,0.0,0.0,0.3333333333333333,0.0,0.0,0.0,0.0,0.0,0.0,0.0,0.3333333333333333,-0.2408973868096983,-0.10000000000000002,408.4487,0.9931240662877447,0.0068759337122552555
1338,pos_1488,NWDLKEVGGGALP,1,13,0.07692307692307693,0.0,0.07692307692307693,0.07692307692307693,0.0,0.23076923076923078,0.0,0.0,0.07692307692307693,0.15384615384615385,0.0,0.07692307692307693,0.07692307692307693,0.0,0.0,0.0,0.0,0.07692307692307693,0.07692307692307693,0.0,-1.2369661638966432,-0.34615384615384615,1355.4947,0.26637501347173914,0.7336249865282609
1339,pos_1489,AWDPE,1,5,0.2,0.0,0.2,0.2,0.0,0.0,0.0,0.0,0.0,0.0,0.0,0.0,0.2,0.0,0.0,0.0,0.0,0.0,0.2,0.0,-2.1949569094653683,-1.54,616.6197,0.9413147544198327,0.0586852455801673
1340,pos_1490,QLPEPDNRLQ,1,10,0.0,0.0,0.1,0.1,0.0,0.0,0.0,0.0,0.0,0.2,0.0,0.1,0.2,0.2,0.1,0.0,0.0,0.0,0.0,0.0,-1.2359771627976435,-1.7600000000000002,1209.309,0.5881451622365302,0.41185483776346976
1341,pos_1491,PYK,1,3,0.0,0.0,0.0,0.0,0.0,0.0,0.0,0.0,0.3333333333333333,0.0,0.0,0.0,0.3333333333333333,0.0,0.0,0.0,0.0,0.0,0.0,0.3333333333333333,0.9565308655803535,-2.2666666666666666,406.476,0.9963987773206787,0.003601222679321281
1342,pos_1492,LTTLDSE,1,7,0.0,0.0,0.14285714285714285,0.14285714285714285,0.0,0.0,0.0,0.0,0.0,0.2857142857142857,0.0,0.0,0.0,0.0,0.0,0.14285714285714285,0.2857142857142857,0.0,0.0,0.0,-2.2307298831301527,-0.22857142857142862,777.817,0.8024945905251317,0.19750540947486828
1343,pos_1493,MYY,1,3,0.0,0.0,0.0,0.0,0.0,0.0,0.0,0.0,0.0,0.0,0.3333333333333333,0.0,0.0,0.0,0.0,0.0,0.0,0.0,0.0,0.6666666666666666,-0.5016433144566572,-0.2333333333333334,475.5577,0.9989584996578708,0.0010415003421292424
1344,pos_1494,HLPLPLL,1,7,0.0,0.0,0.0,0.0,0.0,0.0,0.14285714285714285,0.0,0.0,0.5714285714285714,0.0,0.0,0.2857142857142857,0.0,0.0,0.0,0.0,0.0,0.0,0.0,-0.15272419755611044,1.257142857142857,802.0153999999999,0.921244485544511,0.078755514455489
1345,pos_1495,AW,1,2,0.5,0.0,0.0,0.0,0.0,0.0,0.0,0.0,0.0,0.0,0.0,0.0,0.0,0.0,0.0,0.0,0.0,0.0,0.5,0.0,-0.20412541214591307,0.45,275.3031,0.9751583503830566,0.02484164961694335
1346,pos_1496,TIL,1,3,0.0,0.0,0.0,0.0,0.0,0.0,0.0,0.3333333333333333,0.0,0.3333333333333333,0.0,0.0,0.0,0.0,0.0,0.0,0.3333333333333333,0.0,0.0,0.0,-0.6018034056333719,2.533333333333333,345.43440000000004,0.9585029535576997,0.041497046442300345
1347,pos_1497,GPPGPPGPP,1,9,0.0,0.0,0.0,0.0,0.0,0.3333333333333333,0.0,0.0,0.0,0.0,0.0,0.0,0.6666666666666666,0.0,0.0,0.0,0.0,0.0,0.0,0.0,-0.23989838581069733,-1.2000000000000002,771.8604,0.8810555767155814,0.11894442328441857
1348,pos_1498,EAVQ,1,4,0.25,0.0,0.0,0.25,0.0,0.0,0.0,0.0,0.0,0.0,0.0,0.0,0.0,0.25,0.0,0.0,0.0,0.25,0.0,0.0,-1.1631723813020067,-0.24999999999999994,445.46739999999994,0.9965540000453733,0.0034459999546266884
1349,pos_1499,SKKGL,1,5,0.0,0.0,0.0,0.0,0.0,0.2,0.0,0.0,0.4,0.2,0.0,0.0,0.0,0.0,0.0,0.2,0.0,0.0,0.0,0.0,1.4581484572195973,-1.04,531.6461,0.8231586782732755,0.1768413217267245
1350,pos_1500,MMGW,1,4,0.0,0.0,0.0,0.0,0.0,0.25,0.0,0.0,0.0,0.0,0.5,0.0,0.0,0.0,0.0,0.0,0.0,0.0,0.25,0.0,-0.4996453124586552,0.625,523.6685,0.8792741240272248,0.12072587597277518
1351,pos_1501,FIMGPY,1,6,0.0,0.0,0.0,0.0,0.16666666666666666,0.16666666666666666,0.0,0.16666666666666666,0.0,0.0,0.16666666666666666,0.0,0.16666666666666666,0.0,0.0,0.0,0.0,0.0,0.0,0.16666666666666666,-0.2408973868096983,0.9833333333333333,726.8824,0.8214163946519425,0.1785836053480575
1352,pos_1502,HFGDPFH,1,7,0.0,0.0,0.14285714285714285,0.0,0.2857142857142857,0.14285714285714285,0.2857142857142857,0.0,0.0,0.0,0.0,0.0,0.14285714285714285,0.0,0.0,0.0,0.0,0.0,0.0,0.0,-1.0644292483616788,-0.9000000000000001,855.8953999999999,0.7976244320773705,0.20237556792262945
1353,pos_1503,GAH,1,3,0.3333333333333333,0.0,0.0,0.0,0.0,0.3333333333333333,0.3333333333333333,0.0,0.0,0.0,0.0,0.0,0.0,0.0,0.0,0.0,0.0,0.0,0.0,0.0,-0.15272419755611044,-0.6000000000000001,283.2838,0.996217542649386,0.003782457350613999
1354,pos_1504,AIILHQ,1,6,0.16666666666666666,0.0,0.0,0.0,0.0,0.0,0.16666666666666666,0.3333333333333333,0.0,0.16666666666666666,0.0,0.0,0.0,0.16666666666666666,0.0,0.0,0.0,0.0,0.0,0.0,-0.11695122389132617,1.3166666666666667,693.8344999999999,0.9468757626901877,0.053124237309812306
1355,pos_1505,YAKPA,1,5,0.4,0.0,0.0,0.0,0.0,0.0,0.0,0.0,0.2,0.0,0.0,0.0,0.2,0.0,0.0,0.0,0.0,0.0,0.0,0.2,0.758103612191301,-0.64,548.6318,0.9725721316743917,0.027427868325608284
1356,pos_1506,RNF,1,3,0.0,0.0,0.0,0.0,0.3333333333333333,0.0,0.0,0.0,0.0,0.0,0.0,0.3333333333333333,0.0,0.0,0.3333333333333333,0.0,0.0,0.0,0.0,0.0,0.7600916142893016,-1.7333333333333334,435.4774,0.7924394711424192,0.2075605288575808
1357,pos_1507,GWFK,1,4,0.0,0.0,0.0,0.0,0.25,0.25,0.0,0.0,0.25,0.0,0.0,0.0,0.0,0.0,0.0,0.0,0.0,0.0,0.25,0.0,0.7591026131903019,-0.6000000000000001,536.6226,0.784365320588766,0.21563467941123404
1358,pos_1508,VIESPPEIN,1,9,0.0,0.0,0.0,0.2222222222222222,0.0,0.0,0.0,0.2222222222222222,0.0,0.0,0.0,0.1111111111111111,0.2222222222222222,0.0,0.0,0.1111111111111111,0.0,0.1111111111111111,0.0,0.0,-2.260390686098427,-0.14444444444444446,997.0998,0.7977445463783374,0.20225545362166264
1359,neg_0,EDAYKFTTW,0,9,0.1111111111111111,0.0,0.1111111111111111,0.1111111111111111,0.1111111111111111,0.0,0.0,0.0,0.1111111111111111,0.0,0.0,0.0,0.0,0.0,0.0,0.0,0.2222222222222222,0.0,0.1111111111111111,0.1111111111111111,-1.1640496223601642,-1.1,1160.2316,0.5056214944164654,0.5056214944164654
1360,neg_1,LVTLVFV,0,7,0.0,0.0,0.0,0.0,0.14285714285714285,0.0,0.0,0.0,0.0,0.2857142857142857,0.0,0.0,0.0,0.0,0.0,0.0,0.14285714285714285,0.42857142857142855,0.0,0.0,-0.23989838581069733,3.185714285714286,790.0011999999999,0.8717711767611939,0.8717711767611939
1361,neg_2,GGSGSGETSGMWFGPRL,0,17,0.0,0.0,0.0,0.058823529411764705,0.058823529411764705,0.35294117647058826,0.0,0.0,0.0,0.058823529411764705,0.058823529411764705,0.0,0.058823529411764705,0.0,0.058823529411764705,0.17647058823529413,0.058823529411764705,0.0,0.058823529411764705,0.0,-0.23709792373748817,-0.44117647058823534,1682.8111000000001,0.024313508682182145,0.024313508682182145
1362,neg_3,QPSQDFMRF,0,9,0.0,0.0,0.1111111111111111,0.0,0.2222222222222222,0.0,0.0,0.0,0.0,0.0,0.1111111111111111,0.0,0.1111111111111111,0.2222222222222222,0.1111111111111111,0.1111111111111111,0.0,0.0,0.0,0.0,-0.2387876247708538,-1.1,1155.2829,0.17016916767331694,0.17016916767331694
1363,neg_4,QGIGVGDNDGKRGKR,0,15,0.0,0.0,0.13333333333333333,0.0,0.0,0.3333333333333333,0.0,0.06666666666666667,0.13333333333333333,0.0,0.0,0.06666666666666667,0.0,0.06666666666666667,0.13333333333333333,0.0,0.0,0.06666666666666667,0.0,0.0,1.760325134270988,-1.6066666666666667,1556.683,0.05513677320511182,0.05513677320511182
1364,neg_5,ECCTHAHCSQGCRPCC,0,16,0.0625,0.375,0.0,0.0625,0.0,0.0625,0.125,0.0,0.0,0.0,0.0,0.0,0.0625,0.0625,0.0625,0.0625,0.0625,0.0,0.0,0.0,-0.04823994528689335,-0.28750000000000003,1738.0058,0.02843960607757318,0.02843960607757318
1365,neg_6,INWLKLGKAVIDAL,0,14,0.14285714285714285,0.0,0.07142857142857142,0.0,0.0,0.07142857142857142,0.0,0.14285714285714285,0.14285714285714285,0.21428571428571427,0.0,0.07142857142857142,0.0,0.0,0.0,0.0,0.0,0.07142857142857142,0.07142857142857142,0.0,0.7592243731311454,0.8642857142857142,1553.8859,0.05543653635313735,0.05543653635313735
1366,neg_7,MIKSDQET,0,8,0.0,0.0,0.125,0.125,0.0,0.0,0.0,0.125,0.125,0.0,0.125,0.0,0.0,0.125,0.0,0.125,0.125,0.0,0.0,0.0,-1.496713090544601,-1.1875,951.0530000000001,0.6389640618333338,0.6389640618333338
1367,neg_8,AGTADCFWKYCV,0,12,0.16666666666666666,0.16666666666666666,0.08333333333333333,0.0,0.08333333333333333,0.08333333333333333,0.0,0.0,0.08333333333333333,0.0,0.0,0.0,0.0,0.0,0.0,0.0,0.08333333333333333,0.08333333333333333,0.08333333333333333,0.08333333333333333,-0.22480463340209011,0.4083333333333334,1363.5597,0.11157620831932369,0.11157620831932369
1368,neg_9,MKYNPRVSSNRRKS,0,14,0.0,0.0,0.0,0.0,0.0,0.0,0.0,0.0,0.14285714285714285,0.0,0.07142857142857142,0.14285714285714285,0.07142857142857142,0.0,0.21428571428571427,0.21428571428571427,0.0,0.07142857142857142,0.0,0.07142857142857142,4.49732768484434,-1.9642857142857142,1722.9695,0.018477421381189733,0.018477421381189733
1369,neg_10,INLLKIAKGIIKSL,0,14,0.07142857142857142,0.0,0.0,0.0,0.0,0.07142857142857142,0.0,0.2857142857142857,0.21428571428571427,0.21428571428571427,0.0,0.07142857142857142,0.0,0.0,0.0,0.07142857142857142,0.0,0.0,0.0,0.0,2.7571046111923003,1.0571428571428572,1523.9444999999998,0.03663392748055166,0.03663392748055166
1370,neg_11,MKYLAFLIKGKTTHFDVGK,0,19,0.05263157894736842,0.0,0.05263157894736842,0.0,0.10526315789473684,0.10526315789473684,0.05263157894736842,0.05263157894736842,0.21052631578947367,0.10526315789473684,0.05263157894736842,0.0,0.0,0.0,0.0,0.0,0.10526315789473684,0.05263157894736842,0.0,0.05263157894736842,2.583654631740772,-0.010526315789473705,2197.6401,0.0030669492115950195,0.0030669492115950195
1371,neg_13,MYKLLIINP,0,9,0.0,0.0,0.0,0.0,0.0,0.0,0.0,0.2222222222222222,0.1111111111111111,0.2222222222222222,0.1111111111111111,0.1111111111111111,0.1111111111111111,0.0,0.0,0.0,0.0,0.0,0.0,0.1111111111111111,0.498356685543343,0.911111111111111,1104.405,0.5107094943343375,0.5107094943343375
1372,neg_14,SVFAFQDESTSTIAQARLFI,0,20,0.15,0.0,0.05,0.05,0.15,0.0,0.0,0.1,0.0,0.05,0.0,0.0,0.0,0.1,0.05,0.15,0.1,0.05,0.0,0.0,-1.5359323177693471,0.425,2231.4594,0.0015592144340950144,0.0015592144340950144
1373,neg_15,GFLSILKKVLPKVMAHMK,0,18,0.05555555555555555,0.0,0.0,0.0,0.05555555555555555,0.05555555555555555,0.05555555555555555,0.05555555555555555,0.2222222222222222,0.16666666666666666,0.1111111111111111,0.0,0.05555555555555555,0.0,0.0,0.05555555555555555,0.0,0.1111111111111111,0.0,0.0,3.843279798447887,0.6166666666666667,2040.6237,0.005912698727838639,0.005912698727838639
1374,neg_16,NLVQFGKMIE,0,10,0.0,0.0,0.0,0.1,0.1,0.1,0.0,0.1,0.1,0.1,0.1,0.1,0.0,0.1,0.0,0.0,0.0,0.1,0.0,0.0,-0.23284964506899786,0.24,1178.4007,0.4390992548412173,0.4390992548412173
1375,neg_17,GDDVLSACCD,0,10,0.1,0.2,0.3,0.0,0.0,0.1,0.0,0.0,0.0,0.1,0.0,0.0,0.0,0.0,0.0,0.1,0.0,0.1,0.0,0.0,-3.2531571815818805,0.31,997.0583999999999,0.21432223185758037,0.21432223185758037
1376,neg_18,LGPALITRKPLKGKP,0,15,0.06666666666666667,0.0,0.0,0.0,0.0,0.13333333333333333,0.0,0.06666666666666667,0.2,0.2,0.0,0.0,0.2,0.0,0.06666666666666667,0.0,0.06666666666666667,0.0,0.0,0.0,3.7570946112922994,-0.32000000000000006,1588.9782999999998,0.05257559790296935,0.05257559790296935
1377,neg_20,QLTFTSSWG,0,9,0.0,0.0,0.0,0.0,0.1111111111111111,0.1111111111111111,0.0,0.0,0.0,0.1111111111111111,0.0,0.0,0.0,0.1111111111111111,0.0,0.2222222222222222,0.2222222222222222,0.0,0.1111111111111111,0.0,-0.23989838581069733,-0.1333333333333334,1026.0995,0.345867570177437,0.345867570177437
1378,neg_21,SAEVAGAVIEGAKLTFNVLQ,0,20,0.2,0.0,0.0,0.1,0.05,0.1,0.0,0.05,0.05,0.1,0.0,0.05,0.0,0.05,0.0,0.05,0.05,0.15,0.0,0.0,-1.5352316178349814,0.725,2017.2824,0.019340357736126006,0.019340357736126006
1379,neg_22,QDLDHVFMRF,0,10,0.0,0.0,0.2,0.0,0.2,0.0,0.1,0.0,0.0,0.1,0.1,0.0,0.0,0.1,0.1,0.0,0.0,0.1,0.0,0.0,-1.1504926755764224,-0.2700000000000001,1307.4765,0.16554888304965718,0.16554888304965718
1380,neg_23,TYNNNLIR,0,8,0.0,0.0,0.0,0.0,0.0,0.0,0.0,0.125,0.0,0.125,0.0,0.375,0.0,0.0,0.125,0.0,0.125,0.0,0.0,0.125,0.3971875934676261,-1.0875,1007.1011000000001,0.707162221596491,0.707162221596491
1381,neg_25,LRQSQFVGSR,0,10,0.0,0.0,0.0,0.0,0.1,0.1,0.0,0.0,0.0,0.1,0.0,0.0,0.0,0.2,0.2,0.2,0.0,0.1,0.0,0.0,1.7600816143893008,-0.72,1177.3134,0.23653426341183464,0.23653426341183464
1382,neg_26,VNWKKILGKIIKVVK,0,15,0.0,0.0,0.0,0.0,0.0,0.06666666666666667,0.0,0.2,0.3333333333333333,0.06666666666666667,0.0,0.06666666666666667,0.0,0.0,0.0,0.0,0.0,0.2,0.06666666666666667,0.0,4.728993384960147,0.37333333333333335,1766.2640000000001,0.02572951153357972,0.02572951153357972
1383,neg_27,GRCCHPACGKNYSC,0,14,0.07142857142857142,0.2857142857142857,0.0,0.0,0.0,0.14285714285714285,0.07142857142857142,0.0,0.07142857142857142,0.0,0.0,0.07142857142857142,0.07142857142857142,0.0,0.07142857142857142,0.07142857142857142,0.0,0.0,0.0,0.07142857142857142,1.8056638401498475,-0.5571428571428572,1498.733,0.06154270401237856,0.06154270401237856
1384,neg_28,KDGYLVGSDGCKYSCLTRPG,0,20,0.0,0.1,0.1,0.0,0.0,0.2,0.0,0.0,0.1,0.1,0.0,0.0,0.05,0.0,0.05,0.1,0.05,0.05,0.0,0.1,0.738535151974967,-0.53,2119.3777,0.0041998426443867086,0.0041998426443867086
1385,neg_29,RCKTCSKGRCRPKPNCG,0,17,0.0,0.23529411764705882,0.0,0.0,0.0,0.11764705882352941,0.0,0.0,0.17647058823529413,0.0,0.0,0.058823529411764705,0.11764705882352941,0.0,0.17647058823529413,0.058823529411764705,0.058823529411764705,0.0,0.0,0.0,5.7174706510962565,-1.423529411764706,1894.2777,0.003439217701183306,0.003439217701183306
1386,neg_30,NSELINSILGLPKVMNEA,0,18,0.05555555555555555,0.0,0.0,0.1111111111111111,0.0,0.05555555555555555,0.0,0.1111111111111111,0.05555555555555555,0.16666666666666666,0.05555555555555555,0.16666666666666666,0.05555555555555555,0.0,0.0,0.1111111111111111,0.0,0.05555555555555555,0.0,0.0,-1.2352764628632777,0.1833333333333333,1942.2374,0.01675490036363933,0.01675490036363933
1387,neg_31,KPDPEAVLIV,0,10,0.1,0.0,0.1,0.1,0.0,0.0,0.0,0.1,0.1,0.1,0.0,0.0,0.2,0.0,0.0,0.0,0.0,0.2,0.0,0.0,-1.2369661638966432,0.44000000000000006,1080.2745,0.6680454158943336,0.6680454158943336
1388,neg_32,MKRQDLPRSRSLRSCE,0,16,0.0,0.0625,0.0625,0.0625,0.0,0.0,0.0,0.0,0.0625,0.125,0.0625,0.0,0.0625,0.0625,0.25,0.1875,0.0,0.0,0.0,0.0,2.4985831995238748,-1.5250000000000001,1962.2622000000001,0.0038313159259799464,0.0038313159259799464
1389,neg_33,QLYENKSRRPYIL,0,13,0.0,0.0,0.0,0.07692307692307693,0.0,0.0,0.0,0.07692307692307693,0.07692307692307693,0.15384615384615385,0.0,0.07692307692307693,0.07692307692307693,0.07692307692307693,0.15384615384615385,0.07692307692307693,0.0,0.0,0.0,0.15384615384615385,1.7598950733655083,-1.2538461538461538,1679.9164999999998,0.10684839679218058,0.10684839679218058
1390,neg_34,DDAVANGVHAISGVVDS,0,17,0.17647058823529413,0.0,0.17647058823529413,0.0,0.0,0.11764705882352941,0.058823529411764705,0.058823529411764705,0.0,0.0,0.0,0.058823529411764705,0.0,0.0,0.0,0.11764705882352941,0.0,0.23529411764705882,0.0,0.0,-3.1493619147365766,0.4176470588235294,1625.6919,0.07969868532758476,0.07969868532758476
1391,neg_35,LKCNKLVPLF,0,10,0.0,0.1,0.0,0.0,0.1,0.0,0.0,0.0,0.2,0.3,0.0,0.1,0.1,0.0,0.0,0.0,0.0,0.1,0.0,0.0,1.748202622092291,0.8,1174.4982,0.23127564630960762,0.23127564630960762
1392,neg_36,AAQEGETLTVEETV,0,14,0.14285714285714285,0.0,0.0,0.2857142857142857,0.0,0.07142857142857142,0.0,0.0,0.0,0.07142857142857142,0.0,0.0,0.0,0.07142857142857142,0.0,0.0,0.21428571428571427,0.14285714285714285,0.0,0.0,-4.192883564253072,-0.29999999999999993,1476.5388999999998,0.5940090917130586,0.5940090917130586
1393,neg_38,VVGGEVARAHSWPWQISLQY,0,20,0.1,0.0,0.0,0.05,0.0,0.1,0.05,0.05,0.0,0.05,0.0,0.0,0.05,0.1,0.05,0.1,0.0,0.15,0.1,0.05,-0.17703596071605276,-0.04,2283.5421,0.008119879307484172,0.008119879307484172
1394,neg_39,SGDTSSQAKGMWFGPRL,0,17,0.058823529411764705,0.0,0.058823529411764705,0.0,0.058823529411764705,0.17647058823529413,0.0,0.0,0.058823529411764705,0.058823529411764705,0.058823529411764705,0.0,0.058823529411764705,0.058823529411764705,0.058823529411764705,0.17647058823529413,0.058823529411764705,0.0,0.058823529411764705,0.0,0.4602582192584419,-0.7000000000000001,1825.0100000000002,0.008701566650760696,0.008701566650760696
1395,neg_40,CCQLFVWCC,0,9,0.0,0.4444444444444444,0.0,0.0,0.1111111111111111,0.0,0.0,0.0,0.0,0.1111111111111111,0.0,0.0,0.0,0.1111111111111111,0.0,0.0,0.0,0.1111111111111111,0.1111111111111111,0.0,-0.27950234620673686,1.822222222222222,1104.3884,0.15471236188653195,0.15471236188653195
1396,neg_41,EYIPFIHEWV,0,10,0.0,0.0,0.0,0.2,0.1,0.0,0.1,0.2,0.0,0.0,0.0,0.0,0.1,0.0,0.0,0.0,0.0,0.1,0.1,0.1,-2.074186732073211,0.19999999999999996,1332.5009,0.6631351706000306,0.6631351706000306
1397,neg_42,MQVNLRCSE,0,9,0.0,0.1111111111111111,0.0,0.1111111111111111,0.0,0.0,0.0,0.0,0.0,0.1111111111111111,0.1111111111111111,0.1111111111111111,0.0,0.1111111111111111,0.1111111111111111,0.1111111111111111,0.0,0.1111111111111111,0.0,0.0,-0.5015085607169656,-0.3777777777777778,1079.2516,0.5301729975393713,0.5301729975393713
1398,neg_43,IDASTATGDSPVFTATIK,0,18,0.16666666666666666,0.0,0.1111111111111111,0.0,0.05555555555555555,0.05555555555555555,0.0,0.1111111111111111,0.05555555555555555,0.0,0.0,0.0,0.05555555555555555,0.0,0.0,0.1111111111111111,0.2222222222222222,0.05555555555555555,0.0,0.0,-1.238655864930009,0.2277777777777778,1794.9528,0.013779429607886954,0.013779429607886954
1399,neg_44,MGQFFAYATVITVKENDHVA,0,20,0.15,0.0,0.05,0.05,0.1,0.05,0.05,0.05,0.05,0.0,0.05,0.05,0.0,0.05,0.0,0.0,0.1,0.15,0.0,0.05,-1.4105379032890153,0.29,2241.5203,0.0072341394078272595,0.0072341394078272595
1400,neg_45,NEEEKVKWEPDVP,0,13,0.0,0.0,0.07692307692307693,0.3076923076923077,0.0,0.0,0.0,0.0,0.15384615384615385,0.0,0.0,0.07692307692307693,0.15384615384615385,0.0,0.0,0.0,0.0,0.15384615384615385,0.07692307692307693,0.0,-3.2295337789760135,-1.8846153846153846,1598.7081999999998,0.3600067349038387,0.3600067349038387
1401,neg_47,GNTKKAVPGFYGTR,0,14,0.07142857142857142,0.0,0.0,0.0,0.07142857142857142,0.21428571428571427,0.0,0.0,0.14285714285714285,0.0,0.0,0.07142857142857142,0.07142857142857142,0.0,0.07142857142857142,0.0,0.14285714285714285,0.07142857142857142,0.0,0.07142857142857142,2.757094611292299,-0.8928571428571429,1495.6809999999998,0.11760438834037507,0.11760438834037507
1402,neg_48,GLLKRIKTLL,0,10,0.0,0.0,0.0,0.0,0.0,0.1,0.0,0.1,0.2,0.4,0.0,0.0,0.0,0.0,0.1,0.0,0.1,0.0,0.0,0.0,2.7580936122913,0.63,1154.4888,0.2662363231286185,0.2662363231286185
1403,neg_49,QSVPTFTPRL,0,10,0.0,0.0,0.0,0.0,0.1,0.0,0.0,0.0,0.0,0.1,0.0,0.0,0.2,0.1,0.1,0.1,0.2,0.1,0.0,0.0,0.7600916142893016,-0.26000000000000006,1145.3081,0.39347226020857873,0.39347226020857873
1404,neg_50,APQAGFYGVR,0,10,0.2,0.0,0.0,0.0,0.1,0.2,0.0,0.0,0.0,0.0,0.0,0.0,0.1,0.1,0.1,0.0,0.0,0.1,0.0,0.1,0.7948655869550849,-0.11000000000000001,1065.1818,0.622021079043328,0.622021079043328
1405,neg_51,EDSLSDWERVYLPIDPGVVL,0,20,0.0,0.0,0.15,0.1,0.0,0.05,0.0,0.05,0.0,0.15,0.0,0.0,0.1,0.0,0.05,0.1,0.0,0.15,0.05,0.05,-4.158008637408265,-0.04500000000000002,2302.534,0.004460956392606664,0.004460956392606664
1406,neg_52,QVNFSPNW,0,8,0.0,0.0,0.0,0.0,0.125,0.0,0.0,0.0,0.0,0.0,0.0,0.25,0.125,0.125,0.0,0.125,0.0,0.125,0.125,0.0,-0.23989838581069733,-0.85,991.0569,0.5911985091545721,0.5911985091545721
1407,neg_53,AIANAPLLDTTITDRVFFD,0,19,0.15789473684210525,0.0,0.15789473684210525,0.0,0.10526315789473684,0.0,0.0,0.10526315789473684,0.0,0.10526315789473684,0.0,0.05263157894736842,0.05263157894736842,0.0,0.05263157894736842,0.0,0.15789473684210525,0.05263157894736842,0.0,0.0,-2.1975922276190776,0.5052631578947369,2093.3354,0.0029983349140804035,0.0029983349140804035
1408,neg_54,NTESTKGESLLGK,0,13,0.0,0.0,0.0,0.15384615384615385,0.0,0.15384615384615385,0.0,0.0,0.15384615384615385,0.15384615384615385,0.0,0.07692307692307693,0.0,0.0,0.0,0.15384615384615385,0.15384615384615385,0.0,0.0,0.0,-0.23627546386227882,-1.1153846153846154,1363.4706999999999,0.22904985353173243,0.22904985353173243
1409,neg_55,AEVFKSEEGSVDFYGQLRPA,0,20,0.1,0.0,0.05,0.15,0.1,0.1,0.0,0.0,0.05,0.05,0.0,0.0,0.05,0.05,0.05,0.1,0.0,0.1,0.0,0.05,-2.1965812671844405,-0.49000000000000005,2229.4004999999997,0.005998012382616484,0.005998012382616484
1410,neg_57,RRWCFRVCYRGFCYRKCR,0,18,0.0,0.2222222222222222,0.0,0.0,0.1111111111111111,0.05555555555555555,0.0,0.0,0.05555555555555555,0.0,0.0,0.0,0.0,0.0,0.3333333333333333,0.0,0.0,0.05555555555555555,0.05555555555555555,0.1111111111111111,6.717440651396254,-0.8333333333333334,2458.9596,0.00020299726464853384,0.00020299726464853384
1411,neg_58,INWKKMAATALKMI,0,14,0.21428571428571427,0.0,0.0,0.0,0.0,0.0,0.0,0.14285714285714285,0.21428571428571427,0.07142857142857142,0.14285714285714285,0.07142857142857142,0.0,0.0,0.0,0.0,0.07142857142857142,0.0,0.07142857142857142,0.0,2.7571046111923003,0.37142857142857144,1619.0471,0.030386549370358094,0.030386549370358094
1412,neg_59,ARGPQLRLRF,0,10,0.1,0.0,0.0,0.0,0.1,0.1,0.0,0.0,0.0,0.2,0.0,0.0,0.1,0.1,0.3,0.0,0.0,0.0,0.0,0.0,2.795844588154084,-0.68,1213.435,0.18923368973544766,0.18923368973544766
1413,neg_60,TSGLIAFPRL,0,10,0.1,0.0,0.0,0.0,0.1,0.1,0.0,0.1,0.0,0.2,0.0,0.0,0.1,0.0,0.1,0.1,0.1,0.0,0.0,0.0,0.3981865944666271,0.8699999999999999,1074.2732,0.23859612483250872,0.23859612483250872
1414,neg_61,KRPPGWSPLR,0,10,0.0,0.0,0.0,0.0,0.0,0.1,0.0,0.0,0.1,0.1,0.0,0.0,0.3,0.0,0.2,0.1,0.0,0.0,0.1,0.0,2.7590826133903,-1.6,1193.4007,0.2334435040724715,0.2334435040724715
1415,neg_62,QTLIPMPRL,0,9,0.0,0.0,0.0,0.0,0.0,0.0,0.0,0.1111111111111111,0.0,0.2222222222222222,0.1111111111111111,0.0,0.2222222222222222,0.1111111111111111,0.1111111111111111,0.0,0.1111111111111111,0.0,0.0,0.0,0.7600916142893016,0.23333333333333328,1068.3333,0.5333363677612333,0.5333363677612333
1416,neg_63,DSVGSTTAHKQQNINHLLDK,0,20,0.05,0.0,0.1,0.0,0.0,0.05,0.1,0.05,0.1,0.1,0.0,0.1,0.0,0.1,0.0,0.1,0.1,0.05,0.0,0.0,-0.0653064894198363,-1.025,2206.3723,0.006387298383436856,0.006387298383436856
1417,neg_65,TPVVNPPFLQQT,0,12,0.0,0.0,0.0,0.0,0.08333333333333333,0.0,0.0,0.0,0.0,0.08333333333333333,0.0,0.08333333333333333,0.25,0.16666666666666666,0.0,0.0,0.16666666666666666,0.16666666666666666,0.0,0.0,-0.6018034056333719,-0.1416666666666667,1340.5230999999999,0.4450405717153367,0.4450405717153367
1418,neg_66,GFIMEFAENLILRRMEDPK,0,19,0.05263157894736842,0.0,0.05263157894736842,0.15789473684210525,0.10526315789473684,0.05263157894736842,0.0,0.10526315789473684,0.05263157894736842,0.10526315789473684,0.10526315789473684,0.05263157894736842,0.05263157894736842,0.0,0.10526315789473684,0.0,0.0,0.0,0.0,0.0,-1.2313652397502244,-0.24210526315789477,2309.7054,0.0016222930400854568,0.0016222930400854568
1419,neg_67,DPYAFGL,0,7,0.14285714285714285,0.0,0.14285714285714285,0.0,0.14285714285714285,0.14285714285714285,0.0,0.0,0.0,0.14285714285714285,0.0,0.0,0.14285714285714285,0.0,0.0,0.0,0.0,0.0,0.0,0.14285714285714285,-1.2397766258698537,0.2285714285714285,781.8516999999999,0.7652721810255093,0.7652721810255093
1420,neg_68,GVLDAFRKIATVVKNVV,0,17,0.11764705882352941,0.0,0.058823529411764705,0.0,0.058823529411764705,0.058823529411764705,0.0,0.058823529411764705,0.11764705882352941,0.058823529411764705,0.0,0.058823529411764705,0.0,0.0,0.058823529411764705,0.0,0.058823529411764705,0.29411764705882354,0.0,0.0,1.7592143732311445,0.9,1829.1906,0.024925948569568535,0.024925948569568535
1421,neg_69,ASEDTAEAAAPSA,0,13,0.46153846153846156,0.0,0.07692307692307693,0.15384615384615385,0.0,0.0,0.0,0.0,0.0,0.0,0.0,0.0,0.07692307692307693,0.0,0.0,0.15384615384615385,0.07692307692307693,0.0,0.0,0.0,-3.197383727259648,-0.2769230769230769,1190.1717999999998,0.3758442347038388,0.3758442347038388
1422,neg_70,RLCIPYIIPC,0,10,0.0,0.2,0.0,0.0,0.0,0.0,0.0,0.3,0.0,0.1,0.0,0.0,0.2,0.0,0.1,0.0,0.0,0.0,0.0,0.1,0.7392906330922808,1.3299999999999998,1190.5208,0.22701360941119347,0.22701360941119347
1423,neg_71,LSLQEFLGLWR,0,11,0.0,0.0,0.0,0.09090909090909091,0.09090909090909091,0.09090909090909091,0.0,0.0,0.0,0.36363636363636365,0.0,0.0,0.0,0.09090909090909091,0.09090909090909091,0.09090909090909091,0.0,0.0,0.09090909090909091,0.0,-0.23709792373748817,0.39999999999999986,1361.5869,0.1586583023968321,0.1586583023968321
1424,neg_72,GCEWDSWC,0,8,0.0,0.25,0.125,0.125,0.0,0.125,0.0,0.0,0.0,0.0,0.0,0.0,0.0,0.0,0.0,0.125,0.0,0.0,0.25,0.0,-2.2557691430956623,-0.625,985.0509,0.3376952933887681,0.3376952933887681
1425,neg_73,FLSLIPKIAGGIASLVKDL,0,19,0.10526315789473684,0.0,0.05263157894736842,0.0,0.05263157894736842,0.10526315789473684,0.0,0.15789473684210525,0.10526315789473684,0.21052631578947367,0.0,0.0,0.05263157894736842,0.0,0.0,0.10526315789473684,0.0,0.05263157894736842,0.0,0.0,0.7592243731311454,1.263157894736842,1955.3835,0.005046216659364534,0.005046216659364534
1426,neg_74,KPCCSIHDNSCCGI,0,14,0.0,0.2857142857142857,0.07142857142857142,0.0,0.0,0.07142857142857142,0.07142857142857142,0.14285714285714285,0.07142857142857142,0.0,0.0,0.07142857142857142,0.07142857142857142,0.0,0.0,0.14285714285714285,0.0,0.0,0.0,0.0,-0.192206398011306,0.09285714285714285,1479.7248,0.030621559491985806,0.030621559491985806
1427,neg_75,EGKAIGLAKPRMDST,0,15,0.13333333333333333,0.0,0.06666666666666667,0.06666666666666667,0.0,0.13333333333333333,0.0,0.06666666666666667,0.13333333333333333,0.06666666666666667,0.06666666666666667,0.0,0.06666666666666667,0.0,0.06666666666666667,0.06666666666666667,0.06666666666666667,0.0,0.0,0.0,0.8359403777398353,-0.6266666666666667,1573.813,0.04964903299679977,0.04964903299679977
1428,neg_78,AKAGVNKPELLP,0,12,0.16666666666666666,0.0,0.0,0.08333333333333333,0.0,0.08333333333333333,0.0,0.0,0.16666666666666666,0.16666666666666666,0.0,0.08333333333333333,0.16666666666666666,0.0,0.0,0.0,0.0,0.08333333333333333,0.0,0.0,0.7966870478292956,-0.25,1236.4602,0.4409480016206836,0.4409480016206836
1429,neg_79,DVTFSMLGANGATYYQFF,0,18,0.1111111111111111,0.0,0.05555555555555555,0.0,0.16666666666666666,0.1111111111111111,0.0,0.0,0.0,0.05555555555555555,0.05555555555555555,0.05555555555555555,0.0,0.05555555555555555,0.0,0.05555555555555555,0.1111111111111111,0.05555555555555555,0.0,0.1111111111111111,-1.2407756268688548,0.3222222222222222,2032.2304,0.007873091498932056,0.007873091498932056
1430,neg_80,FLSAIASMLGKFL,0,13,0.15384615384615385,0.0,0.0,0.0,0.15384615384615385,0.07692307692307693,0.0,0.07692307692307693,0.07692307692307693,0.23076923076923078,0.07692307692307693,0.0,0.0,0.0,0.0,0.15384615384615385,0.0,0.0,0.0,0.0,0.7591026131903019,1.6230769230769229,1397.7232999999999,0.03346752370021758,0.03346752370021758
1431,neg_81,TPNRDFMRF,0,9,0.0,0.0,0.1111111111111111,0.0,0.2222222222222222,0.0,0.0,0.0,0.0,0.0,0.1111111111111111,0.1111111111111111,0.1111111111111111,0.0,0.2222222222222222,0.0,0.1111111111111111,0.0,0.0,0.0,0.3992973555064705,-1.2000000000000002,1183.3394,0.10121033305366223,0.10121033305366223
1432,neg_82,FLPFLASLLTKVL,0,13,0.07692307692307693,0.0,0.0,0.0,0.15384615384615385,0.0,0.0,0.0,0.07692307692307693,0.38461538461538464,0.0,0.0,0.07692307692307693,0.0,0.0,0.07692307692307693,0.07692307692307693,0.07692307692307693,0.0,0.0,0.7591026131903019,1.8153846153846152,1461.8284999999998,0.057948244850443635,0.057948244850443635
1433,neg_83,TPQIQKPAPQFSKTALLPDE,0,20,0.1,0.0,0.05,0.05,0.05,0.0,0.0,0.05,0.1,0.1,0.0,0.0,0.2,0.15,0.0,0.05,0.1,0.0,0.0,0.0,-0.5946329049508288,-0.77,2209.4972,0.005590245956873901,0.005590245956873901
1434,neg_84,PAQPFRFPKHPQGPQTRPPI,0,20,0.05,0.0,0.0,0.0,0.1,0.05,0.05,0.05,0.05,0.0,0.0,0.0,0.35,0.15,0.1,0.0,0.05,0.0,0.0,0.0,3.04468405503394,-1.35,2296.6306,0.0033477790724870922,0.0033477790724870922
1435,neg_86,YDDGSYKPHIYGF,0,13,0.0,0.0,0.15384615384615385,0.0,0.07692307692307693,0.15384615384615385,0.07692307692307693,0.07692307692307693,0.07692307692307693,0.0,0.0,0.0,0.07692307692307693,0.0,0.0,0.07692307692307693,0.0,0.0,0.0,0.23076923076923078,-1.154478679672425,-1.0692307692307692,1561.6478,0.16340157688173984,0.16340157688173984
1436,neg_87,HTAADLLR,0,8,0.25,0.0,0.125,0.0,0.0,0.0,0.125,0.0,0.0,0.25,0.0,0.0,0.0,0.0,0.125,0.0,0.125,0.0,0.0,0.0,-0.1516134365162669,-0.08750000000000005,896.0026,0.7361803193202408,0.7361803193202408
1437,neg_88,VYGMLFKFL,0,9,0.0,0.0,0.0,0.0,0.2222222222222222,0.1111111111111111,0.0,0.0,0.1111111111111111,0.2222222222222222,0.1111111111111111,0.0,0.0,0.0,0.0,0.0,0.0,0.1111111111111111,0.0,0.1111111111111111,0.7319903879571505,1.5222222222222221,1117.4019,0.3469609854063014,0.3469609854063014
1438,neg_89,MKKVHVLGAGTMGAGI,0,16,0.125,0.0,0.0,0.0,0.0,0.25,0.0625,0.0625,0.125,0.0625,0.125,0.0,0.0,0.0,0.0,0.0,0.0625,0.125,0.0,0.0,1.5855308737979303,0.675,1569.9333000000001,0.1075193828503434,0.1075193828503434
1439,neg_90,DLVFYCPKCTAERQTACPKL,0,20,0.1,0.15,0.05,0.05,0.05,0.0,0.0,0.0,0.1,0.1,0.0,0.0,0.1,0.05,0.05,0.0,0.1,0.05,0.0,0.05,0.731322863908324,-0.15,2286.6920999999998,0.002243173637196331,0.002243173637196331
1440,neg_91,MDTPSRYWLTILSSRINS,0,18,0.0,0.0,0.05555555555555555,0.0,0.0,0.0,0.0,0.1111111111111111,0.0,0.1111111111111111,0.05555555555555555,0.05555555555555555,0.05555555555555555,0.0,0.1111111111111111,0.2222222222222222,0.1111111111111111,0.0,0.05555555555555555,0.05555555555555555,0.5004564476821864,-0.3277777777777778,2140.4184,0.002025318233674942,0.002025318233674942
1441,neg_93,DVVASSTAHKQQDINHLLDK,0,20,0.1,0.0,0.15,0.0,0.0,0.0,0.1,0.05,0.1,0.1,0.0,0.05,0.0,0.1,0.0,0.1,0.05,0.1,0.0,0.0,-1.0641857284799916,-0.67,2219.4108,0.005966874694098937,0.005966874694098937
1442,neg_95,VVKQGLLAGRIPGL,0,14,0.07142857142857142,0.0,0.0,0.0,0.0,0.21428571428571427,0.0,0.07142857142857142,0.07142857142857142,0.21428571428571427,0.0,0.0,0.07142857142857142,0.07142857142857142,0.07142857142857142,0.0,0.0,0.14285714285714285,0.0,0.0,1.7329793890561507,0.8142857142857143,1420.7418999999998,0.19020138527453323,0.19020138527453323
1443,neg_96,RLCIPVIFPC,0,10,0.0,0.2,0.0,0.0,0.1,0.0,0.0,0.2,0.0,0.1,0.0,0.0,0.2,0.0,0.1,0.0,0.0,0.1,0.0,0.0,0.7402896340912819,1.7100000000000002,1160.4948,0.15075205306623585,0.15075205306623585
1444,neg_97,IKIMDILAKLGKVLAHV,0,17,0.11764705882352941,0.0,0.058823529411764705,0.0,0.0,0.058823529411764705,0.058823529411764705,0.17647058823529413,0.17647058823529413,0.17647058823529413,0.058823529411764705,0.0,0.0,0.0,0.0,0.0,0.0,0.11764705882352941,0.0,0.0,1.845399560386732,1.1764705882352942,1862.3696,0.018717768668428936,0.018717768668428936
1445,neg_98,CCRLACGLGCHPCC,0,14,0.07142857142857142,0.42857142857142855,0.0,0.0,0.0,0.14285714285714285,0.07142857142857142,0.0,0.0,0.14285714285714285,0.0,0.0,0.07142857142857142,0.0,0.07142857142857142,0.0,0.0,0.0,0.0,0.0,0.7878598619498292,1.0214285714285714,1438.8085999999998,0.043080781036761245,0.043080781036761245
1446,neg_99,GCCSHPPCNVNNPHICG,0,17,0.0,0.23529411764705882,0.0,0.0,0.0,0.11764705882352941,0.11764705882352941,0.058823529411764705,0.0,0.0,0.0,0.17647058823529413,0.17647058823529413,0.0,0.0,0.058823529411764705,0.0,0.058823529411764705,0.0,0.0,-0.10515396969756297,-0.2705882352941177,1751.9874,0.037001637449592555,0.037001637449592555
1447,neg_100,SGLQFAVLDGQGFLPFPRV,0,19,0.05263157894736842,0.0,0.05263157894736842,0.0,0.15789473684210525,0.15789473684210525,0.0,0.0,0.0,0.15789473684210525,0.0,0.0,0.10526315789473684,0.10526315789473684,0.05263157894736842,0.05263157894736842,0.0,0.10526315789473684,0.0,0.0,-0.5387427797425575,0.5157894736842105,2048.3424999999997,0.0055715811131024666,0.0055715811131024666
1448,neg_101,LRLKSIVSYAKKVL,0,14,0.07142857142857142,0.0,0.0,0.0,0.0,0.0,0.0,0.07142857142857142,0.21428571428571427,0.21428571428571427,0.0,0.0,0.0,0.0,0.07142857142857142,0.14285714285714285,0.0,0.14285714285714285,0.0,0.07142857142857142,3.7560956102932983,0.5,1618.0159999999998,0.04810018783702287,0.04810018783702287
1449,neg_102,GRPNPVNNKPTPHPRL,0,16,0.0,0.0,0.0,0.0,0.0,0.0625,0.0625,0.0,0.0625,0.0625,0.0,0.1875,0.3125,0.0,0.125,0.0,0.0625,0.0625,0.0,0.0,2.8462568016448873,-1.73125,1794.0259,0.05194058190542462,0.05194058190542462
1450,neg_103,GPSAFLRL,0,8,0.125,0.0,0.0,0.0,0.125,0.125,0.0,0.0,0.0,0.25,0.0,0.0,0.125,0.0,0.125,0.125,0.0,0.0,0.0,0.0,0.7600916142893016,0.6124999999999999,860.0117,0.42042210605016317,0.42042210605016317
1451,neg_104,DITEVIAAGR,0,10,0.2,0.0,0.1,0.1,0.0,0.1,0.0,0.2,0.0,0.0,0.0,0.0,0.0,0.0,0.1,0.0,0.1,0.1,0.0,0.0,-1.2359771627976435,0.42000000000000004,1044.1596,0.5252494803469028,0.5252494803469028
1452,neg_105,QKKDKKDKFYGLF,0,13,0.0,0.0,0.15384615384615385,0.0,0.15384615384615385,0.07692307692307693,0.0,0.0,0.38461538461538464,0.07692307692307693,0.0,0.0,0.0,0.07692307692307693,0.0,0.0,0.0,0.0,0.0,0.07692307692307693,2.7563491300749865,-1.7153846153846155,1644.9105,0.02509856916019057,0.02509856916019057
1453,neg_106,GLLDFLKAAGKGLVTNL,0,17,0.11764705882352941,0.0,0.058823529411764705,0.0,0.058823529411764705,0.17647058823529413,0.0,0.0,0.11764705882352941,0.29411764705882354,0.0,0.058823529411764705,0.0,0.0,0.0,0.0,0.058823529411764705,0.058823529411764705,0.0,0.0,0.7592243731311454,0.7588235294117647,1730.0563,0.025245599688655147,0.025245599688655147
1454,neg_107,APPGFTPFRIY,0,11,0.09090909090909091,0.0,0.0,0.0,0.18181818181818182,0.09090909090909091,0.0,0.09090909090909091,0.0,0.0,0.0,0.0,0.2727272727272727,0.0,0.09090909090909091,0.0,0.09090909090909091,0.0,0.0,0.09090909090909091,0.7948655869550849,0.01818181818181813,1265.4581,0.20594155551979945,0.20594155551979945
1455,neg_108,APIVSGGYDF,0,10,0.1,0.0,0.1,0.0,0.1,0.2,0.0,0.1,0.0,0.0,0.0,0.0,0.1,0.0,0.0,0.1,0.0,0.1,0.0,0.1,-1.2040036522050697,0.53,1025.1113,0.4612674139614647,0.4612674139614647
1456,neg_109,IDCGTVMIPSECDPKSS,0,17,0.0,0.11764705882352941,0.11764705882352941,0.058823529411764705,0.0,0.058823529411764705,0.0,0.11764705882352941,0.058823529411764705,0.0,0.058823529411764705,0.0,0.11764705882352941,0.0,0.0,0.17647058823529413,0.058823529411764705,0.058823529411764705,0.0,0.0,-2.2556473831548187,-0.058823529411764705,1782.0219000000002,0.012531044770692707,0.012531044770692707
1457,neg_110,FLVMFLSG,0,8,0.0,0.0,0.0,0.0,0.25,0.125,0.0,0.0,0.0,0.25,0.125,0.0,0.0,0.0,0.0,0.125,0.0,0.125,0.0,0.0,-0.23989838581069733,2.2624999999999997,913.1337000000001,0.3077195262377038,0.3077195262377038
1458,neg_111,RPKPQQFFGLM,0,11,0.0,0.0,0.0,0.0,0.18181818181818182,0.09090909090909091,0.0,0.0,0.09090909090909091,0.09090909090909091,0.09090909090909091,0.0,0.18181818181818182,0.18181818181818182,0.09090909090909091,0.0,0.0,0.0,0.0,0.0,1.759092613290301,-0.7000000000000001,1348.6145999999999,0.13516640828037924,0.13516640828037924
1459,neg_112,VVGCPWQPWC,0,10,0.0,0.2,0.0,0.0,0.0,0.1,0.0,0.0,0.0,0.0,0.0,0.0,0.2,0.1,0.0,0.0,0.0,0.2,0.2,0.0,-0.28581359024286734,0.45,1174.3938,0.45759917953724744,0.45759917953724744
1460,neg_113,GCPWMPWC,0,8,0.0,0.25,0.0,0.0,0.0,0.125,0.0,0.0,0.0,0.0,0.125,0.0,0.25,0.0,0.0,0.0,0.0,0.0,0.25,0.0,-0.25970036600871704,0.18749999999999994,979.1985999999999,0.3887732496525097,0.3887732496525097
1461,neg_115,AKITFTNNHPRTIWP,0,15,0.06666666666666667,0.0,0.0,0.0,0.06666666666666667,0.0,0.06666666666666667,0.13333333333333333,0.06666666666666667,0.0,0.0,0.13333333333333333,0.13333333333333333,0.0,0.06666666666666667,0.0,0.2,0.0,0.06666666666666667,0.0,1.8820397752096722,-0.7466666666666667,1796.0367,0.025941289385475665,0.025941289385475665
1462,neg_116,GTSGLISFPRT,0,11,0.0,0.0,0.0,0.0,0.09090909090909091,0.18181818181818182,0.0,0.09090909090909091,0.0,0.09090909090909091,0.0,0.0,0.09090909090909091,0.0,0.09090909090909091,0.18181818181818182,0.18181818181818182,0.0,0.0,0.0,0.7600916142893016,0.10909090909090904,1135.2702,0.16897782594349517,0.16897782594349517
1463,neg_117,GSTTAESAALR,0,11,0.2727272727272727,0.0,0.0,0.09090909090909091,0.0,0.09090909090909091,0.0,0.0,0.0,0.09090909090909091,0.0,0.0,0.0,0.0,0.09090909090909091,0.18181818181818182,0.18181818181818182,0.0,0.0,0.0,-0.23709792373748817,-0.2,1063.12,0.4045755185640236,0.4045755185640236
1464,neg_118,IANVFAVDIHPAAR,0,14,0.2857142857142857,0.0,0.07142857142857142,0.0,0.07142857142857142,0.0,0.07142857142857142,0.14285714285714285,0.0,0.0,0.0,0.07142857142857142,0.07142857142857142,0.0,0.07142857142857142,0.0,0.0,0.14285714285714285,0.0,0.0,-0.1516134365162669,0.7928571428571428,1493.7080999999998,0.10880016910257095,0.10880016910257095
1465,neg_119,LRCTFGRTVK,0,10,0.0,0.1,0.0,0.0,0.1,0.1,0.0,0.0,0.1,0.1,0.0,0.0,0.0,0.0,0.2,0.0,0.2,0.1,0.0,0.0,2.7491816232912902,-0.13999999999999999,1180.4234,0.1784660946395487,0.1784660946395487
1466,neg_120,SYNEQFFGPGTRLTVL,0,16,0.0,0.0,0.0,0.0625,0.125,0.125,0.0,0.0,0.0,0.125,0.0,0.0625,0.0625,0.0625,0.0625,0.0625,0.125,0.0625,0.0,0.0625,-0.5380520797081929,-0.21875000000000006,1829.0167000000001,0.032410873033152404,0.032410873033152404
1467,neg_121,DLAGEIHGLSNVK,0,13,0.07692307692307693,0.0,0.07692307692307693,0.07692307692307693,0.0,0.15384615384615385,0.07692307692307693,0.07692307692307693,0.07692307692307693,0.15384615384615385,0.0,0.07692307692307693,0.0,0.0,0.0,0.07692307692307693,0.0,0.07692307692307693,0.0,0.0,-1.1497919756420563,-0.08461538461538463,1352.4924999999998,0.28392008831486276,0.28392008831486276
1468,neg_122,LQVDYLVLEVA,0,11,0.09090909090909091,0.0,0.09090909090909091,0.09090909090909091,0.0,0.0,0.0,0.0,0.0,0.2727272727272727,0.0,0.0,0.0,0.09090909090909091,0.0,0.0,0.0,0.2727272727272727,0.0,0.09090909090909091,-2.2369661638966436,1.2727272727272727,1261.4628,0.7122346256850022,0.7122346256850022
1469,neg_123,SDCACLHALGHVAR,0,14,0.21428571428571427,0.14285714285714285,0.07142857142857142,0.0,0.0,0.07142857142857142,0.14285714285714285,0.0,0.0,0.14285714285714285,0.0,0.0,0.0,0.0,0.07142857142857142,0.07142857142857142,0.0,0.07142857142857142,0.0,0.0,-0.3841963834314033,0.4714285714285714,1452.6612999999998,0.12844752465555168,0.12844752465555168
1470,neg_124,YDKKVDSIILFGVNG,0,15,0.0,0.0,0.13333333333333333,0.0,0.06666666666666667,0.13333333333333333,0.0,0.13333333333333333,0.13333333333333333,0.06666666666666667,0.0,0.06666666666666667,0.0,0.0,0.0,0.06666666666666667,0.0,0.13333333333333333,0.0,0.06666666666666667,-0.24065386692801116,0.18666666666666665,1667.899,0.033645062765943416,0.033645062765943416
1471,neg_125,TSFTLYMR,0,8,0.0,0.0,0.0,0.0,0.125,0.0,0.0,0.0,0.0,0.125,0.125,0.0,0.0,0.0,0.125,0.125,0.25,0.0,0.0,0.125,0.3971875934676261,0.062499999999999944,1018.1867,0.4432943876548553,0.4432943876548553
1472,neg_126,AWKLFDDGV,0,9,0.1111111111111111,0.0,0.2222222222222222,0.0,0.1111111111111111,0.1111111111111111,0.0,0.0,0.1111111111111111,0.1111111111111111,0.0,0.0,0.0,0.0,0.0,0.0,0.0,0.1111111111111111,0.1111111111111111,0.0,-1.202882891265225,0.04444444444444443,1050.1639,0.2896951179476337,0.2896951179476337
1473,neg_127,PPGFTPFRIY,0,10,0.0,0.0,0.0,0.0,0.2,0.1,0.0,0.1,0.0,0.0,0.0,0.0,0.3,0.0,0.1,0.0,0.1,0.0,0.0,0.1,0.9575198666793532,-0.16000000000000006,1194.3802,0.2722587595875948,0.2722587595875948
1474,neg_128,GVLSLLKKFTMILKHVHVN,0,19,0.0,0.0,0.0,0.0,0.05263157894736842,0.05263157894736842,0.10526315789473684,0.05263157894736842,0.15789473684210525,0.21052631578947367,0.05263157894736842,0.05263157894736842,0.0,0.0,0.0,0.05263157894736842,0.05263157894736842,0.15789473684210525,0.0,0.0,2.931452987701474,0.7105263157894737,2177.6967,0.005972969051098485,0.005972969051098485
1475,neg_129,EGGSSGEASGMWFGPRL,0,17,0.058823529411764705,0.0,0.0,0.11764705882352941,0.058823529411764705,0.29411764705882354,0.0,0.0,0.0,0.058823529411764705,0.058823529411764705,0.0,0.058823529411764705,0.0,0.058823529411764705,0.17647058823529413,0.0,0.0,0.058823529411764705,0.0,-1.1603719192287978,-0.4764705882352942,1724.8478,0.025921821044473357,0.025921821044473357
1476,neg_130,LLGMIPVAISAINLMKL,0,17,0.11764705882352941,0.0,0.0,0.0,0.0,0.058823529411764705,0.0,0.17647058823529413,0.058823529411764705,0.23529411764705882,0.11764705882352941,0.058823529411764705,0.058823529411764705,0.0,0.0,0.058823529411764705,0.0,0.058823529411764705,0.0,0.0,0.7591026131903019,1.7705882352941176,1797.3159999999998,0.016045003531648703,0.016045003531648703
1477,neg_131,FLFQPQRF,0,8,0.0,0.0,0.0,0.0,0.375,0.0,0.0,0.0,0.0,0.125,0.0,0.0,0.125,0.25,0.125,0.0,0.0,0.0,0.0,0.0,0.7600916142893016,-0.1125000000000001,1082.2536,0.2598553002838317,0.2598553002838317
1478,neg_132,KPNPERFYAPM,0,11,0.09090909090909091,0.0,0.0,0.09090909090909091,0.09090909090909091,0.0,0.0,0.0,0.09090909090909091,0.0,0.09090909090909091,0.09090909090909091,0.2727272727272727,0.0,0.09090909090909091,0.0,0.0,0.0,0.0,0.09090909090909091,0.7609040742645101,-1.3636363636363635,1349.5564,0.29027651063677595,0.29027651063677595
1479,neg_133,FLSLIPHAINAVSALVHHF,0,19,0.15789473684210525,0.0,0.0,0.0,0.10526315789473684,0.0,0.15789473684210525,0.10526315789473684,0.0,0.15789473684210525,0.0,0.05263157894736842,0.05263157894736842,0.0,0.0,0.10526315789473684,0.0,0.10526315789473684,0.0,0.0,0.021624178953063455,1.236842105263158,2086.4369,0.009438424584526916,0.009438424584526916
1480,neg_134,GPETAFFRL,0,9,0.1111111111111111,0.0,0.0,0.1111111111111111,0.2222222222222222,0.1111111111111111,0.0,0.0,0.0,0.1111111111111111,0.0,0.0,0.1111111111111111,0.0,0.1111111111111111,0.0,0.1111111111111111,0.0,0.0,0.0,-0.23709792373748817,0.0555555555555555,1037.1685,0.38415725138618984,0.38415725138618984
1481,neg_135,GYIAYVHQNELVKR,0,14,0.07142857142857142,0.0,0.0,0.07142857142857142,0.0,0.07142857142857142,0.07142857142857142,0.07142857142857142,0.07142857142857142,0.07142857142857142,0.0,0.07142857142857142,0.0,0.07142857142857142,0.07142857142857142,0.0,0.0,0.14285714285714285,0.0,0.14285714285714285,0.8470792615200964,-0.4714285714285714,1689.9111999999998,0.25950262425511544,0.25950262425511544
1482,neg_136,PAPETNYLRDP,0,11,0.09090909090909091,0.0,0.09090909090909091,0.09090909090909091,0.0,0.0,0.0,0.0,0.0,0.09090909090909091,0.0,0.09090909090909091,0.2727272727272727,0.0,0.09090909090909091,0.0,0.09090909090909091,0.0,0.0,0.09090909090909091,-1.038548910407592,-1.4727272727272727,1272.3632,0.49253062575334267,0.49253062575334267
1483,neg_137,PDMYAFGL,0,8,0.125,0.0,0.125,0.0,0.125,0.125,0.0,0.0,0.0,0.125,0.125,0.0,0.125,0.0,0.0,0.0,0.0,0.0,0.0,0.125,-1.0413493724808012,0.43749999999999994,913.0477000000001,0.5992896824225771,0.5992896824225771
1484,neg_138,NNRSPQLRLRF,0,11,0.0,0.0,0.0,0.0,0.09090909090909091,0.0,0.0,0.0,0.0,0.18181818181818182,0.0,0.18181818181818182,0.09090909090909091,0.09090909090909091,0.2727272727272727,0.09090909090909091,0.0,0.0,0.0,0.0,2.7600716144892994,-1.4545454545454546,1400.5883,0.07561090122071851,0.07561090122071851
1485,neg_140,FLSLIPHAINAISAIADHF,0,19,0.21052631578947367,0.0,0.05263157894736842,0.0,0.10526315789473684,0.0,0.10526315789473684,0.21052631578947367,0.0,0.10526315789473684,0.0,0.05263157894736842,0.05263157894736842,0.0,0.0,0.10526315789473684,0.0,0.0,0.0,0.0,-1.0644292483616788,1.1473684210526314,2050.3585,0.004546936383841828,0.004546936383841828
1486,neg_141,DRPYSFGL,0,8,0.0,0.0,0.125,0.0,0.125,0.125,0.0,0.0,0.0,0.125,0.0,0.0,0.125,0.0,0.125,0.125,0.0,0.0,0.0,0.125,-0.23978662576985488,-0.6875000000000001,954.0368000000001,0.4531143792172521,0.4531143792172521
1487,neg_142,GSSGIIPFPRV,0,11,0.0,0.0,0.0,0.0,0.09090909090909091,0.18181818181818182,0.0,0.18181818181818182,0.0,0.0,0.0,0.0,0.18181818181818182,0.0,0.09090909090909091,0.18181818181818182,0.0,0.09090909090909091,0.0,0.0,0.7600916142893016,0.5363636363636363,1129.3086,0.18842932839039647,0.18842932839039647
1488,neg_143,SSEAAPEEKVAILGA,0,15,0.26666666666666666,0.0,0.0,0.2,0.0,0.06666666666666667,0.0,0.06666666666666667,0.06666666666666667,0.06666666666666667,0.0,0.0,0.06666666666666667,0.0,0.0,0.13333333333333333,0.0,0.06666666666666667,0.0,0.0,-2.532421155861771,0.11333333333333334,1471.6084999999998,0.2154845476382897,0.2154845476382897
1489,neg_144,AQRSPSLRLRF,0,11,0.09090909090909091,0.0,0.0,0.0,0.09090909090909091,0.0,0.0,0.0,0.0,0.18181818181818182,0.0,0.0,0.09090909090909091,0.09090909090909091,0.2727272727272727,0.18181818181818182,0.0,0.0,0.0,0.0,2.795844588154084,-0.7272727272727273,1330.5383,0.0689906894023476,0.0689906894023476
1490,neg_145,RICTAIPLPMCL,0,12,0.08333333333333333,0.16666666666666666,0.0,0.0,0.0,0.0,0.0,0.16666666666666666,0.0,0.16666666666666666,0.08333333333333333,0.0,0.16666666666666666,0.0,0.08333333333333333,0.0,0.08333333333333333,0.0,0.0,0.0,0.7402896340912819,1.4083333333333332,1330.7254,0.09023648557955453,0.09023648557955453
1491,neg_146,AELPQGLWVRPRL,0,13,0.07692307692307693,0.0,0.0,0.07692307692307693,0.0,0.07692307692307693,0.0,0.0,0.0,0.23076923076923078,0.0,0.0,0.15384615384615385,0.07692307692307693,0.15384615384615385,0.0,0.0,0.07692307692307693,0.07692307692307693,0.0,0.7986650500272949,-0.2384615384615385,1534.8031999999998,0.1605196516437251,0.1605196516437251
1492,neg_147,SGCCSNPACRVNNPNIC,0,17,0.058823529411764705,0.23529411764705882,0.0,0.0,0.0,0.058823529411764705,0.0,0.058823529411764705,0.0,0.0,0.0,0.23529411764705882,0.11764705882352941,0.0,0.058823529411764705,0.11764705882352941,0.0,0.058823529411764705,0.0,0.0,0.4205324989215584,-0.18823529411764706,1751.9858,0.011540864725382587,0.011540864725382587
1493,neg_148,MCKYFIKIVSKSAKK,0,15,0.06666666666666667,0.06666666666666667,0.0,0.0,0.06666666666666667,0.0,0.0,0.13333333333333333,0.3333333333333333,0.0,0.06666666666666667,0.0,0.0,0.0,0.0,0.13333333333333333,0.0,0.06666666666666667,0.0,0.06666666666666667,4.484459691448329,-0.013333333333333315,1774.2413999999999,0.009135008835180869,0.009135008835180869
1494,neg_149,DAQEKRQPWLPFG,0,13,0.07692307692307693,0.0,0.07692307692307693,0.07692307692307693,0.07692307692307693,0.07692307692307693,0.0,0.0,0.07692307692307693,0.07692307692307693,0.0,0.0,0.15384615384615385,0.15384615384615385,0.07692307692307693,0.0,0.0,0.0,0.07692307692307693,0.0,-0.2369761637966441,-1.4230769230769231,1571.734,0.0994625354753522,0.0994625354753522
1495,neg_150,SDYSRKRDPPQKYEEE,0,16,0.0,0.0,0.125,0.1875,0.0,0.0,0.0,0.0,0.125,0.0,0.0,0.0,0.125,0.0625,0.125,0.125,0.0,0.0,0.0,0.125,-1.5279593570115972,-2.825,2027.1087000000002,0.02530273262726232,0.02530273262726232
1496,neg_151,GASGLIAFPRL,0,11,0.18181818181818182,0.0,0.0,0.0,0.09090909090909091,0.18181818181818182,0.0,0.09090909090909091,0.0,0.18181818181818182,0.0,0.0,0.09090909090909091,0.0,0.09090909090909091,0.09090909090909091,0.0,0.0,0.0,0.0,0.7600916142893016,0.9818181818181817,1101.2984999999999,0.20411641507544742,0.20411641507544742
1497,neg_152,AEVQDKGEFLAEGGGVR,0,17,0.11764705882352941,0.0,0.058823529411764705,0.17647058823529413,0.058823529411764705,0.23529411764705882,0.0,0.0,0.058823529411764705,0.058823529411764705,0.0,0.0,0.0,0.058823529411764705,0.058823529411764705,0.0,0.0,0.11764705882352941,0.0,0.0,-2.1955822661854394,-0.5235294117647059,1761.8863000000001,0.07724152491884136,0.07724152491884136
1498,neg_153,RPPGFSPFRVD,0,11,0.0,0.0,0.09090909090909091,0.0,0.18181818181818182,0.09090909090909091,0.0,0.0,0.0,0.0,0.0,0.0,0.2727272727272727,0.0,0.18181818181818182,0.09090909090909091,0.0,0.09090909090909091,0.0,0.0,0.7643832769364485,-0.790909090909091,1274.4269,0.0943674461144943,0.0943674461144943
1499,neg_154,GLSLSFAPK,0,9,0.1111111111111111,0.0,0.0,0.0,0.1111111111111111,0.1111111111111111,0.0,0.0,0.1111111111111111,0.2222222222222222,0.0,0.0,0.1111111111111111,0.0,0.0,0.2222222222222222,0.0,0.0,0.0,0.0,0.7591026131903019,0.5222222222222221,919.0756000000001,0.3206991064078932,0.3206991064078932
1500,neg_155,ADTGDGDFITEGGGVR,0,16,0.0625,0.0,0.1875,0.0625,0.0625,0.3125,0.0,0.0625,0.0,0.0,0.0,0.0,0.0,0.0,0.0625,0.0,0.125,0.0625,0.0,0.0,-3.1979626672531705,-0.5375,1566.5818,0.061394697920003884,0.061394697920003884
1501,neg_156,LKDAQSRITK,0,10,0.1,0.0,0.1,0.0,0.0,0.0,0.0,0.1,0.2,0.1,0.0,0.0,0.0,0.1,0.1,0.1,0.1,0.0,0.0,0.0,1.7592143732311445,-1.0699999999999998,1159.3365000000001,0.2258655518032961,0.2258655518032961
1502,neg_157,AQPPQQADFL,0,10,0.2,0.0,0.1,0.0,0.1,0.0,0.0,0.0,0.0,0.1,0.0,0.0,0.2,0.3,0.0,0.0,0.0,0.0,0.0,0.0,-1.2030046512060686,-0.7,1114.2078999999999,0.5509206393062145,0.5509206393062145
1503,neg_158,QNWPHPPMPP,0,10,0.0,0.0,0.0,0.0,0.0,0.0,0.1,0.0,0.0,0.0,0.1,0.1,0.5,0.1,0.0,0.0,0.0,0.0,0.1,0.0,-0.15272419755611044,-1.72,1200.3682999999999,0.6966286741470173,0.6966286741470173
1504,neg_159,DINGGGATLPQALYQTSGVL,0,20,0.1,0.0,0.05,0.0,0.0,0.2,0.0,0.05,0.0,0.15,0.0,0.05,0.05,0.1,0.0,0.05,0.1,0.05,0.0,0.05,-1.2397766258698537,0.14999999999999997,1975.1596,0.022200290542529207,0.022200290542529207
1505,neg_160,KEGYLFGSRG,0,10,0.0,0.0,0.0,0.1,0.1,0.3,0.0,0.0,0.1,0.1,0.0,0.0,0.0,0.0,0.1,0.1,0.0,0.0,0.0,0.1,0.7609040742645101,-0.86,1113.2231,0.4206618316746118,0.4206618316746118
1506,neg_161,GFVALLKKLPLILKHLH,0,17,0.058823529411764705,0.0,0.0,0.0,0.058823529411764705,0.058823529411764705,0.11764705882352941,0.058823529411764705,0.17647058823529413,0.35294117647058826,0.0,0.0,0.058823529411764705,0.0,0.0,0.0,0.0,0.058823529411764705,0.0,0.0,2.931452987701474,0.9411764705882352,1940.4632000000001,0.01810094633156827,0.01810094633156827
1507,neg_162,QPNPDEFFGLM,0,11,0.0,0.0,0.09090909090909091,0.09090909090909091,0.18181818181818182,0.09090909090909091,0.0,0.0,0.0,0.09090909090909091,0.09090909090909091,0.09090909090909091,0.18181818181818182,0.09090909090909091,0.0,0.0,0.0,0.0,0.0,0.0,-2.2359671628976425,-0.5727272727272728,1294.4314,0.2133567665240513,0.2133567665240513
1508,neg_163,PALIPFPRV,0,9,0.1111111111111111,0.0,0.0,0.0,0.1111111111111111,0.0,0.0,0.1111111111111111,0.0,0.1111111111111111,0.0,0.0,0.3333333333333333,0.0,0.1111111111111111,0.0,0.0,0.1111111111111111,0.0,0.0,0.9585188676783541,0.8666666666666667,1009.2445,0.4811058553770404,0.4811058553770404
1509,neg_165,TESLVLSPAPAKPKRA,0,16,0.1875,0.0,0.0,0.0625,0.0,0.0,0.0,0.0,0.125,0.125,0.0,0.0,0.1875,0.0,0.0625,0.125,0.0625,0.0625,0.0,0.0,1.3989990544418358,-0.35625,1664.9436,0.05058997119705806,0.05058997119705806
1510,neg_166,ILGKLLSTAAGLLSNL,0,16,0.125,0.0,0.0,0.0,0.0,0.125,0.0,0.0625,0.0625,0.375,0.0,0.0625,0.0,0.0,0.0,0.125,0.0625,0.0,0.0,0.0,0.7591026131903019,1.275,1583.9103,0.040102612994465776,0.040102612994465776
1511,neg_167,GRGGSSNYVRL,0,11,0.0,0.0,0.0,0.0,0.0,0.2727272727272727,0.0,0.0,0.0,0.09090909090909091,0.0,0.09090909090909091,0.0,0.0,0.18181818181818182,0.18181818181818182,0.0,0.09090909090909091,0.0,0.09090909090909091,1.7590826133902997,-0.7818181818181817,1165.2595999999999,0.32035603293644715,0.32035603293644715
1512,neg_168,AKEKIHINIVVIGHV,0,15,0.06666666666666667,0.0,0.0,0.06666666666666667,0.0,0.06666666666666667,0.13333333333333333,0.26666666666666666,0.13333333333333333,0.0,0.0,0.06666666666666667,0.0,0.0,0.0,0.0,0.0,0.2,0.0,0.0,0.9710354243384693,0.7200000000000001,1670.0077,0.15420150198795435,0.15420150198795435
1513,neg_170,ANRPVYIPPPRPPHPRL,0,17,0.058823529411764705,0.0,0.0,0.0,0.0,0.0,0.058823529411764705,0.058823529411764705,0.0,0.058823529411764705,0.0,0.058823529411764705,0.4117647058823529,0.0,0.17647058823529413,0.0,0.0,0.058823529411764705,0.0,0.058823529411764705,2.88201977540967,-1.0823529411764707,1977.3180000000002,0.025387784907751714,0.025387784907751714
1514,neg_171,FCCPFIRYCCW,0,11,0.0,0.36363636363636365,0.0,0.0,0.18181818181818182,0.0,0.0,0.09090909090909091,0.0,0.0,0.0,0.0,0.09090909090909091,0.0,0.09090909090909091,0.0,0.0,0.0,0.09090909090909091,0.09090909090909091,0.719488652894261,1.0727272727272725,1440.7761,0.022606758682289858,0.022606758682289858
1515,neg_172,AKELLDSDGIILRNGANYYI,0,20,0.1,0.0,0.1,0.05,0.0,0.1,0.0,0.15,0.05,0.15,0.0,0.1,0.0,0.0,0.05,0.05,0.0,0.0,0.0,0.1,-1.202080431190018,-0.08000000000000003,2238.495,0.003540411378432352,0.003540411378432352
1516,neg_173,CCELPCHGCVPCCWP,0,15,0.0,0.4,0.0,0.06666666666666667,0.0,0.06666666666666667,0.06666666666666667,0.0,0.0,0.06666666666666667,0.0,0.0,0.2,0.0,0.0,0.0,0.0,0.06666666666666667,0.06666666666666667,0.0,-1.2093196761769596,0.6799999999999999,1650.0214,0.04257893816315747,0.04257893816315747
1517,neg_174,EDGSDAVSGEFLAEGGGVR,0,19,0.10526315789473684,0.0,0.10526315789473684,0.15789473684210525,0.05263157894736842,0.2631578947368421,0.0,0.0,0.0,0.05263157894736842,0.0,0.0,0.0,0.0,0.05263157894736842,0.10526315789473684,0.0,0.10526315789473684,0.0,0.0,-4.155319935375899,-0.3684210526315789,1851.8781,0.029940969416871778,0.029940969416871778
1518,neg_177,GPPYDFGM,0,8,0.0,0.0,0.125,0.0,0.125,0.25,0.0,0.0,0.0,0.0,0.125,0.0,0.25,0.0,0.0,0.0,0.0,0.0,0.0,0.125,-1.2397766258698537,-0.5125000000000001,882.9786999999999,0.6793637861357954,0.6793637861357954
1519,neg_178,LPLRF,0,5,0.0,0.0,0.0,0.0,0.2,0.0,0.0,0.0,0.0,0.4,0.0,0.0,0.2,0.0,0.2,0.0,0.0,0.0,0.0,0.0,0.7600916142893016,0.8599999999999998,644.8052,0.7293592630316688,0.7293592630316688
1520,neg_179,FKCMSEWYW,0,9,0.0,0.1111111111111111,0.0,0.1111111111111111,0.1111111111111111,0.0,0.0,0.0,0.1111111111111111,0.0,0.1111111111111111,0.0,0.0,0.0,0.0,0.1111111111111111,0.0,0.0,0.2222222222222222,0.1111111111111111,-0.24898691593449884,-0.4555555555555556,1279.4846,0.20999123215099688,0.20999123215099688
1521,neg_180,FLRF,0,4,0.0,0.0,0.0,0.0,0.5,0.0,0.0,0.0,0.0,0.25,0.0,0.0,0.0,0.0,0.25,0.0,0.0,0.0,0.0,0.0,0.7600916142893016,1.2249999999999999,581.7062,0.4343843543156032,0.4343843543156032
1522,neg_181,GVFTFEDESTSTVAPAKLYK,0,20,0.1,0.0,0.05,0.1,0.1,0.05,0.0,0.0,0.1,0.05,0.0,0.0,0.05,0.0,0.0,0.1,0.15,0.1,0.0,0.05,-1.2361537039214352,-0.195,2190.4043,0.005410952406352444,0.005410952406352444
1523,neg_182,PDNFMRF,0,7,0.0,0.0,0.14285714285714285,0.0,0.2857142857142857,0.0,0.0,0.0,0.0,0.0,0.14285714285714285,0.14285714285714285,0.14285714285714285,0.0,0.14285714285714285,0.0,0.0,0.0,0.0,0.0,-0.04036037138180126,-0.8,926.0497999999999,0.22320637689466796,0.22320637689466796
1524,neg_183,ARYGKSPYLYPLGY,0,14,0.07142857142857142,0.0,0.0,0.0,0.0,0.14285714285714285,0.0,0.0,0.07142857142857142,0.14285714285714285,0.0,0.0,0.14285714285714285,0.0,0.07142857142857142,0.07142857142857142,0.0,0.0,0.0,0.2857142857142857,1.790869582959081,-0.6428571428571429,1647.8695,0.17237591694375734,0.17237591694375734
1525,neg_184,ADEGFSATVRNGAV,0,14,0.21428571428571427,0.0,0.07142857142857142,0.07142857142857142,0.07142857142857142,0.14285714285714285,0.0,0.0,0.0,0.0,0.0,0.07142857142857142,0.0,0.0,0.07142857142857142,0.07142857142857142,0.07142857142857142,0.14285714285714285,0.0,0.0,-1.2002041891328592,-0.04999999999999998,1393.4582999999998,0.15237869905405113,0.15237869905405113
1526,neg_186,VPPIGWF,0,7,0.0,0.0,0.0,0.0,0.14285714285714285,0.14285714285714285,0.0,0.14285714285714285,0.0,0.0,0.0,0.0,0.2857142857142857,0.0,0.0,0.0,0.0,0.14285714285714285,0.14285714285714285,0.0,-0.26601161004484764,1.0,814.9693,0.7264649472769247,0.7264649472769247
1527,neg_188,ATFFDPQPRLLAD,0,13,0.15384615384615385,0.0,0.15384615384615385,0.0,0.15384615384615385,0.0,0.0,0.0,0.0,0.15384615384615385,0.0,0.0,0.15384615384615385,0.07692307692307693,0.07692307692307693,0.0,0.07692307692307693,0.0,0.0,0.0,-1.1987129885589216,-0.16153846153846158,1490.6579,0.05097400375679879,0.05097400375679879
1528,neg_189,SNSLFEEVRPIVNGMDCKLG,0,20,0.0,0.05,0.05,0.1,0.05,0.1,0.0,0.05,0.05,0.1,0.05,0.1,0.05,0.0,0.05,0.1,0.0,0.1,0.0,0.0,-1.5440218468941471,-0.11000000000000001,2208.5137999999997,0.0030869926873965023,0.0030869926873965023
1529,neg_190,EDPVRFNLG,0,9,0.0,0.0,0.1111111111111111,0.1111111111111111,0.1111111111111111,0.1111111111111111,0.0,0.0,0.0,0.1111111111111111,0.0,0.1111111111111111,0.1111111111111111,0.0,0.1111111111111111,0.0,0.0,0.1111111111111111,0.0,0.0,-1.1620616202621632,-0.6888888888888889,1046.1339,0.5243616207577568,0.5243616207577568
1530,neg_192,CYISNCPIG,0,9,0.0,0.2222222222222222,0.0,0.0,0.0,0.1111111111111111,0.0,0.2222222222222222,0.0,0.0,0.0,0.1111111111111111,0.1111111111111111,0.0,0.0,0.1111111111111111,0.0,0.0,0.0,0.1111111111111111,-0.2606993670077181,0.711111111111111,969.1359,0.4193796245070127,0.4193796245070127
1531,neg_193,EEVQETVNLKYEYSVYR,0,17,0.0,0.0,0.0,0.23529411764705882,0.0,0.0,0.0,0.0,0.058823529411764705,0.058823529411764705,0.0,0.058823529411764705,0.0,0.058823529411764705,0.058823529411764705,0.058823529411764705,0.058823529411764705,0.17647058823529413,0.0,0.17647058823529413,-2.158746999278381,-1.0823529411764705,2149.3125,0.07205141264452772,0.07205141264452772
1532,neg_194,AMTEELEAVENNGVR,0,15,0.13333333333333333,0.0,0.0,0.26666666666666666,0.0,0.06666666666666667,0.0,0.0,0.0,0.06666666666666667,0.06666666666666667,0.13333333333333333,0.0,0.0,0.06666666666666667,0.0,0.06666666666666667,0.13333333333333333,0.0,0.0,-3.1928935641530733,-0.5933333333333334,1661.7887999999998,0.2294140599534453,0.2294140599534453
1533,neg_195,MKCNECNRVQLKEGSVSLTL,0,20,0.0,0.1,0.0,0.1,0.0,0.05,0.0,0.0,0.1,0.15,0.05,0.1,0.0,0.05,0.05,0.1,0.05,0.1,0.0,0.0,0.4841656293917427,-0.29,2252.6344,0.003222758686322626,0.003222758686322626
1534,neg_197,MHLQLIKDNIHSVVICYT,0,18,0.0,0.05555555555555555,0.05555555555555555,0.0,0.0,0.0,0.1111111111111111,0.16666666666666666,0.05555555555555555,0.1111111111111111,0.05555555555555555,0.05555555555555555,0.0,0.05555555555555555,0.0,0.05555555555555555,0.05555555555555555,0.1111111111111111,0.0,0.05555555555555555,-0.3360751671066484,0.5722222222222222,2127.5287,0.01141409740131046,0.01141409740131046
1535,neg_198,MLVGKKVQTF,0,10,0.0,0.0,0.0,0.0,0.1,0.1,0.0,0.0,0.2,0.1,0.1,0.0,0.0,0.1,0.0,0.0,0.1,0.2,0.0,0.0,1.4983566855433432,0.45,1150.4337,0.43957549733605306,0.43957549733605306
1536,neg_199,ADPRNPLEECFRETD,0,15,0.06666666666666667,0.06666666666666667,0.13333333333333333,0.2,0.06666666666666667,0.0,0.0,0.0,0.0,0.06666666666666667,0.0,0.06666666666666667,0.13333333333333333,0.0,0.13333333333333333,0.0,0.06666666666666667,0.0,0.0,0.0,-3.200192592638302,-1.5333333333333334,1791.8926000000001,0.033133468280049705,0.033133468280049705
1537,neg_201,YDPSPLQDFCIAD,0,13,0.07692307692307693,0.07692307692307693,0.23076923076923078,0.0,0.07692307692307693,0.0,0.0,0.07692307692307693,0.0,0.07692307692307693,0.0,0.0,0.15384615384615385,0.07692307692307693,0.0,0.07692307692307693,0.0,0.0,0.0,0.07692307692307693,-3.2442551924818717,-0.30000000000000004,1483.5973999999999,0.06244466763313708,0.06244466763313708
1538,neg_202,FDDYGHMRF,0,9,0.0,0.0,0.2222222222222222,0.0,0.2222222222222222,0.1111111111111111,0.1111111111111111,0.0,0.0,0.0,0.1111111111111111,0.0,0.0,0.0,0.1111111111111111,0.0,0.0,0.0,0.0,0.1111111111111111,-1.1514916765754235,-0.9888888888888889,1187.2832,0.24538091557118455,0.24538091557118455
1539,neg_203,KCCMRPICTCPCCIG,0,15,0.0,0.4,0.0,0.0,0.0,0.06666666666666667,0.0,0.13333333333333333,0.06666666666666667,0.0,0.06666666666666667,0.0,0.13333333333333333,0.0,0.06666666666666667,0.0,0.06666666666666667,0.0,0.0,0.0,1.6996866726962416,0.88,1631.1275,0.009848739769830117,0.009848739769830117
1540,neg_204,SKDNQKNYIPLIVPFAT,0,17,0.058823529411764705,0.0,0.058823529411764705,0.0,0.058823529411764705,0.0,0.0,0.11764705882352941,0.11764705882352941,0.058823529411764705,0.0,0.11764705882352941,0.11764705882352941,0.058823529411764705,0.0,0.058823529411764705,0.058823529411764705,0.058823529411764705,0.0,0.058823529411764705,0.4582702171604407,-0.3647058823529412,1948.2220000000002,0.01303680678315267,0.01303680678315267
1541,neg_205,FLSAITSILGKFF,0,13,0.07692307692307693,0.0,0.0,0.0,0.23076923076923078,0.07692307692307693,0.0,0.15384615384615385,0.07692307692307693,0.15384615384615385,0.0,0.0,0.0,0.0,0.0,0.15384615384615385,0.07692307692307693,0.0,0.0,0.0,0.7591026131903019,1.5538461538461539,1443.7270999999998,0.02041293331622854,0.02041293331622854
1542,neg_206,VQIFVRDNNVDQALKALK,0,18,0.1111111111111111,0.0,0.1111111111111111,0.0,0.05555555555555555,0.0,0.0,0.05555555555555555,0.1111111111111111,0.1111111111111111,0.0,0.1111111111111111,0.0,0.1111111111111111,0.05555555555555555,0.0,0.0,0.16666666666666666,0.0,0.0,0.734221909936839,-0.1222222222222222,2071.3794,0.007141670198832422,0.007141670198832422
1543,neg_207,TDAVADGEHAISGVVDS,0,17,0.17647058823529413,0.0,0.17647058823529413,0.058823529411764705,0.0,0.11764705882352941,0.058823529411764705,0.058823529411764705,0.0,0.0,0.0,0.0,0.0,0.0,0.0,0.11764705882352941,0.058823529411764705,0.17647058823529413,0.0,0.0,-4.508456472586041,0.12941176470588237,1642.6762,0.09108126921653997,0.09108126921653997
1544,neg_208,APSLRLRF,0,8,0.125,0.0,0.0,0.0,0.125,0.0,0.0,0.0,0.0,0.25,0.0,0.0,0.125,0.0,0.25,0.125,0.0,0.0,0.0,0.0,1.7958545880540848,0.09999999999999992,959.1460999999999,0.2776396067123024,0.2776396067123024
1545,neg_209,APGDRIYVHPF,0,11,0.09090909090909091,0.0,0.09090909090909091,0.0,0.09090909090909091,0.09090909090909091,0.09090909090909091,0.09090909090909091,0.0,0.0,0.0,0.0,0.18181818181818182,0.0,0.09090909090909091,0.0,0.0,0.09090909090909091,0.0,0.09090909090909091,-0.11683946385048372,-0.2545454545454546,1271.4229,0.3952542939418036,0.3952542939418036
1546,neg_210,GGSSGLIAFPRL,0,12,0.08333333333333333,0.0,0.0,0.0,0.08333333333333333,0.25,0.0,0.08333333333333333,0.0,0.16666666666666666,0.0,0.0,0.08333333333333333,0.0,0.08333333333333333,0.16666666666666666,0.0,0.0,0.0,0.0,0.7600916142893016,0.6499999999999999,1174.3491999999999,0.13312482200044323,0.13312482200044323
1547,neg_211,ISAVKEMTVRDALNSA,0,16,0.1875,0.0,0.0625,0.0625,0.0,0.0,0.0,0.0625,0.0625,0.0625,0.0625,0.0625,0.0,0.0,0.0625,0.125,0.0625,0.125,0.0,0.0,-0.2369761637966441,0.17500000000000002,1704.9427,0.03312460183360827,0.03312460183360827
1548,neg_212,TSMGFQGVR,0,9,0.0,0.0,0.0,0.0,0.1111111111111111,0.2222222222222222,0.0,0.0,0.0,0.0,0.1111111111111111,0.0,0.0,0.1111111111111111,0.1111111111111111,0.1111111111111111,0.1111111111111111,0.1111111111111111,0.0,0.0,0.3981865944666271,-0.15555555555555556,982.1148000000001,0.46542272549569913,0.46542272549569913
1549,neg_214,DCCPIAGCPFGCTICC,0,16,0.0625,0.375,0.0625,0.0,0.0625,0.125,0.0,0.125,0.0,0.0,0.0,0.0,0.125,0.0,0.0,0.0,0.0625,0.0,0.0,0.0,-1.298183565464912,1.275,1605.9639,0.011397558397148686,0.011397558397148686
1550,neg_215,GPNGKSQSIIVGPWGDRVTN,0,20,0.0,0.0,0.05,0.0,0.0,0.2,0.0,0.1,0.05,0.0,0.0,0.1,0.1,0.05,0.05,0.1,0.05,0.1,0.05,0.0,0.7602133742301456,-0.65,2082.2763,0.006239813365364999,0.006239813365364999
1551,neg_216,SKQCCHLAACRFGCTPCCW,0,19,0.10526315789473684,0.3157894736842105,0.0,0.0,0.05263157894736842,0.05263157894736842,0.05263157894736842,0.0,0.05263157894736842,0.05263157894736842,0.0,0.0,0.05263157894736842,0.05263157894736842,0.05263157894736842,0.05263157894736842,0.05263157894736842,0.0,0.05263157894736842,0.0,1.486905705979125,0.3,2117.544,0.0016893777992257656,0.0016893777992257656
1552,neg_218,AGPYSFGL,0,8,0.125,0.0,0.0,0.0,0.125,0.25,0.0,0.0,0.0,0.125,0.0,0.0,0.125,0.0,0.0,0.125,0.0,0.0,0.0,0.125,-0.20512441314491403,0.48749999999999993,810.8929,0.7052023045251976,0.7052023045251976
1553,neg_219,QDVDHVFLRF,0,10,0.0,0.0,0.2,0.0,0.2,0.0,0.1,0.0,0.0,0.1,0.0,0.0,0.0,0.1,0.1,0.0,0.0,0.2,0.0,0.0,-1.1504926755764224,-0.040000000000000036,1275.4115,0.261172306997504,0.261172306997504
1554,neg_220,LSPTQDFMRF,0,10,0.0,0.0,0.1,0.0,0.2,0.0,0.0,0.0,0.0,0.1,0.1,0.0,0.1,0.1,0.1,0.1,0.1,0.0,0.0,0.0,-0.2387876247708538,-0.33000000000000007,1241.4152,0.09865102486929626,0.09865102486929626
1555,neg_221,PSYKLHYFDLRAAGE,0,15,0.13333333333333333,0.0,0.06666666666666667,0.06666666666666667,0.06666666666666667,0.06666666666666667,0.06666666666666667,0.0,0.06666666666666667,0.13333333333333333,0.0,0.0,0.06666666666666667,0.0,0.06666666666666667,0.06666666666666667,0.0,0.0,0.0,0.13333333333333333,0.05186455561648318,-0.6666666666666666,1766.949,0.058615611891469084,0.058615611891469084
1556,neg_222,AGDKPGDALLDEWLG,0,15,0.13333333333333333,0.0,0.2,0.06666666666666667,0.0,0.2,0.0,0.0,0.06666666666666667,0.2,0.0,0.0,0.06666666666666667,0.0,0.0,0.0,0.0,0.0,0.06666666666666667,0.0,-3.19895166835217,-0.44000000000000006,1556.6714000000002,0.07398543337344113,0.07398543337344113
1557,neg_223,FPPWE,0,5,0.0,0.0,0.0,0.2,0.2,0.0,0.0,0.0,0.0,0.0,0.0,0.0,0.4,0.0,0.0,0.0,0.0,0.0,0.2,0.0,-1.231850644069997,-0.9600000000000002,674.7434,0.9232773138501859,0.9232773138501859
1558,neg_224,GGNDFMRF,0,8,0.0,0.0,0.125,0.0,0.25,0.25,0.0,0.0,0.0,0.0,0.125,0.125,0.0,0.0,0.125,0.0,0.0,0.0,0.0,0.0,-0.2387876247708538,-0.6000000000000001,943.0372,0.2068672831867477,0.2068672831867477
1559,neg_225,KLQLPTLDDPVPIGIAPAIT,0,20,0.1,0.0,0.1,0.0,0.0,0.05,0.0,0.15,0.05,0.15,0.0,0.0,0.2,0.05,0.0,0.0,0.1,0.05,0.0,0.0,-1.238655864930009,0.505,2072.4438999999998,0.008584283966538675,0.008584283966538675
1560,neg_226,LNPFRWVINKYREWKNKKDS,0,20,0.0,0.0,0.05,0.05,0.05,0.0,0.0,0.05,0.2,0.05,0.0,0.15,0.05,0.0,0.1,0.05,0.0,0.05,0.1,0.05,3.7590178323073515,-1.6149999999999998,2621.9906,0.000299118743472549,0.000299118743472549
1561,neg_227,SPVAASYRATAGLAGKALDF,0,20,0.3,0.0,0.05,0.0,0.05,0.1,0.0,0.0,0.05,0.1,0.0,0.0,0.05,0.0,0.05,0.1,0.05,0.05,0.0,0.05,0.4592592182594408,0.375,1966.1976,0.008406956592002988,0.008406956592002988
1562,neg_228,SCLEYGHSCWGAH,0,13,0.07692307692307693,0.15384615384615385,0.0,0.07692307692307693,0.0,0.15384615384615385,0.15384615384615385,0.0,0.0,0.07692307692307693,0.0,0.0,0.0,0.0,0.0,0.15384615384615385,0.0,0.0,0.07692307692307693,0.07692307692307693,-1.3834956834970378,-0.30000000000000004,1449.5694999999998,0.24627489504513672,0.24627489504513672
1563,neg_229,QNWPSPKVPP,0,10,0.0,0.0,0.0,0.0,0.0,0.0,0.0,0.0,0.1,0.0,0.0,0.1,0.4,0.1,0.0,0.1,0.0,0.1,0.1,0.0,0.7591026131903019,-1.48,1149.2984,0.5648585720488318,0.5648585720488318
1564,neg_230,MLNAVDAKLTTDFGQR,0,16,0.125,0.0,0.125,0.0,0.0625,0.0625,0.0,0.0,0.0625,0.125,0.0625,0.0625,0.0,0.0625,0.0625,0.0,0.125,0.0625,0.0,0.0,-0.49841279147796813,-0.25625000000000003,1780.0108,0.019918277113029917,0.019918277113029917
1565,neg_231,TDVDHVFLRF,0,10,0.0,0.0,0.2,0.0,0.2,0.0,0.1,0.0,0.0,0.1,0.0,0.0,0.0,0.0,0.1,0.0,0.1,0.2,0.0,0.0,-1.512397695399097,0.23999999999999994,1248.3862,0.23711205252722856,0.23711205252722856
1566,neg_232,GSGGSGEANGMWFGPRL,0,17,0.058823529411764705,0.0,0.0,0.058823529411764705,0.058823529411764705,0.35294117647058826,0.0,0.0,0.0,0.058823529411764705,0.058823529411764705,0.058823529411764705,0.058823529411764705,0.0,0.058823529411764705,0.11764705882352941,0.0,0.0,0.058823529411764705,0.0,-0.23709792373748817,-0.4529411764705883,1679.8104,0.028618698783049755,0.028618698783049755
1567,neg_233,QQDYGTGWMDF,0,11,0.0,0.0,0.18181818181818182,0.0,0.09090909090909091,0.18181818181818182,0.0,0.0,0.0,0.0,0.09090909090909091,0.0,0.0,0.18181818181818182,0.0,0.0,0.09090909090909091,0.0,0.09090909090909091,0.09090909090909091,-2.2386558649300095,-1.1818181818181819,1347.4079,0.2441453090267132,0.2441453090267132
1568,neg_234,FIGPIISALASLFG,0,14,0.14285714285714285,0.0,0.0,0.0,0.14285714285714285,0.14285714285714285,0.0,0.21428571428571427,0.0,0.14285714285714285,0.0,0.0,0.07142857142857142,0.0,0.0,0.14285714285714285,0.0,0.0,0.0,0.0,-0.23989838581069733,1.8785714285714286,1405.6790999999998,0.038585181846299416,0.038585181846299416
1569,neg_235,MALNLQDKQAIVAEVSEVAK,0,20,0.2,0.0,0.05,0.1,0.0,0.0,0.0,0.05,0.1,0.1,0.05,0.05,0.0,0.1,0.0,0.05,0.0,0.15,0.0,0.0,-1.4949016295703919,0.21000000000000002,2157.487,0.010956861058295688,0.010956861058295688
1570,neg_236,GTLGNLPAPFPG,0,12,0.08333333333333333,0.0,0.0,0.0,0.08333333333333333,0.25,0.0,0.0,0.0,0.16666666666666666,0.0,0.08333333333333333,0.25,0.0,0.0,0.0,0.08333333333333333,0.0,0.0,0.0,-0.23989838581069733,0.1666666666666666,1140.2882,0.3705033573536718,0.3705033573536718
1571,neg_237,TKSPDCGGILSPSGLSYFA,0,19,0.05263157894736842,0.05263157894736842,0.05263157894736842,0.0,0.05263157894736842,0.15789473684210525,0.0,0.05263157894736842,0.05263157894736842,0.10526315789473684,0.0,0.0,0.10526315789473684,0.0,0.0,0.21052631578947367,0.05263157894736842,0.0,0.0,0.05263157894736842,-0.612581636790539,0.11578947368421048,1900.1129999999998,0.0069043929115569416,0.0069043929115569416
1572,neg_238,QQDYTGWFDF,0,10,0.0,0.0,0.2,0.0,0.2,0.1,0.0,0.0,0.0,0.0,0.0,0.0,0.0,0.2,0.0,0.0,0.1,0.0,0.1,0.1,-2.2386558649300095,-1.1700000000000002,1306.3344,0.22740884158945815,0.22740884158945815
1573,neg_239,DSPAGVSDAQKQ,0,12,0.16666666666666666,0.0,0.16666666666666666,0.0,0.0,0.08333333333333333,0.0,0.0,0.08333333333333333,0.0,0.0,0.0,0.08333333333333333,0.16666666666666666,0.0,0.16666666666666666,0.0,0.08333333333333333,0.0,0.0,-1.238655864930009,-1.1416666666666666,1202.2287,0.29460089322406285,0.29460089322406285
1574,neg_240,SASSGESSGMWFGPRL,0,16,0.0625,0.0,0.0,0.0625,0.0625,0.1875,0.0,0.0,0.0,0.0625,0.0625,0.0,0.0625,0.0,0.0625,0.3125,0.0,0.0,0.0625,0.0,-0.5370530787091918,-0.3375,1655.7858,0.016339493713632774,0.016339493713632774
1575,neg_241,SGLLINQPKYSWLKELGL,0,18,0.0,0.0,0.0,0.05555555555555555,0.0,0.1111111111111111,0.0,0.05555555555555555,0.1111111111111111,0.2777777777777778,0.0,0.05555555555555555,0.05555555555555555,0.05555555555555555,0.0,0.1111111111111111,0.0,0.0,0.05555555555555555,0.05555555555555555,0.4599599181938063,-0.05555555555555561,2059.4068,0.009895685697223586,0.009895685697223586
1576,neg_242,VDKPDYRPRPWPRNMI,0,16,0.0,0.0,0.125,0.0,0.0,0.0,0.0,0.0625,0.0625,0.0,0.0625,0.0625,0.25,0.0,0.1875,0.0,0.0,0.0625,0.0625,0.0625,1.7342019101368367,-1.61875,2040.3506000000002,0.0071284135137111414,0.0071284135137111414
1577,neg_243,KCCMRPICMCPCC,0,13,0.0,0.46153846153846156,0.0,0.0,0.0,0.0,0.0,0.07692307692307693,0.07692307692307693,0.0,0.15384615384615385,0.0,0.15384615384615385,0.0,0.07692307692307693,0.0,0.0,0.0,0.0,0.0,1.6996866726962416,0.8999999999999999,1491.0106999999998,0.014244622418944818,0.014244622418944818
1578,neg_244,FFPIILGLVPKLVCLITKKC,0,20,0.0,0.1,0.0,0.0,0.1,0.05,0.0,0.15,0.15,0.2,0.0,0.0,0.1,0.0,0.0,0.0,0.05,0.1,0.0,0.0,2.7373026309942805,1.585,2245.9164,0.0012177516285988362,0.0012177516285988362
1579,neg_245,INWKKIAEVGGKILSSL,0,17,0.058823529411764705,0.0,0.0,0.058823529411764705,0.0,0.11764705882352941,0.0,0.17647058823529413,0.17647058823529413,0.11764705882352941,0.0,0.058823529411764705,0.0,0.0,0.0,0.11764705882352941,0.0,0.058823529411764705,0.058823529411764705,0.0,1.7599150731655104,0.3,1856.2128000000002,0.01300725640477641,0.01300725640477641
1580,neg_247,GILDIAKKLVGGIRNVLGI,0,19,0.05263157894736842,0.0,0.05263157894736842,0.0,0.0,0.21052631578947367,0.0,0.21052631578947367,0.10526315789473684,0.15789473684210525,0.0,0.05263157894736842,0.0,0.0,0.05263157894736842,0.0,0.0,0.10526315789473684,0.0,0.0,1.7592143732311445,0.9842105263157894,1949.3838999999998,0.0087318945996844,0.0087318945996844
1581,neg_248,KWCFRVCYRGICYRRCR,0,17,0.0,0.23529411764705882,0.0,0.0,0.058823529411764705,0.058823529411764705,0.0,0.058823529411764705,0.058823529411764705,0.0,0.0,0.0,0.0,0.0,0.29411764705882354,0.0,0.0,0.058823529411764705,0.058823529411764705,0.11764705882352941,5.7174506512962555,-0.5176470588235295,2268.7577,0.0007162642647619755,0.0007162642647619755
1582,neg_249,GSTSECFWKYCV,0,12,0.0,0.16666666666666666,0.0,0.08333333333333333,0.08333333333333333,0.08333333333333333,0.0,0.0,0.08333333333333333,0.0,0.0,0.0,0.0,0.0,0.0,0.16666666666666666,0.08333333333333333,0.08333333333333333,0.08333333333333333,0.08333333333333333,-0.25888790603350875,-0.025000000000000005,1409.5851,0.10464838713112806,0.10464838713112806
1583,neg_250,GPESAFLRL,0,9,0.1111111111111111,0.0,0.0,0.1111111111111111,0.1111111111111111,0.1111111111111111,0.0,0.0,0.0,0.2222222222222222,0.0,0.0,0.1111111111111111,0.0,0.1111111111111111,0.1111111111111111,0.0,0.0,0.0,0.0,-0.23709792373748817,0.1555555555555555,989.1257,0.44896765138933376,0.44896765138933376
1584,neg_251,SVNTKNDFMRF,0,11,0.0,0.0,0.09090909090909091,0.0,0.18181818181818182,0.0,0.0,0.0,0.09090909090909091,0.0,0.09090909090909091,0.18181818181818182,0.0,0.0,0.09090909090909091,0.09090909090909091,0.09090909090909091,0.09090909090909091,0.0,0.0,0.4602582192584419,-0.7909090909090909,1358.5217,0.056217424109551155,0.056217424109551155
1585,neg_252,SFYACTNGCWVKPGGGCQC,0,19,0.05263157894736842,0.21052631578947367,0.0,0.0,0.05263157894736842,0.21052631578947367,0.0,0.0,0.05263157894736842,0.0,0.0,0.05263157894736842,0.05263157894736842,0.05263157894736842,0.0,0.05263157894736842,0.05263157894736842,0.05263157894736842,0.05263157894736842,0.05263157894736842,0.41854449682355765,0.05263157894736842,1981.2584000000002,0.006830989017149798,0.006830989017149798
1586,neg_253,EVEMLGDELRTLNQNLGLMR,0,20,0.0,0.0,0.05,0.15,0.0,0.1,0.0,0.0,0.0,0.25,0.1,0.1,0.0,0.05,0.1,0.0,0.05,0.05,0.0,0.0,-2.1564506962157437,-0.4,2331.668,0.004354403216642287,0.004354403216642287
1587,neg_254,CFISDCAPG,0,9,0.1111111111111111,0.2222222222222222,0.1111111111111111,0.0,0.1111111111111111,0.1111111111111111,0.0,0.1111111111111111,0.0,0.0,0.0,0.0,0.1111111111111111,0.0,0.0,0.1111111111111111,0.0,0.0,0.0,0.0,-1.2585796050688725,0.8666666666666667,912.0416,0.18716593335714177,0.18716593335714177
1588,neg_255,GCPWDSWC,0,8,0.0,0.25,0.125,0.0,0.0,0.125,0.0,0.0,0.0,0.0,0.0,0.0,0.125,0.0,0.0,0.125,0.0,0.0,0.25,0.0,-1.2585796050688725,-0.3875,953.0521000000001,0.2588081487243948,0.2588081487243948
1589,neg_256,MEVGKLGKPYPLLNLAYVGV,0,20,0.05,0.0,0.0,0.05,0.0,0.15,0.0,0.0,0.1,0.2,0.05,0.05,0.1,0.0,0.0,0.0,0.0,0.15,0.0,0.1,0.4991691455185514,0.485,2161.6045,0.015942562046604172,0.015942562046604172
1590,neg_257,EAYAFGL,0,7,0.2857142857142857,0.0,0.0,0.14285714285714285,0.14285714285714285,0.14285714285714285,0.0,0.0,0.0,0.14285714285714285,0.0,0.0,0.0,0.0,0.0,0.0,0.0,0.0,0.0,0.14285714285714285,-1.1641713823010078,0.7142857142857143,769.841,0.8899896252010644,0.8899896252010644
1591,neg_258,FESFFL,0,6,0.0,0.0,0.0,0.16666666666666666,0.5,0.0,0.0,0.0,0.0,0.16666666666666666,0.0,0.0,0.0,0.0,0.0,0.16666666666666666,0.0,0.0,0.0,0.0,-1.2370879238374872,1.3166666666666667,788.8856,0.3194899007159992,0.3194899007159992
1592,neg_259,APPGFTPF,0,8,0.125,0.0,0.0,0.0,0.25,0.125,0.0,0.0,0.0,0.0,0.0,0.0,0.375,0.0,0.0,0.0,0.125,0.0,0.0,0.0,-0.20412541214591307,0.18749999999999994,832.9415999999999,0.5680920776358804,0.5680920776358804
1593,neg_260,LSDYDEEEDERAKATLDAR,0,19,0.15789473684210525,0.0,0.21052631578947367,0.21052631578947367,0.0,0.0,0.0,0.0,0.05263157894736842,0.10526315789473684,0.0,0.0,0.0,0.0,0.10526315789473684,0.05263157894736842,0.05263157894736842,0.0,0.0,0.05263157894736842,-5.226191495956481,-1.6157894736842104,2226.2679,0.006546456248847243,0.006546456248847243
1594,neg_261,GRNGKSQSIIVGPWGDRVTN,0,20,0.0,0.0,0.05,0.0,0.0,0.2,0.0,0.1,0.05,0.0,0.0,0.1,0.05,0.05,0.1,0.1,0.05,0.1,0.05,0.0,1.7602033743301446,-0.795,2141.3468,0.003735742640968379,0.003735742640968379
1595,neg_263,APGQDFMRF,0,9,0.1111111111111111,0.0,0.1111111111111111,0.0,0.2222222222222222,0.1111111111111111,0.0,0.0,0.0,0.0,0.1111111111111111,0.0,0.1111111111111111,0.1111111111111111,0.1111111111111111,0.0,0.0,0.0,0.0,0.0,-0.20301465110606953,-0.4666666666666667,1068.2056,0.21589926298842452,0.21589926298842452
1596,neg_264,GGNTECFWKYCV,0,12,0.0,0.16666666666666666,0.0,0.08333333333333333,0.08333333333333333,0.16666666666666666,0.0,0.0,0.08333333333333333,0.0,0.0,0.08333333333333333,0.0,0.0,0.0,0.0,0.08333333333333333,0.08333333333333333,0.08333333333333333,0.08333333333333333,-0.25888790603350875,-0.21666666666666667,1406.5844,0.17667755871629875,0.17667755871629875
1597,neg_265,FLSLIPAAISAVSALADHF,0,19,0.2631578947368421,0.0,0.05263157894736842,0.0,0.10526315789473684,0.0,0.05263157894736842,0.10526315789473684,0.0,0.15789473684210525,0.0,0.0,0.05263157894736842,0.0,0.0,0.15789473684210525,0.0,0.05263157894736842,0.0,0.0,-1.151603436616266,1.5,1943.2451999999998,0.006096183893078081,0.006096183893078081
1598,neg_266,QNWPHPQIPP,0,10,0.0,0.0,0.0,0.0,0.0,0.0,0.1,0.1,0.0,0.0,0.0,0.1,0.4,0.2,0.0,0.0,0.0,0.0,0.1,0.0,-0.15272419755611044,-1.65,1213.3439,0.7301964376048921,0.7301964376048921
1599,neg_267,QLNYSPDW,0,8,0.0,0.0,0.125,0.0,0.0,0.0,0.0,0.0,0.0,0.125,0.0,0.125,0.125,0.125,0.0,0.125,0.0,0.0,0.125,0.125,-1.2397766258698537,-1.4125,1022.0677000000001,0.7031649811280908,0.7031649811280908
1600,neg_268,VNSTYIGYAPIDDPK,0,15,0.06666666666666667,0.0,0.13333333333333333,0.0,0.0,0.06666666666666667,0.0,0.13333333333333333,0.06666666666666667,0.0,0.0,0.06666666666666667,0.13333333333333333,0.0,0.0,0.06666666666666667,0.06666666666666667,0.06666666666666667,0.0,0.13333333333333333,-1.2667670911621616,-0.47333333333333333,1652.7984000000001,0.07865061444737198,0.07865061444737198
1601,neg_269,GLLDALSGILGL,0,12,0.08333333333333333,0.0,0.08333333333333333,0.0,0.0,0.25,0.0,0.08333333333333333,0.0,0.4166666666666667,0.0,0.0,0.0,0.0,0.0,0.08333333333333333,0.0,0.0,0.0,0.0,-1.2387776248708526,1.6500000000000001,1141.3573999999999,0.24043061897563306,0.24043061897563306
1602,neg_270,LVVELAPMEIR,0,11,0.09090909090909091,0.0,0.0,0.18181818181818182,0.0,0.0,0.0,0.09090909090909091,0.0,0.18181818181818182,0.09090909090909091,0.0,0.09090909090909091,0.0,0.09090909090909091,0.0,0.0,0.18181818181818182,0.0,0.0,-1.234287461764278,1.009090909090909,1269.5529,0.5217351264253224,0.5217351264253224
1603,neg_271,GLGNNAFVGVR,0,11,0.09090909090909091,0.0,0.0,0.0,0.09090909090909091,0.2727272727272727,0.0,0.0,0.0,0.09090909090909091,0.0,0.18181818181818182,0.0,0.0,0.09090909090909091,0.0,0.0,0.18181818181818182,0.0,0.0,0.7600916142893016,0.3727272727272727,1103.2314,0.4076784874439027,0.4076784874439027
1604,neg_272,APACVGFQGMR,0,11,0.18181818181818182,0.09090909090909091,0.0,0.0,0.09090909090909091,0.18181818181818182,0.0,0.0,0.0,0.0,0.09090909090909091,0.0,0.09090909090909091,0.09090909090909091,0.09090909090909091,0.0,0.0,0.09090909090909091,0.0,0.0,0.7859635978550761,0.41818181818181815,1136.3474999999999,0.2863968614841778,0.2863968614841778
1605,neg_273,IGDIWSGIQG,0,10,0.0,0.0,0.1,0.0,0.0,0.3,0.0,0.3,0.0,0.0,0.0,0.0,0.0,0.1,0.0,0.1,0.0,0.0,0.1,0.0,-1.2387776248708526,0.36,1045.1458,0.329314492228239,0.329314492228239
1606,neg_274,DMHDFFVGLM,0,10,0.0,0.0,0.2,0.0,0.2,0.1,0.1,0.0,0.0,0.1,0.2,0.0,0.0,0.0,0.0,0.0,0.0,0.1,0.0,0.0,-2.1504826756764213,0.6799999999999999,1211.4089,0.1844870955939405,0.1844870955939405
1607,neg_275,CFIRNCPP,0,8,0.0,0.25,0.0,0.0,0.125,0.0,0.0,0.125,0.0,0.0,0.0,0.125,0.25,0.0,0.125,0.0,0.0,0.0,0.0,0.0,0.7402896340912819,0.13749999999999996,949.1512,0.2537365553970493,0.2537365553970493
1608,neg_276,AVGNEVFANR,0,10,0.2,0.0,0.0,0.1,0.1,0.1,0.0,0.0,0.0,0.0,0.0,0.2,0.0,0.0,0.1,0.0,0.0,0.2,0.0,0.0,-0.2013249500727039,-0.05999999999999998,1076.1631,0.5738418110637987,0.5738418110637987
1609,neg_279,TDVKESEFIAEGAVGR,0,16,0.125,0.0,0.0625,0.1875,0.0625,0.125,0.0,0.0625,0.0625,0.0,0.0,0.0,0.0,0.0,0.0625,0.0625,0.0625,0.125,0.0,0.0,-2.593260259672898,-0.33749999999999997,1707.8357,0.06756836591824715,0.06756836591824715
1610,neg_280,VPPGFTPFRVD,0,11,0.0,0.0,0.09090909090909091,0.0,0.18181818181818182,0.09090909090909091,0.0,0.0,0.0,0.0,0.0,0.0,0.2727272727272727,0.0,0.09090909090909091,0.0,0.09090909090909091,0.18181818181818182,0.0,0.0,-0.261719947397701,0.009090909090909068,1231.3988,0.22915459967531177,0.22915459967531177
1611,neg_281,SNDIYFNFQR,0,10,0.0,0.0,0.1,0.0,0.2,0.0,0.0,0.1,0.0,0.0,0.0,0.2,0.0,0.1,0.1,0.1,0.0,0.0,0.0,0.1,-0.5397417807415585,-1.05,1303.3785,0.12044967900862845,0.12044967900862845
1612,neg_283,GKPRPQQVPPRPPHPRL,0,17,0.0,0.0,0.0,0.0,0.0,0.058823529411764705,0.058823529411764705,0.0,0.058823529411764705,0.058823529411764705,0.0,0.0,0.4117647058823529,0.11764705882352941,0.17647058823529413,0.0,0.0,0.058823529411764705,0.0,0.0,3.846246801744886,-1.8352941176470587,1957.2887,0.030067707317156547,0.030067707317156547
1613,neg_284,QGGGPQWAVGHFM,0,13,0.07692307692307693,0.0,0.0,0.0,0.07692307692307693,0.3076923076923077,0.07692307692307693,0.0,0.0,0.0,0.07692307692307693,0.0,0.07692307692307693,0.15384615384615385,0.0,0.0,0.0,0.07692307692307693,0.07692307692307693,0.0,-0.15272419755611044,-0.27692307692307694,1371.522,0.33076548641055026,0.33076548641055026
1614,neg_285,QFRPSYQIPP,0,10,0.0,0.0,0.0,0.0,0.1,0.0,0.0,0.1,0.0,0.0,0.0,0.0,0.3,0.2,0.1,0.1,0.0,0.0,0.0,0.1,0.7590926132903006,-1.11,1232.3869,0.4157501209517326,0.4157501209517326
1615,neg_286,QGPWMEEEEAAYGWMDF,0,17,0.11764705882352941,0.0,0.058823529411764705,0.23529411764705882,0.058823529411764705,0.11764705882352941,0.0,0.0,0.0,0.0,0.11764705882352941,0.0,0.058823529411764705,0.058823529411764705,0.0,0.0,0.0,0.0,0.11764705882352941,0.058823529411764705,-5.228534777977012,-0.9588235294117647,2076.2203,0.026919354258197935,0.026919354258197935
1616,neg_287,KPEEDWGHK,0,9,0.0,0.0,0.1111111111111111,0.2222222222222222,0.0,0.1111111111111111,0.1111111111111111,0.0,0.2222222222222222,0.0,0.0,0.0,0.1111111111111111,0.0,0.0,0.0,0.0,0.0,0.1111111111111111,0.0,-1.147980514667847,-2.711111111111111,1125.191,0.786541661067311,0.786541661067311
1617,neg_288,FLSLIPHAINAVSAIAKHS,0,19,0.21052631578947367,0.0,0.0,0.0,0.05263157894736842,0.0,0.10526315789473684,0.15789473684210525,0.05263157894736842,0.10526315789473684,0.0,0.05263157894736842,0.05263157894736842,0.0,0.0,0.15789473684210525,0.0,0.05263157894736842,0.0,0.0,0.9334509896994757,0.9210526315789473,1989.3202999999999,0.008472526593390437,0.008472526593390437
1618,neg_289,SDPAGGEFLAEGGGVR,0,16,0.125,0.0,0.0625,0.125,0.0625,0.3125,0.0,0.0,0.0,0.0625,0.0,0.0,0.0625,0.0,0.0625,0.0625,0.0,0.0625,0.0,0.0,-2.533121855796137,-0.3125,1518.5836,0.11497350867326694,0.11497350867326694
1619,neg_290,MQLTPPEVEK,0,10,0.0,0.0,0.0,0.2,0.0,0.0,0.0,0.0,0.1,0.1,0.1,0.0,0.2,0.1,0.0,0.0,0.1,0.1,0.0,0.0,-1.4950233895112357,-0.8400000000000001,1171.3637,0.7832983503218562,0.7832983503218562
1620,neg_291,SLEDIEHEVEELLR,0,14,0.0,0.0,0.07142857142857142,0.35714285714285715,0.0,0.0,0.07142857142857142,0.07142857142857142,0.0,0.21428571428571427,0.0,0.0,0.0,0.0,0.07142857142857142,0.07142857142857142,0.0,0.07142857142857142,0.0,0.0,-5.437516281621919,-0.6714285714285715,1710.8364,0.24797749465219124,0.24797749465219124
1621,neg_292,DPAFSSWG,0,8,0.125,0.0,0.125,0.0,0.125,0.125,0.0,0.0,0.0,0.0,0.0,0.0,0.125,0.0,0.0,0.25,0.0,0.0,0.125,0.0,-1.2387776248708526,-0.42500000000000004,865.8853999999999,0.3035088787369672,0.3035088787369672
1622,neg_293,AGVPFNTKTPYGPT,0,14,0.07142857142857142,0.0,0.0,0.0,0.07142857142857142,0.14285714285714285,0.0,0.0,0.07142857142857142,0.0,0.0,0.07142857142857142,0.21428571428571427,0.0,0.0,0.0,0.21428571428571427,0.07142857142857142,0.0,0.07142857142857142,0.793876585856085,-0.5428571428571428,1449.606,0.21496551646495807,0.21496551646495807
1623,neg_294,QEKPYWPPPIYPM,0,13,0.0,0.0,0.0,0.07692307692307693,0.0,0.0,0.0,0.07692307692307693,0.07692307692307693,0.0,0.07692307692307693,0.0,0.38461538461538464,0.07692307692307693,0.0,0.0,0.0,0.0,0.07692307692307693,0.15384615384615385,-0.2400849268344898,-1.2307692307692308,1645.9167,0.24876451720150056,0.24876451720150056
1624,neg_295,INIKDILAKLVKVLGHV,0,17,0.058823529411764705,0.0,0.058823529411764705,0.0,0.0,0.058823529411764705,0.058823529411764705,0.17647058823529413,0.17647058823529413,0.17647058823529413,0.0,0.058823529411764705,0.0,0.0,0.0,0.0,0.0,0.17647058823529413,0.0,0.0,1.845399560386732,1.0,1873.3292999999999,0.02383635897565392,0.02383635897565392
1625,neg_296,SPVISYDKT,0,9,0.0,0.0,0.1111111111111111,0.0,0.0,0.0,0.0,0.1111111111111111,0.1111111111111111,0.0,0.0,0.0,0.1111111111111111,0.0,0.0,0.2222222222222222,0.1111111111111111,0.1111111111111111,0.0,0.1111111111111111,-0.5407307818405582,-0.43333333333333335,1009.1105,0.5426475148805971,0.5426475148805971
1626,neg_298,PRGSPRTEYEAARR,0,14,0.14285714285714285,0.0,0.0,0.14285714285714285,0.0,0.07142857142857142,0.0,0.0,0.0,0.0,0.0,0.0,0.14285714285714285,0.0,0.2857142857142857,0.07142857142857142,0.07142857142857142,0.0,0.0,0.07142857142857142,1.9631107909257701,-1.9857142857142858,1645.7779999999998,0.08288328046117503,0.08288328046117503
1627,neg_299,VDEQLPRTIMNIFEK,0,15,0.0,0.0,0.06666666666666667,0.13333333333333333,0.06666666666666667,0.0,0.0,0.13333333333333333,0.06666666666666667,0.06666666666666667,0.06666666666666667,0.06666666666666667,0.06666666666666667,0.06666666666666667,0.06666666666666667,0.0,0.06666666666666667,0.06666666666666667,0.0,0.0,-1.2602789260575844,-0.43333333333333335,1833.1132000000002,0.03129277050348334,0.03129277050348334
1628,neg_300,KVHGSLARAGK,0,11,0.18181818181818182,0.0,0.0,0.0,0.0,0.18181818181818182,0.09090909090909091,0.0,0.18181818181818182,0.09090909090909091,0.0,0.0,0.0,0.0,0.09090909090909091,0.09090909090909091,0.0,0.09090909090909091,0.0,0.0,2.845267800545887,-0.5,1123.3092,0.43276660408754536,0.43276660408754536
1629,neg_301,QNGPRPIGIPP,0,11,0.0,0.0,0.0,0.0,0.0,0.18181818181818182,0.0,0.18181818181818182,0.0,0.0,0.0,0.09090909090909091,0.36363636363636365,0.09090909090909091,0.09090909090909091,0.0,0.0,0.0,0.0,0.0,0.7600916142893016,-0.881818181818182,1145.3113999999998,0.4602961310495127,0.4602961310495127
1630,neg_302,QKKDKKDKF,0,9,0.0,0.0,0.2222222222222222,0.0,0.1111111111111111,0.0,0.0,0.0,0.5555555555555556,0.0,0.0,0.0,0.0,0.1111111111111111,0.0,0.0,0.0,0.0,0.0,0.0,2.7573481310739876,-3.022222222222222,1164.3546000000001,0.16878564905248591,0.16878564905248591
1631,neg_303,EDTGTFEEGHGGVR,0,14,0.0,0.0,0.07142857142857142,0.21428571428571427,0.07142857142857142,0.2857142857142857,0.07142857142857142,0.0,0.0,0.0,0.0,0.0,0.0,0.0,0.07142857142857142,0.0,0.14285714285714285,0.07142857142857142,0.0,0.0,-3.0692665080611556,-1.2642857142857142,1490.4875,0.3201502384826569,0.3201502384826569
1632,neg_304,ASLVTSFEEA,0,10,0.2,0.0,0.0,0.2,0.1,0.0,0.0,0.0,0.0,0.1,0.0,0.0,0.0,0.0,0.0,0.2,0.1,0.1,0.0,0.0,-2.1985044881994926,0.51,1053.1200000000001,0.5420312799800625,0.5420312799800625
1633,neg_305,DPAFNSWG,0,8,0.125,0.0,0.125,0.0,0.125,0.125,0.0,0.0,0.0,0.0,0.0,0.125,0.125,0.0,0.0,0.125,0.0,0.0,0.125,0.0,-1.2387776248708526,-0.7625000000000001,892.9106999999999,0.38559563270091446,0.38559563270091446
1634,neg_307,SLSINTNTSEMIALQTLDA,0,19,0.10526315789473684,0.0,0.05263157894736842,0.05263157894736842,0.0,0.0,0.0,0.10526315789473684,0.0,0.15789473684210525,0.05263157894736842,0.10526315789473684,0.0,0.05263157894736842,0.0,0.15789473684210525,0.15789473684210525,0.0,0.0,0.0,-2.535922317869346,0.20526315789473681,2022.2345,0.007660970028898963,0.007660970028898963
1635,neg_308,GSFFATPDDRH,0,11,0.09090909090909091,0.0,0.18181818181818182,0.0,0.18181818181818182,0.09090909090909091,0.09090909090909091,0.0,0.0,0.0,0.0,0.0,0.09090909090909091,0.0,0.09090909090909091,0.09090909090909091,0.09090909090909091,0.0,0.0,0.0,-1.1504926755764224,-0.9818181818181819,1249.2883,0.12103723369145498,0.12103723369145498
1636,neg_309,GSPGLIPFGRS,0,11,0.0,0.0,0.0,0.0,0.09090909090909091,0.2727272727272727,0.0,0.09090909090909091,0.0,0.09090909090909091,0.0,0.0,0.18181818181818182,0.0,0.09090909090909091,0.18181818181818182,0.0,0.0,0.0,0.0,0.7600916142893016,0.05454545454545448,1087.2288999999998,0.19538809230524432,0.19538809230524432
1637,neg_310,KQTENLADTY,0,10,0.1,0.0,0.1,0.1,0.0,0.0,0.0,0.0,0.1,0.1,0.0,0.1,0.0,0.1,0.0,0.0,0.2,0.0,0.0,0.1,-1.2379651648956442,-1.5,1182.2373,0.6737069397876599,0.6737069397876599
1638,neg_311,GPPYQPLVPR,0,10,0.0,0.0,0.0,0.0,0.0,0.1,0.0,0.0,0.0,0.1,0.0,0.0,0.4,0.1,0.1,0.0,0.0,0.1,0.0,0.1,0.7590926132903006,-0.8099999999999999,1123.3041,0.7625158074328436,0.7625158074328436
1639,neg_312,EWEEWLLA,0,8,0.125,0.0,0.0,0.375,0.0,0.0,0.0,0.0,0.0,0.25,0.0,0.0,0.0,0.0,0.0,0.0,0.0,0.0,0.25,0.0,-3.157551457355586,-0.36250000000000004,1075.1702,0.8635224420681507,0.8635224420681507
1640,neg_313,DSSVLTSEYPR,0,11,0.0,0.0,0.09090909090909091,0.09090909090909091,0.0,0.0,0.0,0.0,0.0,0.09090909090909091,0.0,0.0,0.09090909090909091,0.0,0.09090909090909091,0.2727272727272727,0.09090909090909091,0.09090909090909091,0.0,0.09090909090909091,-1.2369761637966445,-0.8636363636363636,1253.3152,0.30994420588352567,0.30994420588352567
1641,neg_314,FFSMIPKIATGIASLVKDL,0,19,0.10526315789473684,0.0,0.05263157894736842,0.0,0.10526315789473684,0.05263157894736842,0.0,0.15789473684210525,0.10526315789473684,0.10526315789473684,0.05263157894736842,0.0,0.05263157894736842,0.0,0.0,0.10526315789473684,0.05263157894736842,0.05263157894736842,0.0,0.0,0.7592243731311454,1.0947368421052632,2051.4907,0.0023431244381283047,0.0023431244381283047
1642,neg_315,ECCHRQLLCCLRFV,0,14,0.0,0.2857142857142857,0.0,0.07142857142857142,0.07142857142857142,0.0,0.07142857142857142,0.0,0.0,0.21428571428571427,0.0,0.0,0.0,0.07142857142857142,0.14285714285714285,0.0,0.0,0.07142857142857142,0.0,0.0,0.8843778467565384,0.6571428571428571,1723.1183999999998,0.024730716936465696,0.024730716936465696
1643,neg_316,RGSNLTIHPLRNTNDIDY,0,18,0.0,0.0,0.1111111111111111,0.0,0.0,0.05555555555555555,0.05555555555555555,0.1111111111111111,0.0,0.1111111111111111,0.0,0.16666666666666666,0.05555555555555555,0.0,0.1111111111111111,0.05555555555555555,0.1111111111111111,0.0,0.0,0.05555555555555555,-0.15150167647542423,-1.0333333333333334,2099.2638,0.006521708706575199,0.006521708706575199
1644,neg_317,FLSLIPHAINAVSAIAKHN,0,19,0.21052631578947367,0.0,0.0,0.0,0.05263157894736842,0.0,0.10526315789473684,0.15789473684210525,0.05263157894736842,0.10526315789473684,0.0,0.10526315789473684,0.05263157894736842,0.0,0.0,0.10526315789473684,0.0,0.05263157894736842,0.0,0.0,0.9334509896994757,0.7789473684210526,2016.3456,0.008982437701225504,0.008982437701225504
1645,neg_318,GVGDLIRKAVAAIKNIV,0,17,0.17647058823529413,0.0,0.058823529411764705,0.0,0.0,0.11764705882352941,0.0,0.17647058823529413,0.11764705882352941,0.058823529411764705,0.0,0.058823529411764705,0.0,0.0,0.058823529411764705,0.0,0.0,0.17647058823529413,0.0,0.0,1.7592143732311445,0.8941176470588236,1737.0953,0.02889873583502444,0.02889873583502444
1646,neg_319,GPLTILHINDVHAAFEQFNT,0,20,0.1,0.0,0.05,0.05,0.1,0.05,0.1,0.1,0.0,0.1,0.0,0.1,0.05,0.05,0.0,0.0,0.1,0.05,0.0,0.0,-2.0616187863884683,0.13499999999999995,2237.4688,0.006580382921687066,0.006580382921687066
1647,neg_320,GIGSALAKAAKLIEGMV,0,17,0.23529411764705882,0.0,0.0,0.058823529411764705,0.0,0.17647058823529413,0.0,0.11764705882352941,0.11764705882352941,0.11764705882352941,0.058823529411764705,0.0,0.0,0.0,0.0,0.058823529411764705,0.0,0.058823529411764705,0.0,0.0,0.7609140741645111,0.9764705882352942,1628.9741,0.04962887326096334,0.04962887326096334
1648,neg_321,EYPVVFVKGLFPGKG,0,15,0.0,0.0,0.0,0.06666666666666667,0.13333333333333333,0.2,0.0,0.0,0.13333333333333333,0.06666666666666667,0.0,0.0,0.13333333333333333,0.0,0.0,0.0,0.0,0.2,0.0,0.06666666666666667,0.8338306157009905,0.3333333333333333,1636.9296,0.10527241154847236,0.10527241154847236
1649,neg_322,EEGGSPPPVVI,0,11,0.0,0.0,0.0,0.18181818181818182,0.0,0.18181818181818182,0.0,0.09090909090909091,0.0,0.0,0.0,0.0,0.2727272727272727,0.0,0.0,0.09090909090909091,0.0,0.18181818181818182,0.0,0.0,-2.1603619193287966,-0.045454545454545456,1080.1884,0.7744006724142452,0.7744006724142452
1650,neg_323,FLAKNVAKKLVSHVAKKQLE,0,20,0.15,0.0,0.0,0.05,0.05,0.0,0.05,0.0,0.25,0.15,0.0,0.05,0.0,0.05,0.0,0.05,0.0,0.15,0.0,0.0,3.8503285391895856,-0.09,2251.7125,0.0042590090242180315,0.0042590090242180315
1651,neg_324,LKCNKLVPLFYKTCPAGKNL,0,20,0.05,0.1,0.0,0.0,0.05,0.05,0.0,0.0,0.2,0.2,0.0,0.1,0.1,0.0,0.0,0.0,0.05,0.05,0.0,0.05,3.735304628996279,0.03999999999999997,2250.7674,0.0020764022326722554,0.0020764022326722554
1652,neg_325,AEYPNDVNLTVYWDP,0,15,0.06666666666666667,0.0,0.13333333333333333,0.06666666666666667,0.0,0.0,0.0,0.0,0.0,0.06666666666666667,0.0,0.13333333333333333,0.13333333333333333,0.0,0.0,0.0,0.06666666666666667,0.13333333333333333,0.06666666666666667,0.13333333333333333,-3.201071430291016,-0.7266666666666667,1795.8974000000003,0.11258670736309451,0.11258670736309451
1653,neg_326,DSCCIEQHCCD,0,11,0.0,0.36363636363636365,0.18181818181818182,0.09090909090909091,0.0,0.0,0.09090909090909091,0.09090909090909091,0.0,0.0,0.0,0.0,0.0,0.09090909090909091,0.0,0.09090909090909091,0.0,0.0,0.0,0.0,-3.184095272491947,-0.3181818181818182,1255.3790999999999,0.1523113895941089,0.1523113895941089
1654,neg_329,VGEAFWSAEEQK,0,12,0.16666666666666666,0.0,0.0,0.25,0.08333333333333333,0.08333333333333333,0.0,0.0,0.08333333333333333,0.0,0.0,0.0,0.0,0.08333333333333333,0.0,0.08333333333333333,0.0,0.08333333333333333,0.08333333333333333,0.0,-2.2585792251242176,-0.7833333333333333,1380.4578999999999,0.37511186368628285,0.37511186368628285
1655,neg_330,TPGQDFMRF,0,9,0.0,0.0,0.1111111111111111,0.0,0.2222222222222222,0.1111111111111111,0.0,0.0,0.0,0.0,0.1111111111111111,0.0,0.1111111111111111,0.1111111111111111,0.1111111111111111,0.0,0.1111111111111111,0.0,0.0,0.0,-0.6006926445935283,-0.7444444444444445,1098.2316,0.2225397923202629,0.2225397923202629
1656,neg_331,FLPIIAKLVSGLL,0,13,0.07692307692307693,0.0,0.0,0.0,0.07692307692307693,0.07692307692307693,0.0,0.15384615384615385,0.07692307692307693,0.3076923076923077,0.0,0.0,0.07692307692307693,0.0,0.0,0.07692307692307693,0.0,0.07692307692307693,0.0,0.0,0.7591026131903019,2.023076923076923,1383.7596999999998,0.08868837567927311,0.08868837567927311
1657,neg_332,AIDYDEDEDGRPKVHVDAR,0,19,0.10526315789473684,0.0,0.2631578947368421,0.10526315789473684,0.0,0.05263157894736842,0.05263157894736842,0.05263157894736842,0.05263157894736842,0.0,0.0,0.0,0.05263157894736842,0.0,0.10526315789473684,0.0,0.0,0.10526315789473684,0.0,0.05263157894736842,-4.107744497043687,-1.4421052631578946,2200.2784,0.00814399827809349,0.00814399827809349
1658,neg_333,HNPASFIGLM,0,10,0.1,0.0,0.0,0.0,0.1,0.1,0.1,0.1,0.0,0.1,0.1,0.1,0.1,0.0,0.0,0.1,0.0,0.0,0.0,0.0,-0.15272419755611044,0.5299999999999999,1086.2639,0.37262013980026387,0.37262013980026387
1659,neg_335,CYIQNCPRG,0,9,0.0,0.2222222222222222,0.0,0.0,0.0,0.1111111111111111,0.0,0.1111111111111111,0.0,0.0,0.0,0.1111111111111111,0.1111111111111111,0.1111111111111111,0.1111111111111111,0.0,0.0,0.0,0.0,0.1111111111111111,0.7392906330922808,-0.5888888888888889,1053.2159,0.5105958784668939,0.5105958784668939
1660,neg_336,VRPYLVAFYESH,0,12,0.08333333333333333,0.0,0.0,0.08333333333333333,0.08333333333333333,0.0,0.08333333333333333,0.0,0.0,0.08333333333333333,0.0,0.0,0.08333333333333333,0.0,0.08333333333333333,0.08333333333333333,0.0,0.16666666666666666,0.0,0.16666666666666666,-0.17803496171505362,0.04999999999999997,1480.6644999999999,0.41324001542711614,0.41324001542711614
1661,neg_337,QPWLPFV,0,7,0.0,0.0,0.0,0.0,0.14285714285714285,0.0,0.0,0.0,0.0,0.14285714285714285,0.0,0.0,0.2857142857142857,0.14285714285714285,0.0,0.0,0.0,0.14285714285714285,0.14285714285714285,0.0,-0.23989838581069733,0.45714285714285713,886.0472,0.8070507740349936,0.8070507740349936
1662,neg_338,CCEWPCHHGCIPCCY,0,15,0.0,0.4,0.0,0.06666666666666667,0.0,0.06666666666666667,0.13333333333333333,0.06666666666666667,0.0,0.0,0.0,0.0,0.13333333333333333,0.0,0.0,0.0,0.0,0.0,0.06666666666666667,0.06666666666666667,-1.1231444889213738,0.2533333333333333,1754.0877,0.04094169181449704,0.04094169181449704
1663,neg_339,QTCCGYRMCVPC,0,12,0.0,0.3333333333333333,0.0,0.0,0.0,0.08333333333333333,0.0,0.0,0.0,0.0,0.08333333333333333,0.0,0.08333333333333333,0.08333333333333333,0.08333333333333333,0.0,0.08333333333333333,0.08333333333333333,0.0,0.08333333333333333,0.719488652894261,0.3416666666666666,1363.6724,0.13886508645346693,0.13886508645346693
1664,neg_341,GPIPWQR,0,7,0.0,0.0,0.0,0.0,0.0,0.14285714285714285,0.0,0.14285714285714285,0.0,0.0,0.0,0.0,0.2857142857142857,0.14285714285714285,0.14285714285714285,0.0,0.0,0.0,0.14285714285714285,0.0,0.7600916142893016,-1.1428571428571428,852.9793999999999,0.7956277613327704,0.7956277613327704
1665,neg_342,TVKVTVTGAAGQIGYALLFR,0,20,0.15,0.0,0.0,0.0,0.05,0.15,0.0,0.05,0.05,0.1,0.0,0.0,0.0,0.05,0.05,0.0,0.15,0.15,0.0,0.05,1.3961885924686253,0.82,2065.4146,0.012151761435006238,0.012151761435006238
1666,neg_343,AGPYAFGL,0,8,0.25,0.0,0.0,0.0,0.125,0.25,0.0,0.0,0.0,0.125,0.0,0.0,0.125,0.0,0.0,0.0,0.0,0.0,0.0,0.125,-0.20512441314491403,0.8125,794.8934999999999,0.7877031551209469,0.7877031551209469
1667,neg_344,ANDPDFPYTVQANRP,0,15,0.13333333333333333,0.0,0.13333333333333333,0.0,0.06666666666666667,0.0,0.0,0.0,0.0,0.0,0.0,0.13333333333333333,0.2,0.06666666666666667,0.06666666666666667,0.0,0.06666666666666667,0.06666666666666667,0.0,0.06666666666666667,-1.2028928911652261,-1.2133333333333334,1704.7934999999998,0.058955151508869943,0.058955151508869943
1668,neg_345,AAAPDIPIANVNA,0,13,0.38461538461538464,0.0,0.07692307692307693,0.0,0.0,0.0,0.0,0.15384615384615385,0.0,0.0,0.0,0.15384615384615385,0.15384615384615385,0.0,0.0,0.0,0.0,0.07692307692307693,0.0,0.0,-1.2030046512060686,0.6538461538461539,1236.3739999999998,0.27519255589620134,0.27519255589620134
1669,neg_346,GLVSNLGI,0,8,0.0,0.0,0.0,0.0,0.0,0.25,0.0,0.125,0.0,0.25,0.0,0.125,0.0,0.0,0.0,0.125,0.0,0.125,0.0,0.0,-0.23989838581069733,1.4,771.9015999999999,0.7323406692706338,0.7323406692706338
1670,neg_347,CCKQSCTTCMPCCW,0,14,0.0,0.42857142857142855,0.0,0.0,0.0,0.0,0.0,0.0,0.07142857142857142,0.0,0.07142857142857142,0.0,0.07142857142857142,0.07142857142857142,0.0,0.07142857142857142,0.14285714285714285,0.0,0.07142857142857142,0.0,0.6996966725962426,0.34285714285714286,1596.9804,0.014666834953726348,0.014666834953726348
1671,neg_348,AGQNTES,0,7,0.14285714285714285,0.0,0.0,0.14285714285714285,0.0,0.14285714285714285,0.0,0.0,0.0,0.0,0.0,0.14285714285714285,0.0,0.14285714285714285,0.0,0.14285714285714285,0.14285714285714285,0.0,0.0,0.0,-1.2013149501727027,-1.5142857142857142,705.6714999999999,0.9211701275674048,0.9211701275674048
1672,neg_349,APPGFTPFRIA,0,11,0.18181818181818182,0.0,0.0,0.0,0.18181818181818182,0.09090909090909091,0.0,0.09090909090909091,0.0,0.0,0.0,0.0,0.2727272727272727,0.0,0.09090909090909091,0.0,0.09090909090909091,0.0,0.0,0.0,0.7958645879540859,0.29999999999999993,1173.3627999999999,0.1813217007400279,0.1813217007400279
1673,neg_350,YVMGHFRWDKF,0,11,0.0,0.0,0.09090909090909091,0.0,0.18181818181818182,0.09090909090909091,0.09090909090909091,0.0,0.09090909090909091,0.0,0.09090909090909091,0.0,0.0,0.0,0.09090909090909091,0.0,0.0,0.09090909090909091,0.09090909090909091,0.09090909090909091,0.8463885614857316,-0.5454545454545454,1485.709,0.10561935648395512,0.10561935648395512
1674,neg_351,EGCCSNPACRTNHPEVCD,0,18,0.05555555555555555,0.2222222222222222,0.05555555555555555,0.1111111111111111,0.0,0.05555555555555555,0.05555555555555555,0.0,0.0,0.0,0.0,0.1111111111111111,0.1111111111111111,0.0,0.05555555555555555,0.05555555555555555,0.05555555555555555,0.05555555555555555,0.0,0.0,-2.1085000288231024,-0.7944444444444445,1935.1043,0.01650525333221163,0.01650525333221163
1675,neg_352,GSSGLIAFPRL,0,11,0.09090909090909091,0.0,0.0,0.0,0.09090909090909091,0.18181818181818182,0.0,0.09090909090909091,0.0,0.18181818181818182,0.0,0.0,0.09090909090909091,0.0,0.09090909090909091,0.18181818181818182,0.0,0.0,0.0,0.0,0.7600916142893016,0.7454545454545454,1117.2979,0.15363333170173638,0.15363333170173638
1676,neg_353,MNRVQFNHHHHHHPD,0,15,0.0,0.0,0.06666666666666667,0.0,0.06666666666666667,0.0,0.4,0.0,0.0,0.0,0.06666666666666667,0.13333333333333333,0.06666666666666667,0.06666666666666667,0.06666666666666667,0.0,0.0,0.06666666666666667,0.0,0.0,0.027691479716013045,-2.026666666666667,1943.0746,0.14674709752680698,0.14674709752680698
1677,neg_354,RQQPFVPRL,0,9,0.0,0.0,0.0,0.0,0.1111111111111111,0.0,0.0,0.0,0.0,0.1111111111111111,0.0,0.0,0.2222222222222222,0.2222222222222222,0.2222222222222222,0.0,0.0,0.1111111111111111,0.0,0.0,1.7600816143893008,-0.9333333333333333,1140.3379,0.5101785175735407,0.5101785175735407
1678,neg_355,MEPDPTPLPRRRLKLFR,0,17,0.0,0.0,0.058823529411764705,0.058823529411764705,0.058823529411764705,0.0,0.0,0.0,0.058823529411764705,0.17647058823529413,0.058823529411764705,0.0,0.23529411764705882,0.0,0.23529411764705882,0.0,0.058823529411764705,0.0,0.0,0.0,2.503246909855395,-1.1705882352941177,2122.5391,0.003206407878325958,0.003206407878325958
1679,neg_356,GAYFDGFDVPCVPRRDDC,0,18,0.05555555555555555,0.1111111111111111,0.2222222222222222,0.0,0.1111111111111111,0.1111111111111111,0.0,0.0,0.0,0.0,0.0,0.0,0.1111111111111111,0.0,0.1111111111111111,0.0,0.0,0.1111111111111111,0.0,0.05555555555555555,-2.2562363230483418,-0.4166666666666667,2032.2158,0.0037068917910340186,0.0037068917910340186
1680,neg_357,DRTPALRLRF,0,10,0.1,0.0,0.1,0.0,0.1,0.0,0.0,0.0,0.0,0.2,0.0,0.0,0.1,0.0,0.3,0.0,0.1,0.0,0.0,0.0,1.7611923754291439,-0.7100000000000001,1244.4458,0.11026387214152256,0.11026387214152256
1681,neg_358,AVNVDDPSK,0,9,0.1111111111111111,0.0,0.2222222222222222,0.0,0.0,0.0,0.0,0.0,0.1111111111111111,0.0,0.0,0.1111111111111111,0.1111111111111111,0.0,0.0,0.1111111111111111,0.0,0.2222222222222222,0.0,0.0,-1.202882891265225,-0.7333333333333333,943.9974,0.570834034503514,0.570834034503514
1682,neg_359,MKLIAKTRILNTLVFSAAGK,0,20,0.15,0.0,0.0,0.0,0.05,0.05,0.0,0.1,0.15,0.15,0.05,0.05,0.0,0.0,0.05,0.05,0.1,0.05,0.0,0.0,3.497347684644341,0.62,2175.6794,0.0018797977757195358,0.0018797977757195358
1683,neg_360,QARPRHPKIPP,0,11,0.09090909090909091,0.0,0.0,0.0,0.0,0.0,0.09090909090909091,0.09090909090909091,0.09090909090909091,0.0,0.0,0.0,0.36363636363636365,0.09090909090909091,0.18181818181818182,0.0,0.0,0.0,0.0,0.0,2.8462568016448873,-1.7909090909090908,1296.5238,0.39027188197952234,0.39027188197952234
1684,neg_361,GPSGFYGVR,0,9,0.0,0.0,0.0,0.0,0.1111111111111111,0.3333333333333333,0.0,0.0,0.0,0.0,0.0,0.0,0.1111111111111111,0.0,0.1111111111111111,0.1111111111111111,0.0,0.1111111111111111,0.0,0.1111111111111111,0.7590926132903006,-0.2666666666666667,939.0254,0.6157580872864944,0.6157580872864944
1685,neg_362,FLSLIPHAINAVSALAKHF,0,19,0.21052631578947367,0.0,0.0,0.0,0.10526315789473684,0.0,0.10526315789473684,0.10526315789473684,0.05263157894736842,0.15789473684210525,0.0,0.05263157894736842,0.05263157894736842,0.0,0.0,0.10526315789473684,0.0,0.05263157894736842,0.0,0.0,0.9334509896994757,1.0736842105263158,2049.4168,0.006177619182013127,0.006177619182013127
1686,neg_363,APVPGLSPFRVV,0,12,0.08333333333333333,0.0,0.0,0.0,0.08333333333333333,0.08333333333333333,0.0,0.0,0.0,0.08333333333333333,0.0,0.0,0.25,0.0,0.08333333333333333,0.08333333333333333,0.0,0.25,0.0,0.0,0.7958645879540859,0.875,1238.4775,0.3099302768161089,0.3099302768161089
1687,neg_364,QPWLPFR,0,7,0.0,0.0,0.0,0.0,0.14285714285714285,0.0,0.0,0.0,0.0,0.14285714285714285,0.0,0.0,0.2857142857142857,0.14285714285714285,0.14285714285714285,0.0,0.0,0.0,0.14285714285714285,0.0,0.7600916142893016,-0.7857142857142858,943.1019,0.629536724480445,0.629536724480445
1688,neg_365,SLNTKNDFMRF,0,11,0.0,0.0,0.09090909090909091,0.0,0.18181818181818182,0.0,0.0,0.0,0.09090909090909091,0.09090909090909091,0.09090909090909091,0.18181818181818182,0.0,0.0,0.09090909090909091,0.09090909090909091,0.09090909090909091,0.0,0.0,0.0,0.4602582192584419,-0.8272727272727274,1372.5483,0.04037896724764636,0.04037896724764636
1689,neg_366,RPPGFSPFRIAPASSL,0,16,0.125,0.0,0.0,0.0,0.125,0.0625,0.0,0.0625,0.0,0.0625,0.0,0.0,0.25,0.0,0.125,0.1875,0.0,0.0,0.0,0.0,1.7600816143893008,-0.04375000000000006,1699.9493,0.010521432415200338,0.010521432415200338
1690,neg_367,CYFRNCPIG,0,9,0.0,0.2222222222222222,0.0,0.0,0.1111111111111111,0.1111111111111111,0.0,0.1111111111111111,0.0,0.0,0.0,0.1111111111111111,0.1111111111111111,0.0,0.1111111111111111,0.0,0.0,0.0,0.0,0.1111111111111111,0.7392906330922808,0.11111111111111108,1072.2605,0.27231709026648465,0.27231709026648465
1691,neg_368,INWKAILGKIGKAAAAVI,0,18,0.2777777777777778,0.0,0.0,0.0,0.0,0.1111111111111111,0.0,0.2222222222222222,0.16666666666666666,0.05555555555555555,0.0,0.05555555555555555,0.0,0.0,0.0,0.0,0.0,0.05555555555555555,0.05555555555555555,0.0,2.7571046111923003,1.0055555555555555,1837.2558,0.013302518624329627,0.013302518624329627
1692,neg_369,MRLSANRQGNTCAGRSVNA,0,19,0.15789473684210525,0.05263157894736842,0.0,0.0,0.0,0.10526315789473684,0.0,0.0,0.0,0.05263157894736842,0.05263157894736842,0.15789473684210525,0.0,0.05263157894736842,0.15789473684210525,0.10526315789473684,0.05263157894736842,0.05263157894736842,0.0,0.0,2.4904236977423317,-0.6736842105263158,2006.2316999999998,0.005232828340468804,0.005232828340468804
1693,neg_370,EGANSNEAKGMWFGPRL,0,17,0.11764705882352941,0.0,0.0,0.11764705882352941,0.058823529411764705,0.17647058823529413,0.0,0.0,0.058823529411764705,0.058823529411764705,0.058823529411764705,0.11764705882352941,0.058823529411764705,0.0,0.058823529411764705,0.058823529411764705,0.0,0.0,0.058823529411764705,0.0,-0.16137092022779864,-0.8705882352941177,1864.0459999999998,0.01805930814250508,0.01805930814250508
1694,neg_371,KPRPHQFFGLM,0,11,0.0,0.0,0.0,0.0,0.18181818181818182,0.09090909090909091,0.09090909090909091,0.0,0.09090909090909091,0.09090909090909091,0.09090909090909091,0.0,0.18181818181818182,0.09090909090909091,0.09090909090909091,0.0,0.0,0.0,0.0,0.0,1.8462668015448882,-0.6727272727272728,1357.6246999999998,0.16692824231635864,0.16692824231635864
1695,neg_372,PAPDSSFIRDP,0,11,0.09090909090909091,0.0,0.18181818181818182,0.0,0.09090909090909091,0.0,0.0,0.09090909090909091,0.0,0.0,0.0,0.0,0.2727272727272727,0.0,0.09090909090909091,0.18181818181818182,0.0,0.0,0.0,0.0,-1.0392396104419568,-0.8,1201.2853,0.09558738695805677,0.09558738695805677
1696,neg_373,PFDRISNSAFSDF,0,13,0.07692307692307693,0.0,0.15384615384615385,0.0,0.23076923076923078,0.0,0.0,0.07692307692307693,0.0,0.0,0.0,0.07692307692307693,0.07692307692307693,0.0,0.07692307692307693,0.23076923076923078,0.0,0.0,0.0,0.0,-1.0392396104419568,-0.3307692307692308,1502.5824,0.009739209380534089,0.009739209380534089
1697,neg_374,NVRFDLSGATSSSYKTFIKN,0,20,0.05,0.0,0.05,0.0,0.1,0.05,0.0,0.05,0.1,0.05,0.0,0.1,0.0,0.0,0.05,0.2,0.1,0.05,0.0,0.05,1.7582153722321434,-0.4600000000000001,2235.4514,0.0010824286843823677,0.0010824286843823677
1698,neg_375,SRPYSFGL,0,8,0.0,0.0,0.0,0.0,0.125,0.125,0.0,0.0,0.0,0.125,0.0,0.0,0.125,0.0,0.125,0.25,0.0,0.0,0.0,0.125,0.459137458318597,-0.3500000000000001,926.0267000000001,0.4573057807228368,0.4573057807228368
1699,neg_376,IDWKKLLDAAKQIL,0,14,0.14285714285714285,0.0,0.14285714285714285,0.0,0.0,0.0,0.0,0.14285714285714285,0.21428571428571427,0.21428571428571427,0.0,0.0,0.0,0.07142857142857142,0.0,0.0,0.0,0.0,0.07142857142857142,0.0,0.7593461330719893,0.06428571428571427,1654.9898999999998,0.028224530324425862,0.028224530324425862
1700,neg_377,MLRNRARRLDYKIMR,0,15,0.06666666666666667,0.0,0.06666666666666667,0.0,0.0,0.0,0.0,0.06666666666666667,0.06666666666666667,0.13333333333333333,0.13333333333333333,0.06666666666666667,0.0,0.0,0.3333333333333333,0.0,0.0,0.0,0.0,0.06666666666666667,4.499427446983182,-1.1333333333333333,1992.422,0.003983063273517538,0.003983063273517538
1701,neg_378,GCCSDPRCKHQC,0,12,0.0,0.3333333333333333,0.08333333333333333,0.0,0.0,0.08333333333333333,0.08333333333333333,0.0,0.08333333333333333,0.0,0.0,0.0,0.08333333333333333,0.08333333333333333,0.08333333333333333,0.08333333333333333,0.0,0.0,0.0,0.0,0.8077836020886933,-0.9500000000000001,1336.5446,0.08468141601219341,0.08468141601219341
1702,neg_379,FLPLLLAGLPKLLCLFFKKC,0,20,0.05,0.1,0.0,0.0,0.15,0.05,0.0,0.0,0.15,0.4,0.0,0.0,0.1,0.0,0.0,0.0,0.0,0.0,0.0,0.0,2.7373026309942805,1.515,2277.9598,0.0006910445270625913,0.0006910445270625913
1703,neg_381,KNEFIRF,0,7,0.0,0.0,0.0,0.14285714285714285,0.2857142857142857,0.0,0.0,0.14285714285714285,0.14285714285714285,0.0,0.0,0.14285714285714285,0.0,0.0,0.14285714285714285,0.0,0.0,0.0,0.0,0.0,0.7619030752635112,-0.7571428571428572,953.0950999999999,0.3709729714426811,0.3709729714426811
1704,neg_382,YKSDSFYGLM,0,10,0.0,0.0,0.1,0.0,0.1,0.1,0.0,0.0,0.1,0.1,0.1,0.0,0.0,0.0,0.0,0.2,0.0,0.0,0.0,0.2,-0.24177462786785542,-0.35000000000000003,1210.3547,0.23530094973867774,0.23530094973867774
1705,neg_383,DGGEPAAPLWFGPRV,0,15,0.13333333333333333,0.0,0.06666666666666667,0.06666666666666667,0.06666666666666667,0.2,0.0,0.0,0.0,0.06666666666666667,0.0,0.0,0.2,0.0,0.06666666666666667,0.0,0.0,0.06666666666666667,0.06666666666666667,0.0,-1.2359771627976435,-0.26666666666666666,1568.73,0.08602321911200891,0.08602321911200891
1706,neg_384,DEPDGVPTTQKQ,0,12,0.0,0.0,0.16666666666666666,0.08333333333333333,0.0,0.08333333333333333,0.0,0.0,0.08333333333333333,0.0,0.0,0.0,0.16666666666666666,0.16666666666666666,0.0,0.0,0.16666666666666666,0.08333333333333333,0.0,0.0,-2.235845402956799,-1.8499999999999999,1314.3553,0.48303039573728485,0.48303039573728485
1707,neg_385,DLLGTLGNLPLPFI,0,14,0.0,0.0,0.07142857142857142,0.0,0.07142857142857142,0.14285714285714285,0.0,0.07142857142857142,0.0,0.35714285714285715,0.0,0.07142857142857142,0.14285714285714285,0.0,0.0,0.0,0.07142857142857142,0.0,0.0,0.0,-1.2387776248708526,1.0428571428571427,1482.7615999999998,0.07752430036705586,0.07752430036705586
1708,neg_386,VDKPDYRPRPWPRPN,0,15,0.0,0.0,0.13333333333333333,0.0,0.0,0.0,0.0,0.0,0.06666666666666667,0.0,0.0,0.06666666666666667,0.3333333333333333,0.0,0.2,0.0,0.0,0.06666666666666667,0.06666666666666667,0.06666666666666667,1.7342019101368367,-2.26,1893.1122,0.019406275098762762,0.019406275098762762
1709,neg_387,MADAEDIQPLVCDNGTG,0,17,0.11764705882352941,0.058823529411764705,0.17647058823529413,0.058823529411764705,0.0,0.11764705882352941,0.0,0.058823529411764705,0.0,0.058823529411764705,0.058823529411764705,0.058823529411764705,0.058823529411764705,0.058823529411764705,0.0,0.0,0.058823529411764705,0.058823529411764705,0.0,0.0,-4.503373557764921,-0.21176470588235294,1748.8859,0.040125560658846315,0.040125560658846315
1710,neg_388,QLGPPPRPQIPP,0,12,0.0,0.0,0.0,0.0,0.0,0.08333333333333333,0.0,0.08333333333333333,0.0,0.08333333333333333,0.0,0.0,0.5,0.16666666666666666,0.08333333333333333,0.0,0.0,0.0,0.0,0.0,0.7600916142893016,-1.1,1296.5170999999998,0.421128872634789,0.421128872634789
1711,neg_390,LLGMIPLAISAISALSKL,0,18,0.16666666666666666,0.0,0.0,0.0,0.0,0.05555555555555555,0.0,0.16666666666666666,0.05555555555555555,0.2777777777777778,0.05555555555555555,0.0,0.05555555555555555,0.0,0.0,0.16666666666666666,0.0,0.0,0.0,0.0,0.7591026131903019,1.75,1811.2765,0.009563528028645872,0.009563528028645872
1712,neg_391,AAGLFQFPRV,0,10,0.2,0.0,0.0,0.0,0.2,0.1,0.0,0.0,0.0,0.1,0.0,0.0,0.1,0.1,0.1,0.0,0.0,0.1,0.0,0.0,0.7958645879540859,0.72,1105.2887,0.3149872996036112,0.3149872996036112
1713,neg_392,QESGEVIIEIPR,0,12,0.0,0.0,0.0,0.25,0.0,0.08333333333333333,0.0,0.25,0.0,0.0,0.0,0.0,0.08333333333333333,0.08333333333333333,0.08333333333333333,0.08333333333333333,0.0,0.08333333333333333,0.0,0.0,-2.2314769997910675,-0.3,1369.5198,0.4145216705428101,0.4145216705428101
1714,neg_393,VAGKSFVPIAAGRQ,0,14,0.21428571428571427,0.0,0.0,0.0,0.07142857142857142,0.14285714285714285,0.0,0.07142857142857142,0.07142857142857142,0.0,0.0,0.0,0.07142857142857142,0.07142857142857142,0.07142857142857142,0.07142857142857142,0.0,0.14285714285714285,0.0,0.0,1.7329793890561507,0.42857142857142855,1400.6246999999998,0.12298592291463213,0.12298592291463213
1715,neg_394,GYFLFRPRN,0,9,0.0,0.0,0.0,0.0,0.2222222222222222,0.1111111111111111,0.0,0.0,0.0,0.1111111111111111,0.0,0.1111111111111111,0.1111111111111111,0.0,0.2222222222222222,0.0,0.0,0.0,0.0,0.1111111111111111,1.7590826133902997,-0.7111111111111111,1169.3342,0.2336048883989939,0.2336048883989939
1716,neg_395,SESILIVHQQQSRSSGS,0,17,0.0,0.0,0.0,0.058823529411764705,0.0,0.058823529411764705,0.058823529411764705,0.11764705882352941,0.0,0.058823529411764705,0.0,0.0,0.0,0.17647058823529413,0.058823529411764705,0.35294117647058826,0.0,0.058823529411764705,0.0,0.0,-0.44987889045460494,-0.5823529411764706,1842.9607999999998,0.022436937685804893,0.022436937685804893
1717,neg_396,APLSGFYGVR,0,10,0.1,0.0,0.0,0.0,0.1,0.2,0.0,0.0,0.0,0.1,0.0,0.0,0.1,0.0,0.1,0.1,0.0,0.1,0.0,0.1,0.7948655869550849,0.36,1066.2096,0.4552386156876764,0.4552386156876764
1718,neg_397,DQGFNSWG,0,8,0.0,0.0,0.125,0.0,0.125,0.25,0.0,0.0,0.0,0.0,0.0,0.125,0.0,0.125,0.0,0.125,0.0,0.0,0.125,0.0,-1.2387776248708526,-1.2750000000000001,909.8981000000001,0.45164034855698115,0.45164034855698115
1719,neg_398,FLPILGKILGGLL,0,13,0.0,0.0,0.0,0.0,0.07692307692307693,0.23076923076923078,0.0,0.15384615384615385,0.07692307692307693,0.38461538461538464,0.0,0.0,0.07692307692307693,0.0,0.0,0.0,0.0,0.0,0.0,0.0,0.7591026131903019,1.8538461538461537,1353.7337,0.10499079530872493,0.10499079530872493
1720,neg_399,MIGINVAIFTNVQRRTVS,0,18,0.05555555555555555,0.0,0.0,0.0,0.05555555555555555,0.05555555555555555,0.0,0.16666666666666666,0.0,0.0,0.05555555555555555,0.1111111111111111,0.0,0.05555555555555555,0.1111111111111111,0.05555555555555555,0.1111111111111111,0.16666666666666666,0.0,0.0,1.500334687741343,0.5833333333333334,2019.371,0.00698480450794328,0.00698480450794328
1721,neg_400,EKGKEILGKI,0,10,0.0,0.0,0.0,0.2,0.0,0.2,0.0,0.2,0.3,0.1,0.0,0.0,0.0,0.0,0.0,0.0,0.0,0.0,0.0,0.0,0.836641077674201,-0.67,1114.3356,0.5400534375918895,0.5400534375918895
1722,neg_401,RIISSVAVAVAGTA,0,14,0.2857142857142857,0.0,0.0,0.0,0.0,0.07142857142857142,0.0,0.14285714285714285,0.0,0.0,0.0,0.0,0.0,0.0,0.07142857142857142,0.14285714285714285,0.07142857142857142,0.21428571428571427,0.0,0.0,0.7600916142893016,1.542857142857143,1314.5305999999998,0.17456748171957193,0.17456748171957193
1723,neg_403,MERQVFIRLRHRLEADP,0,17,0.058823529411764705,0.0,0.058823529411764705,0.11764705882352941,0.058823529411764705,0.0,0.058823529411764705,0.058823529411764705,0.0,0.11764705882352941,0.058823529411764705,0.0,0.058823529411764705,0.058823529411764705,0.23529411764705882,0.0,0.0,0.058823529411764705,0.0,0.0,0.5942305610821932,-0.8235294117647058,2166.5087,0.006031136572627249,0.006031136572627249
1724,neg_404,KGFMTPERAAEFNFR,0,15,0.13333333333333333,0.0,0.0,0.13333333333333333,0.2,0.06666666666666667,0.0,0.0,0.06666666666666667,0.0,0.06666666666666667,0.06666666666666667,0.06666666666666667,0.0,0.13333333333333333,0.0,0.06666666666666667,0.0,0.0,0.0,0.7647035373367204,-0.8133333333333334,1801.0331999999999,0.014047619596924505,0.014047619596924505
1725,neg_405,PAPESNFVRDP,0,11,0.09090909090909091,0.0,0.09090909090909091,0.09090909090909091,0.09090909090909091,0.0,0.0,0.0,0.0,0.0,0.0,0.09090909090909091,0.2727272727272727,0.0,0.09090909090909091,0.09090909090909091,0.0,0.09090909090909091,0.0,0.0,-1.037549909408591,-1.0727272727272728,1228.3106,0.28571688988516725,0.28571688988516725
1726,neg_406,GFFFP,0,5,0.0,0.0,0.0,0.0,0.6,0.2,0.0,0.0,0.0,0.0,0.0,0.0,0.2,0.0,0.0,0.0,0.0,0.0,0.0,0.0,-0.23989838581069733,1.2799999999999998,613.7032,0.3767257078650353,0.3767257078650353
1727,neg_407,EPNSIWS,0,7,0.0,0.0,0.0,0.14285714285714285,0.0,0.0,0.0,0.14285714285714285,0.0,0.0,0.0,0.14285714285714285,0.14285714285714285,0.0,0.0,0.2857142857142857,0.0,0.0,0.14285714285714285,0.0,-1.1631723813020067,-0.942857142857143,831.8692,0.6997695469159718,0.6997695469159718
1728,neg_408,GYLDYDEVDDNRAKLPLDAR,0,20,0.1,0.0,0.25,0.05,0.0,0.05,0.0,0.0,0.05,0.15,0.0,0.05,0.05,0.0,0.1,0.0,0.0,0.05,0.0,0.1,-3.2345011219352697,-1.1400000000000001,2338.4851,0.002656914183782749,0.002656914183782749
1729,neg_409,NSTMDSLLQLGR,0,12,0.0,0.0,0.08333333333333333,0.0,0.0,0.08333333333333333,0.0,0.0,0.0,0.25,0.08333333333333333,0.08333333333333333,0.0,0.08333333333333333,0.08333333333333333,0.16666666666666666,0.08333333333333333,0.0,0.0,0.0,-0.2387876247708538,-0.3666666666666667,1334.4987999999998,0.11421671305178913,0.11421671305178913
1730,neg_411,VSAKPARTPT,0,10,0.2,0.0,0.0,0.0,0.0,0.0,0.0,0.0,0.1,0.0,0.0,0.0,0.2,0.0,0.1,0.1,0.2,0.1,0.0,0.0,1.7329793890561507,-0.6,1027.1756,0.5164908297734356,0.5164908297734356
1731,neg_412,AGQDNFMRF,0,9,0.1111111111111111,0.0,0.1111111111111111,0.0,0.2222222222222222,0.1111111111111111,0.0,0.0,0.0,0.0,0.1111111111111111,0.1111111111111111,0.0,0.1111111111111111,0.1111111111111111,0.0,0.0,0.0,0.0,0.0,-0.20301465110606953,-0.6777777777777778,1085.193,0.18973364880888138,0.18973364880888138
1732,neg_414,GLLDVVGNLLGGLGL,0,15,0.0,0.0,0.06666666666666667,0.0,0.0,0.3333333333333333,0.0,0.0,0.0,0.4,0.0,0.06666666666666667,0.0,0.0,0.0,0.0,0.0,0.13333333333333333,0.0,0.0,-1.2387776248708526,1.48,1409.6693999999998,0.1870869251761659,0.1870869251761659
1733,neg_415,KPWERL,0,6,0.0,0.0,0.0,0.16666666666666666,0.0,0.0,0.0,0.0,0.16666666666666666,0.16666666666666666,0.0,0.0,0.16666666666666666,0.0,0.16666666666666666,0.0,0.0,0.0,0.16666666666666666,0.0,0.7619030752635112,-1.7666666666666666,827.97,0.8689463270403707,0.8689463270403707
1734,neg_416,IDPKLLESLA,0,10,0.1,0.0,0.1,0.1,0.0,0.0,0.0,0.1,0.1,0.3,0.0,0.0,0.1,0.0,0.0,0.1,0.0,0.0,0.0,0.0,-1.2369661638966432,0.43999999999999995,1098.2898,0.38614912048793293,0.38614912048793293
1735,neg_417,MANIKSAIKRAKTSEK,0,16,0.1875,0.0,0.0,0.0625,0.0,0.0,0.0,0.125,0.25,0.0,0.0625,0.0625,0.0,0.0,0.0625,0.125,0.0625,0.0,0.0,0.0,3.4991591456185502,-0.81875,1776.1102,0.01300743349757754,0.01300743349757754
1736,neg_418,AKKTILDLKD,0,10,0.1,0.0,0.2,0.0,0.0,0.0,0.0,0.1,0.3,0.2,0.0,0.0,0.0,0.0,0.0,0.0,0.1,0.0,0.0,0.0,0.7983000083440772,-0.55,1144.3616,0.2117559028643311,0.2117559028643311
1737,neg_419,GRADNFLRL,0,9,0.1111111111111111,0.0,0.1111111111111111,0.0,0.1111111111111111,0.1111111111111111,0.0,0.0,0.0,0.2222222222222222,0.0,0.1111111111111111,0.0,0.0,0.2222222222222222,0.0,0.0,0.0,0.0,0.0,0.7612023753291453,-0.4666666666666667,1061.1949,0.21390317427015978,0.21390317427015978
1738,neg_421,NPVVRITNGAIRGQN,0,15,0.06666666666666667,0.0,0.0,0.0,0.0,0.13333333333333333,0.0,0.13333333333333333,0.0,0.0,0.0,0.2,0.06666666666666667,0.06666666666666667,0.13333333333333333,0.0,0.06666666666666667,0.13333333333333333,0.0,0.0,1.7600816143893008,-0.45999999999999996,1608.8004999999998,0.08271076546507526,0.08271076546507526
1739,neg_422,AKFDKFYGLM,0,10,0.1,0.0,0.1,0.0,0.2,0.1,0.0,0.0,0.2,0.1,0.1,0.0,0.0,0.0,0.0,0.0,0.0,0.0,0.0,0.1,0.7939983457969289,0.009999999999999953,1219.4509,0.14605187443141712,0.14605187443141712
1740,neg_423,SYSMEHFRWGKPV,0,13,0.0,0.0,0.0,0.07692307692307693,0.07692307692307693,0.07692307692307693,0.07692307692307693,0.0,0.07692307692307693,0.0,0.07692307692307693,0.0,0.07692307692307693,0.0,0.07692307692307693,0.15384615384615385,0.0,0.07692307692307693,0.07692307692307693,0.07692307692307693,0.5481231075473936,-0.9230769230769231,1623.8316,0.09138856816427808,0.09138856816427808
1741,neg_424,TATTRRRGRPPGFSPFR,0,17,0.058823529411764705,0.0,0.0,0.0,0.11764705882352941,0.11764705882352941,0.0,0.0,0.0,0.0,0.0,0.0,0.17647058823529413,0.0,0.29411764705882354,0.058823529411764705,0.17647058823529413,0.0,0.0,0.0,4.398146594866622,-1.3882352941176472,1960.2065000000002,0.003637125937320278,0.003637125937320278
1742,neg_425,SVFAFENEQSSTIAPARLYK,0,20,0.15,0.0,0.0,0.1,0.1,0.0,0.0,0.05,0.05,0.05,0.0,0.05,0.05,0.05,0.05,0.15,0.05,0.05,0.0,0.05,-0.5362406187339834,-0.24500000000000002,2258.4848,0.002943235452381816,0.002943235452381816
1743,neg_426,QGGLPRPGPEIPP,0,13,0.0,0.0,0.0,0.07692307692307693,0.0,0.23076923076923078,0.0,0.07692307692307693,0.0,0.07692307692307693,0.0,0.0,0.38461538461538464,0.07692307692307693,0.07692307692307693,0.0,0.0,0.0,0.0,0.0,-0.23709792373748817,-0.9538461538461539,1314.4893,0.39708883702249353,0.39708883702249353
1744,neg_427,QGRPLGPPIPP,0,11,0.0,0.0,0.0,0.0,0.0,0.18181818181818182,0.0,0.09090909090909091,0.0,0.09090909090909091,0.0,0.0,0.45454545454545453,0.09090909090909091,0.09090909090909091,0.0,0.0,0.0,0.0,0.0,0.7600916142893016,-0.7727272727272727,1128.3239999999998,0.5299260416405726,0.5299260416405726
1745,neg_428,AIFILAS,0,7,0.2857142857142857,0.0,0.0,0.0,0.14285714285714285,0.0,0.0,0.2857142857142857,0.0,0.14285714285714285,0.0,0.0,0.0,0.0,0.0,0.14285714285714285,0.0,0.0,0.0,0.0,-0.20412541214591307,2.6285714285714286,733.895,0.4291668986071153,0.4291668986071153
1746,neg_429,MLMTICNRYTF,0,11,0.0,0.09090909090909091,0.0,0.0,0.09090909090909091,0.0,0.0,0.09090909090909091,0.0,0.09090909090909091,0.18181818181818182,0.09090909090909091,0.0,0.0,0.09090909090909091,0.0,0.18181818181818182,0.0,0.0,0.09090909090909091,0.489444696543333,0.609090909090909,1392.7085,0.09627920252810683,0.09627920252810683
1747,neg_430,CCSALCSRYHCLPCC,0,15,0.06666666666666667,0.4,0.0,0.0,0.0,0.0,0.06666666666666667,0.0,0.0,0.13333333333333333,0.0,0.0,0.06666666666666667,0.0,0.06666666666666667,0.13333333333333333,0.0,0.0,0.0,0.06666666666666667,0.7868608609508281,0.8133333333333332,1662.0338000000002,0.015449756880290398,0.015449756880290398
1748,neg_431,GCCSPWNCIQLRACPCCPN,0,19,0.05263157894736842,0.3157894736842105,0.0,0.0,0.0,0.05263157894736842,0.0,0.05263157894736842,0.0,0.05263157894736842,0.0,0.10526315789473684,0.15789473684210525,0.05263157894736842,0.05263157894736842,0.05263157894736842,0.0,0.0,0.05263157894736842,0.0,0.7006856736952423,0.16842105263157892,2068.47,0.0022542903419586102,0.0022542903419586102
1749,neg_433,YQTSSPGSNITIGPL,0,15,0.0,0.0,0.0,0.0,0.0,0.13333333333333333,0.0,0.13333333333333333,0.0,0.06666666666666667,0.0,0.06666666666666667,0.13333333333333333,0.06666666666666667,0.0,0.2,0.13333333333333333,0.0,0.0,0.06666666666666667,-0.2408973868096983,-0.22000000000000006,1534.6658000000002,0.09260835418139629,0.09260835418139629
1750,neg_434,AQPPQADFL,0,9,0.2222222222222222,0.0,0.1111111111111111,0.0,0.1111111111111111,0.0,0.0,0.0,0.0,0.1111111111111111,0.0,0.0,0.2222222222222222,0.2222222222222222,0.0,0.0,0.0,0.0,0.0,0.0,-1.2030046512060686,-0.38888888888888895,986.0787,0.6131802431647702,0.6131802431647702
1751,neg_435,NAKPPA,0,6,0.3333333333333333,0.0,0.0,0.0,0.0,0.0,0.0,0.0,0.16666666666666666,0.0,0.0,0.16666666666666666,0.3333333333333333,0.0,0.0,0.0,0.0,0.0,0.0,0.0,0.7591026131903019,-1.1666666666666667,596.6764,0.9102278303617631,0.9102278303617631
1752,neg_436,VELQNRLSDESQ,0,12,0.0,0.0,0.08333333333333333,0.16666666666666666,0.0,0.0,0.0,0.0,0.0,0.16666666666666666,0.0,0.08333333333333333,0.0,0.16666666666666666,0.08333333333333333,0.16666666666666666,0.0,0.08333333333333333,0.0,0.0,-2.2592799250585838,-1.2750000000000001,1417.4782,0.290703648157847,0.290703648157847
1753,neg_437,VVGGDECNINEHRSLALMYA,0,20,0.1,0.05,0.05,0.1,0.0,0.1,0.05,0.05,0.0,0.1,0.05,0.1,0.0,0.0,0.05,0.05,0.0,0.1,0.0,0.05,-2.1830057279020076,0.019999999999999983,2191.4435,0.009261885038170907,0.009261885038170907
1754,neg_438,HKINSFVGLM,0,10,0.0,0.0,0.0,0.0,0.1,0.1,0.1,0.1,0.1,0.1,0.1,0.1,0.0,0.0,0.0,0.1,0.0,0.1,0.0,0.0,0.8462768014448888,0.5399999999999999,1145.3741,0.3405676684582459,0.3405676684582459
1755,neg_439,GLADFLNKAVGKVVDFVKS,0,19,0.10526315789473684,0.0,0.10526315789473684,0.0,0.10526315789473684,0.10526315789473684,0.0,0.0,0.15789473684210525,0.10526315789473684,0.0,0.05263157894736842,0.0,0.0,0.0,0.05263157894736842,0.0,0.21052631578947367,0.0,0.0,0.7593461330719893,0.5157894736842106,2007.3321,0.005966017319916396,0.005966017319916396
1756,neg_440,WREMSVW,0,7,0.0,0.0,0.0,0.14285714285714285,0.0,0.0,0.0,0.0,0.0,0.0,0.14285714285714285,0.0,0.0,0.0,0.14285714285714285,0.14285714285714285,0.0,0.14285714285714285,0.2857142857142857,0.0,-0.23709792373748817,-0.6428571428571429,993.1391,0.6570872515848135,0.6570872515848135
1757,neg_441,CFVRNCPTG,0,9,0.0,0.2222222222222222,0.0,0.0,0.1111111111111111,0.1111111111111111,0.0,0.0,0.0,0.0,0.0,0.1111111111111111,0.1111111111111111,0.0,0.1111111111111111,0.0,0.1111111111111111,0.1111111111111111,0.0,0.0,0.7402896340912819,0.14444444444444443,996.1646000000001,0.3248479845506491,0.3248479845506491
1758,neg_442,NRQPSKYGLEETI,0,13,0.0,0.0,0.0,0.15384615384615385,0.0,0.07692307692307693,0.0,0.07692307692307693,0.07692307692307693,0.07692307692307693,0.0,0.07692307692307693,0.07692307692307693,0.07692307692307693,0.07692307692307693,0.07692307692307693,0.07692307692307693,0.0,0.0,0.07692307692307693,-0.23628546376227977,-1.4538461538461538,1534.6691999999998,0.23140712107887504,0.23140712107887504
1759,neg_443,AGPRFIRF,0,8,0.125,0.0,0.0,0.0,0.25,0.125,0.0,0.125,0.0,0.0,0.0,0.0,0.125,0.0,0.25,0.0,0.0,0.0,0.0,0.0,1.7958545880540848,0.11249999999999995,963.1363000000001,0.20968803147133017,0.20968803147133017
1760,neg_444,NVTELIGNTPLVELI,0,15,0.0,0.0,0.0,0.13333333333333333,0.0,0.06666666666666667,0.0,0.13333333333333333,0.0,0.2,0.0,0.13333333333333333,0.06666666666666667,0.0,0.0,0.0,0.13333333333333333,0.13333333333333333,0.0,0.0,-2.234277461864277,0.76,1624.8728,0.17019943102590088,0.17019943102590088
1761,neg_445,SIGFDGLNDPDIVAR,0,15,0.06666666666666667,0.0,0.2,0.0,0.06666666666666667,0.13333333333333333,0.0,0.13333333333333333,0.0,0.06666666666666667,0.0,0.06666666666666667,0.06666666666666667,0.0,0.06666666666666667,0.06666666666666667,0.0,0.06666666666666667,0.0,0.0,-2.5365012578628683,-0.006666666666666687,1588.7163999999998,0.026816690805082952,0.026816690805082952
1762,neg_446,VKMELDGGVASNSR,0,14,0.07142857142857142,0.0,0.07142857142857142,0.07142857142857142,0.0,0.14285714285714285,0.0,0.0,0.07142857142857142,0.07142857142857142,0.07142857142857142,0.07142857142857142,0.0,0.0,0.07142857142857142,0.14285714285714285,0.0,0.14285714285714285,0.0,0.0,-0.2630893880307945,-0.38571428571428573,1462.628,0.10507144413249217,0.10507144413249217
1763,neg_447,RPRPQQFFGLM,0,11,0.0,0.0,0.0,0.0,0.18181818181818182,0.09090909090909091,0.0,0.0,0.0,0.09090909090909091,0.09090909090909091,0.0,0.18181818181818182,0.18181818181818182,0.18181818181818182,0.0,0.0,0.0,0.0,0.0,1.7600816143893008,-0.7545454545454546,1376.628,0.11021110221594566,0.11021110221594566
1764,neg_448,QARPRPGPKIPP,0,12,0.08333333333333333,0.0,0.0,0.0,0.0,0.08333333333333333,0.0,0.08333333333333333,0.08333333333333333,0.0,0.0,0.0,0.4166666666666667,0.08333333333333333,0.16666666666666666,0.0,0.0,0.0,0.0,0.0,2.7590826133903,-1.5416666666666667,1313.551,0.24998283538745442,0.24998283538745442
1765,neg_449,TEFATNDGGQR,0,11,0.09090909090909091,0.0,0.09090909090909091,0.09090909090909091,0.09090909090909091,0.18181818181818182,0.0,0.0,0.0,0.0,0.0,0.09090909090909091,0.0,0.09090909090909091,0.09090909090909091,0.0,0.18181818181818182,0.0,0.0,0.0,-1.597882182620318,-1.4636363636363638,1195.1962999999998,0.36666180996770065,0.36666180996770065
1766,neg_450,GMYTHEGSDP,0,10,0.0,0.0,0.1,0.1,0.0,0.2,0.1,0.0,0.0,0.0,0.1,0.0,0.1,0.0,0.0,0.1,0.1,0.0,0.0,0.1,-2.1497919756420565,-1.35,1093.1242,0.7499427225175982,0.7499427225175982
1767,neg_451,FLPFLAKILTGVL,0,13,0.07692307692307693,0.0,0.0,0.0,0.15384615384615385,0.07692307692307693,0.0,0.07692307692307693,0.07692307692307693,0.3076923076923077,0.0,0.0,0.07692307692307693,0.0,0.0,0.0,0.07692307692307693,0.07692307692307693,0.0,0.0,0.7591026131903019,1.9,1431.8025,0.07614073502170053,0.07614073502170053
1768,neg_452,MIVKRDKSIVICGSYE,0,16,0.0,0.0625,0.0625,0.0625,0.0,0.0625,0.0,0.1875,0.125,0.0,0.0625,0.0,0.0,0.0,0.0625,0.125,0.0,0.125,0.0,0.0625,0.4966151972258759,0.23125,1841.1997999999999,0.015144673197427657,0.015144673197427657
1769,neg_453,SVQDNFIRF,0,9,0.0,0.0,0.1111111111111111,0.0,0.2222222222222222,0.0,0.0,0.1111111111111111,0.0,0.0,0.0,0.1111111111111111,0.0,0.1111111111111111,0.1111111111111111,0.1111111111111111,0.0,0.1111111111111111,0.0,0.0,-0.5387427797425575,-0.16666666666666669,1125.2337,0.16674304556921105,0.16674304556921105
1770,neg_454,MDFIIDIIKKIVGLFTGK,0,18,0.0,0.0,0.1111111111111111,0.0,0.1111111111111111,0.1111111111111111,0.0,0.2777777777777778,0.16666666666666666,0.05555555555555555,0.05555555555555555,0.0,0.0,0.0,0.0,0.0,0.05555555555555555,0.05555555555555555,0.0,0.0,0.49959920642403155,0.9888888888888889,2051.5337,0.0021797688368959487,0.0021797688368959487
1771,neg_455,LKLLGIVKKVLGAI,0,14,0.07142857142857142,0.0,0.0,0.0,0.0,0.14285714285714285,0.0,0.14285714285714285,0.21428571428571427,0.2857142857142857,0.0,0.0,0.0,0.0,0.0,0.0,0.0,0.14285714285714285,0.0,0.0,2.7571046111923003,1.5642857142857143,1464.9203,0.10571679457356764,0.10571679457356764
1772,neg_456,NQEGLFHGR,0,9,0.0,0.0,0.0,0.1111111111111111,0.1111111111111111,0.2222222222222222,0.1111111111111111,0.0,0.0,0.1111111111111111,0.0,0.1111111111111111,0.0,0.1111111111111111,0.1111111111111111,0.0,0.0,0.0,0.0,0.0,-0.14992373548290128,-1.3777777777777778,1057.1200999999999,0.7310964859879936,0.7310964859879936
1773,neg_457,GCCSHPACNVNNPHICG,0,17,0.058823529411764705,0.23529411764705882,0.0,0.0,0.0,0.11764705882352941,0.11764705882352941,0.058823529411764705,0.0,0.0,0.0,0.17647058823529413,0.11764705882352941,0.0,0.0,0.058823529411764705,0.0,0.058823529411764705,0.0,0.0,-0.10515396969756297,-0.07058823529411767,1725.9501,0.03839981894541437,0.03839981894541437
1774,neg_458,APASGFFGMR,0,10,0.2,0.0,0.0,0.0,0.2,0.2,0.0,0.0,0.0,0.0,0.1,0.0,0.1,0.0,0.1,0.1,0.0,0.0,0.0,0.0,0.7958645879540859,0.33999999999999997,1040.1955,0.16608852918313868,0.16608852918313868
1775,neg_459,FQYDSQYDGF,0,10,0.0,0.0,0.2,0.0,0.2,0.1,0.0,0.0,0.0,0.0,0.0,0.0,0.0,0.2,0.0,0.1,0.0,0.0,0.0,0.2,-2.2396548659290105,-1.2200000000000002,1269.2711,0.298898946570228,0.298898946570228
1776,neg_460,QSDDYGHMRF,0,10,0.0,0.0,0.2,0.0,0.1,0.1,0.1,0.0,0.0,0.0,0.1,0.0,0.0,0.1,0.1,0.1,0.0,0.0,0.0,0.1,-1.1514916765754235,-1.6,1255.3159,0.2838521205138585,0.2838521205138585
1777,neg_461,TIEEVLNLPPYVVAA,0,15,0.13333333333333333,0.0,0.0,0.13333333333333333,0.0,0.0,0.0,0.06666666666666667,0.0,0.13333333333333333,0.0,0.06666666666666667,0.13333333333333333,0.0,0.0,0.0,0.06666666666666667,0.2,0.0,0.06666666666666667,-2.5971814826859525,0.84,1627.875,0.28736414720796927,0.28736414720796927
1778,neg_463,RPPGFTPFRKA,0,11,0.09090909090909091,0.0,0.0,0.0,0.18181818181818182,0.09090909090909091,0.0,0.0,0.09090909090909091,0.0,0.0,0.0,0.2727272727272727,0.0,0.18181818181818182,0.0,0.09090909090909091,0.0,0.0,0.0,2.7590826133903,-1.0363636363636364,1273.4853,0.11141734049823436,0.11141734049823436
1779,neg_464,GSNTECFWKYCV,0,12,0.0,0.16666666666666666,0.0,0.08333333333333333,0.08333333333333333,0.08333333333333333,0.0,0.0,0.08333333333333333,0.0,0.0,0.08333333333333333,0.0,0.0,0.0,0.08333333333333333,0.08333333333333333,0.08333333333333333,0.08333333333333333,0.08333333333333333,-0.25888790603350875,-0.25,1436.6104,0.12369337291716791,0.12369337291716791
1780,neg_465,SMIGGVMSKG,0,10,0.0,0.0,0.0,0.0,0.0,0.3,0.0,0.1,0.1,0.0,0.2,0.0,0.0,0.0,0.0,0.2,0.0,0.1,0.0,0.0,0.45914745821859826,0.58,966.1767,0.3672587744032238,0.3672587744032238
1781,neg_466,DTLKSEKNADFKDLY,0,15,0.06666666666666667,0.0,0.2,0.06666666666666667,0.06666666666666667,0.0,0.0,0.0,0.2,0.13333333333333333,0.0,0.06666666666666667,0.0,0.0,0.0,0.06666666666666667,0.06666666666666667,0.0,0.0,0.06666666666666667,-1.237721645013957,-1.32,1786.9323,0.019127649330342437,0.019127649330342437
1782,neg_467,LGYLGTCPTNIGTGLR,0,16,0.0,0.0625,0.0,0.0,0.0,0.25,0.0,0.0625,0.0,0.1875,0.0,0.0625,0.0625,0.0,0.0625,0.0,0.1875,0.0,0.0,0.0625,0.7491916231912907,0.23749999999999996,1635.8822,0.06320736258207858,0.06320736258207858
1783,neg_468,VLDELTADR,0,9,0.1111111111111111,0.0,0.2222222222222222,0.1111111111111111,0.0,0.0,0.0,0.0,0.0,0.2222222222222222,0.0,0.0,0.0,0.0,0.1111111111111111,0.0,0.1111111111111111,0.1111111111111111,0.0,0.0,-2.2609696260919496,-0.23333333333333334,1031.1178,0.5775441712506597,0.5775441712506597
1784,neg_469,RDCGKMCEEETWKG,0,14,0.0,0.14285714285714285,0.07142857142857142,0.21428571428571427,0.0,0.14285714285714285,0.0,0.0,0.14285714285714285,0.0,0.07142857142857142,0.0,0.0,0.0,0.07142857142857142,0.0,0.07142857142857142,0.0,0.07142857142857142,0.0,-1.2521562210472443,-1.5571428571428572,1671.8731999999998,0.05443249470664236,0.05443249470664236
1785,neg_470,SVAALAAQGLLYNAPK,0,16,0.3125,0.0,0.0,0.0,0.0,0.0625,0.0,0.0,0.0625,0.1875,0.0,0.0625,0.0625,0.0625,0.0,0.0625,0.0,0.0625,0.0,0.0625,0.4581484572195973,0.6,1586.8297,0.1099701458265985,0.1099701458265985
1786,neg_471,NGERAPGSKKAPSGFLGTR,0,19,0.10526315789473684,0.0,0.0,0.05263157894736842,0.05263157894736842,0.21052631578947367,0.0,0.0,0.10526315789473684,0.05263157894736842,0.0,0.05263157894736842,0.10526315789473684,0.0,0.10526315789473684,0.10526315789473684,0.05263157894736842,0.0,0.0,0.0,2.760894074364509,-1.0894736842105264,1930.1291999999999,0.008046542644537476,0.008046542644537476
1787,neg_473,SCKRECSGSKRQK,0,13,0.0,0.15384615384615385,0.0,0.07692307692307693,0.0,0.07692307692307693,0.0,0.0,0.23076923076923078,0.0,0.0,0.0,0.0,0.07692307692307693,0.15384615384615385,0.23076923076923078,0.0,0.0,0.0,0.0,3.4401379381957846,-1.9615384615384615,1496.7158,0.03241803015904348,0.03241803015904348
1788,neg_474,RAGLKFPVGRVHRLLR,0,16,0.0625,0.0,0.0,0.0,0.0625,0.125,0.0625,0.0,0.0625,0.1875,0.0,0.0,0.0625,0.0,0.25,0.0,0.0,0.125,0.0,0.0,4.846236801844884,-0.19375000000000003,1875.274,0.014338668129061372,0.014338668129061372
1789,neg_475,TSSLFPHPRL,0,10,0.0,0.0,0.0,0.0,0.1,0.0,0.1,0.0,0.0,0.2,0.0,0.0,0.2,0.0,0.1,0.2,0.1,0.0,0.0,0.0,0.48536078272121397,-0.2800000000000001,1154.3182,0.29841854488062036,0.29841854488062036
1790,neg_476,ATGQYAFGL,0,9,0.2222222222222222,0.0,0.0,0.0,0.1111111111111111,0.2222222222222222,0.0,0.0,0.0,0.1111111111111111,0.0,0.0,0.0,0.1111111111111111,0.0,0.0,0.1111111111111111,0.0,0.0,0.1111111111111111,-0.20512441314491403,0.4333333333333333,927.0114000000001,0.740066127320308,0.740066127320308
1791,neg_477,MKKSEDYSS,0,9,0.0,0.0,0.1111111111111111,0.1111111111111111,0.0,0.0,0.0,0.0,0.2222222222222222,0.0,0.1111111111111111,0.0,0.0,0.0,0.0,0.3333333333333333,0.0,0.0,0.0,0.1111111111111111,-0.49871109254260304,-1.8444444444444446,1074.1624,0.37233631712360477,0.37233631712360477
1792,neg_478,MKKAWWKEGVVYQIY,0,15,0.06666666666666667,0.0,0.0,0.06666666666666667,0.0,0.06666666666666667,0.0,0.06666666666666667,0.2,0.0,0.06666666666666667,0.0,0.0,0.06666666666666667,0.0,0.0,0.0,0.13333333333333333,0.13333333333333333,0.13333333333333333,1.4981701445195508,-0.45999999999999996,1929.2864,0.04907142851994146,0.04907142851994146
1793,neg_479,AGIGKIGDFIKKAIAKYKN,0,19,0.15789473684210525,0.0,0.05263157894736842,0.0,0.05263157894736842,0.15789473684210525,0.0,0.21052631578947367,0.2631578947368421,0.0,0.0,0.05263157894736842,0.0,0.0,0.0,0.0,0.0,0.0,0.0,0.05263157894736842,3.791001342799926,-0.14736842105263157,2035.4317999999998,0.003791418853097688,0.003791418853097688
1794,neg_480,VVGGDECNINE,0,11,0.0,0.09090909090909091,0.09090909090909091,0.18181818181818182,0.0,0.18181818181818182,0.0,0.09090909090909091,0.0,0.0,0.0,0.18181818181818182,0.0,0.0,0.0,0.0,0.0,0.18181818181818182,0.0,0.0,-3.263933635490103,-0.2636363636363636,1148.201,0.6102644151370259,0.6102644151370259
1795,neg_481,FLIGMTHGLICLISRKC,0,17,0.0,0.11764705882352941,0.0,0.0,0.058823529411764705,0.11764705882352941,0.058823529411764705,0.17647058823529413,0.058823529411764705,0.17647058823529413,0.058823529411764705,0.0,0.0,0.0,0.058823529411764705,0.058823529411764705,0.058823529411764705,0.0,0.0,0.0,1.8264648213468684,1.2176470588235293,1905.3975999999998,0.005280719539775198,0.005280719539775198
1796,neg_482,MQTLPKERRY,0,10,0.0,0.0,0.0,0.1,0.0,0.0,0.0,0.0,0.1,0.1,0.1,0.0,0.1,0.1,0.2,0.0,0.1,0.0,0.0,0.1,1.501147147716551,-1.78,1321.5481,0.45984418139480954,0.45984418139480954
1797,neg_483,YAIAGRPRF,0,9,0.2222222222222222,0.0,0.0,0.0,0.1111111111111111,0.1111111111111111,0.0,0.1111111111111111,0.0,0.0,0.0,0.0,0.1111111111111111,0.0,0.2222222222222222,0.0,0.0,0.0,0.0,0.1111111111111111,1.7590826133902997,-0.15555555555555559,1050.2136,0.39546100216455243,0.39546100216455243
1798,neg_485,DGDDYKFGHFRWSVPL,0,16,0.0,0.0,0.1875,0.0,0.125,0.125,0.0625,0.0,0.0625,0.0625,0.0,0.0,0.0625,0.0,0.0625,0.0625,0.0,0.0625,0.0625,0.0625,-1.1513699166345792,-0.86875,1939.0892,0.008977662227781635,0.008977662227781635
1799,neg_486,STIEVRNNSPYYSVD,0,15,0.0,0.0,0.06666666666666667,0.06666666666666667,0.0,0.0,0.0,0.06666666666666667,0.0,0.0,0.0,0.13333333333333333,0.06666666666666667,0.0,0.06666666666666667,0.2,0.06666666666666667,0.13333333333333333,0.0,0.13333333333333333,-1.5347494181600463,-0.86,1743.8246,0.06729204065089907,0.06729204065089907
1800,neg_487,QRPEYPVWREKGAV,0,14,0.07142857142857142,0.0,0.0,0.14285714285714285,0.0,0.07142857142857142,0.0,0.0,0.07142857142857142,0.0,0.0,0.0,0.14285714285714285,0.07142857142857142,0.14285714285714285,0.0,0.0,0.14285714285714285,0.07142857142857142,0.07142857142857142,0.7637045363377193,-1.3571428571428572,1714.9208999999998,0.16837505466110417,0.16837505466110417
1801,neg_489,MRLTQGAFSYLPDLTDAQII,0,20,0.1,0.0,0.1,0.0,0.05,0.05,0.0,0.1,0.0,0.15,0.05,0.0,0.05,0.1,0.05,0.05,0.1,0.0,0.0,0.05,-1.4984127914779681,0.23499999999999996,2253.5726,0.002492927749751444,0.002492927749751444
1802,neg_490,GGETSGEGKGMWFGPRL,0,17,0.0,0.0,0.0,0.11764705882352941,0.058823529411764705,0.35294117647058826,0.0,0.0,0.058823529411764705,0.058823529411764705,0.058823529411764705,0.0,0.058823529411764705,0.0,0.058823529411764705,0.058823529411764705,0.058823529411764705,0.0,0.058823529411764705,0.0,-0.2352864627632787,-0.7823529411764706,1765.9427999999998,0.030684783226784983,0.030684783226784983
1803,neg_492,KDGYLPGNEGCKY,0,13,0.0,0.07692307692307693,0.07692307692307693,0.07692307692307693,0.0,0.23076923076923078,0.0,0.0,0.15384615384615385,0.07692307692307693,0.0,0.07692307692307693,0.07692307692307693,0.0,0.0,0.0,0.0,0.0,0.0,0.15384615384615385,-0.2498641569926563,-1.3384615384615384,1443.5799,0.25793553197251895,0.25793553197251895
1804,neg_494,ADREPNHFVA,0,10,0.2,0.0,0.1,0.1,0.1,0.0,0.1,0.0,0.0,0.0,0.0,0.1,0.1,0.0,0.1,0.0,0.0,0.1,0.0,0.0,-1.1130300008782723,-0.9199999999999999,1155.2201,0.5471223137357546,0.5471223137357546
1805,neg_495,NDPEVPGMWFGPRL,0,14,0.0,0.0,0.07142857142857142,0.07142857142857142,0.07142857142857142,0.14285714285714285,0.0,0.0,0.0,0.07142857142857142,0.07142857142857142,0.07142857142857142,0.21428571428571427,0.0,0.07142857142857142,0.0,0.0,0.07142857142857142,0.07142857142857142,0.0,-1.2359771627976435,-0.6285714285714287,1614.8214999999998,0.0684874726983388,0.0684874726983388
1806,neg_496,KPEEDWGRES,0,10,0.0,0.0,0.1,0.3,0.0,0.1,0.0,0.0,0.1,0.0,0.0,0.0,0.1,0.0,0.1,0.1,0.0,0.0,0.1,0.0,-2.2313552398502234,-2.6100000000000003,1232.2564,0.5059725253313435,0.5059725253313435
1807,neg_497,MRKYEIMYIIRPDMD,0,15,0.0,0.0,0.13333333333333333,0.06666666666666667,0.0,0.0,0.0,0.2,0.06666666666666667,0.0,0.2,0.0,0.06666666666666667,0.0,0.13333333333333333,0.0,0.0,0.0,0.0,0.13333333333333333,-0.4944294297954577,-0.56,1974.3702000000003,0.011357393525902424,0.011357393525902424
1808,neg_498,AGEGLSSPFWSLAAPQRF,0,18,0.16666666666666666,0.0,0.0,0.05555555555555555,0.1111111111111111,0.1111111111111111,0.0,0.0,0.0,0.1111111111111111,0.0,0.0,0.1111111111111111,0.05555555555555555,0.05555555555555555,0.16666666666666666,0.0,0.0,0.05555555555555555,0.0,-0.2013249500727039,-0.011111111111111164,1921.1154999999999,0.0075931001568438836,0.0075931001568438836
1809,neg_499,SCTTCVCTCSCCTT,0,14,0.0,0.42857142857142855,0.0,0.0,0.0,0.0,0.0,0.0,0.0,0.0,0.0,0.0,0.0,0.0,0.0,0.14285714285714285,0.35714285714285715,0.07142857142857142,0.0,0.0,-0.5992594813764603,1.0071428571428571,1415.6778,0.03607659326413779,0.03607659326413779
1810,neg_500,SGANVLTFGAGSRLTVL,0,17,0.11764705882352941,0.0,0.0,0.0,0.058823529411764705,0.17647058823529413,0.0,0.0,0.0,0.17647058823529413,0.0,0.058823529411764705,0.0,0.0,0.058823529411764705,0.11764705882352941,0.11764705882352941,0.11764705882352941,0.0,0.0,0.46013645931759795,0.8235294117647058,1662.8843,0.03471504433228028,0.03471504433228028
1811,neg_501,DISVVGGTGDFLMAR,0,15,0.06666666666666667,0.0,0.13333333333333333,0.0,0.06666666666666667,0.2,0.0,0.06666666666666667,0.0,0.06666666666666667,0.06666666666666667,0.0,0.0,0.0,0.06666666666666667,0.06666666666666667,0.06666666666666667,0.13333333333333333,0.0,0.0,-1.2376668638310093,0.6,1537.7358,0.04362729337560982,0.04362729337560982
1812,neg_502,YGETAAVYVAVESR,0,14,0.21428571428571427,0.0,0.0,0.14285714285714285,0.0,0.07142857142857142,0.0,0.0,0.0,0.0,0.0,0.0,0.0,0.0,0.07142857142857142,0.07142857142857142,0.07142857142857142,0.21428571428571427,0.0,0.14285714285714285,-1.2362854637622802,0.14285714285714288,1514.6345999999999,0.41002174261756447,0.41002174261756447
1813,neg_503,SPLEQFSILMLIPM,0,14,0.0,0.0,0.0,0.07142857142857142,0.07142857142857142,0.0,0.0,0.14285714285714285,0.0,0.21428571428571427,0.14285714285714285,0.0,0.14285714285714285,0.07142857142857142,0.0,0.14285714285714285,0.0,0.0,0.0,0.0,-1.5370430788091909,1.0857142857142856,1618.9972999999998,0.040607995715425435,0.040607995715425435
1814,neg_504,TSTVFSDGQR,0,10,0.0,0.0,0.1,0.0,0.1,0.1,0.0,0.0,0.0,0.0,0.0,0.0,0.0,0.1,0.1,0.2,0.2,0.1,0.0,0.0,-0.6006926445935283,-0.79,1097.1361,0.27148393032344725,0.27148393032344725
1815,neg_505,GLLSGLGL,0,8,0.0,0.0,0.0,0.0,0.0,0.375,0.0,0.0,0.0,0.5,0.0,0.0,0.0,0.0,0.0,0.125,0.0,0.0,0.0,0.0,-0.23989838581069733,1.65,728.8769,0.712767950254375,0.712767950254375
1816,neg_506,MRTGNAN,0,7,0.14285714285714285,0.0,0.0,0.0,0.0,0.14285714285714285,0.0,0.0,0.0,0.0,0.14285714285714285,0.2857142857142857,0.0,0.0,0.14285714285714285,0.0,0.14285714285714285,0.0,0.0,0.0,0.5003446876413439,-1.2714285714285716,762.8353,0.7496292313625376,0.7496292313625376
1817,neg_507,AEFGPSQPFKGAK,0,13,0.15384615384615385,0.0,0.0,0.07692307692307693,0.15384615384615385,0.15384615384615385,0.0,0.0,0.15384615384615385,0.0,0.0,0.0,0.15384615384615385,0.07692307692307693,0.0,0.07692307692307693,0.0,0.0,0.0,0.0,0.7966870478292956,-0.8,1363.5167999999999,0.13244998367509336,0.13244998367509336
1818,neg_508,GSSGMIPFPRV,0,11,0.0,0.0,0.0,0.0,0.09090909090909091,0.18181818181818182,0.0,0.09090909090909091,0.0,0.0,0.09090909090909091,0.0,0.18181818181818182,0.0,0.09090909090909091,0.18181818181818182,0.0,0.09090909090909091,0.0,0.0,0.7600916142893016,0.3,1147.347,0.17833437397561228,0.17833437397561228
1819,neg_509,VVGADNCNFN,0,10,0.1,0.1,0.1,0.0,0.1,0.1,0.0,0.0,0.0,0.0,0.0,0.3,0.0,0.0,0.0,0.0,0.0,0.2,0.0,0.0,-1.2747918392040127,0.11000000000000001,1052.1184,0.39161362475135153,0.39161362475135153
1820,neg_510,PHWLFFGVSVLC,0,12,0.0,0.08333333333333333,0.0,0.0,0.16666666666666666,0.08333333333333333,0.08333333333333333,0.0,0.0,0.16666666666666666,0.0,0.0,0.08333333333333333,0.0,0.0,0.08333333333333333,0.0,0.16666666666666666,0.08333333333333333,0.0,0.03580206573393241,1.4333333333333333,1404.676,0.11810174669324798,0.11810174669324798
1821,neg_511,MSVSCWEFNAG,0,11,0.09090909090909091,0.09090909090909091,0.0,0.09090909090909091,0.09090909090909091,0.09090909090909091,0.0,0.0,0.0,0.0,0.09090909090909091,0.09090909090909091,0.0,0.0,0.0,0.18181818181818182,0.0,0.09090909090909091,0.09090909090909091,0.0,-1.5067358405844549,0.3,1230.3693,0.1650161525976899,0.1650161525976899
1822,neg_513,FLSLIPSLVSGAVSLVKK,0,18,0.05555555555555555,0.0,0.0,0.0,0.05555555555555555,0.05555555555555555,0.0,0.05555555555555555,0.1111111111111111,0.2222222222222222,0.0,0.0,0.05555555555555555,0.0,0.0,0.2222222222222222,0.0,0.16666666666666666,0.0,0.0,1.758103612191301,1.3277777777777777,1858.2683000000002,0.009604456381782507,0.009604456381782507
1823,neg_515,QPPTPPEHRFPGLM,0,14,0.0,0.0,0.0,0.07142857142857142,0.07142857142857142,0.07142857142857142,0.07142857142857142,0.0,0.0,0.07142857142857142,0.07142857142857142,0.0,0.35714285714285715,0.07142857142857142,0.07142857142857142,0.0,0.07142857142857142,0.0,0.0,0.0,-0.14992373548290128,-1.092857142857143,1603.8420999999998,0.15895056672570204,0.15895056672570204
1824,neg_516,INWKGIAAMKKLL,0,13,0.15384615384615385,0.0,0.0,0.0,0.0,0.07692307692307693,0.0,0.15384615384615385,0.23076923076923078,0.15384615384615385,0.07692307692307693,0.07692307692307693,0.0,0.0,0.0,0.0,0.0,0.0,0.07692307692307693,0.0,2.7571046111923003,0.43076923076923074,1485.8781999999999,0.05776943272206356,0.05776943272206356
1825,neg_517,EGGGNRGDPSGVC,0,13,0.0,0.07692307692307693,0.07692307692307693,0.07692307692307693,0.0,0.38461538461538464,0.0,0.0,0.0,0.0,0.0,0.07692307692307693,0.07692307692307693,0.0,0.07692307692307693,0.07692307692307693,0.0,0.07692307692307693,0.0,0.0,-1.171962610361173,-0.9769230769230769,1204.2278999999999,0.29738997834396924,0.29738997834396924
1826,neg_518,KRKCGLCKYRCCSGG,0,15,0.0,0.26666666666666666,0.0,0.0,0.0,0.2,0.0,0.0,0.2,0.06666666666666667,0.0,0.0,0.0,0.0,0.13333333333333333,0.06666666666666667,0.0,0.0,0.0,0.06666666666666667,4.716481649997258,-0.6799999999999999,1662.0371999999998,0.012359790389214484,0.012359790389214484
1827,neg_520,CCEWPCSHGCIPCCY,0,15,0.0,0.4,0.0,0.06666666666666667,0.0,0.06666666666666667,0.06666666666666667,0.06666666666666667,0.0,0.0,0.0,0.0,0.13333333333333333,0.0,0.0,0.06666666666666667,0.0,0.0,0.06666666666666667,0.06666666666666667,-1.2103186771759606,0.4133333333333333,1704.0257000000001,0.027093607911857633,0.027093607911857633
1828,neg_521,MVQLVDLARCVSF,0,13,0.07692307692307693,0.07692307692307693,0.07692307692307693,0.0,0.07692307692307693,0.0,0.0,0.0,0.0,0.15384615384615385,0.07692307692307693,0.0,0.0,0.07692307692307693,0.07692307692307693,0.07692307692307693,0.0,0.23076923076923078,0.0,0.0,-0.5084355415178212,1.2999999999999998,1480.7937,0.07575079866524687,0.07575079866524687
1829,neg_522,FLAKKVGKQLASHLAKKQLE,0,20,0.15,0.0,0.0,0.05,0.05,0.05,0.05,0.0,0.25,0.2,0.0,0.0,0.0,0.1,0.0,0.05,0.0,0.05,0.0,0.0,3.8503285391895856,-0.34,2237.686,0.003955518099861772,0.003955518099861772
1830,neg_524,NACSSDLNSK,0,10,0.1,0.1,0.1,0.0,0.0,0.0,0.0,0.0,0.1,0.1,0.0,0.2,0.0,0.0,0.0,0.3,0.0,0.0,0.0,0.0,-0.24967761596886318,-0.8699999999999999,1038.0905,0.16192278470340196,0.16192278470340196
1831,neg_525,GAPMFV,0,6,0.16666666666666666,0.0,0.0,0.0,0.16666666666666666,0.16666666666666666,0.0,0.0,0.0,0.0,0.16666666666666666,0.0,0.16666666666666666,0.0,0.0,0.0,0.0,0.16666666666666666,0.0,0.0,-0.23989838581069733,1.45,620.7605,0.8282351236424984,0.8282351236424984
1832,neg_526,SDMYSFGL,0,8,0.0,0.0,0.125,0.0,0.125,0.125,0.0,0.0,0.0,0.125,0.125,0.0,0.0,0.0,0.0,0.25,0.0,0.0,0.0,0.125,-1.5397317808415574,0.2124999999999999,919.0092,0.3706476121712706,0.3706476121712706
1833,neg_527,IGSFIINPR,0,9,0.0,0.0,0.0,0.0,0.1111111111111111,0.1111111111111111,0.0,0.3333333333333333,0.0,0.0,0.0,0.1111111111111111,0.1111111111111111,0.0,0.1111111111111111,0.1111111111111111,0.0,0.0,0.0,0.0,0.7600916142893016,0.6111111111111112,1016.194,0.2124017659299835,0.2124017659299835
1834,neg_528,APLMGFQGVR,0,10,0.1,0.0,0.0,0.0,0.1,0.2,0.0,0.0,0.0,0.1,0.1,0.0,0.1,0.1,0.1,0.0,0.0,0.1,0.0,0.0,0.7958645879540859,0.41,1075.2843,0.4359206730346704,0.4359206730346704
1835,neg_529,KAVVLGKAGGTAELPCQASQ,0,20,0.2,0.05,0.0,0.05,0.0,0.15,0.0,0.0,0.1,0.1,0.0,0.0,0.05,0.1,0.0,0.05,0.05,0.1,0.0,0.0,0.7510130840655012,0.155,1928.2143,0.024654816041177283,0.024654816041177283
1836,neg_530,FIGGIISLIKKLF,0,13,0.0,0.0,0.0,0.0,0.15384615384615385,0.15384615384615385,0.0,0.3076923076923077,0.15384615384615385,0.15384615384615385,0.0,0.0,0.0,0.0,0.0,0.07692307692307693,0.0,0.0,0.0,0.0,1.758103612191301,1.676923076923077,1448.8329999999999,0.026006947456681882,0.026006947456681882
1837,neg_531,VVGGDECNINEHRSLVAIF,0,19,0.05263157894736842,0.05263157894736842,0.05263157894736842,0.10526315789473684,0.05263157894736842,0.10526315789473684,0.05263157894736842,0.10526315789473684,0.0,0.05263157894736842,0.0,0.10526315789473684,0.0,0.0,0.05263157894736842,0.05263157894736842,0.0,0.15789473684210525,0.0,0.0,-2.1820067269030066,0.3,2072.3012,0.011467181557862575,0.011467181557862575
1838,neg_533,LLSTLTDTSIKEAVATDKAP,0,20,0.15,0.0,0.1,0.05,0.0,0.0,0.0,0.05,0.1,0.15,0.0,0.0,0.05,0.0,0.0,0.1,0.2,0.05,0.0,0.0,-1.2368444039558,0.06,2074.3292,0.006591476442964378,0.006591476442964378
1839,neg_534,ELLSEINR,0,8,0.0,0.0,0.0,0.25,0.0,0.0,0.0,0.125,0.0,0.25,0.0,0.125,0.0,0.0,0.125,0.125,0.0,0.0,0.0,0.0,-1.1603719192287978,-0.4625,973.0817,0.7128665094066661,0.7128665094066661
1840,neg_535,GPDSAFLRL,0,9,0.1111111111111111,0.0,0.1111111111111111,0.0,0.1111111111111111,0.1111111111111111,0.0,0.0,0.0,0.2222222222222222,0.0,0.0,0.1111111111111111,0.0,0.1111111111111111,0.1111111111111111,0.0,0.0,0.0,0.0,-0.2387876247708538,0.1555555555555555,975.0990999999999,0.2689892168215626,0.2689892168215626
1841,neg_536,FLGGLMKAFPALICAVTKKC,0,20,0.15,0.1,0.0,0.0,0.1,0.1,0.0,0.05,0.15,0.15,0.05,0.0,0.05,0.0,0.0,0.0,0.05,0.05,0.0,0.0,2.7373026309942805,1.16,2111.6784,0.0020574575056588446,0.0020574575056588446
1842,neg_537,FDIMGLIKKVAGAL,0,14,0.14285714285714285,0.0,0.07142857142857142,0.0,0.07142857142857142,0.14285714285714285,0.0,0.14285714285714285,0.14285714285714285,0.14285714285714285,0.07142857142857142,0.0,0.0,0.0,0.0,0.0,0.0,0.07142857142857142,0.0,0.0,0.7592243731311454,1.2142857142857142,1475.8368999999998,0.05190255011299805,0.05190255011299805
1843,neg_538,LRHKVYGYCVLGP,0,13,0.0,0.07692307692307693,0.0,0.0,0.0,0.15384615384615385,0.07692307692307693,0.0,0.07692307692307693,0.15384615384615385,0.0,0.0,0.07692307692307693,0.0,0.07692307692307693,0.0,0.0,0.15384615384615385,0.0,0.15384615384615385,1.8343678094478764,0.14615384615384613,1504.7968999999998,0.31418363921360515,0.31418363921360515
1844,neg_540,FIGLLISAGKAIHDLIRRRH,0,20,0.1,0.0,0.05,0.0,0.05,0.1,0.1,0.2,0.05,0.15,0.0,0.0,0.0,0.0,0.15,0.05,0.0,0.0,0.0,0.0,2.9345417509393172,0.3449999999999999,2286.7234,0.001215374892767141,0.001215374892767141
1845,neg_541,DFFFDFDR,0,8,0.0,0.0,0.375,0.0,0.5,0.0,0.0,0.0,0.0,0.0,0.0,0.0,0.0,0.0,0.125,0.0,0.0,0.0,0.0,0.0,-2.2365461028911646,-0.4750000000000001,1108.1584,0.024019411462080618,0.024019411462080618
1846,neg_544,CCGVPNAACHPCVCKNTC,0,18,0.1111111111111111,0.3333333333333333,0.0,0.0,0.0,0.05555555555555555,0.05555555555555555,0.0,0.05555555555555555,0.0,0.0,0.1111111111111111,0.1111111111111111,0.0,0.0,0.0,0.05555555555555555,0.1111111111111111,0.0,0.0,0.7868708608508295,0.47777777777777775,1823.1929,0.0162059417116625,0.0162059417116625
1847,neg_545,GCCSDPRCRYRC,0,12,0.0,0.3333333333333333,0.08333333333333333,0.0,0.0,0.08333333333333333,0.0,0.0,0.0,0.0,0.0,0.0,0.08333333333333333,0.0,0.25,0.08333333333333333,0.0,0.0,0.0,0.08333333333333333,1.7205894140341034,-0.9249999999999999,1418.6483999999998,0.03183448644539744,0.03183448644539744
1848,neg_546,PVQSVFSATRCGAN,0,14,0.14285714285714285,0.07142857142857142,0.0,0.0,0.07142857142857142,0.07142857142857142,0.0,0.0,0.0,0.0,0.0,0.07142857142857142,0.07142857142857142,0.07142857142857142,0.07142857142857142,0.14285714285714285,0.07142857142857142,0.14285714285714285,0.0,0.0,0.9486178775793443,0.10714285714285714,1436.5922999999998,0.08750539458723355,0.08750539458723355
1849,neg_547,RDSNVTILPLRNMKD,0,15,0.0,0.0,0.13333333333333333,0.0,0.0,0.0,0.0,0.06666666666666667,0.06666666666666667,0.13333333333333333,0.06666666666666667,0.13333333333333333,0.06666666666666667,0.0,0.13333333333333333,0.06666666666666667,0.06666666666666667,0.06666666666666667,0.0,0.0,0.7645050368772925,-0.7866666666666667,1772.0351999999998,0.014508909814304761,0.014508909814304761
1850,neg_548,FGTYGHPRPRFYYNP,0,15,0.0,0.0,0.0,0.0,0.13333333333333333,0.13333333333333333,0.06666666666666667,0.0,0.0,0.0,0.0,0.06666666666666667,0.2,0.0,0.13333333333333333,0.0,0.06666666666666667,0.0,0.0,0.2,1.8442587996468849,-1.3533333333333333,1872.0479,0.046615506464943945,0.046615506464943945
1851,neg_549,GLLASLGKVLGGYLAEKLKP,0,20,0.1,0.0,0.0,0.05,0.0,0.2,0.0,0.0,0.15,0.3,0.0,0.0,0.05,0.0,0.0,0.05,0.0,0.05,0.0,0.05,1.7589160721665094,0.505,2027.4495000000002,0.01282480068553098,0.01282480068553098
1852,neg_550,AHQLPMGTLCNFYEWYRRDD,0,20,0.05,0.05,0.1,0.05,0.05,0.05,0.05,0.0,0.0,0.1,0.05,0.05,0.05,0.05,0.1,0.0,0.05,0.0,0.05,0.1,-1.1206373303281372,-0.9650000000000001,2515.7790999999997,0.0013114865144764974,0.0013114865144764974
1853,neg_551,SPAFNSWG,0,8,0.125,0.0,0.0,0.0,0.125,0.125,0.0,0.0,0.0,0.0,0.0,0.125,0.125,0.0,0.0,0.25,0.0,0.0,0.125,0.0,-0.539853540782401,-0.42500000000000004,864.9005999999999,0.3896074170455814,0.3896074170455814
1854,neg_552,MKATFVLHGWWRTS,0,14,0.07142857142857142,0.0,0.0,0.0,0.07142857142857142,0.07142857142857142,0.07142857142857142,0.0,0.07142857142857142,0.07142857142857142,0.07142857142857142,0.0,0.0,0.0,0.07142857142857142,0.07142857142857142,0.14285714285714285,0.07142857142857142,0.14285714285714285,0.0,1.58651987489693,-0.10714285714285718,1720.0050999999999,0.03097877539793938,0.03097877539793938
1855,neg_553,SLSIMEPIR,0,9,0.0,0.0,0.0,0.1111111111111111,0.0,0.0,0.0,0.2222222222222222,0.0,0.1111111111111111,0.1111111111111111,0.0,0.1111111111111111,0.0,0.1111111111111111,0.2222222222222222,0.0,0.0,0.0,0.0,-0.5370530787091918,0.38888888888888884,1045.2536,0.33587795147638166,0.33587795147638166
1856,neg_554,AKSDVAELKPR,0,11,0.18181818181818182,0.0,0.09090909090909091,0.09090909090909091,0.0,0.0,0.0,0.0,0.18181818181818182,0.09090909090909091,0.0,0.0,0.09090909090909091,0.0,0.09090909090909091,0.09090909090909091,0.0,0.09090909090909091,0.0,0.0,0.7977978088691393,-0.9181818181818181,1213.3839,0.2934469885974516,0.2934469885974516
1857,neg_555,EYYDDTDEEERIVSTVDAR,0,19,0.05263157894736842,0.0,0.21052631578947367,0.21052631578947367,0.0,0.0,0.0,0.05263157894736842,0.0,0.0,0.0,0.0,0.0,0.0,0.10526315789473684,0.05263157894736842,0.10526315789473684,0.10526315789473684,0.0,0.10526315789473684,-6.152275953421002,-1.4263157894736842,2305.3213,0.008966121564327894,0.008966121564327894
1858,neg_556,IPLDTIAGYKE,0,11,0.09090909090909091,0.0,0.09090909090909091,0.09090909090909091,0.0,0.09090909090909091,0.0,0.18181818181818182,0.09090909090909091,0.09090909090909091,0.0,0.0,0.09090909090909091,0.0,0.0,0.0,0.09090909090909091,0.0,0.0,0.09090909090909091,-1.2327278851281545,-0.027272727272727285,1219.3833,0.4478228823701455,0.4478228823701455
1859,neg_557,MMRLVIILIVLLLISFSAY,0,19,0.05263157894736842,0.0,0.0,0.0,0.05263157894736842,0.0,0.0,0.21052631578947367,0.0,0.2631578947368421,0.10526315789473684,0.0,0.0,0.0,0.05263157894736842,0.10526315789473684,0.0,0.10526315789473684,0.0,0.05263157894736842,0.4993456866423429,2.442105263157895,2208.8529,0.0018850210757037982,0.0018850210757037982
1860,neg_558,GAVSGLLTNLGL,0,12,0.08333333333333333,0.0,0.0,0.0,0.0,0.25,0.0,0.0,0.0,0.3333333333333333,0.0,0.08333333333333333,0.0,0.0,0.0,0.08333333333333333,0.08333333333333333,0.08333333333333333,0.0,0.0,-0.23989838581069733,1.25,1114.2922999999998,0.4111483985083239,0.4111483985083239
1861,neg_559,GLFDIIKNIFSGL,0,13,0.0,0.0,0.07692307692307693,0.0,0.15384615384615385,0.15384615384615385,0.0,0.23076923076923078,0.07692307692307693,0.15384615384615385,0.0,0.07692307692307693,0.0,0.0,0.0,0.07692307692307693,0.0,0.0,0.0,0.0,-0.2397766258698535,1.0923076923076922,1436.6931,0.029933859211774803,0.029933859211774803
1862,neg_560,FRGHAKGDKKNQKK,0,14,0.07142857142857142,0.0,0.07142857142857142,0.0,0.07142857142857142,0.14285714285714285,0.07142857142857142,0.0,0.35714285714285715,0.0,0.0,0.07142857142857142,0.0,0.07142857142857142,0.07142857142857142,0.0,0.0,0.0,0.0,0.0,4.843391558488729,-2.4214285714285713,1641.8753,0.0377431865685236,0.0377431865685236
1863,neg_563,MRWQLNKQQLHARLSMK,0,17,0.058823529411764705,0.0,0.0,0.0,0.0,0.0,0.058823529411764705,0.0,0.11764705882352941,0.17647058823529413,0.11764705882352941,0.058823529411764705,0.0,0.17647058823529413,0.11764705882352941,0.058823529411764705,0.0,0.0,0.058823529411764705,0.0,3.585510873997928,-1.0999999999999999,2168.5907,0.004897816613466899,0.004897816613466899
1864,neg_564,DLSNLLSRVPNERSN,0,15,0.0,0.0,0.06666666666666667,0.06666666666666667,0.0,0.0,0.0,0.0,0.0,0.2,0.0,0.2,0.06666666666666667,0.0,0.13333333333333333,0.2,0.0,0.06666666666666667,0.0,0.0,-0.23598716269764441,-0.9933333333333334,1713.8467999999998,0.02609434076961906,0.02609434076961906
1865,neg_565,GSSGLIAMPRV,0,11,0.09090909090909091,0.0,0.0,0.0,0.0,0.18181818181818182,0.0,0.09090909090909091,0.0,0.09090909090909091,0.09090909090909091,0.0,0.09090909090909091,0.0,0.09090909090909091,0.18181818181818182,0.0,0.09090909090909091,0.0,0.0,0.7600916142893016,0.7,1087.2935,0.2758401627164531,0.2758401627164531
1866,neg_566,FLPLFASLIGKLL,0,13,0.07692307692307693,0.0,0.0,0.0,0.15384615384615385,0.07692307692307693,0.0,0.07692307692307693,0.07692307692307693,0.38461538461538464,0.0,0.0,0.07692307692307693,0.0,0.0,0.07692307692307693,0.0,0.0,0.0,0.0,0.7591026131903019,1.8615384615384616,1431.8025,0.0448443648341807,0.0448443648341807
1867,neg_568,VIGGAEENINEHRSL,0,15,0.06666666666666667,0.0,0.0,0.2,0.0,0.13333333333333333,0.06666666666666667,0.13333333333333333,0.0,0.06666666666666667,0.0,0.13333333333333333,0.0,0.0,0.06666666666666667,0.06666666666666667,0.0,0.06666666666666667,0.0,0.0,-2.1704160357706312,-0.5333333333333333,1637.7491,0.16845553669756688,0.16845553669756688
1868,neg_569,GFGSVLGKALKIGANLL,0,17,0.11764705882352941,0.0,0.0,0.0,0.058823529411764705,0.23529411764705882,0.0,0.058823529411764705,0.11764705882352941,0.23529411764705882,0.0,0.058823529411764705,0.0,0.0,0.0,0.058823529411764705,0.0,0.058823529411764705,0.0,0.0,1.758103612191301,0.976470588235294,1657.9936,0.028739987578048357,0.028739987578048357
1869,neg_570,HECCKKGFCDPGCDCCDQ,0,18,0.0,0.3333333333333333,0.16666666666666666,0.05555555555555555,0.05555555555555555,0.1111111111111111,0.05555555555555555,0.0,0.1111111111111111,0.0,0.0,0.0,0.05555555555555555,0.05555555555555555,0.0,0.0,0.0,0.0,0.0,0.0,-2.2079553953554276,-0.7277777777777777,1991.2536,0.004039241446326894,0.004039241446326894
1870,neg_571,KPSGCGEQNMINFYPNVL,0,18,0.0,0.05555555555555555,0.0,0.05555555555555555,0.05555555555555555,0.1111111111111111,0.0,0.05555555555555555,0.05555555555555555,0.05555555555555555,0.05555555555555555,0.16666666666666666,0.1111111111111111,0.05555555555555555,0.0,0.05555555555555555,0.0,0.05555555555555555,0.0,0.05555555555555555,-0.24898691593449884,-0.43333333333333335,2011.281,0.012928770721027785,0.012928770721027785
1871,neg_572,MDPEPTPLPRWRIFLFR,0,17,0.0,0.0,0.058823529411764705,0.058823529411764705,0.11764705882352941,0.0,0.0,0.058823529411764705,0.0,0.11764705882352941,0.058823529411764705,0.0,0.23529411764705882,0.0,0.17647058823529413,0.0,0.058823529411764705,0.0,0.058823529411764705,0.0,0.5042559107543965,-0.5235294117647059,2171.5648,0.002169568797056114,0.002169568797056114
1872,neg_573,LVPMFLSKLICFITKKC,0,17,0.0,0.11764705882352941,0.0,0.0,0.11764705882352941,0.0,0.0,0.11764705882352941,0.17647058823529413,0.17647058823529413,0.058823529411764705,0.0,0.058823529411764705,0.0,0.0,0.058823529411764705,0.058823529411764705,0.058823529411764705,0.0,0.0,2.7373026309942805,1.311764705882353,1984.5770000000002,0.002460690976978761,0.002460690976978761
1873,neg_575,WFDPLRITETTTGSVTLK,0,18,0.0,0.0,0.05555555555555555,0.05555555555555555,0.05555555555555555,0.05555555555555555,0.0,0.05555555555555555,0.05555555555555555,0.1111111111111111,0.0,0.0,0.05555555555555555,0.0,0.05555555555555555,0.05555555555555555,0.2777777777777778,0.05555555555555555,0.05555555555555555,0.0,-0.2369761637966441,-0.19444444444444445,2065.3255,0.00646349726825792,0.00646349726825792
1874,neg_576,QNAHPSPK,0,8,0.125,0.0,0.0,0.0,0.0,0.0,0.125,0.0,0.125,0.0,0.0,0.125,0.25,0.125,0.0,0.125,0.0,0.0,0.0,0.0,0.8462768014448888,-2.0375,877.9442999999999,0.8705896484495003,0.8705896484495003
1875,neg_577,AWQDLNAGW,0,9,0.2222222222222222,0.0,0.1111111111111111,0.0,0.0,0.1111111111111111,0.0,0.0,0.0,0.1111111111111111,0.0,0.1111111111111111,0.0,0.1111111111111111,0.0,0.0,0.0,0.0,0.2222222222222222,0.0,-1.2030046512060686,-0.5888888888888889,1060.119,0.49987907285335914,0.49987907285335914
1876,neg_579,LAKRADICQPGKTSQRACET,0,20,0.15,0.1,0.05,0.05,0.0,0.05,0.0,0.05,0.1,0.05,0.0,0.0,0.05,0.1,0.1,0.05,0.1,0.0,0.0,0.0,1.742212855106334,-0.8150000000000001,2176.4773999999998,0.002937194335285256,0.002937194335285256
1877,neg_580,SCCARNPACRHNHPCV,0,16,0.125,0.25,0.0,0.0,0.0,0.0,0.125,0.0,0.0,0.0,0.0,0.125,0.125,0.0,0.125,0.0625,0.0,0.0625,0.0,0.0,1.5948708755307313,-0.5375,1768.0366,0.023937428434253578,0.023937428434253578
1878,neg_581,SAQGQDFMRF,0,10,0.1,0.0,0.1,0.0,0.2,0.1,0.0,0.0,0.0,0.0,0.1,0.0,0.0,0.2,0.1,0.1,0.0,0.0,0.0,0.0,-0.5387427797425575,-0.6900000000000001,1186.2969,0.1398663982015069,0.1398663982015069
1879,neg_582,GTLIGQDYK,0,9,0.0,0.0,0.1111111111111111,0.0,0.0,0.2222222222222222,0.0,0.1111111111111111,0.1111111111111111,0.1111111111111111,0.0,0.0,0.0,0.1111111111111111,0.0,0.0,0.1111111111111111,0.0,0.0,0.1111111111111111,-0.24077562686885456,-0.6000000000000001,994.0991000000001,0.7046146645579212,0.7046146645579212
1880,neg_583,LFSLVLAG,0,8,0.125,0.0,0.0,0.0,0.125,0.125,0.0,0.0,0.0,0.375,0.0,0.0,0.0,0.0,0.0,0.125,0.0,0.125,0.0,0.0,-0.23989838581069733,2.375,818.9993999999999,0.5713142337246105,0.5713142337246105
1881,neg_585,FLGALVNALRGLL,0,13,0.15384615384615385,0.0,0.0,0.0,0.07692307692307693,0.15384615384615385,0.0,0.0,0.0,0.38461538461538464,0.0,0.07692307692307693,0.0,0.0,0.07692307692307693,0.0,0.0,0.07692307692307693,0.0,0.0,0.7600916142893016,1.6,1356.6547999999998,0.13048425358936633,0.13048425358936633
1882,neg_587,KSPPQALNKPLPAPSAPSL,0,19,0.15789473684210525,0.0,0.0,0.0,0.0,0.0,0.0,0.0,0.10526315789473684,0.15789473684210525,0.0,0.05263157894736842,0.3157894736842105,0.05263157894736842,0.0,0.15789473684210525,0.0,0.0,0.0,0.0,1.758103612191301,-0.5263157894736842,1913.2213000000002,0.013428509387845915,0.013428509387845915
1883,neg_588,KDGYLVGNDGCKYSCNTYPK,0,20,0.0,0.1,0.1,0.0,0.0,0.15,0.0,0.0,0.15,0.05,0.0,0.1,0.05,0.0,0.0,0.05,0.05,0.05,0.0,0.15,0.7365471498769667,-1.045,2225.4565,0.004284413463726386,0.004284413463726386
1884,neg_589,ISDDIQSIIQGIF,0,13,0.0,0.0,0.15384615384615385,0.0,0.07692307692307693,0.07692307692307693,0.0,0.38461538461538464,0.0,0.0,0.0,0.0,0.0,0.15384615384615385,0.0,0.15384615384615385,0.0,0.0,0.0,0.0,-2.2376568639310084,0.7153846153846153,1448.6162,0.040221466359068744,0.040221466359068744
1885,neg_590,GVDSSFLRL,0,9,0.0,0.0,0.1111111111111111,0.0,0.1111111111111111,0.1111111111111111,0.0,0.0,0.0,0.2222222222222222,0.0,0.0,0.0,0.0,0.1111111111111111,0.2222222222222222,0.0,0.1111111111111111,0.0,0.0,-0.2387876247708538,0.5111111111111111,993.1143,0.22918116017432333,0.22918116017432333
1886,neg_591,FPPWF,0,5,0.0,0.0,0.0,0.0,0.4,0.0,0.0,0.0,0.0,0.0,0.0,0.0,0.4,0.0,0.0,0.0,0.0,0.0,0.2,0.0,-0.23989838581069733,0.29999999999999993,692.8032,0.6111405169606217,0.6111405169606217
1887,neg_592,QVNFSPGWGT,0,10,0.0,0.0,0.0,0.0,0.1,0.2,0.0,0.0,0.0,0.0,0.0,0.1,0.1,0.1,0.0,0.1,0.1,0.1,0.1,0.0,-0.23989838581069733,-0.48,1092.1607999999999,0.4562692721593797,0.4562692721593797
1888,neg_594,QNCCNGGCSSKWCKGHARCC,0,20,0.05,0.3,0.0,0.0,0.0,0.15,0.05,0.0,0.1,0.0,0.0,0.1,0.0,0.05,0.05,0.1,0.0,0.0,0.05,0.0,2.7858618599518277,-0.645,2145.473,0.0014917359640243284,0.0014917359640243284
1889,neg_595,DCLPCGHDVCC,0,11,0.0,0.36363636363636365,0.18181818181818182,0.0,0.0,0.09090909090909091,0.09090909090909091,0.0,0.0,0.09090909090909091,0.0,0.0,0.09090909090909091,0.0,0.0,0.0,0.0,0.09090909090909091,0.0,0.0,-2.190086636072461,0.5272727272727272,1164.3561,0.21138755754022195,0.21138755754022195
1890,neg_597,VDFFA,0,5,0.2,0.0,0.2,0.0,0.4,0.0,0.0,0.0,0.0,0.0,0.0,0.0,0.0,0.0,0.0,0.0,0.0,0.2,0.0,0.0,-1.264890849105003,1.6199999999999999,597.6591999999999,0.5687521351376316,0.5687521351376316
1891,neg_598,FLPIASLLGKYL,0,12,0.08333333333333333,0.0,0.0,0.0,0.08333333333333333,0.08333333333333333,0.0,0.08333333333333333,0.08333333333333333,0.3333333333333333,0.0,0.0,0.08333333333333333,0.0,0.0,0.08333333333333333,0.0,0.0,0.0,0.08333333333333333,0.758103612191301,1.3583333333333334,1334.6443,0.14617313174027796,0.14617313174027796
1892,neg_599,GFFALIPGIE,0,10,0.1,0.0,0.0,0.1,0.2,0.2,0.0,0.2,0.0,0.1,0.0,0.0,0.1,0.0,0.0,0.0,0.0,0.0,0.0,0.0,-1.231850644069997,1.43,1063.2454,0.3167269808848953,0.3167269808848953
1893,neg_600,DPNATIIMLGTGTGIAPFR,0,19,0.10526315789473684,0.0,0.05263157894736842,0.0,0.05263157894736842,0.15789473684210525,0.0,0.15789473684210525,0.0,0.05263157894736842,0.05263157894736842,0.05263157894736842,0.10526315789473684,0.0,0.05263157894736842,0.0,0.15789473684210525,0.0,0.0,0.0,-0.2387876247708538,0.39999999999999997,1945.243,0.007814769236390313,0.007814769236390313
1894,neg_601,ASGENQAELKLATHNVYML,0,19,0.15789473684210525,0.0,0.0,0.10526315789473684,0.0,0.05263157894736842,0.05263157894736842,0.0,0.05263157894736842,0.15789473684210525,0.05263157894736842,0.10526315789473684,0.0,0.05263157894736842,0.0,0.05263157894736842,0.05263157894736842,0.05263157894736842,0.0,0.05263157894736842,-1.1133283019429079,-0.2578947368421053,2089.3285,0.02440759030866522,0.02440759030866522
1895,neg_602,MADAEDIQPLVCD,0,13,0.15384615384615385,0.07692307692307693,0.23076923076923078,0.07692307692307693,0.0,0.0,0.0,0.07692307692307693,0.0,0.07692307692307693,0.07692307692307693,0.0,0.07692307692307693,0.07692307692307693,0.0,0.0,0.0,0.07692307692307693,0.0,0.0,-4.500192656157618,0.10769230769230768,1419.5767999999998,0.14608928077505548,0.14608928077505548
1896,neg_603,EKSCITWRNSCVHND,0,15,0.0,0.13333333333333333,0.06666666666666667,0.06666666666666667,0.0,0.0,0.06666666666666667,0.06666666666666667,0.06666666666666667,0.0,0.0,0.13333333333333333,0.0,0.0,0.06666666666666667,0.13333333333333333,0.06666666666666667,0.06666666666666667,0.06666666666666667,0.0,-0.09250751159729376,-1.0066666666666666,1791.962,0.019858572031298406,0.019858572031298406
1897,neg_604,NEQSGKSQTVIVGSWGAKVS,0,20,0.05,0.0,0.0,0.05,0.0,0.15,0.0,0.05,0.1,0.0,0.0,0.05,0.0,0.1,0.0,0.2,0.05,0.15,0.05,0.0,0.7609140741645111,-0.44499999999999995,2062.2403,0.009810257251683618,0.009810257251683618
1898,neg_605,SCSCQKHFSCCD,0,12,0.0,0.3333333333333333,0.08333333333333333,0.0,0.08333333333333333,0.0,0.08333333333333333,0.0,0.08333333333333333,0.0,0.0,0.0,0.0,0.08333333333333333,0.0,0.25,0.0,0.0,0.0,0.0,-0.4889806513757067,-0.30833333333333335,1347.5208,0.03593200899541473,0.03593200899541473
1899,neg_606,VIDVNDEW,0,8,0.0,0.0,0.25,0.125,0.0,0.0,0.0,0.125,0.0,0.0,0.0,0.125,0.0,0.0,0.0,0.0,0.0,0.25,0.125,0.0,-3.2609596261919487,-0.24999999999999994,989.0362,0.7304644532689151,0.7304644532689151
1900,neg_607,VSTLLPVVAAEEPA,0,14,0.21428571428571427,0.0,0.0,0.14285714285714285,0.0,0.0,0.0,0.0,0.0,0.14285714285714285,0.0,0.0,0.14285714285714285,0.0,0.0,0.07142857142857142,0.07142857142857142,0.21428571428571427,0.0,0.0,-2.260390686098427,0.9928571428571429,1395.5967999999998,0.4243615001733424,0.4243615001733424
1901,neg_608,MGIFSIFVISTVHYQPNKK,0,19,0.0,0.0,0.0,0.0,0.10526315789473684,0.05263157894736842,0.05263157894736842,0.15789473684210525,0.10526315789473684,0.0,0.05263157894736842,0.05263157894736842,0.05263157894736842,0.05263157894736842,0.0,0.10526315789473684,0.05263157894736842,0.10526315789473684,0.0,0.05263157894736842,1.5845318727989293,0.30526315789473685,2209.6076,0.003392457785826666,0.003392457785826666
1902,neg_609,VSGSGIMAKRVVVDA,0,15,0.13333333333333333,0.0,0.06666666666666667,0.0,0.0,0.13333333333333333,0.0,0.06666666666666667,0.06666666666666667,0.0,0.06666666666666667,0.0,0.0,0.0,0.06666666666666667,0.13333333333333333,0.0,0.26666666666666666,0.0,0.0,0.7341001499959952,0.8333333333333334,1488.7513,0.08486134560174531,0.08486134560174531
1903,neg_611,MAPPRTSTS,0,9,0.1111111111111111,0.0,0.0,0.0,0.0,0.0,0.0,0.0,0.0,0.0,0.1111111111111111,0.0,0.2222222222222222,0.0,0.1111111111111111,0.2222222222222222,0.2222222222222222,0.0,0.0,0.0,0.5003446876413439,-0.7777777777777778,947.0677000000001,0.4422576074435307,0.4422576074435307
1904,neg_612,QPSKDAFIGLM,0,11,0.09090909090909091,0.0,0.09090909090909091,0.0,0.09090909090909091,0.09090909090909091,0.0,0.09090909090909091,0.09090909090909091,0.09090909090909091,0.09090909090909091,0.0,0.09090909090909091,0.09090909090909091,0.0,0.09090909090909091,0.0,0.0,0.0,0.0,-0.2397766258698535,0.09999999999999996,1206.4108999999999,0.1570118305717033,0.1570118305717033
1905,neg_613,GSPKYCHLPADPGPC,0,15,0.06666666666666667,0.13333333333333333,0.06666666666666667,0.0,0.0,0.13333333333333333,0.06666666666666667,0.0,0.06666666666666667,0.06666666666666667,0.0,0.0,0.26666666666666666,0.0,0.0,0.06666666666666667,0.0,0.0,0.0,0.06666666666666667,-0.17340341881228727,-0.62,1541.7495,0.10412307974592397,0.10412307974592397
1906,neg_614,MLHCKGNNL,0,9,0.0,0.1111111111111111,0.0,0.0,0.0,0.1111111111111111,0.1111111111111111,0.0,0.1111111111111111,0.2222222222222222,0.1111111111111111,0.2222222222222222,0.0,0.0,0.0,0.0,0.0,0.0,0.0,0.0,0.5766288846979211,-0.27777777777777785,1029.2375,0.5722611177220144,0.5722611177220144
1907,neg_616,VDKPDYRPRPRPPNM,0,15,0.0,0.0,0.13333333333333333,0.0,0.0,0.0,0.0,0.0,0.06666666666666667,0.0,0.06666666666666667,0.06666666666666667,0.3333333333333333,0.0,0.2,0.0,0.0,0.06666666666666667,0.0,0.06666666666666667,1.7342019101368367,-2.0733333333333333,1838.0983,0.023601584150773642,0.023601584150773642
1908,neg_617,FGETSGETKGMWFGPRL,0,17,0.0,0.0,0.0,0.11764705882352941,0.11764705882352941,0.23529411764705882,0.0,0.0,0.058823529411764705,0.058823529411764705,0.058823529411764705,0.0,0.058823529411764705,0.0,0.058823529411764705,0.058823529411764705,0.11764705882352941,0.0,0.058823529411764705,0.0,-0.2352864627632787,-0.611764705882353,1900.1179000000002,0.012479536502183692,0.012479536502183692
1909,neg_618,SGLDSLSGATFGGNR,0,15,0.06666666666666667,0.0,0.06666666666666667,0.0,0.06666666666666667,0.26666666666666666,0.0,0.0,0.0,0.13333333333333333,0.0,0.06666666666666667,0.0,0.0,0.06666666666666667,0.2,0.06666666666666667,0.0,0.0,0.0,-0.5387427797425575,-0.2666666666666667,1438.4989,0.043677601295926065,0.043677601295926065
1910,neg_619,MEKGYYDLES,0,10,0.0,0.0,0.1,0.2,0.0,0.1,0.0,0.0,0.1,0.1,0.1,0.0,0.0,0.0,0.0,0.1,0.0,0.0,0.0,0.2,-2.495900630569393,-1.25,1234.3316,0.6575937785572017,0.6575937785572017
1911,neg_620,STRTPEFLGLDNQCGVWA,0,18,0.05555555555555555,0.05555555555555555,0.05555555555555555,0.05555555555555555,0.05555555555555555,0.1111111111111111,0.0,0.0,0.0,0.1111111111111111,0.0,0.05555555555555555,0.05555555555555555,0.05555555555555555,0.05555555555555555,0.05555555555555555,0.1111111111111111,0.05555555555555555,0.05555555555555555,0.0,-1.545833307868357,-0.2833333333333334,1994.1878000000002,0.009839002381210934,0.009839002381210934
1912,neg_621,GSPMFV,0,6,0.0,0.0,0.0,0.0,0.16666666666666666,0.16666666666666666,0.0,0.0,0.0,0.0,0.16666666666666666,0.0,0.16666666666666666,0.0,0.0,0.16666666666666666,0.0,0.16666666666666666,0.0,0.0,-0.23989838581069733,1.0166666666666666,636.7599,0.7350064078794851,0.7350064078794851
1913,neg_622,GHNKKDKKMQKK,0,12,0.0,0.0,0.08333333333333333,0.0,0.0,0.08333333333333333,0.08333333333333333,0.0,0.5,0.0,0.08333333333333333,0.08333333333333333,0.0,0.08333333333333333,0.0,0.0,0.0,0.0,0.0,0.0,4.84240255738973,-2.966666666666667,1469.7549,0.12444721099340836,0.12444721099340836
1914,neg_623,GLLDIVKKVVGAFGSL,0,16,0.0625,0.0,0.0625,0.0,0.0625,0.1875,0.0,0.0625,0.125,0.1875,0.0,0.0,0.0,0.0,0.0,0.0625,0.0,0.1875,0.0,0.0,0.7592243731311454,1.2375,1615.9536,0.04304451597268732,0.04304451597268732
1915,neg_624,AIGGLSRSFPVEAFE,0,15,0.13333333333333333,0.0,0.0,0.13333333333333333,0.13333333333333333,0.13333333333333333,0.0,0.06666666666666667,0.0,0.06666666666666667,0.0,0.0,0.06666666666666667,0.0,0.06666666666666667,0.13333333333333333,0.0,0.06666666666666667,0.0,0.0,-1.1932772083320036,0.4133333333333333,1579.7509999999997,0.050715117598243105,0.050715117598243105
1916,neg_625,NQCPQAYSYAK,0,11,0.18181818181818182,0.09090909090909091,0.0,0.0,0.0,0.0,0.0,0.0,0.09090909090909091,0.0,0.0,0.09090909090909091,0.09090909090909091,0.18181818181818182,0.0,0.09090909090909091,0.0,0.0,0.0,0.18181818181818182,0.7472036210932902,-1.2090909090909092,1272.3862,0.5062962510142924,0.5062962510142924
1917,neg_626,SCCNAGFCRFGCTPCCY,0,17,0.058823529411764705,0.35294117647058826,0.0,0.0,0.11764705882352941,0.11764705882352941,0.0,0.0,0.0,0.0,0.0,0.058823529411764705,0.058823529411764705,0.0,0.058823529411764705,0.058823529411764705,0.058823529411764705,0.0,0.0,0.058823529411764705,0.3997315177245375,0.5411764705882353,1835.1587,0.0040128359890707595,0.0040128359890707595
1918,neg_627,MKQGINGFARRGRL,0,14,0.07142857142857142,0.0,0.0,0.0,0.07142857142857142,0.21428571428571427,0.0,0.07142857142857142,0.07142857142857142,0.07142857142857142,0.07142857142857142,0.07142857142857142,0.0,0.07142857142857142,0.21428571428571427,0.0,0.0,0.0,0.0,0.0,3.4993256868423406,-0.7714285714285715,1603.8933,0.027062037470950033,0.027062037470950033
1919,neg_629,FDLGMLVKKVLAGL,0,14,0.07142857142857142,0.0,0.07142857142857142,0.0,0.07142857142857142,0.14285714285714285,0.0,0.0,0.14285714285714285,0.2857142857142857,0.07142857142857142,0.0,0.0,0.0,0.0,0.0,0.0,0.14285714285714285,0.0,0.0,0.7592243731311454,1.2857142857142858,1503.8899999999999,0.06907095419664969,0.06907095419664969
1920,neg_630,FYSAPTRDNVFEL,0,13,0.07692307692307693,0.0,0.07692307692307693,0.07692307692307693,0.15384615384615385,0.0,0.0,0.0,0.0,0.07692307692307693,0.0,0.07692307692307693,0.07692307692307693,0.0,0.07692307692307693,0.07692307692307693,0.07692307692307693,0.07692307692307693,0.0,0.07692307692307693,-1.2369761637966445,-0.3076923076923077,1558.6887,0.07410202296019543,0.07410202296019543
1921,neg_631,FFPIGVFCKIFKTC,0,14,0.0,0.14285714285714285,0.0,0.0,0.2857142857142857,0.07142857142857142,0.0,0.14285714285714285,0.14285714285714285,0.0,0.0,0.0,0.07142857142857142,0.0,0.0,0.0,0.07142857142857142,0.07142857142857142,0.0,0.0,1.7383016319932811,1.3499999999999999,1650.0575,0.007585206830366788,0.007585206830366788
1922,neg_632,KPCCSIHDSSCCGI,0,14,0.0,0.2857142857142857,0.07142857142857142,0.0,0.0,0.07142857142857142,0.07142857142857142,0.14285714285714285,0.07142857142857142,0.0,0.0,0.0,0.07142857142857142,0.0,0.0,0.21428571428571427,0.0,0.0,0.0,0.0,-0.192206398011306,0.2857142857142857,1452.6995,0.026769903080100292,0.026769903080100292
1923,neg_633,GLFDIAKKVIGVIGSL,0,16,0.0625,0.0,0.0625,0.0,0.0625,0.1875,0.0,0.1875,0.125,0.125,0.0,0.0,0.0,0.0,0.0,0.0625,0.0,0.125,0.0,0.0,0.7592243731311454,1.3,1629.9802,0.028122791696884055,0.028122791696884055
1924,neg_634,DGAETPGAAASLWFGPRV,0,18,0.2222222222222222,0.0,0.05555555555555555,0.05555555555555555,0.05555555555555555,0.16666666666666666,0.0,0.0,0.0,0.05555555555555555,0.0,0.0,0.1111111111111111,0.0,0.05555555555555555,0.05555555555555555,0.05555555555555555,0.05555555555555555,0.05555555555555555,0.0,-1.2359771627976435,-0.01666666666666668,1801.9517999999998,0.024071928952017405,0.024071928952017405
1925,neg_635,SLRKMHALGET,0,11,0.09090909090909091,0.0,0.0,0.09090909090909091,0.0,0.09090909090909091,0.09090909090909091,0.0,0.09090909090909091,0.18181818181818182,0.09090909090909091,0.0,0.0,0.0,0.09090909090909091,0.09090909090909091,0.09090909090909091,0.0,0.0,0.0,0.5491221085463946,-0.5181818181818182,1242.4482,0.3795313881913612,0.3795313881913612
1926,neg_636,KDGYPVDNANCKYE,0,14,0.07142857142857142,0.07142857142857142,0.14285714285714285,0.07142857142857142,0.0,0.07142857142857142,0.0,0.0,0.14285714285714285,0.0,0.0,0.14285714285714285,0.07142857142857142,0.0,0.0,0.0,0.0,0.07142857142857142,0.0,0.14285714285714285,-1.2435061162853218,-1.5285714285714285,1615.7186,0.1348521393576984,0.1348521393576984
1927,neg_637,SGLQFAVLDGQGFLPFSRV,0,19,0.05263157894736842,0.0,0.05263157894736842,0.0,0.15789473684210525,0.15789473684210525,0.0,0.0,0.0,0.15789473684210525,0.0,0.0,0.05263157894736842,0.10526315789473684,0.05263157894736842,0.10526315789473684,0.0,0.10526315789473684,0.0,0.0,-0.5387427797425575,0.5578947368421052,2038.3046,0.004612932574155423,0.004612932574155423
1928,neg_638,SVDFDSESPRKPEIQ,0,15,0.0,0.0,0.13333333333333333,0.13333333333333333,0.06666666666666667,0.0,0.0,0.06666666666666667,0.06666666666666667,0.0,0.0,0.0,0.13333333333333333,0.06666666666666667,0.06666666666666667,0.2,0.0,0.06666666666666667,0.0,0.0,-2.5330000958552934,-1.3333333333333333,1733.83,0.02895238113167271,0.02895238113167271
1929,neg_639,GGCCSYPPCAVSNPQHC,0,17,0.058823529411764705,0.23529411764705882,0.0,0.0,0.0,0.11764705882352941,0.058823529411764705,0.0,0.0,0.0,0.0,0.058823529411764705,0.17647058823529413,0.058823529411764705,0.0,0.11764705882352941,0.0,0.058823529411764705,0.0,0.058823529411764705,-0.19332715895115105,-0.15882352941176472,1722.9429,0.04218533810815267,0.04218533810815267
1930,neg_640,DGVTDPLEVNVVK,0,13,0.0,0.0,0.15384615384615385,0.07692307692307693,0.0,0.07692307692307693,0.0,0.0,0.07692307692307693,0.07692307692307693,0.0,0.07692307692307693,0.07692307692307693,0.0,0.0,0.0,0.07692307692307693,0.3076923076923077,0.0,0.0,-2.235845402956799,4.2700885562506023e-17,1384.531,0.3805370385185486,0.3805370385185486
1931,neg_641,GLVPNLLNNLGL,0,12,0.0,0.0,0.0,0.0,0.0,0.16666666666666666,0.0,0.0,0.0,0.4166666666666667,0.0,0.25,0.08333333333333333,0.0,0.0,0.0,0.0,0.08333333333333333,0.0,0.0,-0.23989838581069733,0.8583333333333333,1236.4598999999998,0.3715364712497388,0.3715364712497388
1932,neg_642,MMKLLIIVVLLVISFPAY,0,18,0.05555555555555555,0.0,0.0,0.0,0.05555555555555555,0.0,0.0,0.16666666666666666,0.05555555555555555,0.2222222222222222,0.1111111111111111,0.0,0.05555555555555555,0.0,0.0,0.05555555555555555,0.0,0.16666666666666666,0.0,0.05555555555555555,0.498356685543343,2.338888888888889,2063.6932,0.006636223339484678,0.006636223339484678
1933,neg_643,EPFKISIHL,0,9,0.0,0.0,0.0,0.1111111111111111,0.1111111111111111,0.0,0.1111111111111111,0.2222222222222222,0.1111111111111111,0.1111111111111111,0.0,0.0,0.1111111111111111,0.0,0.0,0.1111111111111111,0.0,0.0,0.0,0.0,-0.07699719404642091,0.28888888888888886,1083.28,0.4982386863260062,0.4982386863260062
1934,neg_644,GSSGLISFPRT,0,11,0.0,0.0,0.0,0.0,0.09090909090909091,0.18181818181818182,0.0,0.09090909090909091,0.0,0.09090909090909091,0.0,0.0,0.09090909090909091,0.0,0.09090909090909091,0.2727272727272727,0.09090909090909091,0.0,0.0,0.0,0.7600916142893016,0.09999999999999995,1121.2436,0.12894291280523085,0.12894291280523085
1935,neg_645,RCLFWSVCP,0,9,0.0,0.2222222222222222,0.0,0.0,0.1111111111111111,0.0,0.0,0.0,0.0,0.1111111111111111,0.0,0.0,0.1111111111111111,0.0,0.1111111111111111,0.1111111111111111,0.0,0.1111111111111111,0.1111111111111111,0.0,0.7402896340912819,0.8888888888888888,1110.3516,0.14572628499449145,0.14572628499449145
1936,neg_648,DDASDRAKKFYGLM,0,14,0.14285714285714285,0.0,0.21428571428571427,0.0,0.07142857142857142,0.07142857142857142,0.0,0.0,0.14285714285714285,0.07142857142857142,0.07142857142857142,0.0,0.0,0.0,0.07142857142857142,0.07142857142857142,0.0,0.0,0.0,0.07142857142857142,-0.2395431058881674,-0.942857142857143,1616.7928,0.021146023289730868,0.021146023289730868
1937,neg_649,INWLKLGKKILGAI,0,14,0.07142857142857142,0.0,0.0,0.0,0.0,0.14285714285714285,0.0,0.21428571428571427,0.21428571428571427,0.21428571428571427,0.0,0.07142857142857142,0.0,0.0,0.0,0.0,0.0,0.0,0.07142857142857142,0.0,2.7571046111923003,0.7,1566.9707999999998,0.04103826576874312,0.04103826576874312
1938,neg_650,ATLTVFFRDN,0,10,0.1,0.0,0.1,0.0,0.2,0.0,0.0,0.0,0.0,0.1,0.0,0.1,0.0,0.0,0.1,0.0,0.2,0.1,0.0,0.0,-0.20301465110606953,0.25,1183.3129,0.17053618363077747,0.17053618363077747
1939,neg_651,FLSLIPKIAGGIASLVKNL,0,19,0.10526315789473684,0.0,0.0,0.0,0.05263157894736842,0.10526315789473684,0.0,0.15789473684210525,0.10526315789473684,0.21052631578947367,0.0,0.05263157894736842,0.05263157894736842,0.0,0.0,0.10526315789473684,0.0,0.05263157894736842,0.0,0.0,1.758103612191301,1.263157894736842,1954.3987000000002,0.0056068279927413926,0.0056068279927413926
1940,neg_652,EWEPVQNGGSSYYMVPRIWA,0,20,0.05,0.0,0.0,0.1,0.0,0.1,0.0,0.05,0.0,0.0,0.05,0.05,0.1,0.05,0.05,0.1,0.0,0.1,0.1,0.1,-1.1623699212268,-0.595,2369.6081,0.005073645540447283,0.005073645540447283
1941,neg_654,GLFDIIKKVASVVGLASP,0,18,0.1111111111111111,0.0,0.05555555555555555,0.0,0.05555555555555555,0.1111111111111111,0.0,0.1111111111111111,0.1111111111111111,0.1111111111111111,0.0,0.0,0.05555555555555555,0.0,0.0,0.1111111111111111,0.0,0.16666666666666666,0.0,0.0,0.7592243731311454,1.1277777777777778,1814.1727,0.014541168490352066,0.014541168490352066
1942,neg_655,QLWPRPHIPP,0,10,0.0,0.0,0.0,0.0,0.0,0.0,0.1,0.1,0.0,0.1,0.0,0.0,0.4,0.1,0.1,0.0,0.0,0.0,0.1,0.0,0.8472658025438885,-1.02,1240.4554,0.5630281722326698,0.5630281722326698
1943,neg_656,GLFDIIKNIVSTL,0,13,0.0,0.0,0.07692307692307693,0.0,0.07692307692307693,0.07692307692307693,0.0,0.23076923076923078,0.07692307692307693,0.15384615384615385,0.0,0.07692307692307693,0.0,0.0,0.0,0.07692307692307693,0.07692307692307693,0.07692307692307693,0.0,0.0,-0.2397766258698535,1.1769230769230767,1432.7029,0.05806195382895247,0.05806195382895247
1944,neg_657,KYPLEKFQNIG,0,11,0.0,0.0,0.0,0.09090909090909091,0.09090909090909091,0.09090909090909091,0.0,0.09090909090909091,0.18181818181818182,0.09090909090909091,0.0,0.09090909090909091,0.09090909090909091,0.09090909090909091,0.0,0.0,0.0,0.0,0.0,0.09090909090909091,0.75991507316551,-0.9545454545454546,1336.5344,0.34965198454491575,0.34965198454491575
1945,neg_658,AQGDNPDKDTDGN,0,13,0.07692307692307693,0.0,0.3076923076923077,0.0,0.0,0.15384615384615385,0.0,0.0,0.07692307692307693,0.0,0.0,0.15384615384615385,0.07692307692307693,0.07692307692307693,0.0,0.0,0.07692307692307693,0.0,0.0,0.0,-3.2006413693855356,-2.2846153846153845,1346.2712,0.15650952073041507,0.15650952073041507
1946,neg_659,FAQLLNDLK,0,9,0.1111111111111111,0.0,0.1111111111111111,0.0,0.1111111111111111,0.0,0.0,0.0,0.1111111111111111,0.3333333333333333,0.0,0.1111111111111111,0.0,0.1111111111111111,0.0,0.0,0.0,0.0,0.0,0.0,-0.2397766258698535,0.1777777777777777,1061.2313,0.3630733912247836,0.3630733912247836
1947,neg_660,GLFDIVKKIAGHIVSSI,0,17,0.058823529411764705,0.0,0.058823529411764705,0.0,0.058823529411764705,0.11764705882352941,0.058823529411764705,0.23529411764705882,0.11764705882352941,0.058823529411764705,0.0,0.0,0.0,0.0,0.0,0.11764705882352941,0.0,0.11764705882352941,0.0,0.0,0.8463985613857326,1.052941176470588,1797.1455,0.014798470230085882,0.014798470230085882
1948,neg_661,SPGALEDEHNDNFLRF,0,16,0.0625,0.0,0.125,0.125,0.125,0.0625,0.0625,0.0,0.0,0.125,0.0,0.125,0.0625,0.0,0.0625,0.0625,0.0,0.0,0.0,0.0,-3.4448269066017057,-1.03125,1860.9328,0.020490329130855845,0.020490329130855845
1949,neg_662,SAPRGCWTKSYPPKPCK,0,17,0.058823529411764705,0.11764705882352941,0.0,0.0,0.0,0.058823529411764705,0.0,0.0,0.17647058823529413,0.0,0.0,0.0,0.23529411764705882,0.0,0.058823529411764705,0.11764705882352941,0.058823529411764705,0.0,0.058823529411764705,0.058823529411764705,3.436338475123575,-1.2176470588235293,1906.2352999999998,0.00880068046382564,0.00880068046382564
1950,neg_663,SNPNFILTLVNNVPYTIWPA,0,20,0.05,0.0,0.0,0.0,0.05,0.0,0.0,0.1,0.0,0.1,0.0,0.2,0.15,0.0,0.0,0.05,0.1,0.1,0.05,0.05,-0.540852541781402,0.31999999999999995,2273.5836,0.0037550393617639503,0.0037550393617639503
1951,neg_664,ATDYEDEEFPGAVPPSVGAR,0,20,0.15,0.0,0.1,0.15,0.05,0.1,0.0,0.0,0.0,0.0,0.0,0.0,0.15,0.0,0.05,0.05,0.05,0.1,0.0,0.05,-4.194461505245596,-0.6900000000000001,2107.1899,0.016797805256580475,0.016797805256580475
1952,neg_665,MTYQTAIDAVRELKA,0,15,0.2,0.0,0.06666666666666667,0.06666666666666667,0.0,0.0,0.0,0.06666666666666667,0.06666666666666667,0.06666666666666667,0.06666666666666667,0.0,0.0,0.06666666666666667,0.06666666666666667,0.0,0.13333333333333333,0.06666666666666667,0.0,0.06666666666666667,-0.49772209144360335,-0.11999999999999998,1709.9607999999998,0.07630666648693785,0.07630666648693785
1953,neg_666,LVPFLGKTLGGLLARF,0,16,0.0625,0.0,0.0,0.0,0.125,0.1875,0.0,0.0,0.0625,0.3125,0.0,0.0,0.0625,0.0,0.0625,0.0,0.0625,0.0625,0.0,0.0,1.759092613290301,1.16875,1702.0908,0.022784719344115776,0.022784719344115776
1954,neg_667,QGWAWPRPQIPP,0,12,0.08333333333333333,0.0,0.0,0.0,0.0,0.08333333333333333,0.0,0.08333333333333333,0.0,0.0,0.0,0.0,0.3333333333333333,0.16666666666666666,0.08333333333333333,0.0,0.0,0.0,0.16666666666666666,0.0,0.7600916142893016,-1.1500000000000001,1432.6268,0.22675501929415143,0.22675501929415143
1955,neg_668,GFLDIVKGVGLVALGAVSKS,0,20,0.1,0.0,0.05,0.0,0.05,0.2,0.0,0.05,0.1,0.15,0.0,0.0,0.0,0.0,0.0,0.1,0.0,0.2,0.0,0.0,0.7592243731311454,1.23,1930.2911,0.010827782162233903,0.010827782162233903
1956,neg_670,GVGYKVVVTTTAAADDDDVV,0,20,0.15,0.0,0.2,0.0,0.0,0.1,0.0,0.0,0.05,0.0,0.0,0.0,0.0,0.0,0.0,0.0,0.15,0.3,0.0,0.05,-3.2374133440493207,0.4250000000000001,1995.1444000000001,0.026740894116686176,0.026740894116686176
1957,neg_671,DCCIIAGCPFGCTICC,0,16,0.0625,0.375,0.0625,0.0,0.0625,0.125,0.0,0.1875,0.0,0.0,0.0,0.0,0.0625,0.0,0.0,0.0,0.0625,0.0,0.0,0.0,-1.298183565464912,1.65625,1622.0063,0.008872222493058779,0.008872222493058779
1958,neg_672,GFGSLFKFLAKKVAK,0,15,0.13333333333333333,0.0,0.0,0.0,0.2,0.13333333333333333,0.0,0.0,0.26666666666666666,0.13333333333333333,0.0,0.0,0.0,0.0,0.0,0.06666666666666667,0.0,0.06666666666666667,0.0,0.0,3.7561056101932997,0.44,1641.0077999999999,0.01349956228730839,0.01349956228730839
1959,neg_673,LRLDLSNLR,0,9,0.0,0.0,0.1111111111111111,0.0,0.0,0.0,0.0,0.0,0.0,0.4444444444444444,0.0,0.1111111111111111,0.0,0.0,0.2222222222222222,0.1111111111111111,0.0,0.0,0.0,0.0,0.7612023753291453,-0.17777777777777787,1099.2844,0.21812626259593443,0.21812626259593443
1960,neg_674,MVLNVVLAGDFDCVRRP,0,17,0.058823529411764705,0.058823529411764705,0.11764705882352941,0.0,0.058823529411764705,0.058823529411764705,0.0,0.0,0.0,0.11764705882352941,0.058823529411764705,0.058823529411764705,0.058823529411764705,0.0,0.11764705882352941,0.0,0.0,0.23529411764705882,0.0,0.0,-0.5073247804779779,0.7000000000000001,1904.2604000000001,0.01156287748743498,0.01156287748743498
1961,neg_675,QGLIPFPRV,0,9,0.0,0.0,0.0,0.0,0.1111111111111111,0.1111111111111111,0.0,0.1111111111111111,0.0,0.1111111111111111,0.0,0.0,0.2222222222222222,0.1111111111111111,0.1111111111111111,0.0,0.0,0.1111111111111111,0.0,0.0,0.7600916142893016,0.4111111111111111,1026.2319,0.5426439458979208,0.5426439458979208
1962,neg_676,FLNPFRWVINKYR,0,13,0.0,0.0,0.0,0.0,0.15384615384615385,0.0,0.0,0.07692307692307693,0.07692307692307693,0.07692307692307693,0.0,0.15384615384615385,0.07692307692307693,0.0,0.15384615384615385,0.0,0.0,0.07692307692307693,0.07692307692307693,0.07692307692307693,2.758083612391299,-0.4307692307692308,1753.0563,0.019973508571408866,0.019973508571408866
1963,neg_677,NLYQFKEMIRYTIP,0,14,0.0,0.0,0.0,0.07142857142857142,0.07142857142857142,0.0,0.0,0.14285714285714285,0.07142857142857142,0.07142857142857142,0.07142857142857142,0.07142857142857142,0.07142857142857142,0.07142857142857142,0.07142857142857142,0.0,0.07142857142857142,0.0,0.0,0.14285714285714285,0.7599050732655093,-0.45000000000000007,1816.1271999999997,0.0493943138946675,0.0493943138946675
1964,neg_678,SLLEFGMMILEE,0,12,0.0,0.0,0.0,0.25,0.08333333333333333,0.08333333333333333,0.0,0.08333333333333333,0.0,0.25,0.16666666666666666,0.0,0.0,0.0,0.0,0.08333333333333333,0.0,0.0,0.0,0.0,-3.5261848750952804,0.8999999999999999,1411.6821,0.19843759529721985,0.19843759529721985
1965,neg_679,TSAEVPATAQGVTHALEGTQ,0,20,0.2,0.0,0.0,0.1,0.0,0.1,0.05,0.0,0.0,0.05,0.0,0.0,0.05,0.1,0.0,0.05,0.2,0.1,0.0,0.0,-2.5090082934323648,-0.19,1968.0828999999999,0.061995909836277355,0.061995909836277355
1966,neg_680,CYIQSCPIG,0,9,0.0,0.2222222222222222,0.0,0.0,0.0,0.1111111111111111,0.0,0.2222222222222222,0.0,0.0,0.0,0.0,0.1111111111111111,0.1111111111111111,0.0,0.1111111111111111,0.0,0.0,0.0,0.1111111111111111,-0.2606993670077181,0.711111111111111,983.1624999999999,0.4924594922545675,0.4924594922545675
1967,neg_681,AAKLLLNPKFRCKAAFC,0,17,0.23529411764705882,0.11764705882352941,0.0,0.0,0.11764705882352941,0.0,0.0,0.0,0.17647058823529413,0.17647058823529413,0.0,0.058823529411764705,0.058823529411764705,0.0,0.058823529411764705,0.0,0.0,0.0,0.0,0.0,3.7730656047590636,0.46470588235294114,1894.3535000000002,0.003936364594772712,0.003936364594772712
1968,neg_682,AVVFDPQPALWAEADTQLEP,0,20,0.2,0.0,0.1,0.1,0.05,0.0,0.0,0.0,0.0,0.1,0.0,0.0,0.15,0.1,0.0,0.0,0.05,0.1,0.05,0.0,-4.196262966319804,-0.07000000000000002,2197.3985,0.010750053325378626,0.010750053325378626
1969,neg_683,GWFDVVKHIASAV,0,13,0.15384615384615385,0.0,0.07692307692307693,0.0,0.07692307692307693,0.07692307692307693,0.07692307692307693,0.07692307692307693,0.07692307692307693,0.0,0.0,0.0,0.0,0.0,0.0,0.07692307692307693,0.0,0.23076923076923078,0.07692307692307693,0.0,-0.1526024376152666,0.8307692307692308,1428.6329999999998,0.1539660384118629,0.1539660384118629
1970,neg_685,TNVKESEFIAEGAAGR,0,16,0.1875,0.0,0.0,0.1875,0.0625,0.125,0.0,0.0625,0.0625,0.0,0.0,0.0625,0.0,0.0,0.0625,0.0625,0.0625,0.0625,0.0,0.0,-1.594381020612743,-0.4875,1678.7978,0.07217960025190352,0.07217960025190352
1971,neg_686,AYGGDGGAYYEWSPA,0,15,0.2,0.0,0.06666666666666667,0.06666666666666667,0.0,0.26666666666666666,0.0,0.0,0.0,0.0,0.0,0.0,0.06666666666666667,0.0,0.0,0.06666666666666667,0.0,0.0,0.06666666666666667,0.2,-2.203191192229861,-0.6933333333333334,1563.5776,0.22160699113032603,0.22160699113032603
1972,neg_687,DSGSSRDPGASSGGC,0,15,0.06666666666666667,0.06666666666666667,0.13333333333333333,0.0,0.0,0.26666666666666666,0.0,0.0,0.0,0.0,0.0,0.0,0.06666666666666667,0.0,0.06666666666666667,0.3333333333333333,0.0,0.0,0.0,0.0,-1.2475678539300192,-0.9600000000000001,1339.3035,0.04342225132243116,0.04342225132243116
1973,neg_688,KIKEKLIEA,0,9,0.1111111111111111,0.0,0.0,0.2222222222222222,0.0,0.0,0.0,0.2222222222222222,0.3333333333333333,0.1111111111111111,0.0,0.0,0.0,0.0,0.0,0.0,0.0,0.0,0.0,0.0,0.7627255351387205,-0.4555555555555555,1071.3109,0.6090040596578085,0.6090040596578085
1974,neg_689,TKATEGEFLAEGGGVR,0,16,0.125,0.0,0.0,0.1875,0.0625,0.25,0.0,0.0,0.0625,0.0625,0.0,0.0,0.0,0.0,0.0625,0.0,0.125,0.0625,0.0,0.0,-1.594381020612743,-0.46875,1621.7465,0.12747279035056444,0.12747279035056444
1975,neg_690,AVFVILTNVYT,0,11,0.09090909090909091,0.0,0.0,0.0,0.09090909090909091,0.0,0.0,0.09090909090909091,0.0,0.09090909090909091,0.0,0.09090909090909091,0.0,0.0,0.0,0.0,0.18181818181818182,0.2727272727272727,0.0,0.09090909090909091,-0.20512441314491403,1.7545454545454546,1239.4587999999999,0.4991283292036904,0.4991283292036904
1976,neg_691,SDNRNQGY,0,8,0.0,0.0,0.125,0.0,0.0,0.125,0.0,0.0,0.0,0.0,0.0,0.25,0.0,0.125,0.125,0.125,0.0,0.0,0.0,0.125,-0.5397417807415585,-2.625,952.9246,0.7047984705689087,0.7047984705689087
1977,neg_692,DDPTSTFTCPGGSDYK,0,16,0.0,0.0625,0.1875,0.0,0.0625,0.125,0.0,0.0,0.0625,0.0,0.0,0.0,0.125,0.0,0.0,0.125,0.1875,0.0,0.0,0.0625,-2.2484350950881753,-1.13125,1690.739,0.022300496045109832,0.022300496045109832
1978,neg_694,MKAIMLVNFCDERGSGR,0,17,0.058823529411764705,0.058823529411764705,0.058823529411764705,0.058823529411764705,0.058823529411764705,0.11764705882352941,0.0,0.058823529411764705,0.058823529411764705,0.058823529411764705,0.11764705882352941,0.058823529411764705,0.0,0.0,0.11764705882352941,0.058823529411764705,0.0,0.058823529411764705,0.0,0.0,0.49336591955638687,-0.09411764705882354,1927.2757000000001,0.00568042265607365,0.00568042265607365
1979,neg_695,SVDFDSESPR,0,10,0.0,0.0,0.2,0.1,0.1,0.0,0.0,0.0,0.0,0.0,0.0,0.0,0.1,0.0,0.1,0.3,0.0,0.1,0.0,0.0,-2.534811556829503,-1.2,1138.1417,0.1693592392375356,0.1693592392375356
1980,neg_696,QDSGDGWPQQPFVPRL,0,16,0.0,0.0,0.125,0.0,0.0625,0.125,0.0,0.0,0.0,0.0625,0.0,0.0,0.1875,0.1875,0.0625,0.0625,0.0,0.0625,0.0625,0.0,-1.2376668638310093,-1.15625,1826.9612000000002,0.02650882497912881,0.02650882497912881
1981,neg_697,GSSGLISFPRN,0,11,0.0,0.0,0.0,0.0,0.09090909090909091,0.18181818181818182,0.0,0.09090909090909091,0.0,0.09090909090909091,0.0,0.09090909090909091,0.09090909090909091,0.0,0.09090909090909091,0.2727272727272727,0.0,0.0,0.0,0.0,0.7600916142893016,-0.1545454545454546,1134.2423,0.11846241986818935,0.11846241986818935
1982,neg_698,ALGDQLLSVFVDHTLVDEVA,0,20,0.1,0.0,0.15,0.05,0.05,0.05,0.05,0.0,0.0,0.2,0.0,0.0,0.0,0.05,0.0,0.05,0.05,0.2,0.0,0.0,-4.110778479098582,0.7899999999999999,2141.3765,0.011275486328269056,0.011275486328269056
1983,neg_699,ARTDNFVRL,0,9,0.1111111111111111,0.0,0.1111111111111111,0.0,0.1111111111111111,0.0,0.0,0.0,0.0,0.1111111111111111,0.0,0.1111111111111111,0.0,0.0,0.2222222222222222,0.0,0.1111111111111111,0.1111111111111111,0.0,0.0,0.7969753489939293,-0.4555555555555555,1091.2209,0.27096999419415607,0.27096999419415607
1984,neg_700,SGHTKIKVAVDT,0,12,0.08333333333333333,0.0,0.08333333333333333,0.0,0.0,0.08333333333333333,0.08333333333333333,0.08333333333333333,0.16666666666666666,0.0,0.0,0.0,0.0,0.0,0.0,0.08333333333333333,0.16666666666666666,0.16666666666666666,0.0,0.0,0.5464434064140289,-0.19999999999999996,1255.4205,0.3584734856053392,0.3584734856053392
1985,neg_701,FLPLIAGLLGKLF,0,13,0.07692307692307693,0.0,0.0,0.0,0.15384615384615385,0.15384615384615385,0.0,0.07692307692307693,0.07692307692307693,0.38461538461538464,0.0,0.0,0.07692307692307693,0.0,0.0,0.0,0.0,0.0,0.0,0.0,0.7591026131903019,1.8923076923076922,1401.7765,0.06549520577573673,0.06549520577573673
1986,neg_702,LEIADLAQYVVDLTAR,0,16,0.1875,0.0,0.125,0.0625,0.0,0.0,0.0,0.0625,0.0,0.1875,0.0,0.0,0.0,0.0625,0.0625,0.0,0.0625,0.125,0.0,0.0625,-2.2358554028568003,0.575,1790.0221999999999,0.0596714211992404,0.0596714211992404
1987,neg_703,KPNPERFYGLM,0,11,0.0,0.0,0.0,0.09090909090909091,0.09090909090909091,0.09090909090909091,0.0,0.0,0.09090909090909091,0.09090909090909091,0.09090909090909091,0.09090909090909091,0.18181818181818182,0.0,0.09090909090909091,0.0,0.0,0.0,0.0,0.09090909090909091,0.7609040742645101,-1.0727272727272728,1351.5721999999998,0.2698513963948088,0.2698513963948088
1988,neg_704,FVQWFSKFLGRIL,0,13,0.0,0.0,0.0,0.0,0.23076923076923078,0.07692307692307693,0.0,0.07692307692307693,0.07692307692307693,0.15384615384615385,0.0,0.0,0.0,0.07692307692307693,0.07692307692307693,0.07692307692307693,0.0,0.07692307692307693,0.07692307692307693,0.0,1.759092613290301,0.823076923076923,1640.9661999999998,0.015267502652516805,0.015267502652516805
1989,neg_705,KECCTHPACHVSHPELCG,0,18,0.05555555555555555,0.2222222222222222,0.0,0.1111111111111111,0.0,0.05555555555555555,0.16666666666666666,0.0,0.05555555555555555,0.05555555555555555,0.0,0.0,0.1111111111111111,0.0,0.0,0.05555555555555555,0.05555555555555555,0.05555555555555555,0.0,0.0,-1.0133578584955565,-0.32222222222222224,1951.2345,0.0350200231277105,0.0350200231277105
1990,neg_706,SKGKKANKDVELARG,0,15,0.13333333333333333,0.0,0.06666666666666667,0.06666666666666667,0.0,0.13333333333333333,0.0,0.0,0.26666666666666666,0.06666666666666667,0.0,0.06666666666666667,0.0,0.0,0.06666666666666667,0.06666666666666667,0.0,0.06666666666666667,0.0,0.0,2.4600716782346495,-1.3733333333333335,1600.8184999999999,0.049754204178095604,0.049754204178095604
1991,neg_707,ATDYDEEEDDRVKVRLDAR,0,19,0.10526315789473684,0.0,0.2631578947368421,0.15789473684210525,0.0,0.0,0.0,0.0,0.05263157894736842,0.05263157894736842,0.0,0.0,0.0,0.0,0.15789473684210525,0.0,0.05263157894736842,0.10526315789473684,0.0,0.05263157894736842,-4.192118223225064,-1.6631578947368422,2295.3762,0.004414817322141855,0.004414817322141855
1992,neg_708,SKVENIVDELKTLTL,0,15,0.0,0.0,0.06666666666666667,0.13333333333333333,0.0,0.0,0.0,0.06666666666666667,0.13333333333333333,0.2,0.0,0.06666666666666667,0.0,0.0,0.0,0.06666666666666667,0.13333333333333333,0.13333333333333333,0.0,0.0,-1.5351098578941378,0.020000000000000004,1701.9553999999998,0.07784881478683983,0.07784881478683983
1993,neg_710,QTCCGSKVFCC,0,11,0.0,0.36363636363636365,0.0,0.0,0.09090909090909091,0.09090909090909091,0.0,0.0,0.09090909090909091,0.0,0.0,0.0,0.0,0.09090909090909091,0.0,0.09090909090909091,0.09090909090909091,0.09090909090909091,0.0,0.0,0.7194986527942624,0.7000000000000001,1178.4257,0.10476801025961323,0.10476801025961323
1994,neg_711,GLLDVVGNVLHSLGL,0,15,0.0,0.0,0.06666666666666667,0.0,0.0,0.2,0.06666666666666667,0.0,0.0,0.3333333333333333,0.0,0.06666666666666667,0.0,0.0,0.0,0.06666666666666667,0.0,0.2,0.0,0.0,-1.151603436616266,1.2933333333333332,1505.7568,0.18134990469196474,0.18134990469196474
1995,neg_712,ADPPIHIASL,0,10,0.2,0.0,0.1,0.0,0.0,0.0,0.1,0.2,0.0,0.1,0.0,0.0,0.2,0.0,0.0,0.1,0.0,0.0,0.0,0.0,-1.1158304629514815,0.57,1033.1783,0.5016236958583414,0.5016236958583414
1996,neg_713,LENGLLRKPPMG,0,12,0.0,0.0,0.0,0.08333333333333333,0.0,0.16666666666666666,0.0,0.0,0.08333333333333333,0.25,0.08333333333333333,0.08333333333333333,0.16666666666666666,0.0,0.08333333333333333,0.0,0.0,0.0,0.0,0.0,0.7619030752635112,-0.5083333333333334,1324.5917,0.2576479865962492,0.2576479865962492
1997,neg_714,SGQYSFGL,0,8,0.0,0.0,0.0,0.0,0.125,0.25,0.0,0.0,0.0,0.125,0.0,0.0,0.0,0.125,0.0,0.25,0.0,0.0,0.0,0.125,-0.540852541781402,-0.07500000000000007,857.9063000000001,0.6534500640203983,0.6534500640203983
1998,neg_715,SGYLPGKEYVYKYKGKVF,0,18,0.0,0.0,0.0,0.05555555555555555,0.05555555555555555,0.16666666666666666,0.0,0.0,0.2222222222222222,0.05555555555555555,0.0,0.0,0.05555555555555555,0.0,0.0,0.05555555555555555,0.0,0.1111111111111111,0.0,0.2222222222222222,2.4549649131988023,-0.7166666666666667,2126.4511,0.01839193566814425,0.01839193566814425
1999,neg_716,IVSYPDDAGEHAHKMG,0,16,0.125,0.0,0.125,0.0625,0.0,0.125,0.125,0.0625,0.0625,0.0,0.0625,0.0,0.0625,0.0,0.0,0.0625,0.0,0.0625,0.0,0.0625,-2.062496027446626,-0.69375,1726.8637,0.10303254429632933,0.10303254429632933
2000,neg_717,CCNWPCSFGCIPCCY,0,15,0.0,0.4,0.0,0.0,0.06666666666666667,0.06666666666666667,0.0,0.06666666666666667,0.0,0.0,0.0,0.06666666666666667,0.13333333333333333,0.0,0.0,0.06666666666666667,0.0,0.0,0.06666666666666667,0.06666666666666667,-0.30030332740375776,0.8133333333333332,1699.0488,0.009045756749050476,0.009045756749050476
2001,neg_718,GVLDAFKKIATVVKNLV,0,17,0.11764705882352941,0.0,0.058823529411764705,0.0,0.058823529411764705,0.058823529411764705,0.0,0.058823529411764705,0.17647058823529413,0.11764705882352941,0.0,0.058823529411764705,0.0,0.0,0.0,0.0,0.058823529411764705,0.23529411764705882,0.0,0.0,1.7582253721321448,0.9117647058823529,1815.2038000000002,0.023866312528153116,0.023866312528153116
2002,neg_720,SPTLDDEHNDNFVRL,0,15,0.0,0.0,0.2,0.06666666666666667,0.06666666666666667,0.0,0.06666666666666667,0.0,0.0,0.13333333333333333,0.0,0.13333333333333333,0.06666666666666667,0.0,0.06666666666666667,0.06666666666666667,0.06666666666666667,0.06666666666666667,0.0,0.0,-3.446516607635071,-1.1466666666666667,1771.8381,0.03386671954148127,0.03386671954148127
2003,neg_721,ALFEESTVSAEPR,0,13,0.15384615384615385,0.0,0.0,0.23076923076923078,0.07692307692307693,0.0,0.0,0.0,0.0,0.07692307692307693,0.0,0.0,0.07692307692307693,0.0,0.07692307692307693,0.15384615384615385,0.07692307692307693,0.07692307692307693,0.0,0.0,-2.1957040261262835,-0.34615384615384615,1435.5348999999999,0.21206078097577818,0.21206078097577818
2004,neg_722,FIGAILPAIAGLVGGLINR,0,19,0.15789473684210525,0.0,0.0,0.0,0.05263157894736842,0.21052631578947367,0.0,0.21052631578947367,0.0,0.15789473684210525,0.0,0.05263157894736842,0.05263157894736842,0.0,0.05263157894736842,0.0,0.0,0.05263157894736842,0.0,0.0,0.7600916142893016,1.6105263157894736,1865.2657,0.011766774593559758,0.011766774593559758
2005,neg_723,QGGWPRPGPEIPP,0,13,0.0,0.0,0.0,0.07692307692307693,0.0,0.23076923076923078,0.0,0.07692307692307693,0.0,0.0,0.0,0.0,0.38461538461538464,0.07692307692307693,0.07692307692307693,0.0,0.0,0.0,0.07692307692307693,0.0,-0.23709792373748817,-1.3153846153846156,1387.5415999999998,0.314506813405082,0.314506813405082
2006,neg_724,AQENETNESGSID,0,13,0.07692307692307693,0.0,0.07692307692307693,0.23076923076923078,0.0,0.07692307692307693,0.0,0.07692307692307693,0.0,0.0,0.0,0.15384615384615385,0.0,0.07692307692307693,0.0,0.15384615384615385,0.07692307692307693,0.0,0.0,0.0,-4.191392363679134,-1.6076923076923075,1393.3244,0.3156455870110579,0.3156455870110579
2007,neg_726,IVPFLLGMVPKLVCLITKKC,0,20,0.0,0.1,0.0,0.0,0.05,0.05,0.0,0.1,0.15,0.2,0.05,0.0,0.1,0.0,0.0,0.0,0.05,0.15,0.0,0.0,2.7373026309942805,1.525,2215.912,0.0021290631893648064,0.0021290631893648064
2008,neg_727,NFQRDVEITWGDMRR,0,15,0.0,0.0,0.13333333333333333,0.06666666666666667,0.06666666666666667,0.06666666666666667,0.0,0.06666666666666667,0.0,0.0,0.06666666666666667,0.06666666666666667,0.0,0.06666666666666667,0.2,0.0,0.06666666666666667,0.06666666666666667,0.06666666666666667,0.0,-0.23487640165780155,-1.3066666666666669,1923.1165,0.009678713011676842,0.009678713011676842
2009,neg_728,IVRRACCSDRRCRWRCG,0,17,0.058823529411764705,0.23529411764705882,0.058823529411764705,0.0,0.0,0.058823529411764705,0.0,0.058823529411764705,0.0,0.0,0.0,0.0,0.0,0.0,0.35294117647058826,0.058823529411764705,0.0,0.058823529411764705,0.058823529411764705,0.0,4.721558415333101,-0.711764705882353,2096.4935,0.0007712711239268288,0.0007712711239268288
2010,neg_729,QCGQAWC,0,7,0.14285714285714285,0.2857142857142857,0.0,0.0,0.0,0.14285714285714285,0.0,0.0,0.0,0.0,0.0,0.0,0.0,0.2857142857142857,0.0,0.0,0.0,0.0,0.14285714285714285,0.0,-0.25970036600871704,-0.21428571428571427,794.8985999999999,0.7536826836470423,0.7536826836470423
2011,neg_731,FLLSLPHLASGLASLVLSK,0,19,0.10526315789473684,0.0,0.0,0.0,0.05263157894736842,0.05263157894736842,0.05263157894736842,0.0,0.05263157894736842,0.3684210526315789,0.0,0.0,0.05263157894736842,0.0,0.0,0.21052631578947367,0.0,0.05263157894736842,0.0,0.0,0.8462768014448888,1.3105263157894735,1966.3663999999999,0.007026716392456412,0.007026716392456412
2012,neg_732,SANAKNDFMRF,0,11,0.18181818181818182,0.0,0.09090909090909091,0.0,0.18181818181818182,0.0,0.0,0.0,0.09090909090909091,0.0,0.09090909090909091,0.18181818181818182,0.0,0.0,0.09090909090909091,0.09090909090909091,0.0,0.0,0.0,0.0,0.4602582192584419,-0.7818181818181817,1300.4425999999999,0.04878967569364792,0.04878967569364792
2013,neg_733,CIIRNCPRG,0,9,0.0,0.2222222222222222,0.0,0.0,0.0,0.1111111111111111,0.0,0.2222222222222222,0.0,0.0,0.0,0.1111111111111111,0.1111111111111111,0.0,0.2222222222222222,0.0,0.0,0.0,0.0,0.0,1.740279634191281,-0.055555555555555566,1031.2567999999999,0.21040143910422507,0.21040143910422507
2014,neg_734,ALAGTIIAGASLTFKILDEV,0,20,0.2,0.0,0.05,0.05,0.05,0.1,0.0,0.15,0.05,0.15,0.0,0.0,0.0,0.0,0.0,0.05,0.1,0.05,0.0,0.0,-1.201193190231859,1.26,2003.3386999999998,0.007512244864548735,0.007512244864548735
2015,neg_735,RQRHPDCDKPPDTGN,0,15,0.0,0.06666666666666667,0.2,0.0,0.0,0.06666666666666667,0.06666666666666667,0.0,0.06666666666666667,0.0,0.0,0.06666666666666667,0.2,0.06666666666666667,0.13333333333333333,0.0,0.06666666666666667,0.0,0.0,0.0,-0.160281905634589,-2.466666666666667,1735.8359999999998,0.034073024096421184,0.034073024096421184
2016,neg_736,QGGAPWNPIPP,0,11,0.09090909090909091,0.0,0.0,0.0,0.0,0.18181818181818182,0.0,0.09090909090909091,0.0,0.0,0.0,0.09090909090909091,0.36363636363636365,0.09090909090909091,0.0,0.0,0.0,0.0,0.09090909090909091,0.0,-0.23989838581069733,-0.8,1133.2558999999999,0.5430700895899903,0.5430700895899903
2017,neg_737,DYMGWMDF,0,8,0.0,0.0,0.25,0.0,0.125,0.125,0.0,0.0,0.0,0.0,0.25,0.0,0.0,0.0,0.0,0.0,0.0,0.0,0.125,0.125,-2.2386558649300095,-0.37500000000000006,1064.1903,0.31340055020832186,0.31340055020832186
2018,neg_738,FFFLPSLIGGLVSAIK,0,16,0.0625,0.0,0.0,0.0,0.1875,0.125,0.0,0.125,0.0625,0.1875,0.0,0.0,0.0625,0.0,0.0,0.125,0.0,0.0625,0.0,0.0,0.7591026131903019,1.68125,1709.0783000000001,0.010095977387406868,0.010095977387406868
2019,neg_739,ILGTILGLLKSL,0,12,0.0,0.0,0.0,0.0,0.0,0.16666666666666666,0.0,0.16666666666666666,0.08333333333333333,0.4166666666666667,0.0,0.0,0.0,0.0,0.0,0.08333333333333333,0.08333333333333333,0.0,0.0,0.0,0.7591026131903019,1.8166666666666667,1240.5746,0.1738896013163018,0.1738896013163018
2020,neg_740,DHLSHDVYSPRL,0,12,0.0,0.0,0.16666666666666666,0.0,0.0,0.0,0.16666666666666666,0.0,0.0,0.16666666666666666,0.0,0.0,0.08333333333333333,0.0,0.08333333333333333,0.16666666666666666,0.0,0.08333333333333333,0.0,0.08333333333333333,-1.0643174883208366,-0.8833333333333334,1438.5436,0.26801776000288313,0.26801776000288313
2021,neg_741,TNDSAGDGTTTASVLAR,0,17,0.17647058823529413,0.0,0.11764705882352941,0.0,0.0,0.11764705882352941,0.0,0.0,0.0,0.058823529411764705,0.0,0.058823529411764705,0.0,0.0,0.058823529411764705,0.11764705882352941,0.23529411764705882,0.058823529411764705,0.0,0.0,-1.5995718836536839,-0.39999999999999997,1636.6735,0.03998230501824714,0.03998230501824714
2022,neg_743,SDYLQLAR,0,8,0.125,0.0,0.125,0.0,0.0,0.0,0.0,0.0,0.0,0.25,0.0,0.0,0.0,0.125,0.125,0.125,0.0,0.0,0.0,0.125,-0.5397417807415585,-0.525,965.0612000000001,0.6556145843412872,0.6556145843412872
2023,neg_744,QCCPTMPECCRI,0,12,0.0,0.3333333333333333,0.0,0.08333333333333333,0.0,0.0,0.0,0.08333333333333333,0.0,0.0,0.08333333333333333,0.0,0.16666666666666666,0.08333333333333333,0.08333333333333333,0.0,0.08333333333333333,0.0,0.0,0.0,-0.2767018841335278,0.08333333333333331,1383.7036999999998,0.09775421938713424,0.09775421938713424
2024,neg_745,GRGGASNYVRL,0,11,0.09090909090909091,0.0,0.0,0.0,0.0,0.2727272727272727,0.0,0.0,0.0,0.09090909090909091,0.0,0.09090909090909091,0.0,0.0,0.18181818181818182,0.09090909090909091,0.0,0.09090909090909091,0.0,0.09090909090909091,1.7590826133902997,-0.5454545454545454,1149.2602,0.39974813508899604,0.39974813508899604
2025,neg_747,IVGGFTIGIDTVPY,0,14,0.0,0.0,0.07142857142857142,0.0,0.07142857142857142,0.21428571428571427,0.0,0.21428571428571427,0.0,0.0,0.0,0.0,0.07142857142857142,0.0,0.0,0.0,0.14285714285714285,0.14285714285714285,0.0,0.07142857142857142,-1.2397766258698537,1.1214285714285714,1451.6614,0.15401715753231068,0.15401715753231068
2026,neg_748,SRDIVSVYDD,0,10,0.0,0.0,0.3,0.0,0.0,0.0,0.0,0.1,0.0,0.0,0.0,0.0,0.0,0.0,0.1,0.2,0.0,0.2,0.0,0.1,-2.5343193572545664,-0.5,1168.2106,0.2605351757151472,0.2605351757151472
2027,neg_749,EGFQLMDRGTFDEIGR,0,16,0.0,0.0,0.125,0.125,0.125,0.1875,0.0,0.0625,0.0,0.0625,0.0625,0.0,0.0,0.0625,0.125,0.0,0.0625,0.0,0.0,0.0,-2.15814039724911,-0.7875000000000001,1871.0353,0.013037151600472049,0.013037151600472049
2028,neg_750,GGPYSYGL,0,8,0.0,0.0,0.0,0.0,0.0,0.375,0.0,0.0,0.0,0.125,0.0,0.0,0.125,0.0,0.0,0.125,0.0,0.0,0.0,0.25,-0.24189638780869938,-0.30000000000000004,812.8657000000001,0.906378744663367,0.906378744663367
2029,neg_751,GLEETYCSMRIKENI,0,15,0.0,0.06666666666666667,0.0,0.2,0.0,0.06666666666666667,0.0,0.13333333333333333,0.06666666666666667,0.06666666666666667,0.06666666666666667,0.06666666666666667,0.0,0.0,0.06666666666666667,0.06666666666666667,0.06666666666666667,0.0,0.0,0.06666666666666667,-1.2433759918880791,-0.56,1786.0353,0.04946969062398999,0.04946969062398999
2030,neg_753,VIGGDICNINEHNFLVALYE,0,20,0.05,0.05,0.05,0.1,0.05,0.1,0.05,0.15,0.0,0.1,0.0,0.15,0.0,0.0,0.0,0.0,0.0,0.1,0.0,0.05,-3.177758448234517,0.5149999999999999,2233.4982,0.007617635473890916,0.007617635473890916
2031,neg_754,ALVSADGDSWFAR,0,13,0.23076923076923078,0.0,0.15384615384615385,0.0,0.07692307692307693,0.07692307692307693,0.0,0.0,0.0,0.07692307692307693,0.0,0.0,0.0,0.0,0.07692307692307693,0.15384615384615385,0.0,0.07692307692307693,0.07692307692307693,0.0,-1.201893890166225,0.13846153846153844,1394.4877,0.04989893939060745,0.04989893939060745
2032,neg_755,DMCCHPACMNHFNC,0,14,0.07142857142857142,0.2857142857142857,0.07142857142857142,0.0,0.07142857142857142,0.0,0.14285714285714285,0.0,0.0,0.0,0.14285714285714285,0.14285714285714285,0.07142857142857142,0.0,0.0,0.0,0.0,0.0,0.0,0.0,-1.1040332087577183,-0.007142857142857196,1625.917,0.03122176490956741,0.03122176490956741
2033,neg_756,RPPGFTPFR,0,9,0.0,0.0,0.0,0.0,0.2222222222222222,0.1111111111111111,0.0,0.0,0.0,0.0,0.0,0.0,0.3333333333333333,0.0,0.2222222222222222,0.0,0.1111111111111111,0.0,0.0,0.0,1.7600816143893008,-1.0333333333333334,1074.2351,0.24626745873872416,0.24626745873872416
2034,neg_757,APSMGFMGMR,0,10,0.1,0.0,0.0,0.0,0.1,0.2,0.0,0.0,0.0,0.0,0.3,0.0,0.1,0.0,0.1,0.1,0.0,0.0,0.0,0.0,0.7958645879540859,0.25999999999999995,1084.3358,0.17430229922231008,0.17430229922231008
2035,neg_759,VQGMVYCDTCRSANALGFMR,0,20,0.1,0.1,0.05,0.0,0.05,0.1,0.0,0.0,0.0,0.05,0.1,0.05,0.0,0.05,0.1,0.05,0.05,0.1,0.0,0.05,0.7142881698979742,0.215,2222.5899,0.002115503772407726,0.002115503772407726
2036,neg_760,YVVPAAKLEAIYPKGLRVSI,0,20,0.15,0.0,0.0,0.05,0.0,0.05,0.0,0.1,0.1,0.1,0.0,0.0,0.1,0.0,0.05,0.05,0.0,0.15,0.0,0.1,1.7589060722665082,0.5900000000000001,2187.6221,0.008830054741205844,0.008830054741205844
2037,neg_761,MDLSFTLSVVTA,0,12,0.08333333333333333,0.0,0.08333333333333333,0.0,0.08333333333333333,0.0,0.0,0.0,0.0,0.16666666666666666,0.08333333333333333,0.0,0.0,0.0,0.0,0.16666666666666666,0.16666666666666666,0.16666666666666666,0.0,0.0,-1.4985245515188106,1.3333333333333333,1283.49,0.142568104543185,0.142568104543185
2038,neg_762,FLSLIPHAINAISAIAHHL,0,19,0.21052631578947367,0.0,0.0,0.0,0.05263157894736842,0.0,0.15789473684210525,0.21052631578947367,0.0,0.15789473684210525,0.0,0.05263157894736842,0.05263157894736842,0.0,0.0,0.10526315789473684,0.0,0.0,0.0,0.0,0.021624178953063455,1.2157894736842103,2038.3941999999997,0.00954374712469925,0.00954374712469925
2039,neg_764,VDKPDYRPRPWPRPNM,0,16,0.0,0.0,0.125,0.0,0.0,0.0,0.0,0.0,0.0625,0.0,0.0625,0.0625,0.3125,0.0,0.1875,0.0,0.0,0.0625,0.0625,0.0625,1.7342019101368367,-2.0,2024.3082,0.009161990383215269,0.009161990383215269
2040,neg_765,MIERELGNWKDFIEVMLRK,0,19,0.0,0.0,0.05263157894736842,0.15789473684210525,0.05263157894736842,0.05263157894736842,0.0,0.10526315789473684,0.10526315789473684,0.10526315789473684,0.10526315789473684,0.05263157894736842,0.0,0.0,0.10526315789473684,0.0,0.0,0.05263157894736842,0.05263157894736842,0.0,-0.49211116739718364,-0.4315789473684211,2407.8517,0.0013024279797583245,0.0013024279797583245
2041,neg_767,SVQFKPRL,0,8,0.0,0.0,0.0,0.0,0.125,0.0,0.0,0.0,0.125,0.125,0.0,0.0,0.125,0.125,0.125,0.125,0.0,0.125,0.0,0.0,1.4591374583185974,-0.4375,974.1574,0.5105796758441798,0.5105796758441798
2042,neg_768,TKCPTCQNDTCSNKI,0,15,0.0,0.2,0.06666666666666667,0.0,0.0,0.0,0.0,0.06666666666666667,0.13333333333333333,0.0,0.0,0.13333333333333333,0.06666666666666667,0.06666666666666667,0.0,0.06666666666666667,0.2,0.0,0.0,0.0,0.3676163830114416,-0.9533333333333334,1655.8721999999998,0.023643254239963187,0.023643254239963187
2043,neg_769,EQPGGDKVNLGYFTN,0,15,0.0,0.0,0.06666666666666667,0.06666666666666667,0.06666666666666667,0.2,0.0,0.0,0.06666666666666667,0.06666666666666667,0.0,0.13333333333333333,0.06666666666666667,0.06666666666666667,0.0,0.0,0.06666666666666667,0.06666666666666667,0.0,0.06666666666666667,-1.1640496223601642,-1.0266666666666666,1638.732,0.12076567932083179,0.12076567932083179
2044,neg_770,GYNRSFLRF,0,9,0.0,0.0,0.0,0.0,0.2222222222222222,0.1111111111111111,0.0,0.0,0.0,0.1111111111111111,0.0,0.1111111111111111,0.0,0.0,0.2222222222222222,0.1111111111111111,0.0,0.0,0.0,0.1111111111111111,1.7590826133902997,-0.6222222222222222,1159.2963,0.1602768444913309,0.1602768444913309
2045,neg_771,RGSNLTHPLRNIGDLFYVGN,0,20,0.0,0.0,0.05,0.0,0.05,0.15,0.05,0.05,0.0,0.15,0.0,0.15,0.05,0.0,0.1,0.05,0.05,0.05,0.0,0.05,0.8473775625847313,-0.445,2243.4799,0.0033031413991731246,0.0033031413991731246
2046,neg_772,ADGSDPASSEFLAEGGGVR,0,19,0.15789473684210525,0.0,0.10526315789473684,0.10526315789473684,0.05263157894736842,0.21052631578947367,0.0,0.0,0.0,0.05263157894736842,0.0,0.0,0.05263157894736842,0.0,0.05263157894736842,0.15789473684210525,0.0,0.05263157894736842,0.0,0.0,-3.196272966219805,-0.41578947368421054,1821.8521999999998,0.019209098348855994,0.019209098348855994
2047,neg_773,KLSYDDKVFENVEFTPRL,0,18,0.0,0.0,0.1111111111111111,0.1111111111111111,0.1111111111111111,0.0,0.0,0.0,0.1111111111111111,0.1111111111111111,0.0,0.05555555555555555,0.05555555555555555,0.0,0.05555555555555555,0.05555555555555555,0.05555555555555555,0.1111111111111111,0.0,0.05555555555555555,-1.2350429428815919,-0.7,2200.4454,0.004504765650823763,0.004504765650823763
2048,neg_774,YEYSVYREIIGSGHIIAR,0,18,0.05555555555555555,0.0,0.0,0.1111111111111111,0.0,0.1111111111111111,0.05555555555555555,0.2222222222222222,0.0,0.0,0.0,0.0,0.0,0.0,0.1111111111111111,0.1111111111111111,0.0,0.05555555555555555,0.0,0.16666666666666666,-0.15012027640669467,-0.08333333333333334,2126.3701,0.01671852962435825,0.01671852962435825
2049,neg_775,RPPGWSPFR,0,9,0.0,0.0,0.0,0.0,0.1111111111111111,0.1111111111111111,0.0,0.0,0.0,0.0,0.0,0.0,0.3333333333333333,0.0,0.2222222222222222,0.1111111111111111,0.0,0.0,0.1111111111111111,0.0,1.7600816143893008,-1.4555555555555557,1099.2446,0.23552998124079258,0.23552998124079258
2050,neg_776,FLSLALAALPKFLCLVFKKC,0,20,0.15,0.1,0.0,0.0,0.15,0.0,0.0,0.0,0.15,0.3,0.0,0.0,0.05,0.0,0.0,0.05,0.0,0.05,0.0,0.0,2.7373026309942805,1.585,2225.8422,0.0008187374701795418,0.0008187374701795418
2051,neg_778,VDWKKIGQHILSVL,0,14,0.0,0.0,0.07142857142857142,0.0,0.0,0.07142857142857142,0.07142857142857142,0.14285714285714285,0.14285714285714285,0.14285714285714285,0.0,0.0,0.0,0.07142857142857142,0.0,0.07142857142857142,0.0,0.14285714285714285,0.07142857142857142,0.0,0.8202853371515826,0.35000000000000003,1635.9467,0.07674849759498757,0.07674849759498757
2052,neg_779,AEPRDQFK,0,8,0.125,0.0,0.125,0.125,0.125,0.0,0.0,0.0,0.125,0.0,0.0,0.0,0.125,0.125,0.125,0.0,0.0,0.0,0.0,0.0,-0.20120319013186005,-1.9875,990.0708,0.580886885734423,0.580886885734423
2053,neg_780,GFGSLFKFLGKKVLK,0,15,0.0,0.0,0.0,0.0,0.2,0.2,0.0,0.0,0.26666666666666666,0.2,0.0,0.0,0.0,0.0,0.0,0.06666666666666667,0.0,0.06666666666666667,0.0,0.0,3.7561056101932997,0.42666666666666664,1669.0609,0.012227618806683969,0.012227618806683969
2054,neg_781,DVNWPLGWPVGGYPG,0,15,0.0,0.0,0.06666666666666667,0.0,0.0,0.26666666666666666,0.0,0.0,0.0,0.06666666666666667,0.0,0.06666666666666667,0.2,0.0,0.0,0.0,0.0,0.13333333333333333,0.13333333333333333,0.06666666666666667,-1.2397766258698537,-0.28666666666666674,1613.7687,0.1383285369895103,0.1383285369895103
2055,neg_782,GLVGTLLGHIGKAILS,0,16,0.0625,0.0,0.0,0.0,0.0,0.25,0.0625,0.125,0.0625,0.25,0.0,0.0,0.0,0.0,0.0,0.0625,0.0625,0.0625,0.0,0.0,0.8462768014448888,1.25,1548.8678,0.09397621661580878,0.09397621661580878
2056,neg_783,CCKYGWTCLLGCSPCGC,0,17,0.0,0.35294117647058826,0.0,0.0,0.0,0.17647058823529413,0.0,0.0,0.058823529411764705,0.11764705882352941,0.0,0.0,0.058823529411764705,0.0,0.0,0.058823529411764705,0.058823529411764705,0.0,0.058823529411764705,0.058823529411764705,0.6986976715972415,0.7176470588235294,1797.1936,0.008682985439515003,0.008682985439515003
2057,neg_784,DRNFLRF,0,7,0.0,0.0,0.14285714285714285,0.0,0.2857142857142857,0.0,0.0,0.0,0.0,0.14285714285714285,0.0,0.14285714285714285,0.0,0.0,0.2857142857142857,0.0,0.0,0.0,0.0,0.0,0.7612023753291453,-0.942857142857143,967.0819,0.1621696827929412,0.1621696827929412
2058,neg_785,QARPPHPPIPPAP,0,13,0.15384615384615385,0.0,0.0,0.0,0.0,0.0,0.07692307692307693,0.07692307692307693,0.0,0.0,0.0,0.0,0.5384615384615384,0.07692307692307693,0.07692307692307693,0.0,0.0,0.0,0.0,0.0,0.8472658025438885,-1.1,1374.5892999999999,0.38377165035355737,0.38377165035355737
2059,neg_786,NGRCCHPACARKYNC,0,15,0.13333333333333333,0.26666666666666666,0.0,0.0,0.0,0.06666666666666667,0.06666666666666667,0.0,0.06666666666666667,0.0,0.0,0.13333333333333333,0.06666666666666667,0.0,0.13333333333333333,0.0,0.0,0.0,0.0,0.06666666666666667,2.8056538402498465,-0.8533333333333334,1695.9706,0.026727332636708553,0.026727332636708553
2060,neg_787,AFSSWG,0,6,0.16666666666666666,0.0,0.0,0.0,0.16666666666666666,0.16666666666666666,0.0,0.0,0.0,0.0,0.0,0.0,0.0,0.0,0.0,0.3333333333333333,0.0,0.0,0.16666666666666666,0.0,-0.20412541214591307,0.28333333333333327,653.6827999999999,0.4542769014668869,0.4542769014668869
2061,neg_788,AGPVSKLVSGIGL,0,13,0.07692307692307693,0.0,0.0,0.0,0.0,0.23076923076923078,0.0,0.07692307692307693,0.07692307692307693,0.15384615384615385,0.0,0.0,0.07692307692307693,0.0,0.0,0.15384615384615385,0.0,0.15384615384615385,0.0,0.0,0.794875586855086,1.0769230769230769,1197.424,0.2769337011953305,0.2769337011953305
2062,neg_790,QWPDPSSDIPP,0,11,0.0,0.0,0.18181818181818182,0.0,0.0,0.0,0.0,0.09090909090909091,0.0,0.0,0.0,0.0,0.36363636363636365,0.09090909090909091,0.0,0.18181818181818182,0.0,0.0,0.09090909090909091,0.0,-2.2376568639310084,-1.3545454545454545,1238.3021999999999,0.21241454035719887,0.21241454035719887
2063,neg_791,SGSAKVAFSAIRSTNH,0,16,0.1875,0.0,0.0,0.0,0.0625,0.0625,0.0625,0.0625,0.0625,0.0,0.0,0.0625,0.0,0.0,0.0625,0.25,0.0625,0.0625,0.0,0.0,1.5463116465731845,-0.15625,1632.7757000000001,0.0253643103421995,0.0253643103421995
2064,neg_792,ADRELHRSKA,0,10,0.2,0.0,0.1,0.1,0.0,0.0,0.1,0.0,0.1,0.1,0.0,0.0,0.0,0.0,0.2,0.1,0.0,0.0,0.0,0.0,0.8859609982227261,-1.65,1182.2904,0.36493020434260776,0.36493020434260776
2065,neg_793,KIMAKPSKFYEQLRGR,0,16,0.0625,0.0,0.0,0.0625,0.0625,0.0625,0.0,0.0625,0.1875,0.0625,0.0625,0.0,0.0625,0.0625,0.125,0.0625,0.0,0.0,0.0,0.0625,3.758896072366507,-1.0625,1952.3267,0.009256992327765806,0.009256992327765806
2066,neg_794,MRWQEMGYIFYPRKLR,0,16,0.0,0.0,0.0,0.0625,0.0625,0.0625,0.0,0.0625,0.0625,0.0625,0.125,0.0,0.0625,0.0625,0.1875,0.0,0.0,0.0,0.0625,0.125,2.500138146817549,-0.9375,2174.5917,0.00523609501476251,0.00523609501476251
2067,neg_795,LNFKALAALAKKIL,0,14,0.2857142857142857,0.0,0.0,0.0,0.07142857142857142,0.0,0.0,0.07142857142857142,0.21428571428571427,0.2857142857142857,0.0,0.07142857142857142,0.0,0.0,0.0,0.0,0.0,0.0,0.0,0.0,2.7571046111923003,1.0357142857142858,1513.9081999999999,0.04362757802958107,0.04362757802958107
2068,neg_796,GLFDIIKKVASVIGGL,0,16,0.0625,0.0,0.0625,0.0,0.0625,0.1875,0.0,0.1875,0.125,0.125,0.0,0.0,0.0,0.0,0.0,0.0625,0.0,0.125,0.0,0.0,0.7592243731311454,1.3,1629.9802,0.028122791696884055,0.028122791696884055
2069,neg_797,VIGGDECNIN,0,10,0.0,0.1,0.1,0.1,0.0,0.2,0.0,0.2,0.0,0.0,0.0,0.2,0.0,0.0,0.0,0.0,0.0,0.1,0.0,0.0,-2.2719813772308024,0.09000000000000001,1033.1136,0.5160611891937039,0.5160611891937039
2070,neg_798,AVPPRYGYTRG,0,11,0.09090909090909091,0.0,0.0,0.0,0.0,0.18181818181818182,0.0,0.0,0.0,0.0,0.0,0.0,0.18181818181818182,0.0,0.18181818181818182,0.0,0.09090909090909091,0.09090909090909091,0.0,0.18181818181818182,1.7938565860560827,-0.9363636363636364,1236.3789,0.5789356661595569,0.5789356661595569
2071,neg_799,DCQPCGHNVCC,0,11,0.0,0.36363636363636365,0.09090909090909091,0.0,0.0,0.09090909090909091,0.09090909090909091,0.0,0.0,0.0,0.0,0.09090909090909091,0.09090909090909091,0.09090909090909091,0.0,0.0,0.0,0.09090909090909091,0.0,0.0,-1.1912073970123052,-0.13636363636363635,1178.3428999999999,0.308546189849625,0.308546189849625
2072,neg_800,AHRFAAEDFGALDTA,0,15,0.3333333333333333,0.0,0.13333333333333333,0.06666666666666667,0.13333333333333333,0.06666666666666667,0.06666666666666667,0.0,0.0,0.06666666666666667,0.0,0.0,0.0,0.0,0.06666666666666667,0.0,0.06666666666666667,0.0,0.0,0.0,-2.111909239938428,-0.06000000000000003,1591.679,0.051237562345899414,0.051237562345899414
2073,neg_801,PKPPDRG,0,7,0.0,0.0,0.14285714285714285,0.0,0.0,0.14285714285714285,0.0,0.0,0.14285714285714285,0.0,0.0,0.0,0.42857142857142855,0.0,0.14285714285714285,0.0,0.0,0.0,0.0,0.0,0.9586406276191981,-2.442857142857143,765.8575999999999,0.7562152521955509,0.7562152521955509
2074,neg_802,DVPKSDQFVGLM,0,12,0.0,0.0,0.16666666666666666,0.0,0.08333333333333333,0.08333333333333333,0.0,0.0,0.08333333333333333,0.08333333333333333,0.08333333333333333,0.0,0.08333333333333333,0.08333333333333333,0.0,0.08333333333333333,0.0,0.16666666666666666,0.0,0.0,-1.238655864930009,-0.025000000000000012,1335.5248,0.14943314552609221,0.14943314552609221
2075,neg_803,CCAPSACRLGCRPCCR,0,16,0.125,0.375,0.0,0.0,0.0,0.0625,0.0,0.0,0.0,0.0625,0.0,0.0,0.125,0.0,0.1875,0.0625,0.0,0.0,0.0,0.0,2.70066567389524,0.28125,1699.1022,0.00607062268193223,0.00607062268193223
2076,neg_804,VNWKKILGKIIKVAK,0,15,0.06666666666666667,0.0,0.0,0.0,0.0,0.06666666666666667,0.0,0.2,0.3333333333333333,0.06666666666666667,0.0,0.06666666666666667,0.0,0.0,0.0,0.0,0.0,0.13333333333333333,0.06666666666666667,0.0,4.728993384960147,0.21333333333333337,1738.2109,0.023680653321752346,0.023680653321752346
2077,neg_805,LDSLSFSYNNFEEDD,0,15,0.0,0.0,0.2,0.13333333333333333,0.13333333333333333,0.0,0.0,0.0,0.0,0.13333333333333333,0.0,0.13333333333333333,0.0,0.0,0.0,0.2,0.0,0.0,0.0,0.06666666666666667,-5.228733278436441,-1.0,1794.7786,0.016354686266127443,0.016354686266127443
2078,neg_806,ESGGSGEANGMWFGPRL,0,17,0.058823529411764705,0.0,0.0,0.11764705882352941,0.058823529411764705,0.29411764705882354,0.0,0.0,0.0,0.058823529411764705,0.058823529411764705,0.058823529411764705,0.058823529411764705,0.0,0.058823529411764705,0.11764705882352941,0.0,0.0,0.058823529411764705,0.0,-1.1603719192287978,-0.6352941176470589,1751.8731,0.028160159851453113,0.028160159851453113
2079,neg_807,FLPLLAASFACTVTKKC,0,17,0.17647058823529413,0.11764705882352941,0.0,0.0,0.11764705882352941,0.0,0.0,0.0,0.11764705882352941,0.17647058823529413,0.0,0.0,0.058823529411764705,0.0,0.0,0.058823529411764705,0.11764705882352941,0.058823529411764705,0.0,0.0,1.7383016319932811,1.1764705882352942,1813.2311,0.008156329259383992,0.008156329259383992
2080,neg_808,NNQLNASHK,0,9,0.1111111111111111,0.0,0.0,0.0,0.0,0.0,0.1111111111111111,0.0,0.1111111111111111,0.1111111111111111,0.0,0.3333333333333333,0.0,0.1111111111111111,0.0,0.1111111111111111,0.0,0.0,0.0,0.0,0.8462768014448888,-1.8111111111111111,1025.0767,0.710054938253133,0.710054938253133
2081,neg_809,RGSNLTHPLRNIRDLFYVG,0,19,0.0,0.0,0.05263157894736842,0.0,0.05263157894736842,0.10526315789473684,0.05263157894736842,0.05263157894736842,0.0,0.15789473684210525,0.0,0.10526315789473684,0.05263157894736842,0.0,0.15789473684210525,0.05263157894736842,0.05263157894736842,0.05263157894736842,0.0,0.05263157894736842,1.84736756268473,-0.5,2228.5117,0.002929728547059147,0.002929728547059147
2082,neg_810,DDAVADGEHAISGVVDS,0,17,0.17647058823529413,0.0,0.23529411764705882,0.058823529411764705,0.0,0.11764705882352941,0.058823529411764705,0.058823529411764705,0.0,0.0,0.0,0.0,0.0,0.0,0.0,0.11764705882352941,0.0,0.17647058823529413,0.0,0.0,-5.145430691823522,-0.0352941176470588,1656.6597,0.07255112902397974,0.07255112902397974
2083,neg_811,SPATMGFAGVR,0,11,0.18181818181818182,0.0,0.0,0.0,0.09090909090909091,0.18181818181818182,0.0,0.0,0.0,0.0,0.09090909090909091,0.0,0.09090909090909091,0.0,0.09090909090909091,0.09090909090909091,0.09090909090909091,0.09090909090909091,0.0,0.0,0.46013645931759795,0.3727272727272727,1093.2566,0.2861487086049734,0.2861487086049734
2084,neg_812,TSSGCPNFESLVR,0,13,0.0,0.07692307692307693,0.0,0.07692307692307693,0.07692307692307693,0.07692307692307693,0.0,0.0,0.0,0.07692307692307693,0.0,0.07692307692307693,0.07692307692307693,0.0,0.07692307692307693,0.23076923076923078,0.07692307692307693,0.07692307692307693,0.0,0.0,-0.6089039336591726,-0.2538461538461539,1396.5251999999998,0.08142676672253561,0.08142676672253561
2085,neg_813,GYSSASKIIFGSGTRLSIRP,0,20,0.05,0.0,0.0,0.0,0.05,0.15,0.0,0.15,0.05,0.05,0.0,0.0,0.05,0.0,0.1,0.25,0.05,0.0,0.0,0.05,2.758083612391299,0.00999999999999997,2097.3738,0.0017558828294125593,0.0017558828294125593
2086,neg_814,DLYGNIVLSGGSTMF,0,15,0.0,0.0,0.06666666666666667,0.0,0.06666666666666667,0.2,0.0,0.06666666666666667,0.0,0.13333333333333333,0.06666666666666667,0.06666666666666667,0.0,0.0,0.0,0.13333333333333333,0.06666666666666667,0.06666666666666667,0.0,0.06666666666666667,-1.2397766258698537,0.6133333333333333,1573.7644999999998,0.04931252754736349,0.04931252754736349
2087,neg_815,APVMGFQGMR,0,10,0.1,0.0,0.0,0.0,0.1,0.2,0.0,0.0,0.0,0.0,0.2,0.0,0.1,0.1,0.1,0.0,0.0,0.1,0.0,0.0,0.7958645879540859,0.21999999999999997,1093.3227,0.38662402581791794,0.38662402581791794
2088,neg_816,QDGKSSFQKEGGGVR,0,15,0.0,0.0,0.06666666666666667,0.06666666666666667,0.06666666666666667,0.26666666666666666,0.0,0.0,0.13333333333333333,0.0,0.0,0.0,0.0,0.13333333333333333,0.06666666666666667,0.13333333333333333,0.0,0.06666666666666667,0.0,0.0,0.7620248352043548,-1.5,1579.67,0.060917657962599944,0.060917657962599944
2089,neg_817,MAATFALHGWWRTS,0,14,0.21428571428571427,0.0,0.0,0.0,0.07142857142857142,0.07142857142857142,0.07142857142857142,0.0,0.0,0.07142857142857142,0.07142857142857142,0.0,0.0,0.0,0.07142857142857142,0.07142857142857142,0.14285714285714285,0.0,0.14285714285714285,0.0,0.5875188758959308,0.12857142857142853,1634.8575999999998,0.03900252009297637,0.03900252009297637
2090,neg_818,PAPESGFIRDP,0,11,0.09090909090909091,0.0,0.09090909090909091,0.09090909090909091,0.09090909090909091,0.09090909090909091,0.0,0.09090909090909091,0.0,0.0,0.0,0.0,0.2727272727272727,0.0,0.09090909090909091,0.09090909090909091,0.0,0.0,0.0,0.0,-1.037549909408591,-0.7636363636363637,1185.2858999999999,0.23652050815755601,0.23652050815755601
2091,neg_819,AYVSQSGAPWGLGRISHK,0,18,0.1111111111111111,0.0,0.0,0.0,0.0,0.16666666666666666,0.05555555555555555,0.05555555555555555,0.05555555555555555,0.05555555555555555,0.0,0.0,0.05555555555555555,0.05555555555555555,0.05555555555555555,0.16666666666666666,0.0,0.05555555555555555,0.05555555555555555,0.05555555555555555,1.8810407742106712,-0.35555555555555557,1914.1279,0.01844978777408392,0.01844978777408392
2092,neg_820,SCSCKRNFLCC,0,11,0.0,0.36363636363636365,0.0,0.0,0.09090909090909091,0.0,0.0,0.0,0.09090909090909091,0.09090909090909091,0.0,0.09090909090909091,0.0,0.0,0.09090909090909091,0.18181818181818182,0.0,0.0,0.0,0.0,1.4195334979225578,0.2818181818181818,1263.5335,0.025148894713946573,0.025148894713946573
2093,neg_821,MTDTPLSAAEF,0,11,0.18181818181818182,0.0,0.09090909090909091,0.09090909090909091,0.09090909090909091,0.0,0.0,0.0,0.0,0.09090909090909091,0.09090909090909091,0.0,0.09090909090909091,0.0,0.0,0.09090909090909091,0.18181818181818182,0.0,0.0,0.0,-2.4957140895456003,0.11818181818181815,1182.3002,0.2642350715818195,0.2642350715818195
2094,neg_822,MKVFVLNGPNLGRLGKREPA,0,20,0.05,0.0,0.0,0.05,0.05,0.15,0.0,0.0,0.1,0.15,0.05,0.1,0.1,0.0,0.1,0.0,0.0,0.1,0.0,0.0,2.501147147716551,-0.27,2196.6173,0.0038244223644429633,0.0038244223644429633
2095,neg_823,GKPSRPRPAPIQPRPPHPRL,0,20,0.05,0.0,0.0,0.0,0.0,0.05,0.05,0.05,0.05,0.05,0.0,0.0,0.4,0.05,0.2,0.05,0.0,0.0,0.0,0.0,4.846236801844884,-1.625,2254.6422,0.003090836775266405,0.003090836775266405
2096,neg_824,ASSGLISMPRV,0,11,0.09090909090909091,0.0,0.0,0.0,0.0,0.09090909090909091,0.0,0.09090909090909091,0.0,0.09090909090909091,0.09090909090909091,0.0,0.09090909090909091,0.0,0.09090909090909091,0.2727272727272727,0.0,0.09090909090909091,0.0,0.0,0.7958645879540859,0.6636363636363636,1117.3195,0.19645378893613197,0.19645378893613197
2097,neg_825,SDLTWTYQSPGDPTNSKN,0,18,0.0,0.0,0.1111111111111111,0.0,0.0,0.05555555555555555,0.0,0.0,0.05555555555555555,0.05555555555555555,0.0,0.1111111111111111,0.1111111111111111,0.05555555555555555,0.0,0.16666666666666666,0.16666666666666666,0.0,0.05555555555555555,0.05555555555555555,-1.5396100209007137,-1.5499999999999998,2011.0628000000002,0.00968618037878,0.00968618037878
2098,neg_826,VDPGESTFIDEGATGR,0,16,0.0625,0.0,0.125,0.125,0.0625,0.1875,0.0,0.0625,0.0,0.0,0.0,0.0,0.0625,0.0,0.0625,0.0625,0.125,0.0625,0.0,0.0,-3.2581591641187395,-0.6375,1650.6983,0.05762827970681634,0.05762827970681634
2099,neg_827,GSSGMISFPRT,0,11,0.0,0.0,0.0,0.0,0.09090909090909091,0.18181818181818182,0.0,0.09090909090909091,0.0,0.0,0.09090909090909091,0.0,0.09090909090909091,0.0,0.09090909090909091,0.2727272727272727,0.09090909090909091,0.0,0.0,0.0,0.7600916142893016,-0.07272727272727277,1139.282,0.10856140692323496,0.10856140692323496
2100,neg_828,AKEKEVTFQSGGPT,0,14,0.07142857142857142,0.0,0.0,0.14285714285714285,0.07142857142857142,0.14285714285714285,0.0,0.0,0.14285714285714285,0.0,0.0,0.0,0.07142857142857142,0.07142857142857142,0.0,0.07142857142857142,0.14285714285714285,0.07142857142857142,0.0,0.0,-0.20050249019749433,-1.0071428571428571,1478.6027,0.20161851701487535,0.20161851701487535
2101,neg_829,GLVDVLGKVGGLIKKLLP,0,18,0.0,0.0,0.05555555555555555,0.0,0.0,0.2222222222222222,0.0,0.05555555555555555,0.16666666666666666,0.2777777777777778,0.0,0.0,0.05555555555555555,0.0,0.0,0.0,0.0,0.16666666666666666,0.0,0.0,1.7582253721321448,0.9833333333333333,1819.2786,0.027056177321133617,0.027056177321133617
2102,neg_830,MFLGPGGAGGQAFDQAR,0,17,0.17647058823529413,0.0,0.058823529411764705,0.0,0.11764705882352941,0.29411764705882354,0.0,0.0,0.0,0.058823529411764705,0.058823529411764705,0.0,0.058823529411764705,0.11764705882352941,0.058823529411764705,0.0,0.0,0.0,0.0,0.0,-0.49853455141881153,-0.11176470588235299,1679.8534,0.030091845900996037,0.030091845900996037
2103,neg_831,FIGGIISFFKRLF,0,13,0.0,0.0,0.0,0.0,0.3076923076923077,0.15384615384615385,0.0,0.23076923076923078,0.07692307692307693,0.07692307692307693,0.0,0.0,0.0,0.0,0.07692307692307693,0.07692307692307693,0.0,0.0,0.0,0.0,1.759092613290301,1.4230769230769231,1544.8788,0.008182358861873018,0.008182358861873018
2104,neg_832,MRRAVILVLDRAGPV,0,15,0.13333333333333333,0.0,0.06666666666666667,0.0,0.0,0.06666666666666667,0.0,0.06666666666666667,0.0,0.13333333333333333,0.06666666666666667,0.0,0.06666666666666667,0.0,0.2,0.0,0.0,0.2,0.0,0.0,1.5014454487811861,0.7466666666666666,1666.0439000000001,0.0405377127832236,0.0405377127832236
2105,neg_833,NGCCIVRECC,0,10,0.0,0.4,0.0,0.1,0.0,0.1,0.0,0.1,0.0,0.0,0.0,0.1,0.0,0.0,0.1,0.0,0.0,0.1,0.0,0.0,-0.2767018841335278,0.6799999999999999,1099.3291,0.23163835701208305,0.23163835701208305
2106,neg_834,KTGVNKPELLPKEETTVIDV,0,20,0.0,0.0,0.05,0.15,0.0,0.05,0.0,0.05,0.15,0.1,0.0,0.05,0.1,0.0,0.0,0.0,0.15,0.15,0.0,0.0,-1.2333432419482242,-0.51,2210.5234,0.01236620058349748,0.01236620058349748
2107,neg_835,TDAVADGVHAISGVVDT,0,17,0.17647058823529413,0.0,0.17647058823529413,0.0,0.0,0.11764705882352941,0.058823529411764705,0.058823529411764705,0.0,0.0,0.0,0.0,0.0,0.0,0.0,0.058823529411764705,0.11764705882352941,0.23529411764705882,0.0,0.0,-3.5112669345592513,0.5882352941176471,1626.7198,0.10426356925924617,0.10426356925924617
2108,neg_836,KSTDFDYNNKKANYD,0,15,0.06666666666666667,0.0,0.2,0.0,0.06666666666666667,0.0,0.0,0.0,0.2,0.0,0.0,0.2,0.0,0.0,0.0,0.06666666666666667,0.06666666666666667,0.0,0.0,0.13333333333333333,-0.23835020637886517,-2.146666666666667,1822.8815,0.017380787310815014,0.017380787310815014
2109,neg_837,GRTFFVGGNW,0,10,0.0,0.0,0.0,0.0,0.2,0.3,0.0,0.0,0.0,0.0,0.0,0.1,0.0,0.0,0.1,0.0,0.1,0.1,0.1,0.0,0.7600916142893016,-0.10000000000000002,1140.2499,0.22541276389663154,0.22541276389663154
2110,neg_838,CCDRIACRFGCVPCCT,0,16,0.0625,0.375,0.0625,0.0,0.0625,0.0625,0.0,0.0625,0.0,0.0,0.0,0.0,0.0625,0.0,0.125,0.0,0.0625,0.0625,0.0,0.0,0.701796434735086,0.81875,1750.1422,0.004960630634873778,0.004960630634873778
2111,neg_839,RRWCFRVCYKGFCYRKCR,0,18,0.0,0.2222222222222222,0.0,0.0,0.1111111111111111,0.05555555555555555,0.0,0.0,0.1111111111111111,0.0,0.0,0.0,0.0,0.0,0.2777777777777778,0.0,0.0,0.05555555555555555,0.05555555555555555,0.1111111111111111,6.716451650297254,-0.8,2430.9462,0.00024993151123849924,0.00024993151123849924
2112,neg_840,QANQDFMRF,0,9,0.1111111111111111,0.0,0.1111111111111111,0.0,0.2222222222222222,0.0,0.0,0.0,0.0,0.0,0.1111111111111111,0.1111111111111111,0.0,0.2222222222222222,0.1111111111111111,0.0,0.0,0.0,0.0,0.0,-0.2387876247708538,-1.0222222222222224,1156.2709,0.20660319911192349,0.20660319911192349
2113,neg_842,ALAGDHFFRF,0,10,0.2,0.0,0.1,0.0,0.3,0.1,0.1,0.0,0.0,0.1,0.0,0.0,0.0,0.0,0.1,0.0,0.0,0.0,0.0,0.0,-0.11584046285148264,0.41999999999999993,1180.3138,0.12734481195736805,0.12734481195736805
2114,neg_843,STHTSDFLKL,0,10,0.0,0.0,0.1,0.0,0.1,0.0,0.1,0.0,0.1,0.2,0.0,0.0,0.0,0.0,0.0,0.2,0.2,0.0,0.0,0.0,-0.45255759258697026,-0.32000000000000006,1148.2657,0.24881936099937152,0.24881936099937152
2115,neg_844,IFFEV,0,5,0.0,0.0,0.0,0.2,0.4,0.0,0.0,0.2,0.0,0.0,0.0,0.0,0.0,0.0,0.0,0.0,0.0,0.2,0.0,0.0,-1.2370879238374872,2.16,653.7655,0.8059855173330854,0.8059855173330854
2116,neg_845,APQPYAFGL,0,9,0.2222222222222222,0.0,0.0,0.0,0.1111111111111111,0.1111111111111111,0.0,0.0,0.0,0.1111111111111111,0.0,0.0,0.2222222222222222,0.1111111111111111,0.0,0.0,0.0,0.0,0.0,0.1111111111111111,-0.20512441314491403,0.19999999999999993,963.0866000000001,0.7460566554358941,0.7460566554358941
2117,neg_846,PSATYFVR,0,8,0.125,0.0,0.0,0.0,0.125,0.0,0.0,0.0,0.0,0.0,0.0,0.0,0.125,0.0,0.125,0.125,0.125,0.125,0.0,0.125,0.9575198666793532,-0.012500000000000011,940.0533,0.6464351777836657,0.6464351777836657
2118,neg_847,VPPGFTPFRQ,0,10,0.0,0.0,0.0,0.0,0.2,0.1,0.0,0.0,0.0,0.0,0.0,0.0,0.3,0.1,0.1,0.0,0.1,0.1,0.0,0.0,0.7339783900551512,-0.41000000000000003,1145.3096,0.3696273880626075,0.3696273880626075
2119,neg_848,APEESPKRAPSGFLGVR,0,17,0.11764705882352941,0.0,0.0,0.11764705882352941,0.058823529411764705,0.11764705882352941,0.0,0.0,0.058823529411764705,0.058823529411764705,0.0,0.0,0.17647058823529413,0.0,0.11764705882352941,0.11764705882352941,0.0,0.058823529411764705,0.0,0.0,0.8004765110015044,-0.7470588235294118,1798.0079999999998,0.025551333994000103,0.025551333994000103
2120,neg_849,GLFDVIKKVASVIGGL,0,16,0.0625,0.0,0.0625,0.0,0.0625,0.1875,0.0,0.125,0.125,0.125,0.0,0.0,0.0,0.0,0.0,0.0625,0.0,0.1875,0.0,0.0,0.7592243731311454,1.28125,1615.9536,0.03956825758111424,0.03956825758111424
2121,neg_850,DEPDGVPTRQKQ,0,12,0.0,0.0,0.16666666666666666,0.08333333333333333,0.0,0.08333333333333333,0.0,0.0,0.08333333333333333,0.0,0.0,0.0,0.16666666666666666,0.16666666666666666,0.08333333333333333,0.0,0.08333333333333333,0.08333333333333333,0.0,0.0,-1.2358554028567998,-2.1666666666666665,1369.4370999999999,0.3585111173649557,0.3585111173649557
2122,neg_851,FLSAITSLLGKLL,0,13,0.07692307692307693,0.0,0.0,0.0,0.07692307692307693,0.07692307692307693,0.0,0.07692307692307693,0.07692307692307693,0.38461538461538464,0.0,0.0,0.0,0.0,0.0,0.15384615384615385,0.07692307692307693,0.0,0.0,0.0,0.7591026131903019,1.6538461538461537,1375.6947,0.06279090368635701,0.06279090368635701
2123,neg_852,FLPILINLIHKGLL,0,14,0.0,0.0,0.0,0.0,0.07142857142857142,0.07142857142857142,0.07142857142857142,0.21428571428571427,0.07142857142857142,0.35714285714285715,0.0,0.07142857142857142,0.07142857142857142,0.0,0.0,0.0,0.0,0.0,0.0,0.0,0.8462768014448888,1.6214285714285714,1604.0305999999998,0.05209646884955668,0.05209646884955668
2124,neg_853,LVALDTEFANR,0,11,0.18181818181818182,0.0,0.09090909090909091,0.09090909090909091,0.09090909090909091,0.0,0.0,0.0,0.0,0.18181818181818182,0.0,0.09090909090909091,0.0,0.0,0.09090909090909091,0.0,0.09090909090909091,0.09090909090909091,0.0,0.0,-1.2359771627976435,0.22727272727272727,1248.3846999999998,0.26872405988138887,0.26872405988138887
2125,neg_854,GIGSALAKAAKLVAGIV,0,17,0.29411764705882354,0.0,0.0,0.0,0.0,0.17647058823529413,0.0,0.11764705882352941,0.11764705882352941,0.11764705882352941,0.0,0.0,0.0,0.0,0.0,0.058823529411764705,0.0,0.11764705882352941,0.0,0.0,1.758103612191301,1.423529411764706,1538.873,0.06827855759162407,0.06827855759162407
2126,neg_855,GLLDGLLGGLGL,0,12,0.0,0.0,0.08333333333333333,0.0,0.0,0.4166666666666667,0.0,0.0,0.0,0.5,0.0,0.0,0.0,0.0,0.0,0.0,0.0,0.0,0.0,0.0,-1.2387776248708526,1.4416666666666664,1097.3048,0.3727786177572156,0.3727786177572156
2127,neg_856,QFNEYGHMRF,0,10,0.0,0.0,0.0,0.1,0.2,0.1,0.1,0.0,0.0,0.0,0.1,0.1,0.0,0.1,0.1,0.0,0.0,0.0,0.0,0.1,-0.15092273648190235,-1.24,1328.4542,0.4094322490209349,0.4094322490209349
2128,neg_857,GSSGLIPMPRV,0,11,0.0,0.0,0.0,0.0,0.0,0.18181818181818182,0.0,0.09090909090909091,0.0,0.09090909090909091,0.09090909090909091,0.0,0.18181818181818182,0.0,0.09090909090909091,0.18181818181818182,0.0,0.09090909090909091,0.0,0.0,0.7600916142893016,0.3909090909090909,1113.3308,0.2811311946538966,0.2811311946538966
2129,neg_859,VEIIANDQGNR,0,11,0.09090909090909091,0.0,0.09090909090909091,0.09090909090909091,0.0,0.09090909090909091,0.0,0.18181818181818182,0.0,0.0,0.0,0.18181818181818182,0.0,0.09090909090909091,0.09090909090909091,0.0,0.0,0.09090909090909091,0.0,0.0,-1.2620903870317939,-0.6727272727272727,1228.3121999999998,0.40214308537251403,0.40214308537251403
2130,neg_860,GLFDIIKKIAESF,0,13,0.07692307692307693,0.0,0.07692307692307693,0.07692307692307693,0.15384615384615385,0.07692307692307693,0.0,0.23076923076923078,0.15384615384615385,0.07692307692307693,0.0,0.0,0.0,0.0,0.0,0.07692307692307693,0.0,0.0,0.0,0.0,-0.23796516489564423,0.6692307692307692,1480.7458,0.03260682329297802,0.03260682329297802
2131,neg_861,MLGFLPLP,0,8,0.0,0.0,0.0,0.0,0.125,0.125,0.0,0.0,0.0,0.375,0.125,0.0,0.25,0.0,0.0,0.0,0.0,0.0,0.0,0.0,-0.4996453124586552,1.5624999999999998,887.1396,0.5657700837959737,0.5657700837959737
2132,neg_862,GDCPWKPWC,0,9,0.0,0.2222222222222222,0.1111111111111111,0.0,0.0,0.1111111111111111,0.0,0.0,0.1111111111111111,0.0,0.0,0.0,0.2222222222222222,0.0,0.0,0.0,0.0,0.0,0.2222222222222222,0.0,-0.2595786060678731,-0.8666666666666667,1091.2623,0.24673141699922493,0.24673141699922493
2133,neg_863,LECNKLVDIAYITCPAGKNL,0,20,0.1,0.1,0.05,0.05,0.0,0.05,0.0,0.1,0.1,0.15,0.0,0.1,0.05,0.0,0.0,0.0,0.05,0.05,0.0,0.05,-0.25876614609266513,0.37,2178.5706999999998,0.004671823080961542,0.004671823080961542
2134,neg_864,MKTNPL,0,6,0.0,0.0,0.0,0.0,0.0,0.0,0.0,0.0,0.16666666666666666,0.16666666666666666,0.16666666666666666,0.16666666666666666,0.16666666666666666,0.0,0.0,0.0,0.16666666666666666,0.0,0.0,0.0,0.49935568654234397,-0.6666666666666666,702.8629,0.8572454848073651,0.8572454848073651
2135,neg_865,QTSFTPRL,0,8,0.0,0.0,0.0,0.0,0.125,0.0,0.0,0.0,0.0,0.125,0.0,0.0,0.125,0.125,0.125,0.125,0.25,0.0,0.0,0.0,0.7600916142893016,-0.65,949.0619000000002,0.5114194564990193,0.5114194564990193
2136,neg_866,GMASLLAKVLPHVVKLIK,0,18,0.1111111111111111,0.0,0.0,0.0,0.0,0.05555555555555555,0.05555555555555555,0.05555555555555555,0.16666666666666666,0.2222222222222222,0.05555555555555555,0.0,0.05555555555555555,0.0,0.0,0.05555555555555555,0.0,0.16666666666666666,0.0,0.0,2.8442787994468874,1.1166666666666667,1917.4481,0.01951710614676853,0.01951710614676853
2137,neg_867,QNPNRFIGLM,0,10,0.0,0.0,0.0,0.0,0.1,0.1,0.0,0.1,0.0,0.1,0.1,0.2,0.1,0.1,0.1,0.0,0.0,0.0,0.0,0.0,0.7600916142893016,-0.4000000000000001,1189.3869,0.2520458382577221,0.2520458382577221
2138,neg_868,GCCSYPPCFATNSGYC,0,16,0.0625,0.25,0.0,0.0,0.0625,0.125,0.0,0.0,0.0,0.0,0.0,0.0625,0.125,0.0,0.0,0.125,0.0625,0.0,0.0,0.125,-0.2815003482047388,0.13749999999999996,1672.8791,0.024427583958677165,0.024427583958677165
2139,neg_870,DGCPPHPVPGMHPCMCTNTC,0,20,0.0,0.2,0.05,0.0,0.0,0.1,0.1,0.0,0.0,0.0,0.1,0.05,0.25,0.0,0.0,0.0,0.1,0.05,0.0,0.0,-1.1040332087577183,-0.28,2097.4649,0.008734423712085002,0.008734423712085002
2140,neg_871,GCCSDPRCKHEC,0,12,0.0,0.3333333333333333,0.08333333333333333,0.08333333333333333,0.0,0.08333333333333333,0.08333333333333333,0.0,0.08333333333333333,0.0,0.0,0.0,0.08333333333333333,0.0,0.08333333333333333,0.08333333333333333,0.0,0.0,0.0,0.0,-0.18940593593809663,-0.9500000000000001,1337.5294,0.09814774365219589,0.09814774365219589
2141,neg_872,SGLQFAVMDGQGFLPFPRV,0,19,0.05263157894736842,0.0,0.05263157894736842,0.0,0.15789473684210525,0.15789473684210525,0.0,0.0,0.0,0.10526315789473684,0.05263157894736842,0.0,0.10526315789473684,0.10526315789473684,0.05263157894736842,0.05263157894736842,0.0,0.10526315789473684,0.0,0.0,-0.5387427797425575,0.4157894736842105,2066.3809,0.004756723311006058,0.004756723311006058
2142,neg_873,SATAAREEYQRKRSQFIEIG,0,20,0.15,0.0,0.0,0.15,0.05,0.05,0.0,0.1,0.05,0.0,0.0,0.0,0.0,0.1,0.15,0.1,0.05,0.0,0.0,0.05,0.4665498434392248,-1.085,2340.5508,0.002621244755795881,0.002621244755795881
2143,neg_874,GLWSTIKNVAAAAGKAAIKL,0,20,0.3,0.0,0.0,0.0,0.0,0.1,0.0,0.1,0.15,0.1,0.0,0.05,0.0,0.0,0.0,0.05,0.05,0.05,0.05,0.0,2.7571046111923003,0.66,1983.3573000000001,0.007120802819595502,0.007120802819595502
2144,neg_875,IKITTMLAKLGKVLAHV,0,17,0.11764705882352941,0.0,0.0,0.0,0.0,0.058823529411764705,0.058823529411764705,0.11764705882352941,0.17647058823529413,0.17647058823529413,0.058823529411764705,0.0,0.0,0.0,0.0,0.0,0.11764705882352941,0.11764705882352941,0.0,0.0,2.8442787994468874,1.035294117647059,1836.3324000000002,0.028151588565578693,0.028151588565578693
2145,neg_876,FHGGSWYRFPWGY,0,13,0.0,0.0,0.0,0.0,0.15384615384615385,0.23076923076923078,0.07692307692307693,0.0,0.0,0.0,0.0,0.0,0.07692307692307693,0.0,0.07692307692307693,0.07692307692307693,0.0,0.0,0.15384615384615385,0.15384615384615385,0.8452678005458865,-0.776923076923077,1659.8004999999998,0.066027456911776,0.066027456911776
2146,neg_877,QLWPRPQIPP,0,10,0.0,0.0,0.0,0.0,0.0,0.0,0.0,0.1,0.0,0.1,0.0,0.0,0.4,0.2,0.1,0.0,0.0,0.0,0.1,0.0,0.7600916142893016,-1.05,1231.4453,0.49349248593004214,0.49349248593004214
2147,neg_878,QGRAPHPPIPPAP,0,13,0.15384615384615385,0.0,0.0,0.0,0.0,0.07692307692307693,0.07692307692307693,0.07692307692307693,0.0,0.0,0.0,0.0,0.46153846153846156,0.07692307692307693,0.07692307692307693,0.0,0.0,0.0,0.0,0.0,0.8472658025438885,-1.0076923076923079,1334.5253999999998,0.406531282084187,0.406531282084187
2148,neg_879,AEPLASQLKEPIAGGGWWAA,0,20,0.25,0.0,0.0,0.1,0.0,0.15,0.0,0.05,0.05,0.1,0.0,0.0,0.1,0.05,0.0,0.05,0.0,0.0,0.1,0.0,-1.1995034891984937,-0.015000000000000019,2052.2885,0.013020114268818182,0.013020114268818182
2149,neg_880,LAAGKVEDSD,0,10,0.2,0.0,0.2,0.1,0.0,0.1,0.0,0.0,0.1,0.1,0.0,0.0,0.0,0.0,0.0,0.1,0.0,0.1,0.0,0.0,-2.2326645013494955,-0.4,1004.0494000000001,0.5107195720269858,0.5107195720269858
2150,neg_881,ITCPQVTQSLAPCVPYLISG,0,20,0.05,0.1,0.0,0.0,0.0,0.05,0.0,0.1,0.0,0.1,0.0,0.0,0.15,0.1,0.0,0.1,0.1,0.1,0.0,0.05,-0.2606993670077181,0.7649999999999999,2090.4623,0.009494483745985724,0.009494483745985724
2151,neg_882,IVGGQEATPHTWVHQVALFI,0,20,0.1,0.0,0.0,0.05,0.05,0.1,0.1,0.1,0.0,0.05,0.0,0.0,0.05,0.1,0.0,0.0,0.1,0.15,0.05,0.0,-1.0627395473283132,0.51,2203.4972,0.01638850509852078,0.01638850509852078
2152,neg_883,GLLDMVTGLLGNL,0,13,0.0,0.0,0.07692307692307693,0.0,0.0,0.23076923076923078,0.0,0.0,0.0,0.38461538461538464,0.07692307692307693,0.07692307692307693,0.0,0.0,0.0,0.0,0.07692307692307693,0.07692307692307693,0.0,0.0,-1.2387776248708526,1.2461538461538462,1315.5781,0.21671043114004343,0.21671043114004343
2153,neg_884,GSTGLIPFGRP,0,11,0.0,0.0,0.0,0.0,0.09090909090909091,0.2727272727272727,0.0,0.09090909090909091,0.0,0.09090909090909091,0.0,0.0,0.18181818181818182,0.0,0.09090909090909091,0.09090909090909091,0.09090909090909091,0.0,0.0,0.0,0.7600916142893016,0.06363636363636359,1101.2555,0.2501291713022378,0.2501291713022378
2154,neg_885,ALSVPVFAVAPLNKK,0,15,0.2,0.0,0.0,0.0,0.06666666666666667,0.0,0.0,0.0,0.13333333333333333,0.13333333333333333,0.0,0.06666666666666667,0.13333333333333333,0.0,0.0,0.06666666666666667,0.0,0.2,0.0,0.0,1.7938765858560854,0.8733333333333333,1553.8858999999998,0.0785986424925449,0.0785986424925449
2155,neg_886,GKWMSLLKHILK,0,12,0.0,0.0,0.0,0.0,0.0,0.08333333333333333,0.08333333333333333,0.08333333333333333,0.25,0.25,0.08333333333333333,0.0,0.0,0.0,0.0,0.08333333333333333,0.0,0.0,0.08333333333333333,0.0,2.8442787994468874,0.06666666666666661,1453.8364,0.09719814794286341,0.09719814794286341
2156,neg_887,GVCDMADLA,0,9,0.2222222222222222,0.1111111111111111,0.2222222222222222,0.0,0.0,0.1111111111111111,0.0,0.0,0.0,0.1111111111111111,0.1111111111111111,0.0,0.0,0.0,0.0,0.0,0.0,0.1111111111111111,0.0,0.0,-2.2475578540300183,0.9555555555555555,894.0246999999999,0.4587272138334008,0.4587272138334008
2157,neg_889,FLSLIPHAINAVGVHAKHF,0,19,0.15789473684210525,0.0,0.0,0.0,0.10526315789473684,0.05263157894736842,0.15789473684210525,0.10526315789473684,0.05263157894736842,0.10526315789473684,0.0,0.05263157894736842,0.05263157894736842,0.0,0.0,0.05263157894736842,0.0,0.10526315789473684,0.0,0.0,1.020625177954063,0.8526315789473684,2071.4256,0.011194582383046226,0.011194582383046226
2158,neg_890,GLTDQKSAPPGL,0,12,0.08333333333333333,0.0,0.08333333333333333,0.0,0.0,0.16666666666666666,0.0,0.0,0.08333333333333333,0.16666666666666666,0.0,0.0,0.16666666666666666,0.08333333333333333,0.0,0.08333333333333333,0.08333333333333333,0.0,0.0,0.0,-0.2397766258698535,-0.5833333333333334,1183.3115,0.331332062236309,0.331332062236309
2159,neg_891,HTAGFIPRL,0,9,0.1111111111111111,0.0,0.0,0.0,0.1111111111111111,0.1111111111111111,0.1111111111111111,0.1111111111111111,0.0,0.1111111111111111,0.0,0.0,0.1111111111111111,0.0,0.1111111111111111,0.0,0.1111111111111111,0.0,0.0,0.0,0.8472658025438885,0.27777777777777773,1011.1776,0.5429483808899699,0.5429483808899699
2160,neg_892,QQWPPGHHIPP,0,11,0.0,0.0,0.0,0.0,0.0,0.09090909090909091,0.18181818181818182,0.09090909090909091,0.0,0.0,0.0,0.0,0.36363636363636365,0.18181818181818182,0.0,0.0,0.0,0.0,0.09090909090909091,0.0,-0.06555000930152344,-1.5090909090909093,1293.4318999999998,0.7316882377345324,0.7316882377345324
2161,neg_893,EQWQPQLHR,0,9,0.0,0.0,0.0,0.1111111111111111,0.0,0.0,0.1111111111111111,0.0,0.0,0.1111111111111111,0.0,0.0,0.1111111111111111,0.3333333333333333,0.1111111111111111,0.0,0.0,0.0,0.1111111111111111,0.0,-0.076008192947421,-2.266666666666667,1221.3246,0.8469324569511765,0.8469324569511765
2162,neg_894,QSAPGNEAIPP,0,11,0.18181818181818182,0.0,0.0,0.09090909090909091,0.0,0.09090909090909091,0.0,0.09090909090909091,0.0,0.0,0.0,0.09090909090909091,0.2727272727272727,0.09090909090909091,0.0,0.09090909090909091,0.0,0.0,0.0,0.0,-1.2370879238374872,-0.7636363636363637,1080.1487,0.6210585746574867,0.6210585746574867
2163,neg_895,DYPKLTFTTS,0,10,0.0,0.0,0.1,0.0,0.1,0.0,0.0,0.0,0.1,0.1,0.0,0.0,0.1,0.0,0.0,0.1,0.3,0.0,0.0,0.1,-0.24077562686885456,-0.66,1172.2838,0.3182358143302666,0.3182358143302666
2164,neg_897,AGDVIYIVR,0,9,0.1111111111111111,0.0,0.1111111111111111,0.0,0.0,0.1111111111111111,0.0,0.2222222222222222,0.0,0.0,0.0,0.0,0.0,0.0,0.1111111111111111,0.0,0.0,0.2222222222222222,0.0,0.1111111111111111,-0.2040136521050706,1.0555555555555556,1005.1679999999999,0.6615551440377204,0.6615551440377204
2165,neg_898,SPALADEHNDNFLRF,0,15,0.13333333333333333,0.0,0.13333333333333333,0.06666666666666667,0.13333333333333333,0.0,0.06666666666666667,0.0,0.0,0.13333333333333333,0.0,0.13333333333333333,0.06666666666666667,0.0,0.06666666666666667,0.06666666666666667,0.0,0.0,0.0,0.0,-2.4476373685749158,-0.7200000000000001,1745.8454000000002,0.023422267582474107,0.023422267582474107
2166,neg_899,GCIGRNESQKKDNVYKFKE,0,19,0.0,0.05263157894736842,0.05263157894736842,0.10526315789473684,0.05263157894736842,0.10526315789473684,0.0,0.05263157894736842,0.21052631578947367,0.0,0.0,0.10526315789473684,0.0,0.05263157894736842,0.05263157894736842,0.05263157894736842,0.0,0.05263157894736842,0.0,0.05263157894736842,1.757174583849042,-1.5789473684210527,2243.4984,0.0031523560548228314,0.0031523560548228314
2167,neg_900,QKNDKKDRFYGLM,0,13,0.0,0.0,0.15384615384615385,0.0,0.07692307692307693,0.07692307692307693,0.0,0.0,0.23076923076923078,0.07692307692307693,0.07692307692307693,0.07692307692307693,0.0,0.07692307692307693,0.07692307692307693,0.0,0.0,0.0,0.0,0.07692307692307693,1.7583371321729873,-1.7999999999999998,1642.8763999999999,0.03406368167891234,0.03406368167891234
2168,neg_901,GSGFSSWG,0,8,0.0,0.0,0.0,0.0,0.125,0.375,0.0,0.0,0.0,0.0,0.0,0.0,0.0,0.0,0.0,0.375,0.0,0.0,0.125,0.0,-0.23989838581069733,-0.21250000000000005,783.7847999999999,0.3237420577699281,0.3237420577699281
2169,neg_902,FFSLIPSLIGGLVSAIK,0,17,0.058823529411764705,0.0,0.0,0.0,0.11764705882352941,0.11764705882352941,0.0,0.17647058823529413,0.058823529411764705,0.17647058823529413,0.0,0.0,0.058823529411764705,0.0,0.0,0.17647058823529413,0.0,0.058823529411764705,0.0,0.0,0.7591026131903019,1.6352941176470588,1762.1394,0.00861423458442851,0.00861423458442851
2170,neg_903,NTFYCCELCCNPACAGCY,0,18,0.1111111111111111,0.3333333333333333,0.0,0.05555555555555555,0.05555555555555555,0.05555555555555555,0.0,0.0,0.0,0.05555555555555555,0.0,0.1111111111111111,0.05555555555555555,0.0,0.0,0.0,0.05555555555555555,0.0,0.0,0.1111111111111111,-1.2984918664295488,0.5222222222222223,1978.2959,0.0076541417719063,0.0076541417719063
2171,neg_904,PIFTFASNVPADTITGFFL,0,19,0.10526315789473684,0.0,0.05263157894736842,0.0,0.21052631578947367,0.05263157894736842,0.0,0.10526315789473684,0.0,0.05263157894736842,0.0,0.05263157894736842,0.10526315789473684,0.0,0.0,0.05263157894736842,0.15789473684210525,0.05263157894736842,0.0,0.0,-1.0403503714818,0.9631578947368421,2058.3308,0.0026368183708650175,0.0026368183708650175
2172,neg_905,ADYLQLAR,0,8,0.25,0.0,0.125,0.0,0.0,0.0,0.0,0.0,0.0,0.25,0.0,0.0,0.0,0.125,0.125,0.0,0.0,0.0,0.0,0.125,-0.2040136521050706,-0.20000000000000004,949.0618,0.7417336115487686,0.7417336115487686
2173,neg_906,TDAVANGVHAISGVVDS,0,17,0.17647058823529413,0.0,0.11764705882352941,0.0,0.0,0.11764705882352941,0.058823529411764705,0.058823529411764705,0.0,0.0,0.0,0.058823529411764705,0.0,0.0,0.0,0.11764705882352941,0.058823529411764705,0.23529411764705882,0.0,0.0,-2.512387695499096,0.5823529411764706,1611.7084,0.09985781367833674,0.09985781367833674
2174,neg_907,FRPALIVRTKGK,0,12,0.08333333333333333,0.0,0.0,0.0,0.08333333333333333,0.08333333333333333,0.0,0.08333333333333333,0.16666666666666666,0.08333333333333333,0.0,0.0,0.08333333333333333,0.0,0.16666666666666666,0.0,0.08333333333333333,0.08333333333333333,0.0,0.0,3.758083612391299,-0.19999999999999998,1385.6996,0.08808887144240081,0.08808887144240081
2175,neg_908,VVGGDECNINEHPFLV,0,16,0.0,0.0625,0.0625,0.125,0.0625,0.125,0.0625,0.0625,0.0,0.0625,0.0,0.125,0.0625,0.0,0.0,0.0,0.0,0.1875,0.0,0.0,-3.181996727003005,0.19374999999999998,1741.9179,0.09628232323845949,0.09628232323845949
2176,neg_909,VVGGDECNINEHRSL,0,15,0.0,0.06666666666666667,0.06666666666666667,0.13333333333333333,0.0,0.13333333333333333,0.06666666666666667,0.06666666666666667,0.0,0.06666666666666667,0.0,0.13333333333333333,0.0,0.0,0.06666666666666667,0.06666666666666667,0.0,0.13333333333333333,0.0,0.0,-2.1820067269030066,-0.5066666666666666,1641.7608999999998,0.11436239643679219,0.11436239643679219
2177,neg_910,VAAGRPRF,0,8,0.25,0.0,0.0,0.0,0.125,0.125,0.0,0.0,0.0,0.0,0.0,0.0,0.125,0.0,0.25,0.0,0.0,0.125,0.0,0.0,1.7339683901551504,-0.05,873.0138,0.5425499424373522,0.5425499424373522
2178,neg_911,GHADNFMRF,0,9,0.1111111111111111,0.0,0.1111111111111111,0.0,0.2222222222222222,0.1111111111111111,0.1111111111111111,0.0,0.0,0.0,0.1111111111111111,0.1111111111111111,0.0,0.0,0.1111111111111111,0.0,0.0,0.0,0.0,0.0,-0.1516134365162669,-0.6444444444444445,1094.2031,0.2439062464794501,0.2439062464794501
2179,neg_913,ADDINPKEECFFEDDYYEFE,0,20,0.05,0.05,0.2,0.25,0.15,0.0,0.0,0.05,0.05,0.0,0.0,0.05,0.05,0.0,0.0,0.0,0.0,0.0,0.0,0.1,-8.193250771849005,-1.2950000000000002,2518.5712,0.0017215392904655303,0.0017215392904655303
2180,neg_914,FLSLIPHAISAISAIANHL,0,19,0.21052631578947367,0.0,0.0,0.0,0.05263157894736842,0.0,0.10526315789473684,0.21052631578947367,0.0,0.15789473684210525,0.0,0.05263157894736842,0.05263157894736842,0.0,0.0,0.15789473684210525,0.0,0.0,0.0,0.0,-0.06555000930152344,1.3421052631578947,1988.3321999999998,0.007287583711346526,0.007287583711346526
2181,neg_915,ECCHPACGKHFSC,0,13,0.07692307692307693,0.3076923076923077,0.0,0.07692307692307693,0.07692307692307693,0.07692307692307693,0.15384615384615385,0.0,0.07692307692307693,0.0,0.0,0.0,0.07692307692307693,0.0,0.0,0.07692307692307693,0.0,0.0,0.0,0.0,-0.02942696618787366,-0.15384615384615388,1421.6472999999999,0.10714506678229604,0.10714506678229604
2182,neg_916,PGGGVSGALSSLVQSLVR,0,18,0.05555555555555555,0.0,0.0,0.0,0.0,0.2222222222222222,0.0,0.0,0.0,0.16666666666666666,0.0,0.0,0.05555555555555555,0.05555555555555555,0.05555555555555555,0.2222222222222222,0.0,0.16666666666666666,0.0,0.0,0.9585188676783541,0.6333333333333333,1683.9035,0.040210163213620524,0.040210163213620524
2183,neg_917,SGFVLKGYTKTSQ,0,13,0.0,0.0,0.0,0.0,0.07692307692307693,0.15384615384615385,0.0,0.0,0.15384615384615385,0.07692307692307693,0.0,0.0,0.0,0.07692307692307693,0.0,0.15384615384615385,0.15384615384615385,0.07692307692307693,0.0,0.07692307692307693,1.4571494562205962,-0.43076923076923074,1415.5897,0.1486823207706806,0.1486823207706806
2184,neg_918,TDSIKETIKETVNHQAEWPY,0,20,0.05,0.0,0.05,0.15,0.0,0.0,0.05,0.1,0.1,0.0,0.0,0.05,0.05,0.05,0.0,0.05,0.15,0.05,0.05,0.05,-2.508074073516312,-1.185,2389.5718,0.006645217778310182,0.006645217778310182
2185,neg_919,RLRSKGKK,0,8,0.0,0.0,0.0,0.0,0.0,0.125,0.0,0.0,0.375,0.125,0.0,0.0,0.0,0.0,0.25,0.125,0.0,0.0,0.0,0.0,4.7570846113922975,-2.2625,972.1898000000001,0.3157153033408965,0.3157153033408965
2186,neg_920,AGVDPAIPAYVKTNG,0,15,0.2,0.0,0.06666666666666667,0.0,0.0,0.13333333333333333,0.0,0.06666666666666667,0.06666666666666667,0.0,0.0,0.06666666666666667,0.13333333333333333,0.0,0.0,0.0,0.06666666666666667,0.13333333333333333,0.0,0.06666666666666667,-0.20500265320407052,0.09333333333333335,1472.641,0.20181651610033943,0.20181651610033943
2187,neg_921,LPPWIG,0,6,0.0,0.0,0.0,0.0,0.0,0.16666666666666666,0.0,0.16666666666666666,0.0,0.16666666666666666,0.0,0.0,0.3333333333333333,0.0,0.0,0.0,0.0,0.0,0.16666666666666666,0.0,-0.23989838581069733,0.6333333333333333,681.8221,0.8651939021233043,0.8651939021233043
2188,neg_922,MREIEHIPPP,0,10,0.0,0.0,0.0,0.2,0.0,0.0,0.1,0.2,0.0,0.0,0.1,0.0,0.3,0.0,0.1,0.0,0.0,0.0,0.0,0.0,-1.406860200157649,-0.8600000000000001,1218.4251,0.6744251430676557,0.6744251430676557
2189,neg_923,CCGVPNAACHPCVCTGKC,0,18,0.1111111111111111,0.3333333333333333,0.0,0.0,0.0,0.1111111111111111,0.05555555555555555,0.0,0.05555555555555555,0.0,0.0,0.05555555555555555,0.1111111111111111,0.0,0.0,0.0,0.05555555555555555,0.1111111111111111,0.0,0.0,0.7868708608508295,0.6499999999999999,1766.1416,0.021091740589075817,0.021091740589075817
2190,neg_924,RVSNLTIHPLRNIIDLRYVG,0,20,0.0,0.0,0.05,0.0,0.0,0.05,0.05,0.15,0.0,0.15,0.0,0.1,0.05,0.0,0.15,0.05,0.05,0.1,0.0,0.05,1.84736756268473,0.06499999999999997,2349.7327999999998,0.0020517578247614488,0.0020517578247614488
2191,neg_925,DSSNLPPNQKQIVD,0,14,0.0,0.0,0.14285714285714285,0.0,0.0,0.0,0.0,0.07142857142857142,0.07142857142857142,0.07142857142857142,0.0,0.14285714285714285,0.14285714285714285,0.14285714285714285,0.0,0.14285714285714285,0.0,0.07142857142857142,0.0,0.0,-1.2354749633227056,-1.2285714285714284,1554.6571999999999,0.07976976565137263,0.07976976565137263
2192,neg_926,NYDKNFYEDTLP,0,12,0.0,0.0,0.16666666666666666,0.08333333333333333,0.08333333333333333,0.0,0.0,0.0,0.08333333333333333,0.08333333333333333,0.0,0.16666666666666666,0.08333333333333333,0.0,0.0,0.0,0.08333333333333333,0.0,0.0,0.16666666666666666,-2.237843404954801,-1.6416666666666666,1518.5784999999998,0.19858479751128974,0.19858479751128974
2193,neg_927,LKLKDILGKIKVILSHLNK,0,19,0.0,0.0,0.05263157894736842,0.0,0.0,0.05263157894736842,0.05263157894736842,0.15789473684210525,0.2631578947368421,0.2631578947368421,0.0,0.05263157894736842,0.0,0.0,0.0,0.05263157894736842,0.0,0.05263157894736842,0.0,0.0,3.84340155838873,0.30526315789473685,2173.7265,0.00273294761838719,0.00273294761838719
2194,neg_928,AMRNALVRF,0,9,0.2222222222222222,0.0,0.0,0.0,0.1111111111111111,0.0,0.0,0.0,0.0,0.1111111111111111,0.1111111111111111,0.1111111111111111,0.0,0.0,0.2222222222222222,0.0,0.0,0.1111111111111111,0.0,0.0,1.7958545880540848,0.4222222222222222,1077.3035,0.27739638377127024,0.27739638377127024
2195,neg_929,DPWDWV,0,6,0.0,0.0,0.3333333333333333,0.0,0.0,0.0,0.0,0.0,0.0,0.0,0.0,0.0,0.16666666666666666,0.0,0.0,0.0,0.0,0.16666666666666666,0.3333333333333333,0.0,-2.2376568639310084,-1.0333333333333334,816.8561,0.74692801421974,0.74692801421974
2196,neg_930,SQISLRGSNLTI,0,12,0.0,0.0,0.0,0.0,0.0,0.08333333333333333,0.0,0.16666666666666666,0.0,0.16666666666666666,0.0,0.08333333333333333,0.0,0.08333333333333333,0.08333333333333333,0.25,0.08333333333333333,0.0,0.0,0.0,0.46013645931759795,0.1333333333333333,1288.4503,0.1144462626023639,0.1144462626023639
2197,neg_931,FLPPCAYKGTC,0,11,0.09090909090909091,0.18181818181818182,0.0,0.0,0.09090909090909091,0.09090909090909091,0.0,0.0,0.09090909090909091,0.09090909090909091,0.0,0.0,0.18181818181818182,0.0,0.0,0.0,0.09090909090909091,0.0,0.0,0.09090909090909091,0.7383016319932811,0.3545454545454545,1199.4415,0.2412311570375598,0.2412311570375598
2198,neg_932,RPPGFSPFRVAPAS,0,14,0.14285714285714285,0.0,0.0,0.0,0.14285714285714285,0.07142857142857142,0.0,0.0,0.0,0.0,0.0,0.0,0.2857142857142857,0.0,0.14285714285714285,0.14285714285714285,0.0,0.07142857142857142,0.0,0.0,1.7600816143893008,-0.28571428571428575,1485.6878,0.04208833011249183,0.04208833011249183
2199,neg_933,SFKKGLFLGTILGGA,0,15,0.06666666666666667,0.0,0.0,0.0,0.13333333333333333,0.26666666666666666,0.0,0.06666666666666667,0.13333333333333333,0.2,0.0,0.0,0.0,0.0,0.0,0.06666666666666667,0.06666666666666667,0.0,0.0,0.0,1.4581484572195973,0.8266666666666665,1508.8022,0.0342015681476204,0.0342015681476204
2200,neg_934,AEYFQHWGQGTLVTVSS,0,17,0.058823529411764705,0.0,0.0,0.058823529411764705,0.058823529411764705,0.11764705882352941,0.058823529411764705,0.0,0.0,0.058823529411764705,0.0,0.0,0.0,0.11764705882352941,0.0,0.11764705882352941,0.11764705882352941,0.11764705882352941,0.058823529411764705,0.058823529411764705,-1.1151397629171171,-0.17058823529411768,1910.0464000000002,0.050758954828290445,0.050758954828290445
2201,neg_935,NNNARLMFGDGTQLVVKP,0,18,0.05555555555555555,0.0,0.05555555555555555,0.0,0.05555555555555555,0.1111111111111111,0.0,0.0,0.05555555555555555,0.1111111111111111,0.05555555555555555,0.16666666666666666,0.05555555555555555,0.05555555555555555,0.05555555555555555,0.0,0.05555555555555555,0.1111111111111111,0.0,0.0,0.7602133742301456,-0.3611111111111111,1974.2442999999998,0.011377238311727055,0.011377238311727055
2202,neg_936,INWKALLDAAKKVL,0,14,0.21428571428571427,0.0,0.07142857142857142,0.0,0.0,0.0,0.0,0.07142857142857142,0.21428571428571427,0.21428571428571427,0.0,0.07142857142857142,0.0,0.0,0.0,0.0,0.0,0.07142857142857142,0.07142857142857142,0.0,1.7582253721321448,0.42142857142857143,1582.9271999999999,0.048258112911013375,0.048258112911013375
2203,neg_937,ILTGKLKCK,0,9,0.0,0.1111111111111111,0.0,0.0,0.0,0.1111111111111111,0.0,0.1111111111111111,0.3333333333333333,0.2222222222222222,0.0,0.0,0.0,0.0,0.0,0.0,0.1111111111111111,0.0,0.0,0.0,2.7472036210932904,0.19999999999999998,1003.3031000000001,0.35832571974376237,0.35832571974376237
2204,neg_938,FKGGGPYGQGVTRG,0,14,0.0,0.0,0.0,0.0,0.07142857142857142,0.42857142857142855,0.0,0.0,0.07142857142857142,0.0,0.0,0.0,0.07142857142857142,0.07142857142857142,0.07142857142857142,0.0,0.07142857142857142,0.07142857142857142,0.0,0.07142857142857142,1.7580936122913,-0.7785714285714286,1380.5074,0.2359856870615853,0.2359856870615853
2205,neg_939,HKTDSFVGLM,0,10,0.0,0.0,0.1,0.0,0.1,0.1,0.1,0.0,0.1,0.1,0.1,0.0,0.0,0.0,0.0,0.1,0.1,0.1,0.0,0.0,-0.1526024376152666,0.019999999999999962,1134.3052,0.3448233674536828,0.3448233674536828
2206,neg_940,LDYDHEEEDGRTKVTFDAR,0,19,0.05263157894736842,0.0,0.21052631578947367,0.15789473684210525,0.05263157894736842,0.05263157894736842,0.05263157894736842,0.0,0.05263157894736842,0.05263157894736842,0.0,0.0,0.0,0.0,0.10526315789473684,0.0,0.10526315789473684,0.05263157894736842,0.0,0.05263157894736842,-4.141827769675105,-1.6368421052631579,2296.3625,0.005527285359319487,0.005527285359319487
2207,neg_941,TQSTGTSQTIAVGLWGGPDN,0,20,0.05,0.0,0.05,0.0,0.0,0.2,0.0,0.05,0.0,0.05,0.0,0.05,0.05,0.1,0.0,0.1,0.2,0.05,0.05,0.0,-1.6006826446935274,-0.41,1990.0883,0.014755906538295288,0.014755906538295288
2208,neg_942,FLAKKLAKHLAKKQAES,0,17,0.23529411764705882,0.0,0.0,0.058823529411764705,0.058823529411764705,0.0,0.058823529411764705,0.0,0.29411764705882354,0.17647058823529413,0.0,0.0,0.0,0.058823529411764705,0.0,0.058823529411764705,0.0,0.0,0.0,0.0,3.845091259422096,-0.5352941176470588,1911.2948000000001,0.014063454761382984,0.014063454761382984
2209,neg_943,MMKLVIILIVLLLVSFAAY,0,19,0.10526315789473684,0.0,0.0,0.0,0.05263157894736842,0.0,0.0,0.15789473684210525,0.05263157894736842,0.2631578947368421,0.10526315789473684,0.0,0.0,0.0,0.0,0.05263157894736842,0.0,0.15789473684210525,0.0,0.05263157894736842,0.498356685543343,2.594736842105263,2150.8134999999997,0.004013109994843705,0.004013109994843705
2210,neg_944,QETQYFGPGTRLLVL,0,15,0.0,0.0,0.0,0.06666666666666667,0.06666666666666667,0.13333333333333333,0.0,0.0,0.0,0.2,0.0,0.0,0.06666666666666667,0.13333333333333333,0.06666666666666667,0.0,0.13333333333333333,0.06666666666666667,0.0,0.06666666666666667,-0.23809692473648925,-0.11333333333333337,1721.9497999999999,0.10705259093703792,0.10705259093703792
2211,neg_945,GLEETYCSMKIK,0,12,0.0,0.08333333333333333,0.0,0.16666666666666666,0.0,0.08333333333333333,0.0,0.08333333333333333,0.16666666666666666,0.08333333333333333,0.08333333333333333,0.0,0.0,0.0,0.0,0.08333333333333333,0.08333333333333333,0.0,0.0,0.08333333333333333,-0.2471754549602898,-0.44166666666666665,1401.6477,0.2284490973328757,0.2284490973328757
2212,neg_946,VPPKGVSM,0,8,0.0,0.0,0.0,0.0,0.0,0.125,0.0,0.0,0.125,0.0,0.125,0.0,0.25,0.0,0.0,0.125,0.0,0.25,0.0,0.0,0.7329893889561515,0.25,814.0046,0.8068616101844478,0.8068616101844478
2213,neg_948,TAANVKIFNTEEVQNFINLL,0,20,0.1,0.0,0.0,0.1,0.1,0.0,0.0,0.1,0.05,0.1,0.0,0.2,0.0,0.05,0.0,0.0,0.1,0.1,0.0,0.0,-1.5971814826859525,0.22000000000000003,2278.5588,0.004292625114359287,0.004292625114359287
2214,neg_949,FPLPCAYKGTYC,0,12,0.08333333333333333,0.16666666666666666,0.0,0.0,0.08333333333333333,0.08333333333333333,0.0,0.0,0.08333333333333333,0.08333333333333333,0.0,0.0,0.16666666666666666,0.0,0.0,0.0,0.08333333333333333,0.0,0.0,0.16666666666666666,0.7373026309942803,0.21666666666666665,1362.6146999999999,0.1983180493110941,0.1983180493110941
2215,neg_950,MGQEQDTPWIL,0,11,0.0,0.0,0.09090909090909091,0.09090909090909091,0.0,0.09090909090909091,0.0,0.09090909090909091,0.0,0.09090909090909091,0.09090909090909091,0.0,0.09090909090909091,0.18181818181818182,0.0,0.0,0.09090909090909091,0.0,0.09090909090909091,0.0,-2.4957140895456003,-0.6727272727272727,1317.4666,0.3991949218091984,0.3991949218091984
2216,neg_951,FLPIVGKSLSGLSGKL,0,16,0.0,0.0,0.0,0.0,0.0625,0.1875,0.0,0.0625,0.125,0.25,0.0,0.0,0.0625,0.0,0.0,0.1875,0.0,0.0625,0.0,0.0,1.758103612191301,0.85625,1615.9537,0.024230077306172052,0.024230077306172052
2217,neg_952,IINDFTNLVNQVEPLK,0,16,0.0,0.0,0.0625,0.0625,0.0625,0.0,0.0,0.125,0.0625,0.125,0.0,0.1875,0.0625,0.0625,0.0,0.0,0.0625,0.125,0.0,0.0,-1.2369661638966432,0.03749999999999999,1857.1113,0.030542857112572742,0.030542857112572742
2218,neg_953,GCCRFPCPDSCRSLCC,0,16,0.0,0.375,0.0625,0.0,0.0625,0.0625,0.0,0.0,0.0,0.0625,0.0,0.0,0.125,0.0,0.125,0.125,0.0,0.0,0.0,0.0,0.701796434735086,0.24374999999999997,1750.0992,0.0030999213716493015,0.0030999213716493015
2219,neg_954,PKVSPRWPPIPP,0,12,0.0,0.0,0.0,0.0,0.0,0.0,0.0,0.08333333333333333,0.08333333333333333,0.0,0.0,0.0,0.5,0.0,0.08333333333333333,0.08333333333333333,0.0,0.08333333333333333,0.08333333333333333,0.0,1.9575198666793536,-0.9166666666666666,1370.6403,0.1954429790443154,0.1954429790443154
2220,neg_955,SIYVGNLSYD,0,10,0.0,0.0,0.1,0.0,0.0,0.1,0.0,0.1,0.0,0.1,0.0,0.1,0.0,0.0,0.0,0.2,0.0,0.1,0.0,0.2,-1.537549880233255,0.08999999999999998,1130.2038,0.5265430415239021,0.5265430415239021
2221,neg_956,AGPSATTGVWFGPRL,0,15,0.13333333333333333,0.0,0.0,0.0,0.06666666666666667,0.2,0.0,0.0,0.0,0.06666666666666667,0.0,0.0,0.13333333333333333,0.0,0.06666666666666667,0.06666666666666667,0.13333333333333333,0.06666666666666667,0.06666666666666667,0.0,0.7958645879540859,0.15999999999999998,1516.6985,0.07091601191345943,0.07091601191345943
2222,neg_957,PAASESGFRRDP,0,12,0.16666666666666666,0.0,0.08333333333333333,0.08333333333333333,0.08333333333333333,0.08333333333333333,0.0,0.0,0.0,0.0,0.0,0.0,0.16666666666666666,0.0,0.16666666666666666,0.16666666666666666,0.0,0.0,0.0,0.0,-0.03755990930859188,-1.2333333333333334,1289.354,0.10945825773540234,0.10945825773540234
2223,neg_958,APPGFTPFRSK,0,11,0.09090909090909091,0.0,0.0,0.0,0.18181818181818182,0.09090909090909091,0.0,0.0,0.09090909090909091,0.0,0.0,0.0,0.2727272727272727,0.0,0.09090909090909091,0.09090909090909091,0.09090909090909091,0.0,0.0,0.0,1.7948655869550851,-0.7000000000000001,1204.3769,0.13309059944373203,0.13309059944373203
2224,neg_959,INWKKIFEKVKNLV,0,14,0.0,0.0,0.0,0.07142857142857142,0.07142857142857142,0.0,0.0,0.14285714285714285,0.2857142857142857,0.07142857142857142,0.0,0.14285714285714285,0.0,0.0,0.0,0.0,0.0,0.14285714285714285,0.07142857142857142,0.0,2.75891607216651,-0.21428571428571425,1759.1422,0.029291845464183064,0.029291845464183064
2225,neg_961,PYLLNLPPEK,0,10,0.0,0.0,0.0,0.1,0.0,0.0,0.0,0.0,0.1,0.3,0.0,0.1,0.3,0.0,0.0,0.0,0.0,0.0,0.0,0.1,-0.040658672446436395,-0.56,1183.3958,0.6859881487410641,0.6859881487410641
2226,neg_962,QHWSYGLQPG,0,10,0.0,0.0,0.0,0.0,0.0,0.2,0.1,0.0,0.0,0.1,0.0,0.0,0.1,0.2,0.0,0.1,0.0,0.0,0.1,0.1,-0.1537231985551114,-1.1800000000000002,1172.2488,0.7620382529598649,0.7620382529598649
2227,neg_963,IVGGTEVTPGEIPYQLSFQD,0,20,0.0,0.0,0.05,0.1,0.05,0.15,0.0,0.1,0.0,0.05,0.0,0.0,0.1,0.1,0.0,0.05,0.1,0.1,0.0,0.05,-3.23097480031613,-0.07000000000000002,2150.3403,0.015444808094078269,0.015444808094078269
2228,neg_964,GVVPHDFRI,0,9,0.0,0.0,0.1111111111111111,0.0,0.1111111111111111,0.1111111111111111,0.1111111111111111,0.1111111111111111,0.0,0.0,0.0,0.0,0.1111111111111111,0.0,0.1111111111111111,0.0,0.0,0.2222222222222222,0.0,0.0,-0.1516134365162669,0.2777777777777778,1039.1876,0.6043450478514991,0.6043450478514991
2229,neg_965,SGGGEGSGMWFGPRL,0,15,0.0,0.0,0.0,0.06666666666666667,0.06666666666666667,0.4,0.0,0.0,0.0,0.06666666666666667,0.06666666666666667,0.0,0.06666666666666667,0.0,0.06666666666666667,0.13333333333333333,0.0,0.0,0.06666666666666667,0.0,-0.5370530787091918,-0.4000000000000001,1494.6299,0.0624337098788451,0.0624337098788451
2230,neg_966,MSRLFFVCRKVR,0,12,0.0,0.08333333333333333,0.0,0.0,0.16666666666666666,0.0,0.0,0.0,0.08333333333333333,0.08333333333333333,0.08333333333333333,0.0,0.0,0.0,0.25,0.08333333333333333,0.0,0.16666666666666666,0.0,0.0,3.4894246967433307,0.3333333333333333,1541.9280999999999,0.01776146822115168,0.01776146822115168
2231,neg_967,GPMEDPLEIIRI,0,12,0.0,0.0,0.08333333333333333,0.16666666666666666,0.0,0.08333333333333333,0.0,0.25,0.0,0.08333333333333333,0.08333333333333333,0.0,0.16666666666666666,0.0,0.08333333333333333,0.0,0.0,0.0,0.0,0.0,-2.2331667008244334,0.04999999999999996,1382.6245,0.20769219300694908,0.20769219300694908
2232,neg_968,GRREDDYDNLQL,0,12,0.0,0.0,0.25,0.08333333333333333,0.0,0.08333333333333333,0.0,0.0,0.0,0.16666666666666666,0.0,0.08333333333333333,0.0,0.08333333333333333,0.16666666666666666,0.0,0.0,0.0,0.0,0.08333333333333333,-2.2347446418169565,-2.0083333333333333,1493.5344,0.14890589682310526,0.14890589682310526
2233,neg_969,PCCSKLHDNSCCGL,0,14,0.0,0.2857142857142857,0.07142857142857142,0.0,0.0,0.07142857142857142,0.07142857142857142,0.0,0.07142857142857142,0.14285714285714285,0.0,0.07142857142857142,0.07142857142857142,0.0,0.0,0.14285714285714285,0.0,0.0,0.0,0.0,0.006220855377746748,-0.007142857142857189,1479.7248,0.036593971916799015,0.036593971916799015
2234,neg_970,LNWGAILKHIIK,0,12,0.08333333333333333,0.0,0.0,0.0,0.0,0.08333333333333333,0.08333333333333333,0.25,0.16666666666666666,0.16666666666666666,0.0,0.08333333333333333,0.0,0.0,0.0,0.0,0.0,0.0,0.08333333333333333,0.0,1.845277800445888,0.5916666666666667,1405.7288999999998,0.14695560060406884,0.14695560060406884
2235,neg_971,FPPWM,0,5,0.0,0.0,0.0,0.0,0.2,0.0,0.0,0.0,0.0,0.0,0.2,0.0,0.4,0.0,0.0,0.0,0.0,0.0,0.2,0.0,-0.23989838581069733,0.11999999999999991,676.8254000000001,0.7689040489851948,0.7689040489851948
2236,neg_972,ATKGSSDNRVLTGV,0,14,0.07142857142857142,0.0,0.07142857142857142,0.0,0.0,0.14285714285714285,0.0,0.0,0.07142857142857142,0.07142857142857142,0.0,0.07142857142857142,0.0,0.0,0.07142857142857142,0.14285714285714285,0.14285714285714285,0.14285714285714285,0.0,0.0,0.7959863478949296,-0.3714285714285714,1404.5258,0.11301927089587975,0.11301927089587975
2237,neg_973,SESNTCG,0,7,0.0,0.14285714285714285,0.0,0.14285714285714285,0.0,0.14285714285714285,0.0,0.0,0.0,0.0,0.0,0.14285714285714285,0.0,0.0,0.0,0.2857142857142857,0.14285714285714285,0.0,0.0,0.0,-1.5469440689082008,-1.0285714285714287,696.6845999999999,0.7410932963658913,0.7410932963658913
2238,neg_974,GLFDAIGNLLGGLGL,0,15,0.06666666666666667,0.0,0.06666666666666667,0.0,0.06666666666666667,0.3333333333333333,0.0,0.06666666666666667,0.0,0.3333333333333333,0.0,0.06666666666666667,0.0,0.0,0.0,0.0,0.0,0.0,0.0,0.0,-1.2387776248708526,1.2733333333333332,1429.6590999999999,0.0822632954876151,0.0822632954876151
2239,neg_976,MLTYTGTVINVQTFAAKPDP,0,20,0.1,0.0,0.05,0.0,0.05,0.05,0.0,0.05,0.05,0.05,0.05,0.05,0.1,0.05,0.0,0.0,0.2,0.1,0.0,0.05,-0.5005225535168125,0.145,2167.4800999999998,0.0076036981616333914,0.0076036981616333914
2240,neg_979,LHSNLEYQYRYSGRVASGIP,0,20,0.05,0.0,0.0,0.05,0.0,0.1,0.05,0.05,0.0,0.1,0.0,0.05,0.05,0.05,0.1,0.15,0.0,0.05,0.0,0.15,0.847069261620095,-0.665,2310.5227999999997,0.006167187411020154,0.006167187411020154
2241,neg_980,QPFSLERW,0,8,0.0,0.0,0.0,0.125,0.125,0.0,0.0,0.0,0.0,0.125,0.0,0.0,0.125,0.125,0.125,0.125,0.0,0.0,0.125,0.0,-0.23709792373748817,-1.0250000000000001,1062.178,0.5028507090255357,0.5028507090255357
2242,neg_981,GLLAFPRV,0,8,0.125,0.0,0.0,0.0,0.125,0.125,0.0,0.0,0.0,0.25,0.0,0.0,0.125,0.0,0.125,0.0,0.0,0.125,0.0,0.0,0.7600916142893016,1.2375,872.0654,0.6048926177679228,0.6048926177679228
2243,neg_982,AYERQFYPGATSVAENNIGH,0,20,0.15,0.0,0.0,0.1,0.05,0.1,0.05,0.05,0.0,0.0,0.0,0.1,0.05,0.05,0.05,0.05,0.05,0.05,0.0,0.1,-1.113338301842909,-0.74,2224.3442,0.012800112817525197,0.012800112817525197
2244,neg_983,PAPDSSFLRDP,0,11,0.09090909090909091,0.0,0.18181818181818182,0.0,0.09090909090909091,0.0,0.0,0.0,0.0,0.09090909090909091,0.0,0.0,0.2727272727272727,0.0,0.09090909090909091,0.18181818181818182,0.0,0.0,0.0,0.0,-1.0392396104419568,-0.8636363636363636,1201.2853,0.10721718816598316,0.10721718816598316
2245,neg_984,QRWPSPKVPP,0,10,0.0,0.0,0.0,0.0,0.0,0.0,0.0,0.0,0.1,0.0,0.0,0.0,0.4,0.1,0.1,0.1,0.0,0.1,0.1,0.0,1.759092613290301,-1.58,1191.3815,0.45658485208090765,0.45658485208090765
2246,neg_985,VDDTTPLSEETMMRIGGYMV,0,20,0.0,0.0,0.1,0.1,0.0,0.1,0.0,0.05,0.0,0.05,0.15,0.0,0.05,0.0,0.05,0.05,0.15,0.1,0.0,0.05,-3.2591581651177406,-0.135,2245.549,0.005884933240786033,0.005884933240786033
2247,neg_986,INVLGILGLLGKALSHL,0,17,0.058823529411764705,0.0,0.0,0.0,0.0,0.17647058823529413,0.058823529411764705,0.11764705882352941,0.058823529411764705,0.35294117647058826,0.0,0.058823529411764705,0.0,0.0,0.0,0.058823529411764705,0.0,0.058823529411764705,0.0,0.0,0.8462768014448888,1.4823529411764707,1731.1304,0.03915225779714337,0.03915225779714337
2248,neg_988,IIDYYDEGEEDRDVGVVDAR,0,20,0.05,0.0,0.25,0.15,0.0,0.1,0.0,0.1,0.0,0.0,0.0,0.0,0.0,0.0,0.1,0.0,0.0,0.15,0.0,0.1,-6.227881196989848,-0.85,2328.4008,0.006301035658840869,0.006301035658840869
2249,neg_989,YCCHPACGPNFSC,0,13,0.07692307692307693,0.3076923076923077,0.0,0.0,0.07692307692307693,0.07692307692307693,0.07692307692307693,0.0,0.0,0.0,0.0,0.07692307692307693,0.15384615384615385,0.0,0.0,0.07692307692307693,0.0,0.0,0.0,0.07692307692307693,-0.19332715895115105,0.16923076923076918,1401.6127,0.09110811065616038,0.09110811065616038
2250,neg_990,VTLTLPPAES,0,10,0.1,0.0,0.0,0.1,0.0,0.0,0.0,0.0,0.0,0.2,0.0,0.0,0.2,0.0,0.0,0.1,0.2,0.1,0.0,0.0,-1.2632011480716374,0.4699999999999999,1027.1689,0.7155518416142931,0.7155518416142931
2251,neg_992,VIGGDECNINEHPFLA,0,16,0.0625,0.0625,0.0625,0.125,0.0625,0.125,0.0625,0.125,0.0,0.0625,0.0,0.125,0.0625,0.0,0.0,0.0,0.0,0.0625,0.0,0.0,-3.181996727003005,0.06249999999999997,1727.8914,0.0652724921896169,0.0652724921896169
2252,neg_993,QRLGHQWAVGHLM,0,13,0.07692307692307693,0.0,0.0,0.0,0.0,0.15384615384615385,0.15384615384615385,0.0,0.0,0.15384615384615385,0.07692307692307693,0.0,0.0,0.15384615384615385,0.07692307692307693,0.0,0.0,0.07692307692307693,0.07692307692307693,0.0,0.9344399907984754,-0.31538461538461543,1532.7705999999998,0.29582494502525825,0.29582494502525825
2253,neg_994,VPASGFFGMR,0,10,0.1,0.0,0.0,0.0,0.2,0.2,0.0,0.0,0.0,0.0,0.1,0.0,0.1,0.0,0.1,0.1,0.0,0.1,0.0,0.0,0.7339783900551512,0.58,1068.2486,0.1984467453379959,0.1984467453379959
2254,neg_995,IVGGVSVAIE,0,10,0.1,0.0,0.0,0.1,0.0,0.2,0.0,0.2,0.0,0.0,0.0,0.0,0.0,0.0,0.0,0.1,0.0,0.3,0.0,0.0,-1.231850644069997,1.83,943.0953,0.7670392286320347,0.7670392286320347
2255,neg_997,YNPASNQCQGF,0,11,0.09090909090909091,0.09090909090909091,0.0,0.0,0.09090909090909091,0.09090909090909091,0.0,0.0,0.0,0.0,0.0,0.18181818181818182,0.09090909090909091,0.18181818181818182,0.0,0.09090909090909091,0.0,0.0,0.0,0.09090909090909091,-0.2507983769087082,-1.0,1228.2904999999998,0.3536738205741517,0.3536738205741517
2256,neg_998,GSTCLEPKVVGPCKA,0,15,0.06666666666666667,0.13333333333333333,0.0,0.06666666666666667,0.0,0.13333333333333333,0.0,0.0,0.13333333333333333,0.06666666666666667,0.0,0.0,0.13333333333333333,0.0,0.0,0.06666666666666667,0.06666666666666667,0.13333333333333333,0.0,0.0,0.7411120939664912,0.14666666666666667,1488.7714,0.11653649643247253,0.11653649643247253
2257,neg_1000,EQSAGFREYIDFFDGYSLTY,0,20,0.05,0.0,0.1,0.1,0.15,0.1,0.0,0.05,0.0,0.05,0.0,0.0,0.0,0.05,0.05,0.1,0.05,0.0,0.0,0.15,-3.1611274003461123,-0.525,2408.5282,0.0017083102856115073,0.0017083102856115073
2258,neg_1001,VIEVVYLRTPFSAGNATT,0,18,0.1111111111111111,0.0,0.0,0.05555555555555555,0.05555555555555555,0.05555555555555555,0.0,0.05555555555555555,0.0,0.05555555555555555,0.0,0.05555555555555555,0.05555555555555555,0.0,0.05555555555555555,0.05555555555555555,0.16666666666666666,0.16666666666666666,0.0,0.05555555555555555,-0.26421014897063966,0.5333333333333333,1938.1841,0.025940022624498,0.025940022624498
2259,neg_1002,QWAQWPRPQIPP,0,12,0.08333333333333333,0.0,0.0,0.0,0.0,0.0,0.0,0.08333333333333333,0.0,0.0,0.0,0.0,0.3333333333333333,0.25,0.08333333333333333,0.0,0.0,0.0,0.16666666666666666,0.0,0.7600916142893016,-1.4083333333333332,1503.7047,0.2215326938909859,0.2215326938909859
2260,neg_1003,SQCCYQICSPC,0,11,0.0,0.36363636363636365,0.0,0.0,0.0,0.0,0.0,0.09090909090909091,0.0,0.0,0.0,0.0,0.09090909090909091,0.18181818181818182,0.0,0.18181818181818182,0.0,0.0,0.0,0.09090909090909091,-0.5804565021774416,0.2727272727272727,1234.4459,0.16169390955420937,0.16169390955420937
2261,neg_1006,HPIQNLFQPSLVLDM,0,15,0.0,0.0,0.06666666666666667,0.0,0.06666666666666667,0.0,0.06666666666666667,0.06666666666666667,0.0,0.2,0.06666666666666667,0.06666666666666667,0.13333333333333333,0.13333333333333333,0.0,0.06666666666666667,0.0,0.06666666666666667,0.0,0.0,-1.151603436616266,0.2399999999999999,1752.0419000000002,0.04834013148364114,0.04834013148364114
2262,neg_1007,DDDDLEGFSE,0,10,0.0,0.0,0.4,0.2,0.1,0.1,0.0,0.0,0.0,0.1,0.0,0.0,0.0,0.0,0.0,0.1,0.0,0.0,0.0,0.0,-6.224557138337408,-1.56,1141.0529,0.2519055322893295,0.2519055322893295
2263,neg_1008,TNSKEGEFIAEGGGVR,0,16,0.0625,0.0,0.0,0.1875,0.0625,0.25,0.0,0.0625,0.0625,0.0,0.0,0.0625,0.0,0.0,0.0625,0.0625,0.0625,0.0625,0.0,0.0,-1.594381020612743,-0.7625,1650.7446,0.08546927794529374,0.08546927794529374
2264,neg_1009,MKDTE,0,5,0.0,0.0,0.2,0.2,0.0,0.0,0.0,0.0,0.2,0.0,0.2,0.0,0.0,0.0,0.0,0.0,0.2,0.0,0.0,0.0,-1.4914758107771113,-1.94,622.6889,0.9209959860752368,0.9209959860752368
2265,neg_1010,AIKVFHIVAETGIHARPAT,0,19,0.21052631578947367,0.0,0.0,0.05263157894736842,0.05263157894736842,0.05263157894736842,0.10526315789473684,0.15789473684210525,0.05263157894736842,0.0,0.0,0.0,0.05263157894736842,0.0,0.05263157894736842,0.0,0.10526315789473684,0.10526315789473684,0.0,0.0,0.972024425437469,0.5368421052631579,2031.3604,0.017293144240040383,0.017293144240040383
2266,neg_1011,QVTFSRDWSP,0,10,0.0,0.0,0.1,0.0,0.1,0.0,0.0,0.0,0.0,0.0,0.0,0.0,0.1,0.1,0.1,0.2,0.1,0.1,0.1,0.0,-0.2387876247708538,-0.93,1222.306,0.17449254967018993,0.17449254967018993
2267,neg_1012,CHYIFNTC,0,8,0.0,0.25,0.0,0.0,0.125,0.0,0.125,0.125,0.0,0.0,0.0,0.125,0.0,0.0,0.0,0.0,0.125,0.0,0.0,0.125,-0.17352517875313123,0.44999999999999996,1000.1514999999999,0.5873108460103702,0.5873108460103702
2268,neg_1013,FLSLIPHAINAVSALANHG,0,19,0.21052631578947367,0.0,0.0,0.0,0.05263157894736842,0.05263157894736842,0.10526315789473684,0.10526315789473684,0.0,0.15789473684210525,0.0,0.10526315789473684,0.05263157894736842,0.0,0.0,0.10526315789473684,0.0,0.05263157894736842,0.0,0.0,-0.06555000930152344,0.9263157894736841,1945.2246,0.015152512810537283,0.015152512810537283
2269,neg_1014,MIYSTEVSNMAGV,0,13,0.07692307692307693,0.0,0.0,0.07692307692307693,0.0,0.07692307692307693,0.0,0.07692307692307693,0.0,0.0,0.15384615384615385,0.07692307692307693,0.0,0.0,0.0,0.15384615384615385,0.07692307692307693,0.15384615384615385,0.0,0.07692307692307693,-1.497833851484446,0.5769230769230769,1401.6044,0.2478996883056007,0.2478996883056007
2270,neg_1015,YSQVSRPRF,0,9,0.0,0.0,0.0,0.0,0.1111111111111111,0.0,0.0,0.0,0.0,0.0,0.0,0.0,0.1111111111111111,0.1111111111111111,0.2222222222222222,0.2222222222222222,0.0,0.1111111111111111,0.0,0.1111111111111111,1.7590826133902997,-1.1111111111111112,1139.2637,0.36333823189352016,0.36333823189352016
2271,neg_1016,VIGGDECNINEHRFLAALYD,0,20,0.1,0.05,0.1,0.1,0.05,0.1,0.05,0.1,0.0,0.1,0.0,0.1,0.0,0.0,0.05,0.0,0.0,0.05,0.0,0.05,-3.17870406535486,-0.05500000000000003,2249.458,0.005059870042849114,0.005059870042849114
2272,neg_1017,GGGGTSGLFAFPRV,0,14,0.07142857142857142,0.0,0.0,0.0,0.14285714285714285,0.35714285714285715,0.0,0.0,0.0,0.07142857142857142,0.0,0.0,0.07142857142857142,0.0,0.07142857142857142,0.07142857142857142,0.07142857142857142,0.07142857142857142,0.0,0.0,0.7600916142893016,0.41428571428571426,1322.4679999999998,0.10805054442752846,0.10805054442752846
2273,neg_1018,PFDRISSSAFSDF,0,13,0.07692307692307693,0.0,0.15384615384615385,0.0,0.23076923076923078,0.0,0.0,0.07692307692307693,0.0,0.0,0.0,0.0,0.07692307692307693,0.0,0.07692307692307693,0.3076923076923077,0.0,0.0,0.0,0.0,-1.0392396104419568,-0.12307692307692314,1475.5571,0.008297908389114051,0.008297908389114051
2274,neg_1019,FLPGLLAGLL,0,10,0.1,0.0,0.0,0.0,0.1,0.2,0.0,0.0,0.0,0.5,0.0,0.0,0.1,0.0,0.0,0.0,0.0,0.0,0.0,0.0,-0.23989838581069733,2.12,1013.2728,0.4141175179982967,0.4141175179982967
2275,neg_1020,QGRLGTQWAVGHLM,0,14,0.07142857142857142,0.0,0.0,0.0,0.0,0.21428571428571427,0.07142857142857142,0.0,0.0,0.14285714285714285,0.07142857142857142,0.0,0.0,0.14285714285714285,0.07142857142857142,0.0,0.07142857142857142,0.07142857142857142,0.07142857142857142,0.0,0.8472658025438885,-0.14285714285714288,1553.7865,0.18082792776761653,0.18082792776761653
2276,neg_1022,KQRSGESQNIIVGSWGAKVS,0,20,0.05,0.0,0.0,0.05,0.0,0.15,0.0,0.1,0.1,0.0,0.0,0.05,0.0,0.1,0.05,0.2,0.0,0.1,0.05,0.0,1.7609040742645101,-0.62,2131.3487,0.0045468822976284275,0.0045468822976284275
2277,neg_1023,QDPYVDFLK,0,9,0.0,0.0,0.2222222222222222,0.0,0.1111111111111111,0.0,0.0,0.0,0.1111111111111111,0.1111111111111111,0.0,0.0,0.1111111111111111,0.1111111111111111,0.0,0.0,0.0,0.1111111111111111,0.0,0.1111111111111111,-1.23965486592901,-0.7222222222222222,1124.2424,0.5175125101282213,0.5175125101282213
2278,neg_1024,FIGAILPAIAGLVHGLINR,0,19,0.15789473684210525,0.0,0.0,0.0,0.05263157894736842,0.15789473684210525,0.05263157894736842,0.21052631578947367,0.0,0.15789473684210525,0.0,0.05263157894736842,0.05263157894736842,0.0,0.05263157894736842,0.0,0.0,0.05263157894736842,0.0,0.0,0.8472658025438885,1.4631578947368422,1945.3537000000001,0.011094826936683426,0.011094826936683426
2279,neg_1025,PFNVGGLDKFGTLN,0,14,0.0,0.0,0.07142857142857142,0.0,0.14285714285714285,0.21428571428571427,0.0,0.0,0.07142857142857142,0.14285714285714285,0.0,0.14285714285714285,0.07142857142857142,0.0,0.0,0.0,0.07142857142857142,0.07142857142857142,0.0,0.0,-0.04134937248080095,-0.035714285714285754,1478.647,0.067732244281047,0.067732244281047
2280,neg_1026,NSTMNSLLQLGR,0,12,0.0,0.0,0.0,0.0,0.0,0.08333333333333333,0.0,0.0,0.0,0.25,0.08333333333333333,0.16666666666666666,0.0,0.08333333333333333,0.08333333333333333,0.16666666666666666,0.08333333333333333,0.0,0.0,0.0,0.7600916142893016,-0.3666666666666667,1333.514,0.13752619335729283,0.13752619335729283
2281,neg_1027,GKTKGVTSGLIAFPRL,0,16,0.0625,0.0,0.0,0.0,0.0625,0.1875,0.0,0.0625,0.125,0.125,0.0,0.0,0.0625,0.0,0.0625,0.0625,0.125,0.0625,0.0,0.0,2.7580936122913,0.22499999999999998,1644.9553,0.0297396005411572,0.0297396005411572
2282,neg_1028,AVVNGVNYVGETTAA,0,15,0.2,0.0,0.0,0.06666666666666667,0.0,0.13333333333333333,0.0,0.0,0.0,0.0,0.0,0.13333333333333333,0.0,0.0,0.0,0.0,0.13333333333333333,0.26666666666666666,0.0,0.06666666666666667,-1.2023139511717038,0.5466666666666667,1464.5758,0.4224280759671553,0.4224280759671553
2283,neg_1029,QKKDKKDRFYGLF,0,13,0.0,0.0,0.15384615384615385,0.0,0.15384615384615385,0.07692307692307693,0.0,0.0,0.3076923076923077,0.07692307692307693,0.0,0.0,0.0,0.07692307692307693,0.07692307692307693,0.0,0.0,0.0,0.0,0.07692307692307693,2.757338131173986,-1.7615384615384615,1672.9239,0.020185800795350865,0.020185800795350865
2284,neg_1030,QQDYTGAHMDF,0,11,0.09090909090909091,0.0,0.18181818181818182,0.0,0.09090909090909091,0.09090909090909091,0.09090909090909091,0.0,0.0,0.0,0.09090909090909091,0.0,0.0,0.18181818181818182,0.0,0.0,0.09090909090909091,0.0,0.0,0.09090909090909091,-2.1514816766754223,-1.190909090909091,1312.3639,0.4113151662135384,0.4113151662135384
2285,neg_1031,ALTEQASKVALTADL,0,15,0.26666666666666666,0.0,0.06666666666666667,0.06666666666666667,0.0,0.0,0.0,0.0,0.06666666666666667,0.2,0.0,0.0,0.0,0.06666666666666667,0.0,0.06666666666666667,0.13333333333333333,0.06666666666666667,0.0,0.0,-1.201193190231859,0.41333333333333333,1530.7187,0.1261719947497904,0.1261719947497904
2286,neg_1032,ITCCTRGTCAQHC,0,13,0.07692307692307693,0.3076923076923077,0.0,0.0,0.0,0.07692307692307693,0.07692307692307693,0.07692307692307693,0.0,0.0,0.0,0.0,0.0,0.07692307692307693,0.07692307692307693,0.0,0.23076923076923078,0.0,0.0,0.0,0.807661842147849,0.2,1396.6396,0.10430178393112374,0.10430178393112374
2287,neg_1033,MAVKAISGCDKDQELI,0,16,0.125,0.0625,0.125,0.0625,0.0,0.0625,0.0,0.125,0.125,0.0625,0.0625,0.0,0.0,0.0625,0.0,0.0625,0.0,0.0625,0.0,0.0,-1.5064923207027676,0.125,1721.005,0.026533531229513116,0.026533531229513116
2288,neg_1035,GVCCGVSFCYPC,0,12,0.0,0.3333333333333333,0.0,0.0,0.08333333333333333,0.16666666666666666,0.0,0.0,0.0,0.0,0.0,0.0,0.08333333333333333,0.0,0.0,0.08333333333333333,0.0,0.16666666666666666,0.0,0.08333333333333333,-0.28050134720573794,1.3916666666666666,1237.491,0.14882223117360965,0.14882223117360965
2289,neg_1036,CCGPTACIAGCKPCC,0,15,0.13333333333333333,0.4,0.0,0.0,0.0,0.13333333333333333,0.0,0.06666666666666667,0.06666666666666667,0.0,0.0,0.0,0.13333333333333333,0.0,0.0,0.0,0.06666666666666667,0.0,0.0,0.0,0.6996966725962426,0.9666666666666667,1429.7952999999998,0.03542776857355291,0.03542776857355291
2290,neg_1038,YCCHPACGKNFDC,0,13,0.07692307692307693,0.3076923076923077,0.07692307692307693,0.0,0.07692307692307693,0.07692307692307693,0.07692307692307693,0.0,0.07692307692307693,0.0,0.0,0.07692307692307693,0.07692307692307693,0.0,0.0,0.0,0.0,0.0,0.0,0.07692307692307693,-0.1932053990103071,-0.2153846153846154,1460.6798999999999,0.06524854814150068,0.06524854814150068
2291,neg_1039,GGCCSHPACFASNPDYC,0,17,0.11764705882352941,0.23529411764705882,0.058823529411764705,0.0,0.058823529411764705,0.11764705882352941,0.058823529411764705,0.0,0.0,0.0,0.0,0.058823529411764705,0.11764705882352941,0.0,0.0,0.11764705882352941,0.0,0.0,0.0,0.058823529411764705,-1.1922063980113062,-0.04117647058823533,1731.9066,0.017357752047651043,0.017357752047651043
2292,neg_1040,GCPWEPWC,0,8,0.0,0.25,0.0,0.125,0.0,0.125,0.0,0.0,0.0,0.0,0.0,0.0,0.25,0.0,0.0,0.0,0.0,0.0,0.25,0.0,-1.256889904035507,-0.48750000000000004,977.1166000000001,0.5955442533974004,0.5955442533974004
2293,neg_1041,AYGESANVFGAP,0,12,0.25,0.0,0.0,0.08333333333333333,0.08333333333333333,0.16666666666666666,0.0,0.0,0.0,0.0,0.0,0.08333333333333333,0.08333333333333333,0.0,0.0,0.08333333333333333,0.0,0.08333333333333333,0.0,0.08333333333333333,-1.2023139511717038,0.075,1182.2386999999999,0.4735867025457504,0.4735867025457504
2294,neg_1042,CCAIRLCNVYLCGSCCP,0,17,0.058823529411764705,0.35294117647058826,0.0,0.0,0.0,0.058823529411764705,0.0,0.058823529411764705,0.0,0.11764705882352941,0.0,0.058823529411764705,0.058823529411764705,0.0,0.058823529411764705,0.058823529411764705,0.0,0.058823529411764705,0.0,0.058823529411764705,0.6996866726962412,1.2352941176470589,1821.2597,0.007629534491324088,0.007629534491324088
2295,neg_1043,KFCPEGKCV,0,9,0.0,0.2222222222222222,0.0,0.1111111111111111,0.1111111111111111,0.1111111111111111,0.0,0.0,0.2222222222222222,0.0,0.0,0.0,0.1111111111111111,0.0,0.0,0.0,0.0,0.1111111111111111,0.0,0.0,0.7411120939664912,-0.14444444444444443,1010.231,0.4258301697946245,0.4258301697946245
2296,neg_1044,KETNAKPPA,0,9,0.2222222222222222,0.0,0.0,0.1111111111111111,0.0,0.0,0.0,0.0,0.2222222222222222,0.0,0.0,0.1111111111111111,0.2222222222222222,0.0,0.0,0.0,0.1111111111111111,0.0,0.0,0.0,0.7609140741645111,-1.6777777777777778,955.0666000000001,0.7607376060594292,0.7607376060594292
2297,neg_1045,KCGVSIPYKISPSTDCSSVK,0,20,0.0,0.1,0.05,0.0,0.0,0.05,0.0,0.1,0.15,0.0,0.0,0.0,0.1,0.0,0.0,0.25,0.05,0.1,0.0,0.05,1.7374243909351241,-0.12,2099.4279,0.002559512426129782,0.002559512426129782
2298,neg_1047,NRNFLRF,0,7,0.0,0.0,0.0,0.0,0.2857142857142857,0.0,0.0,0.0,0.0,0.14285714285714285,0.0,0.2857142857142857,0.0,0.0,0.2857142857142857,0.0,0.0,0.0,0.0,0.0,1.7600816143893008,-0.942857142857143,966.0970999999998,0.22734600295165885,0.22734600295165885
2299,neg_1049,GSSGGMIPFPRV,0,12,0.0,0.0,0.0,0.0,0.08333333333333333,0.25,0.0,0.08333333333333333,0.0,0.0,0.08333333333333333,0.0,0.16666666666666666,0.0,0.08333333333333333,0.16666666666666666,0.0,0.08333333333333333,0.0,0.0,0.7600916142893016,0.2416666666666666,1204.3982999999998,0.15123653618896332,0.15123653618896332
2300,neg_1050,QASTDYDDEDESTVPEAR,0,18,0.1111111111111111,0.0,0.2222222222222222,0.16666666666666666,0.0,0.0,0.0,0.0,0.0,0.0,0.0,0.0,0.05555555555555555,0.05555555555555555,0.05555555555555555,0.1111111111111111,0.1111111111111111,0.05555555555555555,0.0,0.05555555555555555,-6.227992957030691,-1.7000000000000002,2027.9594000000002,0.02219986952031091,0.02219986952031091
2301,neg_1051,QGLIAFPRV,0,9,0.1111111111111111,0.0,0.0,0.0,0.1111111111111111,0.1111111111111111,0.0,0.1111111111111111,0.0,0.1111111111111111,0.0,0.0,0.1111111111111111,0.1111111111111111,0.1111111111111111,0.0,0.0,0.1111111111111111,0.0,0.0,0.7600916142893016,0.7888888888888889,1000.1946,0.5259291644199937,0.5259291644199937
2302,neg_1052,VDFDSESPRRPEIQ,0,14,0.0,0.0,0.14285714285714285,0.14285714285714285,0.07142857142857142,0.0,0.0,0.07142857142857142,0.0,0.0,0.0,0.0,0.14285714285714285,0.07142857142857142,0.14285714285714285,0.14285714285714285,0.0,0.07142857142857142,0.0,0.0,-2.2581691640187405,-1.4142857142857144,1674.7660999999998,0.042443897223922236,0.042443897223922236
2303,neg_1053,APPQPSDNFIRF,0,12,0.08333333333333333,0.0,0.08333333333333333,0.0,0.16666666666666666,0.0,0.0,0.08333333333333333,0.0,0.0,0.0,0.08333333333333333,0.25,0.08333333333333333,0.08333333333333333,0.08333333333333333,0.0,0.0,0.0,0.0,-0.20301465110606953,-0.7250000000000001,1388.5262,0.06834204705865163,0.06834204705865163
2304,neg_1054,MATPLVDPAK,0,10,0.2,0.0,0.1,0.0,0.0,0.0,0.0,0.0,0.1,0.1,0.1,0.0,0.2,0.0,0.0,0.0,0.1,0.1,0.0,0.0,-0.49952355251781144,0.22000000000000003,1042.2497,0.5267042605694711,0.5267042605694711
2305,neg_1055,GLFDIIKKVASVVGLASQ,0,18,0.1111111111111111,0.0,0.05555555555555555,0.0,0.05555555555555555,0.1111111111111111,0.0,0.1111111111111111,0.1111111111111111,0.1111111111111111,0.0,0.0,0.0,0.05555555555555555,0.0,0.1111111111111111,0.0,0.16666666666666666,0.0,0.0,0.7592243731311454,1.0222222222222221,1845.1867000000002,0.014156188352869501,0.014156188352869501
2306,neg_1056,GGETGGEGKGMWFGPRL,0,17,0.0,0.0,0.0,0.11764705882352941,0.058823529411764705,0.4117647058823529,0.0,0.0,0.058823529411764705,0.058823529411764705,0.058823529411764705,0.0,0.058823529411764705,0.0,0.058823529411764705,0.0,0.058823529411764705,0.0,0.058823529411764705,0.0,-0.2352864627632787,-0.7588235294117647,1735.9168,0.042953976715534845,0.042953976715534845
2307,neg_1057,AEKLEPVLPLIV,0,12,0.08333333333333333,0.0,0.0,0.16666666666666666,0.0,0.0,0.0,0.08333333333333333,0.08333333333333333,0.25,0.0,0.0,0.16666666666666666,0.0,0.0,0.0,0.0,0.16666666666666666,0.0,0.0,-1.1995034891984937,1.0,1320.6163,0.5091704671942952,0.5091704671942952
2308,neg_1058,QAIVSKARRPYIL,0,13,0.15384615384615385,0.0,0.0,0.0,0.0,0.0,0.0,0.15384615384615385,0.07692307692307693,0.07692307692307693,0.0,0.0,0.07692307692307693,0.07692307692307693,0.15384615384615385,0.07692307692307693,0.0,0.07692307692307693,0.0,0.07692307692307693,2.758083612391299,0.038461538461538464,1514.8135,0.09996340465900902,0.09996340465900902
2309,neg_1059,VAVKATTTEEETEIPAK,0,17,0.17647058823529413,0.0,0.0,0.23529411764705882,0.0,0.0,0.0,0.058823529411764705,0.11764705882352941,0.0,0.0,0.0,0.058823529411764705,0.0,0.0,0.0,0.23529411764705882,0.11764705882352941,0.0,0.0,-2.256767764150008,-0.46470588235294114,1817.0,0.12023138532765056,0.12023138532765056
2310,neg_1060,NPYAFGL,0,7,0.14285714285714285,0.0,0.0,0.0,0.14285714285714285,0.14285714285714285,0.0,0.0,0.0,0.14285714285714285,0.0,0.14285714285714285,0.14285714285714285,0.0,0.0,0.0,0.0,0.0,0.0,0.14285714285714285,-0.2408973868096983,0.2285714285714285,780.8669,0.8321048924655772,0.8321048924655772
2311,neg_1061,DEGCLPDDSSRT,0,12,0.0,0.08333333333333333,0.25,0.08333333333333333,0.0,0.08333333333333333,0.0,0.0,0.0,0.08333333333333333,0.0,0.0,0.08333333333333333,0.0,0.08333333333333333,0.16666666666666666,0.08333333333333333,0.0,0.0,0.0,-3.2436366310169644,-1.375,1294.3027,0.10506916468689241,0.10506916468689241
2312,neg_1062,MRFYFYSQAVDESGVTR,0,17,0.058823529411764705,0.0,0.058823529411764705,0.058823529411764705,0.11764705882352941,0.058823529411764705,0.0,0.0,0.0,0.0,0.058823529411764705,0.0,0.0,0.058823529411764705,0.11764705882352941,0.11764705882352941,0.058823529411764705,0.11764705882352941,0.0,0.11764705882352941,-0.4977320913436043,-0.4176470588235294,2056.257,0.008953341751644256,0.008953341751644256
2313,neg_1063,SGPGFMGVR,0,9,0.0,0.0,0.0,0.0,0.1111111111111111,0.3333333333333333,0.0,0.0,0.0,0.0,0.1111111111111111,0.0,0.1111111111111111,0.0,0.1111111111111111,0.1111111111111111,0.0,0.1111111111111111,0.0,0.0,0.46013645931759795,0.08888888888888885,907.0482,0.45371899045150255,0.45371899045150255
2314,neg_1064,INWKGIAAMAKKLL,0,14,0.21428571428571427,0.0,0.0,0.0,0.0,0.07142857142857142,0.0,0.14285714285714285,0.21428571428571427,0.14285714285714285,0.07142857142857142,0.07142857142857142,0.0,0.0,0.0,0.0,0.0,0.0,0.07142857142857142,0.0,2.7571046111923003,0.5285714285714286,1556.9560999999999,0.04178988479203036,0.04178988479203036
2315,neg_1065,TEEGEFLHEGGGVR,0,14,0.0,0.0,0.0,0.2857142857142857,0.07142857142857142,0.2857142857142857,0.07142857142857142,0.0,0.0,0.07142857142857142,0.0,0.0,0.0,0.0,0.07142857142857142,0.0,0.07142857142857142,0.07142857142857142,0.0,0.0,-3.503397369385945,-0.942857142857143,1516.5677999999998,0.4101562224636603,0.4101562224636603
2316,neg_1066,AVPDKIDRRESGYV,0,14,0.07142857142857142,0.0,0.14285714285714285,0.07142857142857142,0.0,0.07142857142857142,0.0,0.07142857142857142,0.07142857142857142,0.0,0.0,0.0,0.07142857142857142,0.0,0.14285714285714285,0.07142857142857142,0.0,0.14285714285714285,0.0,0.07142857142857142,-0.20109143009101782,-0.9142857142857143,1604.7622999999999,0.0813821162124253,0.0813821162124253
2317,neg_1067,GGPYAFGL,0,8,0.125,0.0,0.0,0.0,0.125,0.375,0.0,0.0,0.0,0.125,0.0,0.0,0.125,0.0,0.0,0.0,0.0,0.0,0.0,0.125,-0.2408973868096983,0.5375,780.8669,0.8041884859132312,0.8041884859132312
2318,neg_1068,GLFDIIKKVASVVGGL,0,16,0.0625,0.0,0.0625,0.0,0.0625,0.1875,0.0,0.125,0.125,0.125,0.0,0.0,0.0,0.0,0.0,0.0625,0.0,0.1875,0.0,0.0,0.7592243731311454,1.28125,1615.9536,0.03956825758111424,0.03956825758111424
2319,neg_1069,KFNRPETT,0,8,0.0,0.0,0.0,0.125,0.125,0.0,0.0,0.0,0.125,0.0,0.0,0.125,0.125,0.0,0.125,0.0,0.25,0.0,0.0,0.0,0.7619030752635112,-1.95,992.0867000000001,0.6169197458599863,0.6169197458599863
2320,neg_1070,VPPGFTPFRQS,0,11,0.0,0.0,0.0,0.0,0.18181818181818182,0.09090909090909091,0.0,0.0,0.0,0.0,0.0,0.0,0.2727272727272727,0.09090909090909091,0.09090909090909091,0.09090909090909091,0.09090909090909091,0.09090909090909091,0.0,0.0,0.7339783900551512,-0.4454545454545455,1232.3869,0.2190098196015673,0.2190098196015673
2321,neg_1071,TRTPVNVTVTGAAGQIGYAL,0,20,0.15,0.0,0.0,0.0,0.0,0.15,0.0,0.05,0.0,0.05,0.0,0.05,0.05,0.05,0.05,0.0,0.2,0.15,0.0,0.05,0.3971875934676261,0.395,1989.2325999999998,0.028265948086368092,0.028265948086368092
2322,neg_1072,ESNFKIGMAIR,0,11,0.09090909090909091,0.0,0.0,0.09090909090909091,0.09090909090909091,0.09090909090909091,0.0,0.18181818181818182,0.09090909090909091,0.0,0.09090909090909091,0.09090909090909091,0.0,0.0,0.09090909090909091,0.09090909090909091,0.0,0.0,0.0,0.0,0.8358186177989912,-0.1,1265.4814,0.12100101391950822,0.12100101391950822
2323,neg_1073,KMYDFGL,0,7,0.0,0.0,0.14285714285714285,0.0,0.14285714285714285,0.14285714285714285,0.0,0.0,0.14285714285714285,0.14285714285714285,0.14285714285714285,0.0,0.0,0.0,0.0,0.0,0.0,0.0,0.0,0.14285714285714285,-0.24077562686885456,-0.08571428571428577,873.0269,0.6055604190681356,0.6055604190681356
2324,neg_1074,ALIFATLSAAYIGEALE,0,17,0.29411764705882354,0.0,0.0,0.11764705882352941,0.058823529411764705,0.058823529411764705,0.0,0.11764705882352941,0.0,0.17647058823529413,0.0,0.0,0.0,0.0,0.0,0.058823529411764705,0.058823529411764705,0.0,0.0,0.058823529411764705,-2.1942662094310035,1.2941176470588236,1753.0003000000002,0.04462925377364738,0.04462925377364738
2325,neg_1075,QKIQEIDLQTYLQPQ,0,15,0.0,0.0,0.06666666666666667,0.06666666666666667,0.0,0.0,0.0,0.13333333333333333,0.06666666666666667,0.13333333333333333,0.0,0.0,0.06666666666666667,0.3333333333333333,0.0,0.0,0.06666666666666667,0.0,0.0,0.06666666666666667,-1.2379651648956442,-1.0266666666666666,1845.0577000000003,0.1019637203199873,0.1019637203199873
2326,neg_1076,EFSPTRKFGGHGDDKKKKK,0,19,0.0,0.0,0.10526315789473684,0.05263157894736842,0.10526315789473684,0.15789473684210525,0.05263157894736842,0.0,0.3157894736842105,0.0,0.0,0.0,0.05263157894736842,0.0,0.05263157894736842,0.05263157894736842,0.05263157894736842,0.0,0.0,0.0,3.9202393229382633,-2.121052631578947,2190.4608,0.0018384816570606094,0.0018384816570606094
2327,neg_1077,DASNAQKQHDVNFLL,0,15,0.13333333333333333,0.0,0.13333333333333333,0.0,0.06666666666666667,0.0,0.06666666666666667,0.0,0.06666666666666667,0.13333333333333333,0.0,0.13333333333333333,0.0,0.13333333333333333,0.0,0.06666666666666667,0.0,0.06666666666666667,0.0,0.0,-1.1514816766754221,-0.7133333333333334,1699.8184,0.051386890031304026,0.051386890031304026
2328,neg_1078,GCEWVSWC,0,8,0.0,0.25,0.0,0.125,0.0,0.125,0.0,0.0,0.0,0.0,0.0,0.0,0.0,0.0,0.0,0.125,0.0,0.125,0.25,0.0,-1.256889904035507,0.3375,969.0944999999999,0.5163585446422423,0.5163585446422423
2329,neg_1079,GSSGLISMTRV,0,11,0.0,0.0,0.0,0.0,0.0,0.18181818181818182,0.0,0.09090909090909091,0.0,0.09090909090909091,0.09090909090909091,0.0,0.0,0.0,0.09090909090909091,0.2727272727272727,0.09090909090909091,0.09090909090909091,0.0,0.0,0.7600916142893016,0.5454545454545454,1107.2816,0.2033773763517189,0.2033773763517189
2330,neg_1080,SNRSPSLRLRF,0,11,0.0,0.0,0.0,0.0,0.09090909090909091,0.0,0.0,0.0,0.0,0.18181818181818182,0.0,0.09090909090909091,0.09090909090909091,0.0,0.2727272727272727,0.2727272727272727,0.0,0.0,0.0,0.0,2.4601164595175957,-0.9636363636363637,1332.5111,0.04124000526882862,0.04124000526882862
2331,neg_1081,SPPFAPRL,0,8,0.125,0.0,0.0,0.0,0.125,0.0,0.0,0.0,0.0,0.125,0.0,0.0,0.375,0.0,0.125,0.125,0.0,0.0,0.0,0.0,0.46013645931759795,-0.21250000000000008,884.0332000000001,0.48345197854087296,0.48345197854087296
2332,neg_1082,TDPDADKGEFLAEGGGVR,0,18,0.1111111111111111,0.0,0.16666666666666666,0.1111111111111111,0.05555555555555555,0.2222222222222222,0.0,0.0,0.05555555555555555,0.05555555555555555,0.0,0.0,0.05555555555555555,0.0,0.05555555555555555,0.0,0.05555555555555555,0.05555555555555555,0.0,0.0,-3.59382919976642,-0.8555555555555556,1833.906,0.026917785605437953,0.026917785605437953
2333,neg_1083,FLPLVTGLLSGLL,0,13,0.0,0.0,0.0,0.0,0.07692307692307693,0.15384615384615385,0.0,0.0,0.0,0.46153846153846156,0.0,0.0,0.07692307692307693,0.0,0.0,0.07692307692307693,0.07692307692307693,0.07692307692307693,0.0,0.0,-0.23989838581069733,1.9923076923076921,1342.6646999999998,0.1497291182635443,0.1497291182635443
2334,neg_1084,FLSLIPTAINAVSAIAKHF,0,19,0.21052631578947367,0.0,0.0,0.0,0.10526315789473684,0.0,0.05263157894736842,0.15789473684210525,0.05263157894736842,0.10526315789473684,0.0,0.05263157894736842,0.05263157894736842,0.0,0.0,0.10526315789473684,0.05263157894736842,0.05263157894736842,0.0,0.0,0.8462768014448888,1.2421052631578946,2013.3813999999998,0.005074117859592173,0.005074117859592173
2335,neg_1085,SCNCVCGFCCSCSP,0,14,0.0,0.42857142857142855,0.0,0.0,0.07142857142857142,0.07142857142857142,0.0,0.0,0.0,0.0,0.0,0.07142857142857142,0.07142857142857142,0.0,0.0,0.21428571428571427,0.0,0.07142857142857142,0.0,0.0,-0.5992594813764603,1.0071428571428571,1412.6784999999998,0.017269662065581923,0.017269662065581923
2336,neg_1086,FFGSVLKLIPKIL,0,13,0.0,0.0,0.0,0.0,0.15384615384615385,0.07692307692307693,0.0,0.15384615384615385,0.15384615384615385,0.23076923076923078,0.0,0.0,0.07692307692307693,0.0,0.0,0.07692307692307693,0.0,0.07692307692307693,0.0,0.0,1.758103612191301,1.5076923076923074,1474.8702999999998,0.03935661489993029,0.03935661489993029
2337,neg_1087,GSLTGLISMPRT,0,12,0.0,0.0,0.0,0.0,0.0,0.16666666666666666,0.0,0.08333333333333333,0.0,0.16666666666666666,0.08333333333333333,0.0,0.08333333333333333,0.0,0.08333333333333333,0.16666666666666666,0.16666666666666666,0.0,0.0,0.0,0.7600916142893016,0.3416666666666666,1232.45,0.1570097776884149,0.1570097776884149
2338,neg_1088,VKTPITEAIAAADTQG,0,16,0.25,0.0,0.0625,0.0625,0.0,0.0625,0.0,0.125,0.0625,0.0,0.0,0.0,0.0625,0.0625,0.0,0.0,0.1875,0.0625,0.0,0.0,-1.2630793881307936,0.11875000000000002,1585.7542,0.11654739374691973,0.11654739374691973
2339,neg_1089,RCCGYKFCYIC,0,11,0.0,0.36363636363636365,0.0,0.0,0.09090909090909091,0.09090909090909091,0.0,0.09090909090909091,0.09090909090909091,0.0,0.0,0.0,0.0,0.0,0.09090909090909091,0.0,0.0,0.0,0.0,0.18181818181818182,1.7174906508962595,0.5363636363636363,1358.674,0.07021902942291404,0.07021902942291404
2340,neg_1090,FIGDIWSGIQG,0,11,0.0,0.0,0.09090909090909091,0.0,0.09090909090909091,0.2727272727272727,0.0,0.2727272727272727,0.0,0.0,0.0,0.0,0.0,0.09090909090909091,0.0,0.09090909090909091,0.0,0.0,0.09090909090909091,0.0,-1.2387776248708526,0.5818181818181818,1192.3196,0.14480800398611904,0.14480800398611904
2341,neg_1091,DEPDGVPTHQKQ,0,12,0.0,0.0,0.16666666666666666,0.08333333333333333,0.0,0.08333333333333333,0.08333333333333333,0.0,0.08333333333333333,0.0,0.0,0.0,0.16666666666666666,0.16666666666666666,0.0,0.0,0.08333333333333333,0.08333333333333333,0.0,0.0,-2.148671214702212,-2.058333333333333,1350.3907,0.5645514591435821,0.5645514591435821
2342,neg_1092,GLLDILKKVGKVA,0,13,0.07692307692307693,0.0,0.07692307692307693,0.0,0.0,0.15384615384615385,0.0,0.07692307692307693,0.23076923076923078,0.23076923076923078,0.0,0.0,0.0,0.0,0.0,0.0,0.0,0.15384615384615385,0.0,0.0,1.7582253721321448,0.7769230769230769,1353.6924999999999,0.16481979458030763,0.16481979458030763
2343,neg_1093,ETLFDPCSTQDIKKVGV,0,17,0.0,0.058823529411764705,0.11764705882352941,0.058823529411764705,0.058823529411764705,0.058823529411764705,0.0,0.058823529411764705,0.11764705882352941,0.058823529411764705,0.0,0.0,0.058823529411764705,0.058823529411764705,0.0,0.058823529411764705,0.11764705882352941,0.11764705882352941,0.0,0.0,-1.1728298515193294,-0.23529411764705882,1880.1234,0.016159323032756398,0.016159323032756398
2344,neg_1094,MNRLKEIFQKEITPALVSKF,0,20,0.05,0.0,0.0,0.1,0.1,0.0,0.0,0.1,0.15,0.1,0.05,0.05,0.05,0.05,0.05,0.05,0.05,0.05,0.0,0.0,1.5029686085907614,-0.16,2392.857,0.001131006534950657,0.001131006534950657
2345,neg_1095,INWKKLGKALNALL,0,14,0.14285714285714285,0.0,0.0,0.0,0.0,0.07142857142857142,0.0,0.07142857142857142,0.21428571428571427,0.2857142857142857,0.0,0.14285714285714285,0.0,0.0,0.0,0.0,0.0,0.0,0.07142857142857142,0.0,2.7571046111923003,0.2357142857142857,1581.9424,0.04701202104163928,0.04701202104163928
2346,neg_1096,MKHIPFFFAFFFTFP,0,15,0.06666666666666667,0.0,0.0,0.0,0.4666666666666667,0.0,0.06666666666666667,0.06666666666666667,0.06666666666666667,0.0,0.06666666666666667,0.0,0.13333333333333333,0.0,0.0,0.0,0.06666666666666667,0.0,0.0,0.0,0.5865298747969309,1.1199999999999999,1924.3093,0.002095151661830479,0.002095151661830479
2347,neg_1097,AGQDGFMRF,0,9,0.1111111111111111,0.0,0.1111111111111111,0.0,0.2222222222222222,0.2222222222222222,0.0,0.0,0.0,0.0,0.1111111111111111,0.0,0.0,0.1111111111111111,0.1111111111111111,0.0,0.0,0.0,0.0,0.0,-0.20301465110606953,-0.33333333333333337,1028.1417,0.2210002990283055,0.2210002990283055
2348,neg_1098,FLPIIAKVLSGLL,0,13,0.07692307692307693,0.0,0.0,0.0,0.07692307692307693,0.07692307692307693,0.0,0.15384615384615385,0.07692307692307693,0.3076923076923077,0.0,0.0,0.07692307692307693,0.0,0.0,0.07692307692307693,0.0,0.07692307692307693,0.0,0.0,0.7591026131903019,2.023076923076923,1383.7596999999998,0.08868837567927311,0.08868837567927311
2349,neg_1100,TDMLAVSVSSTDAIGHKYGT,0,20,0.1,0.0,0.1,0.0,0.0,0.1,0.05,0.05,0.05,0.05,0.05,0.0,0.0,0.0,0.0,0.15,0.15,0.1,0.0,0.05,-1.514385697497098,0.075,2053.2500999999997,0.0096878890417593,0.0096878890417593
2350,neg_1101,ISEALKSIIVG,0,11,0.09090909090909091,0.0,0.0,0.09090909090909091,0.0,0.09090909090909091,0.0,0.2727272727272727,0.09090909090909091,0.09090909090909091,0.0,0.0,0.0,0.0,0.0,0.18181818181818182,0.0,0.09090909090909091,0.0,0.0,-0.23808692483648786,1.2636363636363637,1129.3468,0.30733471564149634,0.30733471564149634
2351,neg_1102,KKIEEEAAAAGATAE,0,15,0.4,0.0,0.0,0.26666666666666666,0.0,0.06666666666666667,0.0,0.06666666666666667,0.13333333333333333,0.0,0.0,0.0,0.0,0.0,0.0,0.0,0.06666666666666667,0.0,0.0,0.0,-2.225417260148368,-0.5066666666666666,1488.5961000000002,0.28532101906742036,0.28532101906742036
2352,neg_1103,RPPGFTPF,0,8,0.0,0.0,0.0,0.0,0.25,0.125,0.0,0.0,0.0,0.0,0.0,0.0,0.375,0.0,0.125,0.0,0.125,0.0,0.0,0.0,0.7600916142893016,-0.6000000000000001,918.0494000000001,0.43620318534515823,0.43620318534515823
2353,neg_1104,ELPVNFYALNLTADNINIGY,0,20,0.1,0.0,0.05,0.05,0.05,0.05,0.0,0.1,0.0,0.15,0.0,0.2,0.05,0.0,0.0,0.0,0.05,0.05,0.0,0.1,-2.164049622360164,0.23499999999999996,2254.4925,0.0058958379228557945,0.0058958379228557945
2354,neg_1105,NGRRYTTYGCSPPVT,0,15,0.0,0.06666666666666667,0.0,0.0,0.0,0.13333333333333333,0.0,0.0,0.0,0.0,0.0,0.06666666666666667,0.13333333333333333,0.0,0.13333333333333333,0.06666666666666667,0.2,0.06666666666666667,0.0,0.13333333333333333,1.748182622292289,-1.02,1671.8316,0.07847038119633991,0.07847038119633991
2355,neg_1106,TQAGSQNPNDLSPGP,0,15,0.06666666666666667,0.0,0.06666666666666667,0.0,0.0,0.13333333333333333,0.0,0.0,0.0,0.06666666666666667,0.0,0.13333333333333333,0.2,0.13333333333333333,0.0,0.13333333333333333,0.06666666666666667,0.0,0.0,0.0,-1.6006826446935274,-1.32,1482.5085,0.13990993229491144,0.13990993229491144
2356,neg_1107,HKLDSFIGLM,0,10,0.0,0.0,0.1,0.0,0.1,0.1,0.1,0.1,0.1,0.2,0.1,0.0,0.0,0.0,0.0,0.1,0.0,0.0,0.0,0.0,-0.1526024376152666,0.4999999999999999,1160.3855,0.21336119609379026,0.21336119609379026
2357,neg_1108,VARSLLIFEVQQPFLFLL,0,18,0.05555555555555555,0.0,0.0,0.05555555555555555,0.16666666666666666,0.0,0.0,0.05555555555555555,0.0,0.2777777777777778,0.0,0.0,0.05555555555555555,0.1111111111111111,0.05555555555555555,0.05555555555555555,0.0,0.1111111111111111,0.0,0.0,-0.2632111479716386,1.3722222222222222,2133.5728,0.004324510044090356,0.004324510044090356
2358,neg_1109,MKEPKSNIRKLIDIGGLIGR,0,20,0.0,0.0,0.05,0.05,0.0,0.15,0.0,0.2,0.15,0.1,0.05,0.05,0.05,0.0,0.1,0.05,0.0,0.0,0.0,0.0,2.5012689076573955,-0.36500000000000005,2238.6956,0.0014604123559830953,0.0014604123559830953
2359,neg_1110,INWKKIKSIIKAAMN,0,15,0.13333333333333333,0.0,0.0,0.0,0.0,0.0,0.0,0.26666666666666666,0.26666666666666666,0.0,0.06666666666666667,0.13333333333333333,0.0,0.0,0.0,0.06666666666666667,0.0,0.0,0.06666666666666667,0.0,3.7561056101932997,-0.053333333333333316,1758.1790999999998,0.01061761900554881,0.01061761900554881
2360,neg_1111,DYCCRRPTCIPIC,0,13,0.0,0.3076923076923077,0.07692307692307693,0.0,0.0,0.0,0.0,0.15384615384615385,0.0,0.0,0.0,0.0,0.15384615384615385,0.0,0.15384615384615385,0.0,0.07692307692307693,0.0,0.0,0.07692307692307693,0.7205994139341048,0.09999999999999999,1542.8683999999998,0.02800824294905938,0.02800824294905938
2361,neg_1112,AGLFAQPRL,0,9,0.2222222222222222,0.0,0.0,0.0,0.1111111111111111,0.1111111111111111,0.0,0.0,0.0,0.2222222222222222,0.0,0.0,0.1111111111111111,0.1111111111111111,0.1111111111111111,0.0,0.0,0.0,0.0,0.0,0.7958645879540859,0.4444444444444444,972.1415,0.5005204895973567,0.5005204895973567
2362,neg_1113,MHIVVCIKQVPDSAQIRV,0,18,0.05555555555555555,0.05555555555555555,0.05555555555555555,0.0,0.0,0.0,0.05555555555555555,0.16666666666666666,0.05555555555555555,0.0,0.05555555555555555,0.0,0.05555555555555555,0.1111111111111111,0.05555555555555555,0.05555555555555555,0.0,0.2222222222222222,0.0,0.0,0.5777396457377648,0.6666666666666666,2036.4645,0.013032188080867266,0.013032188080867266
2363,neg_1114,ILGPVLSLVGNALGGLLKNE,0,20,0.05,0.0,0.0,0.05,0.0,0.2,0.0,0.05,0.05,0.3,0.0,0.1,0.05,0.0,0.0,0.05,0.0,0.1,0.0,0.0,-0.23284964506899786,0.9549999999999998,1977.3476,0.01673978302813275,0.01673978302813275
2364,neg_1115,FTAASQTLEAGR,0,12,0.25,0.0,0.0,0.08333333333333333,0.08333333333333333,0.08333333333333333,0.0,0.0,0.0,0.08333333333333333,0.0,0.0,0.0,0.08333333333333333,0.08333333333333333,0.08333333333333333,0.16666666666666666,0.0,0.0,0.0,-0.23709792373748817,-0.17500000000000002,1251.3456999999999,0.25570451902955227,0.25570451902955227
2365,neg_1116,TNEKLFFGSGTQLSVL,0,16,0.0,0.0,0.0,0.0625,0.125,0.125,0.0,0.0,0.0625,0.1875,0.0,0.0625,0.0,0.0625,0.0,0.125,0.125,0.0625,0.0,0.0,-0.5999919446591626,0.18749999999999994,1740.9498,0.0280351337228184,0.0280351337228184
2366,neg_1117,TPSDGFMGMR,0,10,0.0,0.0,0.1,0.0,0.1,0.2,0.0,0.0,0.0,0.0,0.2,0.0,0.1,0.0,0.1,0.1,0.1,0.0,0.0,0.0,-0.6006926445935283,-0.53,1098.2531999999999,0.17482825983096983,0.17482825983096983
2367,neg_1118,AIEVQTVTLIPGD,0,13,0.07692307692307693,0.0,0.07692307692307693,0.07692307692307693,0.0,0.07692307692307693,0.0,0.15384615384615385,0.0,0.07692307692307693,0.0,0.0,0.07692307692307693,0.07692307692307693,0.0,0.0,0.15384615384615385,0.15384615384615385,0.0,0.0,-2.197013287625555,0.7,1355.5329,0.3720712122879318,0.3720712122879318
2368,neg_1120,SGLQFAVLDGQGFIPFSRV,0,19,0.05263157894736842,0.0,0.05263157894736842,0.0,0.15789473684210525,0.15789473684210525,0.0,0.05263157894736842,0.0,0.10526315789473684,0.0,0.0,0.05263157894736842,0.10526315789473684,0.05263157894736842,0.10526315789473684,0.0,0.10526315789473684,0.0,0.0,-0.5387427797425575,0.5947368421052631,2038.3046,0.004285458476090894,0.004285458476090894
2369,neg_1121,GAQFSSWG,0,8,0.125,0.0,0.0,0.0,0.125,0.25,0.0,0.0,0.0,0.0,0.0,0.0,0.0,0.125,0.0,0.25,0.0,0.0,0.125,0.0,-0.23989838581069733,-0.275,838.8633,0.46809843752482233,0.46809843752482233
2370,neg_1122,PPPPPGPPPNP,0,11,0.0,0.0,0.0,0.0,0.0,0.09090909090909091,0.0,0.0,0.0,0.0,0.0,0.09090909090909091,0.8181818181818182,0.0,0.0,0.0,0.0,0.0,0.0,0.0,-0.041471132421644796,-1.6636363636363638,1063.206,0.7122485098018623,0.7122485098018623
2371,neg_1123,NYDKNFLRF,0,9,0.0,0.0,0.1111111111111111,0.0,0.2222222222222222,0.0,0.0,0.0,0.1111111111111111,0.1111111111111111,0.0,0.2222222222222222,0.0,0.0,0.1111111111111111,0.0,0.0,0.0,0.0,0.1111111111111111,0.7592143732311445,-1.2000000000000002,1216.3443,0.16740495137026484,0.16740495137026484
2372,neg_1125,LAKTVPLNDGTNFPIFGG,0,18,0.05555555555555555,0.0,0.05555555555555555,0.0,0.1111111111111111,0.16666666666666666,0.0,0.05555555555555555,0.05555555555555555,0.1111111111111111,0.0,0.1111111111111111,0.1111111111111111,0.0,0.0,0.0,0.1111111111111111,0.05555555555555555,0.0,0.0,-0.2397766258698535,0.19444444444444442,1861.1016,0.013528068642146267,0.013528068642146267
2373,neg_1126,RICTPIPFPMCY,0,12,0.0,0.16666666666666666,0.0,0.0,0.08333333333333333,0.0,0.0,0.16666666666666666,0.0,0.0,0.08333333333333333,0.0,0.25,0.0,0.08333333333333333,0.0,0.08333333333333333,0.0,0.0,0.08333333333333333,0.7392906330922808,0.6166666666666666,1440.7945,0.07034214912422328,0.07034214912422328
2374,neg_1127,ISVDELSNYNF,0,11,0.0,0.0,0.09090909090909091,0.09090909090909091,0.09090909090909091,0.0,0.0,0.09090909090909091,0.0,0.09090909090909091,0.0,0.18181818181818182,0.0,0.0,0.0,0.18181818181818182,0.0,0.09090909090909091,0.0,0.09090909090909091,-2.2369661638966436,-0.14545454545454548,1300.3697,0.23006076774686654,0.23006076774686654
2375,neg_1128,SNTSHQDFHLFYGDNGMPVH,0,20,0.0,0.0,0.1,0.0,0.1,0.1,0.15,0.0,0.0,0.05,0.05,0.1,0.05,0.05,0.0,0.1,0.05,0.05,0.0,0.05,-2.277088455137952,-0.8800000000000001,2303.4240999999997,0.004784689670023138,0.004784689670023138
2376,neg_1129,ARPPGFSPFRIV,0,12,0.08333333333333333,0.0,0.0,0.0,0.16666666666666666,0.08333333333333333,0.0,0.08333333333333333,0.0,0.0,0.0,0.0,0.25,0.0,0.16666666666666666,0.08333333333333333,0.0,0.08333333333333333,0.0,0.0,1.7958545880540848,0.09166666666666663,1343.5749999999998,0.07559403593736551,0.07559403593736551
2377,neg_1130,VVYTDCTESGQNLCLCE,0,17,0.0,0.17647058823529413,0.058823529411764705,0.11764705882352941,0.0,0.058823529411764705,0.0,0.0,0.0,0.11764705882352941,0.0,0.058823529411764705,0.0,0.058823529411764705,0.0,0.058823529411764705,0.11764705882352941,0.11764705882352941,0.0,0.058823529411764705,-3.284734616687124,0.12352941176470589,1877.078,0.0387119484373867,0.0387119484373867
2378,neg_1131,GNFFRF,0,6,0.0,0.0,0.0,0.0,0.5,0.16666666666666666,0.0,0.0,0.0,0.0,0.0,0.16666666666666666,0.0,0.0,0.16666666666666666,0.0,0.0,0.0,0.0,0.0,0.7600916142893016,-9.251858538542972e-17,786.8763,0.2233089195600739,0.2233089195600739
2379,neg_1132,KPRPQQFIGLM,0,11,0.0,0.0,0.0,0.0,0.09090909090909091,0.09090909090909091,0.0,0.09090909090909091,0.09090909090909091,0.09090909090909091,0.09090909090909091,0.0,0.18181818181818182,0.18181818181818182,0.09090909090909091,0.0,0.0,0.0,0.0,0.0,1.759092613290301,-0.5454545454545455,1314.5983999999999,0.19861508488157947,0.19861508488157947
2380,neg_1133,LNPFRWMINKYREWKNKKN,0,19,0.0,0.0,0.0,0.05263157894736842,0.05263157894736842,0.0,0.0,0.05263157894736842,0.21052631578947367,0.05263157894736842,0.05263157894736842,0.21052631578947367,0.05263157894736842,0.0,0.10526315789473684,0.0,0.0,0.0,0.10526315789473684,0.05263157894736842,4.757897071367507,-1.7789473684210524,2565.9935,0.0004104117431619513,0.0004104117431619513
2381,neg_1134,CWFPWC,0,6,0.0,0.3333333333333333,0.0,0.0,0.16666666666666666,0.0,0.0,0.0,0.0,0.0,0.0,0.0,0.16666666666666666,0.0,0.0,0.0,0.0,0.0,0.3333333333333333,0.0,-0.25970036600871704,0.7333333333333333,841.0099,0.3365726910128628,0.3365726910128628
2382,neg_1135,GLLGPLLKIAAKVGSNLL,0,18,0.1111111111111111,0.0,0.0,0.0,0.0,0.16666666666666666,0.0,0.05555555555555555,0.1111111111111111,0.3333333333333333,0.0,0.05555555555555555,0.05555555555555555,0.0,0.0,0.05555555555555555,0.0,0.05555555555555555,0.0,0.0,1.758103612191301,1.1222222222222222,1777.1988999999999,0.0233588971949355,0.0233588971949355
2383,neg_1136,VAGRSVVKIAEGYL,0,14,0.14285714285714285,0.0,0.0,0.07142857142857142,0.0,0.14285714285714285,0.0,0.07142857142857142,0.07142857142857142,0.07142857142857142,0.0,0.0,0.0,0.0,0.07142857142857142,0.07142857142857142,0.0,0.21428571428571427,0.0,0.07142857142857142,0.7347908500303597,0.692857142857143,1461.7043999999999,0.2338706101781648,0.2338706101781648
2384,neg_1137,VVNTPGHAVSYHVY,0,14,0.07142857142857142,0.0,0.0,0.0,0.0,0.07142857142857142,0.14285714285714285,0.0,0.0,0.0,0.0,0.07142857142857142,0.07142857142857142,0.0,0.0,0.07142857142857142,0.07142857142857142,0.2857142857142857,0.0,0.14285714285714285,-0.09366123553367578,0.18571428571428572,1542.6924999999999,0.5496684795797503,0.5496684795797503
2385,neg_1138,GVIAWELQHNEPGRKDSTAG,0,20,0.1,0.0,0.05,0.1,0.0,0.15,0.05,0.05,0.05,0.05,0.0,0.05,0.05,0.05,0.05,0.05,0.05,0.05,0.05,0.0,-1.1469915135688469,-0.9099999999999999,2165.322,0.01025017763861532,0.01025017763861532
2386,neg_1139,EAAGLISFPRV,0,11,0.18181818181818182,0.0,0.0,0.09090909090909091,0.09090909090909091,0.09090909090909091,0.0,0.09090909090909091,0.0,0.09090909090909091,0.0,0.0,0.09090909090909091,0.0,0.09090909090909091,0.09090909090909091,0.0,0.09090909090909091,0.0,0.0,-0.1631823812020079,0.7363636363636363,1159.3346,0.3009494284918678,0.3009494284918678
2387,neg_1140,YDPSPLQDFCVAD,0,13,0.07692307692307693,0.07692307692307693,0.23076923076923078,0.0,0.07692307692307693,0.0,0.0,0.0,0.0,0.07692307692307693,0.0,0.0,0.15384615384615385,0.07692307692307693,0.0,0.07692307692307693,0.0,0.07692307692307693,0.0,0.07692307692307693,-3.2442551924818717,-0.3230769230769231,1469.5708,0.09164187717350875,0.09164187717350875
2388,neg_1141,IVPFLLGMVPKLICLITKKC,0,20,0.0,0.1,0.0,0.0,0.05,0.05,0.0,0.15,0.15,0.2,0.05,0.0,0.1,0.0,0.0,0.0,0.05,0.1,0.0,0.0,2.7373026309942805,1.54,2229.9386,0.0015787461420197046,0.0015787461420197046
2389,neg_1142,SSGGGEGSGMWFGPRL,0,16,0.0,0.0,0.0,0.0625,0.0625,0.375,0.0,0.0,0.0,0.0625,0.0625,0.0,0.0625,0.0,0.0625,0.1875,0.0,0.0,0.0625,0.0,-0.5370530787091918,-0.42500000000000004,1581.7072,0.036025268306892615,0.036025268306892615
2390,neg_1143,ARARLGVRRFRRKR,0,14,0.14285714285714285,0.0,0.0,0.0,0.07142857142857142,0.07142857142857142,0.0,0.0,0.07142857142857142,0.07142857142857142,0.0,0.0,0.0,0.0,0.5,0.0,0.0,0.07142857142857142,0.0,0.0,7.794805587555079,-1.5285714285714285,1798.157,0.005875124452279259,0.005875124452279259
2391,neg_1144,TLNKVYKFDRDRRFL,0,15,0.0,0.0,0.13333333333333333,0.0,0.13333333333333333,0.0,0.0,0.0,0.13333333333333333,0.13333333333333333,0.0,0.06666666666666667,0.0,0.0,0.2,0.0,0.06666666666666667,0.06666666666666667,0.0,0.06666666666666667,2.3974111135493112,-1.0933333333333333,1971.2653,0.0046028240029016955,0.0046028240029016955
2392,neg_1145,LPDSSFLRL,0,9,0.0,0.0,0.1111111111111111,0.0,0.1111111111111111,0.0,0.0,0.0,0.0,0.3333333333333333,0.0,0.0,0.1111111111111111,0.0,0.1111111111111111,0.2222222222222222,0.0,0.0,0.0,0.0,-0.2387876247708538,0.33333333333333326,1047.2048,0.1612762671883702,0.1612762671883702
2393,neg_1146,GCCHIIACRMGCSPCCW,0,17,0.058823529411764705,0.35294117647058826,0.0,0.0,0.0,0.11764705882352941,0.058823529411764705,0.11764705882352941,0.0,0.0,0.058823529411764705,0.0,0.058823529411764705,0.0,0.058823529411764705,0.058823529411764705,0.0,0.0,0.058823529411764705,0.0,0.7878598619498292,0.9352941176470588,1843.2918,0.004918975940429232,0.004918975940429232
2394,neg_1149,GCCSRPPCIANNPDIC,0,16,0.0625,0.25,0.0625,0.0,0.0,0.0625,0.0,0.125,0.0,0.0,0.0,0.125,0.1875,0.0,0.0625,0.0625,0.0,0.0,0.0,0.0,-0.2783915851668932,-0.012500000000000018,1662.9325000000001,0.013680283433043523,0.013680283433043523
2395,neg_1150,MGQGAVEGQLFYNVQ,0,15,0.06666666666666667,0.0,0.0,0.06666666666666667,0.06666666666666667,0.2,0.0,0.0,0.0,0.06666666666666667,0.06666666666666667,0.06666666666666667,0.0,0.2,0.0,0.0,0.0,0.13333333333333333,0.0,0.06666666666666667,-1.497833851484446,-0.08666666666666668,1640.8139,0.20475115569811586,0.20475115569811586
2396,neg_1152,FDAFTTGF,0,8,0.125,0.0,0.125,0.0,0.375,0.125,0.0,0.0,0.0,0.0,0.0,0.0,0.0,0.0,0.0,0.0,0.25,0.0,0.0,0.0,-1.2387776248708526,0.6124999999999999,904.9611,0.2173800565665831,0.2173800565665831
2397,neg_1153,LLGMLPVALSALSALSKL,0,18,0.16666666666666666,0.0,0.0,0.0,0.0,0.05555555555555555,0.0,0.0,0.05555555555555555,0.3888888888888889,0.05555555555555555,0.0,0.05555555555555555,0.0,0.0,0.16666666666666666,0.0,0.05555555555555555,0.0,0.0,0.7591026131903019,1.6555555555555554,1797.2498999999998,0.015359004410869704,0.015359004410869704
2398,neg_1154,INWLKLGKKVSAIL,0,14,0.07142857142857142,0.0,0.0,0.0,0.0,0.07142857142857142,0.0,0.14285714285714285,0.21428571428571427,0.21428571428571427,0.0,0.07142857142857142,0.0,0.0,0.0,0.07142857142857142,0.0,0.07142857142857142,0.07142857142857142,0.0,2.7571046111923003,0.65,1582.9702,0.041300865275587795,0.041300865275587795
2399,neg_1155,GASGLIPVMRN,0,11,0.09090909090909091,0.0,0.0,0.0,0.0,0.18181818181818182,0.0,0.09090909090909091,0.0,0.09090909090909091,0.09090909090909091,0.09090909090909091,0.09090909090909091,0.0,0.09090909090909091,0.09090909090909091,0.0,0.09090909090909091,0.0,0.0,0.7600916142893016,0.45454545454545453,1114.3188,0.3220261639518434,0.3220261639518434
2400,neg_1157,SPHYNFGL,0,8,0.0,0.0,0.0,0.0,0.125,0.125,0.125,0.0,0.0,0.125,0.0,0.125,0.125,0.0,0.0,0.125,0.0,0.0,0.0,0.125,-0.45367835352681507,-0.5250000000000001,934.0056,0.7958388640369526,0.7958388640369526
2401,neg_1158,QDKPFWPPPIYPM,0,13,0.0,0.0,0.07692307692307693,0.0,0.07692307692307693,0.0,0.0,0.07692307692307693,0.07692307692307693,0.0,0.07692307692307693,0.0,0.38461538461538464,0.07692307692307693,0.0,0.0,0.0,0.0,0.07692307692307693,0.07692307692307693,-0.24077562686885456,-0.9153846153846155,1615.8907,0.08393660760822891,0.08393660760822891
2402,neg_1159,AGCKNFFWKTFTSC,0,14,0.07142857142857142,0.14285714285714285,0.0,0.0,0.21428571428571427,0.07142857142857142,0.0,0.0,0.14285714285714285,0.0,0.0,0.07142857142857142,0.0,0.0,0.0,0.07142857142857142,0.14285714285714285,0.0,0.07142857142857142,0.0,1.7740746056580656,0.02857142857142855,1639.8938999999998,0.008508264688079558,0.008508264688079558
2403,neg_1160,YFDPFSLDVWDPFQA,0,15,0.06666666666666667,0.0,0.2,0.0,0.2,0.0,0.0,0.0,0.0,0.06666666666666667,0.0,0.0,0.13333333333333333,0.06666666666666667,0.0,0.06666666666666667,0.0,0.06666666666666667,0.06666666666666667,0.06666666666666667,-3.2375351039901648,-0.1333333333333334,1846.9854,0.010984993822087853,0.010984993822087853
2404,neg_1161,MSQNTKGKLSLVGLSLMI,0,18,0.0,0.0,0.0,0.0,0.0,0.1111111111111111,0.0,0.05555555555555555,0.1111111111111111,0.2222222222222222,0.1111111111111111,0.05555555555555555,0.0,0.05555555555555555,0.0,0.16666666666666666,0.05555555555555555,0.05555555555555555,0.0,0.0,1.4983566855433432,0.5,1920.3411,0.008673333482436905,0.008673333482436905
2405,neg_1162,ARAVGIDLGTTNAVVAVLEG,0,20,0.2,0.0,0.05,0.05,0.0,0.15,0.0,0.05,0.0,0.1,0.0,0.05,0.0,0.0,0.05,0.0,0.1,0.2,0.0,0.0,-1.2002041891328592,0.925,1926.1751,0.029404067929474174,0.029404067929474174
2406,neg_1163,KIKETNA,0,7,0.14285714285714285,0.0,0.0,0.14285714285714285,0.0,0.0,0.0,0.14285714285714285,0.2857142857142857,0.0,0.0,0.14285714285714285,0.0,0.0,0.0,0.0,0.14285714285714285,0.0,0.0,0.0,0.7609140741645111,-1.3142857142857143,802.9159,0.8400198819412164,0.8400198819412164
2407,neg_1164,FISAIASFLGKFL,0,13,0.15384615384615385,0.0,0.0,0.0,0.23076923076923078,0.07692307692307693,0.0,0.15384615384615385,0.07692307692307693,0.15384615384615385,0.0,0.0,0.0,0.0,0.0,0.15384615384615385,0.0,0.0,0.0,0.0,0.7591026131903019,1.7461538461538462,1413.7011,0.02147442749569504,0.02147442749569504
2408,neg_1165,DADIAVWAPPVNAQN,0,15,0.26666666666666666,0.0,0.13333333333333333,0.0,0.0,0.0,0.0,0.06666666666666667,0.0,0.0,0.0,0.13333333333333333,0.13333333333333333,0.06666666666666667,0.0,0.0,0.0,0.13333333333333333,0.06666666666666667,0.0,-2.2376568639310084,-0.09999999999999996,1580.696,0.10285240004234007,0.10285240004234007
2409,neg_1166,KPNQDFMRF,0,9,0.0,0.0,0.1111111111111111,0.0,0.2222222222222222,0.0,0.0,0.0,0.1111111111111111,0.0,0.1111111111111111,0.1111111111111111,0.1111111111111111,0.1111111111111111,0.1111111111111111,0.0,0.0,0.0,0.0,0.0,0.7602133742301456,-1.4444444444444444,1182.3513,0.14519398560625166,0.14519398560625166
2410,neg_1167,NAPWAQIDEV,0,10,0.2,0.0,0.1,0.1,0.0,0.0,0.0,0.1,0.0,0.0,0.0,0.1,0.1,0.1,0.0,0.0,0.0,0.1,0.1,0.0,-2.2359671628976425,-0.42000000000000004,1142.218,0.6098505846851645,0.6098505846851645
2411,neg_1168,EDDLEDFNPTVS,0,12,0.0,0.0,0.25,0.16666666666666666,0.08333333333333333,0.0,0.0,0.0,0.0,0.08333333333333333,0.0,0.08333333333333333,0.08333333333333333,0.0,0.0,0.08333333333333333,0.08333333333333333,0.08333333333333333,0.0,0.0,-5.156999636509263,-1.1083333333333334,1380.3669,0.19272681559224453,0.19272681559224453
2412,neg_1170,QKKDKDRFYGLM,0,12,0.0,0.0,0.16666666666666666,0.0,0.08333333333333333,0.08333333333333333,0.0,0.0,0.25,0.08333333333333333,0.08333333333333333,0.0,0.0,0.08333333333333333,0.08333333333333333,0.0,0.0,0.0,0.0,0.08333333333333333,1.7583371321729873,-1.6583333333333332,1528.7738,0.05548844979872737,0.05548844979872737
2413,neg_1171,QQWPRDPAPIPP,0,12,0.08333333333333333,0.0,0.08333333333333333,0.0,0.0,0.0,0.0,0.08333333333333333,0.0,0.0,0.0,0.0,0.4166666666666667,0.16666666666666666,0.08333333333333333,0.0,0.0,0.0,0.08333333333333333,0.0,-0.2387876247708538,-1.4666666666666668,1401.5682,0.244796850661768,0.244796850661768
2414,neg_1172,QKKDKKDRFY,0,10,0.0,0.0,0.2,0.0,0.1,0.0,0.0,0.0,0.4,0.0,0.0,0.0,0.0,0.1,0.1,0.0,0.0,0.0,0.0,0.1,2.757338131173986,-2.91,1355.5412,0.1255438367972619,0.1255438367972619
2415,neg_1173,TTAIEPFISLGDK,0,13,0.07692307692307693,0.0,0.07692307692307693,0.07692307692307693,0.07692307692307693,0.07692307692307693,0.0,0.15384615384615385,0.07692307692307693,0.07692307692307693,0.0,0.0,0.07692307692307693,0.0,0.0,0.07692307692307693,0.15384615384615385,0.0,0.0,0.0,-1.598871183719318,0.1769230769230769,1391.5651,0.10653356058533103,0.10653356058533103
2416,neg_1174,SNSKCPDGPDCFVGLM,0,16,0.0,0.125,0.125,0.0,0.0625,0.125,0.0,0.0,0.0625,0.0625,0.0625,0.0625,0.125,0.0,0.0,0.125,0.0,0.0625,0.0,0.0,-1.5584130000997325,-0.14375000000000004,1669.8968,0.015061019338452764,0.015061019338452764
2417,neg_1175,GSNDFMRF,0,8,0.0,0.0,0.125,0.0,0.25,0.125,0.0,0.0,0.0,0.0,0.125,0.125,0.0,0.0,0.125,0.125,0.0,0.0,0.0,0.0,-0.2387876247708538,-0.65,973.0632,0.1322233689479138,0.1322233689479138
2418,neg_1176,GLEVLGKILSGIL,0,13,0.0,0.0,0.0,0.07692307692307693,0.0,0.23076923076923078,0.0,0.15384615384615385,0.07692307692307693,0.3076923076923077,0.0,0.0,0.0,0.0,0.0,0.07692307692307693,0.0,0.07692307692307693,0.0,0.0,-0.23808692483648786,1.4615384615384615,1311.6093999999998,0.22440772108759804,0.22440772108759804
2419,neg_1177,EPRTPWDWV,0,9,0.0,0.0,0.1111111111111111,0.1111111111111111,0.0,0.0,0.0,0.0,0.0,0.0,0.0,0.0,0.2222222222222222,0.0,0.1111111111111111,0.0,0.1111111111111111,0.1111111111111111,0.2222222222222222,0.0,-1.1620616202621632,-1.4444444444444444,1185.2875000000001,0.5475316543507454,0.5475316543507454
2420,neg_1178,FSGSVNQACSGFGWK,0,15,0.06666666666666667,0.06666666666666667,0.0,0.0,0.13333333333333333,0.2,0.0,0.0,0.06666666666666667,0.0,0.0,0.06666666666666667,0.0,0.06666666666666667,0.0,0.2,0.0,0.06666666666666667,0.06666666666666667,0.0,0.7492016230912921,-0.08666666666666668,1574.7145,0.022466190120127568,0.022466190120127568
2421,neg_1179,DTRPPGFTPFR,0,11,0.0,0.0,0.09090909090909091,0.0,0.18181818181818182,0.09090909090909091,0.0,0.0,0.0,0.0,0.0,0.0,0.2727272727272727,0.0,0.18181818181818182,0.0,0.18181818181818182,0.0,0.0,0.0,0.7612023753291453,-1.2272727272727273,1290.4264,0.1043668754117532,0.1043668754117532
2422,neg_1180,GPETAFLRL,0,9,0.1111111111111111,0.0,0.0,0.1111111111111111,0.1111111111111111,0.1111111111111111,0.0,0.0,0.0,0.2222222222222222,0.0,0.0,0.1111111111111111,0.0,0.1111111111111111,0.0,0.1111111111111111,0.0,0.0,0.0,-0.23709792373748817,0.16666666666666663,1003.1523,0.5503297900297501,0.5503297900297501
2423,neg_1181,ADTGEGDFLAEGGGVR,0,16,0.125,0.0,0.125,0.125,0.0625,0.3125,0.0,0.0,0.0,0.0625,0.0,0.0,0.0,0.0,0.0625,0.0,0.0625,0.0625,0.0,0.0,-3.196272966219805,-0.425,1550.5824,0.10403676956841836,0.10403676956841836
2424,neg_1182,FQFVNPSDIVFGS,0,13,0.0,0.0,0.07692307692307693,0.0,0.23076923076923078,0.07692307692307693,0.0,0.07692307692307693,0.0,0.0,0.0,0.07692307692307693,0.07692307692307693,0.07692307692307693,0.0,0.15384615384615385,0.0,0.15384615384615385,0.0,0.0,-1.2387776248708526,0.5538461538461538,1456.5965999999999,0.04610325204440456,0.04610325204440456
2425,neg_1184,MTRVQFKQHHHHHHPD,0,16,0.0,0.0,0.0625,0.0,0.0625,0.0,0.375,0.0,0.0625,0.0,0.0625,0.0,0.0625,0.125,0.0625,0.0,0.0625,0.0625,0.0,0.0,1.026692478717012,-1.96875,2072.2748,0.08057355957018426,0.08057355957018426
2426,neg_1185,IEMAEGGNDNIGNESIK,0,17,0.058823529411764705,0.0,0.058823529411764705,0.17647058823529413,0.0,0.17647058823529413,0.0,0.17647058823529413,0.058823529411764705,0.0,0.058823529411764705,0.17647058823529413,0.0,0.0,0.0,0.058823529411764705,0.0,0.0,0.0,0.0,-3.2313452399502225,-0.776470588235294,1790.9027,0.03955501429903464,0.03955501429903464
2427,neg_1186,EPVKKKDLKKATVPL,0,15,0.06666666666666667,0.0,0.06666666666666667,0.06666666666666667,0.0,0.0,0.0,0.0,0.3333333333333333,0.13333333333333333,0.0,0.0,0.13333333333333333,0.0,0.0,0.0,0.06666666666666667,0.13333333333333333,0.0,0.0,2.8329533746428335,-0.84,1694.0675999999999,0.06118748897694526,0.06118748897694526
2428,neg_1187,GVDSSFVRL,0,9,0.0,0.0,0.1111111111111111,0.0,0.1111111111111111,0.1111111111111111,0.0,0.0,0.0,0.1111111111111111,0.0,0.0,0.0,0.0,0.1111111111111111,0.2222222222222222,0.0,0.2222222222222222,0.0,0.0,-0.2387876247708538,0.5555555555555556,979.0877,0.30853065115687506,0.30853065115687506
2429,neg_1188,PRLRRLTGLSPLRAP,0,15,0.06666666666666667,0.0,0.0,0.0,0.0,0.06666666666666667,0.0,0.0,0.0,0.26666666666666666,0.0,0.0,0.2,0.0,0.26666666666666666,0.06666666666666667,0.06666666666666667,0.0,0.0,0.0,3.958488867978351,-0.5133333333333334,1703.0445,0.02118850822757447,0.02118850822757447
2430,neg_1189,MMKHVIILVILLVISFQAY,0,19,0.05263157894736842,0.0,0.0,0.0,0.05263157894736842,0.0,0.05263157894736842,0.21052631578947367,0.05263157894736842,0.15789473684210525,0.10526315789473684,0.0,0.0,0.05263157894736842,0.0,0.05263157894736842,0.0,0.15789473684210525,0.0,0.05263157894736842,0.5855308737979299,1.9842105263157896,2231.8465,0.00432840203456822,0.00432840203456822
2431,neg_1190,AYRKPPFNGSIF,0,12,0.08333333333333333,0.0,0.0,0.0,0.16666666666666666,0.08333333333333333,0.0,0.08333333333333333,0.08333333333333333,0.0,0.0,0.08333333333333333,0.16666666666666666,0.0,0.08333333333333333,0.08333333333333333,0.0,0.0,0.0,0.08333333333333333,1.793866585956084,-0.47500000000000003,1396.5911999999998,0.077690125080725,0.077690125080725
2432,neg_1191,EQFEDYGHMRF,0,11,0.0,0.0,0.09090909090909091,0.18181818181818182,0.18181818181818182,0.09090909090909091,0.09090909090909091,0.0,0.0,0.0,0.09090909090909091,0.0,0.0,0.09090909090909091,0.09090909090909091,0.0,0.0,0.0,0.0,0.09090909090909091,-2.0730759710333673,-1.4454545454545455,1458.5529999999999,0.30132424179559386,0.30132424179559386
2433,neg_1192,ASNVPKELVEKGQNRV,0,16,0.0625,0.0,0.0,0.125,0.0,0.0625,0.0,0.0,0.125,0.0625,0.0,0.125,0.0625,0.0625,0.0625,0.0625,0.0,0.1875,0.0,0.0,0.7994875099025047,-0.9,1767.9803,0.08298380412641017,0.08298380412641017
2434,neg_1193,NFLGTLINLAKKIM,0,14,0.07142857142857142,0.0,0.0,0.0,0.07142857142857142,0.07142857142857142,0.0,0.14285714285714285,0.14285714285714285,0.21428571428571427,0.07142857142857142,0.14285714285714285,0.0,0.0,0.0,0.0,0.07142857142857142,0.0,0.0,0.0,1.758103612191301,0.7857142857142857,1575.956,0.0344594101585771,0.0344594101585771
2435,neg_1194,QHWSHGWLPG,0,10,0.0,0.0,0.0,0.0,0.0,0.2,0.2,0.0,0.0,0.1,0.0,0.0,0.1,0.1,0.0,0.1,0.0,0.0,0.2,0.0,-0.06555000930152344,-1.11,1204.2956,0.6715596784035524,0.6715596784035524
2436,neg_1195,KETNAKPP,0,8,0.125,0.0,0.0,0.125,0.0,0.0,0.0,0.0,0.25,0.0,0.0,0.125,0.25,0.0,0.0,0.0,0.125,0.0,0.0,0.0,0.7609140741645111,-2.1125,883.9887000000001,0.8414615904700166,0.8414615904700166
2437,neg_1196,AESGFQPVVDRKGD,0,14,0.07142857142857142,0.0,0.14285714285714285,0.07142857142857142,0.07142857142857142,0.14285714285714285,0.0,0.0,0.07142857142857142,0.0,0.0,0.0,0.07142857142857142,0.07142857142857142,0.07142857142857142,0.07142857142857142,0.0,0.14285714285714285,0.0,0.0,-1.1969015275847124,-0.9,1504.6000999999999,0.10194404767341902,0.10194404767341902
2438,neg_1197,PAPESSFIRDP,0,11,0.09090909090909091,0.0,0.09090909090909091,0.09090909090909091,0.09090909090909091,0.0,0.0,0.09090909090909091,0.0,0.0,0.0,0.0,0.2727272727272727,0.0,0.09090909090909091,0.18181818181818182,0.0,0.0,0.0,0.0,-1.037549909408591,-0.8,1215.3119,0.16626800643527792,0.16626800643527792
2439,neg_1199,IECEVCMKPGDRCNGSMMT,0,19,0.0,0.15789473684210525,0.05263157894736842,0.10526315789473684,0.0,0.10526315789473684,0.0,0.05263157894736842,0.05263157894736842,0.0,0.15789473684210525,0.05263157894736842,0.05263157894736842,0.0,0.05263157894736842,0.05263157894736842,0.05263157894736842,0.05263157894736842,0.0,0.0,-1.2638686721204633,-0.23157894736842108,2104.4955999999997,0.003935391455245434,0.003935391455245434
2440,neg_1200,FCTMIPIPRCY,0,11,0.0,0.18181818181818182,0.0,0.0,0.09090909090909091,0.0,0.0,0.18181818181818182,0.0,0.0,0.09090909090909091,0.0,0.18181818181818182,0.0,0.09090909090909091,0.0,0.09090909090909091,0.0,0.0,0.09090909090909091,0.7392906330922808,0.8181818181818182,1343.6793,0.09417295251029001,0.09417295251029001
2441,neg_1202,ATSGPMGWLPVFYRF,0,15,0.06666666666666667,0.0,0.0,0.0,0.13333333333333333,0.13333333333333333,0.0,0.0,0.0,0.06666666666666667,0.06666666666666667,0.0,0.13333333333333333,0.0,0.06666666666666667,0.06666666666666667,0.06666666666666667,0.06666666666666667,0.06666666666666667,0.06666666666666667,0.7948655869550849,0.33999999999999997,1729.0084000000002,0.024788436532953484,0.024788436532953484
2442,neg_1203,DGCCIAKQCC,0,10,0.1,0.4,0.1,0.0,0.0,0.1,0.0,0.1,0.1,0.0,0.0,0.0,0.0,0.1,0.0,0.0,0.0,0.0,0.0,0.0,-0.2793805862658929,0.5,1043.2626,0.16486710942587604,0.16486710942587604
2443,neg_1204,TPLWSLMQDLMM,0,12,0.0,0.0,0.08333333333333333,0.0,0.0,0.0,0.0,0.0,0.0,0.25,0.25,0.0,0.08333333333333333,0.08333333333333333,0.0,0.08333333333333333,0.08333333333333333,0.0,0.08333333333333333,0.0,-1.6006826446935274,0.5083333333333332,1465.799,0.08730210560196752,0.08730210560196752
2444,neg_1205,QWAQWPRPTPQIPP,0,14,0.07142857142857142,0.0,0.0,0.0,0.0,0.0,0.0,0.07142857142857142,0.0,0.0,0.0,0.0,0.35714285714285715,0.21428571428571427,0.07142857142857142,0.0,0.07142857142857142,0.0,0.14285714285714285,0.0,0.7600916142893016,-1.3714285714285714,1701.9237999999998,0.09601383750751807,0.09601383750751807
2445,neg_1206,MVDKFNNSDC,0,10,0.0,0.1,0.2,0.0,0.1,0.0,0.0,0.0,0.1,0.0,0.1,0.2,0.0,0.0,0.0,0.1,0.0,0.1,0.0,0.0,-1.5083037816769769,-0.73,1172.2886,0.11477266643916952,0.11477266643916952
2446,neg_1207,SCNCVCGVCCSCSP,0,14,0.0,0.42857142857142855,0.0,0.0,0.0,0.07142857142857142,0.0,0.0,0.0,0.0,0.0,0.07142857142857142,0.07142857142857142,0.0,0.0,0.21428571428571427,0.0,0.14285714285714285,0.0,0.0,-0.5992594813764603,1.1071428571428572,1364.6356999999998,0.03756507502863518,0.03756507502863518
2447,neg_1208,QSPGCCWNPACVKNRC,0,16,0.0625,0.25,0.0,0.0,0.0,0.0625,0.0,0.0,0.0625,0.0,0.0,0.125,0.125,0.0625,0.0625,0.0625,0.0,0.0625,0.0625,0.0,1.7194886528942614,-0.5125,1766.0571,0.013843541073875403,0.013843541073875403
2448,neg_1209,SASGSGESSGMWFGPRL,0,17,0.058823529411764705,0.0,0.0,0.058823529411764705,0.058823529411764705,0.23529411764705882,0.0,0.0,0.0,0.058823529411764705,0.058823529411764705,0.0,0.058823529411764705,0.0,0.058823529411764705,0.29411764705882354,0.0,0.0,0.058823529411764705,0.0,-0.5370530787091918,-0.34117647058823536,1712.8371,0.013610797194732243,0.013610797194732243
2449,neg_1210,SIVLRGKAPFR,0,11,0.09090909090909091,0.0,0.0,0.0,0.09090909090909091,0.09090909090909091,0.0,0.09090909090909091,0.09090909090909091,0.09090909090909091,0.0,0.0,0.09090909090909091,0.0,0.18181818181818182,0.09090909090909091,0.0,0.09090909090909091,0.0,0.0,2.4591274584185965,0.12727272727272726,1243.5007,0.12425643301031446,0.12425643301031446
2450,neg_1211,CCSQDCRVCIPCCPY,0,15,0.0,0.4,0.06666666666666667,0.0,0.0,0.0,0.0,0.06666666666666667,0.0,0.0,0.0,0.0,0.13333333333333333,0.06666666666666667,0.06666666666666667,0.06666666666666667,0.0,0.06666666666666667,0.0,0.06666666666666667,-0.2991925663639141,0.46,1693.0445,0.014839077183861378,0.014839077183861378
2451,neg_1214,AYSNLNYLRF,0,10,0.1,0.0,0.0,0.0,0.1,0.0,0.0,0.0,0.0,0.2,0.0,0.2,0.0,0.0,0.1,0.1,0.0,0.0,0.0,0.2,0.7938665859560838,-0.2700000000000001,1260.3968,0.31363818253746983,0.31363818253746983
2452,neg_1215,PVVDTTGNNPLQQQEEYYV,0,19,0.0,0.0,0.05263157894736842,0.10526315789473684,0.0,0.05263157894736842,0.0,0.0,0.0,0.05263157894736842,0.0,0.10526315789473684,0.10526315789473684,0.15789473684210525,0.0,0.0,0.10526315789473684,0.15789473684210525,0.0,0.10526315789473684,-3.036727449533382,-1.0105263157894737,2194.31,0.04359208631439167,0.04359208631439167
2453,neg_1216,GLGPRPLRF,0,9,0.0,0.0,0.0,0.0,0.1111111111111111,0.2222222222222222,0.0,0.0,0.0,0.2222222222222222,0.0,0.0,0.2222222222222222,0.0,0.2222222222222222,0.0,0.0,0.0,0.0,0.0,1.7600816143893008,-0.288888888888889,1012.2086999999999,0.36083415665857255,0.36083415665857255
2454,neg_1217,SPTEQPYSSAAPLI,0,14,0.14285714285714285,0.0,0.0,0.07142857142857142,0.0,0.0,0.0,0.07142857142857142,0.0,0.07142857142857142,0.0,0.0,0.21428571428571427,0.07142857142857142,0.0,0.21428571428571427,0.07142857142857142,0.0,0.0,0.07142857142857142,-1.538042079808192,-0.3071428571428572,1460.5840999999998,0.19223334080436738,0.19223334080436738
2455,neg_1218,TGVNYGQLGNNLP,0,13,0.0,0.0,0.0,0.0,0.0,0.23076923076923078,0.0,0.0,0.0,0.15384615384615385,0.0,0.23076923076923078,0.07692307692307693,0.07692307692307693,0.0,0.0,0.07692307692307693,0.07692307692307693,0.0,0.07692307692307693,-0.602802406632373,-0.5384615384615384,1346.4446999999998,0.4455319928018943,0.4455319928018943
2456,neg_1219,GLVDVLGKVGGLIKKLLPG,0,19,0.0,0.0,0.05263157894736842,0.0,0.0,0.2631578947368421,0.0,0.05263157894736842,0.15789473684210525,0.2631578947368421,0.0,0.0,0.05263157894736842,0.0,0.0,0.0,0.0,0.15789473684210525,0.0,0.0,1.7582253721321448,0.9105263157894737,1876.3299000000002,0.020924190881555633,0.020924190881555633
2457,neg_1220,EDKYTDKYDNINLDE,0,15,0.0,0.0,0.26666666666666666,0.13333333333333333,0.0,0.0,0.0,0.06666666666666667,0.13333333333333333,0.06666666666666667,0.0,0.13333333333333333,0.0,0.0,0.0,0.0,0.06666666666666667,0.0,0.0,0.13333333333333333,-4.1546375997979315,-2.0533333333333332,1874.9082000000003,0.042554003699309596,0.042554003699309596
2458,neg_1221,AKEKEVTFQ,0,9,0.1111111111111111,0.0,0.0,0.2222222222222222,0.1111111111111111,0.0,0.0,0.0,0.2222222222222222,0.0,0.0,0.0,0.0,0.1111111111111111,0.0,0.0,0.1111111111111111,0.1111111111111111,0.0,0.0,-0.20050249019749433,-1.1333333333333333,1079.2037,0.7569220036982289,0.7569220036982289
2459,neg_1222,DFKCPSEWYAYDQHCYRIIN,0,20,0.05,0.1,0.1,0.05,0.05,0.0,0.05,0.1,0.05,0.0,0.0,0.05,0.05,0.05,0.05,0.05,0.0,0.0,0.05,0.15,-1.1714801977972358,-0.885,2551.8079,0.000980195928681797,0.000980195928681797
2460,neg_1223,PYDRISGSAFSDF,0,13,0.07692307692307693,0.0,0.15384615384615385,0.0,0.15384615384615385,0.07692307692307693,0.0,0.07692307692307693,0.0,0.0,0.0,0.0,0.07692307692307693,0.0,0.07692307692307693,0.23076923076923078,0.0,0.0,0.0,0.07692307692307693,-1.0402386114409579,-0.40769230769230774,1461.5304999999998,0.026029524939461757,0.026029524939461757
2461,neg_1224,GRGASSNYVRL,0,11,0.09090909090909091,0.0,0.0,0.0,0.0,0.18181818181818182,0.0,0.0,0.0,0.09090909090909091,0.0,0.09090909090909091,0.0,0.0,0.18181818181818182,0.18181818181818182,0.0,0.09090909090909091,0.0,0.09090909090909091,1.7590826133902997,-0.5818181818181819,1179.2862,0.3000679461260009,0.3000679461260009
2462,neg_1225,DTHKSEIAHRQPDLG,0,15,0.06666666666666667,0.0,0.13333333333333333,0.06666666666666667,0.0,0.06666666666666667,0.13333333333333333,0.06666666666666667,0.06666666666666667,0.06666666666666667,0.0,0.0,0.06666666666666667,0.06666666666666667,0.06666666666666667,0.06666666666666667,0.06666666666666667,0.0,0.0,0.0,-1.061507026347626,-1.48,1703.8107,0.08602417526496256,0.08602417526496256
2463,neg_1226,DHMSHDVYSPRL,0,12,0.0,0.0,0.16666666666666666,0.0,0.0,0.0,0.16666666666666666,0.0,0.0,0.08333333333333333,0.08333333333333333,0.0,0.08333333333333333,0.0,0.08333333333333333,0.16666666666666666,0.0,0.08333333333333333,0.0,0.08333333333333333,-1.0643174883208366,-1.0416666666666667,1456.5819999999999,0.23277414747022238,0.23277414747022238
2464,neg_1227,SPALDDERNDNFIRL,0,15,0.06666666666666667,0.0,0.2,0.06666666666666667,0.06666666666666667,0.0,0.0,0.06666666666666667,0.0,0.13333333333333333,0.0,0.13333333333333333,0.06666666666666667,0.0,0.13333333333333333,0.06666666666666667,0.0,0.0,0.0,0.0,-2.533700795789659,-1.0466666666666666,1774.8851,0.012563804066798282,0.012563804066798282
2465,neg_1229,FISAIASMLGKFL,0,13,0.15384615384615385,0.0,0.0,0.0,0.15384615384615385,0.07692307692307693,0.0,0.15384615384615385,0.07692307692307693,0.15384615384615385,0.07692307692307693,0.0,0.0,0.0,0.0,0.15384615384615385,0.0,0.0,0.0,0.0,0.7591026131903019,1.676923076923077,1397.7232999999999,0.03014164297535511,0.03014164297535511
2466,neg_1230,FLSALLGMLKNL,0,12,0.08333333333333333,0.0,0.0,0.0,0.08333333333333333,0.08333333333333333,0.0,0.0,0.08333333333333333,0.4166666666666667,0.08333333333333333,0.08333333333333333,0.0,0.0,0.0,0.08333333333333333,0.0,0.0,0.0,0.0,0.7591026131903019,1.4083333333333332,1319.6544999999999,0.09464303294966146,0.09464303294966146
2467,neg_1231,QPNPDEFVGLM,0,11,0.0,0.0,0.09090909090909091,0.09090909090909091,0.09090909090909091,0.09090909090909091,0.0,0.0,0.0,0.09090909090909091,0.09090909090909091,0.09090909090909091,0.18181818181818182,0.09090909090909091,0.0,0.0,0.0,0.09090909090909091,0.0,0.0,-2.2359671628976425,-0.4454545454545455,1246.3886,0.4089197315240109,0.4089197315240109
2468,neg_1232,GTLKGIPTDDEQATGLERRT,0,20,0.05,0.0,0.1,0.1,0.0,0.15,0.0,0.05,0.05,0.1,0.0,0.0,0.05,0.05,0.1,0.0,0.2,0.0,0.0,0.0,-1.2330549407835907,-1.105,2158.3264,0.007118812661651052,0.007118812661651052
2469,neg_1233,WLNALLHHGLNCAKGVLA,0,18,0.16666666666666666,0.05555555555555555,0.0,0.0,0.0,0.1111111111111111,0.1111111111111111,0.0,0.05555555555555555,0.2777777777777778,0.0,0.1111111111111111,0.0,0.0,0.0,0.0,0.0,0.05555555555555555,0.05555555555555555,0.0,0.9235499996004659,0.6722222222222222,1930.2795,0.02445195327766826,0.02445195327766826
2470,neg_1234,CCDDSECSTSCWPCCY,0,16,0.0,0.375,0.125,0.0625,0.0,0.0,0.0,0.0,0.0,0.0,0.0,0.0,0.0625,0.0,0.0,0.1875,0.0625,0.0,0.0625,0.0625,-3.295251343550859,-0.15000000000000002,1804.9956000000002,0.00650792913188174,0.00650792913188174
2471,neg_1235,NSMERVEELRKKLQD,0,15,0.0,0.0,0.06666666666666667,0.2,0.0,0.0,0.0,0.0,0.13333333333333333,0.13333333333333333,0.06666666666666667,0.06666666666666667,0.0,0.06666666666666667,0.13333333333333333,0.06666666666666667,0.0,0.06666666666666667,0.0,0.0,-0.22918333914192246,-1.66,1875.112,0.03398474983263431,0.03398474983263431
2472,neg_1236,GYPRKTVDVFTFTN,0,14,0.0,0.0,0.07142857142857142,0.0,0.14285714285714285,0.07142857142857142,0.0,0.0,0.07142857142857142,0.0,0.0,0.07142857142857142,0.07142857142857142,0.0,0.07142857142857142,0.0,0.21428571428571427,0.14285714285714285,0.0,0.07142857142857142,0.7592143732311445,-0.4857142857142857,1644.8243,0.05539490819789159,0.05539490819789159
2473,neg_1237,GFKNVQLSTARGF,0,13,0.07692307692307693,0.0,0.0,0.0,0.15384615384615385,0.15384615384615385,0.0,0.0,0.07692307692307693,0.07692307692307693,0.0,0.07692307692307693,0.0,0.07692307692307693,0.07692307692307693,0.07692307692307693,0.07692307692307693,0.07692307692307693,0.0,0.0,1.759092613290301,-0.17692307692307693,1424.6029999999998,0.07310986879230086,0.07310986879230086
2474,neg_1238,LMCTHPLDCSN,0,11,0.0,0.18181818181818182,0.09090909090909091,0.0,0.0,0.0,0.09090909090909091,0.0,0.0,0.18181818181818182,0.09090909090909091,0.09090909090909091,0.09090909090909091,0.0,0.0,0.09090909090909091,0.09090909090909091,0.0,0.0,0.0,-1.1714054168142853,0.10909090909090903,1233.4379999999999,0.20307760556631804,0.20307760556631804
2475,neg_1241,ASLFNAPRV,0,9,0.2222222222222222,0.0,0.0,0.0,0.1111111111111111,0.0,0.0,0.0,0.0,0.1111111111111111,0.0,0.1111111111111111,0.1111111111111111,0.0,0.1111111111111111,0.1111111111111111,0.0,0.1111111111111111,0.0,0.0,0.7958645879540859,0.4444444444444444,974.1143,0.40489421791119706,0.40489421791119706
2476,neg_1242,FMRF,0,4,0.0,0.0,0.0,0.0,0.5,0.0,0.0,0.0,0.0,0.0,0.25,0.0,0.0,0.0,0.25,0.0,0.0,0.0,0.0,0.0,0.7600916142893016,0.7499999999999999,599.7446,0.3521033051316189,0.3521033051316189
2477,neg_1243,SADIVKKLWDNPAL,0,14,0.14285714285714285,0.0,0.14285714285714285,0.0,0.0,0.0,0.0,0.07142857142857142,0.14285714285714285,0.14285714285714285,0.0,0.07142857142857142,0.07142857142857142,0.0,0.0,0.07142857142857142,0.0,0.07142857142857142,0.07142857142857142,0.0,-0.5396100209007137,-0.12142857142857144,1569.7993,0.044899588278382314,0.044899588278382314
2478,neg_1244,MRELIRLVSSAGTGHFYT,0,18,0.05555555555555555,0.0,0.0,0.05555555555555555,0.05555555555555555,0.1111111111111111,0.05555555555555555,0.05555555555555555,0.0,0.1111111111111111,0.05555555555555555,0.0,0.0,0.0,0.1111111111111111,0.1111111111111111,0.1111111111111111,0.05555555555555555,0.0,0.05555555555555555,0.5893203369701392,0.11111111111111108,2038.3296999999998,0.00975836867112794,0.00975836867112794
2479,neg_1245,WKEMSVW,0,7,0.0,0.0,0.0,0.14285714285714285,0.0,0.0,0.0,0.0,0.14285714285714285,0.0,0.14285714285714285,0.0,0.0,0.0,0.0,0.14285714285714285,0.0,0.14285714285714285,0.2857142857142857,0.0,-0.23808692483648786,-0.5571428571428572,965.1256999999999,0.7148217307572728,0.7148217307572728
2480,neg_1246,GSGADCFWKYCV,0,12,0.08333333333333333,0.16666666666666666,0.08333333333333333,0.0,0.08333333333333333,0.16666666666666666,0.0,0.0,0.08333333333333333,0.0,0.0,0.0,0.0,0.0,0.0,0.08333333333333333,0.0,0.08333333333333333,0.08333333333333333,0.08333333333333333,-0.26057760706687416,0.21666666666666667,1335.5065,0.09434469691601378,0.09434469691601378
2481,neg_1248,LVPFLGRTLGGLLARL,0,16,0.0625,0.0,0.0,0.0,0.0625,0.1875,0.0,0.0,0.0,0.375,0.0,0.0,0.0625,0.0,0.125,0.0,0.0625,0.0625,0.0,0.0,1.7600816143893008,1.1937499999999999,1696.088,0.029244932858053855,0.029244932858053855
2482,neg_1249,TDTEFEAAGGGVR,0,13,0.15384615384615385,0.0,0.07692307692307693,0.15384615384615385,0.07692307692307693,0.23076923076923078,0.0,0.0,0.0,0.0,0.0,0.0,0.0,0.0,0.07692307692307693,0.0,0.15384615384615385,0.07692307692307693,0.0,0.0,-2.595071720647108,-0.5384615384615384,1309.3387,0.3151301129737526,0.3151301129737526
2483,neg_1250,AEGDGSVDTP,0,10,0.1,0.0,0.2,0.1,0.0,0.2,0.0,0.0,0.0,0.0,0.0,0.0,0.1,0.0,0.0,0.1,0.1,0.1,0.0,0.0,-3.1990734282930138,-0.8400000000000001,946.912,0.6540308981324661,0.6540308981324661
2484,neg_1252,TSHGGGKAGKSKLLDVNY,0,18,0.05555555555555555,0.0,0.05555555555555555,0.0,0.0,0.2222222222222222,0.05555555555555555,0.0,0.16666666666666666,0.1111111111111111,0.0,0.05555555555555555,0.0,0.0,0.0,0.1111111111111111,0.05555555555555555,0.05555555555555555,0.0,0.05555555555555555,1.4824955395650565,-0.75,1832.0225,0.028438816197663173,0.028438816197663173
2485,neg_1254,GCVLYPWC,0,8,0.0,0.25,0.0,0.0,0.0,0.125,0.0,0.0,0.0,0.125,0.0,0.0,0.125,0.0,0.0,0.0,0.0,0.125,0.125,0.125,-0.2606993670077181,1.1,940.1393,0.7032933221107263,0.7032933221107263
2486,neg_1255,PASDSGFLRDP,0,11,0.09090909090909091,0.0,0.18181818181818182,0.0,0.09090909090909091,0.09090909090909091,0.0,0.0,0.0,0.09090909090909091,0.0,0.0,0.18181818181818182,0.0,0.09090909090909091,0.18181818181818182,0.0,0.0,0.0,0.0,-1.0392396104419568,-0.7545454545454546,1161.2214,0.11395322618599628,0.11395322618599628
2487,neg_1256,DLDVNVFNR,0,9,0.0,0.0,0.2222222222222222,0.0,0.1111111111111111,0.0,0.0,0.0,0.0,0.1111111111111111,0.0,0.2222222222222222,0.0,0.0,0.1111111111111111,0.0,0.0,0.2222222222222222,0.0,0.0,-1.2376668638310093,-0.3888888888888889,1091.1744,0.3328245773696904,0.3328245773696904
2488,neg_1257,YLTCNLR,0,7,0.0,0.14285714285714285,0.0,0.0,0.0,0.0,0.0,0.0,0.0,0.2857142857142857,0.0,0.14285714285714285,0.0,0.0,0.14285714285714285,0.0,0.14285714285714285,0.0,0.0,0.14285714285714285,0.7491916231912907,0.014285714285714235,882.0387999999999,0.7541629052465194,0.7541629052465194
2489,neg_1258,GVYVIEEDVATYTIK,0,15,0.06666666666666667,0.0,0.06666666666666667,0.13333333333333333,0.0,0.06666666666666667,0.0,0.13333333333333333,0.06666666666666667,0.0,0.0,0.0,0.0,0.0,0.0,0.0,0.13333333333333333,0.2,0.0,0.13333333333333333,-2.236153703921435,0.3066666666666667,1699.8946,0.21316563694334978,0.21316563694334978
2490,neg_1259,QHWSHGLSPG,0,10,0.0,0.0,0.0,0.0,0.0,0.2,0.2,0.0,0.0,0.1,0.0,0.0,0.1,0.1,0.0,0.2,0.0,0.0,0.1,0.0,-0.06555000930152344,-1.1,1105.163,0.6992100363369056,0.6992100363369056
2491,neg_1261,QHWSDYFKPG,0,10,0.0,0.0,0.1,0.0,0.1,0.1,0.1,0.0,0.1,0.0,0.0,0.0,0.1,0.1,0.0,0.1,0.0,0.0,0.1,0.1,-0.15360143861426767,-1.6300000000000001,1264.3442,0.4027707311641452,0.4027707311641452
2492,neg_1262,GSHWAVGHLM,0,10,0.1,0.0,0.0,0.0,0.0,0.2,0.2,0.0,0.0,0.1,0.1,0.0,0.0,0.0,0.0,0.1,0.0,0.1,0.1,0.0,-0.06555000930152344,0.2799999999999999,1094.2462,0.7049213647330307,0.7049213647330307
2493,neg_1264,KPNFIRF,0,7,0.0,0.0,0.0,0.0,0.2857142857142857,0.0,0.0,0.14285714285714285,0.14285714285714285,0.0,0.0,0.14285714285714285,0.14285714285714285,0.0,0.14285714285714285,0.0,0.0,0.0,0.0,0.0,1.759092613290301,-0.48571428571428577,921.0963,0.273568408779417,0.273568408779417
2494,neg_1265,SSSGLISMPRV,0,11,0.0,0.0,0.0,0.0,0.0,0.09090909090909091,0.0,0.09090909090909091,0.0,0.09090909090909091,0.09090909090909091,0.0,0.09090909090909091,0.0,0.09090909090909091,0.36363636363636365,0.0,0.09090909090909091,0.0,0.0,0.46013645931759795,0.4272727272727272,1133.3189,0.15103896865333538,0.15103896865333538
2495,neg_1266,ADKNFLRF,0,8,0.125,0.0,0.125,0.0,0.25,0.0,0.0,0.0,0.125,0.125,0.0,0.125,0.0,0.0,0.125,0.0,0.0,0.0,0.0,0.0,0.7959863478949296,-0.525,1010.1464000000001,0.16882149713847097,0.16882149713847097
2496,neg_1268,RPLSWLPK,0,8,0.0,0.0,0.0,0.0,0.0,0.0,0.0,0.0,0.125,0.25,0.0,0.0,0.25,0.0,0.125,0.125,0.0,0.0,0.125,0.0,1.759092613290301,-0.7125,996.2061000000001,0.4549639146564052,0.4549639146564052
2497,neg_1269,QERRQSPE,0,8,0.0,0.0,0.0,0.25,0.0,0.0,0.0,0.0,0.0,0.0,0.0,0.0,0.125,0.25,0.25,0.125,0.0,0.0,0.0,0.0,-0.22906018189678878,-3.175,1029.0656000000001,0.8426070053438647,0.8426070053438647
2498,neg_1270,KHFGKDSNFPFGT,0,13,0.0,0.0,0.07692307692307693,0.0,0.23076923076923078,0.15384615384615385,0.07692307692307693,0.0,0.15384615384615385,0.0,0.0,0.07692307692307693,0.07692307692307693,0.0,0.0,0.07692307692307693,0.07692307692307693,0.0,0.0,0.0,0.8463985613857326,-1.0384615384615385,1481.6096,0.04276862159548913,0.04276862159548913
2499,neg_1271,DDFLCAGGCL,0,10,0.1,0.2,0.2,0.0,0.1,0.2,0.0,0.0,0.0,0.2,0.0,0.0,0.0,0.0,0.0,0.0,0.0,0.0,0.0,0.0,-2.257458844129028,0.9399999999999998,1013.1453999999999,0.1661409687653054,0.1661409687653054
2500,neg_1272,NRPTYVPPPPRPPHPRL,0,17,0.0,0.0,0.0,0.0,0.0,0.0,0.058823529411764705,0.0,0.0,0.058823529411764705,0.0,0.058823529411764705,0.47058823529411764,0.0,0.17647058823529413,0.0,0.058823529411764705,0.058823529411764705,0.0,0.058823529411764705,2.8462468017448854,-1.588235294117647,1991.3016000000002,0.029791375360798636,0.029791375360798636
2501,neg_1273,VSHNNFLRF,0,9,0.0,0.0,0.0,0.0,0.2222222222222222,0.0,0.1111111111111111,0.0,0.0,0.1111111111111111,0.0,0.2222222222222222,0.0,0.0,0.1111111111111111,0.1111111111111111,0.0,0.1111111111111111,0.0,0.0,0.8211525783097381,-0.21111111111111117,1133.259,0.2995890304524364,0.2995890304524364
2502,neg_1274,DVPASIDWREYGYVTEVKD,0,19,0.05263157894736842,0.0,0.15789473684210525,0.10526315789473684,0.0,0.05263157894736842,0.0,0.05263157894736842,0.05263157894736842,0.0,0.0,0.0,0.05263157894736842,0.0,0.05263157894736842,0.05263157894736842,0.05263157894736842,0.15789473684210525,0.05263157894736842,0.10526315789473684,-3.230741280334444,-0.7368421052631579,2242.396,0.008816568802203694,0.008816568802203694
2503,neg_1275,FLFPLITSFLSKVL,0,14,0.0,0.0,0.0,0.0,0.21428571428571427,0.0,0.0,0.07142857142857142,0.07142857142857142,0.2857142857142857,0.0,0.0,0.07142857142857142,0.0,0.0,0.14285714285714285,0.07142857142857142,0.07142857142857142,0.0,0.0,0.7591026131903019,1.75,1625.0016999999998,0.01485327341247639,0.01485327341247639
2504,neg_1276,EQCQDMAGGAR,0,11,0.18181818181818182,0.09090909090909091,0.09090909090909091,0.09090909090909091,0.0,0.18181818181818182,0.0,0.0,0.0,0.0,0.09090909090909091,0.0,0.0,0.18181818181818182,0.09090909090909091,0.0,0.0,0.0,0.0,0.0,-1.171962610361173,-1.0272727272727273,1165.2581,0.41276821426961374,0.41276821426961374
2505,neg_1277,IIGHLIKTALGMLGL,0,15,0.06666666666666667,0.0,0.0,0.0,0.0,0.2,0.06666666666666667,0.2,0.06666666666666667,0.26666666666666666,0.06666666666666667,0.0,0.0,0.0,0.0,0.0,0.06666666666666667,0.0,0.0,0.0,0.8462768014448888,1.5599999999999998,1549.9618,0.07915123742575778,0.07915123742575778
2506,neg_1278,CCDWDWCDHICTCCGG,0,16,0.0,0.375,0.1875,0.0,0.0,0.125,0.0625,0.0625,0.0,0.0,0.0,0.0,0.0,0.0,0.0,0.0,0.0625,0.0,0.125,0.0,-3.208767855330636,0.15625,1820.0581000000002,0.006070023265351855,0.006070023265351855
2507,neg_1279,GVLSLLKKLPMILKHLHGK,0,19,0.0,0.0,0.0,0.0,0.0,0.10526315789473684,0.10526315789473684,0.05263157894736842,0.21052631578947367,0.3157894736842105,0.05263157894736842,0.0,0.05263157894736842,0.0,0.0,0.05263157894736842,0.0,0.05263157894736842,0.0,0.0,3.930453986702474,0.431578947368421,2125.7084,0.006655018065980203,0.006655018065980203
2508,neg_1280,LDLTPGSHVDSYVEA,0,15,0.06666666666666667,0.0,0.13333333333333333,0.06666666666666667,0.0,0.06666666666666667,0.06666666666666667,0.0,0.0,0.13333333333333333,0.0,0.0,0.06666666666666667,0.0,0.0,0.13333333333333333,0.06666666666666667,0.13333333333333333,0.0,0.06666666666666667,-3.1486712147022122,-0.10000000000000003,1602.6967,0.1637768160742074,0.1637768160742074
2509,neg_1281,SDAVADGVHAISGVVDS,0,17,0.17647058823529413,0.0,0.17647058823529413,0.0,0.0,0.11764705882352941,0.058823529411764705,0.058823529411764705,0.0,0.0,0.0,0.0,0.0,0.0,0.0,0.17647058823529413,0.0,0.23529411764705882,0.0,0.0,-3.4493170697082802,0.5764705882352942,1598.6666,0.07538456186104023,0.07538456186104023
2510,neg_1282,MLLLKHGRIEILDQNTMYG,0,19,0.0,0.0,0.05263157894736842,0.05263157894736842,0.0,0.10526315789473684,0.05263157894736842,0.10526315789473684,0.05263157894736842,0.21052631578947367,0.10526315789473684,0.05263157894736842,0.0,0.05263157894736842,0.05263157894736842,0.0,0.05263157894736842,0.0,0.0,0.05263157894736842,-0.41054790318901624,-0.021052631578947423,2245.6630999999998,0.0054156699308976815,0.0054156699308976815
2511,neg_1283,ISGKPARTPT,0,10,0.1,0.0,0.0,0.0,0.0,0.1,0.0,0.1,0.1,0.0,0.0,0.0,0.2,0.0,0.1,0.1,0.2,0.0,0.0,0.0,1.759092613290301,-0.79,1027.1756,0.4122432425777331,0.4122432425777331
2512,neg_1285,FLGGLMKAFPAIICAVTKKC,0,20,0.15,0.1,0.0,0.0,0.1,0.1,0.0,0.1,0.15,0.1,0.05,0.0,0.05,0.0,0.0,0.0,0.05,0.05,0.0,0.0,2.7373026309942805,1.1949999999999998,2111.6784,0.0019181164598756331,0.0019181164598756331
2513,neg_1286,SPSQDFMRF,0,9,0.0,0.0,0.1111111111111111,0.0,0.2222222222222222,0.0,0.0,0.0,0.0,0.0,0.1111111111111111,0.0,0.1111111111111111,0.1111111111111111,0.1111111111111111,0.2222222222222222,0.0,0.0,0.0,0.0,-0.5387427797425575,-0.8000000000000002,1114.231,0.10331930111028531,0.10331930111028531
2514,neg_1287,QPHPNEFVGLM,0,11,0.0,0.0,0.0,0.09090909090909091,0.09090909090909091,0.09090909090909091,0.09090909090909091,0.0,0.0,0.09090909090909091,0.09090909090909091,0.09090909090909091,0.18181818181818182,0.09090909090909091,0.0,0.0,0.0,0.09090909090909091,0.0,0.0,-1.1499137355829,-0.4181818181818182,1268.4405,0.5853475948040711,0.5853475948040711
2515,neg_1288,MVKLRLKRCGRK,0,12,0.0,0.08333333333333333,0.0,0.0,0.0,0.08333333333333333,0.0,0.0,0.25,0.16666666666666666,0.08333333333333333,0.0,0.0,0.0,0.25,0.0,0.0,0.08333333333333333,0.0,0.0,5.487426694745329,-0.7833333333333333,1487.9257,0.04281250349742895,0.04281250349742895
2516,neg_1289,GPDSSFLRL,0,9,0.0,0.0,0.1111111111111111,0.0,0.1111111111111111,0.1111111111111111,0.0,0.0,0.0,0.2222222222222222,0.0,0.0,0.1111111111111111,0.0,0.1111111111111111,0.2222222222222222,0.0,0.0,0.0,0.0,-0.2387876247708538,-0.13333333333333341,991.0985000000001,0.19770846526693597,0.19770846526693597
2517,neg_1290,RCCGYKFCHIC,0,11,0.0,0.36363636363636365,0.0,0.0,0.09090909090909091,0.09090909090909091,0.09090909090909091,0.09090909090909091,0.09090909090909091,0.0,0.0,0.0,0.0,0.0,0.09090909090909091,0.0,0.0,0.0,0.0,0.09090909090909091,1.8056638401498475,0.3636363636363636,1332.6400999999998,0.08381938429097609,0.08381938429097609
2518,neg_1291,SMPSLRLRF,0,9,0.0,0.0,0.0,0.0,0.1111111111111111,0.0,0.0,0.0,0.0,0.2222222222222222,0.1111111111111111,0.0,0.1111111111111111,0.0,0.2222222222222222,0.2222222222222222,0.0,0.0,0.0,0.0,1.4601264594175971,0.011111111111111023,1106.3415,0.1218068692370733,0.1218068692370733
2519,neg_1292,WTFGQGTKVEIK,0,12,0.0,0.0,0.0,0.08333333333333333,0.08333333333333333,0.16666666666666666,0.0,0.08333333333333333,0.16666666666666666,0.0,0.0,0.0,0.0,0.08333333333333333,0.0,0.0,0.16666666666666666,0.08333333333333333,0.08333333333333333,0.0,0.7609140741645111,-0.5333333333333333,1393.5858,0.22272190774699127,0.22272190774699127
2520,neg_1293,GILDAIKAIAKAAG,0,14,0.35714285714285715,0.0,0.07142857142857142,0.0,0.0,0.14285714285714285,0.0,0.21428571428571427,0.14285714285714285,0.07142857142857142,0.0,0.0,0.0,0.0,0.0,0.0,0.0,0.0,0.0,0.0,0.7592243731311454,1.0142857142857142,1311.5698,0.11412184166861006,0.11412184166861006
2521,neg_1294,ANAKVPSHTISNPF,0,14,0.14285714285714285,0.0,0.0,0.0,0.07142857142857142,0.0,0.07142857142857142,0.07142857142857142,0.07142857142857142,0.0,0.0,0.14285714285714285,0.14285714285714285,0.0,0.0,0.14285714285714285,0.07142857142857142,0.07142857142857142,0.0,0.0,0.8820497751096729,-0.32142857142857145,1482.6391999999998,0.10069923429328889,0.10069923429328889
2522,neg_1295,GADFQECMKEHSQKQHQHQG,0,20,0.05,0.05,0.05,0.1,0.05,0.1,0.15,0.0,0.1,0.0,0.05,0.0,0.0,0.25,0.0,0.05,0.0,0.0,0.0,0.0,-0.9835331282576827,-1.9,2353.5097,0.008530053256586567,0.008530053256586567
2523,neg_1296,APSSMGFMGMR,0,11,0.09090909090909091,0.0,0.0,0.0,0.09090909090909091,0.18181818181818182,0.0,0.0,0.0,0.0,0.2727272727272727,0.0,0.09090909090909091,0.0,0.09090909090909091,0.18181818181818182,0.0,0.0,0.0,0.0,0.7958645879540859,0.16363636363636358,1171.4131,0.1027411604776157,0.1027411604776157
2524,neg_1297,SDIGISEPNFLRF,0,13,0.0,0.0,0.07692307692307693,0.07692307692307693,0.15384615384615385,0.07692307692307693,0.0,0.15384615384615385,0.0,0.07692307692307693,0.0,0.07692307692307693,0.07692307692307693,0.0,0.07692307692307693,0.15384615384615385,0.0,0.0,0.0,0.0,-1.5359323177693471,-0.015384615384615441,1494.6464999999998,0.03177198655373943,0.03177198655373943
2525,neg_1298,YGLAADHVLDAR,0,12,0.25,0.0,0.16666666666666666,0.0,0.0,0.08333333333333333,0.08333333333333333,0.0,0.0,0.16666666666666666,0.0,0.0,0.0,0.0,0.08333333333333333,0.0,0.0,0.08333333333333333,0.0,0.08333333333333333,-1.1514916765754235,0.06666666666666664,1300.4195,0.36388403221763854,0.36388403221763854
2526,neg_1299,FLPIIAGMAAKVICAITKKC,0,20,0.2,0.1,0.0,0.0,0.05,0.05,0.0,0.2,0.15,0.05,0.05,0.0,0.05,0.0,0.0,0.0,0.05,0.05,0.0,0.0,2.7373026309942805,1.425,2091.6888,0.0023083057793744956,0.0023083057793744956
2527,neg_1300,VGVCCGYKLCHPC,0,13,0.0,0.3076923076923077,0.0,0.0,0.0,0.15384615384615385,0.07692307692307693,0.0,0.07692307692307693,0.07692307692307693,0.0,0.0,0.07692307692307693,0.0,0.0,0.0,0.0,0.15384615384615385,0.0,0.07692307692307693,0.7795606158156978,0.8769230769230769,1381.7090999999998,0.21305924451207106,0.21305924451207106
2528,neg_1301,HEEQITQPSATNDEA,0,15,0.13333333333333333,0.0,0.06666666666666667,0.2,0.0,0.0,0.06666666666666667,0.06666666666666667,0.0,0.0,0.0,0.06666666666666667,0.06666666666666667,0.13333333333333333,0.0,0.06666666666666667,0.13333333333333333,0.0,0.0,0.0,-4.143172050696635,-1.5599999999999998,1669.6587,0.23552232638513046,0.23552232638513046
2529,neg_1303,VCCPFGRCHQICQCCER,0,17,0.0,0.35294117647058826,0.0,0.058823529411764705,0.058823529411764705,0.058823529411764705,0.058823529411764705,0.058823529411764705,0.0,0.0,0.0,0.0,0.058823529411764705,0.11764705882352941,0.11764705882352941,0.0,0.0,0.058823529411764705,0.0,0.0,0.7645470997888881,0.10588235294117646,1985.3847,0.005990843514139543,0.005990843514139543
2530,neg_1304,LNLKGIFKKVASLLT,0,15,0.06666666666666667,0.0,0.0,0.0,0.06666666666666667,0.06666666666666667,0.0,0.06666666666666667,0.2,0.26666666666666666,0.0,0.06666666666666667,0.0,0.0,0.0,0.06666666666666667,0.06666666666666667,0.06666666666666667,0.0,0.0,2.7571046111923003,0.76,1645.038,0.02714892452548679,0.02714892452548679
2531,neg_1305,SQTQSFNFNKFEQNK,0,15,0.0,0.0,0.0,0.06666666666666667,0.2,0.0,0.0,0.0,0.13333333333333333,0.0,0.0,0.2,0.0,0.2,0.0,0.13333333333333333,0.06666666666666667,0.0,0.0,0.0,0.4609589191928074,-1.7466666666666666,1846.9492,0.01457954633665502,0.01457954633665502
2532,neg_1306,GLIDVRCYDSSQCE,0,14,0.0,0.14285714285714285,0.14285714285714285,0.07142857142857142,0.0,0.07142857142857142,0.0,0.07142857142857142,0.0,0.07142857142857142,0.0,0.0,0.0,0.07142857142857142,0.07142857142857142,0.14285714285714285,0.0,0.07142857142857142,0.0,0.07142857142857142,-2.25042010328733,-0.3071428571428571,1587.7301,0.05381556859401192,0.05381556859401192
2533,neg_1307,IMYDCCSGSCSGYTGRC,0,17,0.0,0.23529411764705882,0.058823529411764705,0.0,0.0,0.17647058823529413,0.0,0.058823529411764705,0.0,0.0,0.058823529411764705,0.0,0.0,0.0,0.058823529411764705,0.17647058823529413,0.058823529411764705,0.0,0.0,0.11764705882352941,-0.28038958716489537,0.08823529411764704,1806.0497,0.008381289388989141,0.008381289388989141
2534,neg_1308,GCCGVPSCMAGCRPCC,0,16,0.0625,0.375,0.0,0.0,0.0,0.1875,0.0,0.0,0.0,0.0,0.0625,0.0,0.125,0.0,0.0625,0.0625,0.0,0.0625,0.0,0.0,0.7006856736952423,0.825,1546.9249,0.02017644765874667,0.02017644765874667
2535,neg_1309,NRPTYVPAPPRPPHPRL,0,17,0.058823529411764705,0.0,0.0,0.0,0.0,0.0,0.058823529411764705,0.0,0.0,0.058823529411764705,0.0,0.058823529411764705,0.4117647058823529,0.0,0.17647058823529413,0.0,0.058823529411764705,0.058823529411764705,0.0,0.058823529411764705,2.8462468017448854,-1.3882352941176472,1965.2642999999998,0.030925852193916668,0.030925852193916668
2536,neg_1310,AHSDAVTPLPARSKV,0,15,0.2,0.0,0.06666666666666667,0.0,0.0,0.0,0.06666666666666667,0.0,0.06666666666666667,0.06666666666666667,0.0,0.0,0.13333333333333333,0.0,0.06666666666666667,0.13333333333333333,0.06666666666666667,0.13333333333333333,0.0,0.0,0.8831605361495167,-0.2,1548.7422000000001,0.09570602441505884,0.09570602441505884
2537,neg_1311,MGQEQGIPWIL,0,11,0.0,0.0,0.0,0.09090909090909091,0.0,0.18181818181818182,0.0,0.18181818181818182,0.0,0.09090909090909091,0.09090909090909091,0.0,0.09090909090909091,0.18181818181818182,0.0,0.0,0.0,0.0,0.09090909090909091,0.0,-1.496834850485445,0.08181818181818178,1271.4841999999999,0.44525926069493565,0.44525926069493565
2538,neg_1313,QWPRPTPQIPP,0,11,0.0,0.0,0.0,0.0,0.0,0.0,0.0,0.09090909090909091,0.0,0.0,0.0,0.0,0.45454545454545453,0.18181818181818182,0.09090909090909091,0.0,0.09090909090909091,0.0,0.09090909090909091,0.0,0.7600916142893016,-1.5090909090909093,1316.5067999999999,0.4148963467822238,0.4148963467822238
2539,neg_1314,GIAEFLNYIKSKA,0,13,0.15384615384615385,0.0,0.0,0.07692307692307693,0.07692307692307693,0.07692307692307693,0.0,0.15384615384615385,0.15384615384615385,0.07692307692307693,0.0,0.07692307692307693,0.0,0.0,0.0,0.07692307692307693,0.0,0.0,0.0,0.07692307692307693,0.75991507316551,0.14615384615384613,1453.6807,0.10448768704849616,0.10448768704849616
2540,neg_1316,GTTGT,0,5,0.0,0.0,0.0,0.0,0.0,0.4,0.0,0.0,0.0,0.0,0.0,0.0,0.0,0.0,0.0,0.0,0.6,0.0,0.0,0.0,-0.23989838581069733,-0.58,435.42960000000005,0.9598635956484378,0.9598635956484378
2541,neg_1317,CSVVDLAR,0,8,0.125,0.125,0.125,0.0,0.0,0.0,0.0,0.0,0.0,0.125,0.0,0.0,0.0,0.0,0.125,0.125,0.0,0.25,0.0,0.0,-0.2486886148698635,0.9625,862.0061000000001,0.5344159748763556,0.5344159748763556
2542,neg_1319,KVPVDDQFRRVNNGGATDTR,0,20,0.05,0.0,0.15,0.0,0.05,0.1,0.0,0.0,0.05,0.0,0.0,0.1,0.05,0.05,0.15,0.0,0.1,0.15,0.0,0.0,0.7624348963098324,-1.25,2245.4116,0.002515551664001061,0.002515551664001061
2543,neg_1320,GIIDIAKKLVGGIRNVLGI,0,19,0.05263157894736842,0.0,0.05263157894736842,0.0,0.0,0.21052631578947367,0.0,0.2631578947368421,0.10526315789473684,0.10526315789473684,0.0,0.05263157894736842,0.0,0.0,0.05263157894736842,0.0,0.0,0.10526315789473684,0.0,0.0,1.7592143732311445,1.0210526315789472,1949.3838999999998,0.008114397290254616,0.008114397290254616
2544,neg_1321,VVAFERAK,0,8,0.25,0.0,0.0,0.125,0.125,0.0,0.0,0.0,0.125,0.0,0.0,0.0,0.0,0.0,0.125,0.0,0.0,0.25,0.0,0.0,0.7357898510293608,0.36250000000000004,919.0789,0.7339592967936178,0.7339592967936178
2545,neg_1322,QHWSLCHAPG,0,10,0.1,0.1,0.0,0.0,0.0,0.1,0.2,0.0,0.0,0.1,0.0,0.0,0.1,0.1,0.0,0.1,0.0,0.0,0.1,0.0,-0.07545099940053324,-0.55,1135.2552,0.656319535590998,0.656319535590998
2546,neg_1323,GILDVAKTLVGKLRNVLGI,0,19,0.05263157894736842,0.0,0.05263157894736842,0.0,0.0,0.15789473684210525,0.0,0.10526315789473684,0.10526315789473684,0.21052631578947367,0.0,0.05263157894736842,0.0,0.0,0.05263157894736842,0.0,0.05263157894736842,0.15789473684210525,0.0,0.0,1.7592143732311445,0.9157894736842105,1979.4099,0.010660026751791013,0.010660026751791013
2547,neg_1324,EATVDMPLD,0,9,0.1111111111111111,0.0,0.2222222222222222,0.1111111111111111,0.0,0.0,0.0,0.0,0.0,0.1111111111111111,0.1111111111111111,0.0,0.1111111111111111,0.0,0.0,0.0,0.1111111111111111,0.1111111111111111,0.0,0.0,-3.1577499578150143,-0.12222222222222223,990.0857000000001,0.6676871455700759,0.6676871455700759
2548,neg_1325,GLLGFVGSLLGGLGI,0,15,0.0,0.0,0.0,0.0,0.06666666666666667,0.4,0.0,0.06666666666666667,0.0,0.3333333333333333,0.0,0.0,0.0,0.0,0.0,0.06666666666666667,0.0,0.06666666666666667,0.0,0.0,-0.23989838581069733,1.8199999999999998,1372.6508,0.11532931268582344,0.11532931268582344
2549,neg_1326,VTAKAVAAAEAASSAR,0,16,0.5,0.0,0.0,0.0625,0.0,0.0,0.0,0.0,0.0625,0.0,0.0,0.0,0.0,0.0,0.0625,0.125,0.0625,0.125,0.0,0.0,0.7357898510293608,0.5375000000000001,1473.631,0.11384139830421565,0.11384139830421565
2550,neg_1327,SADPNFLRF,0,9,0.1111111111111111,0.0,0.1111111111111111,0.0,0.2222222222222222,0.0,0.0,0.0,0.0,0.1111111111111111,0.0,0.1111111111111111,0.1111111111111111,0.0,0.1111111111111111,0.1111111111111111,0.0,0.0,0.0,0.0,-0.5387427797425575,-0.30000000000000004,1066.1666,0.13695685103679853,0.13695685103679853
2551,neg_1329,ETISFNFNQFQQND,0,14,0.0,0.0,0.07142857142857142,0.07142857142857142,0.21428571428571427,0.0,0.0,0.07142857142857142,0.0,0.0,0.0,0.21428571428571427,0.0,0.21428571428571427,0.0,0.07142857142857142,0.07142857142857142,0.0,0.0,0.0,-2.158870718754859,-1.1857142857142857,1731.7722999999999,0.028763874733944567,0.028763874733944567
2552,neg_1330,DRVYIHPFHLLVYS,0,14,0.0,0.0,0.07142857142857142,0.0,0.07142857142857142,0.0,0.14285714285714285,0.07142857142857142,0.0,0.14285714285714285,0.0,0.0,0.07142857142857142,0.0,0.07142857142857142,0.07142857142857142,0.0,0.14285714285714285,0.0,0.14285714285714285,-0.06643725025968195,0.2785714285714285,1759.0144999999998,0.10601206065421513,0.10601206065421513
2553,neg_1331,MLSKGVLSARLFNLIYG,0,17,0.058823529411764705,0.0,0.0,0.0,0.058823529411764705,0.11764705882352941,0.0,0.058823529411764705,0.058823529411764705,0.23529411764705882,0.058823529411764705,0.058823529411764705,0.0,0.0,0.058823529411764705,0.11764705882352941,0.0,0.058823529411764705,0.0,0.058823529411764705,1.4983466856433418,0.8705882352941176,1882.2730000000001,0.00986834569937956,0.00986834569937956
2554,neg_1332,GYEEREVAETVRELDAA,0,17,0.17647058823529413,0.0,0.058823529411764705,0.29411764705882354,0.0,0.058823529411764705,0.0,0.0,0.0,0.058823529411764705,0.0,0.0,0.0,0.0,0.11764705882352941,0.0,0.058823529411764705,0.11764705882352941,0.0,0.058823529411764705,-4.225744315803805,-0.8705882352941176,1937.0258,0.09387610622444484,0.09387610622444484
2555,neg_1333,TEVTFKVGEGSSGKS,0,15,0.0,0.0,0.0,0.13333333333333333,0.06666666666666667,0.2,0.0,0.0,0.13333333333333333,0.0,0.0,0.0,0.0,0.0,0.0,0.2,0.13333333333333333,0.13333333333333333,0.0,0.0,-0.5981804836849531,-0.5733333333333334,1512.6173,0.11027157386516691,0.11027157386516691
2556,neg_1334,CCSQDCLVCIPCCPN,0,15,0.0,0.4,0.06666666666666667,0.0,0.0,0.0,0.0,0.06666666666666667,0.0,0.06666666666666667,0.0,0.06666666666666667,0.13333333333333333,0.06666666666666667,0.0,0.06666666666666667,0.0,0.06666666666666667,0.0,0.0,-1.298183565464912,0.8666666666666667,1600.9458,0.01883915979060385,0.01883915979060385
2557,neg_1335,RGDKDIFTVHDILKARGEI,0,19,0.05263157894736842,0.0,0.15789473684210525,0.05263157894736842,0.05263157894736842,0.10526315789473684,0.05263157894736842,0.15789473684210525,0.10526315789473684,0.05263157894736842,0.0,0.0,0.0,0.0,0.10526315789473684,0.0,0.05263157894736842,0.05263157894736842,0.0,0.0,-0.14856945456137005,-0.4947368421052632,2183.4664,0.002817294464521766,0.002817294464521766
2558,neg_1336,AELPQGLWVRPRLG,0,14,0.07142857142857142,0.0,0.0,0.07142857142857142,0.0,0.14285714285714285,0.0,0.0,0.0,0.21428571428571427,0.0,0.0,0.14285714285714285,0.07142857142857142,0.14285714285714285,0.0,0.0,0.07142857142857142,0.07142857142857142,0.0,0.7986650500272949,-0.25000000000000006,1591.8545,0.11992809705702345,0.11992809705702345
2559,neg_1337,AADIFAKFKTSMEVK,0,15,0.2,0.0,0.06666666666666667,0.06666666666666667,0.13333333333333333,0.0,0.0,0.06666666666666667,0.2,0.0,0.06666666666666667,0.0,0.0,0.0,0.0,0.06666666666666667,0.06666666666666667,0.06666666666666667,0.0,0.0,0.7968088077701396,0.09333333333333334,1685.9807,0.018428120031624223,0.018428120031624223
2560,neg_1338,ITAKPAKTPT,0,10,0.2,0.0,0.0,0.0,0.0,0.0,0.0,0.1,0.2,0.0,0.0,0.0,0.2,0.0,0.0,0.0,0.3,0.0,0.0,0.0,1.758103612191301,-0.5,1027.2154,0.5364352179847818,0.5364352179847818
2561,neg_1339,CVQSCSFGPLTWSCDGNTK,0,19,0.0,0.15789473684210525,0.05263157894736842,0.0,0.05263157894736842,0.10526315789473684,0.0,0.0,0.05263157894736842,0.05263157894736842,0.0,0.05263157894736842,0.05263157894736842,0.05263157894736842,0.0,0.15789473684210525,0.10526315789473684,0.05263157894736842,0.05263157894736842,0.0,-0.269479596166883,-0.16842105263157894,2033.2653,0.0031081918942066893,0.0031081918942066893
2562,neg_1340,SDYLQLART,0,9,0.1111111111111111,0.0,0.1111111111111111,0.0,0.0,0.0,0.0,0.0,0.0,0.2222222222222222,0.0,0.0,0.0,0.1111111111111111,0.1111111111111111,0.1111111111111111,0.1111111111111111,0.0,0.0,0.1111111111111111,-0.5397417807415585,-0.5444444444444445,1066.1651,0.5519885158196874,0.5519885158196874
2563,neg_1341,GLFDIVKKVVGAFGSL,0,16,0.0625,0.0,0.0625,0.0,0.125,0.1875,0.0,0.0625,0.125,0.125,0.0,0.0,0.0,0.0,0.0,0.0625,0.0,0.1875,0.0,0.0,0.7592243731311454,1.175,1649.9698,0.027368094099515215,0.027368094099515215
2564,neg_1342,GGCCSHPACAANNQDYC,0,17,0.17647058823529413,0.23529411764705882,0.058823529411764705,0.0,0.0,0.11764705882352941,0.058823529411764705,0.0,0.0,0.0,0.0,0.11764705882352941,0.058823529411764705,0.058823529411764705,0.0,0.058823529411764705,0.0,0.0,0.0,0.058823529411764705,-1.1922063980113062,-0.37058823529411766,1713.85,0.035042164497045405,0.035042164497045405
2565,neg_1343,RTCIPIPLVMC,0,11,0.0,0.18181818181818182,0.0,0.0,0.0,0.0,0.0,0.18181818181818182,0.0,0.09090909090909091,0.09090909090909091,0.0,0.18181818181818182,0.0,0.09090909090909091,0.0,0.09090909090909091,0.09090909090909091,0.0,0.0,0.7402896340912819,1.4090909090909092,1245.6209,0.1604298522288276,0.1604298522288276
2566,neg_1344,TDRNFLRL,0,8,0.0,0.0,0.125,0.0,0.125,0.0,0.0,0.0,0.0,0.25,0.0,0.125,0.0,0.0,0.25,0.0,0.125,0.0,0.0,0.0,0.3992973555064705,-0.7875000000000001,1034.1696,0.25817236373694413,0.25817236373694413
2567,neg_1345,KEGYLLGSRG,0,10,0.0,0.0,0.0,0.1,0.0,0.3,0.0,0.0,0.1,0.2,0.0,0.0,0.0,0.0,0.1,0.1,0.0,0.0,0.0,0.1,0.7609040742645101,-0.76,1079.2069,0.5761689240226952,0.5761689240226952
2568,neg_1346,APAAGFFGMR,0,10,0.3,0.0,0.0,0.0,0.2,0.2,0.0,0.0,0.0,0.0,0.1,0.0,0.1,0.0,0.1,0.0,0.0,0.0,0.0,0.0,0.7958645879540859,0.6,1024.1961,0.22389688462044902,0.22389688462044902
2569,neg_1347,LGIYSDAGTQTCSK,0,14,0.07142857142857142,0.07142857142857142,0.07142857142857142,0.0,0.0,0.14285714285714285,0.0,0.07142857142857142,0.07142857142857142,0.07142857142857142,0.0,0.0,0.0,0.07142857142857142,0.0,0.14285714285714285,0.14285714285714285,0.0,0.0,0.07142857142857142,-0.25067661696786425,-0.24285714285714288,1443.5783999999999,0.09806251713274754,0.09806251713274754
2570,neg_1348,GFTPFRIY,0,8,0.0,0.0,0.0,0.0,0.25,0.125,0.0,0.125,0.0,0.0,0.0,0.0,0.125,0.0,0.125,0.0,0.125,0.0,0.0,0.125,0.7590926132903006,0.19999999999999996,1000.1498000000001,0.417032938120547,0.417032938120547
2571,neg_1349,DVNGGGHTLPQPLYQTTVVL,0,20,0.0,0.0,0.05,0.0,0.0,0.15,0.05,0.0,0.0,0.15,0.0,0.05,0.1,0.1,0.0,0.0,0.15,0.15,0.0,0.05,-1.152602437615267,-0.050000000000000024,2109.3379999999997,0.030317086692711936,0.030317086692711936
2572,neg_1350,FLSLIPHAISAISAIADHL,0,19,0.21052631578947367,0.0,0.05263157894736842,0.0,0.05263157894736842,0.0,0.10526315789473684,0.21052631578947367,0.0,0.15789473684210525,0.0,0.0,0.05263157894736842,0.0,0.0,0.15789473684210525,0.0,0.0,0.0,0.0,-1.0644292483616788,1.3421052631578947,1989.317,0.006560026885176541,0.006560026885176541
2573,neg_1351,FFPIIAGMAAKVICAITKKC,0,20,0.2,0.1,0.0,0.0,0.1,0.05,0.0,0.2,0.15,0.0,0.05,0.0,0.05,0.0,0.0,0.0,0.05,0.05,0.0,0.0,2.7373026309942805,1.375,2125.705,0.0015232816603066414,0.0015232816603066414
2574,neg_1352,FENEDEGYFQDPEDCS,0,16,0.0,0.0625,0.1875,0.25,0.125,0.0625,0.0,0.0,0.0,0.0,0.0,0.0625,0.0625,0.0625,0.0,0.0625,0.0,0.0,0.0,0.0625,-7.236194246196334,-1.71875,1923.8728,0.030689276796110308,0.030689276796110308
2575,neg_1354,MELGLEPADDFKEKLIKLSA,0,20,0.1,0.0,0.1,0.15,0.05,0.05,0.0,0.05,0.15,0.2,0.05,0.0,0.05,0.0,0.0,0.05,0.0,0.0,0.0,0.0,-2.491969407656338,-0.20000000000000004,2247.6064,0.0029882230616868895,0.0029882230616868895
2576,neg_1355,NAKPP,0,5,0.2,0.0,0.0,0.0,0.0,0.0,0.0,0.0,0.2,0.0,0.0,0.2,0.4,0.0,0.0,0.0,0.0,0.0,0.0,0.0,0.7591026131903019,-1.7600000000000002,525.5985,0.9446514635969832,0.9446514635969832
2577,neg_1356,VIGGDECNINEHRSLALVY,0,19,0.05263157894736842,0.05263157894736842,0.05263157894736842,0.10526315789473684,0.0,0.10526315789473684,0.05263157894736842,0.10526315789473684,0.0,0.10526315789473684,0.0,0.10526315789473684,0.0,0.0,0.05263157894736842,0.05263157894736842,0.0,0.10526315789473684,0.0,0.05263157894736842,-2.1830057279020076,0.0631578947368421,2102.3272,0.0147192105278176,0.0147192105278176
2578,neg_1357,GGETSGETKGMWFGPRL,0,17,0.0,0.0,0.0,0.11764705882352941,0.058823529411764705,0.29411764705882354,0.0,0.0,0.058823529411764705,0.058823529411764705,0.058823529411764705,0.0,0.058823529411764705,0.0,0.058823529411764705,0.058823529411764705,0.11764705882352941,0.0,0.058823529411764705,0.0,-0.2352864627632787,-0.8,1809.9954000000002,0.025920501121018874,0.025920501121018874
2579,neg_1358,QKVAVRLKEVVYTLSPHQQN,0,20,0.05,0.0,0.0,0.05,0.0,0.0,0.05,0.0,0.1,0.1,0.0,0.05,0.05,0.15,0.05,0.05,0.05,0.2,0.0,0.05,1.8470792615200962,-0.5599999999999999,2337.6758,0.010093093586841998,0.010093093586841998
2580,neg_1359,MRVKLFQLRGMLSGSRIL,0,18,0.0,0.0,0.0,0.0,0.05555555555555555,0.1111111111111111,0.0,0.05555555555555555,0.05555555555555555,0.2222222222222222,0.1111111111111111,0.0,0.0,0.05555555555555555,0.16666666666666666,0.1111111111111111,0.0,0.05555555555555555,0.0,0.0,3.4993256868423406,0.39999999999999997,2105.6159,0.00199849475034215,0.00199849475034215
2581,neg_1360,SLVSLNEPKDEIYMESQP,0,18,0.0,0.0,0.05555555555555555,0.16666666666666666,0.0,0.0,0.0,0.05555555555555555,0.05555555555555555,0.1111111111111111,0.05555555555555555,0.05555555555555555,0.1111111111111111,0.05555555555555555,0.0,0.16666666666666666,0.0,0.05555555555555555,0.0,0.05555555555555555,-3.5322993959209272,-0.7555555555555556,2079.2841,0.017665187231397966,0.017665187231397966
2582,neg_1361,FDLLGLLKKVVSGL,0,14,0.0,0.0,0.07142857142857142,0.0,0.07142857142857142,0.14285714285714285,0.0,0.0,0.14285714285714285,0.35714285714285715,0.0,0.0,0.0,0.0,0.0,0.07142857142857142,0.0,0.14285714285714285,0.0,0.0,0.7592243731311454,1.2357142857142858,1501.8509999999999,0.06200045080886334,0.06200045080886334
2583,neg_1362,APLTNEYLNHLCHKC,0,15,0.06666666666666667,0.13333333333333333,0.0,0.06666666666666667,0.0,0.0,0.13333333333333333,0.0,0.06666666666666667,0.2,0.0,0.13333333333333333,0.06666666666666667,0.0,0.0,0.0,0.06666666666666667,0.0,0.0,0.06666666666666667,-0.04876655585955092,-0.4133333333333334,1756.0142,0.10181240041510764,0.10181240041510764
2584,neg_1363,NSGGGEGSGMWFGPRL,0,16,0.0,0.0,0.0,0.0625,0.0625,0.375,0.0,0.0,0.0,0.0625,0.0625,0.0625,0.0625,0.0,0.0625,0.125,0.0,0.0,0.0625,0.0,-0.23709792373748817,-0.59375,1608.7325,0.03875458579273807,0.03875458579273807
2585,neg_1364,GIGGKPVQTAFVDNDGIYD,0,19,0.05263157894736842,0.0,0.15789473684210525,0.0,0.05263157894736842,0.21052631578947367,0.0,0.10526315789473684,0.05263157894736842,0.0,0.0,0.05263157894736842,0.05263157894736842,0.05263157894736842,0.0,0.0,0.05263157894736842,0.10526315789473684,0.0,0.05263157894736842,-2.2353532033818624,-0.2421052631578947,1966.1080000000002,0.014715189180490484,0.014715189180490484
2586,neg_1365,GGSSGLISMPRV,0,12,0.0,0.0,0.0,0.0,0.0,0.25,0.0,0.08333333333333333,0.0,0.08333333333333333,0.08333333333333333,0.0,0.08333333333333333,0.0,0.08333333333333333,0.25,0.0,0.08333333333333333,0.0,0.0,0.7600916142893016,0.3916666666666666,1160.3442,0.18183843486459256,0.18183843486459256
2587,neg_1366,MADEALQHTFFA,0,12,0.25,0.0,0.08333333333333333,0.08333333333333333,0.16666666666666666,0.0,0.08333333333333333,0.0,0.0,0.08333333333333333,0.08333333333333333,0.0,0.0,0.08333333333333333,0.0,0.0,0.08333333333333333,0.0,0.0,0.0,-2.4085399012910136,0.19166666666666662,1380.524,0.20086741978163847,0.20086741978163847
2588,neg_1368,EPYAFGL,0,7,0.14285714285714285,0.0,0.0,0.14285714285714285,0.14285714285714285,0.14285714285714285,0.0,0.0,0.0,0.14285714285714285,0.0,0.0,0.14285714285714285,0.0,0.0,0.0,0.0,0.0,0.0,0.14285714285714285,-1.1641713823010078,0.2285714285714285,795.8783,0.9022083847020201,0.9022083847020201
2589,neg_1369,WVDADLNGLR,0,10,0.1,0.0,0.2,0.0,0.0,0.1,0.0,0.0,0.0,0.2,0.0,0.1,0.0,0.0,0.1,0.0,0.0,0.1,0.1,0.0,-1.2376668638310093,-0.27,1158.2637,0.28452683925499495,0.28452683925499495
2590,neg_1370,GHAKKDKKIQKK,0,12,0.08333333333333333,0.0,0.08333333333333333,0.0,0.0,0.08333333333333333,0.08333333333333333,0.08333333333333333,0.5,0.0,0.0,0.0,0.0,0.08333333333333333,0.0,0.0,0.0,0.0,0.0,0.0,4.84240255738973,-2.308333333333333,1408.6917999999998,0.1488192491385556,0.1488192491385556
2591,neg_1371,TVAACNSPKVGLDSDAELVR,0,20,0.15,0.05,0.1,0.05,0.0,0.05,0.0,0.0,0.05,0.1,0.0,0.05,0.05,0.0,0.05,0.1,0.05,0.15,0.0,0.0,-1.6076614127784845,0.07000000000000002,2045.2745,0.008189310297786953,0.008189310297786953
2592,neg_1372,DASFSSWG,0,8,0.125,0.0,0.125,0.0,0.125,0.125,0.0,0.0,0.0,0.0,0.0,0.0,0.0,0.0,0.0,0.375,0.0,0.0,0.125,0.0,-1.2387776248708526,-0.32500000000000007,855.8475000000001,0.20345330964181485,0.20345330964181485
2593,neg_1373,QGGAGWPPIPP,0,11,0.09090909090909091,0.0,0.0,0.0,0.0,0.2727272727272727,0.0,0.09090909090909091,0.0,0.0,0.0,0.0,0.36363636363636365,0.09090909090909091,0.0,0.0,0.0,0.0,0.09090909090909091,0.0,-0.23989838581069733,-0.5181818181818182,1076.2046,0.5968731639011033,0.5968731639011033
2594,neg_1374,RVCFAIPLPICH,0,12,0.08333333333333333,0.16666666666666666,0.0,0.0,0.08333333333333333,0.0,0.08333333333333333,0.16666666666666666,0.0,0.08333333333333333,0.0,0.0,0.16666666666666666,0.0,0.08333333333333333,0.0,0.0,0.08333333333333333,0.0,0.0,0.8274638223458688,1.3083333333333333,1368.712,0.1164579972107165,0.1164579972107165
2595,neg_1375,TYKKPPFNGSIF,0,12,0.0,0.0,0.0,0.0,0.16666666666666666,0.08333333333333333,0.0,0.08333333333333333,0.16666666666666666,0.0,0.0,0.08333333333333333,0.16666666666666666,0.0,0.0,0.08333333333333333,0.08333333333333333,0.0,0.0,0.08333333333333333,1.3951995913696256,-0.6333333333333334,1398.6037999999999,0.09492467500182766,0.09492467500182766
2596,neg_1376,NQDCRPGWSFYEQNCYKVF,0,19,0.0,0.10526315789473684,0.05263157894736842,0.05263157894736842,0.10526315789473684,0.05263157894736842,0.0,0.0,0.05263157894736842,0.0,0.0,0.10526315789473684,0.05263157894736842,0.10526315789473684,0.05263157894736842,0.05263157894736842,0.0,0.05263157894736842,0.05263157894736842,0.10526315789473684,-0.2587761459926661,-1.0999999999999999,2384.6028,0.001720567079038934,0.001720567079038934
2597,neg_1377,ECCNPACGRHYSCGK,0,15,0.06666666666666667,0.26666666666666666,0.0,0.06666666666666667,0.0,0.13333333333333333,0.06666666666666667,0.0,0.06666666666666667,0.0,0.0,0.06666666666666667,0.06666666666666667,0.0,0.06666666666666667,0.06666666666666667,0.0,0.0,0.0,0.06666666666666667,0.8823898446585376,-0.7533333333333334,1627.8469999999998,0.050382834009681514,0.050382834009681514
2598,neg_1378,GFIGDIWSGIQG,0,12,0.0,0.0,0.08333333333333333,0.0,0.08333333333333333,0.3333333333333333,0.0,0.25,0.0,0.0,0.0,0.0,0.0,0.08333333333333333,0.0,0.08333333333333333,0.0,0.0,0.08333333333333333,0.0,-1.2387776248708526,0.5,1249.3709,0.12331667463799763,0.12331667463799763
2599,neg_1379,NSELINAILGSPTLMGEV,0,18,0.05555555555555555,0.0,0.0,0.1111111111111111,0.0,0.1111111111111111,0.0,0.1111111111111111,0.0,0.16666666666666666,0.05555555555555555,0.1111111111111111,0.05555555555555555,0.0,0.0,0.1111111111111111,0.05555555555555555,0.05555555555555555,0.0,0.0,-2.234277461864277,0.5333333333333333,1858.1176999999998,0.028456739955125578,0.028456739955125578
2600,neg_1380,QGRPPGPPIPP,0,11,0.0,0.0,0.0,0.0,0.0,0.18181818181818182,0.0,0.09090909090909091,0.0,0.0,0.0,0.0,0.5454545454545454,0.09090909090909091,0.09090909090909091,0.0,0.0,0.0,0.0,0.0,0.7600916142893016,-1.2636363636363637,1112.2816,0.5783541868909504,0.5783541868909504
2601,neg_1381,MPDPAKTAPKKKSKKAVT,0,18,0.16666666666666666,0.0,0.05555555555555555,0.0,0.0,0.0,0.0,0.0,0.3333333333333333,0.0,0.05555555555555555,0.0,0.16666666666666666,0.0,0.0,0.05555555555555555,0.1111111111111111,0.05555555555555555,0.0,0.0,4.4954814424871845,-1.2444444444444445,1926.3279000000002,0.009214851573116285,0.009214851573116285
2602,neg_1382,MNNSTKFCFSRFRTGN,0,16,0.0,0.0625,0.0,0.0,0.1875,0.0625,0.0,0.0,0.0625,0.0,0.0625,0.1875,0.0,0.0,0.125,0.125,0.125,0.0,0.0,0.0,2.489434696643332,-0.875,1910.1408000000001,0.0023452522415030046,0.0023452522415030046
2603,neg_1383,SGGGNVIMNQMNKRNHAKD,0,19,0.05263157894736842,0.0,0.05263157894736842,0.0,0.0,0.15789473684210525,0.05263157894736842,0.05263157894736842,0.10526315789473684,0.0,0.10526315789473684,0.21052631578947367,0.0,0.05263157894736842,0.05263157894736842,0.05263157894736842,0.0,0.05263157894736842,0.0,0.0,1.5496143081213312,-1.2736842105263158,2071.3016,0.007064150008508707,0.007064150008508707
2604,neg_1385,DVSLPAEGFR,0,10,0.1,0.0,0.1,0.1,0.1,0.1,0.0,0.0,0.0,0.1,0.0,0.0,0.1,0.0,0.1,0.1,0.0,0.1,0.0,0.0,-1.2359771627976435,-0.17,1090.1865,0.3640256132795996,0.3640256132795996
2605,neg_1386,ATFDIVNQCTFT,0,12,0.08333333333333333,0.08333333333333333,0.08333333333333333,0.0,0.16666666666666666,0.0,0.0,0.08333333333333333,0.0,0.0,0.0,0.08333333333333333,0.0,0.08333333333333333,0.0,0.0,0.25,0.08333333333333333,0.0,0.0,-1.212905641305078,0.5,1359.5031999999999,0.10296224128278782,0.10296224128278782
2606,neg_1387,GNALGKEGLKAI,0,12,0.16666666666666666,0.0,0.0,0.08333333333333333,0.0,0.25,0.0,0.08333333333333333,0.16666666666666666,0.16666666666666666,0.0,0.08333333333333333,0.0,0.0,0.0,0.0,0.0,0.0,0.0,0.0,0.7609140741645111,-0.025000000000000012,1170.359,0.37492235474296776,0.37492235474296776
2607,neg_1388,KEQPEFVPY,0,9,0.0,0.0,0.0,0.2222222222222222,0.1111111111111111,0.0,0.0,0.0,0.1111111111111111,0.0,0.0,0.0,0.2222222222222222,0.1111111111111111,0.0,0.0,0.0,0.1111111111111111,0.0,0.1111111111111111,-1.2362754638622788,-1.3222222222222222,1136.2532,0.8673941444397797,0.8673941444397797
2608,neg_1389,AIVGRPRF,0,8,0.125,0.0,0.0,0.0,0.125,0.125,0.0,0.125,0.0,0.0,0.0,0.0,0.125,0.0,0.25,0.0,0.0,0.125,0.0,0.0,1.7958545880540848,0.2875,915.0935,0.4630032334055617,0.4630032334055617
2609,neg_1390,TNDFMRF,0,7,0.0,0.0,0.14285714285714285,0.0,0.2857142857142857,0.0,0.0,0.0,0.0,0.0,0.14285714285714285,0.14285714285714285,0.0,0.0,0.14285714285714285,0.0,0.14285714285714285,0.0,0.0,0.0,-0.6006926445935283,-0.6714285714285715,930.0385,0.21880852142335555,0.21880852142335555
2610,neg_1391,DEGPKSDCKP,0,10,0.0,0.1,0.2,0.1,0.0,0.1,0.0,0.0,0.2,0.0,0.0,0.0,0.2,0.0,0.0,0.1,0.0,0.0,0.0,0.0,-1.2467453940548099,-2.02,1075.1506,0.332411349126155,0.332411349126155
2611,neg_1392,DPSFNSWG,0,8,0.0,0.0,0.125,0.0,0.125,0.125,0.0,0.0,0.0,0.0,0.0,0.125,0.125,0.0,0.0,0.25,0.0,0.0,0.125,0.0,-1.2387776248708526,-1.0875000000000001,908.9101,0.2880641761440253,0.2880641761440253
2612,neg_1393,LPLDDLSDT,0,9,0.0,0.0,0.3333333333333333,0.0,0.0,0.0,0.0,0.0,0.0,0.3333333333333333,0.0,0.0,0.1111111111111111,0.0,0.0,0.1111111111111111,0.1111111111111111,0.0,0.0,0.0,-3.2365361029911637,-0.24444444444444452,988.0467000000001,0.3355137911839047,0.3355137911839047
2613,neg_1394,DCCPCPAGAVRCRFACC,0,17,0.17647058823529413,0.35294117647058826,0.058823529411764705,0.0,0.058823529411764705,0.058823529411764705,0.0,0.0,0.0,0.0,0.0,0.0,0.11764705882352941,0.0,0.11764705882352941,0.0,0.0,0.058823529411764705,0.0,0.0,0.701796434735086,0.6647058823529413,1775.1517,0.005374651542735477,0.005374651542735477
2614,neg_1395,EITVEPVRHPKKDPSEAE,0,18,0.05555555555555555,0.0,0.05555555555555555,0.2222222222222222,0.0,0.0,0.05555555555555555,0.05555555555555555,0.1111111111111111,0.0,0.0,0.0,0.16666666666666666,0.0,0.05555555555555555,0.05555555555555555,0.05555555555555555,0.1111111111111111,0.0,0.0,-2.0632167683184575,-1.3666666666666667,2061.2526,0.0350417663634476,0.0350417663634476
2615,neg_1396,CKQSCSFGPFTFVCDGNTK,0,19,0.0,0.15789473684210525,0.05263157894736842,0.0,0.15789473684210525,0.10526315789473684,0.0,0.0,0.10526315789473684,0.0,0.0,0.05263157894736842,0.05263157894736842,0.05263157894736842,0.0,0.10526315789473684,0.10526315789473684,0.05263157894736842,0.0,0.0,0.7295214028341159,-0.18947368421052635,2069.3404,0.0017221440448207058,0.0017221440448207058
2616,neg_1397,APPGFTPFRS,0,10,0.1,0.0,0.0,0.0,0.2,0.1,0.0,0.0,0.0,0.0,0.0,0.0,0.3,0.0,0.1,0.1,0.1,0.0,0.0,0.0,0.7958645879540859,-0.38000000000000006,1076.2046,0.2196546158050521,0.2196546158050521
2617,neg_1398,ESLPLAAFHQVDVYTAK,0,17,0.17647058823529413,0.0,0.058823529411764705,0.058823529411764705,0.058823529411764705,0.0,0.058823529411764705,0.0,0.058823529411764705,0.11764705882352941,0.0,0.0,0.058823529411764705,0.058823529411764705,0.0,0.058823529411764705,0.058823529411764705,0.11764705882352941,0.0,0.058823529411764705,-1.0768754341055773,0.12941176470588234,1889.1118000000001,0.04595015010681428,0.04595015010681428
2618,neg_1399,DEPPQTPWDRVKDLVTVYVE,0,20,0.0,0.0,0.15,0.1,0.0,0.0,0.0,0.0,0.05,0.05,0.0,0.0,0.15,0.05,0.05,0.0,0.1,0.2,0.05,0.05,-3.227685901175256,-0.86,2386.6108,0.00650927382665137,0.00650927382665137
2619,neg_1400,MLLHRLSKFCKIERDIVYIS,0,20,0.0,0.05,0.05,0.05,0.05,0.0,0.05,0.15,0.1,0.15,0.05,0.0,0.0,0.0,0.1,0.1,0.0,0.05,0.0,0.05,1.5785421058129718,0.31999999999999995,2464.9891,0.0005858870757290563,0.0005858870757290563
2620,neg_1401,KRRPPGFTPFR,0,11,0.0,0.0,0.0,0.0,0.18181818181818182,0.09090909090909091,0.0,0.0,0.09090909090909091,0.0,0.0,0.0,0.2727272727272727,0.0,0.2727272727272727,0.0,0.09090909090909091,0.0,0.0,0.0,3.7590726134902988,-1.6090909090909091,1358.5931,0.06739796762402592,0.06739796762402592
2621,neg_1402,AVPDVAFNAYG,0,11,0.2727272727272727,0.0,0.09090909090909091,0.0,0.09090909090909091,0.09090909090909091,0.0,0.0,0.0,0.0,0.0,0.09090909090909091,0.09090909090909091,0.0,0.0,0.0,0.0,0.18181818181818182,0.0,0.09090909090909091,-1.2040036522050697,0.5727272727272728,1123.2145,0.5250252054063328,0.5250252054063328
2622,neg_1403,GLLGLGYGGY,0,10,0.0,0.0,0.0,0.0,0.0,0.5,0.0,0.0,0.0,0.3,0.0,0.0,0.0,0.0,0.0,0.0,0.0,0.0,0.0,0.2,-0.24189638780869938,0.6799999999999999,969.0909999999999,0.8124089199998266,0.8124089199998266
2623,neg_1404,TDPLWQLPGAHLEQYLS,0,17,0.058823529411764705,0.0,0.058823529411764705,0.058823529411764705,0.0,0.058823529411764705,0.058823529411764705,0.0,0.0,0.23529411764705882,0.0,0.0,0.11764705882352941,0.11764705882352941,0.0,0.058823529411764705,0.058823529411764705,0.0,0.058823529411764705,0.058823529411764705,-2.5116969954647312,-0.44117647058823534,1968.1687000000002,0.043936224507039184,0.043936224507039184
2624,neg_1405,APQEPNQFQLLKYH,0,14,0.07142857142857142,0.0,0.0,0.07142857142857142,0.07142857142857142,0.0,0.07142857142857142,0.0,0.07142857142857142,0.14285714285714285,0.0,0.07142857142857142,0.14285714285714285,0.21428571428571427,0.0,0.0,0.0,0.0,0.0,0.07142857142857142,-0.11613876391611799,-1.2071428571428573,1712.9016,0.19720616413484998,0.19720616413484998
2625,neg_1406,EKDCYHERDC,0,10,0.0,0.2,0.2,0.2,0.0,0.0,0.1,0.0,0.1,0.0,0.0,0.0,0.0,0.0,0.1,0.0,0.0,0.0,0.0,0.1,-2.0927561912905435,-2.19,1297.3744,0.4382351047544407,0.4382351047544407
2626,neg_1407,MKITPLGDNVVIKKLLATA,0,19,0.10526315789473684,0.0,0.05263157894736842,0.0,0.0,0.05263157894736842,0.0,0.10526315789473684,0.15789473684210525,0.15789473684210525,0.05263157894736842,0.05263157894736842,0.05263157894736842,0.0,0.0,0.0,0.10526315789473684,0.10526315789473684,0.0,0.0,1.498478445484187,0.6421052631578947,2025.4983000000002,0.008013876639536677,0.008013876639536677
2627,neg_1409,GHGGASNYVRL,0,11,0.09090909090909091,0.0,0.0,0.0,0.0,0.2727272727272727,0.09090909090909091,0.0,0.0,0.09090909090909091,0.0,0.09090909090909091,0.0,0.0,0.09090909090909091,0.09090909090909091,0.0,0.09090909090909091,0.0,0.09090909090909091,0.8462668015448875,-0.4272727272727273,1130.2138,0.6210808870032635,0.6210808870032635
2628,neg_1410,MTSDYRVSPIKKSRPAMSK,0,19,0.05263157894736842,0.0,0.05263157894736842,0.0,0.0,0.0,0.0,0.05263157894736842,0.15789473684210525,0.0,0.10526315789473684,0.0,0.10526315789473684,0.0,0.10526315789473684,0.21052631578947367,0.05263157894736842,0.05263157894736842,0.0,0.05263157894736842,3.497459444685184,-0.9631578947368421,2182.5662,0.0016048595695949165,0.0016048595695949165
2629,neg_1411,GSNIEVMLGLPNSDVK,0,16,0.0,0.0,0.0625,0.0625,0.0,0.125,0.0,0.0625,0.0625,0.125,0.0625,0.125,0.0625,0.0,0.0,0.125,0.0,0.125,0.0,0.0,-1.2369661638966432,0.031249999999999986,1672.8974,0.050052779476333915,0.050052779476333915
2630,neg_1412,GPVEIYYLQSADAKG,0,15,0.13333333333333333,0.0,0.06666666666666667,0.06666666666666667,0.0,0.13333333333333333,0.0,0.06666666666666667,0.06666666666666667,0.06666666666666667,0.0,0.0,0.06666666666666667,0.06666666666666667,0.0,0.06666666666666667,0.0,0.06666666666666667,0.0,0.13333333333333333,-1.2389641658946453,-0.2733333333333333,1610.7617,0.16808895965124965,0.16808895965124965
2631,neg_1413,EEEDKKEDVGTVVGI,0,15,0.0,0.0,0.13333333333333333,0.26666666666666666,0.0,0.13333333333333333,0.0,0.06666666666666667,0.13333333333333333,0.0,0.0,0.0,0.0,0.0,0.0,0.0,0.06666666666666667,0.2,0.0,0.0,-4.154497475500689,-0.88,1646.7478,0.230119681855407,0.230119681855407
2632,neg_1414,KRTKAPFSRVVKFSIDEIRN,0,20,0.05,0.0,0.05,0.05,0.1,0.0,0.0,0.1,0.15,0.0,0.0,0.05,0.05,0.0,0.15,0.1,0.05,0.1,0.0,0.0,3.7610058344053514,-0.74,2391.7697,0.0005041683718294093,0.0005041683718294093
2633,neg_1415,DFIGSSTNVIMVASTTLMLF,0,20,0.05,0.0,0.05,0.0,0.1,0.05,0.0,0.1,0.0,0.1,0.1,0.05,0.0,0.0,0.0,0.15,0.15,0.1,0.0,0.0,-1.2387776248708526,1.215,2147.5101,0.001970206177616646,0.001970206177616646
2634,neg_1416,QEYTGWMDF,0,9,0.0,0.0,0.1111111111111111,0.1111111111111111,0.1111111111111111,0.1111111111111111,0.0,0.0,0.0,0.0,0.1111111111111111,0.0,0.0,0.1111111111111111,0.0,0.0,0.1111111111111111,0.0,0.1111111111111111,0.1111111111111111,-2.2369661638966436,-1.011111111111111,1176.2540000000001,0.5618958688486068,0.5618958688486068
2635,neg_1417,SRLPPATRDKLADEITFFPA,0,20,0.15,0.0,0.1,0.05,0.1,0.0,0.0,0.05,0.05,0.1,0.0,0.0,0.15,0.0,0.1,0.05,0.1,0.0,0.0,0.0,-0.5358205577285045,-0.36500000000000005,2245.5326,0.001480998403154232,0.001480998403154232
2636,neg_1418,YYTVLFGVSRALGLPLERPK,0,20,0.05,0.0,0.0,0.05,0.05,0.1,0.0,0.0,0.05,0.2,0.0,0.0,0.1,0.0,0.1,0.05,0.05,0.1,0.0,0.1,1.7598950733655083,0.18499999999999997,2279.6776999999997,0.00433353077478779,0.00433353077478779
2637,neg_1419,NFSCPPDWYAYD,0,12,0.08333333333333333,0.08333333333333333,0.16666666666666666,0.0,0.08333333333333333,0.0,0.0,0.0,0.0,0.0,0.0,0.08333333333333333,0.16666666666666666,0.0,0.0,0.08333333333333333,0.0,0.0,0.08333333333333333,0.16666666666666666,-2.246374954420717,-0.9083333333333333,1477.5512999999999,0.09879514844779506,0.09879514844779506
2638,neg_1420,SKSLFYQKQYDNINE,0,15,0.0,0.0,0.06666666666666667,0.06666666666666667,0.06666666666666667,0.0,0.0,0.06666666666666667,0.13333333333333333,0.06666666666666667,0.0,0.13333333333333333,0.0,0.13333333333333333,0.0,0.13333333333333333,0.0,0.0,0.0,0.13333333333333333,-0.5346810420978603,-1.46,1877.0149000000001,0.03025346474706516,0.03025346474706516
2639,neg_1421,VDPAQVSGSWRTAAIASD,0,18,0.2222222222222222,0.0,0.1111111111111111,0.0,0.0,0.05555555555555555,0.0,0.05555555555555555,0.0,0.0,0.0,0.0,0.05555555555555555,0.05555555555555555,0.05555555555555555,0.16666666666666666,0.05555555555555555,0.1111111111111111,0.05555555555555555,0.0,-1.2605991864578563,-0.04999999999999998,1830.9484000000002,0.015442498751067348,0.015442498751067348
2640,neg_1422,IDWLKLGKMVMDVL,0,14,0.0,0.0,0.14285714285714285,0.0,0.0,0.07142857142857142,0.0,0.07142857142857142,0.14285714285714285,0.21428571428571427,0.14285714285714285,0.0,0.0,0.0,0.0,0.0,0.0,0.14285714285714285,0.07142857142857142,0.0,-0.23965486592901009,0.8571428571428571,1661.0802999999999,0.03407960099725232,0.03407960099725232
2641,neg_1423,LTCYKGYHDTVVCKP,0,15,0.0,0.13333333333333333,0.06666666666666667,0.0,0.0,0.06666666666666667,0.06666666666666667,0.0,0.13333333333333333,0.06666666666666667,0.0,0.0,0.06666666666666667,0.0,0.0,0.0,0.13333333333333333,0.13333333333333333,0.0,0.13333333333333333,0.8245985791897108,-0.22,1727.0126999999998,0.09573736515226738,0.09573736515226738
2642,neg_1424,VKVYNQFGTKVELGVSMRIF,0,20,0.0,0.0,0.0,0.05,0.1,0.1,0.0,0.05,0.1,0.05,0.05,0.05,0.0,0.05,0.05,0.05,0.05,0.2,0.0,0.05,1.733791849031359,0.31,2315.7311999999997,0.0029006477839782292,0.0029006477839782292
2643,neg_1425,DVLELTDENFESRVSSDTG,0,19,0.0,0.0,0.15789473684210525,0.15789473684210525,0.05263157894736842,0.05263157894736842,0.0,0.0,0.0,0.10526315789473684,0.0,0.05263157894736842,0.0,0.0,0.05263157894736842,0.15789473684210525,0.10526315789473684,0.10526315789473684,0.0,0.0,-5.228114716971534,-0.7578947368421053,2113.1498,0.007131327983715155,0.007131327983715155
2644,neg_1426,AGGTSGLYAFPRV,0,13,0.15384615384615385,0.0,0.0,0.0,0.07692307692307693,0.23076923076923078,0.0,0.0,0.0,0.07692307692307693,0.0,0.0,0.07692307692307693,0.0,0.07692307692307693,0.07692307692307693,0.07692307692307693,0.07692307692307693,0.0,0.07692307692307693,0.7948655869550849,0.33076923076923076,1295.4426999999998,0.22403172668606597,0.22403172668606597
2645,neg_1427,AMAGTATVQGQGTR,0,14,0.21428571428571427,0.0,0.0,0.0,0.0,0.21428571428571427,0.0,0.0,0.0,0.0,0.07142857142857142,0.0,0.0,0.14285714285714285,0.07142857142857142,0.0,0.21428571428571427,0.07142857142857142,0.0,0.0,0.7958645879540859,-0.2357142857142857,1348.4857,0.2906681244419918,0.2906681244419918
2646,neg_1428,FLFVGDL,0,7,0.0,0.0,0.14285714285714285,0.0,0.2857142857142857,0.14285714285714285,0.0,0.0,0.0,0.2857142857142857,0.0,0.0,0.0,0.0,0.0,0.0,0.0,0.14285714285714285,0.0,0.0,-1.2387776248708526,1.9285714285714286,809.9477999999999,0.45257572175631333,0.45257572175631333
2647,neg_1429,MDSVSVNQIL,0,10,0.0,0.0,0.1,0.0,0.0,0.0,0.0,0.1,0.0,0.1,0.1,0.1,0.0,0.1,0.0,0.2,0.0,0.2,0.0,0.0,-1.4985245515188106,0.65,1105.2623,0.3874091013502026,0.3874091013502026
2648,neg_1430,QLASDDYGHMRF,0,12,0.08333333333333333,0.0,0.16666666666666666,0.0,0.08333333333333333,0.08333333333333333,0.08333333333333333,0.0,0.0,0.08333333333333333,0.08333333333333333,0.0,0.0,0.08333333333333333,0.08333333333333333,0.08333333333333333,0.0,0.0,0.0,0.08333333333333333,-1.1514916765754235,-0.8666666666666667,1439.5513999999998,0.13124158405327851,0.13124158405327851
2649,neg_1431,QQGEGGPYGGLSPLRFS,0,17,0.0,0.0,0.0,0.058823529411764705,0.058823529411764705,0.29411764705882354,0.0,0.0,0.0,0.11764705882352941,0.0,0.0,0.11764705882352941,0.11764705882352941,0.058823529411764705,0.11764705882352941,0.0,0.0,0.0,0.058823529411764705,-0.23809692473648925,-0.7470588235294118,1749.8771,0.05002146854930392,0.05002146854930392
2650,neg_1432,EQYMVAFWM,0,9,0.1111111111111111,0.0,0.0,0.1111111111111111,0.1111111111111111,0.0,0.0,0.0,0.0,0.0,0.2222222222222222,0.0,0.0,0.1111111111111111,0.0,0.0,0.0,0.1111111111111111,0.1111111111111111,0.1111111111111111,-1.1641713823010078,0.37777777777777777,1204.4163,0.6065664163906676,0.6065664163906676
2651,neg_1433,VERYAFGL,0,8,0.125,0.0,0.0,0.125,0.125,0.125,0.0,0.0,0.0,0.125,0.0,0.0,0.0,0.0,0.125,0.0,0.0,0.125,0.0,0.125,-0.26421014897063966,0.3625,954.0798,0.7974825700287624,0.7974825700287624
2652,neg_1434,FFTTFDKDNDDQQNDN,0,16,0.0,0.0,0.3125,0.0,0.1875,0.0,0.0,0.0,0.0625,0.0,0.0,0.1875,0.0,0.125,0.0,0.0,0.125,0.0,0.0,0.0,-4.235293582110476,-1.99375,1963.92,0.0045816082621682975,0.0045816082621682975
2653,neg_1435,ESGINLQGDATLANN,0,15,0.13333333333333333,0.0,0.06666666666666667,0.06666666666666667,0.0,0.13333333333333333,0.0,0.06666666666666667,0.0,0.13333333333333333,0.0,0.2,0.0,0.06666666666666667,0.0,0.06666666666666667,0.06666666666666667,0.0,0.0,0.0,-2.162051620362162,-0.5066666666666667,1516.5661,0.1193018386580827,0.1193018386580827
2654,neg_1436,SPPSQDFMRF,0,10,0.0,0.0,0.1,0.0,0.2,0.0,0.0,0.0,0.0,0.0,0.1,0.0,0.2,0.1,0.1,0.2,0.0,0.0,0.0,0.0,-0.5387427797425575,-0.8800000000000001,1211.3462,0.08793627403739575,0.08793627403739575
2655,neg_1437,ARDGYIVDEKGCKFACFIN,0,19,0.10526315789473684,0.10526315789473684,0.10526315789473684,0.05263157894736842,0.10526315789473684,0.10526315789473684,0.0,0.10526315789473684,0.10526315789473684,0.0,0.0,0.05263157894736842,0.0,0.0,0.05263157894736842,0.0,0.0,0.05263157894736842,0.0,0.05263157894736842,-0.22188241138803733,-0.05263157894736842,2149.4482,0.002228430970133533,0.002228430970133533
2656,neg_1438,MRNIKVKPFLN,0,11,0.0,0.0,0.0,0.0,0.09090909090909091,0.0,0.0,0.09090909090909091,0.18181818181818182,0.09090909090909091,0.09090909090909091,0.18181818181818182,0.09090909090909091,0.0,0.09090909090909091,0.0,0.0,0.09090909090909091,0.0,0.0,2.4983466856433423,-0.33636363636363636,1359.682,0.11031308863379584,0.11031308863379584
2657,neg_1439,RTCIPIPPVCF,0,11,0.0,0.18181818181818182,0.0,0.0,0.09090909090909091,0.0,0.0,0.18181818181818182,0.0,0.0,0.0,0.0,0.2727272727272727,0.0,0.09090909090909091,0.0,0.09090909090909091,0.09090909090909091,0.0,0.0,0.7402896340912819,1.0,1245.5563,0.1355804760549385,0.1355804760549385
2658,neg_1440,QKKDKKDKFYGLM,0,13,0.0,0.0,0.15384615384615385,0.0,0.07692307692307693,0.07692307692307693,0.0,0.0,0.38461538461538464,0.07692307692307693,0.07692307692307693,0.0,0.0,0.07692307692307693,0.0,0.0,0.0,0.0,0.0,0.07692307692307693,2.7563491300749865,-1.7846153846153845,1628.9326999999998,0.035175929324142374,0.035175929324142374
2659,neg_1441,MFYLSDLLLHVIGFG,0,15,0.0,0.0,0.06666666666666667,0.0,0.13333333333333333,0.13333333333333333,0.06666666666666667,0.06666666666666667,0.0,0.26666666666666666,0.06666666666666667,0.0,0.0,0.0,0.0,0.06666666666666667,0.0,0.06666666666666667,0.0,0.06666666666666667,-1.4123493642632248,1.4533333333333331,1725.0576999999998,0.031178219414302683,0.031178219414302683
2660,neg_1442,GLLGSIGNAIGAFIANKLKP,0,20,0.15,0.0,0.0,0.0,0.05,0.2,0.0,0.15,0.1,0.15,0.0,0.1,0.05,0.0,0.0,0.05,0.0,0.0,0.0,0.0,1.758103612191301,0.715,1954.3159,0.006252471842260896,0.006252471842260896
2661,neg_1444,MADQLTEEQIAEF,0,13,0.15384615384615385,0.0,0.07692307692307693,0.23076923076923078,0.07692307692307693,0.0,0.0,0.07692307692307693,0.0,0.07692307692307693,0.07692307692307693,0.0,0.0,0.15384615384615385,0.0,0.0,0.07692307692307693,0.0,0.0,0.0,-4.49009316559918,-0.39230769230769236,1524.6478,0.23789554440783922,0.23789554440783922
2662,neg_1445,VVSLSIPR,0,8,0.0,0.0,0.0,0.0,0.0,0.0,0.0,0.125,0.0,0.125,0.0,0.0,0.125,0.0,0.125,0.25,0.0,0.25,0.0,0.0,0.7339783900551512,1.125,870.048,0.6117002182162045,0.6117002182162045
2663,neg_1446,APSSGFFGTR,0,10,0.1,0.0,0.0,0.0,0.2,0.2,0.0,0.0,0.0,0.0,0.0,0.0,0.1,0.0,0.1,0.2,0.1,0.0,0.0,0.0,0.7958645879540859,-0.18000000000000005,1026.1028,0.16358690243007154,0.16358690243007154
2664,neg_1447,MDETIVTDKGVAEFSFFKF,0,19,0.05263157894736842,0.0,0.10526315789473684,0.10526315789473684,0.21052631578947367,0.05263157894736842,0.0,0.05263157894736842,0.10526315789473684,0.0,0.05263157894736842,0.0,0.0,0.0,0.0,0.05263157894736842,0.10526315789473684,0.10526315789473684,0.0,0.0,-2.4937808686305476,0.17894736842105263,2211.4878,0.0018370340614420634,0.0018370340614420634
2665,neg_1448,CCPPVIWCC,0,9,0.0,0.4444444444444444,0.0,0.0,0.0,0.0,0.0,0.1111111111111111,0.0,0.0,0.0,0.0,0.2222222222222222,0.0,0.0,0.0,0.0,0.1111111111111111,0.1111111111111111,0.0,-0.27950234620673686,1.6222222222222222,1023.3158000000001,0.25063093697093874,0.25063093697093874
2666,neg_1449,IWSGIQSAF,0,9,0.1111111111111111,0.0,0.0,0.0,0.1111111111111111,0.1111111111111111,0.0,0.2222222222222222,0.0,0.0,0.0,0.0,0.0,0.1111111111111111,0.0,0.2222222222222222,0.0,0.0,0.1111111111111111,0.0,-0.23989838581069733,0.7999999999999999,1008.1272000000001,0.24741931574157724,0.24741931574157724
2667,neg_1450,AKLDFDRSKEHVNVGTIGVH,0,20,0.05,0.0,0.1,0.05,0.05,0.1,0.1,0.05,0.1,0.05,0.0,0.05,0.0,0.0,0.05,0.05,0.05,0.15,0.0,0.0,-0.026733053681842645,-0.475,2222.4593,0.005703953688306346,0.005703953688306346
2668,neg_1451,INLKALAALAKKIL,0,14,0.2857142857142857,0.0,0.0,0.0,0.0,0.0,0.0,0.14285714285714285,0.21428571428571427,0.2857142857142857,0.0,0.07142857142857142,0.0,0.0,0.0,0.0,0.0,0.0,0.0,0.0,2.7571046111923003,1.157142857142857,1479.8919999999998,0.06409723764969975,0.06409723764969975
2669,neg_1452,AAGQDNFMRF,0,10,0.2,0.0,0.1,0.0,0.2,0.1,0.0,0.0,0.0,0.0,0.1,0.1,0.0,0.1,0.1,0.0,0.0,0.0,0.0,0.0,-0.20301465110606953,-0.43000000000000005,1156.2709,0.15048478636820306,0.15048478636820306
2670,neg_1453,IGGIISFFKRLF,0,12,0.0,0.0,0.0,0.0,0.25,0.16666666666666666,0.0,0.25,0.08333333333333333,0.08333333333333333,0.0,0.0,0.0,0.0,0.08333333333333333,0.08333333333333333,0.0,0.0,0.0,0.0,1.759092613290301,1.3083333333333333,1397.705,0.02063276320039594,0.02063276320039594
2671,neg_1454,ILGKFCDEIKRIV,0,13,0.0,0.07692307692307693,0.07692307692307693,0.07692307692307693,0.07692307692307693,0.07692307692307693,0.0,0.23076923076923078,0.15384615384615385,0.07692307692307693,0.0,0.0,0.0,0.0,0.07692307692307693,0.0,0.0,0.07692307692307693,0.0,0.0,0.7521238451053449,0.5461538461538461,1533.8763999999999,0.03875510525722104,0.03875510525722104
2672,neg_1456,MKVYTDIFTRDEFLSDSYPM,0,20,0.0,0.0,0.15,0.05,0.1,0.0,0.0,0.05,0.05,0.05,0.1,0.0,0.05,0.0,0.05,0.1,0.1,0.05,0.0,0.1,-2.4964795705629155,-0.38500000000000006,2458.7593,0.0007645250206757755,0.0007645250206757755
2673,neg_1457,DEPKPDQFVGLM,0,12,0.0,0.0,0.16666666666666666,0.08333333333333333,0.08333333333333333,0.08333333333333333,0.0,0.0,0.08333333333333333,0.08333333333333333,0.08333333333333333,0.0,0.16666666666666666,0.08333333333333333,0.0,0.0,0.0,0.08333333333333333,0.0,0.0,-2.235845402956799,-0.7333333333333334,1375.5457,0.20989601616956752,0.20989601616956752
2674,neg_1458,PTHIKWGD,0,8,0.0,0.0,0.125,0.0,0.0,0.125,0.125,0.125,0.125,0.0,0.0,0.0,0.125,0.0,0.0,0.0,0.125,0.0,0.125,0.0,0.049005717381089386,-1.2125,953.0522000000001,0.7256384426416413,0.7256384426416413
2675,neg_1459,LVPFRPRL,0,8,0.0,0.0,0.0,0.0,0.125,0.0,0.0,0.0,0.0,0.25,0.0,0.0,0.25,0.0,0.25,0.0,0.0,0.125,0.0,0.0,1.7600816143893008,0.29999999999999993,997.2371,0.4722674316994388,0.4722674316994388
2676,neg_1460,RPPGFSPF,0,8,0.0,0.0,0.0,0.0,0.25,0.125,0.0,0.0,0.0,0.0,0.0,0.0,0.375,0.0,0.125,0.125,0.0,0.0,0.0,0.0,0.7600916142893016,-0.6125,904.0228,0.32631658070405073,0.32631658070405073
2677,neg_1461,GVGCSSGCHKVGGQCRCG,0,18,0.0,0.2222222222222222,0.0,0.0,0.0,0.3333333333333333,0.05555555555555555,0.0,0.05555555555555555,0.0,0.0,0.0,0.0,0.05555555555555555,0.05555555555555555,0.1111111111111111,0.0,0.1111111111111111,0.0,0.0,1.8066628411488486,-0.03888888888888889,1694.9378,0.02760098782285872,0.02760098782285872
2678,neg_1462,LIPNDQLRSI,0,10,0.0,0.0,0.1,0.0,0.0,0.0,0.0,0.2,0.0,0.2,0.0,0.1,0.1,0.1,0.1,0.1,0.0,0.0,0.0,0.0,-0.2387876247708538,-0.08000000000000004,1168.3431,0.24344574312981407,0.24344574312981407
2679,neg_1463,ANDPQCLYGNVAAKF,0,15,0.2,0.06666666666666667,0.06666666666666667,0.0,0.06666666666666667,0.06666666666666667,0.0,0.0,0.06666666666666667,0.06666666666666667,0.0,0.13333333333333333,0.06666666666666667,0.06666666666666667,0.0,0.0,0.0,0.06666666666666667,0.0,0.06666666666666667,-0.2149036433030802,-0.16666666666666666,1610.7880999999998,0.06893043236270308,0.06893043236270308
2680,neg_1464,SIPLPSLNFEQFGNMIQCTI,0,20,0.0,0.05,0.0,0.05,0.1,0.05,0.0,0.15,0.0,0.1,0.05,0.1,0.1,0.1,0.0,0.1,0.05,0.0,0.0,0.0,-1.5469440689082008,0.38499999999999995,2252.6076,0.0019258547520798754,0.0019258547520798754
2681,neg_1465,RPSFNSWG,0,8,0.0,0.0,0.0,0.0,0.125,0.125,0.0,0.0,0.0,0.0,0.0,0.125,0.125,0.0,0.125,0.25,0.0,0.0,0.125,0.0,0.7600916142893016,-1.2125000000000001,950.0083999999999,0.2674942573942586,0.2674942573942586
2682,neg_1467,QADPKTFYGLM,0,11,0.09090909090909091,0.0,0.09090909090909091,0.0,0.09090909090909091,0.09090909090909091,0.0,0.0,0.09090909090909091,0.09090909090909091,0.09090909090909091,0.0,0.09090909090909091,0.09090909090909091,0.0,0.0,0.09090909090909091,0.0,0.0,0.09090909090909091,-0.24077562686885456,-0.4181818181818182,1270.4531,0.28746438135915836,0.28746438135915836
2683,neg_1469,LAEQAERYEEMVEFMEK,0,17,0.11764705882352941,0.0,0.0,0.35294117647058826,0.058823529411764705,0.0,0.0,0.0,0.058823529411764705,0.058823529411764705,0.11764705882352941,0.0,0.0,0.058823529411764705,0.058823529411764705,0.0,0.0,0.058823529411764705,0.0,0.058823529411764705,-4.225043615869438,-0.9411764705882353,2132.3699,0.039968891958349,0.039968891958349
2684,neg_1470,DEVKIVLD,0,8,0.0,0.0,0.25,0.125,0.0,0.0,0.0,0.125,0.125,0.125,0.0,0.0,0.0,0.0,0.0,0.0,0.0,0.25,0.0,0.0,-2.2326645013494955,0.28750000000000003,930.0536,0.7507505101248144,0.7507505101248144
2685,neg_1471,DGYTPRL,0,7,0.0,0.0,0.14285714285714285,0.0,0.0,0.14285714285714285,0.0,0.0,0.0,0.14285714285714285,0.0,0.0,0.14285714285714285,0.0,0.14285714285714285,0.0,0.14285714285714285,0.0,0.0,0.14285714285714285,-0.23978662576985488,-1.1714285714285715,820.8896,0.8383472625461654,0.8383472625461654
2686,neg_1472,GFGSLLGKALKIGTNLL,0,17,0.058823529411764705,0.0,0.0,0.0,0.058823529411764705,0.23529411764705882,0.0,0.058823529411764705,0.11764705882352941,0.29411764705882354,0.0,0.058823529411764705,0.0,0.0,0.0,0.058823529411764705,0.058823529411764705,0.0,0.0,0.0,1.758103612191301,0.8058823529411764,1702.0462,0.02068455400173232,0.02068455400173232
2687,neg_1473,METTNESLGYTDQIIGPVLD,0,20,0.0,0.0,0.1,0.1,0.0,0.1,0.0,0.1,0.0,0.1,0.05,0.05,0.05,0.05,0.0,0.05,0.15,0.05,0.0,0.05,-4.489600966024243,-0.24500000000000002,2196.3873,0.009925114612248116,0.009925114612248116
2688,neg_1474,SIYERCELARELINR,0,15,0.06666666666666667,0.06666666666666667,0.0,0.2,0.0,0.0,0.0,0.13333333333333333,0.0,0.13333333333333333,0.0,0.06666666666666667,0.0,0.0,0.2,0.06666666666666667,0.0,0.0,0.0,0.06666666666666667,-0.5423521456607845,-0.5800000000000001,1865.1187,0.02762931869428589,0.02762931869428589
2689,neg_1475,QIPWFHR,0,7,0.0,0.0,0.0,0.0,0.14285714285714285,0.0,0.14285714285714285,0.14285714285714285,0.0,0.0,0.0,0.0,0.14285714285714285,0.14285714285714285,0.14285714285714285,0.0,0.0,0.0,0.14285714285714285,0.0,0.8472658025438885,-0.9142857142857144,983.1259999999999,0.7271007275094818,0.7271007275094818
2690,neg_1476,VDKGSYLPRPTPPRPIYNRN,0,20,0.0,0.0,0.05,0.0,0.0,0.05,0.0,0.05,0.05,0.05,0.0,0.1,0.25,0.0,0.15,0.05,0.05,0.05,0.0,0.1,2.7320821481979913,-1.395,2340.6384,0.0024720308741407737,0.0024720308741407737
2691,neg_1477,ADDKNPLEECFCEDDDYCEG,0,20,0.05,0.15,0.25,0.2,0.05,0.05,0.0,0.0,0.05,0.05,0.0,0.05,0.05,0.0,0.0,0.0,0.0,0.0,0.0,0.05,-8.21898073184888,-1.315,2310.3609,0.003126895211473526,0.003126895211473526
2692,neg_1478,AAKIKKGDNVVVLTG,0,15,0.13333333333333333,0.0,0.06666666666666667,0.0,0.0,0.13333333333333333,0.0,0.06666666666666667,0.2,0.06666666666666667,0.0,0.06666666666666667,0.0,0.0,0.0,0.0,0.06666666666666667,0.2,0.0,0.0,1.7939983457969293,0.28666666666666674,1512.7927,0.10914649841288988,0.10914649841288988
2693,neg_1479,LPTGPNNPTTLDNSSII,0,17,0.0,0.0,0.058823529411764705,0.0,0.0,0.058823529411764705,0.0,0.11764705882352941,0.0,0.11764705882352941,0.0,0.17647058823529413,0.17647058823529413,0.0,0.0,0.11764705882352941,0.17647058823529413,0.0,0.0,0.0,-1.2387776248708526,-0.37058823529411766,1753.9041,0.02581742451832086,0.02581742451832086
2694,neg_1480,SDRNFLRF,0,8,0.0,0.0,0.125,0.0,0.25,0.0,0.0,0.0,0.0,0.125,0.0,0.125,0.0,0.0,0.25,0.125,0.0,0.0,0.0,0.0,0.4612472203574416,-0.925,1054.1592,0.09437193031613308,0.09437193031613308
2695,neg_1481,AVREYHWFVE,0,10,0.1,0.0,0.0,0.2,0.1,0.0,0.1,0.0,0.0,0.0,0.0,0.0,0.0,0.0,0.1,0.0,0.0,0.2,0.1,0.1,-1.1071020210764178,-0.39,1335.4651,0.712016463824405,0.712016463824405
2696,neg_1482,QHWSHDWKPG,0,10,0.0,0.0,0.1,0.0,0.0,0.1,0.2,0.0,0.1,0.0,0.0,0.0,0.1,0.1,0.0,0.1,0.0,0.0,0.2,0.0,-0.0654282493606797,-2.1900000000000004,1277.3464,0.5229103350204185,0.5229103350204185
2697,neg_1483,VVGGAECKIDGHRCLALLY,0,19,0.10526315789473684,0.10526315789473684,0.05263157894736842,0.05263157894736842,0.0,0.15789473684210525,0.05263157894736842,0.05263157894736842,0.05263157894736842,0.15789473684210525,0.0,0.0,0.0,0.0,0.05263157894736842,0.0,0.0,0.10526315789473684,0.0,0.05263157894736842,-0.1967161809732283,0.6210526315789473,2017.3750999999997,0.015028712596867276,0.015028712596867276
2698,neg_1484,VRDAYIAEDYDCVYHCARDA,0,20,0.2,0.1,0.2,0.05,0.0,0.0,0.05,0.05,0.0,0.0,0.0,0.0,0.0,0.0,0.1,0.0,0.0,0.1,0.0,0.15,-3.194362899052697,-0.425,2348.5262,0.0037750548176596088,0.0037750548176596088
2699,neg_1485,GDGTGPGPGP,0,10,0.0,0.0,0.1,0.0,0.0,0.5,0.0,0.0,0.0,0.0,0.0,0.0,0.3,0.0,0.0,0.0,0.1,0.0,0.0,0.0,-1.2387776248708526,-1.1,810.8086999999999,0.7739841961634658,0.7739841961634658
2700,neg_1486,HYQEVPRQIQEKLIKGQ,0,17,0.0,0.0,0.0,0.11764705882352941,0.0,0.058823529411764705,0.058823529411764705,0.11764705882352941,0.11764705882352941,0.058823529411764705,0.0,0.0,0.058823529411764705,0.23529411764705882,0.058823529411764705,0.0,0.0,0.058823529411764705,0.0,0.058823529411764705,0.8498897234933063,-1.3411764705882354,2094.3732,0.0441463314862249,0.0441463314862249
2701,neg_1487,QSSFHSWG,0,8,0.0,0.0,0.0,0.0,0.125,0.125,0.125,0.0,0.0,0.0,0.0,0.0,0.0,0.125,0.0,0.375,0.0,0.0,0.125,0.0,-0.15272419755611044,-0.9500000000000001,934.9507000000001,0.4919952686052134,0.4919952686052134
2702,neg_1488,CCTPFYFCCNN,0,11,0.0,0.36363636363636365,0.0,0.0,0.18181818181818182,0.0,0.0,0.0,0.0,0.0,0.0,0.18181818181818182,0.09090909090909091,0.0,0.0,0.0,0.09090909090909091,0.0,0.0,0.09090909090909091,-0.28050134720573794,0.45454545454545453,1314.532,0.06420888231397587,0.06420888231397587
2703,neg_1489,KMLGVVAKKPMSDYE,0,15,0.06666666666666667,0.0,0.06666666666666667,0.06666666666666667,0.0,0.06666666666666667,0.0,0.0,0.2,0.06666666666666667,0.13333333333333333,0.0,0.06666666666666667,0.0,0.0,0.06666666666666667,0.0,0.13333333333333333,0.0,0.06666666666666667,0.7652741128738438,-0.3333333333333333,1696.0401000000002,0.06328987997163922,0.06328987997163922
2704,neg_1491,TRRFDDVLDEVKGFFEVH,0,18,0.0,0.0,0.16666666666666666,0.1111111111111111,0.16666666666666666,0.05555555555555555,0.05555555555555555,0.0,0.05555555555555555,0.05555555555555555,0.0,0.0,0.0,0.0,0.1111111111111111,0.0,0.05555555555555555,0.16666666666666666,0.0,0.0,-2.506665011411834,-0.55,2209.4157,0.003954442917729608,0.003954442917729608
2705,neg_1492,SDAVADGDHAISGVVDS,0,17,0.17647058823529413,0.0,0.23529411764705882,0.0,0.0,0.11764705882352941,0.058823529411764705,0.058823529411764705,0.0,0.0,0.0,0.0,0.0,0.0,0.0,0.17647058823529413,0.0,0.17647058823529413,0.0,0.0,-4.448196308768436,0.12352941176470592,1614.623,0.05406755323406703,0.05406755323406703
2706,neg_1493,GLGNNAFLGVR,0,11,0.09090909090909091,0.0,0.0,0.0,0.09090909090909091,0.2727272727272727,0.0,0.0,0.0,0.18181818181818182,0.0,0.18181818181818182,0.0,0.0,0.09090909090909091,0.0,0.0,0.09090909090909091,0.0,0.0,0.7600916142893016,0.33636363636363636,1117.258,0.3271439597436638,0.3271439597436638
2707,neg_1495,LSLHEYMSMELLQEAGVSIP,0,20,0.05,0.0,0.0,0.15,0.0,0.05,0.05,0.05,0.0,0.2,0.1,0.0,0.05,0.05,0.0,0.15,0.0,0.05,0.0,0.05,-3.1452918126354805,0.32999999999999996,2247.5863,0.009919002150639811,0.009919002150639811
2708,neg_1496,MIFNDLIGNNNIGD,0,14,0.0,0.0,0.14285714285714285,0.0,0.07142857142857142,0.14285714285714285,0.0,0.21428571428571427,0.0,0.07142857142857142,0.07142857142857142,0.2857142857142857,0.0,0.0,0.0,0.0,0.0,0.0,0.0,0.0,-2.4942228889716627,0.01428571428571425,1549.7033,0.0340813879259678,0.0340813879259678
2709,neg_1497,ALLHHGLNCAKGVLA,0,15,0.2,0.06666666666666667,0.0,0.0,0.0,0.13333333333333333,0.13333333333333333,0.0,0.06666666666666667,0.26666666666666666,0.0,0.06666666666666667,0.0,0.0,0.0,0.0,0.0,0.06666666666666667,0.0,0.0,0.95932297326525,0.8466666666666666,1516.8094,0.17313920109786932,0.17313920109786932
2710,neg_1498,QKKDKKDRFYGLM,0,13,0.0,0.0,0.15384615384615385,0.0,0.07692307692307693,0.07692307692307693,0.0,0.0,0.3076923076923077,0.07692307692307693,0.07692307692307693,0.0,0.0,0.07692307692307693,0.07692307692307693,0.0,0.0,0.0,0.0,0.07692307692307693,2.757338131173986,-1.830769230769231,1656.9461,0.02834798563525599,0.02834798563525599
2711,neg_1499,MKNSVAEH,0,8,0.125,0.0,0.0,0.125,0.0,0.0,0.125,0.0,0.125,0.0,0.125,0.125,0.0,0.0,0.0,0.125,0.0,0.125,0.0,0.0,-0.4106596632298589,-0.875,915.0256999999999,0.868176315059486,0.868176315059486
2712,neg_1500,GANDFMRF,0,8,0.125,0.0,0.125,0.0,0.25,0.125,0.0,0.0,0.0,0.0,0.125,0.125,0.0,0.0,0.125,0.0,0.0,0.0,0.0,0.0,-0.2387876247708538,-0.32500000000000007,957.0638000000001,0.19115831714119433,0.19115831714119433
2713,neg_1501,FKSLTKYSPGRQN,0,13,0.0,0.0,0.0,0.0,0.07692307692307693,0.07692307692307693,0.0,0.0,0.15384615384615385,0.07692307692307693,0.0,0.07692307692307693,0.07692307692307693,0.07692307692307693,0.07692307692307693,0.15384615384615385,0.07692307692307693,0.0,0.0,0.07692307692307693,2.757094611292299,-1.4076923076923078,1525.7069999999999,0.06652121022981305,0.06652121022981305
2714,neg_1502,MRNYSFGL,0,8,0.0,0.0,0.0,0.0,0.125,0.125,0.0,0.0,0.0,0.125,0.125,0.125,0.0,0.0,0.125,0.125,0.0,0.0,0.0,0.125,0.4993456866423429,-0.25000000000000006,987.1328000000001,0.4327716083080069,0.4327716083080069
2715,neg_1503,AMPMLRL,0,7,0.14285714285714285,0.0,0.0,0.0,0.0,0.0,0.0,0.0,0.0,0.2857142857142857,0.2857142857142857,0.0,0.14285714285714285,0.0,0.14285714285714285,0.0,0.0,0.0,0.0,0.0,0.7958645879540859,1.0142857142857142,831.1012999999999,0.6294697109671898,0.6294697109671898
2716,neg_1504,EAAGLIPFPRVG,0,12,0.16666666666666666,0.0,0.0,0.08333333333333333,0.08333333333333333,0.16666666666666666,0.0,0.08333333333333333,0.0,0.08333333333333333,0.0,0.0,0.16666666666666666,0.0,0.08333333333333333,0.0,0.0,0.08333333333333333,0.0,0.0,-0.1631823812020079,0.575,1226.4237999999998,0.31845082361431504,0.31845082361431504
2717,neg_1505,RGSNLTHPLRNI,0,12,0.0,0.0,0.0,0.0,0.0,0.08333333333333333,0.08333333333333333,0.08333333333333333,0.0,0.16666666666666666,0.0,0.16666666666666666,0.08333333333333333,0.0,0.16666666666666666,0.08333333333333333,0.08333333333333333,0.0,0.0,0.0,1.847255802643888,-0.8833333333333334,1377.5517,0.17015104327846092,0.17015104327846092
2718,neg_1506,GPSSGFFGMR,0,10,0.0,0.0,0.0,0.0,0.2,0.3,0.0,0.0,0.0,0.0,0.1,0.0,0.1,0.0,0.1,0.2,0.0,0.0,0.0,0.0,0.7600916142893016,-0.14000000000000007,1042.1683,0.13177930156745965,0.13177930156745965
2719,neg_1507,ASGQDFMRF,0,9,0.1111111111111111,0.0,0.1111111111111111,0.0,0.2222222222222222,0.1111111111111111,0.0,0.0,0.0,0.0,0.1111111111111111,0.0,0.0,0.1111111111111111,0.1111111111111111,0.1111111111111111,0.0,0.0,0.0,0.0,-0.20301465110606953,-0.3777777777777778,1058.1677,0.1470625046003619,0.1470625046003619
2720,neg_1508,GGETGNDAKAMWFGPRL,0,17,0.11764705882352941,0.0,0.058823529411764705,0.058823529411764705,0.058823529411764705,0.23529411764705882,0.0,0.0,0.058823529411764705,0.058823529411764705,0.058823529411764705,0.058823529411764705,0.058823529411764705,0.0,0.058823529411764705,0.0,0.058823529411764705,0.0,0.058823529411764705,0.0,-0.2369761637966441,-0.6823529411764706,1806.9947000000002,0.019243244561204107,0.019243244561204107
2721,neg_1509,QRWPSPK,0,7,0.0,0.0,0.0,0.0,0.0,0.0,0.0,0.0,0.14285714285714285,0.0,0.0,0.0,0.2857142857142857,0.14285714285714285,0.14285714285714285,0.14285714285714285,0.0,0.0,0.14285714285714285,0.0,1.759092613290301,-2.4,898.0201,0.6978566816946684,0.6978566816946684
2722,neg_1510,GPSSGFFGTR,0,10,0.0,0.0,0.0,0.0,0.2,0.3,0.0,0.0,0.0,0.0,0.0,0.0,0.1,0.0,0.1,0.2,0.1,0.0,0.0,0.0,0.7600916142893016,-0.4000000000000001,1012.0762,0.17755767971390124,0.17755767971390124
2723,neg_1511,DPGFSSWG,0,8,0.0,0.0,0.125,0.0,0.125,0.25,0.0,0.0,0.0,0.0,0.0,0.0,0.125,0.0,0.0,0.25,0.0,0.0,0.125,0.0,-1.2387776248708526,-0.7000000000000001,851.8588,0.32474369870631975,0.32474369870631975
2724,neg_1512,TKTEGSFLAEGGGVR,0,15,0.06666666666666667,0.0,0.0,0.13333333333333333,0.06666666666666667,0.26666666666666666,0.0,0.0,0.06666666666666667,0.06666666666666667,0.0,0.0,0.0,0.0,0.06666666666666667,0.06666666666666667,0.13333333333333333,0.06666666666666667,0.0,0.0,-0.5971914825859534,-0.44,1508.6318999999999,0.1266926915752082,0.1266926915752082
2725,neg_1514,FFVPPAFFPP,0,10,0.1,0.0,0.0,0.0,0.4,0.0,0.0,0.0,0.0,0.0,0.0,0.0,0.4,0.0,0.0,0.0,0.0,0.1,0.0,0.0,-0.23989838581069733,1.0799999999999998,1165.3802,0.14796334056655727,0.14796334056655727
2726,neg_1515,FLAKKVAKKLVSHVAQKQLE,0,20,0.15,0.0,0.0,0.05,0.05,0.0,0.05,0.0,0.25,0.15,0.0,0.0,0.0,0.1,0.0,0.05,0.0,0.15,0.0,0.0,3.8503285391895856,-0.09,2265.7391,0.004640455337077302,0.004640455337077302
2727,neg_1516,GKPNRPRPAPIQPRPPHPRL,0,20,0.05,0.0,0.0,0.0,0.0,0.05,0.05,0.05,0.05,0.05,0.0,0.05,0.4,0.05,0.2,0.0,0.0,0.0,0.0,0.0,4.846236801844884,-1.7600000000000002,2281.6675,0.0032417928265838923,0.0032417928265838923
2728,neg_1519,DNSCTPKPSCFF,0,12,0.0,0.16666666666666666,0.08333333333333333,0.0,0.16666666666666666,0.0,0.0,0.0,0.08333333333333333,0.0,0.0,0.08333333333333333,0.16666666666666666,0.0,0.0,0.16666666666666666,0.08333333333333333,0.0,0.0,0.0,-0.2595786060678731,-0.4833333333333334,1345.4999,0.03296361691434849,0.03296361691434849
2729,neg_1520,AEIDFSGIPEDIIKQI,0,16,0.0625,0.0,0.125,0.125,0.0625,0.0625,0.0,0.3125,0.0625,0.0,0.0,0.0,0.0625,0.0625,0.0,0.0625,0.0,0.0,0.0,0.0,-3.1972619673188047,0.18125,1788.0031,0.020596680194198337,0.020596680194198337
2730,neg_1522,LRPDDLSDT,0,9,0.0,0.0,0.3333333333333333,0.0,0.0,0.0,0.0,0.0,0.0,0.2222222222222222,0.0,0.0,0.1111111111111111,0.0,0.1111111111111111,0.1111111111111111,0.1111111111111111,0.0,0.0,0.0,-2.2365461028911646,-1.1666666666666667,1031.0748,0.2548268346230885,0.2548268346230885
2731,neg_1523,KDFCHLPPKPGPCRAAI,0,17,0.11764705882352941,0.11764705882352941,0.058823529411764705,0.0,0.058823529411764705,0.058823529411764705,0.058823529411764705,0.058823529411764705,0.11764705882352941,0.058823529411764705,0.0,0.0,0.23529411764705882,0.0,0.058823529411764705,0.0,0.0,0.0,0.0,0.0,1.826586581287712,-0.35882352941176476,1850.2150000000001,0.01129379121312159,0.01129379121312159
2732,neg_1524,SDPEVPGMWFGPRL,0,14,0.0,0.0,0.07142857142857142,0.07142857142857142,0.07142857142857142,0.14285714285714285,0.0,0.0,0.0,0.07142857142857142,0.07142857142857142,0.0,0.21428571428571427,0.0,0.07142857142857142,0.07142857142857142,0.0,0.07142857142857142,0.07142857142857142,0.0,-1.5359323177693471,-0.4357142857142858,1587.7961999999998,0.061586149546995754,0.061586149546995754
2733,neg_1526,GLLSSLGLNL,0,10,0.0,0.0,0.0,0.0,0.0,0.2,0.0,0.0,0.0,0.5,0.0,0.1,0.0,0.0,0.0,0.2,0.0,0.0,0.0,0.0,-0.23989838581069733,1.31,986.1631,0.38803586809001817,0.38803586809001817
2734,neg_1527,GFGALFKFL,0,9,0.1111111111111111,0.0,0.0,0.0,0.3333333333333333,0.2222222222222222,0.0,0.0,0.1111111111111111,0.2222222222222222,0.0,0.0,0.0,0.0,0.0,0.0,0.0,0.0,0.0,0.0,0.7591026131903019,1.4555555555555555,999.2047,0.1723915380284756,0.1723915380284756
