row_id,split,header,sequence,source,length,label,header_label,header_label_available,header_label_consistent,valid_standard_amino_acids,duplicated_within_split,cross_split_exact_overlap,conflicting_label_anywhere,aodb_protein_substring
row_00000,development,pos_0,FLQL,remaining_positive,4,1,1.0,True,True,True,False,False,False,True
row_00001,development,pos_1,ECA,remaining_positive,3,1,1.0,True,True,True,False,False,False,True
row_00002,development,pos_2,YQEPVLGP,remaining_positive,8,1,1.0,True,True,True,False,False,False,True
row_00003,development,pos_3,LWD,remaining_positive,3,1,1.0,True,True,True,False,False,False,True
row_00004,development,pos_4,LANAK,remaining_positive,5,1,1.0,True,True,True,False,False,False,False
row_00005,development,pos_5,VTGRFAGHPAAQ,remaining_positive,12,1,1.0,True,True,True,False,False,False,False
row_00006,development,pos_6,YLYP,remaining_positive,4,1,1.0,True,True,True,False,False,False,False
row_00007,development,pos_7,AGLQFPVGR,remaining_positive,9,1,1.0,True,True,True,False,False,False,False
row_00008,development,pos_8,VVLYR,remaining_positive,5,1,1.0,True,True,True,False,False,False,False
row_00009,development,pos_9,AMRLTGNRPGLYAT,remaining_positive,14,1,1.0,True,True,True,False,False,False,False
row_00010,development,pos_10,YFYP,remaining_positive,4,1,1.0,True,True,True,False,False,False,True
row_00011,development,pos_11,PSLPA,remaining_positive,5,1,1.0,True,True,True,False,False,False,True
row_00012,development,pos_12,VIPMGL,remaining_positive,6,1,1.0,True,True,True,False,False,False,False
row_00013,development,pos_13,PHN,remaining_positive,3,1,1.0,True,True,True,False,False,False,True
row_00014,development,pos_14,TYQTF,remaining_positive,5,1,1.0,True,True,True,False,False,False,False
row_00015,development,pos_15,VLVPK,remaining_positive,5,1,1.0,True,True,True,False,False,False,False
row_00016,development,pos_16,EFIQ,remaining_positive,4,1,1.0,True,True,True,False,False,False,False
row_00017,development,pos_17,YLL,remaining_positive,3,1,1.0,True,True,True,False,False,False,True
row_00018,development,pos_18,PAEGPA,remaining_positive,6,1,1.0,True,True,True,False,False,False,False
row_00019,development,pos_19,LWS,remaining_positive,3,1,1.0,True,True,True,False,False,False,True
row_00020,development,pos_20,PVDENDEG,remaining_positive,8,1,1.0,True,True,True,False,False,False,False
row_00021,development,pos_22,EPVLGPVRGPFPI,remaining_positive,13,1,1.0,True,True,True,False,False,False,True
row_00022,development,pos_23,LGLNGDDVN,remaining_positive,9,1,1.0,True,True,True,False,False,False,False
row_00023,development,pos_24,AMRLTYNRPGLYAT,remaining_positive,14,1,1.0,True,True,True,False,False,False,False
row_00024,development,pos_25,LWN,remaining_positive,3,1,1.0,True,True,True,False,False,False,True
row_00025,development,pos_26,GGVLPNINPVL,remaining_positive,11,1,1.0,True,True,True,False,False,False,False
row_00026,development,pos_27,IQYVLSR,remaining_positive,7,1,1.0,True,True,True,False,False,False,False
row_00027,development,pos_28,REGAAPGAA,remaining_positive,9,1,1.0,True,True,True,False,False,False,False
row_00028,development,pos_29,YRGGLEPINF,remaining_positive,10,1,1.0,True,True,True,False,False,False,False
row_00029,development,pos_31,PHS,remaining_positive,3,1,1.0,True,True,True,False,False,False,True
row_00030,development,pos_32,AHH,remaining_positive,3,1,1.0,True,True,True,False,False,False,True
row_00031,development,pos_33,KAQYPYV,remaining_positive,7,1,1.0,True,True,True,False,False,False,False
row_00032,development,pos_34,GAGLPGSRER,remaining_positive,10,1,1.0,True,True,True,False,False,False,False
row_00033,development,pos_35,PGVPWP,remaining_positive,6,1,1.0,True,True,True,False,False,False,False
row_00034,development,pos_36,FGF,remaining_positive,3,1,1.0,True,True,True,False,False,False,True
row_00035,development,pos_37,YGKHVAVHAR,remaining_positive,10,1,1.0,True,True,True,False,False,False,False
row_00036,development,pos_38,ESYHLPR,remaining_positive,7,1,1.0,True,True,True,False,False,False,False
row_00037,development,pos_40,PHK,remaining_positive,3,1,1.0,True,True,True,False,False,False,True
row_00038,development,pos_42,DLVKVEA,remaining_positive,7,1,1.0,True,True,True,False,False,False,False
row_00039,development,pos_43,WNMNAH,remaining_positive,6,1,1.0,True,True,True,False,False,False,False
row_00040,development,pos_44,AIEWEGIESGSVEQA,remaining_positive,15,1,1.0,True,True,True,False,False,False,False
row_00041,development,pos_46,WPP,remaining_positive,3,1,1.0,True,True,True,False,False,False,True
row_00042,development,pos_47,KYL,remaining_positive,3,1,1.0,True,True,True,False,False,False,True
row_00043,development,pos_48,LQGM,remaining_positive,4,1,1.0,True,True,True,False,False,False,True
row_00044,development,pos_49,VYPFPGPIPN,remaining_positive,10,1,1.0,True,True,True,False,False,False,True
row_00045,development,pos_50,KCHKP,remaining_positive,5,1,1.0,True,True,True,False,False,False,False
row_00046,development,pos_51,ISELWG,remaining_positive,6,1,1.0,True,True,True,False,False,False,False
row_00047,development,pos_53,MEPVW,remaining_positive,5,1,1.0,True,True,True,False,False,False,False
row_00048,development,pos_54,MYVVELMMSF,remaining_positive,10,1,1.0,True,True,True,False,False,False,False
row_00049,development,pos_55,YSY,remaining_positive,3,1,1.0,True,True,True,False,False,False,True
row_00050,development,pos_56,YLGYLE,remaining_positive,6,1,1.0,True,True,True,False,False,False,True
row_00051,development,pos_57,WLMSA,remaining_positive,5,1,1.0,True,True,True,False,False,False,False
row_00052,development,pos_58,HDHPVC,remaining_positive,6,1,1.0,True,True,True,False,False,False,False
row_00053,development,pos_59,AGWNI,remaining_positive,5,1,1.0,True,True,True,False,False,False,False
row_00054,development,pos_60,QLNEPDNRLQ,remaining_positive,10,1,1.0,True,True,True,False,False,False,False
row_00055,development,pos_61,FLLPH,remaining_positive,5,1,1.0,True,True,True,False,False,False,False
row_00056,development,pos_62,LYTPH,remaining_positive,5,1,1.0,True,True,True,False,False,False,False
row_00057,development,pos_64,ERF,remaining_positive,3,1,1.0,True,True,True,False,False,False,True
row_00058,development,pos_65,YYI,remaining_positive,3,1,1.0,True,True,True,False,False,False,True
row_00059,development,pos_66,DHG,remaining_positive,3,1,1.0,True,True,True,False,False,False,True
row_00060,development,pos_67,AFGPE,remaining_positive,5,1,1.0,True,True,True,False,False,False,True
row_00061,development,pos_68,RDKVYR,remaining_positive,6,1,1.0,True,True,True,False,False,False,False
row_00062,development,pos_69,QQRQQQGL,remaining_positive,8,1,1.0,True,True,True,False,False,False,False
row_00063,development,pos_70,YKY,remaining_positive,3,1,1.0,True,True,True,False,False,False,True
row_00064,development,pos_71,CQC,remaining_positive,3,1,1.0,True,True,True,False,False,False,True
row_00065,development,pos_72,FEQL,remaining_positive,4,1,1.0,True,True,True,False,False,False,True
row_00066,development,pos_73,DEDTQAMP,remaining_positive,8,1,1.0,True,True,True,False,False,False,False
row_00067,development,pos_74,CSGD,remaining_positive,4,1,1.0,True,True,True,False,False,False,True
row_00068,development,pos_75,GAPGPAGQVGAP,remaining_positive,12,1,1.0,True,True,True,False,False,False,False
row_00069,development,pos_76,KTFCGRH,remaining_positive,7,1,1.0,True,True,True,False,False,False,False
row_00070,development,pos_77,DHH,remaining_positive,3,1,1.0,True,True,True,False,False,False,True
row_00071,development,pos_78,RYLG,remaining_positive,4,1,1.0,True,True,True,False,False,False,True
row_00072,development,pos_79,WSVPQPK,remaining_positive,7,1,1.0,True,True,True,False,False,False,False
row_00073,development,pos_81,GHH,remaining_positive,3,1,1.0,True,True,True,False,False,False,True
row_00074,development,pos_82,LTEQESGVPVMK,remaining_positive,12,1,1.0,True,True,True,False,False,False,False
row_00075,development,pos_83,SYY,remaining_positive,3,1,1.0,True,True,True,False,False,False,True
row_00076,development,pos_85,RYPS,remaining_positive,4,1,1.0,True,True,True,False,False,False,False
row_00077,development,pos_86,LLPHHH,remaining_positive,6,1,1.0,True,True,True,False,False,False,False
row_00078,development,pos_87,GWNIP,remaining_positive,5,1,1.0,True,True,True,False,False,False,False
row_00079,development,pos_88,VSYT,remaining_positive,4,1,1.0,True,True,True,False,False,False,True
row_00080,development,pos_89,KPKL,remaining_positive,4,1,1.0,True,True,True,False,False,False,True
row_00081,development,pos_90,RHL,remaining_positive,3,1,1.0,True,True,True,False,False,False,True
row_00082,development,pos_91,IVEYF,remaining_positive,5,1,1.0,True,True,True,False,False,False,False
row_00083,development,pos_92,AMRLTGNRPCLGAT,remaining_positive,14,1,1.0,True,True,True,False,False,False,False
row_00084,development,pos_93,YGLN,remaining_positive,4,1,1.0,True,True,True,False,False,False,True
row_00085,development,pos_94,LVPK,remaining_positive,4,1,1.0,True,True,True,False,False,False,True
row_00086,development,pos_95,AMRLTGNRPCIYAT,remaining_positive,14,1,1.0,True,True,True,False,False,False,False
row_00087,development,pos_96,RWAEK,remaining_positive,5,1,1.0,True,True,True,False,False,False,False
row_00088,development,pos_97,FWIIE,remaining_positive,5,1,1.0,True,True,True,False,False,False,False
row_00089,development,pos_98,PPHMLP,remaining_positive,6,1,1.0,True,True,True,False,False,False,False
row_00090,development,pos_99,YLLLK,remaining_positive,5,1,1.0,True,True,True,False,False,False,False
row_00091,development,pos_100,VKL,remaining_positive,3,1,1.0,True,True,True,False,False,False,True
row_00092,development,pos_101,MPACGSS,remaining_positive,7,1,1.0,True,True,True,False,False,False,False
row_00093,development,pos_102,YDY,remaining_positive,3,1,1.0,True,True,True,False,False,False,True
row_00094,development,pos_104,SQW,remaining_positive,3,1,1.0,True,True,True,False,False,False,True
row_00095,development,pos_105,LHK,remaining_positive,3,1,1.0,True,True,True,False,False,False,True
row_00096,development,pos_106,LLNDEVKEGQ,remaining_positive,10,1,1.0,True,True,True,False,False,False,False
row_00097,development,pos_107,PHW,remaining_positive,3,1,1.0,True,True,True,False,False,False,True
row_00098,development,pos_108,RPSYT,remaining_positive,5,1,1.0,True,True,True,False,False,False,False
row_00099,development,pos_109,SYPTECRMR,remaining_positive,9,1,1.0,True,True,True,False,False,False,False
row_00100,development,pos_110,TPSPR,remaining_positive,5,1,1.0,True,True,True,False,False,False,False
row_00101,development,pos_111,YQIGL,remaining_positive,5,1,1.0,True,True,True,False,False,False,False
row_00102,development,pos_112,FDTADLPSGKGYL,remaining_positive,13,1,1.0,True,True,True,False,False,False,True
row_00103,development,pos_113,EAK,remaining_positive,3,1,1.0,True,True,True,False,False,False,True
row_00104,development,pos_114,VLLHLK,remaining_positive,6,1,1.0,True,True,True,False,False,False,False
row_00105,development,pos_115,TVFDGELR,remaining_positive,8,1,1.0,True,True,True,False,False,False,False
row_00106,development,pos_116,DIDDLELTLAK,remaining_positive,11,1,1.0,True,True,True,False,False,False,False
row_00107,development,pos_117,PYPQ,remaining_positive,4,1,1.0,True,True,True,False,False,False,True
row_00108,development,pos_118,NPYVPR,remaining_positive,6,1,1.0,True,True,True,False,False,False,False
row_00109,development,pos_120,VLVSGSIHYPR,remaining_positive,11,1,1.0,True,True,True,False,False,False,False
row_00110,development,pos_121,EAGPSIVHR,remaining_positive,9,1,1.0,True,True,True,False,False,False,False
row_00111,development,pos_122,YAVT,remaining_positive,4,1,1.0,True,True,True,False,False,False,True
row_00112,development,pos_123,DLGLGLPGAH,remaining_positive,10,1,1.0,True,True,True,False,False,False,False
row_00113,development,pos_124,FPFPRPPHQ,remaining_positive,9,1,1.0,True,True,True,False,False,False,False
row_00114,development,pos_125,HQP,remaining_positive,3,1,1.0,True,True,True,False,False,False,True
row_00115,development,pos_126,FD,remaining_positive,2,1,1.0,True,True,True,False,False,False,True
row_00116,development,pos_127,SVYT,remaining_positive,4,1,1.0,True,True,True,False,False,False,True
row_00117,development,pos_128,ALPMHIR,remaining_positive,7,1,1.0,True,True,True,False,False,False,False
row_00118,development,pos_129,RWT,remaining_positive,3,1,1.0,True,True,True,False,False,False,True
row_00119,development,pos_130,RYL,remaining_positive,3,1,1.0,True,True,True,False,False,False,True
row_00120,development,pos_131,NHRYDR,remaining_positive,6,1,1.0,True,True,True,False,False,False,False
row_00121,development,pos_132,WHMHKTF,remaining_positive,7,1,1.0,True,True,True,False,False,False,False
row_00122,development,pos_133,EEKNPKATE,remaining_positive,9,1,1.0,True,True,True,False,False,False,False
row_00123,development,pos_134,PHQ,remaining_positive,3,1,1.0,True,True,True,False,False,False,True
row_00124,development,pos_136,IIENGEKWS,remaining_positive,9,1,1.0,True,True,True,False,False,False,False
row_00125,development,pos_137,GTQY,remaining_positive,4,1,1.0,True,True,True,False,False,False,True
row_00126,development,pos_138,YGGFM,remaining_positive,5,1,1.0,True,True,True,False,False,False,False
row_00127,development,pos_140,AAGAAAAARSAGQCGR,remaining_positive,16,1,1.0,True,True,True,False,False,False,False
row_00128,development,pos_141,ADGF,remaining_positive,4,1,1.0,True,True,True,False,False,False,True
row_00129,development,pos_142,YWDAW,remaining_positive,5,1,1.0,True,True,True,False,False,False,False
row_00130,development,pos_143,VEP,remaining_positive,3,1,1.0,True,True,True,False,False,False,True
row_00131,development,pos_144,QEAE,remaining_positive,4,1,1.0,True,True,True,False,False,False,True
row_00132,development,pos_145,SPFWNINAHS,remaining_positive,10,1,1.0,True,True,True,False,False,False,False
row_00133,development,pos_146,YYDPL,remaining_positive,5,1,1.0,True,True,True,False,False,False,False
row_00134,development,pos_148,FPKYPVEPF,remaining_positive,9,1,1.0,True,True,True,False,False,False,True
row_00135,development,pos_149,VIESPPEINTVQ,remaining_positive,12,1,1.0,True,True,True,False,False,False,False
row_00136,development,pos_150,WV,remaining_positive,2,1,1.0,True,True,True,False,False,False,True
row_00137,development,pos_151,LHQ,remaining_positive,3,1,1.0,True,True,True,False,False,False,True
row_00138,development,pos_152,VGGRP,remaining_positive,5,1,1.0,True,True,True,False,False,False,True
row_00139,development,pos_153,FL,remaining_positive,2,1,1.0,True,True,True,False,False,False,True
row_00140,development,pos_154,LADGVAAPA,remaining_positive,9,1,1.0,True,True,True,False,False,False,False
row_00141,development,pos_155,VECYG,remaining_positive,5,1,1.0,True,True,True,False,False,False,False
row_00142,development,pos_156,HPH,remaining_positive,3,1,1.0,True,True,True,False,False,False,True
row_00143,development,pos_157,VLPVPQK,remaining_positive,7,1,1.0,True,True,True,False,False,False,True
row_00144,development,pos_158,QVVPYPQ,remaining_positive,7,1,1.0,True,True,True,False,False,False,False
row_00145,development,pos_159,VLNPWDQVKR,remaining_positive,10,1,1.0,True,True,True,False,False,False,False
row_00146,development,pos_160,FLPF,remaining_positive,4,1,1.0,True,True,True,False,False,False,True
row_00147,development,pos_161,DFTPVCTTELGR,remaining_positive,12,1,1.0,True,True,True,False,False,False,True
row_00148,development,pos_162,CGN,remaining_positive,3,1,1.0,True,True,True,False,False,False,True
row_00149,development,pos_163,LYPY,remaining_positive,4,1,1.0,True,True,True,False,False,False,False
row_00150,development,pos_164,PHF,remaining_positive,3,1,1.0,True,True,True,False,False,False,True
row_00151,development,pos_165,IESPPEIN,remaining_positive,8,1,1.0,True,True,True,False,False,False,False
row_00152,development,pos_166,EEYFPVGGDRPESF,remaining_positive,14,1,1.0,True,True,True,False,False,False,False
row_00153,development,pos_167,HWH,remaining_positive,3,1,1.0,True,True,True,False,False,False,True
row_00154,development,pos_168,LWG,remaining_positive,3,1,1.0,True,True,True,False,False,False,True
row_00155,development,pos_169,SPYCYG,remaining_positive,6,1,1.0,True,True,True,False,False,False,False
row_00156,development,pos_170,LHDELT,remaining_positive,6,1,1.0,True,True,True,False,False,False,False
row_00157,development,pos_171,SVW,remaining_positive,3,1,1.0,True,True,True,False,False,False,True
row_00158,development,pos_172,PWL,remaining_positive,3,1,1.0,True,True,True,False,False,False,True
row_00159,development,pos_173,SHNPF,remaining_positive,5,1,1.0,True,True,True,False,False,False,False
row_00160,development,pos_174,FGERR,remaining_positive,5,1,1.0,True,True,True,False,False,False,False
row_00161,development,pos_175,TGNLPGAAHPLLL,remaining_positive,13,1,1.0,True,True,True,False,False,False,False
row_00162,development,pos_177,RWWQLR,remaining_positive,6,1,1.0,True,True,True,False,False,False,False
row_00163,development,pos_178,YEA,remaining_positive,3,1,1.0,True,True,True,False,False,False,True
row_00164,development,pos_179,LPL,remaining_positive,3,1,1.0,True,True,True,False,False,False,True
row_00165,development,pos_180,YGFLP,remaining_positive,5,1,1.0,True,True,True,False,False,False,False
row_00166,development,pos_181,IGSLI,remaining_positive,5,1,1.0,True,True,True,False,False,False,False
row_00167,development,pos_182,IKGTIAGGGVIPH,remaining_positive,13,1,1.0,True,True,True,False,False,False,False
row_00168,development,pos_183,AWVDY,remaining_positive,5,1,1.0,True,True,True,False,False,False,False
row_00169,development,pos_184,VVFVDRL,remaining_positive,7,1,1.0,True,True,True,False,False,False,False
row_00170,development,pos_185,ADASVLPK,remaining_positive,8,1,1.0,True,True,True,False,False,False,False
row_00171,development,pos_186,DHW,remaining_positive,3,1,1.0,True,True,True,False,False,False,True
row_00172,development,pos_188,VEGNLQVLRPR,remaining_positive,11,1,1.0,True,True,True,False,False,False,False
row_00173,development,pos_189,LFV,remaining_positive,3,1,1.0,True,True,True,False,False,False,True
row_00174,development,pos_190,AYY,remaining_positive,3,1,1.0,True,True,True,False,False,False,True
row_00175,development,pos_191,TVQVTSTAV,remaining_positive,9,1,1.0,True,True,True,False,False,False,False
row_00176,development,pos_192,LHL,remaining_positive,3,1,1.0,True,True,True,False,False,False,True
row_00177,development,pos_193,QKW,remaining_positive,3,1,1.0,True,True,True,False,False,False,False
row_00178,development,pos_194,GY,remaining_positive,2,1,1.0,True,True,True,False,False,False,True
row_00179,development,pos_195,LYEGY,remaining_positive,5,1,1.0,True,True,True,False,False,False,False
row_00180,development,pos_196,LWHTH,remaining_positive,5,1,1.0,True,True,True,False,False,False,False
row_00181,development,pos_197,IREADIDGDGQVN,remaining_positive,13,1,1.0,True,True,True,False,False,False,False
row_00182,development,pos_198,VLDTGLAGA,remaining_positive,9,1,1.0,True,True,True,False,False,False,False
row_00183,development,pos_199,DVFRELRVQ,remaining_positive,9,1,1.0,True,True,True,False,False,False,False
row_00184,development,pos_202,SAEHGSLH,remaining_positive,8,1,1.0,True,True,True,False,False,False,False
row_00185,development,pos_203,LPYPY,remaining_positive,5,1,1.0,True,True,True,False,False,False,True
row_00186,development,pos_204,YPFVVN,remaining_positive,6,1,1.0,True,True,True,False,False,False,False
row_00187,development,pos_205,ASPAPAGLSY,remaining_positive,10,1,1.0,True,True,True,False,False,False,False
row_00188,development,pos_206,GVPFW,remaining_positive,5,1,1.0,True,True,True,False,False,False,False
row_00189,development,pos_207,IRGCRL,remaining_positive,6,1,1.0,True,True,True,False,False,False,False
row_00190,development,pos_208,YQL,remaining_positive,3,1,1.0,True,True,True,False,False,False,True
row_00191,development,pos_209,VEVLPPAEL,remaining_positive,9,1,1.0,True,True,True,False,False,False,False
row_00192,development,pos_210,NAPVSIPQ,remaining_positive,8,1,1.0,True,True,True,False,False,False,False
row_00193,development,pos_211,IPAGM,remaining_positive,5,1,1.0,True,True,True,False,False,False,False
row_00194,development,pos_212,KGVITQ,remaining_positive,6,1,1.0,True,True,True,False,False,False,False
row_00195,development,pos_213,VFPW,remaining_positive,4,1,1.0,True,True,True,False,False,False,False
row_00196,development,pos_214,VDTR,remaining_positive,4,1,1.0,True,True,True,False,False,False,True
row_00197,development,pos_215,WPL,remaining_positive,3,1,1.0,True,True,True,False,False,False,True
row_00198,development,pos_218,GKDAVIV,remaining_positive,7,1,1.0,True,True,True,False,False,False,False
row_00199,development,pos_220,RADHP,remaining_positive,5,1,1.0,True,True,True,False,False,False,False
row_00200,development,pos_221,EWPAQ,remaining_positive,5,1,1.0,True,True,True,False,False,False,False
row_00201,development,pos_222,FYY,remaining_positive,3,1,1.0,True,True,True,False,False,False,True
row_00202,development,pos_223,VGDI,remaining_positive,4,1,1.0,True,True,True,False,False,False,True
row_00203,development,pos_224,LPHSGY,remaining_positive,6,1,1.0,True,True,True,False,False,False,False
row_00204,development,pos_225,IDLAY,remaining_positive,5,1,1.0,True,True,True,False,False,False,False
row_00205,development,pos_226,VVALALI,remaining_positive,7,1,1.0,True,True,True,False,False,False,False
row_00206,development,pos_227,LGNTDYAVH,remaining_positive,9,1,1.0,True,True,True,False,False,False,False
row_00207,development,pos_228,GGIF,remaining_positive,4,1,1.0,True,True,True,False,False,False,False
row_00208,development,pos_229,VW,remaining_positive,2,1,1.0,True,True,True,False,False,False,True
row_00209,development,pos_230,LLGPGLTNHA,remaining_positive,10,1,1.0,True,True,True,False,False,False,False
row_00210,development,pos_231,YWY,remaining_positive,3,1,1.0,True,True,True,False,False,False,True
row_00211,development,pos_232,KD,remaining_positive,2,1,1.0,True,True,True,False,False,False,True
row_00212,development,pos_234,FSWF,remaining_positive,4,1,1.0,True,True,True,False,False,False,False
row_00213,development,pos_235,VFL,remaining_positive,3,1,1.0,True,True,True,False,False,False,True
row_00214,development,pos_236,VPSGK,remaining_positive,5,1,1.0,True,True,True,False,False,False,False
row_00215,development,pos_237,HGGEGGRPYHLGEES,remaining_positive,15,1,1.0,True,True,True,False,False,False,False
row_00216,development,pos_238,VSLPEW,remaining_positive,6,1,1.0,True,True,True,False,False,False,False
row_00217,development,pos_239,FVSACSVAG,remaining_positive,9,1,1.0,True,True,True,False,False,False,False
row_00218,development,pos_240,QAEP,remaining_positive,4,1,1.0,True,True,True,False,False,False,False
row_00219,development,pos_241,AGTGAGAGGGAGTKTSS,remaining_positive,17,1,1.0,True,True,True,False,False,False,False
row_00220,development,pos_242,YVL,remaining_positive,3,1,1.0,True,True,True,False,False,False,True
row_00221,development,pos_243,KEFLLAGNNNRA,remaining_positive,12,1,1.0,True,True,True,False,False,False,False
row_00222,development,pos_244,EFLQ,remaining_positive,4,1,1.0,True,True,True,False,False,False,True
row_00223,development,pos_245,WNIP,remaining_positive,4,1,1.0,True,True,True,False,False,False,False
row_00224,development,pos_246,VKEAMAPK,remaining_positive,8,1,1.0,True,True,True,False,False,False,True
row_00225,development,pos_247,SGAF,remaining_positive,4,1,1.0,True,True,True,False,False,False,False
row_00226,development,pos_248,MEMK,remaining_positive,4,1,1.0,True,True,True,False,False,False,True
row_00227,development,pos_249,QNGRFY,remaining_positive,6,1,1.0,True,True,True,False,False,False,False
row_00228,development,pos_250,YPW,remaining_positive,3,1,1.0,True,True,True,False,False,False,True
row_00229,development,pos_251,AEDKKLIQ,remaining_positive,8,1,1.0,True,True,True,False,False,False,False
row_00230,development,pos_252,APYMM,remaining_positive,5,1,1.0,True,True,True,False,False,False,False
row_00231,development,pos_253,WEN,remaining_positive,3,1,1.0,True,True,True,False,False,False,True
row_00232,development,pos_254,DW,remaining_positive,2,1,1.0,True,True,True,False,False,False,True
row_00233,development,pos_255,WY,remaining_positive,2,1,1.0,True,True,True,False,False,False,True
row_00234,development,pos_256,IKW,remaining_positive,3,1,1.0,True,True,True,False,False,False,True
row_00235,development,pos_257,NSKKTVD,remaining_positive,7,1,1.0,True,True,True,False,False,False,False
row_00236,development,pos_258,RHPHP,remaining_positive,5,1,1.0,True,True,True,False,False,False,False
row_00237,development,pos_259,SQSKVLPVPQKAVPYPQ,remaining_positive,17,1,1.0,True,True,True,False,False,False,True
row_00238,development,pos_260,FRDEHKK,remaining_positive,7,1,1.0,True,True,True,False,False,False,False
row_00239,development,pos_261,VGAPSVS,remaining_positive,7,1,1.0,True,True,True,False,False,False,False
row_00240,development,pos_262,EEGGSV,remaining_positive,6,1,1.0,True,True,True,False,False,False,False
row_00241,development,pos_263,YPFPGPIPN,remaining_positive,9,1,1.0,True,True,True,False,False,False,True
row_00242,development,pos_264,VTYDYYKN,remaining_positive,8,1,1.0,True,True,True,False,False,False,False
row_00243,development,pos_265,ARHPHPHLSFM,remaining_positive,11,1,1.0,True,True,True,False,False,False,False
row_00244,development,pos_266,DAQEKLE,remaining_positive,7,1,1.0,True,True,True,False,False,False,False
row_00245,development,pos_267,NAVPITPTL,remaining_positive,9,1,1.0,True,True,True,False,False,False,False
row_00246,development,pos_269,FVLPH,remaining_positive,5,1,1.0,True,True,True,False,False,False,True
row_00247,development,pos_270,IVAGPQ,remaining_positive,6,1,1.0,True,True,True,False,False,False,False
row_00248,development,pos_271,YPI,remaining_positive,3,1,1.0,True,True,True,False,False,False,True
row_00249,development,pos_272,VECYGPNRPQF,remaining_positive,11,1,1.0,True,True,True,False,False,False,False
row_00250,development,pos_273,LDIQKEV,remaining_positive,7,1,1.0,True,True,True,False,False,False,False
row_00251,development,pos_274,SLGGEMKQTAK,remaining_positive,11,1,1.0,True,True,True,False,False,False,False
row_00252,development,pos_275,TSQLLSDQ,remaining_positive,8,1,1.0,True,True,True,False,False,False,False
row_00253,development,pos_276,YGKPVAVPAR,remaining_positive,10,1,1.0,True,True,True,False,False,False,False
row_00254,development,pos_278,IPSEVLA,remaining_positive,7,1,1.0,True,True,True,False,False,False,False
row_00255,development,pos_279,EHH,remaining_positive,3,1,1.0,True,True,True,False,False,False,True
row_00256,development,pos_280,LPAGV,remaining_positive,5,1,1.0,True,True,True,False,False,False,False
row_00257,development,pos_281,AVPYPQR,remaining_positive,7,1,1.0,True,True,True,False,False,False,True
row_00258,development,pos_282,GP,remaining_positive,2,1,1.0,True,True,True,False,False,False,True
row_00259,development,pos_283,KDHCH,remaining_positive,5,1,1.0,True,True,True,False,False,False,False
row_00260,development,pos_285,DTETGVPT,remaining_positive,8,1,1.0,True,True,True,False,False,False,False
row_00261,development,pos_286,FEQI,remaining_positive,4,1,1.0,True,True,True,False,False,False,True
row_00262,development,pos_287,GQW,remaining_positive,3,1,1.0,True,True,True,False,False,False,True
row_00263,development,pos_288,PHD,remaining_positive,3,1,1.0,True,True,True,False,False,False,True
row_00264,development,pos_289,VE,remaining_positive,2,1,1.0,True,True,True,False,False,False,True
row_00265,development,pos_290,LPHH,remaining_positive,4,1,1.0,True,True,True,False,False,False,True
row_00266,development,pos_291,WLSF,remaining_positive,4,1,1.0,True,True,True,False,False,False,True
row_00267,development,pos_292,PWR,remaining_positive,3,1,1.0,True,True,True,False,False,False,True
row_00268,development,pos_293,TNGIIR,remaining_positive,6,1,1.0,True,True,True,False,False,False,False
row_00269,development,pos_294,TYY,remaining_positive,3,1,1.0,True,True,True,False,False,False,True
row_00270,development,pos_295,WL,remaining_positive,2,1,1.0,True,True,True,False,False,False,True
row_00271,development,pos_296,WDDMEK,remaining_positive,6,1,1.0,True,True,True,False,False,False,False
row_00272,development,pos_297,KFTPAP,remaining_positive,6,1,1.0,True,True,True,False,False,False,False
row_00273,development,pos_298,LHV,remaining_positive,3,1,1.0,True,True,True,False,False,False,True
row_00274,development,pos_299,VAW,remaining_positive,3,1,1.0,True,True,True,False,False,False,True
row_00275,development,pos_300,HIQKEDVPSER,remaining_positive,11,1,1.0,True,True,True,False,False,False,True
row_00276,development,pos_301,ENLQNYRLL,remaining_positive,9,1,1.0,True,True,True,False,False,False,False
row_00277,development,pos_302,ESTVPERTHPACPDFN,remaining_positive,16,1,1.0,True,True,True,False,False,False,False
row_00278,development,pos_303,VHDY,remaining_positive,4,1,1.0,True,True,True,False,False,False,False
row_00279,development,pos_304,YGLF,remaining_positive,4,1,1.0,True,True,True,False,False,False,True
row_00280,development,pos_306,EL,remaining_positive,2,1,1.0,True,True,True,False,False,False,True
row_00281,development,pos_307,VLPVPEK,remaining_positive,7,1,1.0,True,True,True,False,False,False,False
row_00282,development,pos_308,LSGNK,remaining_positive,5,1,1.0,True,True,True,False,False,False,False
row_00283,development,pos_309,FDPFPK,remaining_positive,6,1,1.0,True,True,True,False,False,False,False
row_00284,development,pos_310,PSDHDHE,remaining_positive,7,1,1.0,True,True,True,False,False,False,False
row_00285,development,pos_311,VAGTWY,remaining_positive,6,1,1.0,True,True,True,False,False,False,False
row_00286,development,pos_312,SC,remaining_positive,2,1,1.0,True,True,True,False,False,False,True
row_00287,development,pos_313,RGQVIYVL,remaining_positive,8,1,1.0,True,True,True,False,False,False,False
row_00288,development,pos_314,LLAPPER,remaining_positive,7,1,1.0,True,True,True,False,False,False,False
row_00289,development,pos_315,DWDPK,remaining_positive,5,1,1.0,True,True,True,False,False,False,False
row_00290,development,pos_316,AGDDAPR,remaining_positive,7,1,1.0,True,True,True,False,False,False,False
row_00291,development,pos_317,IEWEGIESGSVEQA,remaining_positive,14,1,1.0,True,True,True,False,False,False,False
row_00292,development,pos_318,AEHNH,remaining_positive,5,1,1.0,True,True,True,False,False,False,False
row_00293,development,pos_319,IRW,remaining_positive,3,1,1.0,True,True,True,False,False,False,True
row_00294,development,pos_320,GAWA,remaining_positive,4,1,1.0,True,True,True,False,False,False,False
row_00295,development,pos_321,LGFEYY,remaining_positive,6,1,1.0,True,True,True,False,False,False,False
row_00296,development,pos_322,IITQ,remaining_positive,4,1,1.0,True,True,True,False,False,False,False
row_00297,development,pos_323,YPPAK,remaining_positive,5,1,1.0,True,True,True,False,False,False,False
row_00298,development,pos_324,HYFL,remaining_positive,4,1,1.0,True,True,True,False,False,False,False
row_00299,development,pos_325,RVQVVNNNGK,remaining_positive,10,1,1.0,True,True,True,False,False,False,False
row_00300,development,pos_326,IY,remaining_positive,2,1,1.0,True,True,True,False,False,False,True
row_00301,development,pos_327,GNRGFACRHA,remaining_positive,10,1,1.0,True,True,True,False,False,False,False
row_00302,development,pos_328,NYPSD,remaining_positive,5,1,1.0,True,True,True,False,False,False,False
row_00303,development,pos_330,LLMQ,remaining_positive,4,1,1.0,True,True,True,False,False,False,False
row_00304,development,pos_331,PLFQNKLAHAK,remaining_positive,11,1,1.0,True,True,True,False,False,False,False
row_00305,development,pos_332,YYM,remaining_positive,3,1,1.0,True,True,True,False,False,False,True
row_00306,development,pos_334,GTFLQPHQ,remaining_positive,8,1,1.0,True,True,True,False,False,False,False
row_00307,development,pos_335,NQLDQ,remaining_positive,5,1,1.0,True,True,True,False,False,False,False
row_00308,development,pos_336,HMPVTK,remaining_positive,6,1,1.0,True,True,True,False,False,False,False
row_00309,development,pos_337,TFD,remaining_positive,3,1,1.0,True,True,True,False,False,False,True
row_00310,development,pos_338,PLPLHMLP,remaining_positive,8,1,1.0,True,True,True,False,False,False,False
row_00311,development,pos_339,SGE,remaining_positive,3,1,1.0,True,True,True,False,False,False,True
row_00312,development,pos_340,DTVPWFPR,remaining_positive,8,1,1.0,True,True,True,False,False,False,False
row_00313,development,pos_341,APAPAAK,remaining_positive,7,1,1.0,True,True,True,False,False,False,False
row_00314,development,pos_342,TEVWDSNEQ,remaining_positive,9,1,1.0,True,True,True,False,False,False,False
row_00315,development,pos_344,RHI,remaining_positive,3,1,1.0,True,True,True,False,False,False,True
row_00316,development,pos_345,MQFHT,remaining_positive,5,1,1.0,True,True,True,False,False,False,False
row_00317,development,pos_346,ELLI,remaining_positive,4,1,1.0,True,True,True,False,False,False,False
row_00318,development,pos_347,YYV,remaining_positive,3,1,1.0,True,True,True,False,False,False,True
row_00319,development,pos_348,GA,remaining_positive,2,1,1.0,True,True,True,False,False,False,True
row_00320,development,pos_349,YYC,remaining_positive,3,1,1.0,True,True,True,False,False,False,True
row_00321,development,pos_350,YYW,remaining_positive,3,1,1.0,True,True,True,False,False,False,True
row_00322,development,pos_351,HPHPHLSF,remaining_positive,8,1,1.0,True,True,True,False,False,False,False
row_00323,development,pos_353,TWYFITPYIPDK,remaining_positive,12,1,1.0,True,True,True,False,False,False,False
row_00324,development,pos_354,HKEMPFPKYPVEPFTESQ,remaining_positive,18,1,1.0,True,True,True,False,False,False,True
row_00325,development,pos_355,MHQPPQPLPPTVMFPPQSVL,remaining_positive,20,1,1.0,True,True,True,False,False,False,False
row_00326,development,pos_356,YSEEQQPSTR,remaining_positive,10,1,1.0,True,True,True,False,False,False,False
row_00327,development,pos_358,NAGPFTPTVNR,remaining_positive,11,1,1.0,True,True,True,False,False,False,False
row_00328,development,pos_359,PHC,remaining_positive,3,1,1.0,True,True,True,False,False,False,True
row_00329,development,pos_360,YRY,remaining_positive,3,1,1.0,True,True,True,False,False,False,True
row_00330,development,pos_361,WDTRGQ,remaining_positive,6,1,1.0,True,True,True,False,False,False,False
row_00331,development,pos_362,IYVVDLR,remaining_positive,7,1,1.0,True,True,True,False,False,False,False
row_00332,development,pos_363,AGLAPY,remaining_positive,6,1,1.0,True,True,True,False,False,False,False
row_00333,development,pos_364,EVGA,remaining_positive,4,1,1.0,True,True,True,False,False,False,True
row_00334,development,pos_365,KVLPVPE,remaining_positive,7,1,1.0,True,True,True,False,False,False,False
row_00335,development,pos_366,AGPSIVH,remaining_positive,7,1,1.0,True,True,True,False,False,False,False
row_00336,development,pos_367,QDYD,remaining_positive,4,1,1.0,True,True,True,False,False,False,False
row_00337,development,pos_368,PWQ,remaining_positive,3,1,1.0,True,True,True,False,False,False,True
row_00338,development,pos_369,SAGNPN,remaining_positive,6,1,1.0,True,True,True,False,False,False,False
row_00339,development,pos_370,QDHKA,remaining_positive,5,1,1.0,True,True,True,False,False,False,False
row_00340,development,pos_371,LHD,remaining_positive,3,1,1.0,True,True,True,False,False,False,True
row_00341,development,pos_372,AGGKPFQ,remaining_positive,7,1,1.0,True,True,True,False,False,False,False
row_00342,development,pos_373,YQKFPQY,remaining_positive,7,1,1.0,True,True,True,False,False,False,False
row_00343,development,pos_374,HPVPPKKK,remaining_positive,8,1,1.0,True,True,True,False,False,False,False
row_00344,development,pos_375,VEIPHD,remaining_positive,6,1,1.0,True,True,True,False,False,False,False
row_00345,development,pos_376,MCYPAST,remaining_positive,7,1,1.0,True,True,True,False,False,False,False
row_00346,development,pos_377,YY,remaining_positive,2,1,1.0,True,True,True,False,False,False,True
row_00347,development,pos_378,RHW,remaining_positive,3,1,1.0,True,True,True,False,False,False,True
row_00348,development,pos_379,YVY,remaining_positive,3,1,1.0,True,True,True,False,False,False,True
row_00349,development,pos_380,ACA,remaining_positive,3,1,1.0,True,True,True,False,False,False,True
row_00350,development,pos_381,QAC,remaining_positive,3,1,1.0,True,True,True,False,False,False,True
row_00351,development,pos_382,YPYY,remaining_positive,4,1,1.0,True,True,True,False,False,False,False
row_00352,development,pos_385,MDGAP,remaining_positive,5,1,1.0,True,True,True,False,False,False,False
row_00353,development,pos_387,YNLRQ,remaining_positive,5,1,1.0,True,True,True,False,False,False,False
row_00354,development,pos_388,FGER,remaining_positive,4,1,1.0,True,True,True,False,False,False,True
row_00355,development,pos_389,GGNYVGVP,remaining_positive,8,1,1.0,True,True,True,False,False,False,False
row_00356,development,pos_391,PLMW,remaining_positive,4,1,1.0,True,True,True,False,False,False,False
row_00357,development,pos_392,VLEANPRSF,remaining_positive,9,1,1.0,True,True,True,False,False,False,False
row_00358,development,pos_393,MPFPKYPVQPF,remaining_positive,11,1,1.0,True,True,True,False,False,False,False
row_00359,development,pos_394,FVLGL,remaining_positive,5,1,1.0,True,True,True,False,False,False,False
row_00360,development,pos_395,ARHPHP,remaining_positive,6,1,1.0,True,True,True,False,False,False,False
row_00361,development,pos_396,VAPFPQPVVPYPQR,remaining_positive,14,1,1.0,True,True,True,False,False,False,False
row_00362,development,pos_397,GSGGL,remaining_positive,5,1,1.0,True,True,True,False,False,False,True
row_00363,development,pos_398,TVQVT,remaining_positive,5,1,1.0,True,True,True,False,False,False,False
row_00364,development,pos_399,IGFLIIWV,remaining_positive,8,1,1.0,True,True,True,False,False,False,False
row_00365,development,pos_401,YHH,remaining_positive,3,1,1.0,True,True,True,False,False,False,True
row_00366,development,pos_402,RWN,remaining_positive,3,1,1.0,True,True,True,False,False,False,True
row_00367,development,pos_403,GPE,remaining_positive,3,1,1.0,True,True,True,False,False,False,True
row_00368,development,pos_404,CAAP,remaining_positive,4,1,1.0,True,True,True,False,False,False,False
row_00369,development,pos_405,FVAPFPEV,remaining_positive,8,1,1.0,True,True,True,False,False,False,True
row_00370,development,pos_406,YGYTGA,remaining_positive,6,1,1.0,True,True,True,False,False,False,False
row_00371,development,pos_407,VLNSNAAPLPN,remaining_positive,11,1,1.0,True,True,True,False,False,False,False
row_00372,development,pos_408,AYPS,remaining_positive,4,1,1.0,True,True,True,False,False,False,True
row_00373,development,pos_409,VLPVPQKKVLPVPQK,remaining_positive,15,1,1.0,True,True,True,False,False,False,False
row_00374,development,pos_410,WCTSVS,remaining_positive,6,1,1.0,True,True,True,False,False,False,False
row_00375,development,pos_411,IPSEVLS,remaining_positive,7,1,1.0,True,True,True,False,False,False,False
row_00376,development,pos_412,QHGV,remaining_positive,4,1,1.0,True,True,True,False,False,False,True
row_00377,development,pos_413,HFH,remaining_positive,3,1,1.0,True,True,True,False,False,False,True
row_00378,development,pos_414,WYQQVPGSGL,remaining_positive,10,1,1.0,True,True,True,False,False,False,False
row_00379,development,pos_415,DRVYIHPFHL,remaining_positive,10,1,1.0,True,True,True,False,False,False,False
row_00380,development,pos_416,YVHPFHL,remaining_positive,7,1,1.0,True,True,True,False,False,False,False
row_00381,development,pos_417,MYPGLA,remaining_positive,6,1,1.0,True,True,True,False,False,False,False
row_00382,development,pos_418,YGGFL,remaining_positive,5,1,1.0,True,True,True,False,False,False,False
row_00383,development,pos_419,LQPGQGQQ,remaining_positive,8,1,1.0,True,True,True,False,False,False,False
row_00384,development,pos_420,AEAQKQLR,remaining_positive,8,1,1.0,True,True,True,False,False,False,False
row_00385,development,pos_421,YNL,remaining_positive,3,1,1.0,True,True,True,False,False,False,True
row_00386,development,pos_423,MPACGS,remaining_positive,6,1,1.0,True,True,True,False,False,False,False
row_00387,development,pos_424,PTTAPSATIN,remaining_positive,10,1,1.0,True,True,True,False,False,False,False
row_00388,development,pos_425,GFGPEL,remaining_positive,6,1,1.0,True,True,True,False,False,False,False
row_00389,development,pos_426,IVGGFPHYL,remaining_positive,9,1,1.0,True,True,True,False,False,False,False
row_00390,development,pos_427,HNPI,remaining_positive,4,1,1.0,True,True,True,False,False,False,False
row_00391,development,pos_428,EDDQMDPMAK,remaining_positive,10,1,1.0,True,True,True,False,False,False,False
row_00392,development,pos_429,RADHPFL,remaining_positive,7,1,1.0,True,True,True,False,False,False,False
row_00393,development,pos_430,LYSPH,remaining_positive,5,1,1.0,True,True,True,False,False,False,False
row_00394,development,pos_431,VVYFDQTQAQA,remaining_positive,11,1,1.0,True,True,True,False,False,False,False
row_00395,development,pos_432,IYLGQ,remaining_positive,5,1,1.0,True,True,True,False,False,False,False
row_00396,development,pos_434,ESGAVTE,remaining_positive,7,1,1.0,True,True,True,False,False,False,False
row_00397,development,pos_435,FGPEMEQ,remaining_positive,7,1,1.0,True,True,True,False,False,False,False
row_00398,development,pos_436,DHPFLF,remaining_positive,6,1,1.0,True,True,True,False,False,False,False
row_00399,development,pos_437,AYI,remaining_positive,3,1,1.0,True,True,True,False,False,False,True
row_00400,development,pos_438,TELAL,remaining_positive,5,1,1.0,True,True,True,False,False,False,False
row_00401,development,pos_439,MFIF,remaining_positive,4,1,1.0,True,True,True,False,False,False,False
row_00402,development,pos_440,HVRETALV,remaining_positive,8,1,1.0,True,True,True,False,False,False,False
row_00403,development,pos_441,RWA,remaining_positive,3,1,1.0,True,True,True,False,False,False,True
row_00404,development,pos_442,LGTFQN,remaining_positive,6,1,1.0,True,True,True,False,False,False,False
row_00405,development,pos_443,QFAAD,remaining_positive,5,1,1.0,True,True,True,False,False,False,False
row_00406,development,pos_444,TVQVTST,remaining_positive,7,1,1.0,True,True,True,False,False,False,False
row_00407,development,pos_445,HVH,remaining_positive,3,1,1.0,True,True,True,False,False,False,True
row_00408,development,pos_446,WPPLSPFRCPR,remaining_positive,11,1,1.0,True,True,True,False,False,False,False
row_00409,development,pos_447,QVVRSDQGSVR,remaining_positive,11,1,1.0,True,True,True,False,False,False,False
row_00410,development,pos_448,VHH,remaining_positive,3,1,1.0,True,True,True,False,False,False,True
row_00411,development,pos_449,IPIQY,remaining_positive,5,1,1.0,True,True,True,False,False,False,False
row_00412,development,pos_450,LWW,remaining_positive,3,1,1.0,True,True,True,False,False,False,True
row_00413,development,pos_451,HTVQCMFQ,remaining_positive,8,1,1.0,True,True,True,False,False,False,False
row_00414,development,pos_452,AY,remaining_positive,2,1,1.0,True,True,True,False,False,False,True
row_00415,development,pos_453,KVALMSAGSMH,remaining_positive,11,1,1.0,True,True,True,False,False,False,False
row_00416,development,pos_454,RNR,remaining_positive,3,1,1.0,True,True,True,False,False,False,True
row_00417,development,pos_455,LFWSPSVYLK,remaining_positive,10,1,1.0,True,True,True,False,False,False,False
row_00418,development,pos_456,LTC,remaining_positive,3,1,1.0,True,True,True,False,False,False,True
row_00419,development,pos_457,PLGG,remaining_positive,4,1,1.0,True,True,True,False,False,False,True
row_00420,development,pos_458,WDVK,remaining_positive,4,1,1.0,True,True,True,False,False,False,True
row_00421,development,pos_459,YYQ,remaining_positive,3,1,1.0,True,True,True,False,False,False,True
row_00422,development,pos_460,GEQQQQPGMTR,remaining_positive,11,1,1.0,True,True,True,False,False,False,False
row_00423,development,pos_461,GIISHR,remaining_positive,6,1,1.0,True,True,True,False,False,False,False
row_00424,development,pos_463,KY,remaining_positive,2,1,1.0,True,True,True,False,False,False,True
row_00425,development,pos_464,FFGT,remaining_positive,4,1,1.0,True,True,True,False,False,False,False
row_00426,development,pos_465,RHV,remaining_positive,3,1,1.0,True,True,True,False,False,False,True
row_00427,development,pos_466,WYS,remaining_positive,3,1,1.0,True,True,True,False,False,False,True
row_00428,development,pos_467,SWN,remaining_positive,3,1,1.0,True,True,True,False,False,False,True
row_00429,development,pos_468,WP,remaining_positive,2,1,1.0,True,True,True,False,False,False,True
row_00430,development,pos_469,YDDGSYKPH,remaining_positive,9,1,1.0,True,True,True,False,False,False,False
row_00431,development,pos_473,DYY,remaining_positive,3,1,1.0,True,True,True,False,False,False,True
row_00432,development,pos_474,QIGLF,remaining_positive,5,1,1.0,True,True,True,False,False,False,False
row_00433,development,pos_475,YQETSSSSSQEQ,remaining_positive,12,1,1.0,True,True,True,False,False,False,False
row_00434,development,pos_476,AWIRGCRL,remaining_positive,8,1,1.0,True,True,True,False,False,False,False
row_00435,development,pos_477,KHQGLPQEVLNENLL,remaining_positive,15,1,1.0,True,True,True,False,False,False,True
row_00436,development,pos_478,AQQQEQAQQQEQ,remaining_positive,12,1,1.0,True,True,True,False,False,False,False
row_00437,development,pos_479,FHH,remaining_positive,3,1,1.0,True,True,True,False,False,False,True
row_00438,development,pos_480,WHH,remaining_positive,3,1,1.0,True,True,True,False,False,False,True
row_00439,development,pos_481,NTGNLLG,remaining_positive,7,1,1.0,True,True,True,False,False,False,False
row_00440,development,pos_483,MLELDPLNNLPRM,remaining_positive,13,1,1.0,True,True,True,False,False,False,False
row_00441,development,pos_484,IKK,remaining_positive,3,1,1.0,True,True,True,False,False,False,True
row_00442,development,pos_485,HKEMPFPKYPVQPF,remaining_positive,14,1,1.0,True,True,True,False,False,False,False
row_00443,development,pos_486,PWS,remaining_positive,3,1,1.0,True,True,True,False,False,False,True
row_00444,development,pos_487,ELIN,remaining_positive,4,1,1.0,True,True,True,False,False,False,True
row_00445,development,pos_488,LMGQW,remaining_positive,5,1,1.0,True,True,True,False,False,False,False
row_00446,development,pos_489,MWHP,remaining_positive,4,1,1.0,True,True,True,False,False,False,False
row_00447,development,pos_490,PPFH,remaining_positive,4,1,1.0,True,True,True,False,False,False,True
row_00448,development,pos_491,LLTC,remaining_positive,4,1,1.0,True,True,True,False,False,False,False
row_00449,development,pos_492,YFY,remaining_positive,3,1,1.0,True,True,True,False,False,False,True
row_00450,development,pos_493,VLEESKGAPKPN,remaining_positive,12,1,1.0,True,True,True,False,False,False,False
row_00451,development,pos_494,GW,remaining_positive,2,1,1.0,True,True,True,False,False,False,True
row_00452,development,pos_495,AAAAAGGGEGEG,remaining_positive,12,1,1.0,True,True,True,False,False,False,False
row_00453,development,pos_496,GMPGFDVR,remaining_positive,8,1,1.0,True,True,True,False,False,False,False
row_00454,development,pos_497,TKMDEGVVTKK,remaining_positive,11,1,1.0,True,True,True,False,False,False,False
row_00455,development,pos_498,FSDIPNPIGSE,remaining_positive,11,1,1.0,True,True,True,False,False,False,True
row_00456,development,pos_499,HL,remaining_positive,2,1,1.0,True,True,True,False,False,False,True
row_00457,development,pos_500,VPKVK,remaining_positive,5,1,1.0,True,True,True,False,False,False,False
row_00458,development,pos_501,LLPGANH,remaining_positive,7,1,1.0,True,True,True,False,False,False,False
row_00459,development,pos_502,GLAGA,remaining_positive,5,1,1.0,True,True,True,False,False,False,False
row_00460,development,pos_503,YQEP,remaining_positive,4,1,1.0,True,True,True,False,False,False,True
row_00461,development,pos_504,YGG,remaining_positive,3,1,1.0,True,True,True,False,False,False,True
row_00462,development,pos_506,HHY,remaining_positive,3,1,1.0,True,True,True,False,False,False,True
row_00463,development,pos_507,RY,remaining_positive,2,1,1.0,True,True,True,False,False,False,True
row_00464,development,pos_508,TSLDLPVLRW,remaining_positive,10,1,1.0,True,True,True,False,False,False,False
row_00465,development,pos_510,AGVL,remaining_positive,4,1,1.0,True,True,True,False,False,False,True
row_00466,development,pos_511,PHH,remaining_positive,3,1,1.0,True,True,True,False,False,False,True
row_00467,development,pos_512,SV,remaining_positive,2,1,1.0,True,True,True,False,False,False,True
row_00468,development,pos_513,VNP,remaining_positive,3,1,1.0,True,True,True,False,False,False,True
row_00469,development,pos_514,LGF,remaining_positive,3,1,1.0,True,True,True,False,False,False,True
row_00470,development,pos_515,GSH,remaining_positive,3,1,1.0,True,True,True,False,False,False,True
row_00471,development,pos_516,DSAI,remaining_positive,4,1,1.0,True,True,True,False,False,False,True
row_00472,development,pos_517,NHAV,remaining_positive,4,1,1.0,True,True,True,False,False,False,True
row_00473,development,pos_518,LDIQK,remaining_positive,5,1,1.0,True,True,True,False,False,False,False
row_00474,development,pos_519,DLQGK,remaining_positive,5,1,1.0,True,True,True,False,False,False,True
row_00475,development,pos_520,SSC,remaining_positive,3,1,1.0,True,True,True,False,False,False,True
row_00476,development,pos_521,LLPHHADADY,remaining_positive,10,1,1.0,True,True,True,False,False,False,False
row_00477,development,pos_522,SVDGKEDLIW,remaining_positive,10,1,1.0,True,True,True,False,False,False,False
row_00478,development,pos_523,SDF,remaining_positive,3,1,1.0,True,True,True,False,False,False,True
row_00479,development,pos_525,PHM,remaining_positive,3,1,1.0,True,True,True,False,False,False,True
row_00480,development,pos_526,HH,remaining_positive,2,1,1.0,True,True,True,False,False,False,True
row_00481,development,pos_527,NIQFNEQKAL,remaining_positive,10,1,1.0,True,True,True,False,False,False,False
row_00482,development,pos_528,WEGPK,remaining_positive,5,1,1.0,True,True,True,False,False,False,False
row_00483,development,pos_529,LRTLPM,remaining_positive,6,1,1.0,True,True,True,False,False,False,False
row_00484,development,pos_530,VLPVP,remaining_positive,5,1,1.0,True,True,True,False,False,False,True
row_00485,development,pos_531,AGWNIP,remaining_positive,6,1,1.0,True,True,True,False,False,False,False
row_00486,development,pos_532,IPDWFLNRQ,remaining_positive,9,1,1.0,True,True,True,False,False,False,False
row_00487,development,pos_533,RHK,remaining_positive,3,1,1.0,True,True,True,False,False,False,True
row_00488,development,pos_534,HVAGTVA,remaining_positive,7,1,1.0,True,True,True,False,False,False,False
row_00489,development,pos_536,CLV,remaining_positive,3,1,1.0,True,True,True,False,False,False,True
row_00490,development,pos_537,LDSCKDYVME,remaining_positive,10,1,1.0,True,True,True,False,False,False,False
row_00491,development,pos_539,HHQDPPW,remaining_positive,7,1,1.0,True,True,True,False,False,False,False
row_00492,development,pos_540,FDGEVK,remaining_positive,6,1,1.0,True,True,True,False,False,False,False
row_00493,development,pos_541,AELQVVDHLGQTV,remaining_positive,13,1,1.0,True,True,True,False,False,False,False
row_00494,development,pos_542,IPNPIGSENSGKIT,remaining_positive,14,1,1.0,True,True,True,False,False,False,False
row_00495,development,pos_544,PYY,remaining_positive,3,1,1.0,True,True,True,False,False,False,True
row_00496,development,pos_545,AMTGLDA,remaining_positive,7,1,1.0,True,True,True,False,False,False,False
row_00497,development,pos_546,IYY,remaining_positive,3,1,1.0,True,True,True,False,False,False,True
row_00498,development,pos_547,VHLKP,remaining_positive,5,1,1.0,True,True,True,False,False,False,False
row_00499,development,pos_548,KVLPVPQK,remaining_positive,8,1,1.0,True,True,True,False,False,False,True
row_00500,development,pos_549,YQQPVLGPVRGPFPII,remaining_positive,16,1,1.0,True,True,True,False,False,False,False
row_00501,development,pos_550,LLLRW,remaining_positive,5,1,1.0,True,True,True,False,False,False,False
row_00502,development,pos_551,YLGAK,remaining_positive,5,1,1.0,True,True,True,False,False,False,False
row_00503,development,pos_552,KTKK,remaining_positive,4,1,1.0,True,True,True,False,False,False,True
row_00504,development,pos_553,YL,remaining_positive,2,1,1.0,True,True,True,False,False,False,True
row_00505,development,pos_554,WEEPAM,remaining_positive,6,1,1.0,True,True,True,False,False,False,False
row_00506,development,pos_555,DSGVT,remaining_positive,5,1,1.0,True,True,True,False,False,False,True
row_00507,development,pos_556,WSVWEQELEDR,remaining_positive,11,1,1.0,True,True,True,False,False,False,False
row_00508,development,pos_557,LDQW,remaining_positive,4,1,1.0,True,True,True,False,False,False,False
row_00509,development,pos_558,LDK,remaining_positive,3,1,1.0,True,True,True,False,False,False,True
row_00510,development,pos_559,RHH,remaining_positive,3,1,1.0,True,True,True,False,False,False,True
row_00511,development,pos_560,NHK,remaining_positive,3,1,1.0,True,True,True,False,False,False,True
row_00512,development,pos_561,YPELF,remaining_positive,5,1,1.0,True,True,True,False,False,False,True
row_00513,development,pos_562,ETTL,remaining_positive,4,1,1.0,True,True,True,False,False,False,True
row_00514,development,pos_563,YCY,remaining_positive,3,1,1.0,True,True,True,False,False,False,True
row_00515,development,pos_564,LVGDEQAVPAVCVP,remaining_positive,14,1,1.0,True,True,True,False,False,False,False
row_00516,development,pos_565,TERGY,remaining_positive,5,1,1.0,True,True,True,False,False,False,False
row_00517,development,pos_566,DHNPQIR,remaining_positive,7,1,1.0,True,True,True,False,False,False,False
row_00518,development,pos_567,VVPPFLQPE,remaining_positive,9,1,1.0,True,True,True,False,False,False,True
row_00519,development,pos_568,TVGGAPAGRIVME,remaining_positive,13,1,1.0,True,True,True,False,False,False,False
row_00520,development,pos_569,VVGGDGDV,remaining_positive,8,1,1.0,True,True,True,False,False,False,False
row_00521,development,pos_570,IHKAGGGGGGGGGGGK,remaining_positive,16,1,1.0,True,True,True,False,False,False,False
row_00522,development,pos_572,FYKA,remaining_positive,4,1,1.0,True,True,True,False,False,False,False
row_00523,development,pos_573,VKP,remaining_positive,3,1,1.0,True,True,True,False,False,False,True
row_00524,development,pos_574,KGHLFPN,remaining_positive,7,1,1.0,True,True,True,False,False,False,False
row_00525,development,pos_575,HHLP,remaining_positive,4,1,1.0,True,True,True,False,False,False,True
row_00526,development,pos_576,GIFE,remaining_positive,4,1,1.0,True,True,True,False,False,False,True
row_00527,development,pos_577,LLY,remaining_positive,3,1,1.0,True,True,True,False,False,False,True
row_00528,development,pos_578,AIGVGAIER,remaining_positive,9,1,1.0,True,True,True,False,False,False,False
row_00529,development,pos_579,ALPQYLKTVYQHQK,remaining_positive,14,1,1.0,True,True,True,False,False,False,False
row_00530,development,pos_580,SSDEEVREEKELDLSSNE,remaining_positive,18,1,1.0,True,True,True,False,False,False,False
row_00531,development,pos_581,YQEPVLGPVRGPFPI,remaining_positive,15,1,1.0,True,True,True,False,False,False,True
row_00532,development,pos_582,QGPIGPR,remaining_positive,7,1,1.0,True,True,True,False,False,False,False
row_00533,development,pos_583,ALELDSNLYR,remaining_positive,10,1,1.0,True,True,True,False,False,False,False
row_00534,development,pos_584,WALKGYK,remaining_positive,7,1,1.0,True,True,True,False,False,False,False
row_00535,development,pos_585,YYE,remaining_positive,3,1,1.0,True,True,True,False,False,False,True
row_00536,development,pos_586,NYKQM,remaining_positive,5,1,1.0,True,True,True,False,False,False,False
row_00537,development,pos_587,LTTLDS,remaining_positive,6,1,1.0,True,True,True,False,False,False,False
row_00538,development,pos_588,VIPAGYP,remaining_positive,7,1,1.0,True,True,True,False,False,False,False
row_00539,development,pos_589,PAGLPGPA,remaining_positive,8,1,1.0,True,True,True,False,False,False,False
row_00540,development,pos_590,LHW,remaining_positive,3,1,1.0,True,True,True,False,False,False,True
row_00541,development,pos_591,RHY,remaining_positive,3,1,1.0,True,True,True,False,False,False,True
row_00542,development,pos_592,RWI,remaining_positive,3,1,1.0,True,True,True,False,False,False,True
row_00543,development,pos_593,GTIAGGGVIPH,remaining_positive,11,1,1.0,True,True,True,False,False,False,False
row_00544,development,pos_595,QEP,remaining_positive,3,1,1.0,True,True,True,False,False,False,True
row_00545,development,pos_596,MAPKHEMPFPKYP,remaining_positive,13,1,1.0,True,True,True,False,False,False,False
row_00546,development,pos_597,PSKYEPFV,remaining_positive,8,1,1.0,True,True,True,False,False,False,False
row_00547,development,pos_598,LMSYMWSTSM,remaining_positive,10,1,1.0,True,True,True,False,False,False,False
row_00548,development,pos_599,MPDAHL,remaining_positive,6,1,1.0,True,True,True,False,False,False,False
row_00549,development,pos_600,AEM,remaining_positive,3,1,1.0,True,True,True,False,False,False,True
row_00550,development,pos_601,YWVTSGPK,remaining_positive,8,1,1.0,True,True,True,False,False,False,False
row_00551,development,pos_604,MWL,remaining_positive,3,1,1.0,True,True,True,False,False,False,True
row_00552,development,pos_605,MWKVW,remaining_positive,5,1,1.0,True,True,True,False,False,False,False
row_00553,development,pos_606,CYY,remaining_positive,3,1,1.0,True,True,True,False,False,False,True
row_00554,development,pos_607,DEAGPSIVHR,remaining_positive,10,1,1.0,True,True,True,False,False,False,False
row_00555,development,pos_608,SNAAC,remaining_positive,5,1,1.0,True,True,True,False,False,False,False
row_00556,development,pos_609,VGGDGDV,remaining_positive,7,1,1.0,True,True,True,False,False,False,False
row_00557,development,pos_610,HHH,remaining_positive,3,1,1.0,True,True,True,False,False,False,True
row_00558,development,pos_611,HLPLPL,remaining_positive,6,1,1.0,True,True,True,False,False,False,True
row_00559,development,pos_612,VSPHLP,remaining_positive,6,1,1.0,True,True,True,False,False,False,False
row_00560,development,pos_614,SHDAHPE,remaining_positive,7,1,1.0,True,True,True,False,False,False,False
row_00561,development,pos_615,EPDRY,remaining_positive,5,1,1.0,True,True,True,False,False,False,False
row_00562,development,pos_616,ELQDKIHPF,remaining_positive,9,1,1.0,True,True,True,False,False,False,True
row_00563,development,pos_617,LSRVP,remaining_positive,5,1,1.0,True,True,True,False,False,False,False
row_00564,development,pos_618,CME,remaining_positive,3,1,1.0,True,True,True,False,False,False,True
row_00565,development,pos_619,IQY,remaining_positive,3,1,1.0,True,True,True,False,False,False,True
row_00566,development,pos_620,LWY,remaining_positive,3,1,1.0,True,True,True,False,False,False,True
row_00567,development,pos_621,GGVPRSGEQEQQ,remaining_positive,12,1,1.0,True,True,True,False,False,False,False
row_00568,development,pos_622,YPFPGPIP,remaining_positive,8,1,1.0,True,True,True,False,False,False,True
row_00569,development,pos_623,IAAEVYEHTEGSTTSY,remaining_positive,16,1,1.0,True,True,True,False,False,False,False
row_00570,development,pos_624,NP,remaining_positive,2,1,1.0,True,True,True,False,False,False,True
row_00571,development,pos_625,HNAVDSQIAGKA,remaining_positive,12,1,1.0,True,True,True,False,False,False,False
row_00572,development,pos_626,NFWWP,remaining_positive,5,1,1.0,True,True,True,False,False,False,False
row_00573,development,pos_627,AHLLT,remaining_positive,5,1,1.0,True,True,True,False,False,False,False
row_00574,development,pos_628,KIIIYN,remaining_positive,6,1,1.0,True,True,True,False,False,False,False
row_00575,development,pos_629,SGP,remaining_positive,3,1,1.0,True,True,True,False,False,False,True
row_00576,development,pos_630,FLQEFLHV,remaining_positive,8,1,1.0,True,True,True,False,False,False,False
row_00577,development,pos_631,LHI,remaining_positive,3,1,1.0,True,True,True,False,False,False,True
row_00578,development,pos_632,VVVVPH,remaining_positive,6,1,1.0,True,True,True,False,False,False,False
row_00579,development,pos_633,SRYPS,remaining_positive,5,1,1.0,True,True,True,False,False,False,False
row_00580,development,pos_634,YQKFP,remaining_positive,5,1,1.0,True,True,True,False,False,False,True
row_00581,development,pos_635,WSY,remaining_positive,3,1,1.0,True,True,True,False,False,False,True
row_00582,development,pos_636,YETGNGIK,remaining_positive,8,1,1.0,True,True,True,False,False,False,False
row_00583,development,pos_637,KLF,remaining_positive,3,1,1.0,True,True,True,False,False,False,True
row_00584,development,pos_638,CVHWMTNTARTACIAP,remaining_positive,16,1,1.0,True,True,True,False,False,False,False
row_00585,development,pos_639,AMRLTYNRPCIYAT,remaining_positive,14,1,1.0,True,True,True,False,False,False,False
row_00586,development,pos_640,VLSRYPS,remaining_positive,7,1,1.0,True,True,True,False,False,False,False
row_00587,development,pos_641,LSNGK,remaining_positive,5,1,1.0,True,True,True,False,False,False,False
row_00588,development,pos_642,VFGKEKVNEL,remaining_positive,10,1,1.0,True,True,True,False,False,False,True
row_00589,development,pos_643,MLKMLPFK,remaining_positive,8,1,1.0,True,True,True,False,False,False,False
row_00590,development,pos_644,LLAQA,remaining_positive,5,1,1.0,True,True,True,False,False,False,False
row_00591,development,pos_645,EAAVYPL,remaining_positive,7,1,1.0,True,True,True,False,False,False,False
row_00592,development,pos_646,PWH,remaining_positive,3,1,1.0,True,True,True,False,False,False,True
row_00593,development,pos_647,SVEIQALCDM,remaining_positive,10,1,1.0,True,True,True,False,False,False,False
row_00594,development,pos_648,LAF,remaining_positive,3,1,1.0,True,True,True,False,False,False,True
row_00595,development,pos_649,YPFPG,remaining_positive,5,1,1.0,True,True,True,False,False,False,True
row_00596,development,pos_650,SGQYFL,remaining_positive,6,1,1.0,True,True,True,False,False,False,False
row_00597,development,pos_651,FKGPACA,remaining_positive,7,1,1.0,True,True,True,False,False,False,False
row_00598,development,pos_652,HGPLGPL,remaining_positive,7,1,1.0,True,True,True,False,False,False,False
row_00599,development,pos_653,VGPLSPT,remaining_positive,7,1,1.0,True,True,True,False,False,False,False
row_00600,development,pos_654,PHYL,remaining_positive,4,1,1.0,True,True,True,False,False,False,False
row_00601,development,pos_655,TGC,remaining_positive,3,1,1.0,True,True,True,False,False,False,True
row_00602,development,pos_656,DHHQVYSPGEQ,remaining_positive,11,1,1.0,True,True,True,False,False,False,False
row_00603,development,pos_657,LH,remaining_positive,2,1,1.0,True,True,True,False,False,False,True
row_00604,development,pos_658,QQQTED,remaining_positive,6,1,1.0,True,True,True,False,False,False,True
row_00605,development,pos_659,VLSPPFTGE,remaining_positive,9,1,1.0,True,True,True,False,False,False,False
row_00606,development,pos_660,CAQ,remaining_positive,3,1,1.0,True,True,True,False,False,False,True
row_00607,development,pos_661,LPYY,remaining_positive,4,1,1.0,True,True,True,False,False,False,True
row_00608,development,pos_662,EGGGGGYGGGGGGYGGR,remaining_positive,17,1,1.0,True,True,True,False,False,False,False
row_00609,development,pos_663,PHE,remaining_positive,3,1,1.0,True,True,True,False,False,False,True
row_00610,development,pos_664,YYF,remaining_positive,3,1,1.0,True,True,True,False,False,False,True
row_00611,development,pos_665,AWFS,remaining_positive,4,1,1.0,True,True,True,False,False,False,False
row_00612,development,pos_666,VKV,remaining_positive,3,1,1.0,True,True,True,False,False,False,True
row_00613,development,pos_667,QEPVLGPVRGPFPI,remaining_positive,14,1,1.0,True,True,True,False,False,False,True
row_00614,development,pos_668,VSKSVLVK,remaining_positive,8,1,1.0,True,True,True,False,False,False,False
row_00615,development,pos_669,RYY,remaining_positive,3,1,1.0,True,True,True,False,False,False,True
row_00616,development,pos_670,VCDADPSSPVPEA,remaining_positive,13,1,1.0,True,True,True,False,False,False,False
row_00617,development,pos_671,FPWLLS,remaining_positive,6,1,1.0,True,True,True,False,False,False,False
row_00618,development,pos_672,TMAEYHHQDQ,remaining_positive,10,1,1.0,True,True,True,False,False,False,False
row_00619,development,pos_673,PWW,remaining_positive,3,1,1.0,True,True,True,False,False,False,True
row_00620,development,pos_674,SEGFEW,remaining_positive,6,1,1.0,True,True,True,False,False,False,False
row_00621,development,pos_675,SWMHQPHQPLPPT,remaining_positive,13,1,1.0,True,True,True,False,False,False,True
row_00622,development,pos_676,MHI,remaining_positive,3,1,1.0,True,True,True,False,False,False,True
row_00623,development,pos_677,GC,remaining_positive,2,1,1.0,True,True,True,False,False,False,True
row_00624,development,pos_678,YQK,remaining_positive,3,1,1.0,True,True,True,False,False,False,True
row_00625,development,pos_679,WYY,remaining_positive,3,1,1.0,True,True,True,False,False,False,True
row_00626,development,pos_680,NHH,remaining_positive,3,1,1.0,True,True,True,False,False,False,True
row_00627,development,pos_681,TSTA,remaining_positive,4,1,1.0,True,True,True,False,False,False,True
row_00628,development,pos_682,QLL,remaining_positive,3,1,1.0,True,True,True,False,False,False,True
row_00629,development,pos_683,SGYYMH,remaining_positive,6,1,1.0,True,True,True,False,False,False,False
row_00630,development,pos_684,GPAGPAG,remaining_positive,7,1,1.0,True,True,True,False,False,False,False
row_00631,development,pos_685,QTPRY,remaining_positive,5,1,1.0,True,True,True,False,False,False,False
row_00632,development,pos_686,YVEEL,remaining_positive,5,1,1.0,True,True,True,False,False,False,False
row_00633,development,pos_687,YQETSSSSSQ,remaining_positive,10,1,1.0,True,True,True,False,False,False,False
row_00634,development,pos_688,KVLPVPQ,remaining_positive,7,1,1.0,True,True,True,False,False,False,True
row_00635,development,pos_689,VPYPQ,remaining_positive,5,1,1.0,True,True,True,False,False,False,True
row_00636,development,pos_690,YGNWLYK,remaining_positive,7,1,1.0,True,True,True,False,False,False,False
row_00637,development,pos_691,TEAPLNPK,remaining_positive,8,1,1.0,True,True,True,False,False,False,False
row_00638,development,pos_692,APKGVQGPNG,remaining_positive,10,1,1.0,True,True,True,False,False,False,False
row_00639,development,pos_693,ACGNLPRMC,remaining_positive,9,1,1.0,True,True,True,False,False,False,False
row_00640,development,pos_694,GPGGFI,remaining_positive,6,1,1.0,True,True,True,False,False,False,False
row_00641,development,pos_695,IAY,remaining_positive,3,1,1.0,True,True,True,False,False,False,True
row_00642,development,pos_697,LT,remaining_positive,2,1,1.0,True,True,True,False,False,False,True
row_00643,development,pos_698,VPNSYP,remaining_positive,6,1,1.0,True,True,True,False,False,False,False
row_00644,development,pos_699,KEFFP,remaining_positive,5,1,1.0,True,True,True,False,False,False,False
row_00645,development,pos_701,YF,remaining_positive,2,1,1.0,True,True,True,False,False,False,True
row_00646,development,pos_702,YFPVGGDRPESF,remaining_positive,12,1,1.0,True,True,True,False,False,False,False
row_00647,development,pos_704,NRYHE,remaining_positive,5,1,1.0,True,True,True,False,False,False,False
row_00648,development,pos_705,HK,remaining_positive,2,1,1.0,True,True,True,False,False,False,True
row_00649,development,pos_707,VEEPPKEEKNPK,remaining_positive,12,1,1.0,True,True,True,False,False,False,False
row_00650,development,pos_708,RWL,remaining_positive,3,1,1.0,True,True,True,False,False,False,True
row_00651,development,pos_709,IPIGP,remaining_positive,5,1,1.0,True,True,True,False,False,False,False
row_00652,development,pos_710,NPADLPDAG,remaining_positive,9,1,1.0,True,True,True,False,False,False,False
row_00653,development,pos_711,LLNDE,remaining_positive,5,1,1.0,True,True,True,False,False,False,False
row_00654,development,pos_712,PWV,remaining_positive,3,1,1.0,True,True,True,False,False,False,True
row_00655,development,pos_714,PYFNK,remaining_positive,5,1,1.0,True,True,True,False,False,False,False
row_00656,development,pos_715,VIEPR,remaining_positive,5,1,1.0,True,True,True,False,False,False,False
row_00657,development,pos_716,IIAPPER,remaining_positive,7,1,1.0,True,True,True,False,False,False,False
row_00658,development,pos_717,VAMVPPFET,remaining_positive,9,1,1.0,True,True,True,False,False,False,False
row_00659,development,pos_718,CAGVSAIR,remaining_positive,8,1,1.0,True,True,True,False,False,False,False
row_00660,development,pos_719,IIAEK,remaining_positive,5,1,1.0,True,True,True,False,False,False,False
row_00661,development,pos_720,YA,remaining_positive,2,1,1.0,True,True,True,False,False,False,True
row_00662,development,pos_722,KFL,remaining_positive,3,1,1.0,True,True,True,False,False,False,True
row_00663,development,pos_723,VLYEE,remaining_positive,5,1,1.0,True,True,True,False,False,False,False
row_00664,development,pos_724,VGINYWLAHK,remaining_positive,10,1,1.0,True,True,True,False,False,False,False
row_00665,development,pos_725,AMRLTYNRPCLGAT,remaining_positive,14,1,1.0,True,True,True,False,False,False,False
row_00666,development,pos_726,KVI,remaining_positive,3,1,1.0,True,True,True,False,False,False,True
row_00667,development,pos_727,SDGFQF,remaining_positive,6,1,1.0,True,True,True,False,False,False,False
row_00668,development,pos_728,PKLPPVKK,remaining_positive,8,1,1.0,True,True,True,False,False,False,False
row_00669,development,pos_729,WVAPLK,remaining_positive,6,1,1.0,True,True,True,False,False,False,False
row_00670,development,pos_730,ISW,remaining_positive,3,1,1.0,True,True,True,False,False,False,True
row_00671,development,pos_731,QYY,remaining_positive,3,1,1.0,True,True,True,False,False,False,True
row_00672,development,pos_732,SFYPDY,remaining_positive,6,1,1.0,True,True,True,False,False,False,False
row_00673,development,pos_733,KVLPVPEK,remaining_positive,8,1,1.0,True,True,True,False,False,False,False
row_00674,development,pos_734,PWN,remaining_positive,3,1,1.0,True,True,True,False,False,False,True
row_00675,development,pos_735,GEY,remaining_positive,3,1,1.0,True,True,True,False,False,False,True
row_00676,development,pos_736,ATVY,remaining_positive,4,1,1.0,True,True,True,False,False,False,True
row_00677,development,pos_737,FDEQE,remaining_positive,5,1,1.0,True,True,True,False,False,False,False
row_00678,development,pos_738,LPVPQ,remaining_positive,5,1,1.0,True,True,True,False,False,False,True
row_00679,development,pos_739,PR,remaining_positive,2,1,1.0,True,True,True,False,False,False,True
row_00680,development,pos_740,DRVYIHPF,remaining_positive,8,1,1.0,True,True,True,False,False,False,False
row_00681,development,pos_742,YGFL,remaining_positive,4,1,1.0,True,True,True,False,False,False,False
row_00682,development,pos_743,IEAEGE,remaining_positive,6,1,1.0,True,True,True,False,False,False,False
row_00683,development,pos_744,SSHWSS,remaining_positive,6,1,1.0,True,True,True,False,False,False,False
row_00684,development,pos_745,PH,remaining_positive,2,1,1.0,True,True,True,False,False,False,True
row_00685,development,pos_746,IGGIGTVPVGR,remaining_positive,11,1,1.0,True,True,True,False,False,False,False
row_00686,development,pos_747,PPMHLP,remaining_positive,6,1,1.0,True,True,True,False,False,False,False
row_00687,development,pos_748,HEQKEEHEWHRKEE,remaining_positive,14,1,1.0,True,True,True,False,False,False,False
row_00688,development,pos_749,AEERYP,remaining_positive,6,1,1.0,True,True,True,False,False,False,False
row_00689,development,pos_752,HIH,remaining_positive,3,1,1.0,True,True,True,False,False,False,True
row_00690,development,pos_753,HPHL,remaining_positive,4,1,1.0,True,True,True,False,False,False,True
row_00691,development,pos_754,IYPF,remaining_positive,4,1,1.0,True,True,True,False,False,False,False
row_00692,development,pos_755,LQL,remaining_positive,3,1,1.0,True,True,True,False,False,False,True
row_00693,development,pos_757,YWDHNNPQIR,remaining_positive,10,1,1.0,True,True,True,False,False,False,False
row_00694,development,pos_758,VPPSKLSP,remaining_positive,8,1,1.0,True,True,True,False,False,False,False
row_00695,development,pos_759,TEFHLL,remaining_positive,6,1,1.0,True,True,True,False,False,False,False
row_00696,development,pos_760,YLAGKPQQEH,remaining_positive,10,1,1.0,True,True,True,False,False,False,False
row_00697,development,pos_761,RWR,remaining_positive,3,1,1.0,True,True,True,False,False,False,True
row_00698,development,pos_762,HEKVC,remaining_positive,5,1,1.0,True,True,True,False,False,False,False
row_00699,development,pos_763,ACNLPRMC,remaining_positive,8,1,1.0,True,True,True,False,False,False,False
row_00700,development,pos_764,FAGDDAPRR,remaining_positive,9,1,1.0,True,True,True,False,False,False,False
row_00701,development,pos_765,TW,remaining_positive,2,1,1.0,True,True,True,False,False,False,True
row_00702,development,pos_766,FC,remaining_positive,2,1,1.0,True,True,True,False,False,False,True
row_00703,development,pos_767,LWF,remaining_positive,3,1,1.0,True,True,True,False,False,False,True
row_00704,development,pos_768,FMPLH,remaining_positive,5,1,1.0,True,True,True,False,False,False,False
row_00705,development,pos_769,LPENAKVDQVK,remaining_positive,11,1,1.0,True,True,True,False,False,False,False
row_00706,development,pos_770,VNPESQQGSPR,remaining_positive,11,1,1.0,True,True,True,False,False,False,False
row_00707,development,pos_771,TGIIT,remaining_positive,5,1,1.0,True,True,True,False,False,False,False
row_00708,development,pos_772,RYQKF,remaining_positive,5,1,1.0,True,True,True,False,False,False,False
row_00709,development,pos_774,RDMPIQ,remaining_positive,6,1,1.0,True,True,True,False,False,False,True
row_00710,development,pos_776,GANSLLN,remaining_positive,7,1,1.0,True,True,True,False,False,False,False
row_00711,development,pos_777,RHN,remaining_positive,3,1,1.0,True,True,True,False,False,False,True
row_00712,development,pos_778,KFFPS,remaining_positive,5,1,1.0,True,True,True,False,False,False,False
row_00713,development,pos_780,VAPFPGVFGK,remaining_positive,10,1,1.0,True,True,True,False,False,False,False
row_00714,development,pos_782,HVPNA,remaining_positive,5,1,1.0,True,True,True,False,False,False,False
row_00715,development,pos_784,VPW,remaining_positive,3,1,1.0,True,True,True,False,False,False,True
row_00716,development,pos_785,EELDNALN,remaining_positive,8,1,1.0,True,True,True,False,False,False,False
row_00717,development,pos_787,YFPTQALNFAFK,remaining_positive,12,1,1.0,True,True,True,False,False,False,False
row_00718,development,pos_788,KEMPFPKYPVE,remaining_positive,11,1,1.0,True,True,True,False,False,False,True
row_00719,development,pos_789,LAN,remaining_positive,3,1,1.0,True,True,True,False,False,False,True
row_00720,development,pos_790,KGAIG,remaining_positive,5,1,1.0,True,True,True,False,False,False,False
row_00721,development,pos_791,RWH,remaining_positive,3,1,1.0,True,True,True,False,False,False,True
row_00722,development,pos_792,LWE,remaining_positive,3,1,1.0,True,True,True,False,False,False,True
row_00723,development,pos_793,FFAPGRNPTSFS,remaining_positive,12,1,1.0,True,True,True,False,False,False,False
row_00724,development,pos_794,CNW,remaining_positive,3,1,1.0,True,True,True,False,False,False,True
row_00725,development,pos_795,FYPEL,remaining_positive,5,1,1.0,True,True,True,False,False,False,True
row_00726,development,pos_796,AGFAGDDAPR,remaining_positive,10,1,1.0,True,True,True,False,False,False,False
row_00727,development,pos_797,THH,remaining_positive,3,1,1.0,True,True,True,False,False,False,True
row_00728,development,pos_798,GPTGPAGP,remaining_positive,8,1,1.0,True,True,True,False,False,False,False
row_00729,development,pos_799,WYT,remaining_positive,3,1,1.0,True,True,True,False,False,False,True
row_00730,development,pos_800,MKW,remaining_positive,3,1,1.0,True,True,True,False,False,False,True
row_00731,development,pos_801,PK,remaining_positive,2,1,1.0,True,True,True,False,False,False,True
row_00732,development,pos_802,VAGL,remaining_positive,4,1,1.0,True,True,True,False,False,False,True
row_00733,development,pos_804,TQTPVVVPPFLQPE,remaining_positive,14,1,1.0,True,True,True,False,False,False,True
row_00734,development,pos_805,LQGMP,remaining_positive,5,1,1.0,True,True,True,False,False,False,False
row_00735,development,pos_806,ISELGF,remaining_positive,6,1,1.0,True,True,True,False,False,False,False
row_00736,development,pos_807,FILR,remaining_positive,4,1,1.0,True,True,True,False,False,False,False
row_00737,development,pos_808,PWE,remaining_positive,3,1,1.0,True,True,True,False,False,False,True
row_00738,development,pos_809,WDR,remaining_positive,3,1,1.0,True,True,True,False,False,False,True
row_00739,development,pos_810,GVRGPFPII,remaining_positive,9,1,1.0,True,True,True,False,False,False,False
row_00740,development,pos_811,KGPPGEIGR,remaining_positive,9,1,1.0,True,True,True,False,False,False,False
row_00741,development,pos_812,FRADHPFL,remaining_positive,8,1,1.0,True,True,True,False,False,False,False
row_00742,development,pos_813,FVAGK,remaining_positive,5,1,1.0,True,True,True,False,False,False,True
row_00743,development,pos_814,PVSHDHAPEY,remaining_positive,10,1,1.0,True,True,True,False,False,False,False
row_00744,development,pos_815,LLAH,remaining_positive,4,1,1.0,True,True,True,False,False,False,True
row_00745,development,pos_816,MTEEY,remaining_positive,5,1,1.0,True,True,True,False,False,False,False
row_00746,development,pos_817,YINQMPQKSRE,remaining_positive,11,1,1.0,True,True,True,False,False,False,False
row_00747,development,pos_818,GLTSK,remaining_positive,5,1,1.0,True,True,True,False,False,False,False
row_00748,development,pos_819,AAAPVAVAK,remaining_positive,9,1,1.0,True,True,True,False,False,False,False
row_00749,development,pos_820,ANLGPA,remaining_positive,6,1,1.0,True,True,True,False,False,False,False
row_00750,development,pos_821,HAH,remaining_positive,3,1,1.0,True,True,True,False,False,False,True
row_00751,development,pos_822,LWR,remaining_positive,3,1,1.0,True,True,True,False,False,False,True
row_00752,development,pos_823,YPEL,remaining_positive,4,1,1.0,True,True,True,False,False,False,True
row_00753,development,pos_824,LQSGDALRVPSGTTYY,remaining_positive,16,1,1.0,True,True,True,False,False,False,False
row_00754,development,pos_825,IILHQQQ,remaining_positive,7,1,1.0,True,True,True,False,False,False,False
row_00755,development,pos_826,GPAGSPGFQGLPGPAG,remaining_positive,16,1,1.0,True,True,True,False,False,False,False
row_00756,development,pos_827,MLLFPM,remaining_positive,6,1,1.0,True,True,True,False,False,False,False
row_00757,development,pos_828,LDYE,remaining_positive,4,1,1.0,True,True,True,False,False,False,True
row_00758,development,pos_829,LDY,remaining_positive,3,1,1.0,True,True,True,False,False,False,True
row_00759,development,pos_830,YLAGNQEQE,remaining_positive,9,1,1.0,True,True,True,False,False,False,False
row_00760,development,pos_831,WIQP,remaining_positive,4,1,1.0,True,True,True,False,False,False,True
row_00761,development,pos_833,GKGIFG,remaining_positive,6,1,1.0,True,True,True,False,False,False,False
row_00762,development,pos_834,VKCFR,remaining_positive,5,1,1.0,True,True,True,False,False,False,False
row_00763,development,pos_835,YYD,remaining_positive,3,1,1.0,True,True,True,False,False,False,True
row_00764,development,pos_836,LWK,remaining_positive,3,1,1.0,True,True,True,False,False,False,True
row_00765,development,pos_837,PFPEVFGKE,remaining_positive,9,1,1.0,True,True,True,False,False,False,True
row_00766,development,pos_838,HEH,remaining_positive,3,1,1.0,True,True,True,False,False,False,True
row_00767,development,pos_839,YPQ,remaining_positive,3,1,1.0,True,True,True,False,False,False,True
row_00768,development,pos_840,GFPSG,remaining_positive,5,1,1.0,True,True,True,False,False,False,False
row_00769,development,pos_842,PLHH,remaining_positive,4,1,1.0,True,True,True,False,False,False,False
row_00770,development,pos_843,TTTAATS,remaining_positive,7,1,1.0,True,True,True,False,False,False,False
row_00771,development,pos_844,WVWWW,remaining_positive,5,1,1.0,True,True,True,False,False,False,False
row_00772,development,pos_845,RHM,remaining_positive,3,1,1.0,True,True,True,False,False,False,True
row_00773,development,pos_846,VMTVHNTPY,remaining_positive,9,1,1.0,True,True,True,False,False,False,False
row_00774,development,pos_847,APGIIPR,remaining_positive,7,1,1.0,True,True,True,False,False,False,False
row_00775,development,pos_848,CF,remaining_positive,2,1,1.0,True,True,True,False,False,False,True
row_00776,development,pos_850,WIR,remaining_positive,3,1,1.0,True,True,True,False,False,False,True
row_00777,development,pos_852,RNDDLNYIQ,remaining_positive,9,1,1.0,True,True,True,False,False,False,False
row_00778,development,pos_853,QRNNPY,remaining_positive,6,1,1.0,True,True,True,False,False,False,False
row_00779,development,pos_854,FPFF,remaining_positive,4,1,1.0,True,True,True,False,False,False,False
row_00780,development,pos_855,WVRQAPGKGL,remaining_positive,10,1,1.0,True,True,True,False,False,False,False
row_00781,development,pos_856,HLHP,remaining_positive,4,1,1.0,True,True,True,False,False,False,False
row_00782,development,pos_857,RHF,remaining_positive,3,1,1.0,True,True,True,False,False,False,True
row_00783,development,pos_858,RYLGYLE,remaining_positive,7,1,1.0,True,True,True,False,False,False,True
row_00784,development,pos_859,LTADILPR,remaining_positive,8,1,1.0,True,True,True,False,False,False,False
row_00785,development,pos_860,TGGGNV,remaining_positive,6,1,1.0,True,True,True,False,False,False,False
row_00786,development,pos_862,LHM,remaining_positive,3,1,1.0,True,True,True,False,False,False,True
row_00787,development,pos_863,LLR,remaining_positive,3,1,1.0,True,True,True,False,False,False,True
row_00788,development,pos_864,FRAL,remaining_positive,4,1,1.0,True,True,True,False,False,False,True
row_00789,development,pos_865,SKVLPVPQKAVPYPQ,remaining_positive,15,1,1.0,True,True,True,False,False,False,True
row_00790,development,pos_866,QYVLSRYPSYGLN,remaining_positive,13,1,1.0,True,True,True,False,False,False,False
row_00791,development,pos_868,LLES,remaining_positive,4,1,1.0,True,True,True,False,False,False,True
row_00792,development,pos_869,LAC,remaining_positive,3,1,1.0,True,True,True,False,False,False,True
row_00793,development,pos_870,DHHQ,remaining_positive,4,1,1.0,True,True,True,False,False,False,True
row_00794,development,pos_871,EFFDVSNEQ,remaining_positive,9,1,1.0,True,True,True,False,False,False,False
row_00795,development,pos_872,RPDFDLEPPY,remaining_positive,10,1,1.0,True,True,True,False,False,False,False
row_00796,development,pos_873,ASPKPSSA,remaining_positive,8,1,1.0,True,True,True,False,False,False,False
row_00797,development,pos_874,IAYKPAG,remaining_positive,7,1,1.0,True,True,True,False,False,False,False
row_00798,development,pos_875,LHALLL,remaining_positive,6,1,1.0,True,True,True,False,False,False,False
row_00799,development,pos_876,EERYP,remaining_positive,5,1,1.0,True,True,True,False,False,False,False
row_00800,development,pos_877,IFVPH,remaining_positive,5,1,1.0,True,True,True,False,False,False,False
row_00801,development,pos_878,QWFH,remaining_positive,4,1,1.0,True,True,True,False,False,False,False
row_00802,development,pos_879,MHIRL,remaining_positive,5,1,1.0,True,True,True,False,False,False,False
row_00803,development,pos_880,KHFLA,remaining_positive,5,1,1.0,True,True,True,False,False,False,False
row_00804,development,pos_881,AYFYPEL,remaining_positive,7,1,1.0,True,True,True,False,False,False,True
row_00805,development,pos_882,LPF,remaining_positive,3,1,1.0,True,True,True,False,False,False,True
row_00806,development,pos_883,LRIPVA,remaining_positive,6,1,1.0,True,True,True,False,False,False,False
row_00807,development,pos_884,LWT,remaining_positive,3,1,1.0,True,True,True,False,False,False,True
row_00808,development,pos_885,KLL,remaining_positive,3,1,1.0,True,True,True,False,False,False,True
row_00809,development,pos_886,GVSKVKEAMAPKH,remaining_positive,13,1,1.0,True,True,True,False,False,False,True
row_00810,development,pos_887,WPRGYFL,remaining_positive,7,1,1.0,True,True,True,False,False,False,False
row_00811,development,pos_888,PSYV,remaining_positive,4,1,1.0,True,True,True,False,False,False,True
row_00812,development,pos_889,LAGNPHQQQQN,remaining_positive,11,1,1.0,True,True,True,False,False,False,False
row_00813,development,pos_892,PYSFK,remaining_positive,5,1,1.0,True,True,True,False,False,False,False
row_00814,development,pos_893,VTAGLVGGGAGK,remaining_positive,12,1,1.0,True,True,True,False,False,False,False
row_00815,development,pos_894,RHPHPHLSFM,remaining_positive,10,1,1.0,True,True,True,False,False,False,False
row_00816,development,pos_895,AMRLTGNRPCIGAT,remaining_positive,14,1,1.0,True,True,True,False,False,False,False
row_00817,development,pos_897,GSPGADGPIGAPG,remaining_positive,13,1,1.0,True,True,True,False,False,False,False
row_00818,development,pos_898,CW,remaining_positive,2,1,1.0,True,True,True,False,False,False,True
row_00819,development,pos_899,HYY,remaining_positive,3,1,1.0,True,True,True,False,False,False,True
row_00820,development,pos_900,HQIYPV,remaining_positive,6,1,1.0,True,True,True,False,False,False,False
row_00821,development,pos_901,NVPGEIVE,remaining_positive,8,1,1.0,True,True,True,False,False,False,True
row_00822,development,pos_902,GEPGPPGPPGPPGPPG,remaining_positive,16,1,1.0,True,True,True,False,False,False,False
row_00823,development,pos_904,PAW,remaining_positive,3,1,1.0,True,True,True,False,False,False,True
row_00824,development,pos_905,YVM,remaining_positive,3,1,1.0,True,True,True,False,False,False,True
row_00825,development,pos_906,QCL,remaining_positive,3,1,1.0,True,True,True,False,False,False,True
row_00826,development,pos_907,LLPH,remaining_positive,4,1,1.0,True,True,True,False,False,False,True
row_00827,development,pos_908,GGWFL,remaining_positive,5,1,1.0,True,True,True,False,False,False,False
row_00828,development,pos_910,LPWRPATNVF,remaining_positive,10,1,1.0,True,True,True,False,False,False,False
row_00829,development,pos_911,PKYPVEPF,remaining_positive,8,1,1.0,True,True,True,False,False,False,True
row_00830,development,pos_912,NWEKIR,remaining_positive,6,1,1.0,True,True,True,False,False,False,False
row_00831,development,pos_913,GYLEQ,remaining_positive,5,1,1.0,True,True,True,False,False,False,True
row_00832,development,pos_914,LAQGTFLQPHQ,remaining_positive,11,1,1.0,True,True,True,False,False,False,False
row_00833,development,pos_915,YGL,remaining_positive,3,1,1.0,True,True,True,False,False,False,True
row_00834,development,pos_916,KDVPP,remaining_positive,5,1,1.0,True,True,True,False,False,False,False
row_00835,development,pos_917,YEGS,remaining_positive,4,1,1.0,True,True,True,False,False,False,True
row_00836,development,pos_919,YYS,remaining_positive,3,1,1.0,True,True,True,False,False,False,True
row_00837,development,pos_920,SALAM,remaining_positive,5,1,1.0,True,True,True,False,False,False,False
row_00838,development,pos_922,LHA,remaining_positive,3,1,1.0,True,True,True,False,False,False,True
row_00839,development,pos_923,YQGPIVLNPWDQVK,remaining_positive,14,1,1.0,True,True,True,False,False,False,False
row_00840,development,pos_924,YIY,remaining_positive,3,1,1.0,True,True,True,False,False,False,True
row_00841,development,pos_925,LTEIIP,remaining_positive,6,1,1.0,True,True,True,False,False,False,False
row_00842,development,pos_926,VEEPPKEE,remaining_positive,8,1,1.0,True,True,True,False,False,False,False
row_00843,development,pos_927,AMRLTGNRPCLYAT,remaining_positive,14,1,1.0,True,True,True,False,False,False,False
row_00844,development,pos_928,LLCVAV,remaining_positive,6,1,1.0,True,True,True,False,False,False,False
row_00845,development,pos_929,TVYQ,remaining_positive,4,1,1.0,True,True,True,False,False,False,True
row_00846,development,pos_930,KHH,remaining_positive,3,1,1.0,True,True,True,False,False,False,True
row_00847,development,pos_931,VHHANEN,remaining_positive,7,1,1.0,True,True,True,False,False,False,False
row_00848,development,pos_932,HQPPQPLPPTVMFPPQSVL,remaining_positive,19,1,1.0,True,True,True,False,False,False,False
row_00849,development,pos_933,NGPLLPSDEMDRA,remaining_positive,13,1,1.0,True,True,True,False,False,False,False
row_00850,development,pos_934,FYQL,remaining_positive,4,1,1.0,True,True,True,False,False,False,True
row_00851,development,pos_935,GNPIPREPGQVPAY,remaining_positive,14,1,1.0,True,True,True,False,False,False,False
row_00852,development,pos_936,TPCPPQ,remaining_positive,6,1,1.0,True,True,True,False,False,False,False
row_00853,development,pos_937,TF,remaining_positive,2,1,1.0,True,True,True,False,False,False,True
row_00854,development,pos_938,WYGPD,remaining_positive,5,1,1.0,True,True,True,False,False,False,True
row_00855,development,pos_939,WYSLAMAASDI,remaining_positive,11,1,1.0,True,True,True,False,False,False,False
row_00856,development,pos_940,LVSK,remaining_positive,4,1,1.0,True,True,True,False,False,False,True
row_00857,development,pos_941,ICNIMC,remaining_positive,6,1,1.0,True,True,True,False,False,False,False
row_00858,development,pos_942,ETW,remaining_positive,3,1,1.0,True,True,True,False,False,False,True
row_00859,development,pos_943,LHS,remaining_positive,3,1,1.0,True,True,True,False,False,False,True
row_00860,development,pos_944,GSIFVPH,remaining_positive,7,1,1.0,True,True,True,False,False,False,False
row_00861,development,pos_945,MRWRD,remaining_positive,5,1,1.0,True,True,True,False,False,False,False
row_00862,development,pos_946,PQIPEQF,remaining_positive,7,1,1.0,True,True,True,False,False,False,False
row_00863,development,pos_947,PAGSAAGAAP,remaining_positive,10,1,1.0,True,True,True,False,False,False,False
row_00864,development,pos_948,RYQ,remaining_positive,3,1,1.0,True,True,True,False,False,False,True
row_00865,development,pos_949,WK,remaining_positive,2,1,1.0,True,True,True,False,False,False,True
row_00866,development,pos_950,DVFNPR,remaining_positive,6,1,1.0,True,True,True,False,False,False,False
row_00867,development,pos_951,FSGGE,remaining_positive,5,1,1.0,True,True,True,False,False,False,False
row_00868,development,pos_952,GVPLT,remaining_positive,5,1,1.0,True,True,True,False,False,False,False
row_00869,development,pos_953,DGDPLLDQ,remaining_positive,8,1,1.0,True,True,True,False,False,False,False
row_00870,development,pos_954,LVP,remaining_positive,3,1,1.0,True,True,True,False,False,False,True
row_00871,development,pos_955,YHY,remaining_positive,3,1,1.0,True,True,True,False,False,False,True
row_00872,development,pos_956,FDRR,remaining_positive,4,1,1.0,True,True,True,False,False,False,False
row_00873,development,pos_959,SEALGVSSQVARQ,remaining_positive,13,1,1.0,True,True,True,False,False,False,False
row_00874,development,pos_960,RGWYE,remaining_positive,5,1,1.0,True,True,True,False,False,False,False
row_00875,development,pos_961,WIRGCRL,remaining_positive,7,1,1.0,True,True,True,False,False,False,False
row_00876,development,pos_962,RGY,remaining_positive,3,1,1.0,True,True,True,False,False,False,True
row_00877,development,pos_963,FVAPAGTINY,remaining_positive,10,1,1.0,True,True,True,False,False,False,False
row_00878,development,pos_964,HHW,remaining_positive,3,1,1.0,True,True,True,False,False,False,False
row_00879,development,pos_965,HLH,remaining_positive,3,1,1.0,True,True,True,False,False,False,True
row_00880,development,pos_966,YVNDAATLLPR,remaining_positive,11,1,1.0,True,True,True,False,False,False,False
row_00881,development,pos_967,RWW,remaining_positive,3,1,1.0,True,True,True,False,False,False,True
row_00882,development,pos_968,YDYD,remaining_positive,4,1,1.0,True,True,True,False,False,False,True
row_00883,development,pos_969,DLGSTGGRGPSAGM,remaining_positive,14,1,1.0,True,True,True,False,False,False,False
row_00884,development,pos_970,AMRLTYNKPCLYGT,remaining_positive,14,1,1.0,True,True,True,False,False,False,False
row_00885,development,pos_971,QGPPGPAGPA,remaining_positive,10,1,1.0,True,True,True,False,False,False,False
row_00886,development,pos_973,NALEPDHRVESEGG,remaining_positive,14,1,1.0,True,True,True,False,False,False,False
row_00887,development,pos_974,DFYNPKA,remaining_positive,7,1,1.0,True,True,True,False,False,False,False
row_00888,development,pos_975,HLLPK,remaining_positive,5,1,1.0,True,True,True,False,False,False,False
row_00889,development,pos_976,WG,remaining_positive,2,1,1.0,True,True,True,False,False,False,True
row_00890,development,pos_977,EVR,remaining_positive,3,1,1.0,True,True,True,False,False,False,True
row_00891,development,pos_978,RLKKY,remaining_positive,5,1,1.0,True,True,True,False,False,False,True
row_00892,development,pos_979,NGDPLLDQ,remaining_positive,8,1,1.0,True,True,True,False,False,False,False
row_00893,development,pos_980,LER,remaining_positive,3,1,1.0,True,True,True,False,False,False,True
row_00894,development,pos_981,KKY,remaining_positive,3,1,1.0,True,True,True,False,False,False,True
row_00895,development,pos_982,EYW,remaining_positive,3,1,1.0,True,True,True,False,False,False,True
row_00896,development,pos_983,HHF,remaining_positive,3,1,1.0,True,True,True,False,False,False,True
row_00897,development,pos_984,TDY,remaining_positive,3,1,1.0,True,True,True,False,False,False,True
row_00898,development,pos_985,VIYVVDLR,remaining_positive,8,1,1.0,True,True,True,False,False,False,False
row_00899,development,pos_986,VY,remaining_positive,2,1,1.0,True,True,True,False,False,False,True
row_00900,development,pos_987,FALPQYLK,remaining_positive,8,1,1.0,True,True,True,False,False,False,False
row_00901,development,pos_988,TY,remaining_positive,2,1,1.0,True,True,True,False,False,False,True
row_00902,development,pos_989,YP,remaining_positive,2,1,1.0,True,True,True,False,False,False,True
row_00903,development,pos_990,VAAV,remaining_positive,4,1,1.0,True,True,True,False,False,False,True
row_00904,development,pos_991,HNLDTQTESDV,remaining_positive,11,1,1.0,True,True,True,False,False,False,False
row_00905,development,pos_992,LMCH,remaining_positive,4,1,1.0,True,True,True,False,False,False,False
row_00906,development,pos_993,KEFFPA,remaining_positive,6,1,1.0,True,True,True,False,False,False,False
row_00907,development,pos_994,APGPAGARGN,remaining_positive,10,1,1.0,True,True,True,False,False,False,False
row_00908,development,pos_995,LKYPI,remaining_positive,5,1,1.0,True,True,True,False,False,False,False
row_00909,development,pos_996,HYEG,remaining_positive,4,1,1.0,True,True,True,False,False,False,True
row_00910,development,pos_997,FWG,remaining_positive,3,1,1.0,True,True,True,False,False,False,True
row_00911,development,pos_998,PWT,remaining_positive,3,1,1.0,True,True,True,False,False,False,True
row_00912,development,pos_999,VLWEE,remaining_positive,5,1,1.0,True,True,True,False,False,False,False
row_00913,development,pos_1000,MFLG,remaining_positive,4,1,1.0,True,True,True,False,False,False,True
row_00914,development,pos_1001,LWM,remaining_positive,3,1,1.0,True,True,True,False,False,False,True
row_00915,development,pos_1002,CGFPGHC,remaining_positive,7,1,1.0,True,True,True,False,False,False,False
row_00916,development,pos_1003,VKRP,remaining_positive,4,1,1.0,True,True,True,False,False,False,True
row_00917,development,pos_1004,KVR,remaining_positive,3,1,1.0,True,True,True,False,False,False,True
row_00918,development,pos_1005,PWY,remaining_positive,3,1,1.0,True,True,True,False,False,False,True
row_00919,development,pos_1006,QTFQYSRGWTN,remaining_positive,11,1,1.0,True,True,True,False,False,False,False
row_00920,development,pos_1007,IKL,remaining_positive,3,1,1.0,True,True,True,False,False,False,True
row_00921,development,pos_1008,FLWLKKTPLPL,remaining_positive,11,1,1.0,True,True,True,False,False,False,False
row_00922,development,pos_1009,ASGLCPEEAVPRR,remaining_positive,13,1,1.0,True,True,True,False,False,False,False
row_00923,development,pos_1010,TIIPLPV,remaining_positive,7,1,1.0,True,True,True,False,False,False,False
row_00924,development,pos_1011,LLW,remaining_positive,3,1,1.0,True,True,True,False,False,False,True
row_00925,development,pos_1012,VVKL,remaining_positive,4,1,1.0,True,True,True,False,False,False,True
row_00926,development,pos_1013,YGGVSLPEW,remaining_positive,9,1,1.0,True,True,True,False,False,False,False
row_00927,development,pos_1014,HAEIN,remaining_positive,5,1,1.0,True,True,True,False,False,False,False
row_00928,development,pos_1015,WVSPLAGRT,remaining_positive,9,1,1.0,True,True,True,False,False,False,False
row_00929,development,pos_1016,FVDAQPQQKEEG,remaining_positive,12,1,1.0,True,True,True,False,False,False,False
row_00930,development,pos_1018,FPLEMMPF,remaining_positive,8,1,1.0,True,True,True,False,False,False,False
row_00931,development,pos_1019,WRNRCKGTD,remaining_positive,9,1,1.0,True,True,True,False,False,False,False
row_00932,development,pos_1020,KGLFG,remaining_positive,5,1,1.0,True,True,True,False,False,False,False
row_00933,development,pos_1021,ARW,remaining_positive,3,1,1.0,True,True,True,False,False,False,True
row_00934,development,pos_1022,GPAGPTGARGAP,remaining_positive,12,1,1.0,True,True,True,False,False,False,False
row_00935,development,pos_1023,PHT,remaining_positive,3,1,1.0,True,True,True,False,False,False,True
row_00936,development,pos_1024,AGGGGGGGGGGGKNL,remaining_positive,15,1,1.0,True,True,True,False,False,False,False
row_00937,development,pos_1025,HHLGGAKQAGDV,remaining_positive,12,1,1.0,True,True,True,False,False,False,False
row_00938,development,pos_1026,VVLY,remaining_positive,4,1,1.0,True,True,True,False,False,False,True
row_00939,development,pos_1027,LSDLHAHKL,remaining_positive,9,1,1.0,True,True,True,False,False,False,False
row_00940,development,pos_1028,GGRP,remaining_positive,4,1,1.0,True,True,True,False,False,False,True
row_00941,development,pos_1029,FVPH,remaining_positive,4,1,1.0,True,True,True,False,False,False,False
row_00942,development,pos_1030,HPLH,remaining_positive,4,1,1.0,True,True,True,False,False,False,False
row_00943,development,pos_1031,MM,remaining_positive,2,1,1.0,True,True,True,False,False,False,True
row_00944,development,pos_1032,AVFPSIVGRPR,remaining_positive,11,1,1.0,True,True,True,False,False,False,False
row_00945,development,pos_1033,RVPSLM,remaining_positive,6,1,1.0,True,True,True,False,False,False,False
row_00946,development,pos_1034,YLAGMN,remaining_positive,6,1,1.0,True,True,True,False,False,False,False
row_00947,development,pos_1035,MN,remaining_positive,2,1,1.0,True,True,True,False,False,False,True
row_00948,development,pos_1036,FLPE,remaining_positive,4,1,1.0,True,True,True,False,False,False,True
row_00949,development,pos_1037,RDY,remaining_positive,3,1,1.0,True,True,True,False,False,False,True
row_00950,development,pos_1038,NMGPLLPQ,remaining_positive,8,1,1.0,True,True,True,False,False,False,False
row_00951,development,pos_1039,QHH,remaining_positive,3,1,1.0,True,True,True,False,False,False,True
row_00952,development,pos_1040,PHA,remaining_positive,3,1,1.0,True,True,True,False,False,False,True
row_00953,development,pos_1041,QLGNLGV,remaining_positive,7,1,1.0,True,True,True,False,False,False,False
row_00954,development,pos_1042,AIILHQQ,remaining_positive,7,1,1.0,True,True,True,False,False,False,False
row_00955,development,pos_1043,MHH,remaining_positive,3,1,1.0,True,True,True,False,False,False,True
row_00956,development,pos_1044,YGVSGYPTLK,remaining_positive,10,1,1.0,True,True,True,False,False,False,False
row_00957,development,pos_1046,YGY,remaining_positive,3,1,1.0,True,True,True,False,False,False,True
row_00958,development,pos_1047,VFD,remaining_positive,3,1,1.0,True,True,True,False,False,False,True
row_00959,development,pos_1048,PSIVGRP,remaining_positive,7,1,1.0,True,True,True,False,False,False,False
row_00960,development,pos_1049,ACGSDGK,remaining_positive,7,1,1.0,True,True,True,False,False,False,False
row_00961,development,pos_1050,MWC,remaining_positive,3,1,1.0,True,True,True,False,False,False,True
row_00962,development,pos_1051,LVYLVR,remaining_positive,6,1,1.0,True,True,True,False,False,False,False
row_00963,development,pos_1052,WAFAPA,remaining_positive,6,1,1.0,True,True,True,False,False,False,False
row_00964,development,pos_1053,LHN,remaining_positive,3,1,1.0,True,True,True,False,False,False,True
row_00965,development,pos_1054,PYVRYL,remaining_positive,6,1,1.0,True,True,True,False,False,False,False
row_00966,development,pos_1058,AEEEYPDL,remaining_positive,8,1,1.0,True,True,True,False,False,False,False
row_00967,development,pos_1059,LW,remaining_positive,2,1,1.0,True,True,True,False,False,False,True
row_00968,development,pos_1060,LAYLQYTDFETR,remaining_positive,12,1,1.0,True,True,True,False,False,False,False
row_00969,development,pos_1061,CGWKY,remaining_positive,5,1,1.0,True,True,True,False,False,False,False
row_00970,development,pos_1062,YLMSR,remaining_positive,5,1,1.0,True,True,True,False,False,False,False
row_00971,development,pos_1063,ISELGW,remaining_positive,6,1,1.0,True,True,True,False,False,False,False
row_00972,development,pos_1064,PTGPNNGLSY,remaining_positive,10,1,1.0,True,True,True,False,False,False,False
row_00973,development,pos_1065,YYIVS,remaining_positive,5,1,1.0,True,True,True,False,False,False,False
row_00974,development,pos_1066,VGALAVVVWLWLWLW,remaining_positive,15,1,1.0,True,True,True,False,False,False,False
row_00975,development,pos_1067,LHSMK,remaining_positive,5,1,1.0,True,True,True,False,False,False,True
row_00976,development,pos_1068,INNQFLPYPYYAKPA,remaining_positive,15,1,1.0,True,True,True,False,False,False,False
row_00977,development,pos_1069,TAAIVNTA,remaining_positive,8,1,1.0,True,True,True,False,False,False,False
row_00978,development,pos_1070,PEL,remaining_positive,3,1,1.0,True,True,True,False,False,False,True
row_00979,development,pos_1071,LGY,remaining_positive,3,1,1.0,True,True,True,False,False,False,True
row_00980,development,pos_1072,VKEAMPK,remaining_positive,7,1,1.0,True,True,True,False,False,False,False
row_00981,development,pos_1073,VPVTST,remaining_positive,6,1,1.0,True,True,True,False,False,False,False
row_00982,development,pos_1074,QAY,remaining_positive,3,1,1.0,True,True,True,False,False,False,True
row_00983,development,pos_1075,RPEELGPNK,remaining_positive,9,1,1.0,True,True,True,False,False,False,False
row_00984,development,pos_1076,NM,remaining_positive,2,1,1.0,True,True,True,False,False,False,True
row_00985,development,pos_1078,YQETSSSSSQE,remaining_positive,11,1,1.0,True,True,True,False,False,False,False
row_00986,development,pos_1080,YQLD,remaining_positive,4,1,1.0,True,True,True,False,False,False,True
row_00987,development,pos_1081,TSNLLT,remaining_positive,6,1,1.0,True,True,True,False,False,False,False
row_00988,development,pos_1082,QLPLL,remaining_positive,5,1,1.0,True,True,True,False,False,False,False
row_00989,development,pos_1083,KYY,remaining_positive,3,1,1.0,True,True,True,False,False,False,True
row_00990,development,pos_1084,IGPSSSPDIYNPEAGRIK,remaining_positive,18,1,1.0,True,True,True,False,False,False,False
row_00991,development,pos_1085,LHR,remaining_positive,3,1,1.0,True,True,True,False,False,False,True
row_00992,development,pos_1087,NPPADLHK,remaining_positive,8,1,1.0,True,True,True,False,False,False,False
row_00993,development,pos_1088,YYA,remaining_positive,3,1,1.0,True,True,True,False,False,False,True
row_00994,development,pos_1089,VKVLLEHPVL,remaining_positive,10,1,1.0,True,True,True,False,False,False,False
row_00995,development,pos_1090,LLRSVGVPL,remaining_positive,9,1,1.0,True,True,True,False,False,False,False
row_00996,development,pos_1091,AFWYGLPCKL,remaining_positive,10,1,1.0,True,True,True,False,False,False,False
row_00997,development,pos_1092,GPPGPPGPPGPPG,remaining_positive,13,1,1.0,True,True,True,False,False,False,False
row_00998,development,pos_1093,SGGY,remaining_positive,4,1,1.0,True,True,True,False,False,False,True
row_00999,development,pos_1094,TCSP,remaining_positive,4,1,1.0,True,True,True,False,False,False,True
row_01000,development,pos_1095,AMRLTYNRPGIYAT,remaining_positive,14,1,1.0,True,True,True,False,False,False,False
row_01001,development,pos_1096,YLGY,remaining_positive,4,1,1.0,True,True,True,False,False,False,True
row_01002,development,pos_1097,DHTKE,remaining_positive,5,1,1.0,True,True,True,False,False,False,False
row_01003,development,pos_1098,DAQEFKR,remaining_positive,7,1,1.0,True,True,True,False,False,False,False
row_01004,development,pos_1099,DVPPYM,remaining_positive,6,1,1.0,True,True,True,False,False,False,False
row_01005,development,pos_1100,PIGSENS,remaining_positive,7,1,1.0,True,True,True,False,False,False,True
row_01006,development,pos_1102,HLQDFGSEILPR,remaining_positive,12,1,1.0,True,True,True,False,False,False,False
row_01007,development,pos_1103,AQIPQQ,remaining_positive,6,1,1.0,True,True,True,False,False,False,False
row_01008,development,pos_1104,RHT,remaining_positive,3,1,1.0,True,True,True,False,False,False,True
row_01009,development,pos_1105,NGRFY,remaining_positive,5,1,1.0,True,True,True,False,False,False,False
row_01010,development,pos_1106,QGLQGLPGT,remaining_positive,9,1,1.0,True,True,True,False,False,False,False
row_01011,development,pos_1108,VDHDHPE,remaining_positive,7,1,1.0,True,True,True,False,False,False,False
row_01012,development,pos_1109,KNILE,remaining_positive,5,1,1.0,True,True,True,False,False,False,False
row_01013,development,pos_1110,VAWRNRCKGTD,remaining_positive,11,1,1.0,True,True,True,False,False,False,False
row_01014,development,pos_1111,DLSDGEQGVL,remaining_positive,10,1,1.0,True,True,True,False,False,False,False
row_01015,development,pos_1112,GLDIQK,remaining_positive,6,1,1.0,True,True,True,False,False,False,False
row_01016,development,pos_1113,PLPPHMLP,remaining_positive,8,1,1.0,True,True,True,False,False,False,False
row_01017,development,pos_1114,VAITLTMK,remaining_positive,8,1,1.0,True,True,True,False,False,False,False
row_01018,development,pos_1116,EYY,remaining_positive,3,1,1.0,True,True,True,False,False,False,True
row_01019,development,pos_1117,YPFVE,remaining_positive,5,1,1.0,True,True,True,False,False,False,False
row_01020,development,pos_1118,LPGPILSSFPQ,remaining_positive,11,1,1.0,True,True,True,False,False,False,False
row_01021,development,pos_1119,YPFPGPIN,remaining_positive,8,1,1.0,True,True,True,False,False,False,False
row_01022,development,pos_1120,LMRWMR,remaining_positive,6,1,1.0,True,True,True,False,False,False,False
row_01023,development,pos_1121,HC,remaining_positive,2,1,1.0,True,True,True,False,False,False,True
row_01024,development,pos_1122,KYIPIQYVLS,remaining_positive,10,1,1.0,True,True,True,False,False,False,False
row_01025,development,pos_1123,YPFVEP,remaining_positive,6,1,1.0,True,True,True,False,False,False,False
row_01026,development,pos_1124,FSEY,remaining_positive,4,1,1.0,True,True,True,False,False,False,False
row_01027,development,pos_1126,AH,remaining_positive,2,1,1.0,True,True,True,False,False,False,True
row_01028,development,pos_1127,EQEEEESTGRMK,remaining_positive,12,1,1.0,True,True,True,False,False,False,False
row_01029,development,pos_1128,PKAV,remaining_positive,4,1,1.0,True,True,True,False,False,False,True
row_01030,development,pos_1130,VAPEEHPV,remaining_positive,8,1,1.0,True,True,True,False,False,False,False
row_01031,development,pos_1131,YPFPGPI,remaining_positive,7,1,1.0,True,True,True,False,False,False,True
row_01032,development,pos_1132,WYSLA,remaining_positive,5,1,1.0,True,True,True,False,False,False,False
row_01033,development,pos_1134,NQNGRFY,remaining_positive,7,1,1.0,True,True,True,False,False,False,False
row_01034,development,pos_1135,PAGY,remaining_positive,4,1,1.0,True,True,True,False,False,False,True
row_01035,development,pos_1136,IPP,remaining_positive,3,1,1.0,True,True,True,False,False,False,True
row_01036,development,pos_1137,AHK,remaining_positive,3,1,1.0,True,True,True,False,False,False,True
row_01037,development,pos_1139,FFGFN,remaining_positive,5,1,1.0,True,True,True,False,False,False,False
row_01038,development,pos_1140,YLLF,remaining_positive,4,1,1.0,True,True,True,False,False,False,True
row_01039,development,pos_1141,ISELGY,remaining_positive,6,1,1.0,True,True,True,False,False,False,False
row_01040,development,pos_1142,DGVVYY,remaining_positive,6,1,1.0,True,True,True,False,False,False,False
row_01041,development,pos_1143,VAPFPQ,remaining_positive,6,1,1.0,True,True,True,False,False,False,False
row_01042,development,pos_1144,PGCPST,remaining_positive,6,1,1.0,True,True,True,False,False,False,False
row_01043,development,pos_1145,GQVPP,remaining_positive,5,1,1.0,True,True,True,False,False,False,False
row_01044,development,pos_1146,SDEEVEH,remaining_positive,7,1,1.0,True,True,True,False,False,False,False
row_01045,development,pos_1147,SCQDQPTTLAR,remaining_positive,11,1,1.0,True,True,True,False,False,False,False
row_01046,development,pos_1148,DDDY,remaining_positive,4,1,1.0,True,True,True,False,False,False,True
row_01047,development,pos_1149,YQY,remaining_positive,3,1,1.0,True,True,True,False,False,False,True
row_01048,development,pos_1150,GKPVAVPA,remaining_positive,8,1,1.0,True,True,True,False,False,False,False
row_01049,development,pos_1151,SRGLPGME,remaining_positive,8,1,1.0,True,True,True,False,False,False,False
row_01050,development,pos_1152,EGGDGGYGGGGGGSRW,remaining_positive,16,1,1.0,True,True,True,False,False,False,False
row_01051,development,pos_1153,GWNI,remaining_positive,4,1,1.0,True,True,True,False,False,False,False
row_01052,development,pos_1154,GKGEGGGGLA,remaining_positive,10,1,1.0,True,True,True,False,False,False,False
row_01053,development,pos_1155,NIPPLTQTPVVVPFLQPEVM,remaining_positive,20,1,1.0,True,True,True,False,False,False,False
row_01054,development,pos_1157,RHD,remaining_positive,3,1,1.0,True,True,True,False,False,False,True
row_01055,development,pos_1159,YYK,remaining_positive,3,1,1.0,True,True,True,False,False,False,True
row_01056,development,pos_1160,ESTLHLVLR,remaining_positive,9,1,1.0,True,True,True,False,False,False,False
row_01057,development,pos_1161,PHG,remaining_positive,3,1,1.0,True,True,True,False,False,False,True
row_01058,development,pos_1162,GPVRGPFPII,remaining_positive,10,1,1.0,True,True,True,False,False,False,True
row_01059,development,pos_1163,APFPEVFGKEKVNEL,remaining_positive,15,1,1.0,True,True,True,False,False,False,True
row_01060,development,pos_1165,EIVPN,remaining_positive,5,1,1.0,True,True,True,False,False,False,True
row_01061,development,pos_1166,LALPA,remaining_positive,5,1,1.0,True,True,True,False,False,False,False
row_01062,development,pos_1167,YMY,remaining_positive,3,1,1.0,True,True,True,False,False,False,True
row_01063,development,pos_1168,GPSGPPGPKGN,remaining_positive,11,1,1.0,True,True,True,False,False,False,False
row_01064,development,pos_1169,ALEPDHR,remaining_positive,7,1,1.0,True,True,True,False,False,False,False
row_01065,development,pos_1171,TWKVV,remaining_positive,5,1,1.0,True,True,True,False,False,False,False
row_01066,development,pos_1172,QGAR,remaining_positive,4,1,1.0,True,True,True,False,False,False,False
row_01067,development,pos_1173,LWQ,remaining_positive,3,1,1.0,True,True,True,False,False,False,True
row_01068,development,pos_1175,LSNLHAYNL,remaining_positive,9,1,1.0,True,True,True,False,False,False,False
row_01069,development,pos_1176,VLSTSFPPK,remaining_positive,9,1,1.0,True,True,True,False,False,False,False
row_01070,development,pos_1178,NPFMAP,remaining_positive,6,1,1.0,True,True,True,False,False,False,False
row_01071,development,pos_1179,ADF,remaining_positive,3,1,1.0,True,True,True,False,False,False,True
row_01072,development,pos_1180,KGALG,remaining_positive,5,1,1.0,True,True,True,False,False,False,False
row_01073,development,pos_1181,YPWT,remaining_positive,4,1,1.0,True,True,True,False,False,False,True
row_01074,development,pos_1182,WAFS,remaining_positive,4,1,1.0,True,True,True,False,False,False,False
row_01075,development,pos_1183,ANSLLN,remaining_positive,6,1,1.0,True,True,True,False,False,False,False
row_01076,development,pos_1184,NSGPLVNP,remaining_positive,8,1,1.0,True,True,True,False,False,False,False
row_01077,development,pos_1185,KYP,remaining_positive,3,1,1.0,True,True,True,False,False,False,True
row_01078,development,pos_1186,LAPSTIK,remaining_positive,7,1,1.0,True,True,True,False,False,False,False
row_01079,development,pos_1187,PWA,remaining_positive,3,1,1.0,True,True,True,False,False,False,True
row_01080,development,pos_1188,CTN,remaining_positive,3,1,1.0,True,True,True,False,False,False,False
row_01081,development,pos_1189,KGIFG,remaining_positive,5,1,1.0,True,True,True,False,False,False,False
row_01082,development,pos_1191,RWQ,remaining_positive,3,1,1.0,True,True,True,False,False,False,True
row_01083,development,pos_1192,YAKP,remaining_positive,4,1,1.0,True,True,True,False,False,False,False
row_01084,development,pos_1193,TSVLR,remaining_positive,5,1,1.0,True,True,True,False,False,False,True
row_01085,development,pos_1195,VCSV,remaining_positive,4,1,1.0,True,True,True,False,False,False,True
row_01086,development,pos_1196,AGWNIPIGT,remaining_positive,9,1,1.0,True,True,True,False,False,False,False
row_01087,development,pos_1197,WDHHAPQLR,remaining_positive,9,1,1.0,True,True,True,False,False,False,False
row_01088,development,pos_1198,SLPGGYGL,remaining_positive,8,1,1.0,True,True,True,False,False,False,False
row_01089,development,pos_1199,YEY,remaining_positive,3,1,1.0,True,True,True,False,False,False,True
row_01090,development,pos_1200,RYLGY,remaining_positive,5,1,1.0,True,True,True,False,False,False,True
row_01091,development,pos_1202,WGN,remaining_positive,3,1,1.0,True,True,True,False,False,False,True
row_01092,development,pos_1203,GLPQEVLN,remaining_positive,8,1,1.0,True,True,True,False,False,False,True
row_01093,development,pos_1204,VVVNIPPTLK,remaining_positive,10,1,1.0,True,True,True,False,False,False,False
row_01094,development,pos_1205,GRW,remaining_positive,3,1,1.0,True,True,True,False,False,False,True
row_01095,development,pos_1206,RGLSK,remaining_positive,5,1,1.0,True,True,True,False,False,False,False
row_01096,development,pos_1207,GTPGLQGMPGER,remaining_positive,12,1,1.0,True,True,True,False,False,False,False
row_01097,development,pos_1208,SVL,remaining_positive,3,1,1.0,True,True,True,False,False,False,True
row_01098,development,pos_1209,VLPPQQQY,remaining_positive,8,1,1.0,True,True,True,False,False,False,False
row_01099,development,pos_1210,WPWQMSLY,remaining_positive,8,1,1.0,True,True,True,False,False,False,False
row_01100,development,pos_1211,YVEELKPTPEGDL,remaining_positive,13,1,1.0,True,True,True,False,False,False,False
row_01101,development,pos_1212,FWKVV,remaining_positive,5,1,1.0,True,True,True,False,False,False,False
row_01102,development,pos_1213,LSPLYE,remaining_positive,6,1,1.0,True,True,True,False,False,False,False
row_01103,development,pos_1214,HANENIF,remaining_positive,7,1,1.0,True,True,True,False,False,False,False
row_01104,development,pos_1216,YAEERYPIL,remaining_positive,9,1,1.0,True,True,True,False,False,False,False
row_01105,development,pos_1218,YGIKVGYAIP,remaining_positive,10,1,1.0,True,True,True,False,False,False,False
row_01106,development,pos_1219,YIPIQYVLSR,remaining_positive,10,1,1.0,True,True,True,False,False,False,False
row_01107,development,pos_1220,PVLGPVRGPFPI,remaining_positive,12,1,1.0,True,True,True,False,False,False,True
row_01108,development,pos_1221,YFYPEL,remaining_positive,6,1,1.0,True,True,True,False,False,False,True
row_01109,development,pos_1222,KVEGDLK,remaining_positive,7,1,1.0,True,True,True,False,False,False,False
row_01110,development,pos_1223,IRWWW,remaining_positive,5,1,1.0,True,True,True,False,False,False,False
row_01111,development,pos_1224,YGPQQQE,remaining_positive,7,1,1.0,True,True,True,False,False,False,False
row_01112,development,pos_1225,YFLWP,remaining_positive,5,1,1.0,True,True,True,False,False,False,False
row_01113,development,pos_1226,EDELQDKIHPF,remaining_positive,11,1,1.0,True,True,True,False,False,False,True
row_01114,development,pos_1227,SVMPVVA,remaining_positive,7,1,1.0,True,True,True,False,False,False,False
row_01115,development,pos_1228,AAAAG,remaining_positive,5,1,1.0,True,True,True,False,False,False,True
row_01116,development,pos_1229,RHS,remaining_positive,3,1,1.0,True,True,True,False,False,False,True
row_01117,development,pos_1230,LVYPFPGPIPN,remaining_positive,11,1,1.0,True,True,True,False,False,False,True
row_01118,development,pos_1232,VPP,remaining_positive,3,1,1.0,True,True,True,False,False,False,True
row_01119,development,pos_1233,PNRPQF,remaining_positive,6,1,1.0,True,True,True,False,False,False,False
row_01120,development,pos_1234,RHR,remaining_positive,3,1,1.0,True,True,True,False,False,False,True
row_01121,development,pos_1235,PKAVHE,remaining_positive,6,1,1.0,True,True,True,False,False,False,False
row_01122,development,pos_1236,EPVLGPVRGPFP,remaining_positive,12,1,1.0,True,True,True,False,False,False,True
row_01123,development,pos_1237,RNPIYS,remaining_positive,6,1,1.0,True,True,True,False,False,False,False
row_01124,development,pos_1238,GYY,remaining_positive,3,1,1.0,True,True,True,False,False,False,True
row_01125,development,pos_1239,LVSGM,remaining_positive,5,1,1.0,True,True,True,False,False,False,False
row_01126,development,pos_1240,LTPTSN,remaining_positive,6,1,1.0,True,True,True,False,False,False,False
row_01127,development,pos_1241,VKELY,remaining_positive,5,1,1.0,True,True,True,False,False,False,False
row_01128,development,pos_1242,MWTD,remaining_positive,4,1,1.0,True,True,True,False,False,False,False
row_01129,development,pos_1243,GPAGDY,remaining_positive,6,1,1.0,True,True,True,False,False,False,False
row_01130,development,pos_1245,KHNRGDEF,remaining_positive,8,1,1.0,True,True,True,False,False,False,False
row_01131,development,pos_1246,PQGPIGVP,remaining_positive,8,1,1.0,True,True,True,False,False,False,False
row_01132,development,pos_1247,GPPGPPGPPG,remaining_positive,10,1,1.0,True,True,True,False,False,False,False
row_01133,development,pos_1248,NTVPAKSCQAQPTTM,remaining_positive,15,1,1.0,True,True,True,False,False,False,False
row_01134,development,pos_1249,LHH,remaining_positive,3,1,1.0,True,True,True,False,False,False,True
row_01135,development,pos_1250,PQFYW,remaining_positive,5,1,1.0,True,True,True,False,False,False,False
row_01136,development,pos_1251,FHNMEK,remaining_positive,6,1,1.0,True,True,True,False,False,False,False
row_01137,development,pos_1252,MY,remaining_positive,2,1,1.0,True,True,True,False,False,False,True
row_01138,development,pos_1253,EDVPSER,remaining_positive,7,1,1.0,True,True,True,False,False,False,True
row_01139,development,pos_1254,LASSGIDHEGRLPR,remaining_positive,14,1,1.0,True,True,True,False,False,False,False
row_01140,development,pos_1255,WISELG,remaining_positive,6,1,1.0,True,True,True,False,False,False,False
row_01141,development,pos_1256,GFGPGL,remaining_positive,6,1,1.0,True,True,True,False,False,False,True
row_01142,development,pos_1257,AFDEGPWPK,remaining_positive,9,1,1.0,True,True,True,False,False,False,False
row_01143,development,pos_1258,WVYY,remaining_positive,4,1,1.0,True,True,True,False,False,False,False
row_01144,development,pos_1259,YIQKEDVPSER,remaining_positive,11,1,1.0,True,True,True,False,False,False,False
row_01145,development,pos_1260,FIGP,remaining_positive,4,1,1.0,True,True,True,False,False,False,False
row_01146,development,pos_1261,PAR,remaining_positive,3,1,1.0,True,True,True,False,False,False,True
row_01147,development,pos_1262,NLNQCQRYM,remaining_positive,9,1,1.0,True,True,True,False,False,False,False
row_01148,development,pos_1263,SY,remaining_positive,2,1,1.0,True,True,True,False,False,False,True
row_01149,development,pos_1264,LELPLK,remaining_positive,6,1,1.0,True,True,True,False,False,False,False
row_01150,development,pos_1265,FLNDFLHV,remaining_positive,8,1,1.0,True,True,True,False,False,False,False
row_01151,development,pos_1266,SVLGTGC,remaining_positive,7,1,1.0,True,True,True,False,False,False,False
row_01152,development,pos_1267,QAGTGAGAGGGAGTKTSS,remaining_positive,18,1,1.0,True,True,True,False,False,False,False
row_01153,development,pos_1269,PMRGGGGGYHY,remaining_positive,11,1,1.0,True,True,True,False,False,False,False
row_01154,development,pos_1271,TETWNPNHPEL,remaining_positive,11,1,1.0,True,True,True,False,False,False,False
row_01155,development,pos_1272,YSK,remaining_positive,3,1,1.0,True,True,True,False,False,False,True
row_01156,development,pos_1273,YIEAVNKVSPRAGQF,remaining_positive,15,1,1.0,True,True,True,False,False,False,False
row_01157,development,pos_1274,PMDYMVT,remaining_positive,7,1,1.0,True,True,True,False,False,False,False
row_01158,development,pos_1276,FAGDDAPR,remaining_positive,8,1,1.0,True,True,True,False,False,False,False
row_01159,development,pos_1277,SSGFTY,remaining_positive,6,1,1.0,True,True,True,False,False,False,False
row_01160,development,pos_1278,AFK,remaining_positive,3,1,1.0,True,True,True,False,False,False,True
row_01161,development,pos_1279,PHR,remaining_positive,3,1,1.0,True,True,True,False,False,False,True
row_01162,development,pos_1280,PWF,remaining_positive,3,1,1.0,True,True,True,False,False,False,True
row_01163,development,pos_1281,WYSLAM,remaining_positive,6,1,1.0,True,True,True,False,False,False,False
row_01164,development,pos_1282,RIY,remaining_positive,3,1,1.0,True,True,True,False,False,False,True
row_01165,development,pos_1283,SLHFME,remaining_positive,6,1,1.0,True,True,True,False,False,False,False
row_01166,development,pos_1284,SPW,remaining_positive,3,1,1.0,True,True,True,False,False,False,True
row_01167,development,pos_1285,FLVPPQE,remaining_positive,7,1,1.0,True,True,True,False,False,False,False
row_01168,development,pos_1286,LPM,remaining_positive,3,1,1.0,True,True,True,False,False,False,True
row_01169,development,pos_1287,RHG,remaining_positive,3,1,1.0,True,True,True,False,False,False,True
row_01170,development,pos_1288,IQW,remaining_positive,3,1,1.0,True,True,True,False,False,False,True
row_01171,development,pos_1289,PIAAEVYEHTEGSTTSY,remaining_positive,17,1,1.0,True,True,True,False,False,False,False
row_01172,development,pos_1290,YLY,remaining_positive,3,1,1.0,True,True,True,False,False,False,True
row_01173,development,pos_1293,PGRW,remaining_positive,4,1,1.0,True,True,True,False,False,False,False
row_01174,development,pos_1294,YPLDL,remaining_positive,5,1,1.0,True,True,True,False,False,False,False
row_01175,development,pos_1295,PHY,remaining_positive,3,1,1.0,True,True,True,False,False,False,True
row_01176,development,pos_1296,LHT,remaining_positive,3,1,1.0,True,True,True,False,False,False,True
row_01177,development,pos_1297,GGGGYGGGGGGYGGGGGGY,remaining_positive,19,1,1.0,True,True,True,False,False,False,False
row_01178,development,pos_1298,QQFQQSGQAQLTE,remaining_positive,13,1,1.0,True,True,True,False,False,False,False
row_01179,development,pos_1299,KLLHA,remaining_positive,5,1,1.0,True,True,True,False,False,False,False
row_01180,development,pos_1300,CYGPNR,remaining_positive,6,1,1.0,True,True,True,False,False,False,False
row_01181,development,pos_1301,MYGAVTPVK,remaining_positive,9,1,1.0,True,True,True,False,False,False,False
row_01182,development,pos_1302,PGWNQWFL,remaining_positive,8,1,1.0,True,True,True,False,False,False,False
row_01183,development,pos_1303,DWMKGQ,remaining_positive,6,1,1.0,True,True,True,False,False,False,False
row_01184,development,pos_1304,FFNPVH,remaining_positive,6,1,1.0,True,True,True,False,False,False,False
row_01185,development,pos_1305,HKH,remaining_positive,3,1,1.0,True,True,True,False,False,False,True
row_01186,development,pos_1306,VTSLDLPVLRW,remaining_positive,11,1,1.0,True,True,True,False,False,False,False
row_01187,development,pos_1307,LLFAMTKPK,remaining_positive,9,1,1.0,True,True,True,False,False,False,False
row_01188,development,pos_1309,IVPK,remaining_positive,4,1,1.0,True,True,True,False,False,False,True
row_01189,development,pos_1310,VPYPQR,remaining_positive,6,1,1.0,True,True,True,False,False,False,True
row_01190,development,pos_1311,HPIKHQGLPQ,remaining_positive,10,1,1.0,True,True,True,False,False,False,True
row_01191,development,pos_1313,HYVPV,remaining_positive,5,1,1.0,True,True,True,False,False,False,False
row_01192,development,pos_1314,FIGR,remaining_positive,4,1,1.0,True,True,True,False,False,False,True
row_01193,development,pos_1315,STW,remaining_positive,3,1,1.0,True,True,True,False,False,False,True
row_01194,development,pos_1316,YDTQA,remaining_positive,5,1,1.0,True,True,True,False,False,False,False
row_01195,development,pos_1317,VAPFPEVF,remaining_positive,8,1,1.0,True,True,True,False,False,False,True
row_01196,development,pos_1318,NYY,remaining_positive,3,1,1.0,True,True,True,False,False,False,True
row_01197,development,pos_1319,VKAGFAWTANQQLS,remaining_positive,14,1,1.0,True,True,True,False,False,False,False
row_01198,development,pos_1320,TDAPSFSDIPNPIGSENSGK,remaining_positive,20,1,1.0,True,True,True,False,False,False,False
row_01199,development,pos_1322,YPAGP,remaining_positive,5,1,1.0,True,True,True,False,False,False,False
row_01200,development,pos_1323,VVH,remaining_positive,3,1,1.0,True,True,True,False,False,False,True
row_01201,development,pos_1324,EFQI,remaining_positive,4,1,1.0,True,True,True,False,False,False,False
row_01202,development,pos_1325,YPIL,remaining_positive,4,1,1.0,True,True,True,False,False,False,True
row_01203,development,pos_1326,AIILHQQQ,remaining_positive,8,1,1.0,True,True,True,False,False,False,False
row_01204,development,pos_1327,KEEKFE,remaining_positive,6,1,1.0,True,True,True,False,False,False,False
row_01205,development,pos_1328,LPILR,remaining_positive,5,1,1.0,True,True,True,False,False,False,False
row_01206,development,pos_1329,YPLDLF,remaining_positive,6,1,1.0,True,True,True,False,False,False,False
row_01207,development,pos_1330,LARL,remaining_positive,4,1,1.0,True,True,True,False,False,False,True
row_01208,development,pos_1331,TDRHQKLR,remaining_positive,8,1,1.0,True,True,True,False,False,False,False
row_01209,development,pos_1332,GPRGLPGERGRPGA,remaining_positive,14,1,1.0,True,True,True,False,False,False,False
row_01210,development,pos_1333,DVCGRDVNGY,remaining_positive,10,1,1.0,True,True,True,False,False,False,False
row_01211,development,pos_1334,NVPGEIVESL,remaining_positive,10,1,1.0,True,True,True,False,False,False,True
row_01212,development,pos_1335,LSW,remaining_positive,3,1,1.0,True,True,True,False,False,False,True
row_01213,development,pos_1336,HHP,remaining_positive,3,1,1.0,True,True,True,False,False,False,True
row_01214,development,pos_1337,LNLPTAVYMVT,remaining_positive,11,1,1.0,True,True,True,False,False,False,False
row_01215,development,pos_1339,HPERPIPEH,remaining_positive,9,1,1.0,True,True,True,False,False,False,False
row_01216,development,pos_1341,NMAVPDALAGPL,remaining_positive,12,1,1.0,True,True,True,False,False,False,False
row_01217,development,pos_1342,VPLSPT,remaining_positive,6,1,1.0,True,True,True,False,False,False,False
row_01218,development,pos_1343,TA,remaining_positive,2,1,1.0,True,True,True,False,False,False,True
row_01219,development,pos_1345,KHDRGDEF,remaining_positive,8,1,1.0,True,True,True,False,False,False,False
row_01220,development,pos_1346,YYN,remaining_positive,3,1,1.0,True,True,True,False,False,False,True
row_01221,development,pos_1347,YQKF,remaining_positive,4,1,1.0,True,True,True,False,False,False,True
row_01222,development,pos_1348,QEPVLGPVRGPFPIIV,remaining_positive,16,1,1.0,True,True,True,False,False,False,True
row_01223,development,pos_1350,NVIDPPIYAR,remaining_positive,10,1,1.0,True,True,True,False,False,False,False
row_01224,development,pos_1351,YNILSGFDTEL,remaining_positive,11,1,1.0,True,True,True,False,False,False,False
row_01225,development,pos_1354,QEPVLGPVRGPFPILV,remaining_positive,16,1,1.0,True,True,True,False,False,False,False
row_01226,development,pos_1355,DLEE,remaining_positive,4,1,1.0,True,True,True,False,False,False,True
row_01227,development,pos_1356,YFYPKDFTPGCT,remaining_positive,12,1,1.0,True,True,True,False,False,False,False
row_01228,development,pos_1358,ADVFNPR,remaining_positive,7,1,1.0,True,True,True,False,False,False,False
row_01229,development,pos_1359,LLHH,remaining_positive,4,1,1.0,True,True,True,False,False,False,True
row_01230,development,pos_1360,FNVVLK,remaining_positive,6,1,1.0,True,True,True,False,False,False,False
row_01231,development,pos_1361,LWA,remaining_positive,3,1,1.0,True,True,True,False,False,False,True
row_01232,development,pos_1362,VVNE,remaining_positive,4,1,1.0,True,True,True,False,False,False,True
row_01233,development,pos_1364,DYK,remaining_positive,3,1,1.0,True,True,True,False,False,False,True
row_01234,development,pos_1365,HHPLL,remaining_positive,5,1,1.0,True,True,True,False,False,False,False
row_01235,development,pos_1366,YPFPGPIHNS,remaining_positive,10,1,1.0,True,True,True,False,False,False,False
row_01236,development,pos_1367,WLP,remaining_positive,3,1,1.0,True,True,True,False,False,False,True
row_01237,development,pos_1369,IPIQYVL,remaining_positive,7,1,1.0,True,True,True,False,False,False,False
row_01238,development,pos_1370,VIAPW,remaining_positive,5,1,1.0,True,True,True,False,False,False,False
row_01239,development,pos_1371,ACFL,remaining_positive,4,1,1.0,True,True,True,False,False,False,True
row_01240,development,pos_1372,TEFTK,remaining_positive,5,1,1.0,True,True,True,False,False,False,False
row_01241,development,pos_1373,YQGPIVLNPWDQVKR,remaining_positive,15,1,1.0,True,True,True,False,False,False,False
row_01242,development,pos_1374,FPGLADR,remaining_positive,7,1,1.0,True,True,True,False,False,False,False
row_01243,development,pos_1376,LQPGQGQQG,remaining_positive,9,1,1.0,True,True,True,False,False,False,False
row_01244,development,pos_1377,SHH,remaining_positive,3,1,1.0,True,True,True,False,False,False,True
row_01245,development,pos_1378,NQE,remaining_positive,3,1,1.0,True,True,True,False,False,False,True
row_01246,development,pos_1379,LWH,remaining_positive,3,1,1.0,True,True,True,False,False,False,True
row_01247,development,pos_1381,YFE,remaining_positive,3,1,1.0,True,True,True,False,False,False,True
row_01248,development,pos_1382,YSQ,remaining_positive,3,1,1.0,True,True,True,False,False,False,True
row_01249,development,pos_1383,RDPIYS,remaining_positive,6,1,1.0,True,True,True,False,False,False,False
row_01250,development,pos_1384,ADHP,remaining_positive,4,1,1.0,True,True,True,False,False,False,False
row_01251,development,pos_1385,PSIPA,remaining_positive,5,1,1.0,True,True,True,False,False,False,False
row_01252,development,pos_1386,YVGD,remaining_positive,4,1,1.0,True,True,True,False,False,False,True
row_01253,development,pos_1387,RPNYTDA,remaining_positive,7,1,1.0,True,True,True,False,False,False,False
row_01254,development,pos_1389,AREGETVVPG,remaining_positive,10,1,1.0,True,True,True,False,False,False,False
row_01255,development,pos_1390,FND,remaining_positive,3,1,1.0,True,True,True,False,False,False,True
row_01256,development,pos_1392,YYG,remaining_positive,3,1,1.0,True,True,True,False,False,False,True
row_01257,development,pos_1393,YYQQKPV,remaining_positive,7,1,1.0,True,True,True,False,False,False,False
row_01258,development,pos_1395,LYY,remaining_positive,3,1,1.0,True,True,True,False,False,False,True
row_01259,development,pos_1396,FDSGPAGVL,remaining_positive,9,1,1.0,True,True,True,False,False,False,False
row_01260,development,pos_1397,EFFDVSNELFQ,remaining_positive,11,1,1.0,True,True,True,False,False,False,False
row_01261,development,pos_1398,YYR,remaining_positive,3,1,1.0,True,True,True,False,False,False,True
row_01262,development,pos_1399,HGPL,remaining_positive,4,1,1.0,True,True,True,False,False,False,True
row_01263,development,pos_1400,HLPH,remaining_positive,4,1,1.0,True,True,True,False,False,False,True
row_01264,development,pos_1401,PHI,remaining_positive,3,1,1.0,True,True,True,False,False,False,True
row_01265,development,pos_1402,VETGVIKPGM,remaining_positive,10,1,1.0,True,True,True,False,False,False,False
row_01266,development,pos_1403,YQEPVLGPVRGPFPIIV,remaining_positive,17,1,1.0,True,True,True,False,False,False,True
row_01267,development,pos_1404,YAY,remaining_positive,3,1,1.0,True,True,True,False,False,False,True
row_01268,development,pos_1405,NLGDPS,remaining_positive,6,1,1.0,True,True,True,False,False,False,False
row_01269,development,pos_1408,KGLWE,remaining_positive,5,1,1.0,True,True,True,False,False,False,False
row_01270,development,pos_1409,NYVADGLG,remaining_positive,8,1,1.0,True,True,True,False,False,False,False
row_01271,development,pos_1410,LAGNPQDE,remaining_positive,8,1,1.0,True,True,True,False,False,False,False
row_01272,development,pos_1412,QFAW,remaining_positive,4,1,1.0,True,True,True,False,False,False,False
row_01273,development,pos_1414,VDYP,remaining_positive,4,1,1.0,True,True,True,False,False,False,True
row_01274,development,pos_1415,GEC,remaining_positive,3,1,1.0,True,True,True,False,False,False,True
row_01275,development,pos_1416,QYDQGV,remaining_positive,6,1,1.0,True,True,True,False,False,False,False
row_01276,development,pos_1417,VNPHDHQN,remaining_positive,8,1,1.0,True,True,True,False,False,False,False
row_01277,development,pos_1418,STTTGHLIYK,remaining_positive,10,1,1.0,True,True,True,False,False,False,False
row_01278,development,pos_1419,LGFEY,remaining_positive,5,1,1.0,True,True,True,False,False,False,False
row_01279,development,pos_1421,GTW,remaining_positive,3,1,1.0,True,True,True,False,False,False,True
row_01280,development,pos_1422,PVMGA,remaining_positive,5,1,1.0,True,True,True,False,False,False,False
row_01281,development,pos_1423,DLTDFL,remaining_positive,6,1,1.0,True,True,True,False,False,False,False
row_01282,development,pos_1424,PWD,remaining_positive,3,1,1.0,True,True,True,False,False,False,True
row_01283,development,pos_1426,YSNQNGRF,remaining_positive,8,1,1.0,True,True,True,False,False,False,False
row_01284,development,pos_1427,YQEPVLGPVR,remaining_positive,10,1,1.0,True,True,True,False,False,False,True
row_01285,development,pos_1428,DEVPR,remaining_positive,5,1,1.0,True,True,True,False,False,False,True
row_01286,development,pos_1429,LFC,remaining_positive,3,1,1.0,True,True,True,False,False,False,True
row_01287,development,pos_1431,YQQND,remaining_positive,5,1,1.0,True,True,True,False,False,False,False
row_01288,development,pos_1432,IEQI,remaining_positive,4,1,1.0,True,True,True,False,False,False,True
row_01289,development,pos_1433,WHNVSGSP,remaining_positive,8,1,1.0,True,True,True,False,False,False,False
row_01290,development,pos_1434,DKIHPF,remaining_positive,6,1,1.0,True,True,True,False,False,False,True
row_01291,development,pos_1435,GPLGLLGFLGPLGLS,remaining_positive,15,1,1.0,True,True,True,False,False,False,False
row_01292,development,pos_1436,WSRRGEREEEDERRR,remaining_positive,15,1,1.0,True,True,True,False,False,False,False
row_01293,development,pos_1437,LVDTGRGPIMY,remaining_positive,11,1,1.0,True,True,True,False,False,False,False
row_01294,development,pos_1438,EQC,remaining_positive,3,1,1.0,True,True,True,False,False,False,True
row_01295,development,pos_1439,GEGSGA,remaining_positive,6,1,1.0,True,True,True,False,False,False,False
row_01296,development,pos_1440,FQRL,remaining_positive,4,1,1.0,True,True,True,False,False,False,True
row_01297,development,pos_1441,SSAPGGGRP,remaining_positive,9,1,1.0,True,True,True,False,False,False,False
row_01298,development,pos_1443,RHE,remaining_positive,3,1,1.0,True,True,True,False,False,False,True
row_01299,development,pos_1444,GNQEKVLELVQR,remaining_positive,12,1,1.0,True,True,True,False,False,False,False
row_01300,development,pos_1445,YVAQGEGVVA,remaining_positive,10,1,1.0,True,True,True,False,False,False,False
row_01301,development,pos_1446,LQAE,remaining_positive,4,1,1.0,True,True,True,False,False,False,True
row_01302,development,pos_1447,AGWACLVG,remaining_positive,8,1,1.0,True,True,True,False,False,False,False
row_01303,development,pos_1448,APLEEPSSPH,remaining_positive,10,1,1.0,True,True,True,False,False,False,False
row_01304,development,pos_1450,EFQL,remaining_positive,4,1,1.0,True,True,True,False,False,False,False
row_01305,development,pos_1451,IEEAF,remaining_positive,5,1,1.0,True,True,True,False,False,False,False
row_01306,development,pos_1453,VPSIDDQEELM,remaining_positive,11,1,1.0,True,True,True,False,False,False,False
row_01307,development,pos_1454,NLGNPE,remaining_positive,6,1,1.0,True,True,True,False,False,False,False
row_01308,development,pos_1456,YINQMPQKSREA,remaining_positive,12,1,1.0,True,True,True,False,False,False,False
row_01309,development,pos_1457,RELEEL,remaining_positive,6,1,1.0,True,True,True,False,False,False,True
row_01310,development,pos_1458,PVRGLHP,remaining_positive,7,1,1.0,True,True,True,False,False,False,False
row_01311,development,pos_1460,AP,remaining_positive,2,1,1.0,True,True,True,False,False,False,True
row_01312,development,pos_1461,YVPR,remaining_positive,4,1,1.0,True,True,True,False,False,False,True
row_01313,development,pos_1462,FSDIPNPIGSEN,remaining_positive,12,1,1.0,True,True,True,False,False,False,True
row_01314,development,pos_1463,LHG,remaining_positive,3,1,1.0,True,True,True,False,False,False,True
row_01315,development,pos_1464,AYFYPE,remaining_positive,6,1,1.0,True,True,True,False,False,False,True
row_01316,development,pos_1465,IDDVLK,remaining_positive,6,1,1.0,True,True,True,False,False,False,False
row_01317,development,pos_1466,LWV,remaining_positive,3,1,1.0,True,True,True,False,False,False,True
row_01318,development,pos_1467,YSEMPPGK,remaining_positive,8,1,1.0,True,True,True,False,False,False,False
row_01319,development,pos_1468,FLHRP,remaining_positive,5,1,1.0,True,True,True,False,False,False,False
row_01320,development,pos_1470,DNLLN,remaining_positive,5,1,1.0,True,True,True,False,False,False,False
row_01321,development,pos_1471,LAGNPENE,remaining_positive,8,1,1.0,True,True,True,False,False,False,False
row_01322,development,pos_1472,QL,remaining_positive,2,1,1.0,True,True,True,False,False,False,True
row_01323,development,pos_1473,AEFAES,remaining_positive,6,1,1.0,True,True,True,False,False,False,False
row_01324,development,pos_1474,AMRLTYNRPGLGAT,remaining_positive,14,1,1.0,True,True,True,False,False,False,False
row_01325,development,pos_1475,DAHK,remaining_positive,4,1,1.0,True,True,True,False,False,False,True
row_01326,development,pos_1476,ACQ,remaining_positive,3,1,1.0,True,True,True,False,False,False,True
row_01327,development,pos_1477,QETTGVEGPKGDT,remaining_positive,13,1,1.0,True,True,True,False,False,False,False
row_01328,development,pos_1478,SNLCRPCG,remaining_positive,8,1,1.0,True,True,True,False,False,False,False
row_01329,development,pos_1479,NGLEGLK,remaining_positive,7,1,1.0,True,True,True,False,False,False,False
row_01330,development,pos_1480,GGLEPINFN,remaining_positive,9,1,1.0,True,True,True,False,False,False,False
row_01331,development,pos_1481,WISELGW,remaining_positive,7,1,1.0,True,True,True,False,False,False,False
row_01332,development,pos_1482,NGPLQAGQPGER,remaining_positive,12,1,1.0,True,True,True,False,False,False,False
row_01333,development,pos_1483,TFE,remaining_positive,3,1,1.0,True,True,True,False,False,False,True
row_01334,development,pos_1484,DTGSDKKQL,remaining_positive,9,1,1.0,True,True,True,False,False,False,False
row_01335,development,pos_1485,RHA,remaining_positive,3,1,1.0,True,True,True,False,False,False,True
row_01336,development,pos_1486,LEDGLK,remaining_positive,6,1,1.0,True,True,True,False,False,False,False
row_01337,development,pos_1487,INY,remaining_positive,3,1,1.0,True,True,True,False,False,False,True
row_01338,development,pos_1488,NWDLKEVGGGALP,remaining_positive,13,1,1.0,True,True,True,False,False,False,False
row_01339,development,pos_1489,AWDPE,remaining_positive,5,1,1.0,True,True,True,False,False,False,False
row_01340,development,pos_1490,QLPEPDNRLQ,remaining_positive,10,1,1.0,True,True,True,False,False,False,False
row_01341,development,pos_1491,PYK,remaining_positive,3,1,1.0,True,True,True,False,False,False,True
row_01342,development,pos_1492,LTTLDSE,remaining_positive,7,1,1.0,True,True,True,False,False,False,False
row_01343,development,pos_1493,MYY,remaining_positive,3,1,1.0,True,True,True,False,False,False,True
row_01344,development,pos_1494,HLPLPLL,remaining_positive,7,1,1.0,True,True,True,False,False,False,True
row_01345,development,pos_1495,AW,remaining_positive,2,1,1.0,True,True,True,False,False,False,True
row_01346,development,pos_1496,TIL,remaining_positive,3,1,1.0,True,True,True,False,False,False,True
row_01347,development,pos_1497,GPPGPPGPP,remaining_positive,9,1,1.0,True,True,True,False,False,False,False
row_01348,development,pos_1498,EAVQ,remaining_positive,4,1,1.0,True,True,True,False,False,False,True
row_01349,development,pos_1499,SKKGL,remaining_positive,5,1,1.0,True,True,True,False,False,False,False
row_01350,development,pos_1500,MMGW,remaining_positive,4,1,1.0,True,True,True,False,False,False,False
row_01351,development,pos_1501,FIMGPY,remaining_positive,6,1,1.0,True,True,True,False,False,False,False
row_01352,development,pos_1502,HFGDPFH,remaining_positive,7,1,1.0,True,True,True,False,False,False,False
row_01353,development,pos_1503,GAH,remaining_positive,3,1,1.0,True,True,True,False,False,False,True
row_01354,development,pos_1504,AIILHQ,remaining_positive,6,1,1.0,True,True,True,False,False,False,False
row_01355,development,pos_1505,YAKPA,remaining_positive,5,1,1.0,True,True,True,False,False,False,False
row_01356,development,pos_1506,RNF,remaining_positive,3,1,1.0,True,True,True,False,False,False,True
row_01357,development,pos_1507,GWFK,remaining_positive,4,1,1.0,True,True,True,False,False,False,False
row_01358,development,pos_1508,VIESPPEIN,remaining_positive,9,1,1.0,True,True,True,False,False,False,False
row_01359,development,neg_0,EDAYKFTTW,remaining_negative,9,0,0.0,True,True,True,False,False,False,False
row_01360,development,neg_1,LVTLVFV,remaining_negative,7,0,1.0,True,False,True,False,False,False,False
row_01361,development,neg_2,GGSGSGETSGMWFGPRL,remaining_negative,17,0,0.0,True,True,True,False,False,False,False
row_01362,development,neg_3,QPSQDFMRF,remaining_negative,9,0,0.0,True,True,True,False,False,False,False
row_01363,development,neg_4,QGIGVGDNDGKRGKR,remaining_negative,15,0,0.0,True,True,True,False,False,False,False
row_01364,development,neg_5,ECCTHAHCSQGCRPCC,remaining_negative,16,0,0.0,True,True,True,False,False,False,False
row_01365,development,neg_6,INWLKLGKAVIDAL,remaining_negative,14,0,0.0,True,True,True,False,False,False,False
row_01366,development,neg_7,MIKSDQET,remaining_negative,8,0,0.0,True,True,True,False,False,False,False
row_01367,development,neg_8,AGTADCFWKYCV,remaining_negative,12,0,0.0,True,True,True,False,False,False,False
row_01368,development,neg_9,MKYNPRVSSNRRKS,remaining_negative,14,0,0.0,True,True,True,False,False,False,False
row_01369,development,neg_10,INLLKIAKGIIKSL,remaining_negative,14,0,0.0,True,True,True,False,False,False,False
row_01370,development,neg_11,MKYLAFLIKGKTTHFDVGK,remaining_negative,19,0,0.0,True,True,True,False,False,False,False
row_01371,development,neg_13,MYKLLIINP,remaining_negative,9,0,0.0,True,True,True,False,False,False,False
row_01372,development,neg_14,SVFAFQDESTSTIAQARLFI,remaining_negative,20,0,0.0,True,True,True,False,False,False,False
row_01373,development,neg_15,GFLSILKKVLPKVMAHMK,remaining_negative,18,0,0.0,True,True,True,False,False,False,False
row_01374,development,neg_16,NLVQFGKMIE,remaining_negative,10,0,0.0,True,True,True,False,False,False,False
row_01375,development,neg_17,GDDVLSACCD,remaining_negative,10,0,0.0,True,True,True,False,False,False,False
row_01376,development,neg_18,LGPALITRKPLKGKP,remaining_negative,15,0,0.0,True,True,True,False,False,False,False
row_01377,development,neg_20,QLTFTSSWG,remaining_negative,9,0,0.0,True,True,True,False,False,False,False
row_01378,development,neg_21,SAEVAGAVIEGAKLTFNVLQ,remaining_negative,20,0,0.0,True,True,True,False,False,False,False
row_01379,development,neg_22,QDLDHVFMRF,remaining_negative,10,0,0.0,True,True,True,False,False,False,False
row_01380,development,neg_23,TYNNNLIR,remaining_negative,8,0,0.0,True,True,True,False,False,False,False
row_01381,development,neg_25,LRQSQFVGSR,remaining_negative,10,0,0.0,True,True,True,False,False,False,False
row_01382,development,neg_26,VNWKKILGKIIKVVK,remaining_negative,15,0,0.0,True,True,True,False,False,False,False
row_01383,development,neg_27,GRCCHPACGKNYSC,remaining_negative,14,0,0.0,True,True,True,False,False,False,False
row_01384,development,neg_28,KDGYLVGSDGCKYSCLTRPG,remaining_negative,20,0,0.0,True,True,True,False,False,False,False
row_01385,development,neg_29,RCKTCSKGRCRPKPNCG,remaining_negative,17,0,0.0,True,True,True,False,False,False,False
row_01386,development,neg_30,NSELINSILGLPKVMNEA,remaining_negative,18,0,0.0,True,True,True,False,False,False,False
row_01387,development,neg_31,KPDPEAVLIV,remaining_negative,10,0,0.0,True,True,True,False,False,False,False
row_01388,development,neg_32,MKRQDLPRSRSLRSCE,remaining_negative,16,0,0.0,True,True,True,False,False,False,False
row_01389,development,neg_33,QLYENKSRRPYIL,remaining_negative,13,0,0.0,True,True,True,False,False,False,False
row_01390,development,neg_34,DDAVANGVHAISGVVDS,remaining_negative,17,0,0.0,True,True,True,False,False,False,False
row_01391,development,neg_35,LKCNKLVPLF,remaining_negative,10,0,0.0,True,True,True,False,False,False,True
row_01392,development,neg_36,AAQEGETLTVEETV,remaining_negative,14,0,0.0,True,True,True,False,False,False,False
row_01393,development,neg_38,VVGGEVARAHSWPWQISLQY,remaining_negative,20,0,0.0,True,True,True,False,False,False,False
row_01394,development,neg_39,SGDTSSQAKGMWFGPRL,remaining_negative,17,0,0.0,True,True,True,False,False,False,False
row_01395,development,neg_40,CCQLFVWCC,remaining_negative,9,0,0.0,True,True,True,False,False,False,False
row_01396,development,neg_41,EYIPFIHEWV,remaining_negative,10,0,0.0,True,True,True,False,False,False,False
row_01397,development,neg_42,MQVNLRCSE,remaining_negative,9,0,0.0,True,True,True,False,False,False,False
row_01398,development,neg_43,IDASTATGDSPVFTATIK,remaining_negative,18,0,0.0,True,True,True,False,False,False,False
row_01399,development,neg_44,MGQFFAYATVITVKENDHVA,remaining_negative,20,0,0.0,True,True,True,False,False,False,False
row_01400,development,neg_45,NEEEKVKWEPDVP,remaining_negative,13,0,0.0,True,True,True,False,False,False,False
row_01401,development,neg_47,GNTKKAVPGFYGTR,remaining_negative,14,0,0.0,True,True,True,False,False,False,False
row_01402,development,neg_48,GLLKRIKTLL,remaining_negative,10,0,0.0,True,True,True,False,False,False,False
row_01403,development,neg_49,QSVPTFTPRL,remaining_negative,10,0,0.0,True,True,True,False,False,False,False
row_01404,development,neg_50,APQAGFYGVR,remaining_negative,10,0,0.0,True,True,True,False,False,False,False
row_01405,development,neg_51,EDSLSDWERVYLPIDPGVVL,remaining_negative,20,0,0.0,True,True,True,False,False,False,False
row_01406,development,neg_52,QVNFSPNW,remaining_negative,8,0,0.0,True,True,True,False,False,False,False
row_01407,development,neg_53,AIANAPLLDTTITDRVFFD,remaining_negative,19,0,0.0,True,True,True,False,False,False,False
row_01408,development,neg_54,NTESTKGESLLGK,remaining_negative,13,0,0.0,True,True,True,False,False,False,False
row_01409,development,neg_55,AEVFKSEEGSVDFYGQLRPA,remaining_negative,20,0,0.0,True,True,True,False,False,False,False
row_01410,development,neg_57,RRWCFRVCYRGFCYRKCR,remaining_negative,18,0,0.0,True,True,True,False,False,False,False
row_01411,development,neg_58,INWKKMAATALKMI,remaining_negative,14,0,0.0,True,True,True,False,False,False,False
row_01412,development,neg_59,ARGPQLRLRF,remaining_negative,10,0,0.0,True,True,True,False,False,False,False
row_01413,development,neg_60,TSGLIAFPRL,remaining_negative,10,0,0.0,True,True,True,False,False,False,False
row_01414,development,neg_61,KRPPGWSPLR,remaining_negative,10,0,0.0,True,True,True,False,False,False,False
row_01415,development,neg_62,QTLIPMPRL,remaining_negative,9,0,0.0,True,True,True,False,False,False,False
row_01416,development,neg_63,DSVGSTTAHKQQNINHLLDK,remaining_negative,20,0,0.0,True,True,True,False,False,False,False
row_01417,development,neg_65,TPVVNPPFLQQT,remaining_negative,12,0,0.0,True,True,True,False,False,False,False
row_01418,development,neg_66,GFIMEFAENLILRRMEDPK,remaining_negative,19,0,0.0,True,True,True,False,False,False,False
row_01419,development,neg_67,DPYAFGL,remaining_negative,7,0,0.0,True,True,True,False,False,False,False
row_01420,development,neg_68,GVLDAFRKIATVVKNVV,remaining_negative,17,0,0.0,True,True,True,False,False,False,False
row_01421,development,neg_69,ASEDTAEAAAPSA,remaining_negative,13,0,0.0,True,True,True,False,False,False,False
row_01422,development,neg_70,RLCIPYIIPC,remaining_negative,10,0,0.0,True,True,True,False,False,False,False
row_01423,development,neg_71,LSLQEFLGLWR,remaining_negative,11,0,0.0,True,True,True,False,False,False,False
row_01424,development,neg_72,GCEWDSWC,remaining_negative,8,0,0.0,True,True,True,False,False,False,False
row_01425,development,neg_73,FLSLIPKIAGGIASLVKDL,remaining_negative,19,0,0.0,True,True,True,False,False,False,False
row_01426,development,neg_74,KPCCSIHDNSCCGI,remaining_negative,14,0,0.0,True,True,True,False,False,False,False
row_01427,development,neg_75,EGKAIGLAKPRMDST,remaining_negative,15,0,0.0,True,True,True,False,False,False,False
row_01428,development,neg_78,AKAGVNKPELLP,remaining_negative,12,0,0.0,True,True,True,False,False,False,False
row_01429,development,neg_79,DVTFSMLGANGATYYQFF,remaining_negative,18,0,0.0,True,True,True,False,False,False,False
row_01430,development,neg_80,FLSAIASMLGKFL,remaining_negative,13,0,0.0,True,True,True,False,False,False,False
row_01431,development,neg_81,TPNRDFMRF,remaining_negative,9,0,0.0,True,True,True,False,False,False,False
row_01432,development,neg_82,FLPFLASLLTKVL,remaining_negative,13,0,0.0,True,True,True,False,False,False,False
row_01433,development,neg_83,TPQIQKPAPQFSKTALLPDE,remaining_negative,20,0,0.0,True,True,True,False,False,False,False
row_01434,development,neg_84,PAQPFRFPKHPQGPQTRPPI,remaining_negative,20,0,0.0,True,True,True,False,False,False,False
row_01435,development,neg_86,YDDGSYKPHIYGF,remaining_negative,13,0,0.0,True,True,True,False,False,False,False
row_01436,development,neg_87,HTAADLLR,remaining_negative,8,0,0.0,True,True,True,False,False,False,False
row_01437,development,neg_88,VYGMLFKFL,remaining_negative,9,0,0.0,True,True,True,False,False,False,False
row_01438,development,neg_89,MKKVHVLGAGTMGAGI,remaining_negative,16,0,0.0,True,True,True,False,False,False,False
row_01439,development,neg_90,DLVFYCPKCTAERQTACPKL,remaining_negative,20,0,0.0,True,True,True,False,False,False,False
row_01440,development,neg_91,MDTPSRYWLTILSSRINS,remaining_negative,18,0,0.0,True,True,True,False,False,False,False
row_01441,development,neg_93,DVVASSTAHKQQDINHLLDK,remaining_negative,20,0,0.0,True,True,True,False,False,False,False
row_01442,development,neg_95,VVKQGLLAGRIPGL,remaining_negative,14,0,0.0,True,True,True,False,False,False,False
row_01443,development,neg_96,RLCIPVIFPC,remaining_negative,10,0,0.0,True,True,True,False,False,False,False
row_01444,development,neg_97,IKIMDILAKLGKVLAHV,remaining_negative,17,0,0.0,True,True,True,False,False,False,False
row_01445,development,neg_98,CCRLACGLGCHPCC,remaining_negative,14,0,0.0,True,True,True,False,False,False,False
row_01446,development,neg_99,GCCSHPPCNVNNPHICG,remaining_negative,17,0,0.0,True,True,True,False,False,False,False
row_01447,development,neg_100,SGLQFAVLDGQGFLPFPRV,remaining_negative,19,0,0.0,True,True,True,False,False,False,False
row_01448,development,neg_101,LRLKSIVSYAKKVL,remaining_negative,14,0,0.0,True,True,True,False,False,False,False
row_01449,development,neg_102,GRPNPVNNKPTPHPRL,remaining_negative,16,0,0.0,True,True,True,False,False,False,False
row_01450,development,neg_103,GPSAFLRL,remaining_negative,8,0,0.0,True,True,True,False,False,False,False
row_01451,development,neg_104,DITEVIAAGR,remaining_negative,10,0,0.0,True,True,True,False,False,False,False
row_01452,development,neg_105,QKKDKKDKFYGLF,remaining_negative,13,0,0.0,True,True,True,False,False,False,False
row_01453,development,neg_106,GLLDFLKAAGKGLVTNL,remaining_negative,17,0,0.0,True,True,True,False,False,False,False
row_01454,development,neg_107,APPGFTPFRIY,remaining_negative,11,0,0.0,True,True,True,False,False,False,False
row_01455,development,neg_108,APIVSGGYDF,remaining_negative,10,0,0.0,True,True,True,False,False,False,False
row_01456,development,neg_109,IDCGTVMIPSECDPKSS,remaining_negative,17,0,0.0,True,True,True,False,False,False,False
row_01457,development,neg_110,FLVMFLSG,remaining_negative,8,0,0.0,True,True,True,False,False,False,False
row_01458,development,neg_111,RPKPQQFFGLM,remaining_negative,11,0,0.0,True,True,True,False,False,False,False
row_01459,development,neg_112,VVGCPWQPWC,remaining_negative,10,0,0.0,True,True,True,False,False,False,False
row_01460,development,neg_113,GCPWMPWC,remaining_negative,8,0,0.0,True,True,True,False,False,False,False
row_01461,development,neg_115,AKITFTNNHPRTIWP,remaining_negative,15,0,0.0,True,True,True,False,False,False,False
row_01462,development,neg_116,GTSGLISFPRT,remaining_negative,11,0,0.0,True,True,True,False,False,False,False
row_01463,development,neg_117,GSTTAESAALR,remaining_negative,11,0,0.0,True,True,True,False,False,False,False
row_01464,development,neg_118,IANVFAVDIHPAAR,remaining_negative,14,0,0.0,True,True,True,False,False,False,False
row_01465,development,neg_119,LRCTFGRTVK,remaining_negative,10,0,0.0,True,True,True,False,False,False,False
row_01466,development,neg_120,SYNEQFFGPGTRLTVL,remaining_negative,16,0,0.0,True,True,True,False,False,False,False
row_01467,development,neg_121,DLAGEIHGLSNVK,remaining_negative,13,0,0.0,True,True,True,False,False,False,False
row_01468,development,neg_122,LQVDYLVLEVA,remaining_negative,11,0,0.0,True,True,True,False,False,False,False
row_01469,development,neg_123,SDCACLHALGHVAR,remaining_negative,14,0,0.0,True,True,True,False,False,False,False
row_01470,development,neg_124,YDKKVDSIILFGVNG,remaining_negative,15,0,0.0,True,True,True,False,False,False,False
row_01471,development,neg_125,TSFTLYMR,remaining_negative,8,0,0.0,True,True,True,False,False,False,False
row_01472,development,neg_126,AWKLFDDGV,remaining_negative,9,0,0.0,True,True,True,False,False,False,False
row_01473,development,neg_127,PPGFTPFRIY,remaining_negative,10,0,0.0,True,True,True,False,False,False,False
row_01474,development,neg_128,GVLSLLKKFTMILKHVHVN,remaining_negative,19,0,0.0,True,True,True,False,False,False,False
row_01475,development,neg_129,EGGSSGEASGMWFGPRL,remaining_negative,17,0,0.0,True,True,True,False,False,False,False
row_01476,development,neg_130,LLGMIPVAISAINLMKL,remaining_negative,17,0,0.0,True,True,True,False,False,False,False
row_01477,development,neg_131,FLFQPQRF,remaining_negative,8,0,0.0,True,True,True,False,False,False,False
row_01478,development,neg_132,KPNPERFYAPM,remaining_negative,11,0,0.0,True,True,True,False,False,False,False
row_01479,development,neg_133,FLSLIPHAINAVSALVHHF,remaining_negative,19,0,0.0,True,True,True,False,False,False,False
row_01480,development,neg_134,GPETAFFRL,remaining_negative,9,0,0.0,True,True,True,False,False,False,False
row_01481,development,neg_135,GYIAYVHQNELVKR,remaining_negative,14,0,0.0,True,True,True,False,False,False,False
row_01482,development,neg_136,PAPETNYLRDP,remaining_negative,11,0,0.0,True,True,True,False,False,False,False
row_01483,development,neg_137,PDMYAFGL,remaining_negative,8,0,0.0,True,True,True,False,False,False,False
row_01484,development,neg_138,NNRSPQLRLRF,remaining_negative,11,0,0.0,True,True,True,False,False,False,False
row_01485,development,neg_140,FLSLIPHAINAISAIADHF,remaining_negative,19,0,0.0,True,True,True,False,False,False,False
row_01486,development,neg_141,DRPYSFGL,remaining_negative,8,0,0.0,True,True,True,False,False,False,False
row_01487,development,neg_142,GSSGIIPFPRV,remaining_negative,11,0,0.0,True,True,True,False,False,False,False
row_01488,development,neg_143,SSEAAPEEKVAILGA,remaining_negative,15,0,0.0,True,True,True,False,False,False,False
row_01489,development,neg_144,AQRSPSLRLRF,remaining_negative,11,0,0.0,True,True,True,False,False,False,False
row_01490,development,neg_145,RICTAIPLPMCL,remaining_negative,12,0,0.0,True,True,True,False,False,False,False
row_01491,development,neg_146,AELPQGLWVRPRL,remaining_negative,13,0,0.0,True,True,True,False,False,False,False
row_01492,development,neg_147,SGCCSNPACRVNNPNIC,remaining_negative,17,0,0.0,True,True,True,False,False,False,False
row_01493,development,neg_148,MCKYFIKIVSKSAKK,remaining_negative,15,0,0.0,True,True,True,False,False,False,False
row_01494,development,neg_149,DAQEKRQPWLPFG,remaining_negative,13,0,0.0,True,True,True,False,False,False,False
row_01495,development,neg_150,SDYSRKRDPPQKYEEE,remaining_negative,16,0,0.0,True,True,True,False,False,False,False
row_01496,development,neg_151,GASGLIAFPRL,remaining_negative,11,0,0.0,True,True,True,False,False,False,False
row_01497,development,neg_152,AEVQDKGEFLAEGGGVR,remaining_negative,17,0,0.0,True,True,True,False,False,False,False
row_01498,development,neg_153,RPPGFSPFRVD,remaining_negative,11,0,0.0,True,True,True,False,False,False,False
row_01499,development,neg_154,GLSLSFAPK,remaining_negative,9,0,0.0,True,True,True,False,False,False,False
row_01500,development,neg_155,ADTGDGDFITEGGGVR,remaining_negative,16,0,0.0,True,True,True,False,False,False,False
row_01501,development,neg_156,LKDAQSRITK,remaining_negative,10,0,0.0,True,True,True,False,False,False,False
row_01502,development,neg_157,AQPPQQADFL,remaining_negative,10,0,0.0,True,True,True,False,False,False,False
row_01503,development,neg_158,QNWPHPPMPP,remaining_negative,10,0,0.0,True,True,True,False,False,False,False
row_01504,development,neg_159,DINGGGATLPQALYQTSGVL,remaining_negative,20,0,0.0,True,True,True,False,False,False,False
row_01505,development,neg_160,KEGYLFGSRG,remaining_negative,10,0,0.0,True,True,True,False,False,False,False
row_01506,development,neg_161,GFVALLKKLPLILKHLH,remaining_negative,17,0,0.0,True,True,True,False,False,False,False
row_01507,development,neg_162,QPNPDEFFGLM,remaining_negative,11,0,0.0,True,True,True,False,False,False,False
row_01508,development,neg_163,PALIPFPRV,remaining_negative,9,0,0.0,True,True,True,False,False,False,False
row_01509,development,neg_165,TESLVLSPAPAKPKRA,remaining_negative,16,0,0.0,True,True,True,False,False,False,False
row_01510,development,neg_166,ILGKLLSTAAGLLSNL,remaining_negative,16,0,0.0,True,True,True,False,False,False,False
row_01511,development,neg_167,GRGGSSNYVRL,remaining_negative,11,0,0.0,True,True,True,False,False,False,False
row_01512,development,neg_168,AKEKIHINIVVIGHV,remaining_negative,15,0,0.0,True,True,True,False,False,False,False
row_01513,development,neg_170,ANRPVYIPPPRPPHPRL,remaining_negative,17,0,0.0,True,True,True,False,False,False,False
row_01514,development,neg_171,FCCPFIRYCCW,remaining_negative,11,0,0.0,True,True,True,False,False,False,False
row_01515,development,neg_172,AKELLDSDGIILRNGANYYI,remaining_negative,20,0,0.0,True,True,True,False,False,False,False
row_01516,development,neg_173,CCELPCHGCVPCCWP,remaining_negative,15,0,0.0,True,True,True,False,False,False,False
row_01517,development,neg_174,EDGSDAVSGEFLAEGGGVR,remaining_negative,19,0,0.0,True,True,True,False,False,False,False
row_01518,development,neg_177,GPPYDFGM,remaining_negative,8,0,0.0,True,True,True,False,False,False,False
row_01519,development,neg_178,LPLRF,remaining_negative,5,0,0.0,True,True,True,False,False,False,False
row_01520,development,neg_179,FKCMSEWYW,remaining_negative,9,0,0.0,True,True,True,False,False,False,False
row_01521,development,neg_180,FLRF,remaining_negative,4,0,0.0,True,True,True,False,False,False,False
row_01522,development,neg_181,GVFTFEDESTSTVAPAKLYK,remaining_negative,20,0,0.0,True,True,True,False,False,False,False
row_01523,development,neg_182,PDNFMRF,remaining_negative,7,0,0.0,True,True,True,False,False,False,False
row_01524,development,neg_183,ARYGKSPYLYPLGY,remaining_negative,14,0,0.0,True,True,True,False,False,False,False
row_01525,development,neg_184,ADEGFSATVRNGAV,remaining_negative,14,0,0.0,True,True,True,False,False,False,False
row_01526,development,neg_186,VPPIGWF,remaining_negative,7,0,0.0,True,True,True,False,False,False,False
row_01527,development,neg_188,ATFFDPQPRLLAD,remaining_negative,13,0,0.0,True,True,True,False,False,False,False
row_01528,development,neg_189,SNSLFEEVRPIVNGMDCKLG,remaining_negative,20,0,0.0,True,True,True,False,False,False,False
row_01529,development,neg_190,EDPVRFNLG,remaining_negative,9,0,0.0,True,True,True,False,False,False,False
row_01530,development,neg_192,CYISNCPIG,remaining_negative,9,0,0.0,True,True,True,False,False,False,False
row_01531,development,neg_193,EEVQETVNLKYEYSVYR,remaining_negative,17,0,0.0,True,True,True,False,False,False,False
row_01532,development,neg_194,AMTEELEAVENNGVR,remaining_negative,15,0,0.0,True,True,True,False,False,False,False
row_01533,development,neg_195,MKCNECNRVQLKEGSVSLTL,remaining_negative,20,0,0.0,True,True,True,False,False,False,False
row_01534,development,neg_197,MHLQLIKDNIHSVVICYT,remaining_negative,18,0,0.0,True,True,True,False,False,False,False
row_01535,development,neg_198,MLVGKKVQTF,remaining_negative,10,0,0.0,True,True,True,False,False,False,False
row_01536,development,neg_199,ADPRNPLEECFRETD,remaining_negative,15,0,0.0,True,True,True,False,False,False,False
row_01537,development,neg_201,YDPSPLQDFCIAD,remaining_negative,13,0,0.0,True,True,True,False,False,False,False
row_01538,development,neg_202,FDDYGHMRF,remaining_negative,9,0,0.0,True,True,True,False,False,False,False
row_01539,development,neg_203,KCCMRPICTCPCCIG,remaining_negative,15,0,0.0,True,True,True,False,False,False,False
row_01540,development,neg_204,SKDNQKNYIPLIVPFAT,remaining_negative,17,0,0.0,True,True,True,False,False,False,False
row_01541,development,neg_205,FLSAITSILGKFF,remaining_negative,13,0,0.0,True,True,True,False,False,False,False
row_01542,development,neg_206,VQIFVRDNNVDQALKALK,remaining_negative,18,0,0.0,True,True,True,False,False,False,False
row_01543,development,neg_207,TDAVADGEHAISGVVDS,remaining_negative,17,0,0.0,True,True,True,False,False,False,False
row_01544,development,neg_208,APSLRLRF,remaining_negative,8,0,0.0,True,True,True,False,False,False,False
row_01545,development,neg_209,APGDRIYVHPF,remaining_negative,11,0,0.0,True,True,True,False,False,False,False
row_01546,development,neg_210,GGSSGLIAFPRL,remaining_negative,12,0,0.0,True,True,True,False,False,False,False
row_01547,development,neg_211,ISAVKEMTVRDALNSA,remaining_negative,16,0,0.0,True,True,True,False,False,False,False
row_01548,development,neg_212,TSMGFQGVR,remaining_negative,9,0,0.0,True,True,True,False,False,False,False
row_01549,development,neg_214,DCCPIAGCPFGCTICC,remaining_negative,16,0,0.0,True,True,True,False,False,False,False
row_01550,development,neg_215,GPNGKSQSIIVGPWGDRVTN,remaining_negative,20,0,0.0,True,True,True,False,False,False,False
row_01551,development,neg_216,SKQCCHLAACRFGCTPCCW,remaining_negative,19,0,0.0,True,True,True,False,False,False,False
row_01552,development,neg_218,AGPYSFGL,remaining_negative,8,0,0.0,True,True,True,False,False,False,False
row_01553,development,neg_219,QDVDHVFLRF,remaining_negative,10,0,0.0,True,True,True,False,False,False,False
row_01554,development,neg_220,LSPTQDFMRF,remaining_negative,10,0,0.0,True,True,True,False,False,False,False
row_01555,development,neg_221,PSYKLHYFDLRAAGE,remaining_negative,15,0,0.0,True,True,True,False,False,False,False
row_01556,development,neg_222,AGDKPGDALLDEWLG,remaining_negative,15,0,0.0,True,True,True,False,False,False,False
row_01557,development,neg_223,FPPWE,remaining_negative,5,0,0.0,True,True,True,False,False,False,False
row_01558,development,neg_224,GGNDFMRF,remaining_negative,8,0,0.0,True,True,True,False,False,False,False
row_01559,development,neg_225,KLQLPTLDDPVPIGIAPAIT,remaining_negative,20,0,0.0,True,True,True,False,False,False,False
row_01560,development,neg_226,LNPFRWVINKYREWKNKKDS,remaining_negative,20,0,0.0,True,True,True,False,False,False,False
row_01561,development,neg_227,SPVAASYRATAGLAGKALDF,remaining_negative,20,0,0.0,True,True,True,False,False,False,False
row_01562,development,neg_228,SCLEYGHSCWGAH,remaining_negative,13,0,0.0,True,True,True,False,False,False,False
row_01563,development,neg_229,QNWPSPKVPP,remaining_negative,10,0,0.0,True,True,True,False,False,False,False
row_01564,development,neg_230,MLNAVDAKLTTDFGQR,remaining_negative,16,0,0.0,True,True,True,False,False,False,False
row_01565,development,neg_231,TDVDHVFLRF,remaining_negative,10,0,0.0,True,True,True,False,False,False,False
row_01566,development,neg_232,GSGGSGEANGMWFGPRL,remaining_negative,17,0,0.0,True,True,True,False,False,False,False
row_01567,development,neg_233,QQDYGTGWMDF,remaining_negative,11,0,0.0,True,True,True,False,False,False,False
row_01568,development,neg_234,FIGPIISALASLFG,remaining_negative,14,0,0.0,True,True,True,False,False,False,False
row_01569,development,neg_235,MALNLQDKQAIVAEVSEVAK,remaining_negative,20,0,0.0,True,True,True,False,False,False,False
row_01570,development,neg_236,GTLGNLPAPFPG,remaining_negative,12,0,0.0,True,True,True,False,False,False,False
row_01571,development,neg_237,TKSPDCGGILSPSGLSYFA,remaining_negative,19,0,0.0,True,True,True,False,False,False,False
row_01572,development,neg_238,QQDYTGWFDF,remaining_negative,10,0,0.0,True,True,True,False,False,False,False
row_01573,development,neg_239,DSPAGVSDAQKQ,remaining_negative,12,0,0.0,True,True,True,False,False,False,False
row_01574,development,neg_240,SASSGESSGMWFGPRL,remaining_negative,16,0,0.0,True,True,True,False,False,False,False
row_01575,development,neg_241,SGLLINQPKYSWLKELGL,remaining_negative,18,0,0.0,True,True,True,False,False,False,False
row_01576,development,neg_242,VDKPDYRPRPWPRNMI,remaining_negative,16,0,0.0,True,True,True,False,False,False,False
row_01577,development,neg_243,KCCMRPICMCPCC,remaining_negative,13,0,0.0,True,True,True,False,False,False,False
row_01578,development,neg_244,FFPIILGLVPKLVCLITKKC,remaining_negative,20,0,0.0,True,True,True,False,False,False,False
row_01579,development,neg_245,INWKKIAEVGGKILSSL,remaining_negative,17,0,0.0,True,True,True,False,False,False,False
row_01580,development,neg_247,GILDIAKKLVGGIRNVLGI,remaining_negative,19,0,0.0,True,True,True,False,False,False,False
row_01581,development,neg_248,KWCFRVCYRGICYRRCR,remaining_negative,17,0,0.0,True,True,True,False,False,False,False
row_01582,development,neg_249,GSTSECFWKYCV,remaining_negative,12,0,0.0,True,True,True,False,False,False,False
row_01583,development,neg_250,GPESAFLRL,remaining_negative,9,0,0.0,True,True,True,False,False,False,False
row_01584,development,neg_251,SVNTKNDFMRF,remaining_negative,11,0,0.0,True,True,True,False,False,False,False
row_01585,development,neg_252,SFYACTNGCWVKPGGGCQC,remaining_negative,19,0,0.0,True,True,True,False,False,False,False
row_01586,development,neg_253,EVEMLGDELRTLNQNLGLMR,remaining_negative,20,0,0.0,True,True,True,False,False,False,False
row_01587,development,neg_254,CFISDCAPG,remaining_negative,9,0,0.0,True,True,True,False,False,False,False
row_01588,development,neg_255,GCPWDSWC,remaining_negative,8,0,0.0,True,True,True,False,False,False,False
row_01589,development,neg_256,MEVGKLGKPYPLLNLAYVGV,remaining_negative,20,0,0.0,True,True,True,False,False,False,False
row_01590,development,neg_257,EAYAFGL,remaining_negative,7,0,0.0,True,True,True,False,False,False,False
row_01591,development,neg_258,FESFFL,remaining_negative,6,0,0.0,True,True,True,False,False,False,False
row_01592,development,neg_259,APPGFTPF,remaining_negative,8,0,0.0,True,True,True,False,False,False,False
row_01593,development,neg_260,LSDYDEEEDERAKATLDAR,remaining_negative,19,0,0.0,True,True,True,False,False,False,False
row_01594,development,neg_261,GRNGKSQSIIVGPWGDRVTN,remaining_negative,20,0,0.0,True,True,True,False,False,False,False
row_01595,development,neg_263,APGQDFMRF,remaining_negative,9,0,0.0,True,True,True,False,False,False,False
row_01596,development,neg_264,GGNTECFWKYCV,remaining_negative,12,0,0.0,True,True,True,False,False,False,False
row_01597,development,neg_265,FLSLIPAAISAVSALADHF,remaining_negative,19,0,0.0,True,True,True,False,False,False,False
row_01598,development,neg_266,QNWPHPQIPP,remaining_negative,10,0,0.0,True,True,True,False,False,False,False
row_01599,development,neg_267,QLNYSPDW,remaining_negative,8,0,0.0,True,True,True,False,False,False,False
row_01600,development,neg_268,VNSTYIGYAPIDDPK,remaining_negative,15,0,0.0,True,True,True,False,False,False,False
row_01601,development,neg_269,GLLDALSGILGL,remaining_negative,12,0,0.0,True,True,True,False,False,False,False
row_01602,development,neg_270,LVVELAPMEIR,remaining_negative,11,0,0.0,True,True,True,False,False,False,False
row_01603,development,neg_271,GLGNNAFVGVR,remaining_negative,11,0,0.0,True,True,True,False,False,False,False
row_01604,development,neg_272,APACVGFQGMR,remaining_negative,11,0,0.0,True,True,True,False,False,False,False
row_01605,development,neg_273,IGDIWSGIQG,remaining_negative,10,0,0.0,True,True,True,False,False,False,False
row_01606,development,neg_274,DMHDFFVGLM,remaining_negative,10,0,0.0,True,True,True,False,False,False,False
row_01607,development,neg_275,CFIRNCPP,remaining_negative,8,0,0.0,True,True,True,False,False,False,False
row_01608,development,neg_276,AVGNEVFANR,remaining_negative,10,0,0.0,True,True,True,False,False,False,False
row_01609,development,neg_279,TDVKESEFIAEGAVGR,remaining_negative,16,0,0.0,True,True,True,False,False,False,False
row_01610,development,neg_280,VPPGFTPFRVD,remaining_negative,11,0,0.0,True,True,True,False,False,False,False
row_01611,development,neg_281,SNDIYFNFQR,remaining_negative,10,0,0.0,True,True,True,False,False,False,False
row_01612,development,neg_283,GKPRPQQVPPRPPHPRL,remaining_negative,17,0,0.0,True,True,True,False,False,False,False
row_01613,development,neg_284,QGGGPQWAVGHFM,remaining_negative,13,0,0.0,True,True,True,False,False,False,False
row_01614,development,neg_285,QFRPSYQIPP,remaining_negative,10,0,0.0,True,True,True,False,False,False,False
row_01615,development,neg_286,QGPWMEEEEAAYGWMDF,remaining_negative,17,0,0.0,True,True,True,False,False,False,False
row_01616,development,neg_287,KPEEDWGHK,remaining_negative,9,0,0.0,True,True,True,False,False,False,False
row_01617,development,neg_288,FLSLIPHAINAVSAIAKHS,remaining_negative,19,0,0.0,True,True,True,False,False,False,False
row_01618,development,neg_289,SDPAGGEFLAEGGGVR,remaining_negative,16,0,0.0,True,True,True,False,False,False,False
row_01619,development,neg_290,MQLTPPEVEK,remaining_negative,10,0,0.0,True,True,True,False,False,False,False
row_01620,development,neg_291,SLEDIEHEVEELLR,remaining_negative,14,0,0.0,True,True,True,False,False,False,False
row_01621,development,neg_292,DPAFSSWG,remaining_negative,8,0,0.0,True,True,True,False,False,False,False
row_01622,development,neg_293,AGVPFNTKTPYGPT,remaining_negative,14,0,0.0,True,True,True,False,False,False,False
row_01623,development,neg_294,QEKPYWPPPIYPM,remaining_negative,13,0,0.0,True,True,True,False,False,False,False
row_01624,development,neg_295,INIKDILAKLVKVLGHV,remaining_negative,17,0,0.0,True,True,True,False,False,False,False
row_01625,development,neg_296,SPVISYDKT,remaining_negative,9,0,0.0,True,True,True,False,False,False,False
row_01626,development,neg_298,PRGSPRTEYEAARR,remaining_negative,14,0,0.0,True,True,True,False,False,False,False
row_01627,development,neg_299,VDEQLPRTIMNIFEK,remaining_negative,15,0,0.0,True,True,True,False,False,False,False
row_01628,development,neg_300,KVHGSLARAGK,remaining_negative,11,0,0.0,True,True,True,False,False,False,False
row_01629,development,neg_301,QNGPRPIGIPP,remaining_negative,11,0,0.0,True,True,True,False,False,False,False
row_01630,development,neg_302,QKKDKKDKF,remaining_negative,9,0,0.0,True,True,True,False,False,False,False
row_01631,development,neg_303,EDTGTFEEGHGGVR,remaining_negative,14,0,0.0,True,True,True,False,False,False,False
row_01632,development,neg_304,ASLVTSFEEA,remaining_negative,10,0,0.0,True,True,True,False,False,False,False
row_01633,development,neg_305,DPAFNSWG,remaining_negative,8,0,0.0,True,True,True,False,False,False,False
row_01634,development,neg_307,SLSINTNTSEMIALQTLDA,remaining_negative,19,0,0.0,True,True,True,False,False,False,False
row_01635,development,neg_308,GSFFATPDDRH,remaining_negative,11,0,0.0,True,True,True,False,False,False,False
row_01636,development,neg_309,GSPGLIPFGRS,remaining_negative,11,0,0.0,True,True,True,False,False,False,False
row_01637,development,neg_310,KQTENLADTY,remaining_negative,10,0,0.0,True,True,True,False,False,False,False
row_01638,development,neg_311,GPPYQPLVPR,remaining_negative,10,0,0.0,True,True,True,False,False,False,False
row_01639,development,neg_312,EWEEWLLA,remaining_negative,8,0,0.0,True,True,True,False,False,False,False
row_01640,development,neg_313,DSSVLTSEYPR,remaining_negative,11,0,0.0,True,True,True,False,False,False,False
row_01641,development,neg_314,FFSMIPKIATGIASLVKDL,remaining_negative,19,0,0.0,True,True,True,False,False,False,False
row_01642,development,neg_315,ECCHRQLLCCLRFV,remaining_negative,14,0,0.0,True,True,True,False,False,False,False
row_01643,development,neg_316,RGSNLTIHPLRNTNDIDY,remaining_negative,18,0,0.0,True,True,True,False,False,False,False
row_01644,development,neg_317,FLSLIPHAINAVSAIAKHN,remaining_negative,19,0,0.0,True,True,True,False,False,False,False
row_01645,development,neg_318,GVGDLIRKAVAAIKNIV,remaining_negative,17,0,0.0,True,True,True,False,False,False,False
row_01646,development,neg_319,GPLTILHINDVHAAFEQFNT,remaining_negative,20,0,0.0,True,True,True,False,False,False,False
row_01647,development,neg_320,GIGSALAKAAKLIEGMV,remaining_negative,17,0,0.0,True,True,True,False,False,False,False
row_01648,development,neg_321,EYPVVFVKGLFPGKG,remaining_negative,15,0,0.0,True,True,True,False,False,False,False
row_01649,development,neg_322,EEGGSPPPVVI,remaining_negative,11,0,0.0,True,True,True,False,False,False,False
row_01650,development,neg_323,FLAKNVAKKLVSHVAKKQLE,remaining_negative,20,0,0.0,True,True,True,False,False,False,False
row_01651,development,neg_324,LKCNKLVPLFYKTCPAGKNL,remaining_negative,20,0,0.0,True,True,True,False,False,False,False
row_01652,development,neg_325,AEYPNDVNLTVYWDP,remaining_negative,15,0,0.0,True,True,True,False,False,False,False
row_01653,development,neg_326,DSCCIEQHCCD,remaining_negative,11,0,0.0,True,True,True,False,False,False,False
row_01654,development,neg_329,VGEAFWSAEEQK,remaining_negative,12,0,0.0,True,True,True,False,False,False,False
row_01655,development,neg_330,TPGQDFMRF,remaining_negative,9,0,0.0,True,True,True,False,False,False,False
row_01656,development,neg_331,FLPIIAKLVSGLL,remaining_negative,13,0,0.0,True,True,True,False,False,False,False
row_01657,development,neg_332,AIDYDEDEDGRPKVHVDAR,remaining_negative,19,0,0.0,True,True,True,False,False,False,False
row_01658,development,neg_333,HNPASFIGLM,remaining_negative,10,0,0.0,True,True,True,False,False,False,False
row_01659,development,neg_335,CYIQNCPRG,remaining_negative,9,0,0.0,True,True,True,False,False,False,False
row_01660,development,neg_336,VRPYLVAFYESH,remaining_negative,12,0,0.0,True,True,True,False,False,False,False
row_01661,development,neg_337,QPWLPFV,remaining_negative,7,0,0.0,True,True,True,False,False,False,False
row_01662,development,neg_338,CCEWPCHHGCIPCCY,remaining_negative,15,0,0.0,True,True,True,False,False,False,False
row_01663,development,neg_339,QTCCGYRMCVPC,remaining_negative,12,0,0.0,True,True,True,False,False,False,False
row_01664,development,neg_341,GPIPWQR,remaining_negative,7,0,0.0,True,True,True,False,False,False,False
row_01665,development,neg_342,TVKVTVTGAAGQIGYALLFR,remaining_negative,20,0,0.0,True,True,True,False,False,False,False
row_01666,development,neg_343,AGPYAFGL,remaining_negative,8,0,0.0,True,True,True,False,False,False,False
row_01667,development,neg_344,ANDPDFPYTVQANRP,remaining_negative,15,0,0.0,True,True,True,False,False,False,False
row_01668,development,neg_345,AAAPDIPIANVNA,remaining_negative,13,0,0.0,True,True,True,False,False,False,False
row_01669,development,neg_346,GLVSNLGI,remaining_negative,8,0,0.0,True,True,True,False,False,False,False
row_01670,development,neg_347,CCKQSCTTCMPCCW,remaining_negative,14,0,0.0,True,True,True,False,False,False,False
row_01671,development,neg_348,AGQNTES,remaining_negative,7,0,0.0,True,True,True,False,False,False,False
row_01672,development,neg_349,APPGFTPFRIA,remaining_negative,11,0,0.0,True,True,True,False,False,False,False
row_01673,development,neg_350,YVMGHFRWDKF,remaining_negative,11,0,0.0,True,True,True,False,False,False,False
row_01674,development,neg_351,EGCCSNPACRTNHPEVCD,remaining_negative,18,0,0.0,True,True,True,False,False,False,False
row_01675,development,neg_352,GSSGLIAFPRL,remaining_negative,11,0,0.0,True,True,True,False,False,False,False
row_01676,development,neg_353,MNRVQFNHHHHHHPD,remaining_negative,15,0,0.0,True,True,True,False,False,False,False
row_01677,development,neg_354,RQQPFVPRL,remaining_negative,9,0,0.0,True,True,True,False,False,False,False
row_01678,development,neg_355,MEPDPTPLPRRRLKLFR,remaining_negative,17,0,0.0,True,True,True,False,False,False,False
row_01679,development,neg_356,GAYFDGFDVPCVPRRDDC,remaining_negative,18,0,0.0,True,True,True,False,False,False,False
row_01680,development,neg_357,DRTPALRLRF,remaining_negative,10,0,0.0,True,True,True,False,False,False,False
row_01681,development,neg_358,AVNVDDPSK,remaining_negative,9,0,0.0,True,True,True,False,False,False,False
row_01682,development,neg_359,MKLIAKTRILNTLVFSAAGK,remaining_negative,20,0,0.0,True,True,True,False,False,False,False
row_01683,development,neg_360,QARPRHPKIPP,remaining_negative,11,0,0.0,True,True,True,False,False,False,False
row_01684,development,neg_361,GPSGFYGVR,remaining_negative,9,0,0.0,True,True,True,False,False,False,False
row_01685,development,neg_362,FLSLIPHAINAVSALAKHF,remaining_negative,19,0,0.0,True,True,True,False,False,False,False
row_01686,development,neg_363,APVPGLSPFRVV,remaining_negative,12,0,0.0,True,True,True,False,False,False,False
row_01687,development,neg_364,QPWLPFR,remaining_negative,7,0,0.0,True,True,True,False,False,False,False
row_01688,development,neg_365,SLNTKNDFMRF,remaining_negative,11,0,0.0,True,True,True,False,False,False,False
row_01689,development,neg_366,RPPGFSPFRIAPASSL,remaining_negative,16,0,0.0,True,True,True,False,False,False,False
row_01690,development,neg_367,CYFRNCPIG,remaining_negative,9,0,0.0,True,True,True,False,False,False,False
row_01691,development,neg_368,INWKAILGKIGKAAAAVI,remaining_negative,18,0,0.0,True,True,True,False,False,False,False
row_01692,development,neg_369,MRLSANRQGNTCAGRSVNA,remaining_negative,19,0,0.0,True,True,True,False,False,False,False
row_01693,development,neg_370,EGANSNEAKGMWFGPRL,remaining_negative,17,0,0.0,True,True,True,False,False,False,False
row_01694,development,neg_371,KPRPHQFFGLM,remaining_negative,11,0,0.0,True,True,True,False,False,False,False
row_01695,development,neg_372,PAPDSSFIRDP,remaining_negative,11,0,0.0,True,True,True,False,False,False,False
row_01696,development,neg_373,PFDRISNSAFSDF,remaining_negative,13,0,0.0,True,True,True,False,False,False,False
row_01697,development,neg_374,NVRFDLSGATSSSYKTFIKN,remaining_negative,20,0,0.0,True,True,True,False,False,False,False
row_01698,development,neg_375,SRPYSFGL,remaining_negative,8,0,0.0,True,True,True,False,False,False,False
row_01699,development,neg_376,IDWKKLLDAAKQIL,remaining_negative,14,0,0.0,True,True,True,False,False,False,False
row_01700,development,neg_377,MLRNRARRLDYKIMR,remaining_negative,15,0,0.0,True,True,True,False,False,False,False
row_01701,development,neg_378,GCCSDPRCKHQC,remaining_negative,12,0,0.0,True,True,True,False,False,False,False
row_01702,development,neg_379,FLPLLLAGLPKLLCLFFKKC,remaining_negative,20,0,0.0,True,True,True,False,False,False,False
row_01703,development,neg_381,KNEFIRF,remaining_negative,7,0,0.0,True,True,True,False,False,False,False
row_01704,development,neg_382,YKSDSFYGLM,remaining_negative,10,0,0.0,True,True,True,False,False,False,False
row_01705,development,neg_383,DGGEPAAPLWFGPRV,remaining_negative,15,0,0.0,True,True,True,False,False,False,False
row_01706,development,neg_384,DEPDGVPTTQKQ,remaining_negative,12,0,0.0,True,True,True,False,False,False,False
row_01707,development,neg_385,DLLGTLGNLPLPFI,remaining_negative,14,0,0.0,True,True,True,False,False,False,False
row_01708,development,neg_386,VDKPDYRPRPWPRPN,remaining_negative,15,0,0.0,True,True,True,False,False,False,False
row_01709,development,neg_387,MADAEDIQPLVCDNGTG,remaining_negative,17,0,0.0,True,True,True,False,False,False,False
row_01710,development,neg_388,QLGPPPRPQIPP,remaining_negative,12,0,0.0,True,True,True,False,False,False,False
row_01711,development,neg_390,LLGMIPLAISAISALSKL,remaining_negative,18,0,0.0,True,True,True,False,False,False,False
row_01712,development,neg_391,AAGLFQFPRV,remaining_negative,10,0,0.0,True,True,True,False,False,False,False
row_01713,development,neg_392,QESGEVIIEIPR,remaining_negative,12,0,0.0,True,True,True,False,False,False,False
row_01714,development,neg_393,VAGKSFVPIAAGRQ,remaining_negative,14,0,0.0,True,True,True,False,False,False,False
row_01715,development,neg_394,GYFLFRPRN,remaining_negative,9,0,0.0,True,True,True,False,False,False,False
row_01716,development,neg_395,SESILIVHQQQSRSSGS,remaining_negative,17,0,0.0,True,True,True,False,False,False,False
row_01717,development,neg_396,APLSGFYGVR,remaining_negative,10,0,0.0,True,True,True,False,False,False,False
row_01718,development,neg_397,DQGFNSWG,remaining_negative,8,0,0.0,True,True,True,False,False,False,False
row_01719,development,neg_398,FLPILGKILGGLL,remaining_negative,13,0,0.0,True,True,True,False,False,False,False
row_01720,development,neg_399,MIGINVAIFTNVQRRTVS,remaining_negative,18,0,0.0,True,True,True,False,False,False,False
row_01721,development,neg_400,EKGKEILGKI,remaining_negative,10,0,0.0,True,True,True,False,False,False,False
row_01722,development,neg_401,RIISSVAVAVAGTA,remaining_negative,14,0,0.0,True,True,True,False,False,False,False
row_01723,development,neg_403,MERQVFIRLRHRLEADP,remaining_negative,17,0,0.0,True,True,True,False,False,False,False
row_01724,development,neg_404,KGFMTPERAAEFNFR,remaining_negative,15,0,0.0,True,True,True,False,False,False,False
row_01725,development,neg_405,PAPESNFVRDP,remaining_negative,11,0,0.0,True,True,True,False,False,False,False
row_01726,development,neg_406,GFFFP,remaining_negative,5,0,0.0,True,True,True,False,False,False,False
row_01727,development,neg_407,EPNSIWS,remaining_negative,7,0,0.0,True,True,True,False,False,False,False
row_01728,development,neg_408,GYLDYDEVDDNRAKLPLDAR,remaining_negative,20,0,0.0,True,True,True,False,False,False,False
row_01729,development,neg_409,NSTMDSLLQLGR,remaining_negative,12,0,0.0,True,True,True,False,False,False,False
row_01730,development,neg_411,VSAKPARTPT,remaining_negative,10,0,0.0,True,True,True,False,False,False,False
row_01731,development,neg_412,AGQDNFMRF,remaining_negative,9,0,0.0,True,True,True,False,False,False,False
row_01732,development,neg_414,GLLDVVGNLLGGLGL,remaining_negative,15,0,0.0,True,True,True,False,False,False,False
row_01733,development,neg_415,KPWERL,remaining_negative,6,0,0.0,True,True,True,False,False,False,False
row_01734,development,neg_416,IDPKLLESLA,remaining_negative,10,0,0.0,True,True,True,False,False,False,False
row_01735,development,neg_417,MANIKSAIKRAKTSEK,remaining_negative,16,0,0.0,True,True,True,False,False,False,False
row_01736,development,neg_418,AKKTILDLKD,remaining_negative,10,0,0.0,True,True,True,False,False,False,False
row_01737,development,neg_419,GRADNFLRL,remaining_negative,9,0,0.0,True,True,True,False,False,False,False
row_01738,development,neg_421,NPVVRITNGAIRGQN,remaining_negative,15,0,0.0,True,True,True,False,False,False,False
row_01739,development,neg_422,AKFDKFYGLM,remaining_negative,10,0,0.0,True,True,True,False,False,False,False
row_01740,development,neg_423,SYSMEHFRWGKPV,remaining_negative,13,0,0.0,True,True,True,False,False,False,False
row_01741,development,neg_424,TATTRRRGRPPGFSPFR,remaining_negative,17,0,0.0,True,True,True,False,False,False,False
row_01742,development,neg_425,SVFAFENEQSSTIAPARLYK,remaining_negative,20,0,0.0,True,True,True,False,False,False,False
row_01743,development,neg_426,QGGLPRPGPEIPP,remaining_negative,13,0,0.0,True,True,True,False,False,False,False
row_01744,development,neg_427,QGRPLGPPIPP,remaining_negative,11,0,0.0,True,True,True,False,False,False,False
row_01745,development,neg_428,AIFILAS,remaining_negative,7,0,0.0,True,True,True,False,False,False,False
row_01746,development,neg_429,MLMTICNRYTF,remaining_negative,11,0,0.0,True,True,True,False,False,False,False
row_01747,development,neg_430,CCSALCSRYHCLPCC,remaining_negative,15,0,0.0,True,True,True,False,False,False,False
row_01748,development,neg_431,GCCSPWNCIQLRACPCCPN,remaining_negative,19,0,0.0,True,True,True,False,False,False,False
row_01749,development,neg_433,YQTSSPGSNITIGPL,remaining_negative,15,0,0.0,True,True,True,False,False,False,False
row_01750,development,neg_434,AQPPQADFL,remaining_negative,9,0,0.0,True,True,True,False,False,False,False
row_01751,development,neg_435,NAKPPA,remaining_negative,6,0,0.0,True,True,True,False,False,False,False
row_01752,development,neg_436,VELQNRLSDESQ,remaining_negative,12,0,0.0,True,True,True,False,False,False,False
row_01753,development,neg_437,VVGGDECNINEHRSLALMYA,remaining_negative,20,0,0.0,True,True,True,False,False,False,False
row_01754,development,neg_438,HKINSFVGLM,remaining_negative,10,0,0.0,True,True,True,False,False,False,False
row_01755,development,neg_439,GLADFLNKAVGKVVDFVKS,remaining_negative,19,0,0.0,True,True,True,False,False,False,False
row_01756,development,neg_440,WREMSVW,remaining_negative,7,0,0.0,True,True,True,False,False,False,False
row_01757,development,neg_441,CFVRNCPTG,remaining_negative,9,0,0.0,True,True,True,False,False,False,False
row_01758,development,neg_442,NRQPSKYGLEETI,remaining_negative,13,0,0.0,True,True,True,False,False,False,False
row_01759,development,neg_443,AGPRFIRF,remaining_negative,8,0,0.0,True,True,True,False,False,False,False
row_01760,development,neg_444,NVTELIGNTPLVELI,remaining_negative,15,0,0.0,True,True,True,False,False,False,False
row_01761,development,neg_445,SIGFDGLNDPDIVAR,remaining_negative,15,0,0.0,True,True,True,False,False,False,False
row_01762,development,neg_446,VKMELDGGVASNSR,remaining_negative,14,0,0.0,True,True,True,False,False,False,False
row_01763,development,neg_447,RPRPQQFFGLM,remaining_negative,11,0,0.0,True,True,True,False,False,False,False
row_01764,development,neg_448,QARPRPGPKIPP,remaining_negative,12,0,0.0,True,True,True,False,False,False,False
row_01765,development,neg_449,TEFATNDGGQR,remaining_negative,11,0,0.0,True,True,True,False,False,False,False
row_01766,development,neg_450,GMYTHEGSDP,remaining_negative,10,0,0.0,True,True,True,False,False,False,False
row_01767,development,neg_451,FLPFLAKILTGVL,remaining_negative,13,0,0.0,True,True,True,False,False,False,False
row_01768,development,neg_452,MIVKRDKSIVICGSYE,remaining_negative,16,0,0.0,True,True,True,False,False,False,False
row_01769,development,neg_453,SVQDNFIRF,remaining_negative,9,0,0.0,True,True,True,False,False,False,False
row_01770,development,neg_454,MDFIIDIIKKIVGLFTGK,remaining_negative,18,0,0.0,True,True,True,False,False,False,False
row_01771,development,neg_455,LKLLGIVKKVLGAI,remaining_negative,14,0,0.0,True,True,True,False,False,False,False
row_01772,development,neg_456,NQEGLFHGR,remaining_negative,9,0,0.0,True,True,True,False,False,False,False
row_01773,development,neg_457,GCCSHPACNVNNPHICG,remaining_negative,17,0,0.0,True,True,True,False,False,False,False
row_01774,development,neg_458,APASGFFGMR,remaining_negative,10,0,0.0,True,True,True,False,False,False,False
row_01775,development,neg_459,FQYDSQYDGF,remaining_negative,10,0,0.0,True,True,True,False,False,False,False
row_01776,development,neg_460,QSDDYGHMRF,remaining_negative,10,0,0.0,True,True,True,False,False,False,False
row_01777,development,neg_461,TIEEVLNLPPYVVAA,remaining_negative,15,0,0.0,True,True,True,False,False,False,False
row_01778,development,neg_463,RPPGFTPFRKA,remaining_negative,11,0,0.0,True,True,True,False,False,False,False
row_01779,development,neg_464,GSNTECFWKYCV,remaining_negative,12,0,0.0,True,True,True,False,False,False,False
row_01780,development,neg_465,SMIGGVMSKG,remaining_negative,10,0,0.0,True,True,True,False,False,False,False
row_01781,development,neg_466,DTLKSEKNADFKDLY,remaining_negative,15,0,0.0,True,True,True,False,False,False,False
row_01782,development,neg_467,LGYLGTCPTNIGTGLR,remaining_negative,16,0,0.0,True,True,True,False,False,False,False
row_01783,development,neg_468,VLDELTADR,remaining_negative,9,0,0.0,True,True,True,False,False,False,False
row_01784,development,neg_469,RDCGKMCEEETWKG,remaining_negative,14,0,0.0,True,True,True,False,False,False,False
row_01785,development,neg_470,SVAALAAQGLLYNAPK,remaining_negative,16,0,0.0,True,True,True,False,False,False,False
row_01786,development,neg_471,NGERAPGSKKAPSGFLGTR,remaining_negative,19,0,0.0,True,True,True,False,False,False,False
row_01787,development,neg_473,SCKRECSGSKRQK,remaining_negative,13,0,0.0,True,True,True,False,False,False,False
row_01788,development,neg_474,RAGLKFPVGRVHRLLR,remaining_negative,16,0,0.0,True,True,True,False,False,False,False
row_01789,development,neg_475,TSSLFPHPRL,remaining_negative,10,0,0.0,True,True,True,False,False,False,False
row_01790,development,neg_476,ATGQYAFGL,remaining_negative,9,0,0.0,True,True,True,False,False,False,False
row_01791,development,neg_477,MKKSEDYSS,remaining_negative,9,0,0.0,True,True,True,False,False,False,False
row_01792,development,neg_478,MKKAWWKEGVVYQIY,remaining_negative,15,0,0.0,True,True,True,False,False,False,False
row_01793,development,neg_479,AGIGKIGDFIKKAIAKYKN,remaining_negative,19,0,0.0,True,True,True,False,False,False,False
row_01794,development,neg_480,VVGGDECNINE,remaining_negative,11,0,0.0,True,True,True,False,False,False,False
row_01795,development,neg_481,FLIGMTHGLICLISRKC,remaining_negative,17,0,0.0,True,True,True,False,False,False,False
row_01796,development,neg_482,MQTLPKERRY,remaining_negative,10,0,0.0,True,True,True,False,False,False,False
row_01797,development,neg_483,YAIAGRPRF,remaining_negative,9,0,0.0,True,True,True,False,False,False,False
row_01798,development,neg_485,DGDDYKFGHFRWSVPL,remaining_negative,16,0,0.0,True,True,True,False,False,False,False
row_01799,development,neg_486,STIEVRNNSPYYSVD,remaining_negative,15,0,0.0,True,True,True,False,False,False,False
row_01800,development,neg_487,QRPEYPVWREKGAV,remaining_negative,14,0,0.0,True,True,True,False,False,False,False
row_01801,development,neg_489,MRLTQGAFSYLPDLTDAQII,remaining_negative,20,0,0.0,True,True,True,False,False,False,False
row_01802,development,neg_490,GGETSGEGKGMWFGPRL,remaining_negative,17,0,0.0,True,True,True,False,False,False,False
row_01803,development,neg_492,KDGYLPGNEGCKY,remaining_negative,13,0,0.0,True,True,True,False,False,False,False
row_01804,development,neg_494,ADREPNHFVA,remaining_negative,10,0,0.0,True,True,True,False,False,False,False
row_01805,development,neg_495,NDPEVPGMWFGPRL,remaining_negative,14,0,0.0,True,True,True,False,False,False,False
row_01806,development,neg_496,KPEEDWGRES,remaining_negative,10,0,0.0,True,True,True,False,False,False,False
row_01807,development,neg_497,MRKYEIMYIIRPDMD,remaining_negative,15,0,0.0,True,True,True,False,False,False,False
row_01808,development,neg_498,AGEGLSSPFWSLAAPQRF,remaining_negative,18,0,0.0,True,True,True,False,False,False,False
row_01809,development,neg_499,SCTTCVCTCSCCTT,remaining_negative,14,0,0.0,True,True,True,False,False,False,False
row_01810,development,neg_500,SGANVLTFGAGSRLTVL,remaining_negative,17,0,0.0,True,True,True,False,False,False,False
row_01811,development,neg_501,DISVVGGTGDFLMAR,remaining_negative,15,0,0.0,True,True,True,False,False,False,False
row_01812,development,neg_502,YGETAAVYVAVESR,remaining_negative,14,0,0.0,True,True,True,False,False,False,False
row_01813,development,neg_503,SPLEQFSILMLIPM,remaining_negative,14,0,0.0,True,True,True,False,False,False,False
row_01814,development,neg_504,TSTVFSDGQR,remaining_negative,10,0,0.0,True,True,True,False,False,False,False
row_01815,development,neg_505,GLLSGLGL,remaining_negative,8,0,0.0,True,True,True,False,False,False,False
row_01816,development,neg_506,MRTGNAN,remaining_negative,7,0,0.0,True,True,True,False,False,False,False
row_01817,development,neg_507,AEFGPSQPFKGAK,remaining_negative,13,0,0.0,True,True,True,False,False,False,False
row_01818,development,neg_508,GSSGMIPFPRV,remaining_negative,11,0,0.0,True,True,True,False,False,False,False
row_01819,development,neg_509,VVGADNCNFN,remaining_negative,10,0,0.0,True,True,True,False,False,False,False
row_01820,development,neg_510,PHWLFFGVSVLC,remaining_negative,12,0,0.0,True,True,True,False,False,False,False
row_01821,development,neg_511,MSVSCWEFNAG,remaining_negative,11,0,0.0,True,True,True,False,False,False,False
row_01822,development,neg_513,FLSLIPSLVSGAVSLVKK,remaining_negative,18,0,0.0,True,True,True,False,False,False,False
row_01823,development,neg_515,QPPTPPEHRFPGLM,remaining_negative,14,0,0.0,True,True,True,False,False,False,False
row_01824,development,neg_516,INWKGIAAMKKLL,remaining_negative,13,0,0.0,True,True,True,False,False,False,False
row_01825,development,neg_517,EGGGNRGDPSGVC,remaining_negative,13,0,0.0,True,True,True,False,False,False,False
row_01826,development,neg_518,KRKCGLCKYRCCSGG,remaining_negative,15,0,0.0,True,True,True,False,False,False,False
row_01827,development,neg_520,CCEWPCSHGCIPCCY,remaining_negative,15,0,0.0,True,True,True,False,False,False,False
row_01828,development,neg_521,MVQLVDLARCVSF,remaining_negative,13,0,0.0,True,True,True,False,False,False,False
row_01829,development,neg_522,FLAKKVGKQLASHLAKKQLE,remaining_negative,20,0,0.0,True,True,True,False,False,False,False
row_01830,development,neg_524,NACSSDLNSK,remaining_negative,10,0,0.0,True,True,True,False,False,False,False
row_01831,development,neg_525,GAPMFV,remaining_negative,6,0,0.0,True,True,True,False,False,False,False
row_01832,development,neg_526,SDMYSFGL,remaining_negative,8,0,0.0,True,True,True,False,False,False,False
row_01833,development,neg_527,IGSFIINPR,remaining_negative,9,0,0.0,True,True,True,False,False,False,False
row_01834,development,neg_528,APLMGFQGVR,remaining_negative,10,0,0.0,True,True,True,False,False,False,False
row_01835,development,neg_529,KAVVLGKAGGTAELPCQASQ,remaining_negative,20,0,0.0,True,True,True,False,False,False,False
row_01836,development,neg_530,FIGGIISLIKKLF,remaining_negative,13,0,0.0,True,True,True,False,False,False,False
row_01837,development,neg_531,VVGGDECNINEHRSLVAIF,remaining_negative,19,0,0.0,True,True,True,False,False,False,False
row_01838,development,neg_533,LLSTLTDTSIKEAVATDKAP,remaining_negative,20,0,0.0,True,True,True,False,False,False,False
row_01839,development,neg_534,ELLSEINR,remaining_negative,8,0,0.0,True,True,True,False,False,False,False
row_01840,development,neg_535,GPDSAFLRL,remaining_negative,9,0,0.0,True,True,True,False,False,False,False
row_01841,development,neg_536,FLGGLMKAFPALICAVTKKC,remaining_negative,20,0,0.0,True,True,True,False,False,False,False
row_01842,development,neg_537,FDIMGLIKKVAGAL,remaining_negative,14,0,0.0,True,True,True,False,False,False,False
row_01843,development,neg_538,LRHKVYGYCVLGP,remaining_negative,13,0,0.0,True,True,True,False,False,False,False
row_01844,development,neg_540,FIGLLISAGKAIHDLIRRRH,remaining_negative,20,0,0.0,True,True,True,False,False,False,False
row_01845,development,neg_541,DFFFDFDR,remaining_negative,8,0,0.0,True,True,True,False,False,False,False
row_01846,development,neg_544,CCGVPNAACHPCVCKNTC,remaining_negative,18,0,0.0,True,True,True,False,False,False,False
row_01847,development,neg_545,GCCSDPRCRYRC,remaining_negative,12,0,0.0,True,True,True,False,False,False,False
row_01848,development,neg_546,PVQSVFSATRCGAN,remaining_negative,14,0,0.0,True,True,True,False,False,False,False
row_01849,development,neg_547,RDSNVTILPLRNMKD,remaining_negative,15,0,0.0,True,True,True,False,False,False,False
row_01850,development,neg_548,FGTYGHPRPRFYYNP,remaining_negative,15,0,0.0,True,True,True,False,False,False,False
row_01851,development,neg_549,GLLASLGKVLGGYLAEKLKP,remaining_negative,20,0,0.0,True,True,True,False,False,False,False
row_01852,development,neg_550,AHQLPMGTLCNFYEWYRRDD,remaining_negative,20,0,0.0,True,True,True,False,False,False,False
row_01853,development,neg_551,SPAFNSWG,remaining_negative,8,0,0.0,True,True,True,False,False,False,False
row_01854,development,neg_552,MKATFVLHGWWRTS,remaining_negative,14,0,0.0,True,True,True,False,False,False,False
row_01855,development,neg_553,SLSIMEPIR,remaining_negative,9,0,0.0,True,True,True,False,False,False,False
row_01856,development,neg_554,AKSDVAELKPR,remaining_negative,11,0,0.0,True,True,True,False,False,False,False
row_01857,development,neg_555,EYYDDTDEEERIVSTVDAR,remaining_negative,19,0,0.0,True,True,True,False,False,False,False
row_01858,development,neg_556,IPLDTIAGYKE,remaining_negative,11,0,0.0,True,True,True,False,False,False,False
row_01859,development,neg_557,MMRLVIILIVLLLISFSAY,remaining_negative,19,0,0.0,True,True,True,False,False,False,False
row_01860,development,neg_558,GAVSGLLTNLGL,remaining_negative,12,0,0.0,True,True,True,False,False,False,False
row_01861,development,neg_559,GLFDIIKNIFSGL,remaining_negative,13,0,0.0,True,True,True,False,False,False,False
row_01862,development,neg_560,FRGHAKGDKKNQKK,remaining_negative,14,0,0.0,True,True,True,False,False,False,False
row_01863,development,neg_563,MRWQLNKQQLHARLSMK,remaining_negative,17,0,0.0,True,True,True,False,False,False,False
row_01864,development,neg_564,DLSNLLSRVPNERSN,remaining_negative,15,0,0.0,True,True,True,False,False,False,False
row_01865,development,neg_565,GSSGLIAMPRV,remaining_negative,11,0,0.0,True,True,True,False,False,False,False
row_01866,development,neg_566,FLPLFASLIGKLL,remaining_negative,13,0,0.0,True,True,True,False,False,False,False
row_01867,development,neg_568,VIGGAEENINEHRSL,remaining_negative,15,0,0.0,True,True,True,False,False,False,False
row_01868,development,neg_569,GFGSVLGKALKIGANLL,remaining_negative,17,0,0.0,True,True,True,False,False,False,False
row_01869,development,neg_570,HECCKKGFCDPGCDCCDQ,remaining_negative,18,0,0.0,True,True,True,False,False,False,False
row_01870,development,neg_571,KPSGCGEQNMINFYPNVL,remaining_negative,18,0,0.0,True,True,True,False,False,False,False
row_01871,development,neg_572,MDPEPTPLPRWRIFLFR,remaining_negative,17,0,0.0,True,True,True,False,False,False,False
row_01872,development,neg_573,LVPMFLSKLICFITKKC,remaining_negative,17,0,0.0,True,True,True,False,False,False,False
row_01873,development,neg_575,WFDPLRITETTTGSVTLK,remaining_negative,18,0,0.0,True,True,True,False,False,False,False
row_01874,development,neg_576,QNAHPSPK,remaining_negative,8,0,0.0,True,True,True,False,False,False,False
row_01875,development,neg_577,AWQDLNAGW,remaining_negative,9,0,0.0,True,True,True,False,False,False,False
row_01876,development,neg_579,LAKRADICQPGKTSQRACET,remaining_negative,20,0,0.0,True,True,True,False,False,False,False
row_01877,development,neg_580,SCCARNPACRHNHPCV,remaining_negative,16,0,0.0,True,True,True,False,False,False,False
row_01878,development,neg_581,SAQGQDFMRF,remaining_negative,10,0,0.0,True,True,True,False,False,False,False
row_01879,development,neg_582,GTLIGQDYK,remaining_negative,9,0,0.0,True,True,True,False,False,False,False
row_01880,development,neg_583,LFSLVLAG,remaining_negative,8,0,0.0,True,True,True,False,False,False,False
row_01881,development,neg_585,FLGALVNALRGLL,remaining_negative,13,0,0.0,True,True,True,False,False,False,False
row_01882,development,neg_587,KSPPQALNKPLPAPSAPSL,remaining_negative,19,0,0.0,True,True,True,False,False,False,False
row_01883,development,neg_588,KDGYLVGNDGCKYSCNTYPK,remaining_negative,20,0,0.0,True,True,True,False,False,False,False
row_01884,development,neg_589,ISDDIQSIIQGIF,remaining_negative,13,0,0.0,True,True,True,False,False,False,False
row_01885,development,neg_590,GVDSSFLRL,remaining_negative,9,0,0.0,True,True,True,False,False,False,False
row_01886,development,neg_591,FPPWF,remaining_negative,5,0,0.0,True,True,True,False,False,False,False
row_01887,development,neg_592,QVNFSPGWGT,remaining_negative,10,0,0.0,True,True,True,False,False,False,False
row_01888,development,neg_594,QNCCNGGCSSKWCKGHARCC,remaining_negative,20,0,0.0,True,True,True,False,False,False,False
row_01889,development,neg_595,DCLPCGHDVCC,remaining_negative,11,0,0.0,True,True,True,False,False,False,False
row_01890,development,neg_597,VDFFA,remaining_negative,5,0,0.0,True,True,True,False,False,False,True
row_01891,development,neg_598,FLPIASLLGKYL,remaining_negative,12,0,0.0,True,True,True,False,False,False,False
row_01892,development,neg_599,GFFALIPGIE,remaining_negative,10,0,0.0,True,True,True,False,False,False,False
row_01893,development,neg_600,DPNATIIMLGTGTGIAPFR,remaining_negative,19,0,0.0,True,True,True,False,False,False,False
row_01894,development,neg_601,ASGENQAELKLATHNVYML,remaining_negative,19,0,0.0,True,True,True,False,False,False,False
row_01895,development,neg_602,MADAEDIQPLVCD,remaining_negative,13,0,0.0,True,True,True,False,False,False,False
row_01896,development,neg_603,EKSCITWRNSCVHND,remaining_negative,15,0,0.0,True,True,True,False,False,False,False
row_01897,development,neg_604,NEQSGKSQTVIVGSWGAKVS,remaining_negative,20,0,0.0,True,True,True,False,False,False,False
row_01898,development,neg_605,SCSCQKHFSCCD,remaining_negative,12,0,0.0,True,True,True,False,False,False,False
row_01899,development,neg_606,VIDVNDEW,remaining_negative,8,0,0.0,True,True,True,False,False,False,False
row_01900,development,neg_607,VSTLLPVVAAEEPA,remaining_negative,14,0,0.0,True,True,True,False,False,False,False
row_01901,development,neg_608,MGIFSIFVISTVHYQPNKK,remaining_negative,19,0,0.0,True,True,True,False,False,False,False
row_01902,development,neg_609,VSGSGIMAKRVVVDA,remaining_negative,15,0,0.0,True,True,True,False,False,False,False
row_01903,development,neg_611,MAPPRTSTS,remaining_negative,9,0,0.0,True,True,True,False,False,False,False
row_01904,development,neg_612,QPSKDAFIGLM,remaining_negative,11,0,0.0,True,True,True,False,False,False,False
row_01905,development,neg_613,GSPKYCHLPADPGPC,remaining_negative,15,0,0.0,True,True,True,False,False,False,False
row_01906,development,neg_614,MLHCKGNNL,remaining_negative,9,0,0.0,True,True,True,False,False,False,False
row_01907,development,neg_616,VDKPDYRPRPRPPNM,remaining_negative,15,0,0.0,True,True,True,False,False,False,False
row_01908,development,neg_617,FGETSGETKGMWFGPRL,remaining_negative,17,0,0.0,True,True,True,False,False,False,False
row_01909,development,neg_618,SGLDSLSGATFGGNR,remaining_negative,15,0,0.0,True,True,True,False,False,False,False
row_01910,development,neg_619,MEKGYYDLES,remaining_negative,10,0,0.0,True,True,True,False,False,False,False
row_01911,development,neg_620,STRTPEFLGLDNQCGVWA,remaining_negative,18,0,0.0,True,True,True,False,False,False,False
row_01912,development,neg_621,GSPMFV,remaining_negative,6,0,0.0,True,True,True,False,False,False,False
row_01913,development,neg_622,GHNKKDKKMQKK,remaining_negative,12,0,0.0,True,True,True,False,False,False,False
row_01914,development,neg_623,GLLDIVKKVVGAFGSL,remaining_negative,16,0,0.0,True,True,True,False,False,False,False
row_01915,development,neg_624,AIGGLSRSFPVEAFE,remaining_negative,15,0,0.0,True,True,True,False,False,False,False
row_01916,development,neg_625,NQCPQAYSYAK,remaining_negative,11,0,0.0,True,True,True,False,False,False,False
row_01917,development,neg_626,SCCNAGFCRFGCTPCCY,remaining_negative,17,0,0.0,True,True,True,False,False,False,False
row_01918,development,neg_627,MKQGINGFARRGRL,remaining_negative,14,0,0.0,True,True,True,False,False,False,False
row_01919,development,neg_629,FDLGMLVKKVLAGL,remaining_negative,14,0,0.0,True,True,True,False,False,False,False
row_01920,development,neg_630,FYSAPTRDNVFEL,remaining_negative,13,0,0.0,True,True,True,False,False,False,False
row_01921,development,neg_631,FFPIGVFCKIFKTC,remaining_negative,14,0,0.0,True,True,True,False,False,False,False
row_01922,development,neg_632,KPCCSIHDSSCCGI,remaining_negative,14,0,0.0,True,True,True,False,False,False,False
row_01923,development,neg_633,GLFDIAKKVIGVIGSL,remaining_negative,16,0,0.0,True,True,True,False,False,False,False
row_01924,development,neg_634,DGAETPGAAASLWFGPRV,remaining_negative,18,0,0.0,True,True,True,False,False,False,False
row_01925,development,neg_635,SLRKMHALGET,remaining_negative,11,0,0.0,True,True,True,False,False,False,False
row_01926,development,neg_636,KDGYPVDNANCKYE,remaining_negative,14,0,0.0,True,True,True,False,False,False,False
row_01927,development,neg_637,SGLQFAVLDGQGFLPFSRV,remaining_negative,19,0,0.0,True,True,True,False,False,False,False
row_01928,development,neg_638,SVDFDSESPRKPEIQ,remaining_negative,15,0,0.0,True,True,True,False,False,False,False
row_01929,development,neg_639,GGCCSYPPCAVSNPQHC,remaining_negative,17,0,0.0,True,True,True,False,False,False,False
row_01930,development,neg_640,DGVTDPLEVNVVK,remaining_negative,13,0,0.0,True,True,True,False,False,False,False
row_01931,development,neg_641,GLVPNLLNNLGL,remaining_negative,12,0,0.0,True,True,True,False,False,False,False
row_01932,development,neg_642,MMKLLIIVVLLVISFPAY,remaining_negative,18,0,0.0,True,True,True,False,False,False,False
row_01933,development,neg_643,EPFKISIHL,remaining_negative,9,0,0.0,True,True,True,False,False,False,False
row_01934,development,neg_644,GSSGLISFPRT,remaining_negative,11,0,0.0,True,True,True,False,False,False,False
row_01935,development,neg_645,RCLFWSVCP,remaining_negative,9,0,0.0,True,True,True,False,False,False,False
row_01936,development,neg_648,DDASDRAKKFYGLM,remaining_negative,14,0,0.0,True,True,True,False,False,False,False
row_01937,development,neg_649,INWLKLGKKILGAI,remaining_negative,14,0,0.0,True,True,True,False,False,False,False
row_01938,development,neg_650,ATLTVFFRDN,remaining_negative,10,0,0.0,True,True,True,False,False,False,False
row_01939,development,neg_651,FLSLIPKIAGGIASLVKNL,remaining_negative,19,0,0.0,True,True,True,False,False,False,False
row_01940,development,neg_652,EWEPVQNGGSSYYMVPRIWA,remaining_negative,20,0,0.0,True,True,True,False,False,False,False
row_01941,development,neg_654,GLFDIIKKVASVVGLASP,remaining_negative,18,0,0.0,True,True,True,False,False,False,False
row_01942,development,neg_655,QLWPRPHIPP,remaining_negative,10,0,0.0,True,True,True,False,False,False,False
row_01943,development,neg_656,GLFDIIKNIVSTL,remaining_negative,13,0,0.0,True,True,True,False,False,False,False
row_01944,development,neg_657,KYPLEKFQNIG,remaining_negative,11,0,0.0,True,True,True,False,False,False,False
row_01945,development,neg_658,AQGDNPDKDTDGN,remaining_negative,13,0,0.0,True,True,True,False,False,False,False
row_01946,development,neg_659,FAQLLNDLK,remaining_negative,9,0,0.0,True,True,True,False,False,False,False
row_01947,development,neg_660,GLFDIVKKIAGHIVSSI,remaining_negative,17,0,0.0,True,True,True,False,False,False,False
row_01948,development,neg_661,SPGALEDEHNDNFLRF,remaining_negative,16,0,0.0,True,True,True,False,False,False,False
row_01949,development,neg_662,SAPRGCWTKSYPPKPCK,remaining_negative,17,0,0.0,True,True,True,False,False,False,False
row_01950,development,neg_663,SNPNFILTLVNNVPYTIWPA,remaining_negative,20,0,0.0,True,True,True,False,False,False,False
row_01951,development,neg_664,ATDYEDEEFPGAVPPSVGAR,remaining_negative,20,0,0.0,True,True,True,False,False,False,False
row_01952,development,neg_665,MTYQTAIDAVRELKA,remaining_negative,15,0,0.0,True,True,True,False,False,False,False
row_01953,development,neg_666,LVPFLGKTLGGLLARF,remaining_negative,16,0,0.0,True,True,True,False,False,False,False
row_01954,development,neg_667,QGWAWPRPQIPP,remaining_negative,12,0,0.0,True,True,True,False,False,False,False
row_01955,development,neg_668,GFLDIVKGVGLVALGAVSKS,remaining_negative,20,0,0.0,True,True,True,False,False,False,False
row_01956,development,neg_670,GVGYKVVVTTTAAADDDDVV,remaining_negative,20,0,0.0,True,True,True,False,False,False,False
row_01957,development,neg_671,DCCIIAGCPFGCTICC,remaining_negative,16,0,0.0,True,True,True,False,False,False,False
row_01958,development,neg_672,GFGSLFKFLAKKVAK,remaining_negative,15,0,0.0,True,True,True,False,False,False,False
row_01959,development,neg_673,LRLDLSNLR,remaining_negative,9,0,0.0,True,True,True,False,False,False,False
row_01960,development,neg_674,MVLNVVLAGDFDCVRRP,remaining_negative,17,0,0.0,True,True,True,False,False,False,False
row_01961,development,neg_675,QGLIPFPRV,remaining_negative,9,0,0.0,True,True,True,False,False,False,False
row_01962,development,neg_676,FLNPFRWVINKYR,remaining_negative,13,0,0.0,True,True,True,False,False,False,False
row_01963,development,neg_677,NLYQFKEMIRYTIP,remaining_negative,14,0,0.0,True,True,True,False,False,False,False
row_01964,development,neg_678,SLLEFGMMILEE,remaining_negative,12,0,0.0,True,True,True,False,False,False,False
row_01965,development,neg_679,TSAEVPATAQGVTHALEGTQ,remaining_negative,20,0,0.0,True,True,True,False,False,False,False
row_01966,development,neg_680,CYIQSCPIG,remaining_negative,9,0,0.0,True,True,True,False,False,False,False
row_01967,development,neg_681,AAKLLLNPKFRCKAAFC,remaining_negative,17,0,0.0,True,True,True,False,False,False,False
row_01968,development,neg_682,AVVFDPQPALWAEADTQLEP,remaining_negative,20,0,0.0,True,True,True,False,False,False,False
row_01969,development,neg_683,GWFDVVKHIASAV,remaining_negative,13,0,0.0,True,True,True,False,False,False,False
row_01970,development,neg_685,TNVKESEFIAEGAAGR,remaining_negative,16,0,0.0,True,True,True,False,False,False,False
row_01971,development,neg_686,AYGGDGGAYYEWSPA,remaining_negative,15,0,0.0,True,True,True,False,False,False,False
row_01972,development,neg_687,DSGSSRDPGASSGGC,remaining_negative,15,0,0.0,True,True,True,False,False,False,False
row_01973,development,neg_688,KIKEKLIEA,remaining_negative,9,0,0.0,True,True,True,False,False,False,False
row_01974,development,neg_689,TKATEGEFLAEGGGVR,remaining_negative,16,0,0.0,True,True,True,False,False,False,False
row_01975,development,neg_690,AVFVILTNVYT,remaining_negative,11,0,0.0,True,True,True,False,False,False,False
row_01976,development,neg_691,SDNRNQGY,remaining_negative,8,0,0.0,True,True,True,False,False,False,False
row_01977,development,neg_692,DDPTSTFTCPGGSDYK,remaining_negative,16,0,0.0,True,True,True,False,False,False,False
row_01978,development,neg_694,MKAIMLVNFCDERGSGR,remaining_negative,17,0,0.0,True,True,True,False,False,False,False
row_01979,development,neg_695,SVDFDSESPR,remaining_negative,10,0,0.0,True,True,True,False,False,False,False
row_01980,development,neg_696,QDSGDGWPQQPFVPRL,remaining_negative,16,0,0.0,True,True,True,False,False,False,False
row_01981,development,neg_697,GSSGLISFPRN,remaining_negative,11,0,0.0,True,True,True,False,False,False,False
row_01982,development,neg_698,ALGDQLLSVFVDHTLVDEVA,remaining_negative,20,0,0.0,True,True,True,False,False,False,False
row_01983,development,neg_699,ARTDNFVRL,remaining_negative,9,0,0.0,True,True,True,False,False,False,False
row_01984,development,neg_700,SGHTKIKVAVDT,remaining_negative,12,0,0.0,True,True,True,False,False,False,False
row_01985,development,neg_701,FLPLIAGLLGKLF,remaining_negative,13,0,0.0,True,True,True,False,False,False,False
row_01986,development,neg_702,LEIADLAQYVVDLTAR,remaining_negative,16,0,0.0,True,True,True,False,False,False,False
row_01987,development,neg_703,KPNPERFYGLM,remaining_negative,11,0,0.0,True,True,True,False,False,False,False
row_01988,development,neg_704,FVQWFSKFLGRIL,remaining_negative,13,0,0.0,True,True,True,False,False,False,False
row_01989,development,neg_705,KECCTHPACHVSHPELCG,remaining_negative,18,0,0.0,True,True,True,False,False,False,False
row_01990,development,neg_706,SKGKKANKDVELARG,remaining_negative,15,0,0.0,True,True,True,False,False,False,False
row_01991,development,neg_707,ATDYDEEEDDRVKVRLDAR,remaining_negative,19,0,0.0,True,True,True,False,False,False,False
row_01992,development,neg_708,SKVENIVDELKTLTL,remaining_negative,15,0,0.0,True,True,True,False,False,False,False
row_01993,development,neg_710,QTCCGSKVFCC,remaining_negative,11,0,0.0,True,True,True,False,False,False,False
row_01994,development,neg_711,GLLDVVGNVLHSLGL,remaining_negative,15,0,0.0,True,True,True,False,False,False,False
row_01995,development,neg_712,ADPPIHIASL,remaining_negative,10,0,0.0,True,True,True,False,False,False,False
row_01996,development,neg_713,LENGLLRKPPMG,remaining_negative,12,0,0.0,True,True,True,False,False,False,False
row_01997,development,neg_714,SGQYSFGL,remaining_negative,8,0,0.0,True,True,True,False,False,False,False
row_01998,development,neg_715,SGYLPGKEYVYKYKGKVF,remaining_negative,18,0,0.0,True,True,True,False,False,False,False
row_01999,development,neg_716,IVSYPDDAGEHAHKMG,remaining_negative,16,0,0.0,True,True,True,False,False,False,False
row_02000,development,neg_717,CCNWPCSFGCIPCCY,remaining_negative,15,0,0.0,True,True,True,False,False,False,False
row_02001,development,neg_718,GVLDAFKKIATVVKNLV,remaining_negative,17,0,0.0,True,True,True,False,False,False,False
row_02002,development,neg_720,SPTLDDEHNDNFVRL,remaining_negative,15,0,0.0,True,True,True,False,False,False,False
row_02003,development,neg_721,ALFEESTVSAEPR,remaining_negative,13,0,0.0,True,True,True,False,False,False,False
row_02004,development,neg_722,FIGAILPAIAGLVGGLINR,remaining_negative,19,0,0.0,True,True,True,False,False,False,False
row_02005,development,neg_723,QGGWPRPGPEIPP,remaining_negative,13,0,0.0,True,True,True,False,False,False,False
row_02006,development,neg_724,AQENETNESGSID,remaining_negative,13,0,0.0,True,True,True,False,False,False,False
row_02007,development,neg_726,IVPFLLGMVPKLVCLITKKC,remaining_negative,20,0,0.0,True,True,True,False,False,False,False
row_02008,development,neg_727,NFQRDVEITWGDMRR,remaining_negative,15,0,0.0,True,True,True,False,False,False,False
row_02009,development,neg_728,IVRRACCSDRRCRWRCG,remaining_negative,17,0,0.0,True,True,True,False,False,False,False
row_02010,development,neg_729,QCGQAWC,remaining_negative,7,0,0.0,True,True,True,False,False,False,False
row_02011,development,neg_731,FLLSLPHLASGLASLVLSK,remaining_negative,19,0,0.0,True,True,True,False,False,False,False
row_02012,development,neg_732,SANAKNDFMRF,remaining_negative,11,0,0.0,True,True,True,False,False,False,False
row_02013,development,neg_733,CIIRNCPRG,remaining_negative,9,0,0.0,True,True,True,False,False,False,False
row_02014,development,neg_734,ALAGTIIAGASLTFKILDEV,remaining_negative,20,0,0.0,True,True,True,False,False,False,False
row_02015,development,neg_735,RQRHPDCDKPPDTGN,remaining_negative,15,0,0.0,True,True,True,False,False,False,False
row_02016,development,neg_736,QGGAPWNPIPP,remaining_negative,11,0,0.0,True,True,True,False,False,False,False
row_02017,development,neg_737,DYMGWMDF,remaining_negative,8,0,0.0,True,True,True,False,False,False,False
row_02018,development,neg_738,FFFLPSLIGGLVSAIK,remaining_negative,16,0,0.0,True,True,True,False,False,False,False
row_02019,development,neg_739,ILGTILGLLKSL,remaining_negative,12,0,0.0,True,True,True,False,False,False,False
row_02020,development,neg_740,DHLSHDVYSPRL,remaining_negative,12,0,0.0,True,True,True,False,False,False,False
row_02021,development,neg_741,TNDSAGDGTTTASVLAR,remaining_negative,17,0,0.0,True,True,True,False,False,False,False
row_02022,development,neg_743,SDYLQLAR,remaining_negative,8,0,0.0,True,True,True,False,False,False,False
row_02023,development,neg_744,QCCPTMPECCRI,remaining_negative,12,0,0.0,True,True,True,False,False,False,False
row_02024,development,neg_745,GRGGASNYVRL,remaining_negative,11,0,0.0,True,True,True,False,False,False,False
row_02025,development,neg_747,IVGGFTIGIDTVPY,remaining_negative,14,0,0.0,True,True,True,False,False,False,False
row_02026,development,neg_748,SRDIVSVYDD,remaining_negative,10,0,0.0,True,True,True,False,False,False,False
row_02027,development,neg_749,EGFQLMDRGTFDEIGR,remaining_negative,16,0,0.0,True,True,True,False,False,False,False
row_02028,development,neg_750,GGPYSYGL,remaining_negative,8,0,0.0,True,True,True,False,False,False,False
row_02029,development,neg_751,GLEETYCSMRIKENI,remaining_negative,15,0,0.0,True,True,True,False,False,False,False
row_02030,development,neg_753,VIGGDICNINEHNFLVALYE,remaining_negative,20,0,0.0,True,True,True,False,False,False,False
row_02031,development,neg_754,ALVSADGDSWFAR,remaining_negative,13,0,0.0,True,True,True,False,False,False,False
row_02032,development,neg_755,DMCCHPACMNHFNC,remaining_negative,14,0,0.0,True,True,True,False,False,False,False
row_02033,development,neg_756,RPPGFTPFR,remaining_negative,9,0,0.0,True,True,True,False,False,False,False
row_02034,development,neg_757,APSMGFMGMR,remaining_negative,10,0,0.0,True,True,True,False,False,False,False
row_02035,development,neg_759,VQGMVYCDTCRSANALGFMR,remaining_negative,20,0,0.0,True,True,True,False,False,False,False
row_02036,development,neg_760,YVVPAAKLEAIYPKGLRVSI,remaining_negative,20,0,0.0,True,True,True,False,False,False,False
row_02037,development,neg_761,MDLSFTLSVVTA,remaining_negative,12,0,0.0,True,True,True,False,False,False,False
row_02038,development,neg_762,FLSLIPHAINAISAIAHHL,remaining_negative,19,0,0.0,True,True,True,False,False,False,False
row_02039,development,neg_764,VDKPDYRPRPWPRPNM,remaining_negative,16,0,0.0,True,True,True,False,False,False,False
row_02040,development,neg_765,MIERELGNWKDFIEVMLRK,remaining_negative,19,0,0.0,True,True,True,False,False,False,False
row_02041,development,neg_767,SVQFKPRL,remaining_negative,8,0,0.0,True,True,True,False,False,False,False
row_02042,development,neg_768,TKCPTCQNDTCSNKI,remaining_negative,15,0,0.0,True,True,True,False,False,False,False
row_02043,development,neg_769,EQPGGDKVNLGYFTN,remaining_negative,15,0,0.0,True,True,True,False,False,False,False
row_02044,development,neg_770,GYNRSFLRF,remaining_negative,9,0,0.0,True,True,True,False,False,False,False
row_02045,development,neg_771,RGSNLTHPLRNIGDLFYVGN,remaining_negative,20,0,0.0,True,True,True,False,False,False,False
row_02046,development,neg_772,ADGSDPASSEFLAEGGGVR,remaining_negative,19,0,0.0,True,True,True,False,False,False,False
row_02047,development,neg_773,KLSYDDKVFENVEFTPRL,remaining_negative,18,0,0.0,True,True,True,False,False,False,False
row_02048,development,neg_774,YEYSVYREIIGSGHIIAR,remaining_negative,18,0,0.0,True,True,True,False,False,False,False
row_02049,development,neg_775,RPPGWSPFR,remaining_negative,9,0,0.0,True,True,True,False,False,False,False
row_02050,development,neg_776,FLSLALAALPKFLCLVFKKC,remaining_negative,20,0,0.0,True,True,True,False,False,False,False
row_02051,development,neg_778,VDWKKIGQHILSVL,remaining_negative,14,0,0.0,True,True,True,False,False,False,False
row_02052,development,neg_779,AEPRDQFK,remaining_negative,8,0,0.0,True,True,True,False,False,False,False
row_02053,development,neg_780,GFGSLFKFLGKKVLK,remaining_negative,15,0,0.0,True,True,True,False,False,False,False
row_02054,development,neg_781,DVNWPLGWPVGGYPG,remaining_negative,15,0,0.0,True,True,True,False,False,False,False
row_02055,development,neg_782,GLVGTLLGHIGKAILS,remaining_negative,16,0,0.0,True,True,True,False,False,False,False
row_02056,development,neg_783,CCKYGWTCLLGCSPCGC,remaining_negative,17,0,0.0,True,True,True,False,False,False,False
row_02057,development,neg_784,DRNFLRF,remaining_negative,7,0,0.0,True,True,True,False,False,False,False
row_02058,development,neg_785,QARPPHPPIPPAP,remaining_negative,13,0,0.0,True,True,True,False,False,False,False
row_02059,development,neg_786,NGRCCHPACARKYNC,remaining_negative,15,0,0.0,True,True,True,False,False,False,False
row_02060,development,neg_787,AFSSWG,remaining_negative,6,0,0.0,True,True,True,False,False,False,False
row_02061,development,neg_788,AGPVSKLVSGIGL,remaining_negative,13,0,0.0,True,True,True,False,False,False,False
row_02062,development,neg_790,QWPDPSSDIPP,remaining_negative,11,0,0.0,True,True,True,False,False,False,False
row_02063,development,neg_791,SGSAKVAFSAIRSTNH,remaining_negative,16,0,0.0,True,True,True,False,False,False,False
row_02064,development,neg_792,ADRELHRSKA,remaining_negative,10,0,0.0,True,True,True,False,False,False,False
row_02065,development,neg_793,KIMAKPSKFYEQLRGR,remaining_negative,16,0,0.0,True,True,True,False,False,False,False
row_02066,development,neg_794,MRWQEMGYIFYPRKLR,remaining_negative,16,0,0.0,True,True,True,False,False,False,True
row_02067,development,neg_795,LNFKALAALAKKIL,remaining_negative,14,0,0.0,True,True,True,False,False,False,False
row_02068,development,neg_796,GLFDIIKKVASVIGGL,remaining_negative,16,0,0.0,True,True,True,False,False,False,False
row_02069,development,neg_797,VIGGDECNIN,remaining_negative,10,0,0.0,True,True,True,False,False,False,False
row_02070,development,neg_798,AVPPRYGYTRG,remaining_negative,11,0,0.0,True,True,True,False,False,False,False
row_02071,development,neg_799,DCQPCGHNVCC,remaining_negative,11,0,0.0,True,True,True,False,False,False,False
row_02072,development,neg_800,AHRFAAEDFGALDTA,remaining_negative,15,0,0.0,True,True,True,False,False,False,False
row_02073,development,neg_801,PKPPDRG,remaining_negative,7,0,0.0,True,True,True,False,False,False,False
row_02074,development,neg_802,DVPKSDQFVGLM,remaining_negative,12,0,0.0,True,True,True,False,False,False,False
row_02075,development,neg_803,CCAPSACRLGCRPCCR,remaining_negative,16,0,0.0,True,True,True,False,False,False,False
row_02076,development,neg_804,VNWKKILGKIIKVAK,remaining_negative,15,0,0.0,True,True,True,False,False,False,False
row_02077,development,neg_805,LDSLSFSYNNFEEDD,remaining_negative,15,0,0.0,True,True,True,False,False,False,False
row_02078,development,neg_806,ESGGSGEANGMWFGPRL,remaining_negative,17,0,0.0,True,True,True,False,False,False,False
row_02079,development,neg_807,FLPLLAASFACTVTKKC,remaining_negative,17,0,0.0,True,True,True,False,False,False,False
row_02080,development,neg_808,NNQLNASHK,remaining_negative,9,0,0.0,True,True,True,False,False,False,False
row_02081,development,neg_809,RGSNLTHPLRNIRDLFYVG,remaining_negative,19,0,0.0,True,True,True,False,False,False,False
row_02082,development,neg_810,DDAVADGEHAISGVVDS,remaining_negative,17,0,0.0,True,True,True,False,False,False,False
row_02083,development,neg_811,SPATMGFAGVR,remaining_negative,11,0,0.0,True,True,True,False,False,False,False
row_02084,development,neg_812,TSSGCPNFESLVR,remaining_negative,13,0,0.0,True,True,True,False,False,False,False
row_02085,development,neg_813,GYSSASKIIFGSGTRLSIRP,remaining_negative,20,0,0.0,True,True,True,False,False,False,False
row_02086,development,neg_814,DLYGNIVLSGGSTMF,remaining_negative,15,0,0.0,True,True,True,False,False,False,False
row_02087,development,neg_815,APVMGFQGMR,remaining_negative,10,0,0.0,True,True,True,False,False,False,False
row_02088,development,neg_816,QDGKSSFQKEGGGVR,remaining_negative,15,0,0.0,True,True,True,False,False,False,False
row_02089,development,neg_817,MAATFALHGWWRTS,remaining_negative,14,0,0.0,True,True,True,False,False,False,False
row_02090,development,neg_818,PAPESGFIRDP,remaining_negative,11,0,0.0,True,True,True,False,False,False,False
row_02091,development,neg_819,AYVSQSGAPWGLGRISHK,remaining_negative,18,0,0.0,True,True,True,False,False,False,False
row_02092,development,neg_820,SCSCKRNFLCC,remaining_negative,11,0,0.0,True,True,True,False,False,False,False
row_02093,development,neg_821,MTDTPLSAAEF,remaining_negative,11,0,0.0,True,True,True,False,False,False,False
row_02094,development,neg_822,MKVFVLNGPNLGRLGKREPA,remaining_negative,20,0,0.0,True,True,True,False,False,False,False
row_02095,development,neg_823,GKPSRPRPAPIQPRPPHPRL,remaining_negative,20,0,0.0,True,True,True,False,False,False,False
row_02096,development,neg_824,ASSGLISMPRV,remaining_negative,11,0,0.0,True,True,True,False,False,False,False
row_02097,development,neg_825,SDLTWTYQSPGDPTNSKN,remaining_negative,18,0,0.0,True,True,True,False,False,False,False
row_02098,development,neg_826,VDPGESTFIDEGATGR,remaining_negative,16,0,0.0,True,True,True,False,False,False,False
row_02099,development,neg_827,GSSGMISFPRT,remaining_negative,11,0,0.0,True,True,True,False,False,False,False
row_02100,development,neg_828,AKEKEVTFQSGGPT,remaining_negative,14,0,0.0,True,True,True,False,False,False,False
row_02101,development,neg_829,GLVDVLGKVGGLIKKLLP,remaining_negative,18,0,0.0,True,True,True,False,False,False,False
row_02102,development,neg_830,MFLGPGGAGGQAFDQAR,remaining_negative,17,0,0.0,True,True,True,False,False,False,False
row_02103,development,neg_831,FIGGIISFFKRLF,remaining_negative,13,0,0.0,True,True,True,False,False,False,False
row_02104,development,neg_832,MRRAVILVLDRAGPV,remaining_negative,15,0,0.0,True,True,True,False,False,False,False
row_02105,development,neg_833,NGCCIVRECC,remaining_negative,10,0,0.0,True,True,True,False,False,False,False
row_02106,development,neg_834,KTGVNKPELLPKEETTVIDV,remaining_negative,20,0,0.0,True,True,True,False,False,False,False
row_02107,development,neg_835,TDAVADGVHAISGVVDT,remaining_negative,17,0,0.0,True,True,True,False,False,False,False
row_02108,development,neg_836,KSTDFDYNNKKANYD,remaining_negative,15,0,0.0,True,True,True,False,False,False,False
row_02109,development,neg_837,GRTFFVGGNW,remaining_negative,10,0,0.0,True,True,True,False,False,False,False
row_02110,development,neg_838,CCDRIACRFGCVPCCT,remaining_negative,16,0,0.0,True,True,True,False,False,False,False
row_02111,development,neg_839,RRWCFRVCYKGFCYRKCR,remaining_negative,18,0,0.0,True,True,True,False,False,False,False
row_02112,development,neg_840,QANQDFMRF,remaining_negative,9,0,0.0,True,True,True,False,False,False,False
row_02113,development,neg_842,ALAGDHFFRF,remaining_negative,10,0,0.0,True,True,True,False,False,False,False
row_02114,development,neg_843,STHTSDFLKL,remaining_negative,10,0,0.0,True,True,True,False,False,False,False
row_02115,development,neg_844,IFFEV,remaining_negative,5,0,0.0,True,True,True,False,False,False,False
row_02116,development,neg_845,APQPYAFGL,remaining_negative,9,0,0.0,True,True,True,False,False,False,False
row_02117,development,neg_846,PSATYFVR,remaining_negative,8,0,0.0,True,True,True,False,False,False,False
row_02118,development,neg_847,VPPGFTPFRQ,remaining_negative,10,0,0.0,True,True,True,False,False,False,False
row_02119,development,neg_848,APEESPKRAPSGFLGVR,remaining_negative,17,0,0.0,True,True,True,False,False,False,False
row_02120,development,neg_849,GLFDVIKKVASVIGGL,remaining_negative,16,0,0.0,True,True,True,False,False,False,False
row_02121,development,neg_850,DEPDGVPTRQKQ,remaining_negative,12,0,0.0,True,True,True,False,False,False,False
row_02122,development,neg_851,FLSAITSLLGKLL,remaining_negative,13,0,0.0,True,True,True,False,False,False,False
row_02123,development,neg_852,FLPILINLIHKGLL,remaining_negative,14,0,0.0,True,True,True,False,False,False,False
row_02124,development,neg_853,LVALDTEFANR,remaining_negative,11,0,0.0,True,True,True,False,False,False,False
row_02125,development,neg_854,GIGSALAKAAKLVAGIV,remaining_negative,17,0,0.0,True,True,True,False,False,False,False
row_02126,development,neg_855,GLLDGLLGGLGL,remaining_negative,12,0,0.0,True,True,True,False,False,False,False
row_02127,development,neg_856,QFNEYGHMRF,remaining_negative,10,0,0.0,True,True,True,False,False,False,False
row_02128,development,neg_857,GSSGLIPMPRV,remaining_negative,11,0,0.0,True,True,True,False,False,False,False
row_02129,development,neg_859,VEIIANDQGNR,remaining_negative,11,0,0.0,True,True,True,False,False,False,False
row_02130,development,neg_860,GLFDIIKKIAESF,remaining_negative,13,0,0.0,True,True,True,False,False,False,False
row_02131,development,neg_861,MLGFLPLP,remaining_negative,8,0,0.0,True,True,True,False,False,False,False
row_02132,development,neg_862,GDCPWKPWC,remaining_negative,9,0,0.0,True,True,True,False,False,False,False
row_02133,development,neg_863,LECNKLVDIAYITCPAGKNL,remaining_negative,20,0,0.0,True,True,True,False,False,False,False
row_02134,development,neg_864,MKTNPL,remaining_negative,6,0,0.0,True,True,True,False,False,False,False
row_02135,development,neg_865,QTSFTPRL,remaining_negative,8,0,0.0,True,True,True,False,False,False,False
row_02136,development,neg_866,GMASLLAKVLPHVVKLIK,remaining_negative,18,0,0.0,True,True,True,False,False,False,False
row_02137,development,neg_867,QNPNRFIGLM,remaining_negative,10,0,0.0,True,True,True,False,False,False,False
row_02138,development,neg_868,GCCSYPPCFATNSGYC,remaining_negative,16,0,0.0,True,True,True,False,False,False,False
row_02139,development,neg_870,DGCPPHPVPGMHPCMCTNTC,remaining_negative,20,0,0.0,True,True,True,False,False,False,False
row_02140,development,neg_871,GCCSDPRCKHEC,remaining_negative,12,0,0.0,True,True,True,False,False,False,False
row_02141,development,neg_872,SGLQFAVMDGQGFLPFPRV,remaining_negative,19,0,0.0,True,True,True,False,False,False,False
row_02142,development,neg_873,SATAAREEYQRKRSQFIEIG,remaining_negative,20,0,0.0,True,True,True,False,False,False,False
row_02143,development,neg_874,GLWSTIKNVAAAAGKAAIKL,remaining_negative,20,0,0.0,True,True,True,False,False,False,False
row_02144,development,neg_875,IKITTMLAKLGKVLAHV,remaining_negative,17,0,0.0,True,True,True,False,False,False,False
row_02145,development,neg_876,FHGGSWYRFPWGY,remaining_negative,13,0,0.0,True,True,True,False,False,False,False
row_02146,development,neg_877,QLWPRPQIPP,remaining_negative,10,0,0.0,True,True,True,False,False,False,False
row_02147,development,neg_878,QGRAPHPPIPPAP,remaining_negative,13,0,0.0,True,True,True,False,False,False,False
row_02148,development,neg_879,AEPLASQLKEPIAGGGWWAA,remaining_negative,20,0,0.0,True,True,True,False,False,False,False
row_02149,development,neg_880,LAAGKVEDSD,remaining_negative,10,0,0.0,True,True,True,False,False,False,False
row_02150,development,neg_881,ITCPQVTQSLAPCVPYLISG,remaining_negative,20,0,0.0,True,True,True,False,False,False,False
row_02151,development,neg_882,IVGGQEATPHTWVHQVALFI,remaining_negative,20,0,0.0,True,True,True,False,False,False,False
row_02152,development,neg_883,GLLDMVTGLLGNL,remaining_negative,13,0,0.0,True,True,True,False,False,False,False
row_02153,development,neg_884,GSTGLIPFGRP,remaining_negative,11,0,0.0,True,True,True,False,False,False,False
row_02154,development,neg_885,ALSVPVFAVAPLNKK,remaining_negative,15,0,0.0,True,True,True,False,False,False,False
row_02155,development,neg_886,GKWMSLLKHILK,remaining_negative,12,0,0.0,True,True,True,False,False,False,False
row_02156,development,neg_887,GVCDMADLA,remaining_negative,9,0,0.0,True,True,True,False,False,False,False
row_02157,development,neg_889,FLSLIPHAINAVGVHAKHF,remaining_negative,19,0,0.0,True,True,True,False,False,False,False
row_02158,development,neg_890,GLTDQKSAPPGL,remaining_negative,12,0,0.0,True,True,True,False,False,False,False
row_02159,development,neg_891,HTAGFIPRL,remaining_negative,9,0,0.0,True,True,True,False,False,False,False
row_02160,development,neg_892,QQWPPGHHIPP,remaining_negative,11,0,0.0,True,True,True,False,False,False,False
row_02161,development,neg_893,EQWQPQLHR,remaining_negative,9,0,0.0,True,True,True,False,False,False,False
row_02162,development,neg_894,QSAPGNEAIPP,remaining_negative,11,0,0.0,True,True,True,False,False,False,False
row_02163,development,neg_895,DYPKLTFTTS,remaining_negative,10,0,0.0,True,True,True,False,False,False,False
row_02164,development,neg_897,AGDVIYIVR,remaining_negative,9,0,0.0,True,True,True,False,False,False,False
row_02165,development,neg_898,SPALADEHNDNFLRF,remaining_negative,15,0,0.0,True,True,True,False,False,False,False
row_02166,development,neg_899,GCIGRNESQKKDNVYKFKE,remaining_negative,19,0,0.0,True,True,True,False,False,False,False
row_02167,development,neg_900,QKNDKKDRFYGLM,remaining_negative,13,0,0.0,True,True,True,False,False,False,False
row_02168,development,neg_901,GSGFSSWG,remaining_negative,8,0,0.0,True,True,True,False,False,False,False
row_02169,development,neg_902,FFSLIPSLIGGLVSAIK,remaining_negative,17,0,0.0,True,True,True,False,False,False,False
row_02170,development,neg_903,NTFYCCELCCNPACAGCY,remaining_negative,18,0,0.0,True,True,True,False,False,False,False
row_02171,development,neg_904,PIFTFASNVPADTITGFFL,remaining_negative,19,0,0.0,True,True,True,False,False,False,False
row_02172,development,neg_905,ADYLQLAR,remaining_negative,8,0,0.0,True,True,True,False,False,False,False
row_02173,development,neg_906,TDAVANGVHAISGVVDS,remaining_negative,17,0,0.0,True,True,True,False,False,False,False
row_02174,development,neg_907,FRPALIVRTKGK,remaining_negative,12,0,0.0,True,True,True,False,False,False,False
row_02175,development,neg_908,VVGGDECNINEHPFLV,remaining_negative,16,0,0.0,True,True,True,False,False,False,False
row_02176,development,neg_909,VVGGDECNINEHRSL,remaining_negative,15,0,0.0,True,True,True,False,False,False,False
row_02177,development,neg_910,VAAGRPRF,remaining_negative,8,0,0.0,True,True,True,False,False,False,False
row_02178,development,neg_911,GHADNFMRF,remaining_negative,9,0,0.0,True,True,True,False,False,False,False
row_02179,development,neg_913,ADDINPKEECFFEDDYYEFE,remaining_negative,20,0,0.0,True,True,True,False,False,False,False
row_02180,development,neg_914,FLSLIPHAISAISAIANHL,remaining_negative,19,0,0.0,True,True,True,False,False,False,False
row_02181,development,neg_915,ECCHPACGKHFSC,remaining_negative,13,0,0.0,True,True,True,False,False,False,False
row_02182,development,neg_916,PGGGVSGALSSLVQSLVR,remaining_negative,18,0,0.0,True,True,True,False,False,False,False
row_02183,development,neg_917,SGFVLKGYTKTSQ,remaining_negative,13,0,0.0,True,True,True,False,False,False,False
row_02184,development,neg_918,TDSIKETIKETVNHQAEWPY,remaining_negative,20,0,0.0,True,True,True,False,False,False,False
row_02185,development,neg_919,RLRSKGKK,remaining_negative,8,0,0.0,True,True,True,False,False,False,False
row_02186,development,neg_920,AGVDPAIPAYVKTNG,remaining_negative,15,0,0.0,True,True,True,False,False,False,False
row_02187,development,neg_921,LPPWIG,remaining_negative,6,0,0.0,True,True,True,False,False,False,False
row_02188,development,neg_922,MREIEHIPPP,remaining_negative,10,0,0.0,True,True,True,False,False,False,False
row_02189,development,neg_923,CCGVPNAACHPCVCTGKC,remaining_negative,18,0,0.0,True,True,True,False,False,False,False
row_02190,development,neg_924,RVSNLTIHPLRNIIDLRYVG,remaining_negative,20,0,0.0,True,True,True,False,False,False,False
row_02191,development,neg_925,DSSNLPPNQKQIVD,remaining_negative,14,0,0.0,True,True,True,False,False,False,False
row_02192,development,neg_926,NYDKNFYEDTLP,remaining_negative,12,0,0.0,True,True,True,False,False,False,False
row_02193,development,neg_927,LKLKDILGKIKVILSHLNK,remaining_negative,19,0,0.0,True,True,True,False,False,False,False
row_02194,development,neg_928,AMRNALVRF,remaining_negative,9,0,0.0,True,True,True,False,False,False,False
row_02195,development,neg_929,DPWDWV,remaining_negative,6,0,0.0,True,True,True,False,False,False,False
row_02196,development,neg_930,SQISLRGSNLTI,remaining_negative,12,0,0.0,True,True,True,False,False,False,False
row_02197,development,neg_931,FLPPCAYKGTC,remaining_negative,11,0,0.0,True,True,True,False,False,False,False
row_02198,development,neg_932,RPPGFSPFRVAPAS,remaining_negative,14,0,0.0,True,True,True,False,False,False,False
row_02199,development,neg_933,SFKKGLFLGTILGGA,remaining_negative,15,0,0.0,True,True,True,False,False,False,False
row_02200,development,neg_934,AEYFQHWGQGTLVTVSS,remaining_negative,17,0,0.0,True,True,True,False,False,False,False
row_02201,development,neg_935,NNNARLMFGDGTQLVVKP,remaining_negative,18,0,0.0,True,True,True,False,False,False,False
row_02202,development,neg_936,INWKALLDAAKKVL,remaining_negative,14,0,0.0,True,True,True,False,False,False,False
row_02203,development,neg_937,ILTGKLKCK,remaining_negative,9,0,0.0,True,True,True,False,False,False,False
row_02204,development,neg_938,FKGGGPYGQGVTRG,remaining_negative,14,0,0.0,True,True,True,False,False,False,False
row_02205,development,neg_939,HKTDSFVGLM,remaining_negative,10,0,0.0,True,True,True,False,False,False,False
row_02206,development,neg_940,LDYDHEEEDGRTKVTFDAR,remaining_negative,19,0,0.0,True,True,True,False,False,False,False
row_02207,development,neg_941,TQSTGTSQTIAVGLWGGPDN,remaining_negative,20,0,0.0,True,True,True,False,False,False,False
row_02208,development,neg_942,FLAKKLAKHLAKKQAES,remaining_negative,17,0,0.0,True,True,True,False,False,False,False
row_02209,development,neg_943,MMKLVIILIVLLLVSFAAY,remaining_negative,19,0,0.0,True,True,True,False,False,False,False
row_02210,development,neg_944,QETQYFGPGTRLLVL,remaining_negative,15,0,0.0,True,True,True,False,False,False,False
row_02211,development,neg_945,GLEETYCSMKIK,remaining_negative,12,0,0.0,True,True,True,False,False,False,False
row_02212,development,neg_946,VPPKGVSM,remaining_negative,8,0,0.0,True,True,True,False,False,False,False
row_02213,development,neg_948,TAANVKIFNTEEVQNFINLL,remaining_negative,20,0,0.0,True,True,True,False,False,False,False
row_02214,development,neg_949,FPLPCAYKGTYC,remaining_negative,12,0,0.0,True,True,True,False,False,False,False
row_02215,development,neg_950,MGQEQDTPWIL,remaining_negative,11,0,0.0,True,True,True,False,False,False,False
row_02216,development,neg_951,FLPIVGKSLSGLSGKL,remaining_negative,16,0,0.0,True,True,True,False,False,False,False
row_02217,development,neg_952,IINDFTNLVNQVEPLK,remaining_negative,16,0,0.0,True,True,True,False,False,False,False
row_02218,development,neg_953,GCCRFPCPDSCRSLCC,remaining_negative,16,0,0.0,True,True,True,False,False,False,False
row_02219,development,neg_954,PKVSPRWPPIPP,remaining_negative,12,0,0.0,True,True,True,False,False,False,False
row_02220,development,neg_955,SIYVGNLSYD,remaining_negative,10,0,0.0,True,True,True,False,False,False,False
row_02221,development,neg_956,AGPSATTGVWFGPRL,remaining_negative,15,0,0.0,True,True,True,False,False,False,False
row_02222,development,neg_957,PAASESGFRRDP,remaining_negative,12,0,0.0,True,True,True,False,False,False,False
row_02223,development,neg_958,APPGFTPFRSK,remaining_negative,11,0,0.0,True,True,True,False,False,False,False
row_02224,development,neg_959,INWKKIFEKVKNLV,remaining_negative,14,0,0.0,True,True,True,False,False,False,False
row_02225,development,neg_961,PYLLNLPPEK,remaining_negative,10,0,0.0,True,True,True,False,False,False,False
row_02226,development,neg_962,QHWSYGLQPG,remaining_negative,10,0,0.0,True,True,True,False,False,False,False
row_02227,development,neg_963,IVGGTEVTPGEIPYQLSFQD,remaining_negative,20,0,0.0,True,True,True,False,False,False,False
row_02228,development,neg_964,GVVPHDFRI,remaining_negative,9,0,0.0,True,True,True,False,False,False,False
row_02229,development,neg_965,SGGGEGSGMWFGPRL,remaining_negative,15,0,0.0,True,True,True,False,False,False,False
row_02230,development,neg_966,MSRLFFVCRKVR,remaining_negative,12,0,0.0,True,True,True,False,False,False,False
row_02231,development,neg_967,GPMEDPLEIIRI,remaining_negative,12,0,0.0,True,True,True,False,False,False,False
row_02232,development,neg_968,GRREDDYDNLQL,remaining_negative,12,0,0.0,True,True,True,False,False,False,False
row_02233,development,neg_969,PCCSKLHDNSCCGL,remaining_negative,14,0,0.0,True,True,True,False,False,False,False
row_02234,development,neg_970,LNWGAILKHIIK,remaining_negative,12,0,0.0,True,True,True,False,False,False,False
row_02235,development,neg_971,FPPWM,remaining_negative,5,0,0.0,True,True,True,False,False,False,False
row_02236,development,neg_972,ATKGSSDNRVLTGV,remaining_negative,14,0,0.0,True,True,True,False,False,False,False
row_02237,development,neg_973,SESNTCG,remaining_negative,7,0,0.0,True,True,True,False,False,False,False
row_02238,development,neg_974,GLFDAIGNLLGGLGL,remaining_negative,15,0,0.0,True,True,True,False,False,False,False
row_02239,development,neg_976,MLTYTGTVINVQTFAAKPDP,remaining_negative,20,0,0.0,True,True,True,False,False,False,False
row_02240,development,neg_979,LHSNLEYQYRYSGRVASGIP,remaining_negative,20,0,0.0,True,True,True,False,False,False,False
row_02241,development,neg_980,QPFSLERW,remaining_negative,8,0,0.0,True,True,True,False,False,False,False
row_02242,development,neg_981,GLLAFPRV,remaining_negative,8,0,0.0,True,True,True,False,False,False,False
row_02243,development,neg_982,AYERQFYPGATSVAENNIGH,remaining_negative,20,0,0.0,True,True,True,False,False,False,False
row_02244,development,neg_983,PAPDSSFLRDP,remaining_negative,11,0,0.0,True,True,True,False,False,False,False
row_02245,development,neg_984,QRWPSPKVPP,remaining_negative,10,0,0.0,True,True,True,False,False,False,False
row_02246,development,neg_985,VDDTTPLSEETMMRIGGYMV,remaining_negative,20,0,0.0,True,True,True,False,False,False,False
row_02247,development,neg_986,INVLGILGLLGKALSHL,remaining_negative,17,0,0.0,True,True,True,False,False,False,False
row_02248,development,neg_988,IIDYYDEGEEDRDVGVVDAR,remaining_negative,20,0,0.0,True,True,True,False,False,False,False
row_02249,development,neg_989,YCCHPACGPNFSC,remaining_negative,13,0,0.0,True,True,True,False,False,False,False
row_02250,development,neg_990,VTLTLPPAES,remaining_negative,10,0,0.0,True,True,True,False,False,False,False
row_02251,development,neg_992,VIGGDECNINEHPFLA,remaining_negative,16,0,0.0,True,True,True,False,False,False,False
row_02252,development,neg_993,QRLGHQWAVGHLM,remaining_negative,13,0,0.0,True,True,True,False,False,False,False
row_02253,development,neg_994,VPASGFFGMR,remaining_negative,10,0,0.0,True,True,True,False,False,False,False
row_02254,development,neg_995,IVGGVSVAIE,remaining_negative,10,0,0.0,True,True,True,False,False,False,False
row_02255,development,neg_997,YNPASNQCQGF,remaining_negative,11,0,0.0,True,True,True,False,False,False,False
row_02256,development,neg_998,GSTCLEPKVVGPCKA,remaining_negative,15,0,0.0,True,True,True,False,False,False,False
row_02257,development,neg_1000,EQSAGFREYIDFFDGYSLTY,remaining_negative,20,0,0.0,True,True,True,False,False,False,False
row_02258,development,neg_1001,VIEVVYLRTPFSAGNATT,remaining_negative,18,0,0.0,True,True,True,False,False,False,False
row_02259,development,neg_1002,QWAQWPRPQIPP,remaining_negative,12,0,0.0,True,True,True,False,False,False,False
row_02260,development,neg_1003,SQCCYQICSPC,remaining_negative,11,0,0.0,True,True,True,False,False,False,False
row_02261,development,neg_1006,HPIQNLFQPSLVLDM,remaining_negative,15,0,0.0,True,True,True,False,False,False,False
row_02262,development,neg_1007,DDDDLEGFSE,remaining_negative,10,0,0.0,True,True,True,False,False,False,False
row_02263,development,neg_1008,TNSKEGEFIAEGGGVR,remaining_negative,16,0,0.0,True,True,True,False,False,False,False
row_02264,development,neg_1009,MKDTE,remaining_negative,5,0,0.0,True,True,True,False,False,False,False
row_02265,development,neg_1010,AIKVFHIVAETGIHARPAT,remaining_negative,19,0,0.0,True,True,True,False,False,False,False
row_02266,development,neg_1011,QVTFSRDWSP,remaining_negative,10,0,0.0,True,True,True,False,False,False,False
row_02267,development,neg_1012,CHYIFNTC,remaining_negative,8,0,0.0,True,True,True,False,False,False,False
row_02268,development,neg_1013,FLSLIPHAINAVSALANHG,remaining_negative,19,0,0.0,True,True,True,False,False,False,False
row_02269,development,neg_1014,MIYSTEVSNMAGV,remaining_negative,13,0,0.0,True,True,True,False,False,False,False
row_02270,development,neg_1015,YSQVSRPRF,remaining_negative,9,0,0.0,True,True,True,False,False,False,False
row_02271,development,neg_1016,VIGGDECNINEHRFLAALYD,remaining_negative,20,0,0.0,True,True,True,False,False,False,False
row_02272,development,neg_1017,GGGGTSGLFAFPRV,remaining_negative,14,0,0.0,True,True,True,False,False,False,False
row_02273,development,neg_1018,PFDRISSSAFSDF,remaining_negative,13,0,0.0,True,True,True,False,False,False,False
row_02274,development,neg_1019,FLPGLLAGLL,remaining_negative,10,0,0.0,True,True,True,False,False,False,False
row_02275,development,neg_1020,QGRLGTQWAVGHLM,remaining_negative,14,0,0.0,True,True,True,False,False,False,False
row_02276,development,neg_1022,KQRSGESQNIIVGSWGAKVS,remaining_negative,20,0,0.0,True,True,True,False,False,False,False
row_02277,development,neg_1023,QDPYVDFLK,remaining_negative,9,0,0.0,True,True,True,False,False,False,False
row_02278,development,neg_1024,FIGAILPAIAGLVHGLINR,remaining_negative,19,0,0.0,True,True,True,False,False,False,False
row_02279,development,neg_1025,PFNVGGLDKFGTLN,remaining_negative,14,0,0.0,True,True,True,False,False,False,False
row_02280,development,neg_1026,NSTMNSLLQLGR,remaining_negative,12,0,0.0,True,True,True,False,False,False,False
row_02281,development,neg_1027,GKTKGVTSGLIAFPRL,remaining_negative,16,0,0.0,True,True,True,False,False,False,False
row_02282,development,neg_1028,AVVNGVNYVGETTAA,remaining_negative,15,0,0.0,True,True,True,False,False,False,False
row_02283,development,neg_1029,QKKDKKDRFYGLF,remaining_negative,13,0,0.0,True,True,True,False,False,False,False
row_02284,development,neg_1030,QQDYTGAHMDF,remaining_negative,11,0,0.0,True,True,True,False,False,False,False
row_02285,development,neg_1031,ALTEQASKVALTADL,remaining_negative,15,0,0.0,True,True,True,False,False,False,False
row_02286,development,neg_1032,ITCCTRGTCAQHC,remaining_negative,13,0,0.0,True,True,True,False,False,False,False
row_02287,development,neg_1033,MAVKAISGCDKDQELI,remaining_negative,16,0,0.0,True,True,True,False,False,False,False
row_02288,development,neg_1035,GVCCGVSFCYPC,remaining_negative,12,0,0.0,True,True,True,False,False,False,False
row_02289,development,neg_1036,CCGPTACIAGCKPCC,remaining_negative,15,0,0.0,True,True,True,False,False,False,False
row_02290,development,neg_1038,YCCHPACGKNFDC,remaining_negative,13,0,0.0,True,True,True,False,False,False,False
row_02291,development,neg_1039,GGCCSHPACFASNPDYC,remaining_negative,17,0,0.0,True,True,True,False,False,False,False
row_02292,development,neg_1040,GCPWEPWC,remaining_negative,8,0,0.0,True,True,True,False,False,False,False
row_02293,development,neg_1041,AYGESANVFGAP,remaining_negative,12,0,0.0,True,True,True,False,False,False,False
row_02294,development,neg_1042,CCAIRLCNVYLCGSCCP,remaining_negative,17,0,0.0,True,True,True,False,False,False,False
row_02295,development,neg_1043,KFCPEGKCV,remaining_negative,9,0,0.0,True,True,True,False,False,False,False
row_02296,development,neg_1044,KETNAKPPA,remaining_negative,9,0,0.0,True,True,True,False,False,False,False
row_02297,development,neg_1045,KCGVSIPYKISPSTDCSSVK,remaining_negative,20,0,0.0,True,True,True,False,False,False,False
row_02298,development,neg_1047,NRNFLRF,remaining_negative,7,0,0.0,True,True,True,False,False,False,False
row_02299,development,neg_1049,GSSGGMIPFPRV,remaining_negative,12,0,0.0,True,True,True,False,False,False,False
row_02300,development,neg_1050,QASTDYDDEDESTVPEAR,remaining_negative,18,0,0.0,True,True,True,False,False,False,False
row_02301,development,neg_1051,QGLIAFPRV,remaining_negative,9,0,0.0,True,True,True,False,False,False,False
row_02302,development,neg_1052,VDFDSESPRRPEIQ,remaining_negative,14,0,0.0,True,True,True,False,False,False,False
row_02303,development,neg_1053,APPQPSDNFIRF,remaining_negative,12,0,0.0,True,True,True,False,False,False,False
row_02304,development,neg_1054,MATPLVDPAK,remaining_negative,10,0,0.0,True,True,True,False,False,False,False
row_02305,development,neg_1055,GLFDIIKKVASVVGLASQ,remaining_negative,18,0,0.0,True,True,True,False,False,False,False
row_02306,development,neg_1056,GGETGGEGKGMWFGPRL,remaining_negative,17,0,0.0,True,True,True,False,False,False,False
row_02307,development,neg_1057,AEKLEPVLPLIV,remaining_negative,12,0,0.0,True,True,True,False,False,False,False
row_02308,development,neg_1058,QAIVSKARRPYIL,remaining_negative,13,0,0.0,True,True,True,False,False,False,False
row_02309,development,neg_1059,VAVKATTTEEETEIPAK,remaining_negative,17,0,0.0,True,True,True,False,False,False,False
row_02310,development,neg_1060,NPYAFGL,remaining_negative,7,0,0.0,True,True,True,False,False,False,False
row_02311,development,neg_1061,DEGCLPDDSSRT,remaining_negative,12,0,0.0,True,True,True,False,False,False,False
row_02312,development,neg_1062,MRFYFYSQAVDESGVTR,remaining_negative,17,0,0.0,True,True,True,False,False,False,False
row_02313,development,neg_1063,SGPGFMGVR,remaining_negative,9,0,0.0,True,True,True,False,False,False,False
row_02314,development,neg_1064,INWKGIAAMAKKLL,remaining_negative,14,0,0.0,True,True,True,False,False,False,False
row_02315,development,neg_1065,TEEGEFLHEGGGVR,remaining_negative,14,0,0.0,True,True,True,False,False,False,False
row_02316,development,neg_1066,AVPDKIDRRESGYV,remaining_negative,14,0,0.0,True,True,True,False,False,False,False
row_02317,development,neg_1067,GGPYAFGL,remaining_negative,8,0,0.0,True,True,True,False,False,False,False
row_02318,development,neg_1068,GLFDIIKKVASVVGGL,remaining_negative,16,0,0.0,True,True,True,False,False,False,False
row_02319,development,neg_1069,KFNRPETT,remaining_negative,8,0,0.0,True,True,True,False,False,False,False
row_02320,development,neg_1070,VPPGFTPFRQS,remaining_negative,11,0,0.0,True,True,True,False,False,False,False
row_02321,development,neg_1071,TRTPVNVTVTGAAGQIGYAL,remaining_negative,20,0,0.0,True,True,True,False,False,False,False
row_02322,development,neg_1072,ESNFKIGMAIR,remaining_negative,11,0,0.0,True,True,True,False,False,False,False
row_02323,development,neg_1073,KMYDFGL,remaining_negative,7,0,0.0,True,True,True,False,False,False,False
row_02324,development,neg_1074,ALIFATLSAAYIGEALE,remaining_negative,17,0,0.0,True,True,True,False,False,False,False
row_02325,development,neg_1075,QKIQEIDLQTYLQPQ,remaining_negative,15,0,0.0,True,True,True,False,False,False,False
row_02326,development,neg_1076,EFSPTRKFGGHGDDKKKKK,remaining_negative,19,0,0.0,True,True,True,False,False,False,False
row_02327,development,neg_1077,DASNAQKQHDVNFLL,remaining_negative,15,0,0.0,True,True,True,False,False,False,False
row_02328,development,neg_1078,GCEWVSWC,remaining_negative,8,0,0.0,True,True,True,False,False,False,False
row_02329,development,neg_1079,GSSGLISMTRV,remaining_negative,11,0,0.0,True,True,True,False,False,False,False
row_02330,development,neg_1080,SNRSPSLRLRF,remaining_negative,11,0,0.0,True,True,True,False,False,False,False
row_02331,development,neg_1081,SPPFAPRL,remaining_negative,8,0,0.0,True,True,True,False,False,False,False
row_02332,development,neg_1082,TDPDADKGEFLAEGGGVR,remaining_negative,18,0,0.0,True,True,True,False,False,False,False
row_02333,development,neg_1083,FLPLVTGLLSGLL,remaining_negative,13,0,0.0,True,True,True,False,False,False,False
row_02334,development,neg_1084,FLSLIPTAINAVSAIAKHF,remaining_negative,19,0,0.0,True,True,True,False,False,False,False
row_02335,development,neg_1085,SCNCVCGFCCSCSP,remaining_negative,14,0,0.0,True,True,True,False,False,False,False
row_02336,development,neg_1086,FFGSVLKLIPKIL,remaining_negative,13,0,0.0,True,True,True,False,False,False,False
row_02337,development,neg_1087,GSLTGLISMPRT,remaining_negative,12,0,0.0,True,True,True,False,False,False,False
row_02338,development,neg_1088,VKTPITEAIAAADTQG,remaining_negative,16,0,0.0,True,True,True,False,False,False,False
row_02339,development,neg_1089,RCCGYKFCYIC,remaining_negative,11,0,0.0,True,True,True,False,False,False,False
row_02340,development,neg_1090,FIGDIWSGIQG,remaining_negative,11,0,0.0,True,True,True,False,False,False,False
row_02341,development,neg_1091,DEPDGVPTHQKQ,remaining_negative,12,0,0.0,True,True,True,False,False,False,False
row_02342,development,neg_1092,GLLDILKKVGKVA,remaining_negative,13,0,0.0,True,True,True,False,False,False,False
row_02343,development,neg_1093,ETLFDPCSTQDIKKVGV,remaining_negative,17,0,0.0,True,True,True,False,False,False,False
row_02344,development,neg_1094,MNRLKEIFQKEITPALVSKF,remaining_negative,20,0,0.0,True,True,True,False,False,False,False
row_02345,development,neg_1095,INWKKLGKALNALL,remaining_negative,14,0,0.0,True,True,True,False,False,False,False
row_02346,development,neg_1096,MKHIPFFFAFFFTFP,remaining_negative,15,0,0.0,True,True,True,False,False,False,False
row_02347,development,neg_1097,AGQDGFMRF,remaining_negative,9,0,0.0,True,True,True,False,False,False,False
row_02348,development,neg_1098,FLPIIAKVLSGLL,remaining_negative,13,0,0.0,True,True,True,False,False,False,False
row_02349,development,neg_1100,TDMLAVSVSSTDAIGHKYGT,remaining_negative,20,0,0.0,True,True,True,False,False,False,False
row_02350,development,neg_1101,ISEALKSIIVG,remaining_negative,11,0,0.0,True,True,True,False,False,False,False
row_02351,development,neg_1102,KKIEEEAAAAGATAE,remaining_negative,15,0,0.0,True,True,True,False,False,False,False
row_02352,development,neg_1103,RPPGFTPF,remaining_negative,8,0,0.0,True,True,True,False,False,False,False
row_02353,development,neg_1104,ELPVNFYALNLTADNINIGY,remaining_negative,20,0,0.0,True,True,True,False,False,False,False
row_02354,development,neg_1105,NGRRYTTYGCSPPVT,remaining_negative,15,0,0.0,True,True,True,False,False,False,False
row_02355,development,neg_1106,TQAGSQNPNDLSPGP,remaining_negative,15,0,0.0,True,True,True,False,False,False,False
row_02356,development,neg_1107,HKLDSFIGLM,remaining_negative,10,0,0.0,True,True,True,False,False,False,False
row_02357,development,neg_1108,VARSLLIFEVQQPFLFLL,remaining_negative,18,0,0.0,True,True,True,False,False,False,False
row_02358,development,neg_1109,MKEPKSNIRKLIDIGGLIGR,remaining_negative,20,0,0.0,True,True,True,False,False,False,False
row_02359,development,neg_1110,INWKKIKSIIKAAMN,remaining_negative,15,0,0.0,True,True,True,False,False,False,False
row_02360,development,neg_1111,DYCCRRPTCIPIC,remaining_negative,13,0,0.0,True,True,True,False,False,False,False
row_02361,development,neg_1112,AGLFAQPRL,remaining_negative,9,0,0.0,True,True,True,False,False,False,False
row_02362,development,neg_1113,MHIVVCIKQVPDSAQIRV,remaining_negative,18,0,0.0,True,True,True,False,False,False,False
row_02363,development,neg_1114,ILGPVLSLVGNALGGLLKNE,remaining_negative,20,0,0.0,True,True,True,False,False,False,False
row_02364,development,neg_1115,FTAASQTLEAGR,remaining_negative,12,0,0.0,True,True,True,False,False,False,False
row_02365,development,neg_1116,TNEKLFFGSGTQLSVL,remaining_negative,16,0,0.0,True,True,True,False,False,False,False
row_02366,development,neg_1117,TPSDGFMGMR,remaining_negative,10,0,0.0,True,True,True,False,False,False,False
row_02367,development,neg_1118,AIEVQTVTLIPGD,remaining_negative,13,0,0.0,True,True,True,False,False,False,False
row_02368,development,neg_1120,SGLQFAVLDGQGFIPFSRV,remaining_negative,19,0,0.0,True,True,True,False,False,False,False
row_02369,development,neg_1121,GAQFSSWG,remaining_negative,8,0,0.0,True,True,True,False,False,False,False
row_02370,development,neg_1122,PPPPPGPPPNP,remaining_negative,11,0,0.0,True,True,True,False,False,False,False
row_02371,development,neg_1123,NYDKNFLRF,remaining_negative,9,0,0.0,True,True,True,False,False,False,False
row_02372,development,neg_1125,LAKTVPLNDGTNFPIFGG,remaining_negative,18,0,0.0,True,True,True,False,False,False,False
row_02373,development,neg_1126,RICTPIPFPMCY,remaining_negative,12,0,0.0,True,True,True,False,False,False,False
row_02374,development,neg_1127,ISVDELSNYNF,remaining_negative,11,0,0.0,True,True,True,False,False,False,False
row_02375,development,neg_1128,SNTSHQDFHLFYGDNGMPVH,remaining_negative,20,0,0.0,True,True,True,False,False,False,False
row_02376,development,neg_1129,ARPPGFSPFRIV,remaining_negative,12,0,0.0,True,True,True,False,False,False,False
row_02377,development,neg_1130,VVYTDCTESGQNLCLCE,remaining_negative,17,0,0.0,True,True,True,False,False,False,False
row_02378,development,neg_1131,GNFFRF,remaining_negative,6,0,0.0,True,True,True,False,False,False,False
row_02379,development,neg_1132,KPRPQQFIGLM,remaining_negative,11,0,0.0,True,True,True,False,False,False,False
row_02380,development,neg_1133,LNPFRWMINKYREWKNKKN,remaining_negative,19,0,0.0,True,True,True,False,False,False,False
row_02381,development,neg_1134,CWFPWC,remaining_negative,6,0,0.0,True,True,True,False,False,False,False
row_02382,development,neg_1135,GLLGPLLKIAAKVGSNLL,remaining_negative,18,0,0.0,True,True,True,False,False,False,False
row_02383,development,neg_1136,VAGRSVVKIAEGYL,remaining_negative,14,0,0.0,True,True,True,False,False,False,False
row_02384,development,neg_1137,VVNTPGHAVSYHVY,remaining_negative,14,0,0.0,True,True,True,False,False,False,False
row_02385,development,neg_1138,GVIAWELQHNEPGRKDSTAG,remaining_negative,20,0,0.0,True,True,True,False,False,False,False
row_02386,development,neg_1139,EAAGLISFPRV,remaining_negative,11,0,0.0,True,True,True,False,False,False,False
row_02387,development,neg_1140,YDPSPLQDFCVAD,remaining_negative,13,0,0.0,True,True,True,False,False,False,False
row_02388,development,neg_1141,IVPFLLGMVPKLICLITKKC,remaining_negative,20,0,0.0,True,True,True,False,False,False,False
row_02389,development,neg_1142,SSGGGEGSGMWFGPRL,remaining_negative,16,0,0.0,True,True,True,False,False,False,False
row_02390,development,neg_1143,ARARLGVRRFRRKR,remaining_negative,14,0,0.0,True,True,True,False,False,False,False
row_02391,development,neg_1144,TLNKVYKFDRDRRFL,remaining_negative,15,0,0.0,True,True,True,False,False,False,False
row_02392,development,neg_1145,LPDSSFLRL,remaining_negative,9,0,0.0,True,True,True,False,False,False,False
row_02393,development,neg_1146,GCCHIIACRMGCSPCCW,remaining_negative,17,0,0.0,True,True,True,False,False,False,False
row_02394,development,neg_1149,GCCSRPPCIANNPDIC,remaining_negative,16,0,0.0,True,True,True,False,False,False,False
row_02395,development,neg_1150,MGQGAVEGQLFYNVQ,remaining_negative,15,0,0.0,True,True,True,False,False,False,False
row_02396,development,neg_1152,FDAFTTGF,remaining_negative,8,0,0.0,True,True,True,False,False,False,False
row_02397,development,neg_1153,LLGMLPVALSALSALSKL,remaining_negative,18,0,0.0,True,True,True,False,False,False,False
row_02398,development,neg_1154,INWLKLGKKVSAIL,remaining_negative,14,0,0.0,True,True,True,False,False,False,False
row_02399,development,neg_1155,GASGLIPVMRN,remaining_negative,11,0,0.0,True,True,True,False,False,False,False
row_02400,development,neg_1157,SPHYNFGL,remaining_negative,8,0,0.0,True,True,True,False,False,False,False
row_02401,development,neg_1158,QDKPFWPPPIYPM,remaining_negative,13,0,0.0,True,True,True,False,False,False,False
row_02402,development,neg_1159,AGCKNFFWKTFTSC,remaining_negative,14,0,0.0,True,True,True,False,False,False,False
row_02403,development,neg_1160,YFDPFSLDVWDPFQA,remaining_negative,15,0,0.0,True,True,True,False,False,False,False
row_02404,development,neg_1161,MSQNTKGKLSLVGLSLMI,remaining_negative,18,0,0.0,True,True,True,False,False,False,False
row_02405,development,neg_1162,ARAVGIDLGTTNAVVAVLEG,remaining_negative,20,0,0.0,True,True,True,False,False,False,False
row_02406,development,neg_1163,KIKETNA,remaining_negative,7,0,0.0,True,True,True,False,False,False,False
row_02407,development,neg_1164,FISAIASFLGKFL,remaining_negative,13,0,0.0,True,True,True,False,False,False,False
row_02408,development,neg_1165,DADIAVWAPPVNAQN,remaining_negative,15,0,0.0,True,True,True,False,False,False,False
row_02409,development,neg_1166,KPNQDFMRF,remaining_negative,9,0,0.0,True,True,True,False,False,False,False
row_02410,development,neg_1167,NAPWAQIDEV,remaining_negative,10,0,0.0,True,True,True,False,False,False,False
row_02411,development,neg_1168,EDDLEDFNPTVS,remaining_negative,12,0,0.0,True,True,True,False,False,False,False
row_02412,development,neg_1170,QKKDKDRFYGLM,remaining_negative,12,0,0.0,True,True,True,False,False,False,False
row_02413,development,neg_1171,QQWPRDPAPIPP,remaining_negative,12,0,0.0,True,True,True,False,False,False,False
row_02414,development,neg_1172,QKKDKKDRFY,remaining_negative,10,0,0.0,True,True,True,False,False,False,False
row_02415,development,neg_1173,TTAIEPFISLGDK,remaining_negative,13,0,0.0,True,True,True,False,False,False,False
row_02416,development,neg_1174,SNSKCPDGPDCFVGLM,remaining_negative,16,0,0.0,True,True,True,False,False,False,False
row_02417,development,neg_1175,GSNDFMRF,remaining_negative,8,0,0.0,True,True,True,False,False,False,False
row_02418,development,neg_1176,GLEVLGKILSGIL,remaining_negative,13,0,0.0,True,True,True,False,False,False,False
row_02419,development,neg_1177,EPRTPWDWV,remaining_negative,9,0,0.0,True,True,True,False,False,False,False
row_02420,development,neg_1178,FSGSVNQACSGFGWK,remaining_negative,15,0,0.0,True,True,True,False,False,False,False
row_02421,development,neg_1179,DTRPPGFTPFR,remaining_negative,11,0,0.0,True,True,True,False,False,False,False
row_02422,development,neg_1180,GPETAFLRL,remaining_negative,9,0,0.0,True,True,True,False,False,False,False
row_02423,development,neg_1181,ADTGEGDFLAEGGGVR,remaining_negative,16,0,0.0,True,True,True,False,False,False,False
row_02424,development,neg_1182,FQFVNPSDIVFGS,remaining_negative,13,0,0.0,True,True,True,False,False,False,False
row_02425,development,neg_1184,MTRVQFKQHHHHHHPD,remaining_negative,16,0,0.0,True,True,True,False,False,False,False
row_02426,development,neg_1185,IEMAEGGNDNIGNESIK,remaining_negative,17,0,0.0,True,True,True,False,False,False,False
row_02427,development,neg_1186,EPVKKKDLKKATVPL,remaining_negative,15,0,0.0,True,True,True,False,False,False,False
row_02428,development,neg_1187,GVDSSFVRL,remaining_negative,9,0,0.0,True,True,True,False,False,False,False
row_02429,development,neg_1188,PRLRRLTGLSPLRAP,remaining_negative,15,0,0.0,True,True,True,False,False,False,False
row_02430,development,neg_1189,MMKHVIILVILLVISFQAY,remaining_negative,19,0,0.0,True,True,True,False,False,False,False
row_02431,development,neg_1190,AYRKPPFNGSIF,remaining_negative,12,0,0.0,True,True,True,False,False,False,False
row_02432,development,neg_1191,EQFEDYGHMRF,remaining_negative,11,0,0.0,True,True,True,False,False,False,False
row_02433,development,neg_1192,ASNVPKELVEKGQNRV,remaining_negative,16,0,0.0,True,True,True,False,False,False,False
row_02434,development,neg_1193,NFLGTLINLAKKIM,remaining_negative,14,0,0.0,True,True,True,False,False,False,False
row_02435,development,neg_1194,QHWSHGWLPG,remaining_negative,10,0,0.0,True,True,True,False,False,False,False
row_02436,development,neg_1195,KETNAKPP,remaining_negative,8,0,0.0,True,True,True,False,False,False,False
row_02437,development,neg_1196,AESGFQPVVDRKGD,remaining_negative,14,0,0.0,True,True,True,False,False,False,False
row_02438,development,neg_1197,PAPESSFIRDP,remaining_negative,11,0,0.0,True,True,True,False,False,False,False
row_02439,development,neg_1199,IECEVCMKPGDRCNGSMMT,remaining_negative,19,0,0.0,True,True,True,False,False,False,False
row_02440,development,neg_1200,FCTMIPIPRCY,remaining_negative,11,0,0.0,True,True,True,False,False,False,False
row_02441,development,neg_1202,ATSGPMGWLPVFYRF,remaining_negative,15,0,0.0,True,True,True,False,False,False,False
row_02442,development,neg_1203,DGCCIAKQCC,remaining_negative,10,0,0.0,True,True,True,False,False,False,False
row_02443,development,neg_1204,TPLWSLMQDLMM,remaining_negative,12,0,0.0,True,True,True,False,False,False,False
row_02444,development,neg_1205,QWAQWPRPTPQIPP,remaining_negative,14,0,0.0,True,True,True,False,False,False,False
row_02445,development,neg_1206,MVDKFNNSDC,remaining_negative,10,0,0.0,True,True,True,False,False,False,False
row_02446,development,neg_1207,SCNCVCGVCCSCSP,remaining_negative,14,0,0.0,True,True,True,False,False,False,False
row_02447,development,neg_1208,QSPGCCWNPACVKNRC,remaining_negative,16,0,0.0,True,True,True,False,False,False,False
row_02448,development,neg_1209,SASGSGESSGMWFGPRL,remaining_negative,17,0,0.0,True,True,True,False,False,False,False
row_02449,development,neg_1210,SIVLRGKAPFR,remaining_negative,11,0,0.0,True,True,True,False,False,False,False
row_02450,development,neg_1211,CCSQDCRVCIPCCPY,remaining_negative,15,0,0.0,True,True,True,False,False,False,False
row_02451,development,neg_1214,AYSNLNYLRF,remaining_negative,10,0,0.0,True,True,True,False,False,False,False
row_02452,development,neg_1215,PVVDTTGNNPLQQQEEYYV,remaining_negative,19,0,0.0,True,True,True,False,False,False,False
row_02453,development,neg_1216,GLGPRPLRF,remaining_negative,9,0,0.0,True,True,True,False,False,False,False
row_02454,development,neg_1217,SPTEQPYSSAAPLI,remaining_negative,14,0,0.0,True,True,True,False,False,False,False
row_02455,development,neg_1218,TGVNYGQLGNNLP,remaining_negative,13,0,0.0,True,True,True,False,False,False,False
row_02456,development,neg_1219,GLVDVLGKVGGLIKKLLPG,remaining_negative,19,0,0.0,True,True,True,False,False,False,False
row_02457,development,neg_1220,EDKYTDKYDNINLDE,remaining_negative,15,0,0.0,True,True,True,False,False,False,False
row_02458,development,neg_1221,AKEKEVTFQ,remaining_negative,9,0,0.0,True,True,True,False,False,False,False
row_02459,development,neg_1222,DFKCPSEWYAYDQHCYRIIN,remaining_negative,20,0,0.0,True,True,True,False,False,False,False
row_02460,development,neg_1223,PYDRISGSAFSDF,remaining_negative,13,0,0.0,True,True,True,False,False,False,False
row_02461,development,neg_1224,GRGASSNYVRL,remaining_negative,11,0,0.0,True,True,True,False,False,False,False
row_02462,development,neg_1225,DTHKSEIAHRQPDLG,remaining_negative,15,0,0.0,True,True,True,False,False,False,False
row_02463,development,neg_1226,DHMSHDVYSPRL,remaining_negative,12,0,0.0,True,True,True,False,False,False,False
row_02464,development,neg_1227,SPALDDERNDNFIRL,remaining_negative,15,0,0.0,True,True,True,False,False,False,False
row_02465,development,neg_1229,FISAIASMLGKFL,remaining_negative,13,0,0.0,True,True,True,False,False,False,False
row_02466,development,neg_1230,FLSALLGMLKNL,remaining_negative,12,0,0.0,True,True,True,False,False,False,False
row_02467,development,neg_1231,QPNPDEFVGLM,remaining_negative,11,0,0.0,True,True,True,False,False,False,False
row_02468,development,neg_1232,GTLKGIPTDDEQATGLERRT,remaining_negative,20,0,0.0,True,True,True,False,False,False,False
row_02469,development,neg_1233,WLNALLHHGLNCAKGVLA,remaining_negative,18,0,0.0,True,True,True,False,False,False,False
row_02470,development,neg_1234,CCDDSECSTSCWPCCY,remaining_negative,16,0,0.0,True,True,True,False,False,False,False
row_02471,development,neg_1235,NSMERVEELRKKLQD,remaining_negative,15,0,0.0,True,True,True,False,False,False,False
row_02472,development,neg_1236,GYPRKTVDVFTFTN,remaining_negative,14,0,0.0,True,True,True,False,False,False,False
row_02473,development,neg_1237,GFKNVQLSTARGF,remaining_negative,13,0,0.0,True,True,True,False,False,False,False
row_02474,development,neg_1238,LMCTHPLDCSN,remaining_negative,11,0,0.0,True,True,True,False,False,False,False
row_02475,development,neg_1241,ASLFNAPRV,remaining_negative,9,0,0.0,True,True,True,False,False,False,False
row_02476,development,neg_1242,FMRF,remaining_negative,4,0,0.0,True,True,True,False,False,False,False
row_02477,development,neg_1243,SADIVKKLWDNPAL,remaining_negative,14,0,0.0,True,True,True,False,False,False,False
row_02478,development,neg_1244,MRELIRLVSSAGTGHFYT,remaining_negative,18,0,0.0,True,True,True,False,False,False,False
row_02479,development,neg_1245,WKEMSVW,remaining_negative,7,0,0.0,True,True,True,False,False,False,False
row_02480,development,neg_1246,GSGADCFWKYCV,remaining_negative,12,0,0.0,True,True,True,False,False,False,False
row_02481,development,neg_1248,LVPFLGRTLGGLLARL,remaining_negative,16,0,0.0,True,True,True,False,False,False,False
row_02482,development,neg_1249,TDTEFEAAGGGVR,remaining_negative,13,0,0.0,True,True,True,False,False,False,False
row_02483,development,neg_1250,AEGDGSVDTP,remaining_negative,10,0,0.0,True,True,True,False,False,False,False
row_02484,development,neg_1252,TSHGGGKAGKSKLLDVNY,remaining_negative,18,0,0.0,True,True,True,False,False,False,False
row_02485,development,neg_1254,GCVLYPWC,remaining_negative,8,0,0.0,True,True,True,False,False,False,False
row_02486,development,neg_1255,PASDSGFLRDP,remaining_negative,11,0,0.0,True,True,True,False,False,False,False
row_02487,development,neg_1256,DLDVNVFNR,remaining_negative,9,0,0.0,True,True,True,False,False,False,False
row_02488,development,neg_1257,YLTCNLR,remaining_negative,7,0,0.0,True,True,True,False,False,False,False
row_02489,development,neg_1258,GVYVIEEDVATYTIK,remaining_negative,15,0,0.0,True,True,True,False,False,False,False
row_02490,development,neg_1259,QHWSHGLSPG,remaining_negative,10,0,0.0,True,True,True,False,False,False,False
row_02491,development,neg_1261,QHWSDYFKPG,remaining_negative,10,0,0.0,True,True,True,False,False,False,False
row_02492,development,neg_1262,GSHWAVGHLM,remaining_negative,10,0,0.0,True,True,True,False,False,False,False
row_02493,development,neg_1264,KPNFIRF,remaining_negative,7,0,0.0,True,True,True,False,False,False,False
row_02494,development,neg_1265,SSSGLISMPRV,remaining_negative,11,0,0.0,True,True,True,False,False,False,False
row_02495,development,neg_1266,ADKNFLRF,remaining_negative,8,0,0.0,True,True,True,False,False,False,False
row_02496,development,neg_1268,RPLSWLPK,remaining_negative,8,0,0.0,True,True,True,False,False,False,False
row_02497,development,neg_1269,QERRQSPE,remaining_negative,8,0,0.0,True,True,True,False,False,False,False
row_02498,development,neg_1270,KHFGKDSNFPFGT,remaining_negative,13,0,0.0,True,True,True,False,False,False,False
row_02499,development,neg_1271,DDFLCAGGCL,remaining_negative,10,0,0.0,True,True,True,False,False,False,False
row_02500,development,neg_1272,NRPTYVPPPPRPPHPRL,remaining_negative,17,0,0.0,True,True,True,False,False,False,False
row_02501,development,neg_1273,VSHNNFLRF,remaining_negative,9,0,0.0,True,True,True,False,False,False,False
row_02502,development,neg_1274,DVPASIDWREYGYVTEVKD,remaining_negative,19,0,0.0,True,True,True,False,False,False,False
row_02503,development,neg_1275,FLFPLITSFLSKVL,remaining_negative,14,0,0.0,True,True,True,False,False,False,False
row_02504,development,neg_1276,EQCQDMAGGAR,remaining_negative,11,0,0.0,True,True,True,False,False,False,False
row_02505,development,neg_1277,IIGHLIKTALGMLGL,remaining_negative,15,0,0.0,True,True,True,False,False,False,False
row_02506,development,neg_1278,CCDWDWCDHICTCCGG,remaining_negative,16,0,0.0,True,True,True,False,False,False,False
row_02507,development,neg_1279,GVLSLLKKLPMILKHLHGK,remaining_negative,19,0,0.0,True,True,True,False,False,False,False
row_02508,development,neg_1280,LDLTPGSHVDSYVEA,remaining_negative,15,0,0.0,True,True,True,False,False,False,False
row_02509,development,neg_1281,SDAVADGVHAISGVVDS,remaining_negative,17,0,0.0,True,True,True,False,False,False,False
row_02510,development,neg_1282,MLLLKHGRIEILDQNTMYG,remaining_negative,19,0,0.0,True,True,True,False,False,False,False
row_02511,development,neg_1283,ISGKPARTPT,remaining_negative,10,0,0.0,True,True,True,False,False,False,False
row_02512,development,neg_1285,FLGGLMKAFPAIICAVTKKC,remaining_negative,20,0,0.0,True,True,True,False,False,False,False
row_02513,development,neg_1286,SPSQDFMRF,remaining_negative,9,0,0.0,True,True,True,False,False,False,False
row_02514,development,neg_1287,QPHPNEFVGLM,remaining_negative,11,0,0.0,True,True,True,False,False,False,False
row_02515,development,neg_1288,MVKLRLKRCGRK,remaining_negative,12,0,0.0,True,True,True,False,False,False,False
row_02516,development,neg_1289,GPDSSFLRL,remaining_negative,9,0,0.0,True,True,True,False,False,False,False
row_02517,development,neg_1290,RCCGYKFCHIC,remaining_negative,11,0,0.0,True,True,True,False,False,False,False
row_02518,development,neg_1291,SMPSLRLRF,remaining_negative,9,0,0.0,True,True,True,False,False,False,False
row_02519,development,neg_1292,WTFGQGTKVEIK,remaining_negative,12,0,0.0,True,True,True,False,False,False,False
row_02520,development,neg_1293,GILDAIKAIAKAAG,remaining_negative,14,0,0.0,True,True,True,False,False,False,False
row_02521,development,neg_1294,ANAKVPSHTISNPF,remaining_negative,14,0,0.0,True,True,True,False,False,False,False
row_02522,development,neg_1295,GADFQECMKEHSQKQHQHQG,remaining_negative,20,0,0.0,True,True,True,False,False,False,False
row_02523,development,neg_1296,APSSMGFMGMR,remaining_negative,11,0,0.0,True,True,True,False,False,False,False
row_02524,development,neg_1297,SDIGISEPNFLRF,remaining_negative,13,0,0.0,True,True,True,False,False,False,False
row_02525,development,neg_1298,YGLAADHVLDAR,remaining_negative,12,0,0.0,True,True,True,False,False,False,False
row_02526,development,neg_1299,FLPIIAGMAAKVICAITKKC,remaining_negative,20,0,0.0,True,True,True,False,False,False,False
row_02527,development,neg_1300,VGVCCGYKLCHPC,remaining_negative,13,0,0.0,True,True,True,False,False,False,False
row_02528,development,neg_1301,HEEQITQPSATNDEA,remaining_negative,15,0,0.0,True,True,True,False,False,False,False
row_02529,development,neg_1303,VCCPFGRCHQICQCCER,remaining_negative,17,0,0.0,True,True,True,False,False,False,False
row_02530,development,neg_1304,LNLKGIFKKVASLLT,remaining_negative,15,0,0.0,True,True,True,False,False,False,False
row_02531,development,neg_1305,SQTQSFNFNKFEQNK,remaining_negative,15,0,0.0,True,True,True,False,False,False,False
row_02532,development,neg_1306,GLIDVRCYDSSQCE,remaining_negative,14,0,0.0,True,True,True,False,False,False,False
row_02533,development,neg_1307,IMYDCCSGSCSGYTGRC,remaining_negative,17,0,0.0,True,True,True,False,False,False,False
row_02534,development,neg_1308,GCCGVPSCMAGCRPCC,remaining_negative,16,0,0.0,True,True,True,False,False,False,False
row_02535,development,neg_1309,NRPTYVPAPPRPPHPRL,remaining_negative,17,0,0.0,True,True,True,False,False,False,False
row_02536,development,neg_1310,AHSDAVTPLPARSKV,remaining_negative,15,0,0.0,True,True,True,False,False,False,False
row_02537,development,neg_1311,MGQEQGIPWIL,remaining_negative,11,0,0.0,True,True,True,False,False,False,False
row_02538,development,neg_1313,QWPRPTPQIPP,remaining_negative,11,0,0.0,True,True,True,False,False,False,False
row_02539,development,neg_1314,GIAEFLNYIKSKA,remaining_negative,13,0,0.0,True,True,True,False,False,False,False
row_02540,development,neg_1316,GTTGT,remaining_negative,5,0,0.0,True,True,True,False,False,False,False
row_02541,development,neg_1317,CSVVDLAR,remaining_negative,8,0,0.0,True,True,True,False,False,False,False
row_02542,development,neg_1319,KVPVDDQFRRVNNGGATDTR,remaining_negative,20,0,0.0,True,True,True,False,False,False,False
row_02543,development,neg_1320,GIIDIAKKLVGGIRNVLGI,remaining_negative,19,0,0.0,True,True,True,False,False,False,False
row_02544,development,neg_1321,VVAFERAK,remaining_negative,8,0,0.0,True,True,True,False,False,False,False
row_02545,development,neg_1322,QHWSLCHAPG,remaining_negative,10,0,0.0,True,True,True,False,False,False,False
row_02546,development,neg_1323,GILDVAKTLVGKLRNVLGI,remaining_negative,19,0,0.0,True,True,True,False,False,False,False
row_02547,development,neg_1324,EATVDMPLD,remaining_negative,9,0,0.0,True,True,True,False,False,False,False
row_02548,development,neg_1325,GLLGFVGSLLGGLGI,remaining_negative,15,0,0.0,True,True,True,False,False,False,False
row_02549,development,neg_1326,VTAKAVAAAEAASSAR,remaining_negative,16,0,0.0,True,True,True,False,False,False,False
row_02550,development,neg_1327,SADPNFLRF,remaining_negative,9,0,0.0,True,True,True,False,False,False,False
row_02551,development,neg_1329,ETISFNFNQFQQND,remaining_negative,14,0,0.0,True,True,True,False,False,False,False
row_02552,development,neg_1330,DRVYIHPFHLLVYS,remaining_negative,14,0,0.0,True,True,True,False,False,False,False
row_02553,development,neg_1331,MLSKGVLSARLFNLIYG,remaining_negative,17,0,0.0,True,True,True,False,False,False,False
row_02554,development,neg_1332,GYEEREVAETVRELDAA,remaining_negative,17,0,0.0,True,True,True,False,False,False,False
row_02555,development,neg_1333,TEVTFKVGEGSSGKS,remaining_negative,15,0,0.0,True,True,True,False,False,False,False
row_02556,development,neg_1334,CCSQDCLVCIPCCPN,remaining_negative,15,0,0.0,True,True,True,False,False,False,False
row_02557,development,neg_1335,RGDKDIFTVHDILKARGEI,remaining_negative,19,0,0.0,True,True,True,False,False,False,False
row_02558,development,neg_1336,AELPQGLWVRPRLG,remaining_negative,14,0,0.0,True,True,True,False,False,False,False
row_02559,development,neg_1337,AADIFAKFKTSMEVK,remaining_negative,15,0,0.0,True,True,True,False,False,False,False
row_02560,development,neg_1338,ITAKPAKTPT,remaining_negative,10,0,0.0,True,True,True,False,False,False,False
row_02561,development,neg_1339,CVQSCSFGPLTWSCDGNTK,remaining_negative,19,0,0.0,True,True,True,False,False,False,False
row_02562,development,neg_1340,SDYLQLART,remaining_negative,9,0,0.0,True,True,True,False,False,False,False
row_02563,development,neg_1341,GLFDIVKKVVGAFGSL,remaining_negative,16,0,0.0,True,True,True,False,False,False,False
row_02564,development,neg_1342,GGCCSHPACAANNQDYC,remaining_negative,17,0,0.0,True,True,True,False,False,False,False
row_02565,development,neg_1343,RTCIPIPLVMC,remaining_negative,11,0,0.0,True,True,True,False,False,False,False
row_02566,development,neg_1344,TDRNFLRL,remaining_negative,8,0,0.0,True,True,True,False,False,False,False
row_02567,development,neg_1345,KEGYLLGSRG,remaining_negative,10,0,0.0,True,True,True,False,False,False,False
row_02568,development,neg_1346,APAAGFFGMR,remaining_negative,10,0,0.0,True,True,True,False,False,False,False
row_02569,development,neg_1347,LGIYSDAGTQTCSK,remaining_negative,14,0,0.0,True,True,True,False,False,False,False
row_02570,development,neg_1348,GFTPFRIY,remaining_negative,8,0,0.0,True,True,True,False,False,False,False
row_02571,development,neg_1349,DVNGGGHTLPQPLYQTTVVL,remaining_negative,20,0,0.0,True,True,True,False,False,False,False
row_02572,development,neg_1350,FLSLIPHAISAISAIADHL,remaining_negative,19,0,0.0,True,True,True,False,False,False,False
row_02573,development,neg_1351,FFPIIAGMAAKVICAITKKC,remaining_negative,20,0,0.0,True,True,True,False,False,False,False
row_02574,development,neg_1352,FENEDEGYFQDPEDCS,remaining_negative,16,0,0.0,True,True,True,False,False,False,False
row_02575,development,neg_1354,MELGLEPADDFKEKLIKLSA,remaining_negative,20,0,0.0,True,True,True,False,False,False,False
row_02576,development,neg_1355,NAKPP,remaining_negative,5,0,0.0,True,True,True,False,False,False,False
row_02577,development,neg_1356,VIGGDECNINEHRSLALVY,remaining_negative,19,0,0.0,True,True,True,False,False,False,False
row_02578,development,neg_1357,GGETSGETKGMWFGPRL,remaining_negative,17,0,0.0,True,True,True,False,False,False,False
row_02579,development,neg_1358,QKVAVRLKEVVYTLSPHQQN,remaining_negative,20,0,0.0,True,True,True,False,False,False,False
row_02580,development,neg_1359,MRVKLFQLRGMLSGSRIL,remaining_negative,18,0,0.0,True,True,True,False,False,False,False
row_02581,development,neg_1360,SLVSLNEPKDEIYMESQP,remaining_negative,18,0,0.0,True,True,True,False,False,False,False
row_02582,development,neg_1361,FDLLGLLKKVVSGL,remaining_negative,14,0,0.0,True,True,True,False,False,False,False
row_02583,development,neg_1362,APLTNEYLNHLCHKC,remaining_negative,15,0,0.0,True,True,True,False,False,False,False
row_02584,development,neg_1363,NSGGGEGSGMWFGPRL,remaining_negative,16,0,0.0,True,True,True,False,False,False,False
row_02585,development,neg_1364,GIGGKPVQTAFVDNDGIYD,remaining_negative,19,0,0.0,True,True,True,False,False,False,False
row_02586,development,neg_1365,GGSSGLISMPRV,remaining_negative,12,0,0.0,True,True,True,False,False,False,False
row_02587,development,neg_1366,MADEALQHTFFA,remaining_negative,12,0,0.0,True,True,True,False,False,False,False
row_02588,development,neg_1368,EPYAFGL,remaining_negative,7,0,0.0,True,True,True,False,False,False,False
row_02589,development,neg_1369,WVDADLNGLR,remaining_negative,10,0,0.0,True,True,True,False,False,False,False
row_02590,development,neg_1370,GHAKKDKKIQKK,remaining_negative,12,0,0.0,True,True,True,False,False,False,False
row_02591,development,neg_1371,TVAACNSPKVGLDSDAELVR,remaining_negative,20,0,0.0,True,True,True,False,False,False,False
row_02592,development,neg_1372,DASFSSWG,remaining_negative,8,0,0.0,True,True,True,False,False,False,False
row_02593,development,neg_1373,QGGAGWPPIPP,remaining_negative,11,0,0.0,True,True,True,False,False,False,False
row_02594,development,neg_1374,RVCFAIPLPICH,remaining_negative,12,0,0.0,True,True,True,False,False,False,False
row_02595,development,neg_1375,TYKKPPFNGSIF,remaining_negative,12,0,0.0,True,True,True,False,False,False,False
row_02596,development,neg_1376,NQDCRPGWSFYEQNCYKVF,remaining_negative,19,0,0.0,True,True,True,False,False,False,False
row_02597,development,neg_1377,ECCNPACGRHYSCGK,remaining_negative,15,0,0.0,True,True,True,False,False,False,False
row_02598,development,neg_1378,GFIGDIWSGIQG,remaining_negative,12,0,0.0,True,True,True,False,False,False,False
row_02599,development,neg_1379,NSELINAILGSPTLMGEV,remaining_negative,18,0,0.0,True,True,True,False,False,False,False
row_02600,development,neg_1380,QGRPPGPPIPP,remaining_negative,11,0,0.0,True,True,True,False,False,False,False
row_02601,development,neg_1381,MPDPAKTAPKKKSKKAVT,remaining_negative,18,0,0.0,True,True,True,False,False,False,False
row_02602,development,neg_1382,MNNSTKFCFSRFRTGN,remaining_negative,16,0,0.0,True,True,True,False,False,False,False
row_02603,development,neg_1383,SGGGNVIMNQMNKRNHAKD,remaining_negative,19,0,0.0,True,True,True,False,False,False,False
row_02604,development,neg_1385,DVSLPAEGFR,remaining_negative,10,0,0.0,True,True,True,False,False,False,False
row_02605,development,neg_1386,ATFDIVNQCTFT,remaining_negative,12,0,0.0,True,True,True,False,False,False,False
row_02606,development,neg_1387,GNALGKEGLKAI,remaining_negative,12,0,0.0,True,True,True,False,False,False,False
row_02607,development,neg_1388,KEQPEFVPY,remaining_negative,9,0,0.0,True,True,True,False,False,False,False
row_02608,development,neg_1389,AIVGRPRF,remaining_negative,8,0,0.0,True,True,True,False,False,False,False
row_02609,development,neg_1390,TNDFMRF,remaining_negative,7,0,0.0,True,True,True,False,False,False,False
row_02610,development,neg_1391,DEGPKSDCKP,remaining_negative,10,0,0.0,True,True,True,False,False,False,False
row_02611,development,neg_1392,DPSFNSWG,remaining_negative,8,0,0.0,True,True,True,False,False,False,False
row_02612,development,neg_1393,LPLDDLSDT,remaining_negative,9,0,0.0,True,True,True,False,False,False,False
row_02613,development,neg_1394,DCCPCPAGAVRCRFACC,remaining_negative,17,0,0.0,True,True,True,False,False,False,False
row_02614,development,neg_1395,EITVEPVRHPKKDPSEAE,remaining_negative,18,0,0.0,True,True,True,False,False,False,False
row_02615,development,neg_1396,CKQSCSFGPFTFVCDGNTK,remaining_negative,19,0,0.0,True,True,True,False,False,False,False
row_02616,development,neg_1397,APPGFTPFRS,remaining_negative,10,0,0.0,True,True,True,False,False,False,False
row_02617,development,neg_1398,ESLPLAAFHQVDVYTAK,remaining_negative,17,0,0.0,True,True,True,False,False,False,False
row_02618,development,neg_1399,DEPPQTPWDRVKDLVTVYVE,remaining_negative,20,0,0.0,True,True,True,False,False,False,False
row_02619,development,neg_1400,MLLHRLSKFCKIERDIVYIS,remaining_negative,20,0,0.0,True,True,True,False,False,False,False
row_02620,development,neg_1401,KRRPPGFTPFR,remaining_negative,11,0,0.0,True,True,True,False,False,False,False
row_02621,development,neg_1402,AVPDVAFNAYG,remaining_negative,11,0,0.0,True,True,True,False,False,False,False
row_02622,development,neg_1403,GLLGLGYGGY,remaining_negative,10,0,0.0,True,True,True,False,False,False,False
row_02623,development,neg_1404,TDPLWQLPGAHLEQYLS,remaining_negative,17,0,0.0,True,True,True,False,False,False,False
row_02624,development,neg_1405,APQEPNQFQLLKYH,remaining_negative,14,0,0.0,True,True,True,False,False,False,False
row_02625,development,neg_1406,EKDCYHERDC,remaining_negative,10,0,0.0,True,True,True,False,False,False,False
row_02626,development,neg_1407,MKITPLGDNVVIKKLLATA,remaining_negative,19,0,0.0,True,True,True,False,False,False,False
row_02627,development,neg_1409,GHGGASNYVRL,remaining_negative,11,0,0.0,True,True,True,False,False,False,False
row_02628,development,neg_1410,MTSDYRVSPIKKSRPAMSK,remaining_negative,19,0,0.0,True,True,True,False,False,False,False
row_02629,development,neg_1411,GSNIEVMLGLPNSDVK,remaining_negative,16,0,0.0,True,True,True,False,False,False,False
row_02630,development,neg_1412,GPVEIYYLQSADAKG,remaining_negative,15,0,0.0,True,True,True,False,False,False,False
row_02631,development,neg_1413,EEEDKKEDVGTVVGI,remaining_negative,15,0,0.0,True,True,True,False,False,False,False
row_02632,development,neg_1414,KRTKAPFSRVVKFSIDEIRN,remaining_negative,20,0,0.0,True,True,True,False,False,False,False
row_02633,development,neg_1415,DFIGSSTNVIMVASTTLMLF,remaining_negative,20,0,0.0,True,True,True,False,False,False,False
row_02634,development,neg_1416,QEYTGWMDF,remaining_negative,9,0,0.0,True,True,True,False,False,False,False
row_02635,development,neg_1417,SRLPPATRDKLADEITFFPA,remaining_negative,20,0,0.0,True,True,True,False,False,False,False
row_02636,development,neg_1418,YYTVLFGVSRALGLPLERPK,remaining_negative,20,0,0.0,True,True,True,False,False,False,False
row_02637,development,neg_1419,NFSCPPDWYAYD,remaining_negative,12,0,0.0,True,True,True,False,False,False,False
row_02638,development,neg_1420,SKSLFYQKQYDNINE,remaining_negative,15,0,0.0,True,True,True,False,False,False,False
row_02639,development,neg_1421,VDPAQVSGSWRTAAIASD,remaining_negative,18,0,0.0,True,True,True,False,False,False,False
row_02640,development,neg_1422,IDWLKLGKMVMDVL,remaining_negative,14,0,0.0,True,True,True,False,False,False,False
row_02641,development,neg_1423,LTCYKGYHDTVVCKP,remaining_negative,15,0,0.0,True,True,True,False,False,False,False
row_02642,development,neg_1424,VKVYNQFGTKVELGVSMRIF,remaining_negative,20,0,0.0,True,True,True,False,False,False,False
row_02643,development,neg_1425,DVLELTDENFESRVSSDTG,remaining_negative,19,0,0.0,True,True,True,False,False,False,False
row_02644,development,neg_1426,AGGTSGLYAFPRV,remaining_negative,13,0,0.0,True,True,True,False,False,False,False
row_02645,development,neg_1427,AMAGTATVQGQGTR,remaining_negative,14,0,0.0,True,True,True,False,False,False,False
row_02646,development,neg_1428,FLFVGDL,remaining_negative,7,0,0.0,True,True,True,False,False,False,False
row_02647,development,neg_1429,MDSVSVNQIL,remaining_negative,10,0,0.0,True,True,True,False,False,False,False
row_02648,development,neg_1430,QLASDDYGHMRF,remaining_negative,12,0,0.0,True,True,True,False,False,False,False
row_02649,development,neg_1431,QQGEGGPYGGLSPLRFS,remaining_negative,17,0,0.0,True,True,True,False,False,False,False
row_02650,development,neg_1432,EQYMVAFWM,remaining_negative,9,0,0.0,True,True,True,False,False,False,False
row_02651,development,neg_1433,VERYAFGL,remaining_negative,8,0,0.0,True,True,True,False,False,False,False
row_02652,development,neg_1434,FFTTFDKDNDDQQNDN,remaining_negative,16,0,0.0,True,True,True,False,False,False,False
row_02653,development,neg_1435,ESGINLQGDATLANN,remaining_negative,15,0,0.0,True,True,True,False,False,False,False
row_02654,development,neg_1436,SPPSQDFMRF,remaining_negative,10,0,0.0,True,True,True,False,False,False,False
row_02655,development,neg_1437,ARDGYIVDEKGCKFACFIN,remaining_negative,19,0,0.0,True,True,True,False,False,False,False
row_02656,development,neg_1438,MRNIKVKPFLN,remaining_negative,11,0,0.0,True,True,True,False,False,False,False
row_02657,development,neg_1439,RTCIPIPPVCF,remaining_negative,11,0,0.0,True,True,True,False,False,False,False
row_02658,development,neg_1440,QKKDKKDKFYGLM,remaining_negative,13,0,0.0,True,True,True,False,False,False,False
row_02659,development,neg_1441,MFYLSDLLLHVIGFG,remaining_negative,15,0,0.0,True,True,True,False,False,False,False
row_02660,development,neg_1442,GLLGSIGNAIGAFIANKLKP,remaining_negative,20,0,0.0,True,True,True,False,False,False,False
row_02661,development,neg_1444,MADQLTEEQIAEF,remaining_negative,13,0,0.0,True,True,True,False,False,False,False
row_02662,development,neg_1445,VVSLSIPR,remaining_negative,8,0,0.0,True,True,True,False,False,False,False
row_02663,development,neg_1446,APSSGFFGTR,remaining_negative,10,0,0.0,True,True,True,False,False,False,False
row_02664,development,neg_1447,MDETIVTDKGVAEFSFFKF,remaining_negative,19,0,0.0,True,True,True,False,False,False,False
row_02665,development,neg_1448,CCPPVIWCC,remaining_negative,9,0,0.0,True,True,True,False,False,False,False
row_02666,development,neg_1449,IWSGIQSAF,remaining_negative,9,0,0.0,True,True,True,False,False,False,False
row_02667,development,neg_1450,AKLDFDRSKEHVNVGTIGVH,remaining_negative,20,0,0.0,True,True,True,False,False,False,False
row_02668,development,neg_1451,INLKALAALAKKIL,remaining_negative,14,0,0.0,True,True,True,False,False,False,False
row_02669,development,neg_1452,AAGQDNFMRF,remaining_negative,10,0,0.0,True,True,True,False,False,False,False
row_02670,development,neg_1453,IGGIISFFKRLF,remaining_negative,12,0,0.0,True,True,True,False,False,False,False
row_02671,development,neg_1454,ILGKFCDEIKRIV,remaining_negative,13,0,0.0,True,True,True,False,False,False,False
row_02672,development,neg_1456,MKVYTDIFTRDEFLSDSYPM,remaining_negative,20,0,0.0,True,True,True,False,False,False,False
row_02673,development,neg_1457,DEPKPDQFVGLM,remaining_negative,12,0,0.0,True,True,True,False,False,False,False
row_02674,development,neg_1458,PTHIKWGD,remaining_negative,8,0,0.0,True,True,True,False,False,False,False
row_02675,development,neg_1459,LVPFRPRL,remaining_negative,8,0,0.0,True,True,True,False,False,False,False
row_02676,development,neg_1460,RPPGFSPF,remaining_negative,8,0,0.0,True,True,True,False,False,False,False
row_02677,development,neg_1461,GVGCSSGCHKVGGQCRCG,remaining_negative,18,0,0.0,True,True,True,False,False,False,False
row_02678,development,neg_1462,LIPNDQLRSI,remaining_negative,10,0,0.0,True,True,True,False,False,False,False
row_02679,development,neg_1463,ANDPQCLYGNVAAKF,remaining_negative,15,0,0.0,True,True,True,False,False,False,False
row_02680,development,neg_1464,SIPLPSLNFEQFGNMIQCTI,remaining_negative,20,0,0.0,True,True,True,False,False,False,False
row_02681,development,neg_1465,RPSFNSWG,remaining_negative,8,0,0.0,True,True,True,False,False,False,False
row_02682,development,neg_1467,QADPKTFYGLM,remaining_negative,11,0,0.0,True,True,True,False,False,False,False
row_02683,development,neg_1469,LAEQAERYEEMVEFMEK,remaining_negative,17,0,0.0,True,True,True,False,False,False,False
row_02684,development,neg_1470,DEVKIVLD,remaining_negative,8,0,0.0,True,True,True,False,False,False,False
row_02685,development,neg_1471,DGYTPRL,remaining_negative,7,0,0.0,True,True,True,False,False,False,False
row_02686,development,neg_1472,GFGSLLGKALKIGTNLL,remaining_negative,17,0,0.0,True,True,True,False,False,False,False
row_02687,development,neg_1473,METTNESLGYTDQIIGPVLD,remaining_negative,20,0,0.0,True,True,True,False,False,False,False
row_02688,development,neg_1474,SIYERCELARELINR,remaining_negative,15,0,0.0,True,True,True,False,False,False,False
row_02689,development,neg_1475,QIPWFHR,remaining_negative,7,0,0.0,True,True,True,False,False,False,False
row_02690,development,neg_1476,VDKGSYLPRPTPPRPIYNRN,remaining_negative,20,0,0.0,True,True,True,False,False,False,False
row_02691,development,neg_1477,ADDKNPLEECFCEDDDYCEG,remaining_negative,20,0,0.0,True,True,True,False,False,False,False
row_02692,development,neg_1478,AAKIKKGDNVVVLTG,remaining_negative,15,0,0.0,True,True,True,False,False,False,False
row_02693,development,neg_1479,LPTGPNNPTTLDNSSII,remaining_negative,17,0,0.0,True,True,True,False,False,False,False
row_02694,development,neg_1480,SDRNFLRF,remaining_negative,8,0,0.0,True,True,True,False,False,False,False
row_02695,development,neg_1481,AVREYHWFVE,remaining_negative,10,0,0.0,True,True,True,False,False,False,False
row_02696,development,neg_1482,QHWSHDWKPG,remaining_negative,10,0,0.0,True,True,True,False,False,False,False
row_02697,development,neg_1483,VVGGAECKIDGHRCLALLY,remaining_negative,19,0,0.0,True,True,True,False,False,False,False
row_02698,development,neg_1484,VRDAYIAEDYDCVYHCARDA,remaining_negative,20,0,0.0,True,True,True,False,False,False,False
row_02699,development,neg_1485,GDGTGPGPGP,remaining_negative,10,0,0.0,True,True,True,False,False,False,False
row_02700,development,neg_1486,HYQEVPRQIQEKLIKGQ,remaining_negative,17,0,0.0,True,True,True,False,False,False,False
row_02701,development,neg_1487,QSSFHSWG,remaining_negative,8,0,0.0,True,True,True,False,False,False,False
row_02702,development,neg_1488,CCTPFYFCCNN,remaining_negative,11,0,0.0,True,True,True,False,False,False,False
row_02703,development,neg_1489,KMLGVVAKKPMSDYE,remaining_negative,15,0,0.0,True,True,True,False,False,False,False
row_02704,development,neg_1491,TRRFDDVLDEVKGFFEVH,remaining_negative,18,0,0.0,True,True,True,False,False,False,False
row_02705,development,neg_1492,SDAVADGDHAISGVVDS,remaining_negative,17,0,0.0,True,True,True,False,False,False,False
row_02706,development,neg_1493,GLGNNAFLGVR,remaining_negative,11,0,0.0,True,True,True,False,False,False,False
row_02707,development,neg_1495,LSLHEYMSMELLQEAGVSIP,remaining_negative,20,0,0.0,True,True,True,False,False,False,False
row_02708,development,neg_1496,MIFNDLIGNNNIGD,remaining_negative,14,0,0.0,True,True,True,False,False,False,False
row_02709,development,neg_1497,ALLHHGLNCAKGVLA,remaining_negative,15,0,0.0,True,True,True,False,False,False,False
row_02710,development,neg_1498,QKKDKKDRFYGLM,remaining_negative,13,0,0.0,True,True,True,False,False,False,False
row_02711,development,neg_1499,MKNSVAEH,remaining_negative,8,0,0.0,True,True,True,False,False,False,False
row_02712,development,neg_1500,GANDFMRF,remaining_negative,8,0,0.0,True,True,True,False,False,False,False
row_02713,development,neg_1501,FKSLTKYSPGRQN,remaining_negative,13,0,0.0,True,True,True,False,False,False,False
row_02714,development,neg_1502,MRNYSFGL,remaining_negative,8,0,0.0,True,True,True,False,False,False,False
row_02715,development,neg_1503,AMPMLRL,remaining_negative,7,0,0.0,True,True,True,False,False,False,False
row_02716,development,neg_1504,EAAGLIPFPRVG,remaining_negative,12,0,0.0,True,True,True,False,False,False,False
row_02717,development,neg_1505,RGSNLTHPLRNI,remaining_negative,12,0,0.0,True,True,True,False,False,False,False
row_02718,development,neg_1506,GPSSGFFGMR,remaining_negative,10,0,0.0,True,True,True,False,False,False,False
row_02719,development,neg_1507,ASGQDFMRF,remaining_negative,9,0,0.0,True,True,True,False,False,False,False
row_02720,development,neg_1508,GGETGNDAKAMWFGPRL,remaining_negative,17,0,0.0,True,True,True,False,False,False,False
row_02721,development,neg_1509,QRWPSPK,remaining_negative,7,0,0.0,True,True,True,False,False,False,False
row_02722,development,neg_1510,GPSSGFFGTR,remaining_negative,10,0,0.0,True,True,True,False,False,False,False
row_02723,development,neg_1511,DPGFSSWG,remaining_negative,8,0,0.0,True,True,True,False,False,False,False
row_02724,development,neg_1512,TKTEGSFLAEGGGVR,remaining_negative,15,0,0.0,True,True,True,False,False,False,False
row_02725,development,neg_1514,FFVPPAFFPP,remaining_negative,10,0,0.0,True,True,True,False,False,False,False
row_02726,development,neg_1515,FLAKKVAKKLVSHVAQKQLE,remaining_negative,20,0,0.0,True,True,True,False,False,False,False
row_02727,development,neg_1516,GKPNRPRPAPIQPRPPHPRL,remaining_negative,20,0,0.0,True,True,True,False,False,False,False
row_02728,development,neg_1519,DNSCTPKPSCFF,remaining_negative,12,0,0.0,True,True,True,False,False,False,False
row_02729,development,neg_1520,AEIDFSGIPEDIIKQI,remaining_negative,16,0,0.0,True,True,True,False,False,False,False
row_02730,development,neg_1522,LRPDDLSDT,remaining_negative,9,0,0.0,True,True,True,False,False,False,False
row_02731,development,neg_1523,KDFCHLPPKPGPCRAAI,remaining_negative,17,0,0.0,True,True,True,False,False,False,False
row_02732,development,neg_1524,SDPEVPGMWFGPRL,remaining_negative,14,0,0.0,True,True,True,False,False,False,False
row_02733,development,neg_1526,GLLSSLGLNL,remaining_negative,10,0,0.0,True,True,True,False,False,False,False
row_02734,development,neg_1527,GFGALFKFL,remaining_negative,9,0,0.0,True,True,True,False,False,False,False
row_02735,released_test,0_neg_519,APSLGFHGVR,published_independent_test,10,0,0.0,True,True,True,False,False,False,False
row_02736,released_test,1_pos_524,RHQ,published_independent_test,3,1,1.0,True,True,True,False,False,False,True
row_02737,released_test,0_neg_766,FLPMIAKLLGGLL,published_independent_test,13,0,0.0,True,True,True,False,False,False,False
row_02738,released_test,0_neg_402,LRPAVIRPKGK,published_independent_test,11,0,0.0,True,True,True,False,False,False,False
row_02739,released_test,0_neg_539,TKQTLKVLITGAAGQIGYSL,published_independent_test,20,0,0.0,True,True,True,False,False,False,False
row_02740,released_test,1_pos_1368,YFYPQL,published_independent_test,6,1,1.0,True,True,True,False,False,False,False
row_02741,released_test,0_neg_1198,SLDFPALW,published_independent_test,8,0,0.0,True,True,True,False,False,False,False
row_02742,released_test,0_neg_1183,KNWAVLVAGSNGWPNYRHHA,published_independent_test,20,0,0.0,True,True,True,False,False,False,False
row_02743,released_test,0_neg_514,YPCKLNLKLGKVPFH,published_independent_test,15,0,0.0,True,True,True,False,False,False,False
row_02744,released_test,1_pos_219,GEPGPPGAP,published_independent_test,9,1,1.0,True,True,True,False,False,False,False
row_02745,released_test,0_neg_653,ENGQLDGVIDPK,published_independent_test,12,0,0.0,True,True,True,False,False,False,False
row_02746,released_test,1_pos_972,YSTA,published_independent_test,4,1,1.0,True,True,True,False,False,False,True
row_02747,released_test,1_pos_1308,NLPLL,published_independent_test,5,1,1.0,True,True,True,False,False,False,True
row_02748,released_test,0_neg_410,QHWSHGWYPG,published_independent_test,10,0,0.0,True,True,True,False,False,False,False
row_02749,released_test,1_pos_39,YYT,published_independent_test,3,1,1.0,True,True,True,False,False,False,True
row_02750,released_test,0_neg_114,FGVLNFF,published_independent_test,7,0,0.0,True,True,True,False,False,False,False
row_02751,released_test,1_pos_786,MK,published_independent_test,2,1,1.0,True,True,True,False,False,False,True
row_02752,released_test,1_pos_1430,NWDDMEK,published_independent_test,7,1,1.0,True,True,True,False,False,False,False
row_02753,released_test,0_neg_584,VQPPHSHGDNFYIWT,published_independent_test,15,0,0.0,True,True,True,False,False,False,False
row_02754,released_test,0_neg_1251,RGSNLTIHPLRNIIDLFYVG,published_independent_test,20,0,0.0,True,True,True,False,False,False,False
row_02755,released_test,0_neg_488,GPSMGFHGMR,published_independent_test,10,0,0.0,True,True,True,False,False,False,False
row_02756,released_test,1_pos_63,NEN,published_independent_test,3,1,1.0,True,True,True,False,False,False,True
row_02757,released_test,1_pos_45,SLVYPFPGPIPN,published_independent_test,12,1,1.0,True,True,True,False,False,False,True
row_02758,released_test,1_pos_333,AAPFPGQKSLQR,published_independent_test,12,1,1.0,True,True,True,False,False,False,False
row_02759,released_test,0_neg_200,MNKKSIRNVNLKGKRVFDRV,published_independent_test,20,0,0.0,True,True,True,False,False,False,False
row_02760,released_test,1_pos_535,PHCKRM,published_independent_test,6,1,1.0,True,True,True,False,False,False,False
row_02761,released_test,1_pos_1411,LTSGSANATGSR,published_independent_test,12,1,1.0,True,True,True,False,False,False,False
row_02762,released_test,0_neg_1034,KPSPDRFYGLM,published_independent_test,11,0,0.0,True,True,True,False,False,False,False
row_02763,released_test,0_neg_328,QVSLKYPEGKMYSFGL,published_independent_test,16,0,0.0,True,True,True,False,False,False,False
row_02764,released_test,0_neg_543,QSAREQG,published_independent_test,7,0,0.0,True,True,True,False,False,False,False
row_02765,released_test,0_neg_858,MSSSHIFIGETIGT,published_independent_test,14,0,0.0,True,True,True,False,False,False,False
row_02766,released_test,1_pos_602,QQPVLGPVRGPFPIIV,published_independent_test,16,1,1.0,True,True,True,False,False,False,False
row_02767,released_test,1_pos_909,YYH,published_independent_test,3,1,1.0,True,True,True,False,False,False,True
row_02768,released_test,0_neg_94,LQPGLEYQYRYSARV,published_independent_test,15,0,0.0,True,True,True,False,False,False,False
row_02769,released_test,0_neg_277,GFGMLFKFL,published_independent_test,9,0,0.0,True,True,True,False,False,False,False
row_02770,released_test,0_neg_1260,DAQEKRQPWIPFV,published_independent_test,13,0,0.0,True,True,True,False,False,False,False
row_02771,released_test,0_neg_334,FLPLIGRVLSGIL,published_independent_test,13,0,0.0,True,True,True,False,False,False,False
row_02772,released_test,0_neg_1408,VLADVYNVEPETLR,published_independent_test,14,0,0.0,True,True,True,False,False,False,False
row_02773,released_test,0_neg_567,ADGSDPAGGEFLAEGGGVR,published_independent_test,19,0,0.0,True,True,True,False,False,False,False
row_02774,released_test,0_neg_896,RSVCSNGCRPKPFGGCSC,published_independent_test,18,0,0.0,True,True,True,False,False,False,False
row_02775,released_test,0_neg_1267,STEQEDP,published_independent_test,7,0,0.0,True,True,True,False,False,False,False
row_02776,released_test,1_pos_470,YLKT,published_independent_test,4,1,1.0,True,True,True,False,False,False,True
row_02777,released_test,0_neg_175,GAVSGLLTNL,published_independent_test,10,0,0.0,True,True,True,False,False,False,False
row_02778,released_test,0_neg_1525,AVTSSVADTTTVVRDDF,published_independent_test,17,0,0.0,True,True,True,False,False,False,False
row_02779,released_test,0_neg_1156,AFVKGSAQRVAHGY,published_independent_test,14,0,0.0,True,True,True,False,False,False,False
row_02780,released_test,0_neg_278,QPEESVFFA,published_independent_test,9,0,0.0,True,True,True,False,False,False,False
row_02781,released_test,0_neg_593,KKDGYPIQENGCKY,published_independent_test,14,0,0.0,True,True,True,False,False,False,False
row_02782,released_test,0_neg_1048,GVLDAFRKIATVVKNLV,published_independent_test,17,0,0.0,True,True,True,False,False,False,False
row_02783,released_test,0_neg_610,GALVAAYGLYDGFLTL,published_independent_test,16,0,0.0,True,True,True,False,False,False,False
row_02784,released_test,0_neg_742,RGSNLTTHPLRNIKDLVVYM,published_independent_test,20,0,0.0,True,True,True,False,False,False,False
row_02785,released_test,0_neg_574,NDWRNAMYPVVPGHE,published_independent_test,15,0,0.0,True,True,True,False,False,False,False
row_02786,released_test,0_neg_841,LLPIVGNLLNSLL,published_independent_test,13,0,0.0,True,True,True,False,False,False,False
row_02787,released_test,0_neg_1046,VRPYLVAF,published_independent_test,8,0,0.0,True,True,True,False,False,False,False
row_02788,released_test,1_pos_147,AGAPDERGPGPAAR,published_independent_test,14,1,1.0,True,True,True,False,False,False,False
row_02789,released_test,1_pos_613,LPTSEAAKY,published_independent_test,9,1,1.0,True,True,True,False,False,False,False
row_02790,released_test,1_pos_1338,PEILPDGDHD,published_independent_test,10,1,1.0,True,True,True,False,False,False,False
row_02791,released_test,0_neg_709,AEYDVSDADIEAFYQ,published_independent_test,15,0,0.0,True,True,True,False,False,False,False
row_02792,released_test,0_neg_37,AIGFDGLNDPDIVAR,published_independent_test,15,0,0.0,True,True,True,False,False,False,False
row_02793,released_test,1_pos_103,VEVGGGARAP,published_independent_test,10,1,1.0,True,True,True,False,False,False,False
row_02794,released_test,0_neg_532,DGDALLKPCKLGDMQKLSSA,published_independent_test,20,0,0.0,True,True,True,False,False,False,False
row_02795,released_test,1_pos_135,EPLRY,published_independent_test,5,1,1.0,True,True,True,False,False,False,False
row_02796,released_test,0_neg_987,EDDLEDFNPTIA,published_independent_test,12,0,0.0,True,True,True,False,False,False,False
row_02797,released_test,0_neg_1312,DPLNEERRANRYGFGL,published_independent_test,16,0,0.0,True,True,True,False,False,False,False
row_02798,released_test,1_pos_1292,HQTSEFK,published_independent_test,7,1,1.0,True,True,True,False,False,False,False
row_02799,released_test,0_neg_561,AQPSMRLRF,published_independent_test,9,0,0.0,True,True,True,False,False,False,False
row_02800,released_test,0_neg_1148,TPPQPADNFIRF,published_independent_test,12,0,0.0,True,True,True,False,False,False,False
row_02801,released_test,1_pos_462,HRH,published_independent_test,3,1,1.0,True,True,True,False,False,False,True
row_02802,released_test,1_pos_1442,VGPWQK,published_independent_test,6,1,1.0,True,True,True,False,False,False,False
row_02803,released_test,0_neg_491,HDRPKFCYLPADPGECMA,published_independent_test,18,0,0.0,True,True,True,False,False,False,False
row_02804,released_test,1_pos_352,IPAGV,published_independent_test,5,1,1.0,True,True,True,False,False,False,False
row_02805,released_test,0_neg_1004,QHWSYGWLPG,published_independent_test,10,0,0.0,True,True,True,False,False,False,False
row_02806,released_test,1_pos_832,GKHQQEEENEGGSI,published_independent_test,14,1,1.0,True,True,True,False,False,False,False
row_02807,released_test,1_pos_775,LHY,published_independent_test,3,1,1.0,True,True,True,False,False,False,True
row_02808,released_test,1_pos_1215,HYH,published_independent_test,3,1,1.0,True,True,True,False,False,False,True
row_02809,released_test,1_pos_217,GGE,published_independent_test,3,1,1.0,True,True,True,False,False,False,True
row_02810,released_test,1_pos_505,TVM,published_independent_test,3,1,1.0,True,True,True,False,False,False,True
row_02811,released_test,0_neg_1518,LNLKGLIKKVASLLN,published_independent_test,15,0,0.0,True,True,True,False,False,False,False
row_02812,released_test,1_pos_343,FGHPY,published_independent_test,5,1,1.0,True,True,True,False,False,False,False
row_02813,released_test,1_pos_1380,GALAAH,published_independent_test,6,1,1.0,True,True,True,False,False,False,False
row_02814,released_test,1_pos_329,LLPF,published_independent_test,4,1,1.0,True,True,True,False,False,False,True
row_02815,released_test,1_pos_1425,WYSL,published_independent_test,4,1,1.0,True,True,True,False,False,False,False
row_02816,released_test,1_pos_1449,YPVEPF,published_independent_test,6,1,1.0,True,True,True,False,False,False,True
row_02817,released_test,1_pos_713,LHE,published_independent_test,3,1,1.0,True,True,True,False,False,False,True
row_02818,released_test,0_neg_523,KPEEDWGHR,published_independent_test,9,0,0.0,True,True,True,False,False,False,False
row_02819,released_test,1_pos_706,PHV,published_independent_test,3,1,1.0,True,True,True,False,False,False,True
row_02820,released_test,0_neg_888,KVLAPAEEAPAEAPAAAE,published_independent_test,18,0,0.0,True,True,True,False,False,False,False
row_02821,released_test,0_neg_719,EAAGLLAFPRV,published_independent_test,11,0,0.0,True,True,True,False,False,False,False
row_02822,released_test,1_pos_1057,APGAGVY,published_independent_test,7,1,1.0,True,True,True,False,False,False,False
row_02823,released_test,0_neg_1455,ITKDFDALMKYIKRI,published_independent_test,15,0,0.0,True,True,True,False,False,False,False
row_02824,released_test,0_neg_1253,GPDSTFLRL,published_independent_test,9,0,0.0,True,True,True,False,False,False,False
row_02825,released_test,0_neg_139,AQSFLRL,published_independent_test,7,0,0.0,True,True,True,False,False,False,False
row_02826,released_test,1_pos_472,QWDRQ,published_independent_test,5,1,1.0,True,True,True,False,False,False,False
row_02827,released_test,1_pos_603,FPQY,published_independent_test,4,1,1.0,True,True,True,False,False,False,False
row_02828,released_test,1_pos_1201,WYSLAMA,published_independent_test,7,1,1.0,True,True,True,False,False,False,False
row_02829,released_test,1_pos_1077,DHHK,published_independent_test,4,1,1.0,True,True,True,False,False,False,True
row_02830,released_test,0_neg_187,KWCFRVCYRGICYRKCR,published_independent_test,17,0,0.0,True,True,True,False,False,False,False
row_02831,released_test,1_pos_119,REGGGGGYGGGGGGYGGR,published_independent_test,18,1,1.0,True,True,True,False,False,False,False
row_02832,released_test,0_neg_1147,GSLGEKYAQKAAEVLTSIIP,published_independent_test,20,0,0.0,True,True,True,False,False,False,False
row_02833,released_test,1_pos_509,LLPHH,published_independent_test,5,1,1.0,True,True,True,False,False,False,False
row_02834,released_test,1_pos_1194,RWG,published_independent_test,3,1,1.0,True,True,True,False,False,False,True
row_02835,released_test,1_pos_482,IVQNNDSTEYG,published_independent_test,11,1,1.0,True,True,True,False,False,False,False
row_02836,released_test,1_pos_1138,YYY,published_independent_test,3,1,1.0,True,True,True,False,False,False,True
row_02837,released_test,0_neg_76,INKYREWKNKKN,published_independent_test,12,0,0.0,True,True,True,False,False,False,False
row_02838,released_test,1_pos_1101,RENIDKPSRA,published_independent_test,10,1,1.0,True,True,True,False,False,False,False
row_02839,released_test,1_pos_200,QWPAQ,published_independent_test,5,1,1.0,True,True,True,False,False,False,False
row_02840,released_test,1_pos_1363,YYL,published_independent_test,3,1,1.0,True,True,True,False,False,False,True
row_02841,released_test,0_neg_306,AVNVNTNVSAMTAQRYLNQA,published_independent_test,20,0,0.0,True,True,True,False,False,False,False
row_02842,released_test,1_pos_386,QQPVLGPVRGPFP,published_independent_test,13,1,1.0,True,True,True,False,False,False,False
row_02843,released_test,0_neg_1005,RPPGFDPFR,published_independent_test,9,0,0.0,True,True,True,False,False,False,False
row_02844,released_test,1_pos_921,KAI,published_independent_test,3,1,1.0,True,True,True,False,False,False,True
row_02845,released_test,1_pos_216,GTVFEKKALPGPM,published_independent_test,13,1,1.0,True,True,True,False,False,False,False
row_02846,released_test,0_neg_996,DTARLQWH,published_independent_test,8,0,0.0,True,True,True,False,False,False,False
row_02847,released_test,1_pos_1353,IHH,published_independent_test,3,1,1.0,True,True,True,False,False,False,True
row_02848,released_test,0_neg_669,AAGQDFMRF,published_independent_test,9,0,0.0,True,True,True,False,False,False,False
row_02849,released_test,0_neg_684,IPLDPVAGYKEPA,published_independent_test,13,0,0.0,True,True,True,False,False,False,False
row_02850,released_test,0_neg_1021,GKPNKPRPAPIKPRPPHPRL,published_independent_test,20,0,0.0,True,True,True,False,False,False,False
row_02851,released_test,1_pos_1321,RWY,published_independent_test,3,1,1.0,True,True,True,False,False,False,True
row_02852,released_test,0_neg_169,PSPPGFSPFR,published_independent_test,10,0,0.0,True,True,True,False,False,False,False
row_02853,released_test,1_pos_383,RDRHQKIG,published_independent_test,8,1,1.0,True,True,True,False,False,False,False
row_02854,released_test,1_pos_571,FKK,published_independent_test,3,1,1.0,True,True,True,False,False,False,True
row_02855,released_test,1_pos_1156,PEW,published_independent_test,3,1,1.0,True,True,True,False,False,False,True
row_02856,released_test,0_neg_628,GVGSFIHKVVSAIKNVA,published_independent_test,17,0,0.0,True,True,True,False,False,False,False
row_02857,released_test,1_pos_1394,DDGGK,published_independent_test,5,1,1.0,True,True,True,False,False,False,False
row_02858,released_test,0_neg_472,MMIPGHFDYHRPKSV,published_independent_test,15,0,0.0,True,True,True,False,False,False,False
row_02859,released_test,0_neg_758,SASGGAGESSGMWFGPRL,published_independent_test,18,0,0.0,True,True,True,False,False,False,False
row_02860,released_test,1_pos_1158,PGEKGSPGADGPIGAP,published_independent_test,16,1,1.0,True,True,True,False,False,False,False
row_02861,released_test,1_pos_1413,RADHPF,published_independent_test,6,1,1.0,True,True,True,False,False,False,False
row_02862,released_test,0_neg_578,NFLGTLVNLAKKIL,published_independent_test,14,0,0.0,True,True,True,False,False,False,False
row_02863,released_test,0_neg_246,MKLAILGAGCYRTDAASGI,published_independent_test,19,0,0.0,True,True,True,False,False,False,False
row_02864,released_test,0_neg_977,GFVDLAKKVVGGIRNALGI,published_independent_test,19,0,0.0,True,True,True,False,False,False,False
row_02865,released_test,1_pos_1107,VKLFPVKLFP,published_independent_test,10,1,1.0,True,True,True,False,False,False,False
row_02866,released_test,1_pos_1217,SCH,published_independent_test,3,1,1.0,True,True,True,False,False,False,True
row_02867,released_test,1_pos_1406,LVYIIQGR,published_independent_test,8,1,1.0,True,True,True,False,False,False,False
row_02868,released_test,1_pos_400,IIGATNPAESAPGTIR,published_independent_test,16,1,1.0,True,True,True,False,False,False,False
row_02869,released_test,1_pos_1388,KLSDW,published_independent_test,5,1,1.0,True,True,True,False,False,False,False
row_02870,released_test,1_pos_1115,LWI,published_independent_test,3,1,1.0,True,True,True,False,False,False,True
row_02871,released_test,0_neg_777,GRDAYIADSENCTYT,published_independent_test,15,0,0.0,True,True,True,False,False,False,False
row_02872,released_test,1_pos_21,AQGTFLQPHQ,published_independent_test,10,1,1.0,True,True,True,False,False,False,False
row_02873,released_test,1_pos_471,EDIVCW,published_independent_test,6,1,1.0,True,True,True,False,False,False,False
row_02874,released_test,1_pos_52,YLG,published_independent_test,3,1,1.0,True,True,True,False,False,False,True
row_02875,released_test,1_pos_1055,LGPVRGPFPI,published_independent_test,10,1,1.0,True,True,True,False,False,False,True
row_02876,released_test,1_pos_803,IPAVFK,published_independent_test,6,1,1.0,True,True,True,False,False,False,False
row_02877,released_test,1_pos_741,MFAEWQPR,published_independent_test,8,1,1.0,True,True,True,False,False,False,False
row_02878,released_test,1_pos_957,FDYDPR,published_independent_test,6,1,1.0,True,True,True,False,False,False,False
row_02879,released_test,1_pos_1270,GDLAYLDQGHR,published_independent_test,11,1,1.0,True,True,True,False,False,False,False
row_02880,released_test,0_neg_1284,QTPQWATGHFM,published_independent_test,11,0,0.0,True,True,True,False,False,False,False
row_02881,released_test,0_neg_1302,MFTFAILLLCVQGCLIQ,published_independent_test,17,0,0.0,True,True,True,False,False,False,False
row_02882,released_test,0_neg_297,APSMGFQGMR,published_independent_test,10,0,0.0,True,True,True,False,False,False,False
row_02883,released_test,1_pos_384,LSGYGP,published_independent_test,6,1,1.0,True,True,True,False,False,False,False
row_02884,released_test,1_pos_543,TSKT,published_independent_test,4,1,1.0,True,True,True,False,False,False,True
row_02885,released_test,0_neg_213,VTLDVED,published_independent_test,7,0,0.0,True,True,True,False,False,False,False
row_02886,released_test,1_pos_594,QIESW,published_independent_test,5,1,1.0,True,True,True,False,False,False,False
row_02887,released_test,0_neg_647,LPRHTLHCVAYHGYCFHSKV,published_independent_test,20,0,0.0,True,True,True,False,False,False,False
row_02888,released_test,0_neg_85,ADSRNPLEEEFRETNYEEF,published_independent_test,19,0,0.0,True,True,True,False,False,False,False
row_02889,released_test,1_pos_721,PGAEGAPGRDGAAGPK,published_independent_test,16,1,1.0,True,True,True,False,False,False,False
row_02890,released_test,1_pos_1344,LVNPHDHQN,published_independent_test,9,1,1.0,True,True,True,False,False,False,False
row_02891,released_test,1_pos_1177,PW,published_independent_test,2,1,1.0,True,True,True,False,False,False,True
row_02892,released_test,1_pos_1455,YNY,published_independent_test,3,1,1.0,True,True,True,False,False,False,True
row_02893,released_test,0_neg_869,VIGGDECNINEHPFLVLVYY,published_independent_test,20,0,0.0,True,True,True,False,False,False,False
row_02894,released_test,0_neg_947,VIGGSDTTIGQYPHQLSLR,published_independent_test,19,0,0.0,True,True,True,False,False,False,False
row_02895,released_test,1_pos_1340,QDAHVPDNFIPK,published_independent_test,12,1,1.0,True,True,True,False,False,False,False
row_02896,released_test,1_pos_201,WLLYLDGPPMGLT,published_independent_test,13,1,1.0,True,True,True,False,False,False,False
row_02897,released_test,0_neg_1213,ATSAAQGAALDESVRKVLKP,published_independent_test,20,0,0.0,True,True,True,False,False,False,False
row_02898,released_test,1_pos_750,DDLPR,published_independent_test,5,1,1.0,True,True,True,False,False,False,False
row_02899,released_test,0_neg_1037,FLGALVNALTRVL,published_independent_test,13,0,0.0,True,True,True,False,False,False,False
row_02900,released_test,0_neg_217,DASFHSWG,published_independent_test,8,0,0.0,True,True,True,False,False,False,False
row_02901,released_test,0_neg_746,NYYKKLFGSGTTLVVT,published_independent_test,16,0,0.0,True,True,True,False,False,False,False
row_02902,released_test,0_neg_1315,DPHHDFMRF,published_independent_test,9,0,0.0,True,True,True,False,False,False,False
row_02903,released_test,0_neg_327,SDRELHRSKAAYFF,published_independent_test,14,0,0.0,True,True,True,False,False,False,False
row_02904,released_test,0_neg_542,VNDGYLDNGLQEGDFE,published_independent_test,16,0,0.0,True,True,True,False,False,False,False
row_02905,released_test,0_neg_92,SNTSHQDFHSFYGTNLMIGG,published_independent_test,20,0,0.0,True,True,True,False,False,False,False
row_02906,released_test,0_neg_615,QVNFTPSW,published_independent_test,8,0,0.0,True,True,True,False,False,False,False
row_02907,released_test,1_pos_1391,PWG,published_independent_test,3,1,1.0,True,True,True,False,False,False,True
row_02908,released_test,1_pos_779,GSPGPQGPPGSIGPQ,published_independent_test,15,1,1.0,True,True,True,False,False,False,False
row_02909,released_test,0_neg_562,SLLSLIRKLIT,published_independent_test,11,0,0.0,True,True,True,False,False,False,False
row_02910,released_test,0_neg_596,ISALFDEYEPLNDAD,published_independent_test,15,0,0.0,True,True,True,False,False,False,False
row_02911,released_test,0_neg_1099,FEDGKKVRFFKSNKETIK,published_independent_test,18,0,0.0,True,True,True,False,False,False,False
row_02912,released_test,0_neg_77,AGFVLKGYTKTSQ,published_independent_test,13,0,0.0,True,True,True,False,False,False,False
row_02913,released_test,0_neg_24,NQDCLSDWSFYEQYCYKVF,published_independent_test,19,0,0.0,True,True,True,False,False,False,False
row_02914,released_test,0_neg_380,EPPPWVPV,published_independent_test,8,0,0.0,True,True,True,False,False,False,False
row_02915,released_test,1_pos_357,IYIEQGNGITGM,published_independent_test,12,1,1.0,True,True,True,False,False,False,False
row_02916,released_test,0_neg_1263,QGPSPRHPIPP,published_independent_test,11,0,0.0,True,True,True,False,False,False,False
row_02917,released_test,1_pos_284,RWE,published_independent_test,3,1,1.0,True,True,True,False,False,False,True
row_02918,released_test,1_pos_903,PPK,published_independent_test,3,1,1.0,True,True,True,False,False,False,True
row_02919,released_test,1_pos_1452,LCPVHRAADL,published_independent_test,10,1,1.0,True,True,True,False,False,False,False
row_02920,released_test,0_neg_586,QKKDKKDR,published_independent_test,8,0,0.0,True,True,True,False,False,False,False
row_02921,released_test,1_pos_1086,YQQPVLGPVRGPFPIIV,published_independent_test,17,1,1.0,True,True,True,False,False,False,False
row_02922,released_test,1_pos_390,GFFKWHPRCGEEHSMWT,published_independent_test,17,1,1.0,True,True,True,False,False,False,False
row_02923,released_test,1_pos_84,GDMNP,published_independent_test,5,1,1.0,True,True,True,False,False,False,False
row_02924,released_test,0_neg_19,GPIPWQRRI,published_independent_test,9,0,0.0,True,True,True,False,False,False,False
row_02925,released_test,0_neg_1517,QLTFTPNWGT,published_independent_test,10,0,0.0,True,True,True,False,False,False,False
row_02926,released_test,0_neg_1513,SVDMVMKGIKLWPL,published_independent_test,14,0,0.0,True,True,True,False,False,False,False
row_02927,released_test,1_pos_139,VYY,published_independent_test,3,1,1.0,True,True,True,False,False,False,True
row_02928,released_test,0_neg_1212,ITCLSDINSK,published_independent_test,10,0,0.0,True,True,True,False,False,False,False
row_02929,released_test,1_pos_1469,INYW,published_independent_test,4,1,1.0,True,True,True,False,False,False,False
row_02930,released_test,0_neg_420,VPPGFTPF,published_independent_test,8,0,0.0,True,True,True,False,False,False,False
row_02931,released_test,0_neg_1124,FLGKKVLKAVGKQAAKKQME,published_independent_test,20,0,0.0,True,True,True,False,False,False,False
row_02932,released_test,0_neg_1468,MVPYRNPRHQHVASVLRSGG,published_independent_test,20,0,0.0,True,True,True,False,False,False,False
row_02933,released_test,1_pos_1170,KALNEINQF,published_independent_test,9,1,1.0,True,True,True,False,False,False,False
row_02934,released_test,1_pos_80,YNI,published_independent_test,3,1,1.0,True,True,True,False,False,False,True
row_02935,released_test,1_pos_1352,QITEGEDGGG,published_independent_test,10,1,1.0,True,True,True,False,False,False,False
row_02936,released_test,0_neg_991,LLPLVGNLLNDLL,published_independent_test,13,0,0.0,True,True,True,False,False,False,False
row_02937,released_test,1_pos_1291,PSHDAHPE,published_independent_test,8,1,1.0,True,True,True,False,False,False,False
row_02938,released_test,0_neg_752,MPGLDSPAAVRRAAMDLLAR,published_independent_test,20,0,0.0,True,True,True,False,False,False,False
row_02939,released_test,1_pos_896,DYDD,published_independent_test,4,1,1.0,True,True,True,False,False,False,True
row_02940,released_test,0_neg_999,DKNKKPIWMAGFPGFTPIR,published_independent_test,19,0,0.0,True,True,True,False,False,False,False
row_02941,released_test,0_neg_1328,TETTEGDFIAEGGGVR,published_independent_test,16,0,0.0,True,True,True,False,False,False,False
row_02942,released_test,1_pos_1375,MVPYPQR,published_independent_test,7,1,1.0,True,True,True,False,False,False,False
row_02943,released_test,0_neg_191,LGSPFGGFDTLGSNR,published_independent_test,15,0,0.0,True,True,True,False,False,False,False
row_02944,released_test,1_pos_41,AEYVRLY,published_independent_test,7,1,1.0,True,True,True,False,False,False,False
row_02945,released_test,1_pos_700,CHI,published_independent_test,3,1,1.0,True,True,True,False,False,False,True
row_02946,released_test,1_pos_1275,PHHADS,published_independent_test,6,1,1.0,True,True,True,False,False,False,False
row_02947,released_test,1_pos_187,PC,published_independent_test,2,1,1.0,True,True,True,False,False,False,True
row_02948,released_test,0_neg_56,FDKNQPWGVIRDLNVVNFKR,published_independent_test,20,0,0.0,True,True,True,False,False,False,False
row_02949,released_test,0_neg_389,GAVPAAQFSPRL,published_independent_test,12,0,0.0,True,True,True,False,False,False,False
row_02950,released_test,0_neg_176,GLGSLVGNALRIGAKLL,published_independent_test,17,0,0.0,True,True,True,False,False,False,False
row_02951,released_test,1_pos_305,PPQ,published_independent_test,3,1,1.0,True,True,True,False,False,False,True
row_02952,released_test,0_neg_789,QPDPNAFYGLM,published_independent_test,11,0,0.0,True,True,True,False,False,False,False
row_02953,released_test,0_neg_975,FLSLIPHAINAISAIANHF,published_independent_test,19,0,0.0,True,True,True,False,False,False,False
row_02954,released_test,1_pos_696,HVCYMF,published_independent_test,6,1,1.0,True,True,True,False,False,False,False
row_02955,released_test,0_neg_1353,QGGPPRPQIPP,published_independent_test,11,0,0.0,True,True,True,False,False,False,False
row_02956,released_test,1_pos_1407,VEGGLS,published_independent_test,6,1,1.0,True,True,True,False,False,False,False
row_02957,released_test,1_pos_1125,QYP,published_independent_test,3,1,1.0,True,True,True,False,False,False,True
row_02958,released_test,1_pos_958,LNGDVW,published_independent_test,6,1,1.0,True,True,True,False,False,False,False
row_02959,released_test,1_pos_268,DQAKAFLEKDNK,published_independent_test,12,1,1.0,True,True,True,False,False,False,False
row_02960,released_test,1_pos_1231,HDH,published_independent_test,3,1,1.0,True,True,True,False,False,False,True
row_02961,released_test,0_neg_185,FLPIPRPILLGLL,published_independent_test,13,0,0.0,True,True,True,False,False,False,False
row_02962,released_test,1_pos_1129,GVPY,published_independent_test,4,1,1.0,True,True,True,False,False,False,False
row_02963,released_test,1_pos_277,RW,published_independent_test,2,1,1.0,True,True,True,False,False,False,True
row_02964,released_test,1_pos_538,YTY,published_independent_test,3,1,1.0,True,True,True,False,False,False,True
row_02965,released_test,1_pos_1045,MILMR,published_independent_test,5,1,1.0,True,True,True,False,False,False,False
row_02966,released_test,0_neg_912,LGSLDEYAR,published_independent_test,9,0,0.0,True,True,True,False,False,False,False
row_02967,released_test,0_neg_432,ESIASFQGVLDGKYD,published_independent_test,15,0,0.0,True,True,True,False,False,False,False
row_02968,released_test,1_pos_773,ALGGA,published_independent_test,5,1,1.0,True,True,True,False,False,False,False
row_02969,released_test,0_neg_646,CYFNNCPVG,published_independent_test,9,0,0.0,True,True,True,False,False,False,False
row_02970,released_test,0_neg_1443,ATQRLPPLSTEPNR,published_independent_test,14,0,0.0,True,True,True,False,False,False,False
row_02971,released_test,0_neg_262,CRQSCSFGPLTFVCDGNTK,published_independent_test,19,0,0.0,True,True,True,False,False,False,False
row_02972,released_test,1_pos_1349,DEQIPSHPPR,published_independent_test,10,1,1.0,True,True,True,False,False,False,False
row_02973,released_test,1_pos_433,FY,published_independent_test,2,1,1.0,True,True,True,False,False,False,True
row_02974,released_test,0_neg_1169,CSTCLDKP,published_independent_test,8,0,0.0,True,True,True,False,False,False,False
row_02975,released_test,1_pos_1056,YYPFKGFA,published_independent_test,8,1,1.0,True,True,True,False,False,False,False
row_02976,released_test,0_neg_1201,NCCPIDEESCCS,published_independent_test,12,0,0.0,True,True,True,False,False,False,False
row_02977,released_test,1_pos_783,LY,published_independent_test,2,1,1.0,True,True,True,False,False,False,True
row_02978,released_test,1_pos_176,YASVV,published_independent_test,5,1,1.0,True,True,True,False,False,False,False
row_02979,released_test,0_neg_12,GNVAELTEVR,published_independent_test,10,0,0.0,True,True,True,False,False,False,False
row_02980,released_test,0_neg_1494,VGQDATISFK,published_independent_test,10,0,0.0,True,True,True,False,False,False,False
row_02981,released_test,0_neg_725,MIEIRFHGRGGQGAV,published_independent_test,15,0,0.0,True,True,True,False,False,False,False
row_02982,released_test,0_neg_512,PKDSMLLLQVPVY,published_independent_test,13,0,0.0,True,True,True,False,False,False,False
row_02983,released_test,0_neg_1151,YAIVARPRF,published_independent_test,9,0,0.0,True,True,True,False,False,False,False
row_02984,released_test,1_pos_1244,CSQAPLA,published_independent_test,7,1,1.0,True,True,True,False,False,False,False
row_02985,released_test,0_neg_978,GKPFYPPPIYPEDM,published_independent_test,14,0,0.0,True,True,True,False,False,False,False
row_02986,released_test,0_neg_46,WLRMASGLTDYR,published_independent_test,12,0,0.0,True,True,True,False,False,False,False
row_02987,released_test,1_pos_841,LEEAF,published_independent_test,5,1,1.0,True,True,True,False,False,False,False
row_02988,released_test,1_pos_703,KAVPYPQ,published_independent_test,7,1,1.0,True,True,True,False,False,False,True
row_02989,released_test,0_neg_340,EGCCSNPPCRHTHPEVC,published_independent_test,17,0,0.0,True,True,True,False,False,False,False
row_02990,released_test,0_neg_1490,LSAGPNGGSIAKLSVK,published_independent_test,16,0,0.0,True,True,True,False,False,False,False
row_02991,released_test,0_neg_960,DMDDFGLGDFDDGR,published_independent_test,14,0,0.0,True,True,True,False,False,False,False
row_02992,released_test,0_neg_282,CFPGNCPDS,published_independent_test,9,0,0.0,True,True,True,False,False,False,False
row_02993,released_test,1_pos_756,LEQQVDDLEGSLEQEKK,published_independent_test,17,1,1.0,True,True,True,False,False,False,False
row_02994,released_test,0_neg_413,EVRPFPEVYERIA,published_independent_test,13,0,0.0,True,True,True,False,False,False,False
row_02995,released_test,0_neg_462,FIGGIISFIKKLF,published_independent_test,13,0,0.0,True,True,True,False,False,False,False
row_02996,released_test,0_neg_1239,MARIAGVNIPTGKRVPI,published_independent_test,17,0,0.0,True,True,True,False,False,False,False
row_02997,released_test,1_pos_1420,AGGF,published_independent_test,4,1,1.0,True,True,True,False,False,False,True
row_02998,released_test,0_neg_1521,IRCTGSKECYSPSY,published_independent_test,14,0,0.0,True,True,True,False,False,False,False
row_02999,released_test,1_pos_918,KFPE,published_independent_test,4,1,1.0,True,True,True,False,False,False,True
row_03000,released_test,0_neg_1247,APYQKRNI,published_independent_test,8,0,0.0,True,True,True,False,False,False,False
row_03001,released_test,0_neg_1466,GVIDAAKKVVNVLKNLF,published_independent_test,17,0,0.0,True,True,True,False,False,False,False
row_03002,released_test,0_neg_164,TPQQDFMRF,published_independent_test,9,0,0.0,True,True,True,False,False,False,False
row_03003,released_test,1_pos_861,APSFSDIPNPIGSENSE,published_independent_test,17,1,1.0,True,True,True,False,False,False,True
row_03004,released_test,1_pos_1174,FIKK,published_independent_test,4,1,1.0,True,True,True,False,False,False,True
row_03005,released_test,0_neg_1240,SGETSGEGNGMWFGPRL,published_independent_test,17,0,0.0,True,True,True,False,False,False,False
row_03006,released_test,1_pos_781,LFSPR,published_independent_test,5,1,1.0,True,True,True,False,False,False,False
row_03007,released_test,0_neg_1367,GMWSKILGHLIR,published_independent_test,12,0,0.0,True,True,True,False,False,False,False
row_03008,released_test,0_neg_493,ELVSNASDALDKLR,published_independent_test,14,0,0.0,True,True,True,False,False,False,False
row_03009,released_test,1_pos_891,VLSLSQSKVLPVPQK,published_independent_test,15,1,1.0,True,True,True,False,False,False,True
row_03010,released_test,0_neg_1384,AGLLDILGL,published_independent_test,9,0,0.0,True,True,True,False,False,False,False
row_03011,released_test,1_pos_1079,YIPIQY,published_independent_test,6,1,1.0,True,True,True,False,False,False,False
row_03012,released_test,0_neg_1119,IWSGIQGAF,published_independent_test,9,0,0.0,True,True,True,False,False,False,False
row_03013,released_test,1_pos_1312,KILIYG,published_independent_test,6,1,1.0,True,True,True,False,False,False,False
row_03014,released_test,1_pos_867,EAPLNPKA,published_independent_test,8,1,1.0,True,True,True,False,False,False,False
row_03015,released_test,0_neg_484,EYDDMYTEKRPKVYAFGL,published_independent_test,18,0,0.0,True,True,True,False,False,False,False
row_03016,released_test,1_pos_422,QCH,published_independent_test,3,1,1.0,True,True,True,False,False,False,True
row_03017,released_test,1_pos_30,PWI,published_independent_test,3,1,1.0,True,True,True,False,False,False,True
row_03018,released_test,1_pos_1017,NKGPR,published_independent_test,5,1,1.0,True,True,True,False,False,False,False
row_03019,released_test,0_neg_763,AVPAVRKTNETLD,published_independent_test,13,0,0.0,True,True,True,False,False,False,False
row_03020,released_test,1_pos_1190,IGINAENNQRN,published_independent_test,11,1,1.0,True,True,True,False,False,False,False
row_03021,released_test,1_pos_1133,QFLLAGR,published_independent_test,7,1,1.0,True,True,True,False,False,False,False
row_03022,released_test,1_pos_851,TTYY,published_independent_test,4,1,1.0,True,True,True,False,False,False,True
row_03023,released_test,0_neg_1318,GECCTDCAQTAAANYC,published_independent_test,16,0,0.0,True,True,True,False,False,False,False
row_03024,released_test,1_pos_1268,QTVAVGVIK,published_independent_test,9,1,1.0,True,True,True,False,False,False,False
row_03025,released_test,1_pos_890,NFHPQ,published_independent_test,5,1,1.0,True,True,True,False,False,False,False
row_03026,released_test,1_pos_1357,IYVFVR,published_independent_test,6,1,1.0,True,True,True,False,False,False,False
row_03027,released_test,0_neg_1228,YEDAYALQYCPR,published_independent_test,12,0,0.0,True,True,True,False,False,False,False
row_03028,released_test,1_pos_751,HHPL,published_independent_test,4,1,1.0,True,True,True,False,False,False,False
row_03029,released_test,0_neg_64,APPGFTPFR,published_independent_test,9,0,0.0,True,True,True,False,False,False,False
row_03030,released_test,0_neg_730,MAIVGTIIKIIKAIIDIFAK,published_independent_test,20,0,0.0,True,True,True,False,False,False,False
row_03031,released_test,1_pos_1164,LHPH,published_independent_test,4,1,1.0,True,True,True,False,False,False,False
row_03032,released_test,0_neg_693,GCCGSFACRFGCVPCCV,published_independent_test,17,0,0.0,True,True,True,False,False,False,False
row_03033,released_test,0_neg_196,QGGWPRNPIPP,published_independent_test,11,0,0.0,True,True,True,False,False,False,False
row_03034,released_test,1_pos_1459,AWEEREQGSR,published_independent_test,10,1,1.0,True,True,True,False,False,False,False
row_03035,released_test,1_pos_233,PHL,published_independent_test,3,1,1.0,True,True,True,False,False,False,True
row_03036,released_test,1_pos_849,LHF,published_independent_test,3,1,1.0,True,True,True,False,False,False,True
