owner_index,header,shuffle_index,original_sequence,shuffled_sequence,length,unchanged_from_original,repeated_within_owner,hamming_distance,normalized_hamming_distance
0,0_neg_519,0,APSLGFHGVR,HSGRLFGPAV,10,False,False,9,0.9
0,0_neg_519,1,APSLGFHGVR,AGLVFHSGRP,10,False,False,8,0.8
0,0_neg_519,2,APSLGFHGVR,VGLFGASPRH,10,False,False,9,0.9
0,0_neg_519,3,APSLGFHGVR,PLRVSGHGAF,10,False,False,8,0.8
0,0_neg_519,4,APSLGFHGVR,APRLHSFGVG,10,False,False,5,0.5
0,0_neg_519,5,APSLGFHGVR,GVFGRAPLHS,10,False,False,10,1.0
0,0_neg_519,6,APSLGFHGVR,SHFVPGLRGA,10,False,False,10,1.0
0,0_neg_519,7,APSLGFHGVR,GARSHVGFLP,10,False,False,10,1.0
0,0_neg_519,8,APSLGFHGVR,VFRHSGAPLG,10,False,False,10,1.0
0,0_neg_519,9,APSLGFHGVR,FAGRSPLVHG,10,False,False,10,1.0
1,1_pos_524,0,RHQ,QRH,3,False,False,3,1.0
1,1_pos_524,1,RHQ,QHR,3,False,False,2,0.6666666666666666
1,1_pos_524,2,RHQ,HQR,3,False,False,3,1.0
1,1_pos_524,3,RHQ,RQH,3,False,False,2,0.6666666666666666
1,1_pos_524,4,RHQ,HRQ,3,False,False,2,0.6666666666666666
1,1_pos_524,5,RHQ,RHQ,3,True,False,0,0.0
1,1_pos_524,6,RHQ,QHR,3,False,True,2,0.6666666666666666
1,1_pos_524,7,RHQ,RHQ,3,True,True,0,0.0
1,1_pos_524,8,RHQ,QHR,3,False,True,2,0.6666666666666666
1,1_pos_524,9,RHQ,HQR,3,False,True,3,1.0
2,0_neg_766,0,FLPMIAKLLGGLL,FMLGLPLLGKALI,13,False,False,10,0.7692307692307693
2,0_neg_766,1,FLPMIAKLLGGLL,FPLMKGLALLGLI,13,False,False,8,0.6153846153846154
2,0_neg_766,2,FLPMIAKLLGGLL,IGPGALFMLLKLL,13,False,False,9,0.6923076923076923
2,0_neg_766,3,FLPMIAKLLGGLL,IAKGLLLPLMLFG,13,False,False,12,0.9230769230769231
2,0_neg_766,4,FLPMIAKLLGGLL,KLLLGLLGMIFPA,13,False,False,12,0.9230769230769231
2,0_neg_766,5,FLPMIAKLLGGLL,GLLLAMKFLPILG,13,False,False,9,0.6923076923076923
2,0_neg_766,6,FLPMIAKLLGGLL,FIGLAMKLGPLLL,13,False,False,8,0.6153846153846154
2,0_neg_766,7,FLPMIAKLLGGLL,LMFLLIGLLKPGA,13,False,False,11,0.8461538461538461
2,0_neg_766,8,FLPMIAKLLGGLL,LLGKILPAFGLLM,13,False,False,9,0.6923076923076923
2,0_neg_766,9,FLPMIAKLLGGLL,IAFGLLLLGPKML,13,False,False,11,0.8461538461538461
3,0_neg_402,0,LRPAVIRPKGK,LGKKPPARVIR,11,False,False,10,0.9090909090909091
3,0_neg_402,1,LRPAVIRPKGK,KVRLKPAIPRG,11,False,False,11,1.0
3,0_neg_402,2,LRPAVIRPKGK,ARPLGIKVPKR,11,False,False,8,0.7272727272727273
3,0_neg_402,3,LRPAVIRPKGK,LKKVGIRPAPR,11,False,False,7,0.6363636363636364
3,0_neg_402,4,LRPAVIRPKGK,VGAPKLPRKIR,11,False,False,10,0.9090909090909091
3,0_neg_402,5,LRPAVIRPKGK,GPRLRIKVAPK,11,False,False,9,0.8181818181818182
3,0_neg_402,6,LRPAVIRPKGK,VLGRAIKPRKP,11,False,False,9,0.8181818181818182
3,0_neg_402,7,LRPAVIRPKGK,KVKAPLGPRRI,11,False,False,9,0.8181818181818182
3,0_neg_402,8,LRPAVIRPKGK,LIRRPGPAKKV,11,False,False,9,0.8181818181818182
3,0_neg_402,9,LRPAVIRPKGK,IPRAKGPLRVK,11,False,False,9,0.8181818181818182
4,0_neg_539,0,TKQTLKVLITGAAGQIGYSL,TQGSIALGLVTYTKIQALGK,20,False,False,19,0.95
4,0_neg_539,1,TKQTLKVLITGAAGQIGYSL,GLAQTQGYLKKTGIVTAISL,20,False,False,18,0.9
4,0_neg_539,2,TKQTLKVLITGAAGQIGYSL,LGLYTTGGIKAALSQKQIVT,20,False,False,17,0.85
4,0_neg_539,3,TKQTLKVLITGAAGQIGYSL,KQTTLTYLIGGGIQAKSVAL,20,False,False,14,0.7
4,0_neg_539,4,TKQTLKVLITGAAGQIGYSL,LISGLITQKQVAGGKTLTAY,20,False,False,17,0.85
4,0_neg_539,5,TKQTLKVLITGAAGQIGYSL,GTLVGQKILTIGYAQSATLK,20,False,False,18,0.9
4,0_neg_539,6,TKQTLKVLITGAAGQIGYSL,IVAGTSYQLTQGTGAIKKLL,20,False,False,16,0.8
4,0_neg_539,7,TKQTLKVLITGAAGQIGYSL,KQVGAQGLTTIKAILLYSGT,20,False,False,17,0.85
4,0_neg_539,8,TKQTLKVLITGAAGQIGYSL,LTYLIQSGGQLTIGKKVATA,20,False,False,19,0.95
4,0_neg_539,9,TKQTLKVLITGAAGQIGYSL,VGTTGYLTQKILLQGSAKAI,20,False,False,19,0.95
5,1_pos_1368,0,YFYPQL,FLPYQY,6,False,False,5,0.8333333333333334
5,1_pos_1368,1,YFYPQL,FQLYYP,6,False,False,6,1.0
5,1_pos_1368,2,YFYPQL,YPYLQF,6,False,False,3,0.5
5,1_pos_1368,3,YFYPQL,YFYPLQ,6,False,False,2,0.3333333333333333
5,1_pos_1368,4,YFYPQL,YYFLQP,6,False,False,4,0.6666666666666666
5,1_pos_1368,5,YFYPQL,PYLFQY,6,False,False,5,0.8333333333333334
5,1_pos_1368,6,YFYPQL,YYQFLP,6,False,False,5,0.8333333333333334
5,1_pos_1368,7,YFYPQL,PLYQFY,6,False,False,5,0.8333333333333334
5,1_pos_1368,8,YFYPQL,PFQYYL,6,False,False,4,0.6666666666666666
5,1_pos_1368,9,YFYPQL,LQFPYY,6,False,False,5,0.8333333333333334
6,0_neg_1198,0,SLDFPALW,FSWLPDLA,8,False,False,6,0.75
6,0_neg_1198,1,SLDFPALW,LWDPFSAL,8,False,False,7,0.875
6,0_neg_1198,2,SLDFPALW,WLPDALFS,8,False,False,7,0.875
6,0_neg_1198,3,SLDFPALW,DLLFSWAP,8,False,False,6,0.75
6,0_neg_1198,4,SLDFPALW,APLDWLSF,8,False,False,8,1.0
6,0_neg_1198,5,SLDFPALW,SDLPFAWL,8,False,False,6,0.75
6,0_neg_1198,6,SLDFPALW,PLFWDALS,8,False,False,5,0.625
6,0_neg_1198,7,SLDFPALW,ADFLPSWL,8,False,False,7,0.875
6,0_neg_1198,8,SLDFPALW,WSAFLDLP,8,False,False,6,0.75
6,0_neg_1198,9,SLDFPALW,WDSLAPLF,8,False,False,7,0.875
7,0_neg_1183,0,KNWAVLVAGSNGWPNYRHHA,NSGWAAGAYKNHVRHWVNLP,20,False,False,18,0.9
7,0_neg_1183,1,KNWAVLVAGSNGWPNYRHHA,WKGAALVSVHRWNGYPHANN,20,False,False,17,0.85
7,0_neg_1183,2,KNWAVLVAGSNGWPNYRHHA,YNNLNHWHPRKAWGVAVSGA,20,False,False,17,0.85
7,0_neg_1183,3,KNWAVLVAGSNGWPNYRHHA,KRLVSVYGNNPANWAHWGHA,20,False,False,17,0.85
7,0_neg_1183,4,KNWAVLVAGSNGWPNYRHHA,VNAWNHWGVALHNKRYAGPS,20,False,False,18,0.9
7,0_neg_1183,5,KNWAVLVAGSNGWPNYRHHA,AHRNGHYGWNNAVVLWKPSA,20,False,False,18,0.9
7,0_neg_1183,6,KNWAVLVAGSNGWPNYRHHA,YHNGKAGNWVNWPLAVRAHS,20,False,False,17,0.85
7,0_neg_1183,7,KNWAVLVAGSNGWPNYRHHA,YSKNWWVANPLGHVAGHNAR,20,False,False,17,0.85
7,0_neg_1183,8,KNWAVLVAGSNGWPNYRHHA,NSVGPRAYHAGNNHWLKWAV,20,False,False,20,1.0
7,0_neg_1183,9,KNWAVLVAGSNGWPNYRHHA,NLGNWVRHHYPSAWAGANVK,20,False,False,20,1.0
8,0_neg_514,0,YPCKLNLKLGKVPFH,KYLPKKGCLFLPVHN,15,False,False,14,0.9333333333333333
8,0_neg_514,1,YPCKLNLKLGKVPFH,LYFLLKPVCGNHPKK,15,False,False,12,0.8
8,0_neg_514,2,YPCKLNLKLGKVPFH,PLYCFNLVGKKKLPH,15,False,False,11,0.7333333333333333
8,0_neg_514,3,YPCKLNLKLGKVPFH,KLLVYKLKNFGHPCP,15,False,False,12,0.8
8,0_neg_514,4,YPCKLNLKLGKVPFH,LKHLKCPYVFPGNLK,15,False,False,15,1.0
8,0_neg_514,5,YPCKLNLKLGKVPFH,PVKPLLYNKFGCKHL,15,False,False,14,0.9333333333333333
8,0_neg_514,6,YPCKLNLKLGKVPFH,CVKFPYPLKLKHGLN,15,False,False,14,0.9333333333333333
8,0_neg_514,7,YPCKLNLKLGKVPFH,LNLPFCPGKKLYVHK,15,False,False,15,1.0
8,0_neg_514,8,YPCKLNLKLGKVPFH,LCGLPKNKFPKVLYH,15,False,False,11,0.7333333333333333
8,0_neg_514,9,YPCKLNLKLGKVPFH,HKLLFNPKCGVLYPK,15,False,False,12,0.8
9,1_pos_219,0,GEPGPPGAP,PPGPAGEGP,9,False,False,8,0.8888888888888888
9,1_pos_219,1,GEPGPPGAP,PPGPEAPGG,9,False,False,9,1.0
9,1_pos_219,2,GEPGPPGAP,GPPGEGPAP,9,False,False,4,0.4444444444444444
9,1_pos_219,3,GEPGPPGAP,PGGGAPPPE,9,False,False,7,0.7777777777777778
9,1_pos_219,4,GEPGPPGAP,GGEPPGAPP,9,False,False,6,0.6666666666666666
9,1_pos_219,5,GEPGPPGAP,GPPAGPGEP,9,False,False,4,0.4444444444444444
9,1_pos_219,6,GEPGPPGAP,PPGPPAGEG,9,False,False,7,0.7777777777777778
9,1_pos_219,7,GEPGPPGAP,GGEGPPAPP,9,False,False,4,0.4444444444444444
9,1_pos_219,8,GEPGPPGAP,GPGAPPPEG,9,False,False,6,0.6666666666666666
9,1_pos_219,9,GEPGPPGAP,EGGAPPPPG,9,False,False,7,0.7777777777777778
10,0_neg_653,0,ENGQLDGVIDPK,DNQGLGVIEKPD,12,False,False,9,0.75
10,0_neg_653,1,ENGQLDGVIDPK,DLGEPNKGDVIQ,12,False,False,11,0.9166666666666666
10,0_neg_653,2,ENGQLDGVIDPK,KGEPGVQLINDD,12,False,False,11,0.9166666666666666
10,0_neg_653,3,ENGQLDGVIDPK,QGELNGDIVKDP,12,False,False,12,1.0
10,0_neg_653,4,ENGQLDGVIDPK,ILVDDPGQNGKE,12,False,False,11,0.9166666666666666
10,0_neg_653,5,ENGQLDGVIDPK,GPDKQNIGVDEL,12,False,False,11,0.9166666666666666
10,0_neg_653,6,ENGQLDGVIDPK,DLGVNDEPQIGK,12,False,False,9,0.75
10,0_neg_653,7,ENGQLDGVIDPK,IKGNPVQDDGEL,12,False,False,11,0.9166666666666666
10,0_neg_653,8,ENGQLDGVIDPK,EGKGVLPQDDIN,12,False,False,10,0.8333333333333334
10,0_neg_653,9,ENGQLDGVIDPK,IGNDKQLGPDVE,12,False,False,11,0.9166666666666666
11,1_pos_972,0,YSTA,STYA,4,False,False,3,0.75
11,1_pos_972,1,YSTA,TAYS,4,False,False,4,1.0
11,1_pos_972,2,YSTA,YAST,4,False,False,3,0.75
11,1_pos_972,3,YSTA,ASYT,4,False,False,3,0.75
11,1_pos_972,4,YSTA,TYAS,4,False,False,4,1.0
11,1_pos_972,5,YSTA,STYA,4,False,True,3,0.75
11,1_pos_972,6,YSTA,SAYT,4,False,False,4,1.0
11,1_pos_972,7,YSTA,TYSA,4,False,False,3,0.75
11,1_pos_972,8,YSTA,YTAS,4,False,False,3,0.75
11,1_pos_972,9,YSTA,ASTY,4,False,False,2,0.5
12,1_pos_1308,0,NLPLL,LNLLP,5,False,False,4,0.8
12,1_pos_1308,1,NLPLL,LPLLN,5,False,False,4,0.8
12,1_pos_1308,2,NLPLL,LLNPL,5,False,False,3,0.6
12,1_pos_1308,3,NLPLL,LPLLN,5,False,True,4,0.8
12,1_pos_1308,4,NLPLL,NLLPL,5,False,False,2,0.4
12,1_pos_1308,5,NLPLL,LLPNL,5,False,False,2,0.4
12,1_pos_1308,6,NLPLL,LNLPL,5,False,False,4,0.8
12,1_pos_1308,7,NLPLL,LLNLP,5,False,False,3,0.6
12,1_pos_1308,8,NLPLL,LNLPL,5,False,True,4,0.8
12,1_pos_1308,9,NLPLL,LLLNP,5,False,False,4,0.8
13,0_neg_410,0,QHWSHGWYPG,YWPGSQHHGW,10,False,False,10,1.0
13,0_neg_410,1,QHWSHGWYPG,HGPHYWQGSW,10,False,False,10,1.0
13,0_neg_410,2,QHWSHGWYPG,WGWGQHYPHS,10,False,False,9,0.9
13,0_neg_410,3,QHWSHGWYPG,PQGSGWWHHY,10,False,False,8,0.8
13,0_neg_410,4,QHWSHGWYPG,YHHGWSGWQP,10,False,False,9,0.9
13,0_neg_410,5,QHWSHGWYPG,HWSGGWYQPH,10,False,False,9,0.9
13,0_neg_410,6,QHWSHGWYPG,GGHQHYWWSP,10,False,False,8,0.8
13,0_neg_410,7,QHWSHGWYPG,YPWHSGQGHW,10,False,False,8,0.8
13,0_neg_410,8,QHWSHGWYPG,SHQGGHYWWP,10,False,False,9,0.9
13,0_neg_410,9,QHWSHGWYPG,SWWHQGHPYG,10,False,False,7,0.7
14,1_pos_39,0,YYT,YTY,3,False,False,2,0.6666666666666666
14,1_pos_39,1,YYT,YTY,3,False,True,2,0.6666666666666666
14,1_pos_39,2,YYT,TYY,3,False,False,2,0.6666666666666666
14,1_pos_39,3,YYT,YTY,3,False,True,2,0.6666666666666666
14,1_pos_39,4,YYT,TYY,3,False,True,2,0.6666666666666666
14,1_pos_39,5,YYT,TYY,3,False,True,2,0.6666666666666666
14,1_pos_39,6,YYT,YYT,3,True,False,0,0.0
14,1_pos_39,7,YYT,YYT,3,True,True,0,0.0
14,1_pos_39,8,YYT,YTY,3,False,True,2,0.6666666666666666
14,1_pos_39,9,YYT,YTY,3,False,True,2,0.6666666666666666
15,0_neg_114,0,FGVLNFF,VFNLGFF,7,False,False,4,0.5714285714285714
15,0_neg_114,1,FGVLNFF,LVNFGFF,7,False,False,5,0.7142857142857143
15,0_neg_114,2,FGVLNFF,GLVFNFF,7,False,False,3,0.42857142857142855
15,0_neg_114,3,FGVLNFF,NFFLFVG,7,False,False,6,0.8571428571428571
15,0_neg_114,4,FGVLNFF,LFNFGFV,7,False,False,6,0.8571428571428571
15,0_neg_114,5,FGVLNFF,GFVLFNF,7,False,False,4,0.5714285714285714
15,0_neg_114,6,FGVLNFF,FGNFLFV,7,False,False,4,0.5714285714285714
15,0_neg_114,7,FGVLNFF,GNLVFFF,7,False,False,5,0.7142857142857143
15,0_neg_114,8,FGVLNFF,FGLFVNF,7,False,False,4,0.5714285714285714
15,0_neg_114,9,FGVLNFF,FGNLVFF,7,False,False,2,0.2857142857142857
16,1_pos_786,0,MK,KM,2,False,False,2,1.0
16,1_pos_786,1,MK,KM,2,False,True,2,1.0
16,1_pos_786,2,MK,MK,2,True,False,0,0.0
16,1_pos_786,3,MK,MK,2,True,True,0,0.0
16,1_pos_786,4,MK,MK,2,True,True,0,0.0
16,1_pos_786,5,MK,MK,2,True,True,0,0.0
16,1_pos_786,6,MK,KM,2,False,True,2,1.0
16,1_pos_786,7,MK,KM,2,False,True,2,1.0
16,1_pos_786,8,MK,MK,2,True,True,0,0.0
16,1_pos_786,9,MK,MK,2,True,True,0,0.0
17,1_pos_1430,0,NWDDMEK,DEDNKWM,7,False,False,6,0.8571428571428571
17,1_pos_1430,1,NWDDMEK,DNDEMKW,7,False,False,5,0.7142857142857143
17,1_pos_1430,2,NWDDMEK,WDNEDKM,7,False,False,7,1.0
17,1_pos_1430,3,NWDDMEK,MDDNEWK,7,False,False,5,0.7142857142857143
17,1_pos_1430,4,NWDDMEK,DDMNWKE,7,False,False,7,1.0
17,1_pos_1430,5,NWDDMEK,EDNKWMD,7,False,False,7,1.0
17,1_pos_1430,6,NWDDMEK,KEMDNWD,7,False,False,6,0.8571428571428571
17,1_pos_1430,7,NWDDMEK,DWNMKDE,7,False,False,6,0.8571428571428571
17,1_pos_1430,8,NWDDMEK,MDWKDEN,7,False,False,6,0.8571428571428571
17,1_pos_1430,9,NWDDMEK,KNWEDDM,7,False,False,7,1.0
18,0_neg_584,0,VQPPHSHGDNFYIWT,DWTVHYHPSQNGIFP,15,False,False,12,0.8
18,0_neg_584,1,VQPPHSHGDNFYIWT,YNVWPHDPQSGHFIT,15,False,False,14,0.9333333333333333
18,0_neg_584,2,VQPPHSHGDNFYIWT,HDQNSWPYHGVTFIP,15,False,False,15,1.0
18,0_neg_584,3,VQPPHSHGDNFYIWT,FPGINTYWHQPVSDH,15,False,False,15,1.0
18,0_neg_584,4,VQPPHSHGDNFYIWT,DHYFPNVTHIPSGWQ,15,False,False,14,0.9333333333333333
18,0_neg_584,5,VQPPHSHGDNFYIWT,YDPISHPTVFQWGNH,15,False,False,14,0.9333333333333333
18,0_neg_584,6,VQPPHSHGDNFYIWT,FHTVGYSIDWHPNQP,15,False,False,14,0.9333333333333333
18,0_neg_584,7,VQPPHSHGDNFYIWT,FPTSNDWQYGIVHHP,15,False,False,15,1.0
18,0_neg_584,8,VQPPHSHGDNFYIWT,PSVWGIQYPDHTHNF,15,False,False,15,1.0
18,0_neg_584,9,VQPPHSHGDNFYIWT,DGIHNWHFVSYTPPQ,15,False,False,14,0.9333333333333333
19,0_neg_1251,0,RGSNLTIHPLRNIIDLFYVG,PRSILDIIRVYNFHGLGTNL,20,False,False,15,0.75
19,0_neg_1251,1,RGSNLTIHPLRNIIDLFYVG,NLRVFRLYSHDIGGILNTPI,20,False,False,19,0.95
19,0_neg_1251,2,RGSNLTIHPLRNIIDLFYVG,VHLIFPIGRILDGRSNLNYT,20,False,False,19,0.95
19,0_neg_1251,3,RGSNLTIHPLRNIIDLFYVG,RPITLRIFSNGVIYDNLHGL,20,False,False,15,0.75
19,0_neg_1251,4,RGSNLTIHPLRNIIDLFYVG,LILNYGIPSHNRDVRFLTIG,20,False,False,17,0.85
19,0_neg_1251,5,RGSNLTIHPLRNIIDLFYVG,LNIRLRSIVDNYTGFPHLIG,20,False,False,18,0.9
19,0_neg_1251,6,RGSNLTIHPLRNIIDLFYVG,SGNRYTIVGLNIPDHFILLR,20,False,False,16,0.8
19,0_neg_1251,7,RGSNLTIHPLRNIIDLFYVG,IDHLRISGNYGFNTPLVIRL,20,False,False,19,0.95
19,0_neg_1251,8,RGSNLTIHPLRNIIDLFYVG,SGFLLHRGYIPVRDNTLNII,20,False,False,18,0.9
19,0_neg_1251,9,RGSNLTIHPLRNIIDLFYVG,LDLGHPSINYRRNGLIFVIT,20,False,False,18,0.9
20,0_neg_488,0,GPSMGFHGMR,MPMGGSGFRH,10,False,False,8,0.8
20,0_neg_488,1,GPSMGFHGMR,MRHGPSMGGF,10,False,False,9,0.9
20,0_neg_488,2,GPSMGFHGMR,GRMGHMGPSF,10,False,False,9,0.9
20,0_neg_488,3,GPSMGFHGMR,SGFMGPHRMG,10,False,False,6,0.6
20,0_neg_488,4,GPSMGFHGMR,SMGPGFHGRM,10,False,False,6,0.6
20,0_neg_488,5,GPSMGFHGMR,GMSMGRHPGF,10,False,False,5,0.5
20,0_neg_488,6,GPSMGFHGMR,PMMGGGHSRF,10,False,False,8,0.8
20,0_neg_488,7,GPSMGFHGMR,FGGMHSRMPG,10,False,False,9,0.9
20,0_neg_488,8,GPSMGFHGMR,HPGMRGSMGF,10,False,False,8,0.8
20,0_neg_488,9,GPSMGFHGMR,GGPSMFHMRG,10,False,False,7,0.7
21,1_pos_63,0,NEN,NNE,3,False,False,2,0.6666666666666666
21,1_pos_63,1,NEN,NNE,3,False,True,2,0.6666666666666666
21,1_pos_63,2,NEN,NNE,3,False,True,2,0.6666666666666666
21,1_pos_63,3,NEN,ENN,3,False,False,2,0.6666666666666666
21,1_pos_63,4,NEN,ENN,3,False,True,2,0.6666666666666666
21,1_pos_63,5,NEN,NNE,3,False,True,2,0.6666666666666666
21,1_pos_63,6,NEN,NNE,3,False,True,2,0.6666666666666666
21,1_pos_63,7,NEN,NEN,3,True,False,0,0.0
21,1_pos_63,8,NEN,NEN,3,True,True,0,0.0
21,1_pos_63,9,NEN,NNE,3,False,True,2,0.6666666666666666
22,1_pos_45,0,SLVYPFPGPIPN,SPPPFIYNGLPV,12,False,False,10,0.8333333333333334
22,1_pos_45,1,SLVYPFPGPIPN,NLYGPVSPPIFP,12,False,False,8,0.6666666666666666
22,1_pos_45,2,SLVYPFPGPIPN,SGNLFYPPPVPI,12,False,False,8,0.6666666666666666
22,1_pos_45,3,SLVYPFPGPIPN,SVFLGPIPYPNP,12,False,False,11,0.9166666666666666
22,1_pos_45,4,SLVYPFPGPIPN,SFNGPPPVYPLI,12,False,False,9,0.75
22,1_pos_45,5,SLVYPFPGPIPN,PNVPYPGLPISF,12,False,False,9,0.75
22,1_pos_45,6,SLVYPFPGPIPN,LPNPIPSYPGVF,12,False,False,11,0.9166666666666666
22,1_pos_45,7,SLVYPFPGPIPN,SPFLPPYVNPGI,12,False,False,10,0.8333333333333334
22,1_pos_45,8,SLVYPFPGPIPN,YPPNLIGSFPVP,12,False,False,12,1.0
22,1_pos_45,9,SLVYPFPGPIPN,PISVPLGPNPFY,12,False,False,11,0.9166666666666666
23,1_pos_333,0,AAPFPGQKSLQR,PQRQFLKPASGA,12,False,False,12,1.0
23,1_pos_333,1,AAPFPGQKSLQR,LSQQFPKGRAPA,12,False,False,12,1.0
23,1_pos_333,2,AAPFPGQKSLQR,FRLSQGKQAPPA,12,False,False,11,0.9166666666666666
23,1_pos_333,3,AAPFPGQKSLQR,KLPFRSQAPAQG,12,False,False,8,0.6666666666666666
23,1_pos_333,4,AAPFPGQKSLQR,KAGRSFPAPQLQ,12,False,False,11,0.9166666666666666
23,1_pos_333,5,AAPFPGQKSLQR,AFPAQGKPQRSL,12,False,False,9,0.75
23,1_pos_333,6,AAPFPGQKSLQR,GPPSQRFLKQAA,12,False,False,11,0.9166666666666666
23,1_pos_333,7,AAPFPGQKSLQR,GFQRKQASPLAP,12,False,False,11,0.9166666666666666
23,1_pos_333,8,AAPFPGQKSLQR,PAQASRLQPFKG,12,False,False,11,0.9166666666666666
23,1_pos_333,9,AAPFPGQKSLQR,PQALRGKQAFPS,12,False,False,11,0.9166666666666666
24,0_neg_200,0,MNKKSIRNVNLKGKRVFDRV,GNVIKRMVRVNSFLKDKRNK,20,False,False,19,0.95
24,0_neg_200,1,MNKKSIRNVNLKGKRVFDRV,DVKNLRSVGKRMNKNFRIVK,20,False,False,18,0.9
24,0_neg_200,2,MNKKSIRNVNLKGKRVFDRV,NNMRRRKNKDFGLIVVKSVK,20,False,False,17,0.85
24,0_neg_200,3,MNKKSIRNVNLKGKRVFDRV,NDKIKNLMVVKRRVNRGSKF,20,False,False,18,0.9
24,0_neg_200,4,MNKKSIRNVNLKGKRVFDRV,LVGRDFRVINKVNSKNRMKK,20,False,False,18,0.9
24,0_neg_200,5,MNKKSIRNVNLKGKRVFDRV,RNFVNRNDKISKVVLMKGKR,20,False,False,18,0.9
24,0_neg_200,6,MNKKSIRNVNLKGKRVFDRV,SNKLIFDRRGVVRKKVKNMN,20,False,False,16,0.8
24,0_neg_200,7,MNKKSIRNVNLKGKRVFDRV,LKNGIKKRNVKVFMNDRVSR,20,False,False,20,1.0
24,0_neg_200,8,MNKKSIRNVNLKGKRVFDRV,SKMVRNKLKVIVDGFRRKNN,20,False,False,20,1.0
24,0_neg_200,9,MNKKSIRNVNLKGKRVFDRV,NLFDNIKGMKRVRRVSKVKN,20,False,False,19,0.95
25,1_pos_535,0,PHCKRM,CMKHPR,6,False,False,6,1.0
25,1_pos_535,1,PHCKRM,KCMHPR,6,False,False,6,1.0
25,1_pos_535,2,PHCKRM,CRMHKP,6,False,False,6,1.0
25,1_pos_535,3,PHCKRM,KRCPHM,6,False,False,4,0.6666666666666666
25,1_pos_535,4,PHCKRM,KRMPHC,6,False,False,6,1.0
25,1_pos_535,5,PHCKRM,HKCMPR,6,False,False,5,0.8333333333333334
25,1_pos_535,6,PHCKRM,HCRKPM,6,False,False,4,0.6666666666666666
25,1_pos_535,7,PHCKRM,HKMPRC,6,False,False,5,0.8333333333333334
25,1_pos_535,8,PHCKRM,CKMPRH,6,False,False,5,0.8333333333333334
25,1_pos_535,9,PHCKRM,RKHPMC,6,False,False,6,1.0
26,1_pos_1411,0,LTSGSANATGSR,TGSASTASLNGR,12,False,False,9,0.75
26,1_pos_1411,1,LTSGSANATGSR,GSTSSLAAGNTR,12,False,False,9,0.75
26,1_pos_1411,2,LTSGSANATGSR,GSRTNGLTSSAA,12,False,False,12,1.0
26,1_pos_1411,3,LTSGSANATGSR,RSGGATSSLNAT,12,False,False,11,0.9166666666666666
26,1_pos_1411,4,LTSGSANATGSR,GAGLSSNTRAST,12,False,False,9,0.75
26,1_pos_1411,5,LTSGSANATGSR,ANSLATSGSGRT,12,False,False,10,0.8333333333333334
26,1_pos_1411,6,LTSGSANATGSR,TSATNLRASSGG,12,False,False,11,0.9166666666666666
26,1_pos_1411,7,LTSGSANATGSR,TSNGTAASGLRS,12,False,False,10,0.8333333333333334
26,1_pos_1411,8,LTSGSANATGSR,RSNSGAGLSTAT,12,False,False,11,0.9166666666666666
26,1_pos_1411,9,LTSGSANATGSR,LANSSTTRAGGS,12,False,False,9,0.75
27,0_neg_1034,0,KPSPDRFYGLM,PFGRDLPSMKY,11,False,False,10,0.9090909090909091
27,0_neg_1034,1,KPSPDRFYGLM,MGSPDRKFYPL,11,False,False,7,0.6363636363636364
27,0_neg_1034,2,KPSPDRFYGLM,KMPFGLPSDYR,11,False,False,10,0.9090909090909091
27,0_neg_1034,3,KPSPDRFYGLM,PKMFDSGLPYR,11,False,False,10,0.9090909090909091
27,0_neg_1034,4,KPSPDRFYGLM,PSMPLDYKFGR,11,False,False,10,0.9090909090909091
27,0_neg_1034,5,KPSPDRFYGLM,KMFLPGSDYRP,11,False,False,10,0.9090909090909091
27,0_neg_1034,6,KPSPDRFYGLM,PRLPYMKGSFD,11,False,False,10,0.9090909090909091
27,0_neg_1034,7,KPSPDRFYGLM,YLKMPDFGSRP,11,False,False,10,0.9090909090909091
27,0_neg_1034,8,KPSPDRFYGLM,PYFLSKRDMGP,11,False,False,11,1.0
27,0_neg_1034,9,KPSPDRFYGLM,FDPGMRSKYLP,11,False,False,9,0.8181818181818182
28,0_neg_328,0,QVSLKYPEGKMYSFGL,YELLSPQGKKVYGFSM,16,False,False,12,0.75
28,0_neg_328,1,QVSLKYPEGKMYSFGL,PGSLVQYKMFSLEGYK,16,False,False,14,0.875
28,0_neg_328,2,QVSLKYPEGKMYSFGL,PQEKYLSGSMGFVKLY,16,False,False,16,1.0
28,0_neg_328,3,QVSLKYPEGKMYSFGL,LYSVKESPLKYQGGFM,16,False,False,13,0.8125
28,0_neg_328,4,QVSLKYPEGKMYSFGL,GGYSSELVKPKFMYLQ,16,False,False,16,1.0
28,0_neg_328,5,QVSLKYPEGKMYSFGL,LQSYSGGYVKKFMPEL,16,False,False,13,0.8125
28,0_neg_328,6,QVSLKYPEGKMYSFGL,LGVESKLKMSYQFGYP,16,False,False,16,1.0
28,0_neg_328,7,QVSLKYPEGKMYSFGL,LEYSKVQPGGSMYKFL,16,False,False,13,0.8125
28,0_neg_328,8,QVSLKYPEGKMYSFGL,MGEVYGQLYSKPLSFK,16,False,False,16,1.0
28,0_neg_328,9,QVSLKYPEGKMYSFGL,LFLGPSQKGYSEYVMK,16,False,False,15,0.9375
29,0_neg_543,0,QSAREQG,SQQERGA,7,False,False,7,1.0
29,0_neg_543,1,QSAREQG,QQERGSA,7,False,False,5,0.7142857142857143
29,0_neg_543,2,QSAREQG,GREQAQS,7,False,False,6,0.8571428571428571
29,0_neg_543,3,QSAREQG,GEAQSQR,7,False,False,5,0.7142857142857143
29,0_neg_543,4,QSAREQG,EQGARSQ,7,False,False,7,1.0
29,0_neg_543,5,QSAREQG,QQARESG,7,False,False,2,0.2857142857142857
29,0_neg_543,6,QSAREQG,QQASEGR,7,False,False,4,0.5714285714285714
29,0_neg_543,7,QSAREQG,RASQEQG,7,False,False,4,0.5714285714285714
29,0_neg_543,8,QSAREQG,ARGQQSE,7,False,False,7,1.0
29,0_neg_543,9,QSAREQG,AQSGRQE,7,False,False,6,0.8571428571428571
30,0_neg_858,0,MSSSHIFIGETIGT,IISMESFTSGIGHT,14,False,False,11,0.7857142857142857
30,0_neg_858,1,MSSSHIFIGETIGT,ISFGISEGIHTMTS,14,False,False,12,0.8571428571428571
30,0_neg_858,2,MSSSHIFIGETIGT,ISSGHSGFITTIEM,14,False,False,9,0.6428571428571429
30,0_neg_858,3,MSSSHIFIGETIGT,SGSGHIFIETTMSI,14,False,False,8,0.5714285714285714
30,0_neg_858,4,MSSSHIFIGETIGT,ISSMGIEIGSTTFH,14,False,False,8,0.5714285714285714
30,0_neg_858,5,MSSSHIFIGETIGT,ESISTTIGISFGHM,14,False,False,12,0.8571428571428571
30,0_neg_858,6,MSSSHIFIGETIGT,GESMHITFIISSGT,14,False,False,9,0.6428571428571429
30,0_neg_858,7,MSSSHIFIGETIGT,MHIGTFEISSSIGT,14,False,False,9,0.6428571428571429
30,0_neg_858,8,MSSSHIFIGETIGT,GFHISISTSMGIET,14,False,False,11,0.7857142857142857
30,0_neg_858,9,MSSSHIFIGETIGT,HGSTGIISMSITEF,14,False,False,12,0.8571428571428571
31,1_pos_602,0,QQPVLGPVRGPFPIIV,FGQVLPGRVQPPIVIP,16,False,False,12,0.75
31,1_pos_602,1,QQPVLGPVRGPFPIIV,PPLGVPRGVQFIPIVQ,16,False,False,14,0.875
31,1_pos_602,2,QQPVLGPVRGPFPIIV,PPIVLVQRQFPIPVGG,16,False,False,12,0.75
31,1_pos_602,3,QQPVLGPVRGPFPIIV,GPRFPIQGPQVLVIPV,16,False,False,14,0.875
31,1_pos_602,4,QQPVLGPVRGPFPIIV,PPRILVVGIPGQVFPQ,16,False,False,15,0.9375
31,1_pos_602,5,QQPVLGPVRGPFPIIV,PIFLVVRQPGVIPPGQ,16,False,False,14,0.875
31,1_pos_602,6,QQPVLGPVRGPFPIIV,GRPIIFVLGVQPPQVP,16,False,False,14,0.875
31,1_pos_602,7,QQPVLGPVRGPFPIIV,RPPGVIPQVLFQIGPV,16,False,False,13,0.8125
31,1_pos_602,8,QQPVLGPVRGPFPIIV,IGRQIVVLPQPPVPGF,16,False,False,15,0.9375
31,1_pos_602,9,QQPVLGPVRGPFPIIV,PVGPPQPGFLQVIVRI,16,False,False,15,0.9375
32,1_pos_909,0,YYH,YYH,3,True,False,0,0.0
32,1_pos_909,1,YYH,YYH,3,True,True,0,0.0
32,1_pos_909,2,YYH,HYY,3,False,False,2,0.6666666666666666
32,1_pos_909,3,YYH,YHY,3,False,False,2,0.6666666666666666
32,1_pos_909,4,YYH,YYH,3,True,True,0,0.0
32,1_pos_909,5,YYH,HYY,3,False,True,2,0.6666666666666666
32,1_pos_909,6,YYH,YYH,3,True,True,0,0.0
32,1_pos_909,7,YYH,YHY,3,False,True,2,0.6666666666666666
32,1_pos_909,8,YYH,YYH,3,True,True,0,0.0
32,1_pos_909,9,YYH,HYY,3,False,True,2,0.6666666666666666
33,0_neg_94,0,LQPGLEYQYRYSARV,LVAPYSRQEYGQLYR,15,False,False,13,0.8666666666666667
33,0_neg_94,1,LQPGLEYQYRYSARV,RLPYGYQRQEVSALY,15,False,False,12,0.8
33,0_neg_94,2,LQPGLEYQYRYSARV,LVLYGERSPYRQYQA,15,False,False,13,0.8666666666666667
33,0_neg_94,3,LQPGLEYQYRYSARV,GQLVRPYYRYSAQEL,15,False,False,13,0.8666666666666667
33,0_neg_94,4,LQPGLEYQYRYSARV,QYQSRPRLALEGYYV,15,False,False,14,0.9333333333333333
33,0_neg_94,5,LQPGLEYQYRYSARV,QLYLRVYYRGSEPAQ,15,False,False,14,0.9333333333333333
33,0_neg_94,6,LQPGLEYQYRYSARV,RLYVEGQQAYSYRPL,15,False,False,14,0.9333333333333333
33,0_neg_94,7,LQPGLEYQYRYSARV,LRYQREAGSYLVYQP,15,False,False,13,0.8666666666666667
33,0_neg_94,8,LQPGLEYQYRYSARV,LPGQVRSYERYQYLA,15,False,False,12,0.8
33,0_neg_94,9,LQPGLEYQYRYSARV,GLQEYQLYVRSPARY,15,False,False,12,0.8
34,0_neg_277,0,GFGMLFKFL,LMFFGGFLK,9,False,False,9,1.0
34,0_neg_277,1,GFGMLFKFL,GGFKLFLFM,9,False,False,5,0.5555555555555556
34,0_neg_277,2,GFGMLFKFL,MGKFGLLFF,9,False,False,8,0.8888888888888888
34,0_neg_277,3,GFGMLFKFL,FLGGMKFLF,9,False,False,8,0.8888888888888888
34,0_neg_277,4,GFGMLFKFL,FKLFGGMFL,9,False,False,7,0.7777777777777778
34,0_neg_277,5,GFGMLFKFL,FKGLLGFMF,9,False,False,7,0.7777777777777778
34,0_neg_277,6,GFGMLFKFL,KGFMFLFGL,9,False,False,7,0.7777777777777778
34,0_neg_277,7,GFGMLFKFL,FFLGGMLFK,9,False,False,7,0.7777777777777778
34,0_neg_277,8,GFGMLFKFL,FKFLGFMGL,9,False,False,7,0.7777777777777778
34,0_neg_277,9,GFGMLFKFL,KGMLLGFFF,9,False,False,7,0.7777777777777778
35,0_neg_1260,0,DAQEKRQPWIPFV,QVAEDWIPRQFPK,13,False,False,11,0.8461538461538461
35,0_neg_1260,1,DAQEKRQPWIPFV,KQPFWARQDPVEI,13,False,False,13,1.0
35,0_neg_1260,2,DAQEKRQPWIPFV,QAKQDFWVRPPEI,13,False,False,11,0.8461538461538461
35,0_neg_1260,3,DAQEKRQPWIPFV,IQFPPARWQEDKV,13,False,False,12,0.9230769230769231
35,0_neg_1260,4,DAQEKRQPWIPFV,VKEIPFPQAWRQD,13,False,False,13,1.0
35,0_neg_1260,5,DAQEKRQPWIPFV,KVFIPDQEWARPQ,13,False,False,11,0.8461538461538461
35,0_neg_1260,6,DAQEKRQPWIPFV,VFKRQWQDPEIPA,13,False,False,12,0.9230769230769231
35,0_neg_1260,7,DAQEKRQPWIPFV,WRFDPQAPEIKVQ,13,False,False,11,0.8461538461538461
35,0_neg_1260,8,DAQEKRQPWIPFV,QRKQWVEFPPADI,13,False,False,13,1.0
35,0_neg_1260,9,DAQEKRQPWIPFV,VIFAWPQPKEQRD,13,False,False,11,0.8461538461538461
36,0_neg_334,0,FLPLIGRVLSGIL,SLVRLFGGLLPII,13,False,False,10,0.7692307692307693
36,0_neg_334,1,FLPLIGRVLSGIL,GLVSLFLPILRIG,13,False,False,11,0.8461538461538461
36,0_neg_334,2,FLPLIGRVLSGIL,LIPVLGLFISGRL,13,False,False,8,0.6153846153846154
36,0_neg_334,3,FLPLIGRVLSGIL,RIVIPLGSLLFLG,13,False,False,12,0.9230769230769231
36,0_neg_334,4,FLPLIGRVLSGIL,VLLFLPSGIRIGL,13,False,False,11,0.8461538461538461
36,0_neg_334,5,FLPLIGRVLSGIL,VSILLPRLGLIGF,13,False,False,11,0.8461538461538461
36,0_neg_334,6,FLPLIGRVLSGIL,RLIISGPVLFLLG,13,False,False,9,0.6923076923076923
36,0_neg_334,7,FLPLIGRVLSGIL,VFRIPLLSLILGG,13,False,False,12,0.9230769230769231
36,0_neg_334,8,FLPLIGRVLSGIL,ILGLIPVLLGSFR,13,False,False,9,0.6923076923076923
36,0_neg_334,9,FLPLIGRVLSGIL,FLGLRLSLPVIGI,13,False,False,10,0.7692307692307693
37,0_neg_1408,0,VLADVYNVEPETLR,NVTAEYVDVLLEPR,14,False,False,12,0.8571428571428571
37,0_neg_1408,1,VLADVYNVEPETLR,RLLDVTNYAEPEVV,14,False,False,10,0.7142857142857143
37,0_neg_1408,2,VLADVYNVEPETLR,ALYRDVPEETNVLV,14,False,False,11,0.7857142857142857
37,0_neg_1408,3,VLADVYNVEPETLR,RNEDVVPAVLTYLE,14,False,False,11,0.7857142857142857
37,0_neg_1408,4,VLADVYNVEPETLR,ATPERELVVYNLVD,14,False,False,13,0.9285714285714286
37,0_neg_1408,5,VLADVYNVEPETLR,RYVLTEPDAVELNV,14,False,False,13,0.9285714285714286
37,0_neg_1408,6,VLADVYNVEPETLR,LEVLVRANTVPDEY,14,False,False,13,0.9285714285714286
37,0_neg_1408,7,VLADVYNVEPETLR,RVNAPVVDYELETL,14,False,False,14,1.0
37,0_neg_1408,8,VLADVYNVEPETLR,VVVDLEALRPENTY,14,False,False,10,0.7142857142857143
37,0_neg_1408,9,VLADVYNVEPETLR,NLERVPVAVELTYD,14,False,False,11,0.7857142857142857
38,0_neg_567,0,ADGSDPAGGEFLAEGGGVR,GEVFGAGADRGSLGDGEAP,19,False,False,18,0.9473684210526315
38,0_neg_567,1,ADGSDPAGGEFLAEGGGVR,ADSELARGDVFGGGEGAGP,19,False,False,14,0.7368421052631579
38,0_neg_567,2,ADGSDPAGGEFLAEGGGVR,APGGVEAFDAGGDRLEGGS,19,False,False,15,0.7894736842105263
38,0_neg_567,3,ADGSDPAGGEFLAEGGGVR,GAFRDDGGVEGPAALSEGG,19,False,False,15,0.7894736842105263
38,0_neg_567,4,ADGSDPAGGEFLAEGGGVR,GDSGGGGGELAPREAADFV,19,False,False,16,0.8421052631578947
38,0_neg_567,5,ADGSDPAGGEFLAEGGGVR,GGPVGRGLSAGEFGAAEDD,19,False,False,19,1.0
38,0_neg_567,6,ADGSDPAGGEFLAEGGGVR,GGSPEDGGFDAGALEAVGR,19,False,False,16,0.8421052631578947
38,0_neg_567,7,ADGSDPAGGEFLAEGGGVR,LRAPGDESFGGGVDAGAGE,19,False,False,18,0.9473684210526315
38,0_neg_567,8,ADGSDPAGGEFLAEGGGVR,GGRGSFDEEGALAPVGADG,19,False,False,16,0.8421052631578947
38,0_neg_567,9,ADGSDPAGGEFLAEGGGVR,ESEGLPGGFDGDGGAAAVR,19,False,False,15,0.7894736842105263
39,0_neg_896,0,RSVCSNGCRPKPFGGCSC,CSSPKFCGRRGNGCPCVS,18,False,False,15,0.8333333333333334
39,0_neg_896,1,RSVCSNGCRPKPFGGCSC,CKGCRSCFVSGNPRCSPG,18,False,False,17,0.9444444444444444
39,0_neg_896,2,RSVCSNGCRPKPFGGCSC,FVCGGRPCSPSCCRSGNK,18,False,False,16,0.8888888888888888
39,0_neg_896,3,RSVCSNGCRPKPFGGCSC,GRNGCVSSFRCPGSCPCK,18,False,False,17,0.9444444444444444
39,0_neg_896,4,RSVCSNGCRPKPFGGCSC,GGRCRCNGSFKSPPVCSC,18,False,False,13,0.7222222222222222
39,0_neg_896,5,RSVCSNGCRPKPFGGCSC,FGKGCPVCRGNCSSCSPR,18,False,False,16,0.8888888888888888
39,0_neg_896,6,RSVCSNGCRPKPFGGCSC,GRFCCRCSPNVCSGSKPG,18,False,False,16,0.8888888888888888
39,0_neg_896,7,RSVCSNGCRPKPFGGCSC,CPFCGSRSVKGPNRGCCS,18,False,False,14,0.7777777777777778
39,0_neg_896,8,RSVCSNGCRPKPFGGCSC,GCCPFRCSSNPSVGRCKG,18,False,False,16,0.8888888888888888
39,0_neg_896,9,RSVCSNGCRPKPFGGCSC,CKGNPSSRCPVSGRCGFC,18,False,False,16,0.8888888888888888
40,0_neg_1267,0,STEQEDP,QTSPEDE,7,False,False,4,0.5714285714285714
40,0_neg_1267,1,STEQEDP,SEDTQPE,7,False,False,6,0.8571428571428571
40,0_neg_1267,2,STEQEDP,DETPQSE,7,False,False,7,1.0
40,0_neg_1267,3,STEQEDP,PDESEQT,7,False,False,5,0.7142857142857143
40,0_neg_1267,4,STEQEDP,PSDTQEE,7,False,False,7,1.0
40,0_neg_1267,5,STEQEDP,PEEDQTS,7,False,False,6,0.8571428571428571
40,0_neg_1267,6,STEQEDP,EETQSDP,7,False,False,4,0.5714285714285714
40,0_neg_1267,7,STEQEDP,PSETDQE,7,False,False,6,0.8571428571428571
40,0_neg_1267,8,STEQEDP,QPTDSEE,7,False,False,7,1.0
40,0_neg_1267,9,STEQEDP,TSEPDEQ,7,False,False,6,0.8571428571428571
41,1_pos_470,0,YLKT,TLKY,4,False,False,2,0.5
41,1_pos_470,1,YLKT,KTLY,4,False,False,4,1.0
41,1_pos_470,2,YLKT,YTKL,4,False,False,2,0.5
41,1_pos_470,3,YLKT,TKYL,4,False,False,4,1.0
41,1_pos_470,4,YLKT,KLYT,4,False,False,2,0.5
41,1_pos_470,5,YLKT,LTKY,4,False,False,3,0.75
41,1_pos_470,6,YLKT,KLYT,4,False,True,2,0.5
41,1_pos_470,7,YLKT,LYTK,4,False,False,4,1.0
41,1_pos_470,8,YLKT,LYTK,4,False,True,4,1.0
41,1_pos_470,9,YLKT,TKYL,4,False,True,4,1.0
42,0_neg_175,0,GAVSGLLTNL,NLTGGLASLV,10,False,False,8,0.8
42,0_neg_175,1,GAVSGLLTNL,LSGLLATNGV,10,False,False,10,1.0
42,0_neg_175,2,GAVSGLLTNL,GATLNLVSGL,10,False,False,6,0.6
42,0_neg_175,3,GAVSGLLTNL,GGLSVNTALL,10,False,False,7,0.7
42,0_neg_175,4,GAVSGLLTNL,SNATGGLVLL,10,False,False,7,0.7
42,0_neg_175,5,GAVSGLLTNL,VAGLSGNLLT,10,False,False,9,0.9
42,0_neg_175,6,GAVSGLLTNL,LSALVLGGNT,10,False,False,8,0.8
42,0_neg_175,7,GAVSGLLTNL,VGALNLSGLT,10,False,False,9,0.9
42,0_neg_175,8,GAVSGLLTNL,GAGLTLLNVS,10,False,False,6,0.6
42,0_neg_175,9,GAVSGLLTNL,VNLSTALGLG,10,False,False,8,0.8
43,0_neg_1525,0,AVTSSVADTTTVVRDDF,VTDTRVVVSTDAATDFS,17,False,False,14,0.8235294117647058
43,0_neg_1525,1,AVTSSVADTTTVVRDDF,DASDSAVTVVFTTTDVR,17,False,False,15,0.8823529411764706
43,0_neg_1525,2,AVTSSVADTTTVVRDDF,DFTDVVRTASVADTTVS,17,False,False,15,0.8823529411764706
43,0_neg_1525,3,AVTSSVADTTTVVRDDF,TDTDVTVTFVVDARSAS,17,False,False,15,0.8823529411764706
43,0_neg_1525,4,AVTSSVADTTTVVRDDF,RSDVSFTTAVTADVTDV,17,False,False,14,0.8235294117647058
43,0_neg_1525,5,AVTSSVADTTTVVRDDF,RSVAFTVDASVTTDTDV,17,False,False,15,0.8823529411764706
43,0_neg_1525,6,AVTSSVADTTTVVRDDF,DVATDVVVATTRDSTSF,17,False,False,12,0.7058823529411765
43,0_neg_1525,7,AVTSSVADTTTVVRDDF,ADSVVDSRTFVTADVTT,17,False,False,15,0.8823529411764706
43,0_neg_1525,8,AVTSSVADTTTVVRDDF,VAFSTVVDVDARDTTST,17,False,False,14,0.8235294117647058
43,0_neg_1525,9,AVTSSVADTTTVVRDDF,AVTSVTRATDVSVDFTD,17,False,False,11,0.6470588235294118
44,0_neg_1156,0,AFVKGSAQRVAHGY,AGFVHQAGRKSAVY,14,False,False,10,0.7142857142857143
44,0_neg_1156,1,AFVKGSAQRVAHGY,AVAARSVFHYGGQK,14,False,False,12,0.8571428571428571
44,0_neg_1156,2,AFVKGSAQRVAHGY,HFKQARAGASGVVY,14,False,False,11,0.7857142857142857
44,0_neg_1156,3,AFVKGSAQRVAHGY,GGVAAFHQVAYRSK,14,False,False,12,0.8571428571428571
44,0_neg_1156,4,AFVKGSAQRVAHGY,VKGQSAYVAAFRGH,14,False,False,13,0.9285714285714286
44,0_neg_1156,5,AFVKGSAQRVAHGY,FGGKHRYAVAAVSQ,14,False,False,12,0.8571428571428571
44,0_neg_1156,6,AFVKGSAQRVAHGY,AAHKFVAVSYRGGQ,14,False,False,10,0.7142857142857143
44,0_neg_1156,7,AFVKGSAQRVAHGY,YAGKVAQFHRVSGA,14,False,False,12,0.8571428571428571
44,0_neg_1156,8,AFVKGSAQRVAHGY,AFGAQSVRKHAYGV,14,False,False,9,0.6428571428571429
44,0_neg_1156,9,AFVKGSAQRVAHGY,VYRGAFSVHKAAQG,14,False,False,13,0.9285714285714286
45,0_neg_278,0,QPEESVFFA,PVFFAQESE,9,False,False,9,1.0
45,0_neg_278,1,QPEESVFFA,AFQSVEEPF,9,False,False,9,1.0
45,0_neg_278,2,QPEESVFFA,PFEAFQVES,9,False,False,8,0.8888888888888888
45,0_neg_278,3,QPEESVFFA,EFSEFPVQA,9,False,False,7,0.7777777777777778
45,0_neg_278,4,QPEESVFFA,FQPEVSFEA,9,False,False,6,0.6666666666666666
45,0_neg_278,5,QPEESVFFA,AFPQFVEES,9,False,False,8,0.8888888888888888
45,0_neg_278,6,QPEESVFFA,FEAPFQVES,9,False,False,9,1.0
45,0_neg_278,7,QPEESVFFA,VPFFQSEAE,9,False,False,8,0.8888888888888888
45,0_neg_278,8,QPEESVFFA,VSFPEAFQE,9,False,False,8,0.8888888888888888
45,0_neg_278,9,QPEESVFFA,QEVEASFPF,9,False,False,6,0.6666666666666666
46,0_neg_593,0,KKDGYPIQENGCKY,KEQDYYKKPGGINC,14,False,False,11,0.7857142857142857
46,0_neg_593,1,KKDGYPIQENGCKY,KPDGKEYIYNQKCG,14,False,False,10,0.7142857142857143
46,0_neg_593,2,KKDGYPIQENGCKY,PYGKNCYEQKKDIG,14,False,False,14,1.0
46,0_neg_593,3,KKDGYPIQENGCKY,KGKDYGPECNQIKY,14,False,False,9,0.6428571428571429
46,0_neg_593,4,KKDGYPIQENGCKY,CEPGKKDIQKNGYY,14,False,False,12,0.8571428571428571
46,0_neg_593,5,KKDGYPIQENGCKY,PCYGQDKYGENIKK,14,False,False,12,0.8571428571428571
46,0_neg_593,6,KKDGYPIQENGCKY,DKPICGNYEYGKQK,14,False,False,11,0.7857142857142857
46,0_neg_593,7,KKDGYPIQENGCKY,DKNPGICKYGKYQE,14,False,False,13,0.9285714285714286
46,0_neg_593,8,KKDGYPIQENGCKY,ENPKYDYQGCKKIG,14,False,False,12,0.8571428571428571
46,0_neg_593,9,KKDGYPIQENGCKY,QEKPIGYNDCKKGY,14,False,False,13,0.9285714285714286
47,0_neg_1048,0,GVLDAFRKIATVVKNLV,TAVVAKILRFVDGNLKV,17,False,False,15,0.8823529411764706
47,0_neg_1048,1,GVLDAFRKIATVVKNLV,TGADVVRVLIFKNLVAK,17,False,False,15,0.8823529411764706
47,0_neg_1048,2,GVLDAFRKIATVVKNLV,RLTVKAANVDGFVLKVI,17,False,False,16,0.9411764705882353
47,0_neg_1048,3,GVLDAFRKIATVVKNLV,RFALITAKNDVVVVGKL,17,False,False,14,0.8235294117647058
47,0_neg_1048,4,GVLDAFRKIATVVKNLV,VKDVVAIRLLFNTGAKV,17,False,False,16,0.9411764705882353
47,0_neg_1048,5,GVLDAFRKIATVVKNLV,NVVATKRIAVLLGFKVD,17,False,False,15,0.8823529411764706
47,0_neg_1048,6,GVLDAFRKIATVVKNLV,VLFKRDGTALIVNVAKV,17,False,False,15,0.8823529411764706
47,0_neg_1048,7,GVLDAFRKIATVVKNLV,VVDRLLVKINAAFTVKG,17,False,False,14,0.8235294117647058
47,0_neg_1048,8,GVLDAFRKIATVVKNLV,VLVRINVFKDKAVLAGT,17,False,False,16,0.9411764705882353
47,0_neg_1048,9,GVLDAFRKIATVVKNLV,VTAKLVVIRVANDLFGK,17,False,False,17,1.0
48,0_neg_610,0,GALVAAYGLYDGFLTL,LAGDGLLAVAYFGTLY,16,False,False,15,0.9375
48,0_neg_610,1,GALVAAYGLYDGFLTL,LAYGGLYVLTADAGLF,16,False,False,13,0.8125
48,0_neg_610,2,GALVAAYGLYDGFLTL,TLGAGLVAYDGLFLAY,16,False,False,14,0.875
48,0_neg_610,3,GALVAAYGLYDGFLTL,LVDLLGAGTALGYAFY,16,False,False,14,0.875
48,0_neg_610,4,GALVAAYGLYDGFLTL,GGGATLLDYFLYLVAA,16,False,False,15,0.9375
48,0_neg_610,5,GALVAAYGLYDGFLTL,YAVGAAGDYLLTFLLG,16,False,False,11,0.6875
48,0_neg_610,6,GALVAAYGLYDGFLTL,ALVTGDLYLGAYFGLA,16,False,False,14,0.875
48,0_neg_610,7,GALVAAYGLYDGFLTL,GDGVLALYFGATLLAY,16,False,False,12,0.75
48,0_neg_610,8,GALVAAYGLYDGFLTL,LAFTGVDLAGYALYLG,16,False,False,15,0.9375
48,0_neg_610,9,GALVAAYGLYDGFLTL,ATVALAYDLYGLGGFL,16,False,False,11,0.6875
49,0_neg_742,0,RGSNLTTHPLRNIKDLVVYM,TPLVTHIGMYKDNRNSRLVL,20,False,False,20,1.0
49,0_neg_742,1,RGSNLTTHPLRNIKDLVVYM,KHSNPVVTGTNLRIYLRMLD,20,False,False,17,0.85
49,0_neg_742,2,RGSNLTTHPLRNIKDLVVYM,NHIRPRGDLYVKTTVLLSMN,20,False,False,19,0.95
49,0_neg_742,3,RGSNLTTHPLRNIKDLVVYM,IRHRVNLLTPLSKYMVTNGD,20,False,False,20,1.0
49,0_neg_742,4,RGSNLTTHPLRNIKDLVVYM,IHLLNVNTDYSMRPVGRTKL,20,False,False,20,1.0
49,0_neg_742,5,RGSNLTTHPLRNIKDLVVYM,DYTSIHMRPLVRNLGNLVTK,20,False,False,17,0.85
49,0_neg_742,6,RGSNLTTHPLRNIKDLVVYM,STKRINRYGTVLVLMPLDNH,20,False,False,20,1.0
49,0_neg_742,7,RGSNLTTHPLRNIKDLVVYM,RYNKTVLITNLGDRLHMSVP,20,False,False,19,0.95
49,0_neg_742,8,RGSNLTTHPLRNIKDLVVYM,HNLMTIYTSLRKPDNGRVLV,20,False,False,17,0.85
49,0_neg_742,9,RGSNLTTHPLRNIKDLVVYM,NRGRHYNDKVTILSVMLTLP,20,False,False,20,1.0
50,0_neg_574,0,NDWRNAMYPVVPGHE,PPMWDEYVNNRHGVA,15,False,False,14,0.9333333333333333
50,0_neg_574,1,NDWRNAMYPVVPGHE,YWRDEGNAHPNMVVP,15,False,False,15,1.0
50,0_neg_574,2,NDWRNAMYPVVPGHE,ENHDPGAMWRVVNPY,15,False,False,14,0.9333333333333333
50,0_neg_574,3,NDWRNAMYPVVPGHE,RPAWDYVGEMPHVNN,15,False,False,15,1.0
50,0_neg_574,4,NDWRNAMYPVVPGHE,VMNNPWEADVGPRYH,15,False,False,13,0.8666666666666667
50,0_neg_574,5,NDWRNAMYPVVPGHE,NWPNGHEVDRVPMYA,15,False,False,12,0.8
50,0_neg_574,6,NDWRNAMYPVVPGHE,MAVPYDRVPHENNGW,15,False,False,14,0.9333333333333333
50,0_neg_574,7,NDWRNAMYPVVPGHE,NADWHPVEVYPRNMG,15,False,False,14,0.9333333333333333
50,0_neg_574,8,NDWRNAMYPVVPGHE,APNVEHYPMNGWVDR,15,False,False,15,1.0
50,0_neg_574,9,NDWRNAMYPVVPGHE,PNVYPDVRHGMNEWA,15,False,False,15,1.0
51,0_neg_841,0,LLPIVGNLLNSLL,VLLSLGPLNINLL,13,False,False,8,0.6153846153846154
51,0_neg_841,1,LLPIVGNLLNSLL,LLSNLLINVGLLP,13,False,False,10,0.7692307692307693
51,0_neg_841,2,LLPIVGNLLNSLL,PLLINLNLLVSGL,13,False,False,6,0.46153846153846156
51,0_neg_841,3,LLPIVGNLLNSLL,LGNNLLLILPSVL,13,False,False,9,0.6923076923076923
51,0_neg_841,4,LLPIVGNLLNSLL,LLSIGLVLNPLLN,13,False,False,8,0.6153846153846154
51,0_neg_841,5,LLPIVGNLLNSLL,LSGLPNILLLLNV,13,False,False,10,0.7692307692307693
51,0_neg_841,6,LLPIVGNLLNSLL,LLPLGVLNLLSIN,13,False,False,8,0.6153846153846154
51,0_neg_841,7,LLPIVGNLLNSLL,LNLLLPGVNLSLI,13,False,False,10,0.7692307692307693
51,0_neg_841,8,LLPIVGNLLNSLL,LSLLLILPNLGVN,13,False,False,12,0.9230769230769231
51,0_neg_841,9,LLPIVGNLLNSLL,LILNSNLLLVPGL,13,False,False,9,0.6923076923076923
52,0_neg_1046,0,VRPYLVAF,RLVFPYAV,8,False,False,7,0.875
52,0_neg_1046,1,VRPYLVAF,APVFVLRY,8,False,False,8,1.0
52,0_neg_1046,2,VRPYLVAF,LVVPYRAF,8,False,False,6,0.75
52,0_neg_1046,3,VRPYLVAF,YRVLFPAV,8,False,False,6,0.75
52,0_neg_1046,4,VRPYLVAF,VRVPFLYA,8,False,False,6,0.75
52,0_neg_1046,5,VRPYLVAF,RYVPFALV,8,False,False,8,1.0
52,0_neg_1046,6,VRPYLVAF,YRVLFPAV,8,False,True,6,0.75
52,0_neg_1046,7,VRPYLVAF,FLRPYAVV,8,False,False,8,1.0
52,0_neg_1046,8,VRPYLVAF,LYVAPFRV,8,False,False,8,1.0
52,0_neg_1046,9,VRPYLVAF,PAVLYRFV,8,False,False,8,1.0
53,1_pos_147,0,AGAPDERGPGPAAR,AEGRAADARPGPGP,14,False,False,13,0.9285714285714286
53,1_pos_147,1,AGAPDERGPGPAAR,PAARGPGGERDAAP,14,False,False,10,0.7142857142857143
53,1_pos_147,2,AGAPDERGPGPAAR,AREAPDPRGPGGAA,14,False,False,12,0.8571428571428571
53,1_pos_147,3,AGAPDERGPGPAAR,PGAPRDRAPEGAGA,14,False,False,8,0.5714285714285714
53,1_pos_147,4,AGAPDERGPGPAAR,PGARARDGAGPAPE,14,False,False,8,0.5714285714285714
53,1_pos_147,5,AGAPDERGPGPAAR,GRGAPPDAAEGAPR,14,False,False,12,0.8571428571428571
53,1_pos_147,6,AGAPDERGPGPAAR,PADEPAAGRAPGRG,14,False,False,12,0.8571428571428571
53,1_pos_147,7,AGAPDERGPGPAAR,PRADPAAGRPGGAE,14,False,False,11,0.7857142857142857
53,1_pos_147,8,AGAPDERGPGPAAR,PGDGGRRAAEAAPP,14,False,False,11,0.7857142857142857
53,1_pos_147,9,AGAPDERGPGPAAR,AARARAPPEGPGDG,14,False,False,11,0.7857142857142857
54,1_pos_613,0,LPTSEAAKY,SELYTAKAP,9,False,False,8,0.8888888888888888
54,1_pos_613,1,LPTSEAAKY,ALAEPTKYS,9,False,False,9,1.0
54,1_pos_613,2,LPTSEAAKY,PTESAAYKL,9,False,False,6,0.6666666666666666
54,1_pos_613,3,LPTSEAAKY,PLTEAYASK,9,False,False,7,0.7777777777777778
54,1_pos_613,4,LPTSEAAKY,AATPEKLYS,9,False,False,7,0.7777777777777778
54,1_pos_613,5,LPTSEAAKY,ALSETAKYP,9,False,False,8,0.8888888888888888
54,1_pos_613,6,LPTSEAAKY,AAETLYPKS,9,False,False,8,0.8888888888888888
54,1_pos_613,7,LPTSEAAKY,SEAYKTLPA,9,False,False,9,1.0
54,1_pos_613,8,LPTSEAAKY,YASKTEPLA,9,False,False,9,1.0
54,1_pos_613,9,LPTSEAAKY,AKPALYEST,9,False,False,9,1.0
55,1_pos_1338,0,PEILPDGDHD,DGPIDLDHPE,10,False,False,10,1.0
55,1_pos_1338,1,PEILPDGDHD,PHDDIDLEPG,10,False,False,8,0.8
55,1_pos_1338,2,PEILPDGDHD,DGIHDEPPDL,10,False,False,9,0.9
55,1_pos_1338,3,PEILPDGDHD,HGPDPIDLDE,10,False,False,9,0.9
55,1_pos_1338,4,PEILPDGDHD,PPLEDHDGDI,10,False,False,9,0.9
55,1_pos_1338,5,PEILPDGDHD,EPLGDDPIHD,10,False,False,7,0.7
55,1_pos_1338,6,PEILPDGDHD,PDGDEHIPLD,10,False,False,8,0.8
55,1_pos_1338,7,PEILPDGDHD,PLIPDGDEHD,10,False,False,6,0.6
55,1_pos_1338,8,PEILPDGDHD,HPGLDEPDID,10,False,False,7,0.7
55,1_pos_1338,9,PEILPDGDHD,DEHLDPDGPI,10,False,False,8,0.8
56,0_neg_709,0,AEYDVSDADIEAFYQ,DAFDYAEEQVYSDIA,15,False,False,14,0.9333333333333333
56,0_neg_709,1,AEYDVSDADIEAFYQ,QAIAAFDYYEDDVSE,15,False,False,14,0.9333333333333333
56,0_neg_709,2,AEYDVSDADIEAFYQ,EDQFDEAIAYADSVY,15,False,False,15,1.0
56,0_neg_709,3,AEYDVSDADIEAFYQ,DAQYADFEIVASYDE,15,False,False,15,1.0
56,0_neg_709,4,AEYDVSDADIEAFYQ,AIAESDFVDYQAYED,15,False,False,12,0.8
56,0_neg_709,5,AEYDVSDADIEAFYQ,SEIVAYQDYEDAFDA,15,False,False,12,0.8
56,0_neg_709,6,AEYDVSDADIEAFYQ,EYDADVSYEFQIADA,15,False,False,15,1.0
56,0_neg_709,7,AEYDVSDADIEAFYQ,AAYFSEDDEIVQDAY,15,False,False,11,0.7333333333333333
56,0_neg_709,8,AEYDVSDADIEAFYQ,ISYAQEDAFVYDDAE,15,False,False,12,0.8
56,0_neg_709,9,AEYDVSDADIEAFYQ,YADEYFISDAQADVE,15,False,False,13,0.8666666666666667
57,0_neg_37,0,AIGFDGLNDPDIVAR,IPARNAFGDLIDGVD,15,False,False,14,0.9333333333333333
57,0_neg_37,1,AIGFDGLNDPDIVAR,NAIIRPVFGDDLAGD,15,False,False,14,0.9333333333333333
57,0_neg_37,2,AIGFDGLNDPDIVAR,PDAGVFIALDIRGND,15,False,False,15,1.0
57,0_neg_37,3,AIGFDGLNDPDIVAR,IVDRFDGGANDLPIA,15,False,False,14,0.9333333333333333
57,0_neg_37,4,AIGFDGLNDPDIVAR,IVRDAGNAPGDLDIF,15,False,False,13,0.8666666666666667
57,0_neg_37,5,AIGFDGLNDPDIVAR,GNRVIALFADGDPDI,15,False,False,14,0.9333333333333333
57,0_neg_37,6,AIGFDGLNDPDIVAR,AIADGDILGFPDNRV,15,False,False,13,0.8666666666666667
57,0_neg_37,7,AIGFDGLNDPDIVAR,DVGGRNFAIALPIDD,15,False,False,14,0.9333333333333333
57,0_neg_37,8,AIGFDGLNDPDIVAR,IIRFNDAVGDAGDLP,15,False,False,13,0.8666666666666667
57,0_neg_37,9,AIGFDGLNDPDIVAR,IVPNAFGALDGDRID,15,False,False,15,1.0
58,1_pos_103,0,VEVGGGARAP,RPGAVEVAGG,10,False,False,10,1.0
58,1_pos_103,1,VEVGGGARAP,VVEGGPRAAG,10,False,False,6,0.6
58,1_pos_103,2,VEVGGGARAP,PEVRVGGGAA,10,False,False,6,0.6
58,1_pos_103,3,VEVGGGARAP,VPGAGVAGER,10,False,False,7,0.7
58,1_pos_103,4,VEVGGGARAP,GPGVAAVGER,10,False,False,10,1.0
58,1_pos_103,5,VEVGGGARAP,VGGGVARAPE,10,False,False,8,0.8
58,1_pos_103,6,VEVGGGARAP,VEGGVPGARA,10,False,False,7,0.7
58,1_pos_103,7,VEVGGGARAP,GAARVGEVPG,10,False,False,9,0.9
58,1_pos_103,8,VEVGGGARAP,AVGAEGVPRG,10,False,False,9,0.9
58,1_pos_103,9,VEVGGGARAP,GGEAPAGVVR,10,False,False,10,1.0
59,0_neg_532,0,DGDALLKPCKLGDMQKLSSA,DPDKLADLGSLQMGALKSCK,20,False,False,15,0.75
59,0_neg_532,1,DGDALLKPCKLGDMQKLSSA,AGSDDSKMCGALLKLQLDKP,20,False,False,16,0.8
59,0_neg_532,2,DGDALLKPCKLGDMQKLSSA,KGLDCPKQKLMSLGDSAADL,20,False,False,18,0.9
59,0_neg_532,3,DGDALLKPCKLGDMQKLSSA,DKLSKLAAPLMKQLGDSGCD,20,False,False,18,0.9
59,0_neg_532,4,DGDALLKPCKLGDMQKLSSA,LSDCLMGADALQKPLKGSKD,20,False,False,15,0.75
59,0_neg_532,5,DGDALLKPCKLGDMQKLSSA,QGPASKALDDLLSKGKMDCL,20,False,False,16,0.8
59,0_neg_532,6,DGDALLKPCKLGDMQKLSSA,DSPKLDQKGAKLGCDALLSM,20,False,False,16,0.8
59,0_neg_532,7,DGDALLKPCKLGDMQKLSSA,LCSSMLDGDGQPALKKDLAK,20,False,False,18,0.9
59,0_neg_532,8,DGDALLKPCKLGDMQKLSSA,KGMLCKDLQLDKSDAPGSLA,20,False,False,17,0.85
59,0_neg_532,9,DGDALLKPCKLGDMQKLSSA,LLKLADSSGCQKMKPDGALD,20,False,False,20,1.0
60,1_pos_135,0,EPLRY,EPRLY,5,False,False,2,0.4
60,1_pos_135,1,EPLRY,YRPLE,5,False,False,5,1.0
60,1_pos_135,2,EPLRY,YEPLR,5,False,False,5,1.0
60,1_pos_135,3,EPLRY,EYRLP,5,False,False,4,0.8
60,1_pos_135,4,EPLRY,LREPY,5,False,False,4,0.8
60,1_pos_135,5,EPLRY,RYEPL,5,False,False,5,1.0
60,1_pos_135,6,EPLRY,PRYEL,5,False,False,5,1.0
60,1_pos_135,7,EPLRY,ERYLP,5,False,False,4,0.8
60,1_pos_135,8,EPLRY,PRLEY,5,False,False,3,0.6
60,1_pos_135,9,EPLRY,YPELR,5,False,False,4,0.8
61,0_neg_987,0,EDDLEDFNPTIA,ALTDENEFDDPI,12,False,False,11,0.9166666666666666
61,0_neg_987,1,EDDLEDFNPTIA,IEDEAPDNLFDT,12,False,False,10,0.8333333333333334
61,0_neg_987,2,EDDLEDFNPTIA,ELAEDTNFPDDI,12,False,False,10,0.8333333333333334
61,0_neg_987,3,EDDLEDFNPTIA,AIDTNDFLDPEE,12,False,False,9,0.75
61,0_neg_987,4,EDDLEDFNPTIA,PLFNEDITDEDA,12,False,False,9,0.75
61,0_neg_987,5,EDDLEDFNPTIA,LEDDFDEPITNA,12,False,False,8,0.6666666666666666
61,0_neg_987,6,EDDLEDFNPTIA,AEDNLFPTEIDD,12,False,False,11,0.9166666666666666
61,0_neg_987,7,EDDLEDFNPTIA,TADILDEPFNDE,12,False,False,10,0.8333333333333334
61,0_neg_987,8,EDDLEDFNPTIA,NDDDEEITLAPF,12,False,False,9,0.75
61,0_neg_987,9,EDDLEDFNPTIA,EIDFTDEDPANL,12,False,False,8,0.6666666666666666
62,0_neg_1312,0,DPLNEERRANRYGFGL,EGDEAPNFRRYRLLNG,16,False,False,16,1.0
62,0_neg_1312,1,DPLNEERRANRYGFGL,YNDNGFRGLELRAREP,16,False,False,14,0.875
62,0_neg_1312,2,DPLNEERRANRYGFGL,GPEEDFGARLRLYNNR,16,False,False,14,0.875
62,0_neg_1312,3,DPLNEERRANRYGFGL,DPRYLNNGLAFRERGE,16,False,False,13,0.8125
62,0_neg_1312,4,DPLNEERRANRYGFGL,LGALPRFYEERGDNNR,16,False,False,15,0.9375
62,0_neg_1312,5,DPLNEERRANRYGFGL,FGALLPENGNRDRYER,16,False,False,14,0.875
62,0_neg_1312,6,DPLNEERRANRYGFGL,RPRAFELENYDRGNLG,16,False,False,13,0.8125
62,0_neg_1312,7,DPLNEERRANRYGFGL,PEFLALNRYERGNRDG,16,False,False,14,0.875
62,0_neg_1312,8,DPLNEERRANRYGFGL,LRREDAPNNGYLGREF,16,False,False,15,0.9375
62,0_neg_1312,9,DPLNEERRANRYGFGL,NLARYRDGLEPGNERF,16,False,False,16,1.0
63,1_pos_1292,0,HQTSEFK,SKEQTHF,7,False,False,7,1.0
63,1_pos_1292,1,HQTSEFK,THFKSQE,7,False,False,7,1.0
63,1_pos_1292,2,HQTSEFK,KEFSHTQ,7,False,False,6,0.8571428571428571
63,1_pos_1292,3,HQTSEFK,HETFKSQ,7,False,False,5,0.7142857142857143
63,1_pos_1292,4,HQTSEFK,SKQFTHE,7,False,False,7,1.0
63,1_pos_1292,5,HQTSEFK,HEQTSFK,7,False,False,4,0.5714285714285714
63,1_pos_1292,6,HQTSEFK,FTQHSKE,7,False,False,7,1.0
63,1_pos_1292,7,HQTSEFK,SHEKTQF,7,False,False,7,1.0
63,1_pos_1292,8,HQTSEFK,QEHFKTS,7,False,False,7,1.0
63,1_pos_1292,9,HQTSEFK,SEFKHQT,7,False,False,7,1.0
64,0_neg_561,0,AQPSMRLRF,SFMPRAQRL,9,False,False,8,0.8888888888888888
64,0_neg_561,1,AQPSMRLRF,SAFPRMLRQ,9,False,False,7,0.7777777777777778
64,0_neg_561,2,AQPSMRLRF,RLSAFRMQP,9,False,False,8,0.8888888888888888
64,0_neg_561,3,AQPSMRLRF,LSFRMAPQR,9,False,False,8,0.8888888888888888
64,0_neg_561,4,AQPSMRLRF,MFRAPQRLS,9,False,False,9,1.0
64,0_neg_561,5,AQPSMRLRF,FRSLRAPMQ,9,False,False,9,1.0
64,0_neg_561,6,AQPSMRLRF,RAQMPRFSL,9,False,False,8,0.8888888888888888
64,0_neg_561,7,AQPSMRLRF,SLRRQFAPM,9,False,False,9,1.0
64,0_neg_561,8,AQPSMRLRF,RPLASQFMR,9,False,False,9,1.0
64,0_neg_561,9,AQPSMRLRF,SMQFALRPR,9,False,False,9,1.0
65,0_neg_1148,0,TPPQPADNFIRF,QRTPIAPFDFPN,12,False,False,11,0.9166666666666666
65,0_neg_1148,1,TPPQPADNFIRF,AIPTPPDNQFRF,12,False,False,6,0.5
65,0_neg_1148,2,TPPQPADNFIRF,QPDRPNFTFPAI,12,False,False,9,0.75
65,0_neg_1148,3,TPPQPADNFIRF,PFQTPRPAFDIN,12,False,False,10,0.8333333333333334
65,0_neg_1148,4,TPPQPADNFIRF,RDPTFQPIPANF,12,False,False,10,0.8333333333333334
65,0_neg_1148,5,TPPQPADNFIRF,RTFDNPPIAQPF,12,False,False,11,0.9166666666666666
65,0_neg_1148,6,TPPQPADNFIRF,IPDATQNPFFPR,12,False,False,10,0.8333333333333334
65,0_neg_1148,7,TPPQPADNFIRF,RPIFPQPANTFD,12,False,False,10,0.8333333333333334
65,0_neg_1148,8,TPPQPADNFIRF,FNQTPADFPIRP,12,False,False,7,0.5833333333333334
65,0_neg_1148,9,TPPQPADNFIRF,AIQPDPTNPFRF,12,False,False,9,0.75
66,1_pos_462,0,HRH,HRH,3,True,False,0,0.0
66,1_pos_462,1,HRH,HHR,3,False,False,2,0.6666666666666666
66,1_pos_462,2,HRH,HRH,3,True,True,0,0.0
66,1_pos_462,3,HRH,HRH,3,True,True,0,0.0
66,1_pos_462,4,HRH,HRH,3,True,True,0,0.0
66,1_pos_462,5,HRH,RHH,3,False,False,2,0.6666666666666666
66,1_pos_462,6,HRH,HHR,3,False,True,2,0.6666666666666666
66,1_pos_462,7,HRH,HHR,3,False,True,2,0.6666666666666666
66,1_pos_462,8,HRH,HRH,3,True,True,0,0.0
66,1_pos_462,9,HRH,HHR,3,False,True,2,0.6666666666666666
67,1_pos_1442,0,VGPWQK,WQKGVP,6,False,False,6,1.0
67,1_pos_1442,1,VGPWQK,QKVPWG,6,False,False,6,1.0
67,1_pos_1442,2,VGPWQK,KGVWQP,6,False,False,3,0.5
67,1_pos_1442,3,VGPWQK,KGVWPQ,6,False,False,4,0.6666666666666666
67,1_pos_1442,4,VGPWQK,WPVGQK,6,False,False,4,0.6666666666666666
67,1_pos_1442,5,VGPWQK,QPKGVW,6,False,False,6,1.0
67,1_pos_1442,6,VGPWQK,GKVPWQ,6,False,False,6,1.0
67,1_pos_1442,7,VGPWQK,WGPQVK,6,False,False,3,0.5
67,1_pos_1442,8,VGPWQK,QPKVGW,6,False,False,6,1.0
67,1_pos_1442,9,VGPWQK,WPQKGV,6,False,False,6,1.0
68,0_neg_491,0,HDRPKFCYLPADPGECMA,EACDLFYAKRCMPPPGDH,18,False,False,16,0.8888888888888888
68,0_neg_491,1,HDRPKFCYLPADPGECMA,MCYRGPKCEDPDALAHPF,18,False,False,17,0.9444444444444444
68,0_neg_491,2,HDRPKFCYLPADPGECMA,FAPDHYMDRGLCKACPEP,18,False,False,18,1.0
68,0_neg_491,3,HDRPKFCYLPADPGECMA,PYECADDCMLPHGPRKAF,18,False,False,18,1.0
68,0_neg_491,4,HDRPKFCYLPADPGECMA,PGRDEYCKMPCHAADLFP,18,False,False,15,0.8333333333333334
68,0_neg_491,5,HDRPKFCYLPADPGECMA,CKPELFCAPGYPDDRAMH,18,False,False,15,0.8333333333333334
68,0_neg_491,6,HDRPKFCYLPADPGECMA,CPCAHMRGFYELPDDPKA,18,False,False,16,0.8888888888888888
68,0_neg_491,7,HDRPKFCYLPADPGECMA,EFRCLGPKHPDCPADYAM,18,False,False,15,0.8333333333333334
68,0_neg_491,8,HDRPKFCYLPADPGECMA,LPKMCACDRHDPEPFYAG,18,False,False,17,0.9444444444444444
68,0_neg_491,9,HDRPKFCYLPADPGECMA,YDRDEFAAPCLMPGHPCK,18,False,False,13,0.7222222222222222
69,1_pos_352,0,IPAGV,VAPGI,5,False,False,4,0.8
69,1_pos_352,1,IPAGV,IPGAV,5,False,False,2,0.4
69,1_pos_352,2,IPAGV,APIVG,5,False,False,4,0.8
69,1_pos_352,3,IPAGV,AIPGV,5,False,False,3,0.6
69,1_pos_352,4,IPAGV,GAVIP,5,False,False,5,1.0
69,1_pos_352,5,IPAGV,IPAVG,5,False,False,2,0.4
69,1_pos_352,6,IPAGV,VAIGP,5,False,False,4,0.8
69,1_pos_352,7,IPAGV,PIAGV,5,False,False,2,0.4
69,1_pos_352,8,IPAGV,AGIVP,5,False,False,5,1.0
69,1_pos_352,9,IPAGV,GAPVI,5,False,False,5,1.0
70,0_neg_1004,0,QHWSYGWLPG,HLWSQGPYGW,10,False,False,7,0.7
70,0_neg_1004,1,QHWSYGWLPG,GLHYQGSWWP,10,False,False,9,0.9
70,0_neg_1004,2,QHWSYGWLPG,YPGSGWQHLW,10,False,False,9,0.9
70,0_neg_1004,3,QHWSYGWLPG,PGGYWQLHWS,10,False,False,10,1.0
70,0_neg_1004,4,QHWSYGWLPG,WQHLSYGWGP,10,False,False,10,1.0
70,0_neg_1004,5,QHWSYGWLPG,GWWGSQLYHP,10,False,False,9,0.9
70,0_neg_1004,6,QHWSYGWLPG,SWHGQGLPWY,10,False,False,9,0.9
70,0_neg_1004,7,QHWSYGWLPG,WGPSHWYGQL,10,False,False,9,0.9
70,0_neg_1004,8,QHWSYGWLPG,SGWGYLPWHQ,10,False,False,8,0.8
70,0_neg_1004,9,QHWSYGWLPG,HQPLWYSWGG,10,False,False,9,0.9
71,1_pos_832,0,GKHQQEEENEGGSI,KEESGQQEIGEGHN,14,False,False,12,0.8571428571428571
71,1_pos_832,1,GKHQQEEENEGGSI,HSGGKGQENIEEEQ,14,False,False,12,0.8571428571428571
71,1_pos_832,2,GKHQQEEENEGGSI,ISEEQNQGGHEKGE,14,False,False,13,0.9285714285714286
71,1_pos_832,3,GKHQQEEENEGGSI,EIGHGNSEEGQKEQ,14,False,False,13,0.9285714285714286
71,1_pos_832,4,GKHQQEEENEGGSI,QEHKEGQGEESNGI,14,False,False,11,0.7857142857142857
71,1_pos_832,5,GKHQQEEENEGGSI,ESIEGGKQEEGNHQ,14,False,False,12,0.8571428571428571
71,1_pos_832,6,GKHQQEEENEGGSI,SENGGQEEQHIEKG,14,False,False,12,0.8571428571428571
71,1_pos_832,7,GKHQQEEENEGGSI,GKQEGEQHISENGE,14,False,False,11,0.7857142857142857
71,1_pos_832,8,GKHQQEEENEGGSI,SIEEQEHQNGGGEK,14,False,False,9,0.6428571428571429
71,1_pos_832,9,GKHQQEEENEGGSI,SGQEEQGHNEKGEI,14,False,False,10,0.7142857142857143
72,1_pos_775,0,LHY,YLH,3,False,False,3,1.0
72,1_pos_775,1,LHY,YHL,3,False,False,2,0.6666666666666666
72,1_pos_775,2,LHY,YLH,3,False,True,3,1.0
72,1_pos_775,3,LHY,YHL,3,False,True,2,0.6666666666666666
72,1_pos_775,4,LHY,HLY,3,False,False,2,0.6666666666666666
72,1_pos_775,5,LHY,LYH,3,False,False,2,0.6666666666666666
72,1_pos_775,6,LHY,HYL,3,False,False,3,1.0
72,1_pos_775,7,LHY,HYL,3,False,True,3,1.0
72,1_pos_775,8,LHY,YLH,3,False,True,3,1.0
72,1_pos_775,9,LHY,LYH,3,False,True,2,0.6666666666666666
73,1_pos_1215,0,HYH,HHY,3,False,False,2,0.6666666666666666
73,1_pos_1215,1,HYH,YHH,3,False,False,2,0.6666666666666666
73,1_pos_1215,2,HYH,YHH,3,False,True,2,0.6666666666666666
73,1_pos_1215,3,HYH,YHH,3,False,True,2,0.6666666666666666
73,1_pos_1215,4,HYH,YHH,3,False,True,2,0.6666666666666666
73,1_pos_1215,5,HYH,HHY,3,False,True,2,0.6666666666666666
73,1_pos_1215,6,HYH,HYH,3,True,False,0,0.0
73,1_pos_1215,7,HYH,YHH,3,False,True,2,0.6666666666666666
73,1_pos_1215,8,HYH,YHH,3,False,True,2,0.6666666666666666
73,1_pos_1215,9,HYH,HHY,3,False,True,2,0.6666666666666666
74,1_pos_217,0,GGE,EGG,3,False,False,2,0.6666666666666666
74,1_pos_217,1,GGE,GEG,3,False,False,2,0.6666666666666666
74,1_pos_217,2,GGE,EGG,3,False,True,2,0.6666666666666666
74,1_pos_217,3,GGE,EGG,3,False,True,2,0.6666666666666666
74,1_pos_217,4,GGE,GEG,3,False,True,2,0.6666666666666666
74,1_pos_217,5,GGE,EGG,3,False,True,2,0.6666666666666666
74,1_pos_217,6,GGE,GGE,3,True,False,0,0.0
74,1_pos_217,7,GGE,GGE,3,True,True,0,0.0
74,1_pos_217,8,GGE,GGE,3,True,True,0,0.0
74,1_pos_217,9,GGE,GEG,3,False,True,2,0.6666666666666666
75,1_pos_505,0,TVM,VMT,3,False,False,3,1.0
75,1_pos_505,1,TVM,VTM,3,False,False,2,0.6666666666666666
75,1_pos_505,2,TVM,MTV,3,False,False,3,1.0
75,1_pos_505,3,TVM,TVM,3,True,False,0,0.0
75,1_pos_505,4,TVM,MTV,3,False,True,3,1.0
75,1_pos_505,5,TVM,TVM,3,True,True,0,0.0
75,1_pos_505,6,TVM,VMT,3,False,True,3,1.0
75,1_pos_505,7,TVM,VTM,3,False,True,2,0.6666666666666666
75,1_pos_505,8,TVM,TVM,3,True,True,0,0.0
75,1_pos_505,9,TVM,MTV,3,False,True,3,1.0
76,0_neg_1518,0,LNLKGLIKKVASLLN,KLGNLVNLAKLSKLI,15,False,False,13,0.8666666666666667
76,0_neg_1518,1,LNLKGLIKKVASLLN,LKGNLINLKKALLVS,15,False,False,11,0.7333333333333333
76,0_neg_1518,2,LNLKGLIKKVASLLN,LKNLANKLVGKLILS,15,False,False,13,0.8666666666666667
76,0_neg_1518,3,LNLKGLIKKVASLLN,ILLLSLNLNGKKKAV,15,False,False,13,0.8666666666666667
76,0_neg_1518,4,LNLKGLIKKVASLLN,KILVGNLLSLAKNKL,15,False,False,12,0.8
76,0_neg_1518,5,LNLKGLIKKVASLLN,KSNLKGNLKVALILL,15,False,False,11,0.7333333333333333
76,0_neg_1518,6,LNLKGLIKKVASLLN,LALKLGKNLVKLSNI,15,False,False,11,0.7333333333333333
76,0_neg_1518,7,LNLKGLIKKVASLLN,IANVLKNLSLKKLLG,15,False,False,13,0.8666666666666667
76,0_neg_1518,8,LNLKGLIKKVASLLN,NLILKSVLNKALKLG,15,False,False,13,0.8666666666666667
76,0_neg_1518,9,LNLKGLIKKVASLLN,VLIKLLKLKSGNALN,15,False,False,10,0.6666666666666666
77,1_pos_343,0,FGHPY,PFHGY,5,False,False,3,0.6
77,1_pos_343,1,FGHPY,GYPFH,5,False,False,5,1.0
77,1_pos_343,2,FGHPY,PYHFG,5,False,False,4,0.8
77,1_pos_343,3,FGHPY,YPHGF,5,False,False,4,0.8
77,1_pos_343,4,FGHPY,PYHFG,5,False,True,4,0.8
77,1_pos_343,5,FGHPY,FYHPG,5,False,False,2,0.4
77,1_pos_343,6,FGHPY,PHYFG,5,False,False,5,1.0
77,1_pos_343,7,FGHPY,PHGYF,5,False,False,5,1.0
77,1_pos_343,8,FGHPY,YGHFP,5,False,False,3,0.6
77,1_pos_343,9,FGHPY,GPFYH,5,False,False,5,1.0
78,1_pos_1380,0,GALAAH,AAALGH,6,False,False,4,0.6666666666666666
78,1_pos_1380,1,GALAAH,GAALAH,6,False,False,2,0.3333333333333333
78,1_pos_1380,2,GALAAH,GLAHAA,6,False,False,4,0.6666666666666666
78,1_pos_1380,3,GALAAH,AHLGAA,6,False,False,4,0.6666666666666666
78,1_pos_1380,4,GALAAH,AHAGAL,6,False,False,5,0.8333333333333334
78,1_pos_1380,5,GALAAH,GALAHA,6,False,False,2,0.3333333333333333
78,1_pos_1380,6,GALAAH,LGHAAA,6,False,False,4,0.6666666666666666
78,1_pos_1380,7,GALAAH,GAHLAA,6,False,False,3,0.5
78,1_pos_1380,8,GALAAH,AALAHG,6,False,False,3,0.5
78,1_pos_1380,9,GALAAH,GAAHAL,6,False,False,3,0.5
79,1_pos_329,0,LLPF,LFPL,4,False,False,2,0.5
79,1_pos_329,1,LLPF,LPFL,4,False,False,3,0.75
79,1_pos_329,2,LLPF,PLLF,4,False,False,2,0.5
79,1_pos_329,3,LLPF,LLPF,4,True,False,0,0.0
79,1_pos_329,4,LLPF,PLFL,4,False,False,3,0.75
79,1_pos_329,5,LLPF,FLPL,4,False,False,2,0.5
79,1_pos_329,6,LLPF,FLPL,4,False,True,2,0.5
79,1_pos_329,7,LLPF,PFLL,4,False,False,4,1.0
79,1_pos_329,8,LLPF,LPFL,4,False,True,3,0.75
79,1_pos_329,9,LLPF,PFLL,4,False,True,4,1.0
80,1_pos_1425,0,WYSL,WYLS,4,False,False,2,0.5
80,1_pos_1425,1,WYSL,YWSL,4,False,False,2,0.5
80,1_pos_1425,2,WYSL,SLYW,4,False,False,4,1.0
80,1_pos_1425,3,WYSL,WLSY,4,False,False,2,0.5
80,1_pos_1425,4,WYSL,SLWY,4,False,False,4,1.0
80,1_pos_1425,5,WYSL,LSYW,4,False,False,4,1.0
80,1_pos_1425,6,WYSL,YLSW,4,False,False,3,0.75
80,1_pos_1425,7,WYSL,YWLS,4,False,False,4,1.0
80,1_pos_1425,8,WYSL,SLWY,4,False,True,4,1.0
80,1_pos_1425,9,WYSL,WLSY,4,False,True,2,0.5
81,1_pos_1449,0,YPVEPF,PEVYPF,6,False,False,3,0.5
81,1_pos_1449,1,YPVEPF,FEPVPY,6,False,False,5,0.8333333333333334
81,1_pos_1449,2,YPVEPF,PYFVEP,6,False,False,6,1.0
81,1_pos_1449,3,YPVEPF,EPPFVY,6,False,False,5,0.8333333333333334
81,1_pos_1449,4,YPVEPF,PEYFPV,6,False,False,5,0.8333333333333334
81,1_pos_1449,5,YPVEPF,EVYFPP,6,False,False,5,0.8333333333333334
81,1_pos_1449,6,YPVEPF,VFYEPP,6,False,False,4,0.6666666666666666
81,1_pos_1449,7,YPVEPF,EYFPPV,6,False,False,5,0.8333333333333334
81,1_pos_1449,8,YPVEPF,EVPFYP,6,False,False,6,1.0
81,1_pos_1449,9,YPVEPF,EFYPVP,6,False,False,6,1.0
82,1_pos_713,0,LHE,LEH,3,False,False,2,0.6666666666666666
82,1_pos_713,1,LHE,LEH,3,False,True,2,0.6666666666666666
82,1_pos_713,2,LHE,HEL,3,False,False,3,1.0
82,1_pos_713,3,LHE,HLE,3,False,False,2,0.6666666666666666
82,1_pos_713,4,LHE,LEH,3,False,True,2,0.6666666666666666
82,1_pos_713,5,LHE,HLE,3,False,True,2,0.6666666666666666
82,1_pos_713,6,LHE,HLE,3,False,True,2,0.6666666666666666
82,1_pos_713,7,LHE,LHE,3,True,False,0,0.0
82,1_pos_713,8,LHE,LEH,3,False,True,2,0.6666666666666666
82,1_pos_713,9,LHE,LEH,3,False,True,2,0.6666666666666666
83,0_neg_523,0,KPEEDWGHR,EWEPGHKRD,9,False,False,8,0.8888888888888888
83,0_neg_523,1,KPEEDWGHR,GWEREPHDK,9,False,False,8,0.8888888888888888
83,0_neg_523,2,KPEEDWGHR,PRDHGEKWE,9,False,False,9,1.0
83,0_neg_523,3,KPEEDWGHR,KEPEDHGWR,9,False,False,4,0.4444444444444444
83,0_neg_523,4,KPEEDWGHR,REDEKHGWP,9,False,False,7,0.7777777777777778
83,0_neg_523,5,KPEEDWGHR,KDWEHRGPE,9,False,False,6,0.6666666666666666
83,0_neg_523,6,KPEEDWGHR,WGDHKERPE,9,False,False,9,1.0
83,0_neg_523,7,KPEEDWGHR,EPGHKDERW,9,False,False,8,0.8888888888888888
83,0_neg_523,8,KPEEDWGHR,GREEHWDPK,9,False,False,6,0.6666666666666666
83,0_neg_523,9,KPEEDWGHR,WDHGPEKER,9,False,False,8,0.8888888888888888
84,1_pos_706,0,PHV,PVH,3,False,False,2,0.6666666666666666
84,1_pos_706,1,PHV,PHV,3,True,False,0,0.0
84,1_pos_706,2,PHV,HVP,3,False,False,3,1.0
84,1_pos_706,3,PHV,HPV,3,False,False,2,0.6666666666666666
84,1_pos_706,4,PHV,PHV,3,True,True,0,0.0
84,1_pos_706,5,PHV,PHV,3,True,True,0,0.0
84,1_pos_706,6,PHV,HVP,3,False,True,3,1.0
84,1_pos_706,7,PHV,PHV,3,True,True,0,0.0
84,1_pos_706,8,PHV,PVH,3,False,True,2,0.6666666666666666
84,1_pos_706,9,PHV,HPV,3,False,True,2,0.6666666666666666
85,0_neg_888,0,KVLAPAEEAPAEAPAAAE,AAVLPAAAPAAAEEEPEK,18,False,False,15,0.8333333333333334
85,0_neg_888,1,KVLAPAEEAPAEAPAAAE,AAAEEVPEPALAAAAKEP,18,False,False,15,0.8333333333333334
85,0_neg_888,2,KVLAPAEEAPAEAPAAAE,AEAAPEPEAALKPAEAAV,18,False,False,12,0.6666666666666666
85,0_neg_888,3,KVLAPAEEAPAEAPAAAE,EVAPEAEAALKAPPAEAA,18,False,False,11,0.6111111111111112
85,0_neg_888,4,KVLAPAEEAPAEAPAAAE,EPLAVAAAAKEPEAPAAE,18,False,False,11,0.6111111111111112
85,0_neg_888,5,KVLAPAEEAPAEAPAAAE,EVAPEEPKLPAAAAAAEA,18,False,False,12,0.6666666666666666
85,0_neg_888,6,KVLAPAEEAPAEAPAAAE,EPAAAAAAVPEEEAPLKA,18,False,False,14,0.7777777777777778
85,0_neg_888,7,KVLAPAEEAPAEAPAAAE,EVEPAAAPAELEAAAKAP,18,False,False,11,0.6111111111111112
85,0_neg_888,8,KVLAPAEEAPAEAPAAAE,LAAAVAAEPEKEEPAPAA,18,False,False,11,0.6111111111111112
85,0_neg_888,9,KVLAPAEEAPAEAPAAAE,AAEPAVELAPKEAAEAPA,18,False,False,12,0.6666666666666666
86,0_neg_719,0,EAAGLLAFPRV,AVLARGALFEP,11,False,False,10,0.9090909090909091
86,0_neg_719,1,EAAGLLAFPRV,FRGELLVPAAA,11,False,False,9,0.8181818181818182
86,0_neg_719,2,EAAGLLAFPRV,GELFAALRPAV,11,False,False,9,0.8181818181818182
86,0_neg_719,3,EAAGLLAFPRV,GAAPEAVRFLL,11,False,False,9,0.8181818181818182
86,0_neg_719,4,EAAGLLAFPRV,LERVAGLFAAP,11,False,False,10,0.9090909090909091
86,0_neg_719,5,EAAGLLAFPRV,EAARFLAVPGL,11,False,False,5,0.45454545454545453
86,0_neg_719,6,EAAGLLAFPRV,FAPERALLAGV,11,False,False,9,0.8181818181818182
86,0_neg_719,7,EAAGLLAFPRV,VAGLLAEPARF,11,False,False,8,0.7272727272727273
86,0_neg_719,8,EAAGLLAFPRV,FLLAPEGVAAR,11,False,False,11,1.0
86,0_neg_719,9,EAAGLLAFPRV,ELRAAPGLVFA,11,False,False,10,0.9090909090909091
87,1_pos_1057,0,APGAGVY,GYPAAVG,7,False,False,5,0.7142857142857143
87,1_pos_1057,1,APGAGVY,AGPGAVY,7,False,False,4,0.5714285714285714
87,1_pos_1057,2,APGAGVY,AAYGPGV,7,False,False,6,0.8571428571428571
87,1_pos_1057,3,APGAGVY,GAVYAGP,7,False,False,7,1.0
87,1_pos_1057,4,APGAGVY,PGYAAVG,7,False,False,5,0.7142857142857143
87,1_pos_1057,5,APGAGVY,AGAGVYP,7,False,False,6,0.8571428571428571
87,1_pos_1057,6,APGAGVY,YVPGAGA,7,False,False,7,1.0
87,1_pos_1057,7,APGAGVY,AGGYAPV,7,False,False,5,0.7142857142857143
87,1_pos_1057,8,APGAGVY,VYAAGGP,7,False,False,5,0.7142857142857143
87,1_pos_1057,9,APGAGVY,AGAYVGP,7,False,False,6,0.8571428571428571
88,0_neg_1455,0,ITKDFDALMKYIKRI,KDAITIKMRLDIKFY,15,False,False,13,0.8666666666666667
88,0_neg_1455,1,ITKDFDALMKYIKRI,TMDIDLIAFKRKIYK,15,False,False,14,0.9333333333333333
88,0_neg_1455,2,ITKDFDALMKYIKRI,TDILAIIFKYMKKRD,15,False,False,13,0.8666666666666667
88,0_neg_1455,3,ITKDFDALMKYIKRI,IDKRFIILMKADKYT,15,False,False,8,0.5333333333333333
88,0_neg_1455,4,ITKDFDALMKYIKRI,LKMIIKTADKYDRFI,15,False,False,12,0.8
88,0_neg_1455,5,ITKDFDALMKYIKRI,RKKMDLITFIIYKDA,15,False,False,13,0.8666666666666667
88,0_neg_1455,6,ITKDFDALMKYIKRI,MDDRLYKAIIITFKK,15,False,False,15,1.0
88,0_neg_1455,7,ITKDFDALMKYIKRI,KLKIIITYMKFRDAD,15,False,False,12,0.8
88,0_neg_1455,8,ITKDFDALMKYIKRI,FMYKLDTKDIRIIAK,15,False,False,13,0.8666666666666667
88,0_neg_1455,9,ITKDFDALMKYIKRI,RDIAIMTKYKLDFIK,15,False,False,14,0.9333333333333333
89,0_neg_1253,0,GPDSTFLRL,PDSLFTRGL,9,False,False,8,0.8888888888888888
89,0_neg_1253,1,GPDSTFLRL,PLGTSFLRD,9,False,False,6,0.6666666666666666
89,0_neg_1253,2,GPDSTFLRL,RFPSGLTDL,9,False,False,7,0.7777777777777778
89,0_neg_1253,3,GPDSTFLRL,DPRSLTLFG,9,False,False,6,0.6666666666666666
89,0_neg_1253,4,GPDSTFLRL,DLTSGFRPL,9,False,False,6,0.6666666666666666
89,0_neg_1253,5,GPDSTFLRL,DFSLPGRLT,9,False,False,9,1.0
89,0_neg_1253,6,GPDSTFLRL,LGPFDTRSL,9,False,False,8,0.8888888888888888
89,0_neg_1253,7,GPDSTFLRL,TGLLRPSDF,9,False,False,9,1.0
89,0_neg_1253,8,GPDSTFLRL,LPFSRTLDG,9,False,False,6,0.6666666666666666
89,0_neg_1253,9,GPDSTFLRL,FRTLSLPDG,9,False,False,9,1.0
90,0_neg_139,0,AQSFLRL,RLQLSAF,7,False,False,7,1.0
90,0_neg_139,1,AQSFLRL,ASLLFQR,7,False,False,6,0.8571428571428571
90,0_neg_139,2,AQSFLRL,QARSLLF,7,False,False,6,0.8571428571428571
90,0_neg_139,3,AQSFLRL,ALRLQSF,7,False,False,6,0.8571428571428571
90,0_neg_139,4,AQSFLRL,AQLSFLR,7,False,False,5,0.7142857142857143
90,0_neg_139,5,AQSFLRL,LLFASQR,7,False,False,7,1.0
90,0_neg_139,6,AQSFLRL,LFRAQLS,7,False,False,7,1.0
90,0_neg_139,7,AQSFLRL,ARLFLQS,7,False,False,4,0.5714285714285714
90,0_neg_139,8,AQSFLRL,LASRLFQ,7,False,False,5,0.7142857142857143
90,0_neg_139,9,AQSFLRL,SLRQFAL,7,False,False,6,0.8571428571428571
91,1_pos_472,0,QWDRQ,DWQRQ,5,False,False,2,0.4
91,1_pos_472,1,QWDRQ,QWDRQ,5,True,False,0,0.0
91,1_pos_472,2,QWDRQ,DWQRQ,5,False,True,2,0.4
91,1_pos_472,3,QWDRQ,QQWDR,5,False,False,4,0.8
91,1_pos_472,4,QWDRQ,QRWQD,5,False,False,4,0.8
91,1_pos_472,5,QWDRQ,QWQDR,5,False,False,3,0.6
91,1_pos_472,6,QWDRQ,RWDQQ,5,False,False,2,0.4
91,1_pos_472,7,QWDRQ,QWRQD,5,False,False,3,0.6
91,1_pos_472,8,QWDRQ,WQRDQ,5,False,False,4,0.8
91,1_pos_472,9,QWDRQ,RWDQQ,5,False,True,2,0.4
92,1_pos_603,0,FPQY,QFPY,4,False,False,3,0.75
92,1_pos_603,1,FPQY,FQPY,4,False,False,2,0.5
92,1_pos_603,2,FPQY,FPYQ,4,False,False,2,0.5
92,1_pos_603,3,FPQY,QFYP,4,False,False,4,1.0
92,1_pos_603,4,FPQY,QPYF,4,False,False,3,0.75
92,1_pos_603,5,FPQY,PQYF,4,False,False,4,1.0
92,1_pos_603,6,FPQY,YFPQ,4,False,False,4,1.0
92,1_pos_603,7,FPQY,PQFY,4,False,False,3,0.75
92,1_pos_603,8,FPQY,FPYQ,4,False,True,2,0.5
92,1_pos_603,9,FPQY,QPYF,4,False,True,3,0.75
93,1_pos_1201,0,WYSLAMA,LAASMYW,7,False,False,7,1.0
93,1_pos_1201,1,WYSLAMA,LAWYASM,7,False,False,6,0.8571428571428571
93,1_pos_1201,2,WYSLAMA,SWYAALM,7,False,False,6,0.8571428571428571
93,1_pos_1201,3,WYSLAMA,WAALYMS,7,False,False,4,0.5714285714285714
93,1_pos_1201,4,WYSLAMA,LAYWMAS,7,False,False,7,1.0
93,1_pos_1201,5,WYSLAMA,AAMSLYW,7,False,False,7,1.0
93,1_pos_1201,6,WYSLAMA,ASWAMLY,7,False,False,7,1.0
93,1_pos_1201,7,WYSLAMA,ALMWSYA,7,False,False,6,0.8571428571428571
93,1_pos_1201,8,WYSLAMA,SWAALYM,7,False,False,7,1.0
93,1_pos_1201,9,WYSLAMA,LMWASAY,7,False,False,7,1.0
94,1_pos_1077,0,DHHK,KHHD,4,False,False,2,0.5
94,1_pos_1077,1,DHHK,KHHD,4,False,True,2,0.5
94,1_pos_1077,2,DHHK,HKHD,4,False,False,3,0.75
94,1_pos_1077,3,DHHK,HHDK,4,False,False,2,0.5
94,1_pos_1077,4,DHHK,HHDK,4,False,True,2,0.5
94,1_pos_1077,5,DHHK,DHKH,4,False,False,2,0.5
94,1_pos_1077,6,DHHK,HDKH,4,False,False,4,1.0
94,1_pos_1077,7,DHHK,DHKH,4,False,True,2,0.5
94,1_pos_1077,8,DHHK,HHDK,4,False,True,2,0.5
94,1_pos_1077,9,DHHK,HHKD,4,False,False,3,0.75
95,0_neg_187,0,KWCFRVCYRGICYRKCR,GVRYRKCKRRWYCCIFC,17,False,False,14,0.8235294117647058
95,0_neg_187,1,KWCFRVCYRGICYRKCR,VRRCYCCCYIRKRKGFW,17,False,False,16,0.9411764705882353
95,0_neg_187,2,KWCFRVCYRGICYRKCR,FKYRKRRRCCWCYVGCI,17,False,False,14,0.8235294117647058
95,0_neg_187,3,KWCFRVCYRGICYRKCR,GRICCFYRVRKRCWYKC,17,False,False,17,1.0
95,0_neg_187,4,KWCFRVCYRGICYRKCR,IYGCKRRKVCFCWRYRC,17,False,False,15,0.8823529411764706
95,0_neg_187,5,KWCFRVCYRGICYRKCR,RYICCVCRYRRFGKWCK,17,False,False,14,0.8235294117647058
95,0_neg_187,6,KWCFRVCYRGICYRKCR,YKRGWRICRRCKCYCVF,17,False,False,16,0.9411764705882353
95,0_neg_187,7,KWCFRVCYRGICYRKCR,WRYIRVCCFRCRKGCYK,17,False,False,14,0.8235294117647058
95,0_neg_187,8,KWCFRVCYRGICYRKCR,RCYRGCVRWKCICFRKY,17,False,False,17,1.0
95,0_neg_187,9,KWCFRVCYRGICYRKCR,KVRYCRCKRCRGIFWCY,17,False,False,13,0.7647058823529411
96,1_pos_119,0,REGGGGGYGGGGGGYGGR,GYGGGGGGRGGYRGEGGG,18,False,False,8,0.4444444444444444
96,1_pos_119,1,REGGGGGYGGGGGGYGGR,GGGYGGGRGGGEGGGGYR,18,False,False,7,0.3888888888888889
96,1_pos_119,2,REGGGGGYGGGGGGYGGR,RGGEGGGRGGYGGGYGGG,18,False,False,5,0.2777777777777778
96,1_pos_119,3,REGGGGGYGGGGGGYGGR,YGGYGGGGGEGGGRGGRG,18,False,False,9,0.5
96,1_pos_119,4,REGGGGGYGGGGGGYGGR,GYGGGGEGGGGRGRYGGG,18,False,False,7,0.3888888888888889
96,1_pos_119,5,REGGGGGYGGGGGGYGGR,GGGGEYGGYGGGGRRGGG,18,False,False,9,0.5
96,1_pos_119,6,REGGGGGYGGGGGGYGGR,GGGGYGGGRGGGGYEGGR,18,False,False,7,0.3888888888888889
96,1_pos_119,7,REGGGGGYGGGGGGYGGR,GGGGRGGEYGGGGGYRGG,18,False,False,7,0.3888888888888889
96,1_pos_119,8,REGGGGGYGGGGGGYGGR,GGYGEGGGGGGRGYRGGG,18,False,False,9,0.5
96,1_pos_119,9,REGGGGGYGGGGGGYGGR,RRGGYGGYGGGGGGGEGG,18,False,False,5,0.2777777777777778
97,0_neg_1147,0,GSLGEKYAQKAAEVLTSIIP,GSGQEAPAAIKEITLLKSYV,20,False,False,15,0.75
97,0_neg_1147,1,GSLGEKYAQKAAEVLTSIIP,KLEKIPYSGTQALEAIASGV,20,False,False,18,0.9
97,0_neg_1147,2,GSLGEKYAQKAAEVLTSIIP,ASKGLGLAAETISKIYPQEV,20,False,False,17,0.85
97,0_neg_1147,3,GSLGEKYAQKAAEVLTSIIP,YIAKVEAGKAELLQISGSPT,20,False,False,20,1.0
97,0_neg_1147,4,GSLGEKYAQKAAEVLTSIIP,LGEKPESAYQALKASTIVGI,20,False,False,17,0.85
97,0_neg_1147,5,GSLGEKYAQKAAEVLTSIIP,ELASITALKPQYVIKGSGAE,20,False,False,19,0.95
97,0_neg_1147,6,GSLGEKYAQKAAEVLTSIIP,SAIPELQLGIKKEATASYVG,20,False,False,17,0.85
97,0_neg_1147,7,GSLGEKYAQKAAEVLTSIIP,SQVYGLGEESPAIAKILTKA,20,False,False,19,0.95
97,0_neg_1147,8,GSLGEKYAQKAAEVLTSIIP,GLPAKLKAISQYEEIVSGAT,20,False,False,16,0.8
97,0_neg_1147,9,GSLGEKYAQKAAEVLTSIIP,ATVAIESAISPEKQGYGKLL,20,False,False,19,0.95
98,1_pos_509,0,LLPHH,PLHHL,5,False,False,3,0.6
98,1_pos_509,1,LLPHH,HLLPH,5,False,False,3,0.6
98,1_pos_509,2,LLPHH,HLLHP,5,False,False,3,0.6
98,1_pos_509,3,LLPHH,LHLPH,5,False,False,3,0.6
98,1_pos_509,4,LLPHH,LHPHL,5,False,False,2,0.4
98,1_pos_509,5,LLPHH,HPLLH,5,False,False,4,0.8
98,1_pos_509,6,LLPHH,LPLHH,5,False,False,2,0.4
98,1_pos_509,7,LLPHH,PLLHH,5,False,False,2,0.4
98,1_pos_509,8,LLPHH,HHPLL,5,False,False,4,0.8
98,1_pos_509,9,LLPHH,HPHLL,5,False,False,5,1.0
99,1_pos_1194,0,RWG,GWR,3,False,False,2,0.6666666666666666
99,1_pos_1194,1,RWG,WGR,3,False,False,3,1.0
99,1_pos_1194,2,RWG,GWR,3,False,True,2,0.6666666666666666
99,1_pos_1194,3,RWG,WGR,3,False,True,3,1.0
99,1_pos_1194,4,RWG,GWR,3,False,True,2,0.6666666666666666
99,1_pos_1194,5,RWG,GWR,3,False,True,2,0.6666666666666666
99,1_pos_1194,6,RWG,RGW,3,False,False,2,0.6666666666666666
99,1_pos_1194,7,RWG,RGW,3,False,True,2,0.6666666666666666
99,1_pos_1194,8,RWG,WGR,3,False,True,3,1.0
99,1_pos_1194,9,RWG,WGR,3,False,True,3,1.0
100,1_pos_482,0,IVQNNDSTEYG,YNIEGVDNQTS,11,False,False,11,1.0
100,1_pos_482,1,IVQNNDSTEYG,TQGVDYEINNS,11,False,False,11,1.0
100,1_pos_482,2,IVQNNDSTEYG,NGIQTSNDYEV,11,False,False,11,1.0
100,1_pos_482,3,IVQNNDSTEYG,IDTNVSENGYQ,11,False,False,8,0.7272727272727273
100,1_pos_482,4,IVQNNDSTEYG,GVSNTIYNEQD,11,False,False,8,0.7272727272727273
100,1_pos_482,5,IVQNNDSTEYG,NGQEIDTSVYN,11,False,False,8,0.7272727272727273
100,1_pos_482,6,IVQNNDSTEYG,SYGDNQIVTNE,11,False,False,10,0.9090909090909091
100,1_pos_482,7,IVQNNDSTEYG,VDQTESNGINY,11,False,False,10,0.9090909090909091
100,1_pos_482,8,IVQNNDSTEYG,EDYSVNGTNQI,11,False,False,10,0.9090909090909091
100,1_pos_482,9,IVQNNDSTEYG,SDTYVQENIGN,11,False,False,11,1.0
101,1_pos_1138,0,YYY,YYY,3,True,False,0,0.0
101,1_pos_1138,1,YYY,YYY,3,True,True,0,0.0
101,1_pos_1138,2,YYY,YYY,3,True,True,0,0.0
101,1_pos_1138,3,YYY,YYY,3,True,True,0,0.0
101,1_pos_1138,4,YYY,YYY,3,True,True,0,0.0
101,1_pos_1138,5,YYY,YYY,3,True,True,0,0.0
101,1_pos_1138,6,YYY,YYY,3,True,True,0,0.0
101,1_pos_1138,7,YYY,YYY,3,True,True,0,0.0
101,1_pos_1138,8,YYY,YYY,3,True,True,0,0.0
101,1_pos_1138,9,YYY,YYY,3,True,True,0,0.0
102,0_neg_76,0,INKYREWKNKKN,WNKKNKRNYIEK,12,False,False,10,0.8333333333333334
102,0_neg_76,1,INKYREWKNKKN,NNKWEKKKYNRI,12,False,False,9,0.75
102,0_neg_76,2,INKYREWKNKKN,WKNRNYKENKIK,12,False,False,10,0.8333333333333334
102,0_neg_76,3,INKYREWKNKKN,NNRNEKKKYWIK,12,False,False,10,0.8333333333333334
102,0_neg_76,4,INKYREWKNKKN,KYKNIKEWNRKN,12,False,False,8,0.6666666666666666
102,0_neg_76,5,INKYREWKNKKN,KYKINWNRKEKN,12,False,False,9,0.75
102,0_neg_76,6,INKYREWKNKKN,EYRKNIWNNKKK,12,False,False,8,0.6666666666666666
102,0_neg_76,7,INKYREWKNKKN,KKRINKWENYKN,12,False,False,8,0.6666666666666666
102,0_neg_76,8,INKYREWKNKKN,RNNWKKKKENYI,12,False,False,10,0.8333333333333334
102,0_neg_76,9,INKYREWKNKKN,NKNNERIKYKWK,12,False,False,10,0.8333333333333334
103,1_pos_1101,0,RENIDKPSRA,RDRPAKNSEI,10,False,False,7,0.7
103,1_pos_1101,1,RENIDKPSRA,DIPKRENRSA,10,False,False,9,0.9
103,1_pos_1101,2,RENIDKPSRA,NDRSARIEPK,10,False,False,10,1.0
103,1_pos_1101,3,RENIDKPSRA,KRAPRNESDI,10,False,False,9,0.9
103,1_pos_1101,4,RENIDKPSRA,RNREDKASIP,10,False,False,6,0.6
103,1_pos_1101,5,RENIDKPSRA,NASKIRDERP,10,False,False,9,0.9
103,1_pos_1101,6,RENIDKPSRA,NRKRAPEDIS,10,False,False,10,1.0
103,1_pos_1101,7,RENIDKPSRA,EADIRRKPSN,10,False,False,9,0.9
103,1_pos_1101,8,RENIDKPSRA,RDISNAKPRE,10,False,False,8,0.8
103,1_pos_1101,9,RENIDKPSRA,IDARNSRKPE,10,False,False,10,1.0
104,1_pos_200,0,QWPAQ,AWQQP,5,False,False,4,0.8
104,1_pos_200,1,QWPAQ,QPAWQ,5,False,False,3,0.6
104,1_pos_200,2,QWPAQ,QWQAP,5,False,False,2,0.4
104,1_pos_200,3,QWPAQ,PQWQA,5,False,False,5,1.0
104,1_pos_200,4,QWPAQ,QPAQW,5,False,False,4,0.8
104,1_pos_200,5,QWPAQ,PAWQQ,5,False,False,4,0.8
104,1_pos_200,6,QWPAQ,AQWPQ,5,False,False,4,0.8
104,1_pos_200,7,QWPAQ,WPQQA,5,False,False,5,1.0
104,1_pos_200,8,QWPAQ,WAPQQ,5,False,False,3,0.6
104,1_pos_200,9,QWPAQ,WQAPQ,5,False,False,4,0.8
105,1_pos_1363,0,YYL,YYL,3,True,False,0,0.0
105,1_pos_1363,1,YYL,YYL,3,True,True,0,0.0
105,1_pos_1363,2,YYL,LYY,3,False,False,2,0.6666666666666666
105,1_pos_1363,3,YYL,LYY,3,False,True,2,0.6666666666666666
105,1_pos_1363,4,YYL,LYY,3,False,True,2,0.6666666666666666
105,1_pos_1363,5,YYL,YLY,3,False,False,2,0.6666666666666666
105,1_pos_1363,6,YYL,YLY,3,False,True,2,0.6666666666666666
105,1_pos_1363,7,YYL,YYL,3,True,True,0,0.0
105,1_pos_1363,8,YYL,LYY,3,False,True,2,0.6666666666666666
105,1_pos_1363,9,YYL,YYL,3,True,True,0,0.0
106,0_neg_306,0,AVNVNTNVSAMTAQRYLNQA,QRSMTANLQTVNAVNAANYV,20,False,False,17,0.85
106,0_neg_306,1,AVNVNTNVSAMTAQRYLNQA,RYAAQNTNVQLTVVSMANNA,20,False,False,17,0.85
106,0_neg_306,2,AVNVNTNVSAMTAQRYLNQA,NVRYAVTSANQTQVNANMLA,20,False,False,17,0.85
106,0_neg_306,3,AVNVNTNVSAMTAQRYLNQA,AVAVMRQTSNLATNVQNAYN,20,False,False,16,0.8
106,0_neg_306,4,AVNVNTNVSAMTAQRYLNQA,SVNAVNTLRANQQYMATAVN,20,False,False,17,0.85
106,0_neg_306,5,AVNVNTNVSAMTAQRYLNQA,QTANSAYTVRNNNVQLMAVA,20,False,False,19,0.95
106,0_neg_306,6,AVNVNTNVSAMTAQRYLNQA,TVTVNQNLVNAARAQASYMN,20,False,False,16,0.8
106,0_neg_306,7,AVNVNTNVSAMTAQRYLNQA,SQNATRNNAMNVYQVLATAV,20,False,False,17,0.85
106,0_neg_306,8,AVNVNTNVSAMTAQRYLNQA,ATYNMASNNVATRVQNLVAQ,20,False,False,17,0.85
106,0_neg_306,9,AVNVNTNVSAMTAQRYLNQA,AQAQLVANVTNNATNYRSMV,20,False,False,17,0.85
107,1_pos_386,0,QQPVLGPVRGPFP,VQRQPPVFGPGLP,13,False,False,11,0.8461538461538461
107,1_pos_386,1,QQPVLGPVRGPFP,GPVPPQLGPQRFV,13,False,False,12,0.9230769230769231
107,1_pos_386,2,QQPVLGPVRGPFP,GGLPPQQPRVVPF,13,False,False,12,0.9230769230769231
107,1_pos_386,3,QQPVLGPVRGPFP,QGPRLGVPQPFPV,13,False,False,9,0.6923076923076923
107,1_pos_386,4,QQPVLGPVRGPFP,FRGPPPQVPGQLV,13,False,False,11,0.8461538461538461
107,1_pos_386,5,QQPVLGPVRGPFP,QPRPPLVGQVGPF,13,False,False,12,0.9230769230769231
107,1_pos_386,6,QQPVLGPVRGPFP,RGPQPVPVPFGLQ,13,False,False,10,0.7692307692307693
107,1_pos_386,7,QQPVLGPVRGPFP,PVPQVLGFPPRQG,13,False,False,12,0.9230769230769231
107,1_pos_386,8,QQPVLGPVRGPFP,QGQRFPPLPPGVV,13,False,False,11,0.8461538461538461
107,1_pos_386,9,QQPVLGPVRGPFP,QRPFQPLPGVVPG,13,False,False,11,0.8461538461538461
108,0_neg_1005,0,RPPGFDPFR,RDPPFFRGP,9,False,False,6,0.6666666666666666
108,0_neg_1005,1,RPPGFDPFR,FGFPPPRDR,9,False,False,8,0.8888888888888888
108,0_neg_1005,2,RPPGFDPFR,FPGFRRPDP,9,False,False,7,0.7777777777777778
108,0_neg_1005,3,RPPGFDPFR,GPPDPRRFF,9,False,False,6,0.6666666666666666
108,0_neg_1005,4,RPPGFDPFR,DFPPRGRPF,9,False,False,8,0.8888888888888888
108,0_neg_1005,5,RPPGFDPFR,FDGRPRPFP,9,False,False,7,0.7777777777777778
108,0_neg_1005,6,RPPGFDPFR,PPGDRPRFF,9,False,False,7,0.7777777777777778
108,0_neg_1005,7,RPPGFDPFR,PFDPGPRRF,9,False,False,9,1.0
108,0_neg_1005,8,RPPGFDPFR,FPFGDRPRP,9,False,False,6,0.6666666666666666
108,0_neg_1005,9,RPPGFDPFR,PDRPPFRFG,9,False,False,8,0.8888888888888888
109,1_pos_921,0,KAI,IAK,3,False,False,2,0.6666666666666666
109,1_pos_921,1,KAI,AIK,3,False,False,3,1.0
109,1_pos_921,2,KAI,AIK,3,False,True,3,1.0
109,1_pos_921,3,KAI,IKA,3,False,False,3,1.0
109,1_pos_921,4,KAI,KIA,3,False,False,2,0.6666666666666666
109,1_pos_921,5,KAI,KAI,3,True,False,0,0.0
109,1_pos_921,6,KAI,IAK,3,False,True,2,0.6666666666666666
109,1_pos_921,7,KAI,IAK,3,False,True,2,0.6666666666666666
109,1_pos_921,8,KAI,AIK,3,False,True,3,1.0
109,1_pos_921,9,KAI,IAK,3,False,True,2,0.6666666666666666
110,1_pos_216,0,GTVFEKKALPGPM,VTAGEKGKFLPPM,13,False,False,8,0.6153846153846154
110,1_pos_216,1,GTVFEKKALPGPM,VKGPTEGLMKFPA,13,False,False,12,0.9230769230769231
110,1_pos_216,2,GTVFEKKALPGPM,PGAPGFLKTKEMV,13,False,False,13,1.0
110,1_pos_216,3,GTVFEKKALPGPM,APEKTKGFVLGMP,13,False,False,11,0.8461538461538461
110,1_pos_216,4,GTVFEKKALPGPM,VTFPKKEPLGGAM,13,False,False,8,0.6153846153846154
110,1_pos_216,5,GTVFEKKALPGPM,MFGGTKPEPVLAK,13,False,False,12,0.9230769230769231
110,1_pos_216,6,GTVFEKKALPGPM,VTPKFKAGGEMLP,13,False,False,11,0.8461538461538461
110,1_pos_216,7,GTVFEKKALPGPM,KALPGGEVKTPMF,13,False,False,13,1.0
110,1_pos_216,8,GTVFEKKALPGPM,PKEKVGLTFGPMA,13,False,False,13,1.0
110,1_pos_216,9,GTVFEKKALPGPM,PVAKPFEKTGMGL,13,False,False,13,1.0
111,0_neg_996,0,DTARLQWH,LQADTHRW,8,False,False,7,0.875
111,0_neg_996,1,DTARLQWH,WAHLRTQD,8,False,False,8,1.0
111,0_neg_996,2,DTARLQWH,LHQWDATR,8,False,False,8,1.0
111,0_neg_996,3,DTARLQWH,LDRWTQHA,8,False,False,7,0.875
111,0_neg_996,4,DTARLQWH,ALRDTWHQ,8,False,False,8,1.0
111,0_neg_996,5,DTARLQWH,WQRAHDLT,8,False,False,8,1.0
111,0_neg_996,6,DTARLQWH,TWLRQAHD,8,False,False,7,0.875
111,0_neg_996,7,DTARLQWH,ATHDRLWQ,8,False,False,6,0.75
111,0_neg_996,8,DTARLQWH,TRDLQAHW,8,False,False,8,1.0
111,0_neg_996,9,DTARLQWH,LTRQDAWH,8,False,False,5,0.625
112,1_pos_1353,0,IHH,HIH,3,False,False,2,0.6666666666666666
112,1_pos_1353,1,IHH,IHH,3,True,False,0,0.0
112,1_pos_1353,2,IHH,HIH,3,False,True,2,0.6666666666666666
112,1_pos_1353,3,IHH,HIH,3,False,True,2,0.6666666666666666
112,1_pos_1353,4,IHH,HHI,3,False,False,2,0.6666666666666666
112,1_pos_1353,5,IHH,HIH,3,False,True,2,0.6666666666666666
112,1_pos_1353,6,IHH,HIH,3,False,True,2,0.6666666666666666
112,1_pos_1353,7,IHH,HIH,3,False,True,2,0.6666666666666666
112,1_pos_1353,8,IHH,HHI,3,False,True,2,0.6666666666666666
112,1_pos_1353,9,IHH,IHH,3,True,True,0,0.0
113,0_neg_669,0,AAGQDFMRF,MADAFQGFR,9,False,False,8,0.8888888888888888
113,0_neg_669,1,AAGQDFMRF,FRMAFAQGD,9,False,False,9,1.0
113,0_neg_669,2,AAGQDFMRF,QGFMRADAF,9,False,False,8,0.8888888888888888
113,0_neg_669,3,AAGQDFMRF,MFARFADGQ,9,False,False,9,1.0
113,0_neg_669,4,AAGQDFMRF,FADGQFMRA,9,False,False,5,0.5555555555555556
113,0_neg_669,5,AAGQDFMRF,AAGFFDQRM,9,False,False,5,0.5555555555555556
113,0_neg_669,6,AAGQDFMRF,AGDAFRFMQ,9,False,False,8,0.8888888888888888
113,0_neg_669,7,AAGQDFMRF,AMRQAFGFD,9,False,False,6,0.6666666666666666
113,0_neg_669,8,AAGQDFMRF,QMFFRAADG,9,False,False,9,1.0
113,0_neg_669,9,AAGQDFMRF,FAGARFMDQ,9,False,False,5,0.5555555555555556
114,0_neg_684,0,IPLDPVAGYKEPA,YAVDPLIEAKGPP,13,False,False,9,0.6923076923076923
114,0_neg_684,1,IPLDPVAGYKEPA,ALDPPAVKIGEYP,13,False,False,11,0.8461538461538461
114,0_neg_684,2,IPLDPVAGYKEPA,PLIKVAPPGEDYA,13,False,False,12,0.9230769230769231
114,0_neg_684,3,IPLDPVAGYKEPA,LAAPDEGPYKIPV,13,False,False,10,0.7692307692307693
114,0_neg_684,4,IPLDPVAGYKEPA,GPPAVIKPLDAEY,13,False,False,12,0.9230769230769231
114,0_neg_684,5,IPLDPVAGYKEPA,YKPLVIPPGAAED,13,False,False,13,1.0
114,0_neg_684,6,IPLDPVAGYKEPA,PEDPLKPGAYVAI,13,False,False,12,0.9230769230769231
114,0_neg_684,7,IPLDPVAGYKEPA,PDLVAKPIPGEYA,13,False,False,10,0.7692307692307693
114,0_neg_684,8,IPLDPVAGYKEPA,VIPGKDPEYPAAL,13,False,False,12,0.9230769230769231
114,0_neg_684,9,IPLDPVAGYKEPA,GPVLEAKAYPPID,13,False,False,11,0.8461538461538461
115,0_neg_1021,0,GKPNKPRPAPIKPRPPHPRL,GKPRRPRKLPKAPNHIPPPP,20,False,False,12,0.6
115,0_neg_1021,1,GKPNKPRPAPIKPRPPHPRL,RRPLPPHKPKIRKNGPPAPP,20,False,False,16,0.8
115,0_neg_1021,2,GKPNKPRPAPIKPRPPHPRL,IKPRGPKAPPRPPRLHPNKP,20,False,False,14,0.7
115,0_neg_1021,3,GKPNKPRPAPIKPRPPHPRL,HKPKPLPINAGPPKPRRRPP,20,False,False,16,0.8
115,0_neg_1021,4,GKPNKPRPAPIKPRPPHPRL,LPPPKPRKKAHPPRIRPNPG,20,False,False,14,0.7
115,0_neg_1021,5,GKPNKPRPAPIKPRPPHPRL,KPPRLKKIPRNPPARPHPPG,20,False,False,15,0.75
115,0_neg_1021,6,GKPNKPRPAPIKPRPPHPRL,PILPHRRKNKRPPKPPGPAP,20,False,False,15,0.75
115,0_neg_1021,7,GKPNKPRPAPIKPRPPHPRL,KPLGRPPKINPPHRPAKRPP,20,False,False,17,0.85
115,0_neg_1021,8,GKPNKPRPAPIKPRPPHPRL,RPRHPPPANPKKLIPPKGPR,20,False,False,15,0.75
115,0_neg_1021,9,GKPNKPRPAPIKPRPPHPRL,KRPPPGRLPKPRIANHPPKP,20,False,False,17,0.85
116,1_pos_1321,0,RWY,YRW,3,False,False,3,1.0
116,1_pos_1321,1,RWY,WYR,3,False,False,3,1.0
116,1_pos_1321,2,RWY,RWY,3,True,False,0,0.0
116,1_pos_1321,3,RWY,WRY,3,False,False,2,0.6666666666666666
116,1_pos_1321,4,RWY,WRY,3,False,True,2,0.6666666666666666
116,1_pos_1321,5,RWY,RWY,3,True,True,0,0.0
116,1_pos_1321,6,RWY,WRY,3,False,True,2,0.6666666666666666
116,1_pos_1321,7,RWY,RWY,3,True,True,0,0.0
116,1_pos_1321,8,RWY,YWR,3,False,False,2,0.6666666666666666
116,1_pos_1321,9,RWY,WYR,3,False,True,3,1.0
117,0_neg_169,0,PSPPGFSPFR,PSGPFRFPSP,10,False,False,6,0.6
117,0_neg_169,1,PSPPGFSPFR,RSSPFGPFPP,10,False,False,8,0.8
117,0_neg_169,2,PSPPGFSPFR,RGFPPSSPFP,10,False,False,6,0.6
117,0_neg_169,3,PSPPGFSPFR,SPPFPRGFSP,10,False,False,9,0.9
117,0_neg_169,4,PSPPGFSPFR,GSRPPFPPSF,10,False,False,6,0.6
117,0_neg_169,5,PSPPGFSPFR,FSRPGFPSPP,10,False,False,6,0.6
117,0_neg_169,6,PSPPGFSPFR,SFGPSPPFPR,10,False,False,8,0.8
117,0_neg_169,7,PSPPGFSPFR,SPPRPPFGFS,10,False,False,8,0.8
117,0_neg_169,8,PSPPGFSPFR,SSPRFFGPPP,10,False,False,6,0.6
117,0_neg_169,9,PSPPGFSPFR,FSPSRPPFPG,10,False,False,8,0.8
118,1_pos_383,0,RDRHQKIG,RKQGIDRH,8,False,False,7,0.875
118,1_pos_383,1,RDRHQKIG,KIDGRQHR,8,False,False,8,1.0
118,1_pos_383,2,RDRHQKIG,RDIKHQRG,8,False,False,5,0.625
118,1_pos_383,3,RDRHQKIG,IQRKDRHG,8,False,False,6,0.75
118,1_pos_383,4,RDRHQKIG,QGIRRKDH,8,False,False,7,0.875
118,1_pos_383,5,RDRHQKIG,HIQRKRDG,8,False,False,7,0.875
118,1_pos_383,6,RDRHQKIG,DRKHIGQR,8,False,False,7,0.875
118,1_pos_383,7,RDRHQKIG,RQIHGRDK,8,False,False,6,0.75
118,1_pos_383,8,RDRHQKIG,GDIQRHKR,8,False,False,7,0.875
118,1_pos_383,9,RDRHQKIG,GHDIRKRQ,8,False,False,7,0.875
119,1_pos_571,0,FKK,FKK,3,True,False,0,0.0
119,1_pos_571,1,FKK,FKK,3,True,True,0,0.0
119,1_pos_571,2,FKK,KFK,3,False,False,2,0.6666666666666666
119,1_pos_571,3,FKK,KFK,3,False,True,2,0.6666666666666666
119,1_pos_571,4,FKK,KFK,3,False,True,2,0.6666666666666666
119,1_pos_571,5,FKK,KKF,3,False,False,2,0.6666666666666666
119,1_pos_571,6,FKK,FKK,3,True,True,0,0.0
119,1_pos_571,7,FKK,KFK,3,False,True,2,0.6666666666666666
119,1_pos_571,8,FKK,KKF,3,False,True,2,0.6666666666666666
119,1_pos_571,9,FKK,FKK,3,True,True,0,0.0
120,1_pos_1156,0,PEW,PEW,3,True,False,0,0.0
120,1_pos_1156,1,PEW,EPW,3,False,False,2,0.6666666666666666
120,1_pos_1156,2,PEW,PWE,3,False,False,2,0.6666666666666666
120,1_pos_1156,3,PEW,PWE,3,False,True,2,0.6666666666666666
120,1_pos_1156,4,PEW,WEP,3,False,False,2,0.6666666666666666
120,1_pos_1156,5,PEW,WPE,3,False,False,3,1.0
120,1_pos_1156,6,PEW,EWP,3,False,False,3,1.0
120,1_pos_1156,7,PEW,PEW,3,True,True,0,0.0
120,1_pos_1156,8,PEW,WPE,3,False,True,3,1.0
120,1_pos_1156,9,PEW,WPE,3,False,True,3,1.0
121,0_neg_628,0,GVGSFIHKVVSAIKNVA,KVSAGAVNIGKIVHFVS,17,False,False,15,0.8823529411764706
121,0_neg_628,1,GVGSFIHKVVSAIKNVA,GFAVIKVNKAGVIHSSV,17,False,False,15,0.8823529411764706
121,0_neg_628,2,GVGSFIHKVVSAIKNVA,AIVGHVNKSVSFKIAGV,17,False,False,14,0.8235294117647058
121,0_neg_628,3,GVGSFIHKVVSAIKNVA,IKANVHSVGASGKFVVI,17,False,False,15,0.8823529411764706
121,0_neg_628,4,GVGSFIHKVVSAIKNVA,GIKVIFVAVHSASNKGV,17,False,False,13,0.7647058823529411
121,0_neg_628,5,GVGSFIHKVVSAIKNVA,FVKGVAVHNSSKIVGIA,17,False,False,13,0.7647058823529411
121,0_neg_628,6,GVGSFIHKVVSAIKNVA,IAVSKNHGAFISVVGKV,17,False,False,15,0.8823529411764706
121,0_neg_628,7,GVGSFIHKVVSAIKNVA,IIGVSFVNKHSAAVVKG,17,False,False,14,0.8235294117647058
121,0_neg_628,8,GVGSFIHKVVSAIKNVA,HFISVSVGGVVAINAKK,17,False,False,13,0.7647058823529411
121,0_neg_628,9,GVGSFIHKVVSAIKNVA,VGHISAVNKGKAVVIFS,17,False,False,16,0.9411764705882353
122,1_pos_1394,0,DDGGK,KGDDG,5,False,False,5,1.0
122,1_pos_1394,1,DDGGK,GDKDG,5,False,False,4,0.8
122,1_pos_1394,2,DDGGK,GKDGD,5,False,False,4,0.8
122,1_pos_1394,3,DDGGK,DGGDK,5,False,False,2,0.4
122,1_pos_1394,4,DDGGK,GDGDK,5,False,False,2,0.4
122,1_pos_1394,5,DDGGK,DKDGG,5,False,False,3,0.6
122,1_pos_1394,6,DDGGK,GDKDG,5,False,True,4,0.8
122,1_pos_1394,7,DDGGK,GDGDK,5,False,True,2,0.4
122,1_pos_1394,8,DDGGK,DKGDG,5,False,False,3,0.6
122,1_pos_1394,9,DDGGK,DKGGD,5,False,False,2,0.4
123,0_neg_472,0,MMIPGHFDYHRPKSV,KHRFYDMSGVIPMHP,15,False,False,14,0.9333333333333333
123,0_neg_472,1,MMIPGHFDYHRPKSV,HMDYSMVRPKIHFPG,15,False,False,14,0.9333333333333333
123,0_neg_472,2,MMIPGHFDYHRPKSV,SKPFPMRHYHGMIDV,15,False,False,12,0.8
123,0_neg_472,3,MMIPGHFDYHRPKSV,GVMDHIKHMFPPRYS,15,False,False,14,0.9333333333333333
123,0_neg_472,4,MMIPGHFDYHRPKSV,YMIHPFVMSDRKGPH,15,False,False,12,0.8
123,0_neg_472,5,MMIPGHFDYHRPKSV,MVMHFDPSKPIYGRH,15,False,False,14,0.9333333333333333
123,0_neg_472,6,MMIPGHFDYHRPKSV,HVMRHPPYFMIDSKG,15,False,False,15,1.0
123,0_neg_472,7,MMIPGHFDYHRPKSV,PHDHRMMPVGKYISF,15,False,False,14,0.9333333333333333
123,0_neg_472,8,MMIPGHFDYHRPKSV,MVDYSPRPMFKGHHI,15,False,False,14,0.9333333333333333
123,0_neg_472,9,MMIPGHFDYHRPKSV,MIHPPSFVRYKHGMD,15,False,False,12,0.8
124,0_neg_758,0,SASGGAGESSGMWFGPRL,AGEFMSRALWPGSGSGSG,18,False,False,18,1.0
124,0_neg_758,1,SASGGAGESSGMWFGPRL,GAESSAWMPRGSGGLSFG,18,False,False,15,0.8333333333333334
124,0_neg_758,2,SASGGAGESSGMWFGPRL,SSAGPGRMSAEFGGLGWS,18,False,False,15,0.8333333333333334
124,0_neg_758,3,SASGGAGESSGMWFGPRL,PSSGMRGGEASLGAWGSF,18,False,False,15,0.8333333333333334
124,0_neg_758,4,SASGGAGESSGMWFGPRL,MGSGPFEASSWASLGGGR,18,False,False,13,0.7222222222222222
124,0_neg_758,5,SASGGAGESSGMWFGPRL,SFGMSWGAGGGALESRSP,18,False,False,15,0.8333333333333334
124,0_neg_758,6,SASGGAGESSGMWFGPRL,ELGGFGARGSGPSSAWMS,18,False,False,15,0.8333333333333334
124,0_neg_758,7,SASGGAGESSGMWFGPRL,GPEALGSSASGFGSWRGM,18,False,False,16,0.8888888888888888
124,0_neg_758,8,SASGGAGESSGMWFGPRL,LGGMSASSAGGFEGSWRP,18,False,False,15,0.8333333333333334
124,0_neg_758,9,SASGGAGESSGMWFGPRL,LSGGFWSMSGSREGGPAA,18,False,False,14,0.7777777777777778
125,1_pos_1158,0,PGEKGSPGADGPIGAP,DSIPGPKAGEGGAGPP,16,False,False,12,0.75
125,1_pos_1158,1,PGEKGSPGADGPIGAP,PGGPPGSIPKEGADAG,16,False,False,13,0.8125
125,1_pos_1158,2,PGEKGSPGADGPIGAP,AGGGGKPPIPPESGDA,16,False,False,12,0.75
125,1_pos_1158,3,PGEKGSPGADGPIGAP,PPGDEAGGIAKPSGPG,16,False,False,12,0.75
125,1_pos_1158,4,PGEKGSPGADGPIGAP,DKGPPGEPIGSAAGGP,16,False,False,14,0.875
125,1_pos_1158,5,PGEKGSPGADGPIGAP,ASDEGPGPAPGKIGGP,16,False,False,10,0.625
125,1_pos_1158,6,PGEKGSPGADGPIGAP,ASGKGPDIGPGAEPPG,16,False,False,13,0.8125
125,1_pos_1158,7,PGEKGSPGADGPIGAP,GGPDSPAGGGAEKPPI,16,False,False,14,0.875
125,1_pos_1158,8,PGEKGSPGADGPIGAP,SDPGPAPKGEGPIAGG,16,False,False,12,0.75
125,1_pos_1158,9,PGEKGSPGADGPIGAP,KPGIEGSAPDGAPGPG,16,False,False,13,0.8125
126,1_pos_1413,0,RADHPF,FDAHRP,6,False,False,5,0.8333333333333334
126,1_pos_1413,1,RADHPF,RDHPFA,6,False,False,5,0.8333333333333334
126,1_pos_1413,2,RADHPF,RAPDHF,6,False,False,3,0.5
126,1_pos_1413,3,RADHPF,PFDRAH,6,False,False,5,0.8333333333333334
126,1_pos_1413,4,RADHPF,ARFPHD,6,False,False,6,1.0
126,1_pos_1413,5,RADHPF,DRAPFH,6,False,False,6,1.0
126,1_pos_1413,6,RADHPF,PDARFH,6,False,False,6,1.0
126,1_pos_1413,7,RADHPF,DRFAHP,6,False,False,6,1.0
126,1_pos_1413,8,RADHPF,FAHRDP,6,False,False,5,0.8333333333333334
126,1_pos_1413,9,RADHPF,FDARPH,6,False,False,5,0.8333333333333334
127,0_neg_578,0,NFLGTLVNLAKKIL,KVIGLKNNLALTFL,14,False,False,9,0.6428571428571429
127,0_neg_578,1,NFLGTLVNLAKKIL,GVIFNLKLANTKLL,14,False,False,11,0.7857142857142857
127,0_neg_578,2,NFLGTLVNLAKKIL,VNAKTLKNLGLILF,14,False,False,10,0.7142857142857143
127,0_neg_578,3,NFLGTLVNLAKKIL,LKLNLANLKGVIFT,14,False,False,13,0.9285714285714286
127,0_neg_578,4,NFLGTLVNLAKKIL,INALLFGLLKNTVK,14,False,False,13,0.9285714285714286
127,0_neg_578,5,NFLGTLVNLAKKIL,AVGKLLFINNLLKT,14,False,False,13,0.9285714285714286
127,0_neg_578,6,NFLGTLVNLAKKIL,KGKLIAVNLNTFLL,14,False,False,10,0.7142857142857143
127,0_neg_578,7,NFLGTLVNLAKKIL,LALGKKTLNLFNVI,14,False,False,12,0.8571428571428571
127,0_neg_578,8,NFLGTLVNLAKKIL,IALNNKTFGLVLKL,14,False,False,12,0.8571428571428571
127,0_neg_578,9,NFLGTLVNLAKKIL,NKLLNLATFVKLGI,14,False,False,10,0.7142857142857143
128,0_neg_246,0,MKLAILGAGCYRTDAASGI,LARSLDYGMTCAIKIAGGA,19,False,False,17,0.8947368421052632
128,0_neg_246,1,MKLAILGAGCYRTDAASGI,GMDGLCIAKLYASATARGI,19,False,False,14,0.7368421052631579
128,0_neg_246,2,MKLAILGAGCYRTDAASGI,GGLKLRYSDIAAAAMICTG,19,False,False,18,0.9473684210526315
128,0_neg_246,3,MKLAILGAGCYRTDAASGI,AGALAGDRKLYMGCTIAIS,19,False,False,18,0.9473684210526315
128,0_neg_246,4,MKLAILGAGCYRTDAASGI,RAAGGIGAYMALLSTIKDC,19,False,False,17,0.8947368421052632
128,0_neg_246,5,MKLAILGAGCYRTDAASGI,AKDIGIAMTLGAYGSACRL,19,False,False,17,0.8947368421052632
128,0_neg_246,6,MKLAILGAGCYRTDAASGI,DGLATIGLRIGYAMKCAAS,19,False,False,16,0.8421052631578947
128,0_neg_246,7,MKLAILGAGCYRTDAASGI,IALYRAMGDCSGAIGKLAT,19,False,False,17,0.8947368421052632
128,0_neg_246,8,MKLAILGAGCYRTDAASGI,GLDISGYKTCLAAMAGRIA,19,False,False,17,0.8947368421052632
128,0_neg_246,9,MKLAILGAGCYRTDAASGI,GRSATLYAIGIMCALDAGK,19,False,False,15,0.7894736842105263
129,0_neg_977,0,GFVDLAKKVVGGIRNALGI,GKLVGRFAGVKALNIIDGV,19,False,False,16,0.8421052631578947
129,0_neg_977,1,GFVDLAKKVVGGIRNALGI,IKGGVLINFRDAVKGLGAV,19,False,False,19,1.0
129,0_neg_977,2,GFVDLAKKVVGGIRNALGI,AIIGVLLGNVGDRKFGKVA,19,False,False,17,0.8947368421052632
129,0_neg_977,3,GFVDLAKKVVGGIRNALGI,NAIGVGAKGVLGLFIVKRD,19,False,False,16,0.8421052631578947
129,0_neg_977,4,GFVDLAKKVVGGIRNALGI,GDGVFKGAKNIVLLARIVG,19,False,False,18,0.9473684210526315
129,0_neg_977,5,GFVDLAKKVVGGIRNALGI,GKRVGDIVNFALGLGKIVA,19,False,False,18,0.9473684210526315
129,0_neg_977,6,GFVDLAKKVVGGIRNALGI,AKRNLDLVVGIGAIVKGFG,19,False,False,16,0.8421052631578947
129,0_neg_977,7,GFVDLAKKVVGGIRNALGI,FLGIGINGDVGKVARVLAK,19,False,False,16,0.8421052631578947
129,0_neg_977,8,GFVDLAKKVVGGIRNALGI,NGKLAGVDAFVIRGVGLIK,19,False,False,18,0.9473684210526315
129,0_neg_977,9,GFVDLAKKVVGGIRNALGI,GVGKVAIKNDLVAIGGLRF,19,False,False,15,0.7894736842105263
130,1_pos_1107,0,VKLFPVKLFP,LPFPVKLVKF,10,False,False,10,1.0
130,1_pos_1107,1,VKLFPVKLFP,PKKVPLVLFF,10,False,False,6,0.6
130,1_pos_1107,2,VKLFPVKLFP,VLFLKPKFVP,10,False,False,7,0.7
130,1_pos_1107,3,VKLFPVKLFP,FLLPVPKFKV,10,False,False,8,0.8
130,1_pos_1107,4,VKLFPVKLFP,KVLFFLPVKP,10,False,False,7,0.7
130,1_pos_1107,5,VKLFPVKLFP,LFVPFKPKLV,10,False,False,10,1.0
130,1_pos_1107,6,VKLFPVKLFP,FLLFKVPKVP,10,False,False,6,0.6
130,1_pos_1107,7,VKLFPVKLFP,FVLVKPKPFL,10,False,False,7,0.7
130,1_pos_1107,8,VKLFPVKLFP,PVVKLLFFPK,10,False,False,10,1.0
130,1_pos_1107,9,VKLFPVKLFP,VVFLPFPKLK,10,False,False,8,0.8
131,1_pos_1217,0,SCH,CSH,3,False,False,2,0.6666666666666666
131,1_pos_1217,1,SCH,HSC,3,False,False,3,1.0
131,1_pos_1217,2,SCH,CHS,3,False,False,3,1.0
131,1_pos_1217,3,SCH,SHC,3,False,False,2,0.6666666666666666
131,1_pos_1217,4,SCH,CSH,3,False,True,2,0.6666666666666666
131,1_pos_1217,5,SCH,CHS,3,False,True,3,1.0
131,1_pos_1217,6,SCH,HCS,3,False,False,2,0.6666666666666666
131,1_pos_1217,7,SCH,HCS,3,False,True,2,0.6666666666666666
131,1_pos_1217,8,SCH,CHS,3,False,True,3,1.0
131,1_pos_1217,9,SCH,SHC,3,False,True,2,0.6666666666666666
132,1_pos_1406,0,LVYIIQGR,QRVILIGY,8,False,False,6,0.75
132,1_pos_1406,1,LVYIIQGR,YIGQIVLR,8,False,False,6,0.75
132,1_pos_1406,2,LVYIIQGR,LQVYIRGI,8,False,False,5,0.625
132,1_pos_1406,3,LVYIIQGR,GLIYRVQI,8,False,False,8,1.0
132,1_pos_1406,4,LVYIIQGR,YQIGIRLV,8,False,False,7,0.875
132,1_pos_1406,5,LVYIIQGR,LGRVIYIQ,8,False,False,6,0.75
132,1_pos_1406,6,LVYIIQGR,IRGLIQVY,8,False,False,6,0.75
132,1_pos_1406,7,LVYIIQGR,VYLGQIRI,8,False,False,8,1.0
132,1_pos_1406,8,LVYIIQGR,LGYVQRII,8,False,False,6,0.75
132,1_pos_1406,9,LVYIIQGR,GRVLIYIQ,8,False,False,7,0.875
133,1_pos_400,0,IIGATNPAESAPGTIR,TTGANRAISPIEGAPI,16,False,False,13,0.8125
133,1_pos_400,1,IIGATNPAESAPGTIR,AIPTESNPIGATARIG,16,False,False,13,0.8125
133,1_pos_400,2,IIGATNPAESAPGTIR,GSIIGAIRAPNPTEAT,16,False,False,15,0.9375
133,1_pos_400,3,IIGATNPAESAPGTIR,RAGTAGASENTIIPPI,16,False,False,14,0.875
133,1_pos_400,4,IIGATNPAESAPGTIR,GGAEANPRPSTIITIA,16,False,False,11,0.6875
133,1_pos_400,5,IIGATNPAESAPGTIR,ISAGTRPGPTIANIEA,16,False,False,13,0.8125
133,1_pos_400,6,IIGATNPAESAPGTIR,RGTIPTAEANIISPAG,16,False,False,16,1.0
133,1_pos_400,7,IIGATNPAESAPGTIR,NITGEITSPIGAARPA,16,False,False,15,0.9375
133,1_pos_400,8,IIGATNPAESAPGTIR,ARGTAPISEPGITINA,16,False,False,14,0.875
133,1_pos_400,9,IIGATNPAESAPGTIR,TIIAPGANSGPREITA,16,False,False,14,0.875
134,1_pos_1388,0,KLSDW,SKDWL,5,False,False,5,1.0
134,1_pos_1388,1,KLSDW,DLSKW,5,False,False,2,0.4
134,1_pos_1388,2,KLSDW,LDWSK,5,False,False,5,1.0
134,1_pos_1388,3,KLSDW,KWLSD,5,False,False,4,0.8
134,1_pos_1388,4,KLSDW,WLSKD,5,False,False,3,0.6
134,1_pos_1388,5,KLSDW,DKWSL,5,False,False,5,1.0
134,1_pos_1388,6,KLSDW,LWSKD,5,False,False,4,0.8
134,1_pos_1388,7,KLSDW,WLDKS,5,False,False,4,0.8
134,1_pos_1388,8,KLSDW,DWKLS,5,False,False,5,1.0
134,1_pos_1388,9,KLSDW,LWDKS,5,False,False,5,1.0
135,1_pos_1115,0,LWI,LWI,3,True,False,0,0.0
135,1_pos_1115,1,LWI,LIW,3,False,False,2,0.6666666666666666
135,1_pos_1115,2,LWI,WLI,3,False,False,2,0.6666666666666666
135,1_pos_1115,3,LWI,WIL,3,False,False,3,1.0
135,1_pos_1115,4,LWI,LIW,3,False,True,2,0.6666666666666666
135,1_pos_1115,5,LWI,WIL,3,False,True,3,1.0
135,1_pos_1115,6,LWI,LWI,3,True,True,0,0.0
135,1_pos_1115,7,LWI,WIL,3,False,True,3,1.0
135,1_pos_1115,8,LWI,WIL,3,False,True,3,1.0
135,1_pos_1115,9,LWI,LWI,3,True,True,0,0.0
136,0_neg_777,0,GRDAYIADSENCTYT,DCDTTNYEIARAYGS,15,False,False,14,0.9333333333333333
136,0_neg_777,1,GRDAYIADSENCTYT,REAADDNIYGTYSTC,15,False,False,14,0.9333333333333333
136,0_neg_777,2,GRDAYIADSENCTYT,GYEDRIATCNTDAYS,15,False,False,11,0.7333333333333333
136,0_neg_777,3,GRDAYIADSENCTYT,IDAATRDNGECSYYT,15,False,False,11,0.7333333333333333
136,0_neg_777,4,GRDAYIADSENCTYT,DTAGECISYYDTNRA,15,False,False,15,1.0
136,0_neg_777,5,GRDAYIADSENCTYT,EDRTADTACGSINYY,15,False,False,14,0.9333333333333333
136,0_neg_777,6,GRDAYIADSENCTYT,IRSAYTDGDAYENCT,15,False,False,11,0.7333333333333333
136,0_neg_777,7,GRDAYIADSENCTYT,DGYTDAACRYSNTIE,15,False,False,13,0.8666666666666667
136,0_neg_777,8,GRDAYIADSENCTYT,GRCANASDIETYTDY,15,False,False,9,0.6
136,0_neg_777,9,GRDAYIADSENCTYT,DYEAGYNISCDATTR,15,False,False,12,0.8
137,1_pos_21,0,AQGTFLQPHQ,PLQGFQQAHT,10,False,False,7,0.7
137,1_pos_21,1,AQGTFLQPHQ,GALTHPQQFQ,10,False,False,7,0.7
137,1_pos_21,2,AQGTFLQPHQ,PQTHGLQQFA,10,False,False,7,0.7
137,1_pos_21,3,AQGTFLQPHQ,QPLTGAHQQF,10,False,False,9,0.9
137,1_pos_21,4,AQGTFLQPHQ,FTHQQPAQGL,10,False,False,10,1.0
137,1_pos_21,5,AQGTFLQPHQ,QQHQLGFPTA,10,False,False,8,0.8
137,1_pos_21,6,AQGTFLQPHQ,TPALQQGHFQ,10,False,False,9,0.9
137,1_pos_21,7,AQGTFLQPHQ,FTQGAPQQLH,10,False,False,9,0.9
137,1_pos_21,8,AQGTFLQPHQ,QAQLFGTPHQ,10,False,False,6,0.6
137,1_pos_21,9,AQGTFLQPHQ,QTQHQPGFLA,10,False,False,10,1.0
138,1_pos_471,0,EDIVCW,VDEIWC,6,False,False,5,0.8333333333333334
138,1_pos_471,1,EDIVCW,DCVWEI,6,False,False,6,1.0
138,1_pos_471,2,EDIVCW,VWDCIE,6,False,False,6,1.0
138,1_pos_471,3,EDIVCW,EWCDVI,6,False,False,5,0.8333333333333334
138,1_pos_471,4,EDIVCW,CIWEVD,6,False,False,6,1.0
138,1_pos_471,5,EDIVCW,EVWCID,6,False,False,5,0.8333333333333334
138,1_pos_471,6,EDIVCW,ICVEDW,6,False,False,5,0.8333333333333334
138,1_pos_471,7,EDIVCW,CIWDEV,6,False,False,6,1.0
138,1_pos_471,8,EDIVCW,CEDVWI,6,False,False,5,0.8333333333333334
138,1_pos_471,9,EDIVCW,IWVDEC,6,False,False,6,1.0
139,1_pos_52,0,YLG,LYG,3,False,False,2,0.6666666666666666
139,1_pos_52,1,YLG,GLY,3,False,False,2,0.6666666666666666
139,1_pos_52,2,YLG,YLG,3,True,False,0,0.0
139,1_pos_52,3,YLG,GLY,3,False,True,2,0.6666666666666666
139,1_pos_52,4,YLG,LYG,3,False,True,2,0.6666666666666666
139,1_pos_52,5,YLG,GYL,3,False,False,3,1.0
139,1_pos_52,6,YLG,LGY,3,False,False,3,1.0
139,1_pos_52,7,YLG,YLG,3,True,True,0,0.0
139,1_pos_52,8,YLG,YGL,3,False,False,2,0.6666666666666666
139,1_pos_52,9,YLG,YLG,3,True,True,0,0.0
140,1_pos_1055,0,LGPVRGPFPI,FGVPGIRPLP,10,False,False,9,0.9
140,1_pos_1055,1,LGPVRGPFPI,VLGFGPRIPP,10,False,False,9,0.9
140,1_pos_1055,2,LGPVRGPFPI,GLVPPPGRIF,10,False,False,10,1.0
140,1_pos_1055,3,LGPVRGPFPI,GGRLPVFPIP,10,False,False,9,0.9
140,1_pos_1055,4,LGPVRGPFPI,GVGPPLRIPF,10,False,False,9,0.9
140,1_pos_1055,5,LGPVRGPFPI,PPGIPVRFGL,10,False,False,9,0.9
140,1_pos_1055,6,LGPVRGPFPI,GIFRVLPGPP,10,False,False,8,0.8
140,1_pos_1055,7,LGPVRGPFPI,IGVPPFPRLG,10,False,False,8,0.8
140,1_pos_1055,8,LGPVRGPFPI,ILFPVGRGPP,10,False,False,8,0.8
140,1_pos_1055,9,LGPVRGPFPI,GGIRPFPPLV,10,False,False,8,0.8
141,1_pos_803,0,IPAVFK,FVIPKA,6,False,False,6,1.0
141,1_pos_803,1,IPAVFK,VKFIPA,6,False,False,6,1.0
141,1_pos_803,2,IPAVFK,VIPFKA,6,False,False,6,1.0
141,1_pos_803,3,IPAVFK,FIAVKP,6,False,False,4,0.6666666666666666
141,1_pos_803,4,IPAVFK,VFPIAK,6,False,False,5,0.8333333333333334
141,1_pos_803,5,IPAVFK,APFKVI,6,False,False,5,0.8333333333333334
141,1_pos_803,6,IPAVFK,IKVAPF,6,False,False,5,0.8333333333333334
141,1_pos_803,7,IPAVFK,IKFAVP,6,False,False,5,0.8333333333333334
141,1_pos_803,8,IPAVFK,PAKFIV,6,False,False,6,1.0
141,1_pos_803,9,IPAVFK,VPAIKF,6,False,False,4,0.6666666666666666
142,1_pos_741,0,MFAEWQPR,FWQAEMPR,8,False,False,6,0.75
142,1_pos_741,1,MFAEWQPR,PMEQARFW,8,False,False,8,1.0
142,1_pos_741,2,MFAEWQPR,PAFMWERQ,8,False,False,7,0.875
142,1_pos_741,3,MFAEWQPR,MQPWRAEF,8,False,False,7,0.875
142,1_pos_741,4,MFAEWQPR,EFRWPMAQ,8,False,False,7,0.875
142,1_pos_741,5,MFAEWQPR,FAWRMEQP,8,False,False,8,1.0
142,1_pos_741,6,MFAEWQPR,PQRMAEFW,8,False,False,8,1.0
142,1_pos_741,7,MFAEWQPR,FQAWPMER,8,False,False,6,0.75
142,1_pos_741,8,MFAEWQPR,PRWMFQAE,8,False,False,7,0.875
142,1_pos_741,9,MFAEWQPR,QEPMAFWR,8,False,False,7,0.875
143,1_pos_957,0,FDYDPR,YFPDDR,6,False,False,4,0.6666666666666666
143,1_pos_957,1,FDYDPR,YPDDRF,6,False,False,5,0.8333333333333334
143,1_pos_957,2,FDYDPR,PYFDRD,6,False,False,5,0.8333333333333334
143,1_pos_957,3,FDYDPR,DPDFRY,6,False,False,6,1.0
143,1_pos_957,4,FDYDPR,DPYFDR,6,False,False,4,0.6666666666666666
143,1_pos_957,5,FDYDPR,DDRPYF,6,False,False,5,0.8333333333333334
143,1_pos_957,6,FDYDPR,FRDPDY,6,False,False,5,0.8333333333333334
143,1_pos_957,7,FDYDPR,DFPDYR,6,False,False,4,0.6666666666666666
143,1_pos_957,8,FDYDPR,DPFDRY,6,False,False,5,0.8333333333333334
143,1_pos_957,9,FDYDPR,RDFPDY,6,False,False,5,0.8333333333333334
144,1_pos_1270,0,GDLAYLDQGHR,DALQGGHDYLR,11,False,False,9,0.8181818181818182
144,1_pos_1270,1,GDLAYLDQGHR,GLLHYARDDGQ,11,False,False,8,0.7272727272727273
144,1_pos_1270,2,GDLAYLDQGHR,QGDYGALHRDL,11,False,False,11,1.0
144,1_pos_1270,3,GDLAYLDQGHR,DLGRQLYGHDA,11,False,False,10,0.9090909090909091
144,1_pos_1270,4,GDLAYLDQGHR,GHDAQRLLDGY,11,False,False,9,0.8181818181818182
144,1_pos_1270,5,GDLAYLDQGHR,QRGGYLALHDD,11,False,False,9,0.8181818181818182
144,1_pos_1270,6,GDLAYLDQGHR,ADGQGYHDRLL,11,False,False,10,0.9090909090909091
144,1_pos_1270,7,GDLAYLDQGHR,RDAHDYQGLLG,11,False,False,10,0.9090909090909091
144,1_pos_1270,8,GDLAYLDQGHR,GDADGLYHQLR,11,False,False,7,0.6363636363636364
144,1_pos_1270,9,GDLAYLDQGHR,GLQLRHGADYD,11,False,False,10,0.9090909090909091
145,0_neg_1284,0,QTPQWATGHFM,GQFTHQAPWMT,11,False,False,11,1.0
145,0_neg_1284,1,QTPQWATGHFM,HWTTMQPQAFG,11,False,False,10,0.9090909090909091
145,0_neg_1284,2,QTPQWATGHFM,GPHQAFTWMQT,11,False,False,9,0.8181818181818182
145,0_neg_1284,3,QTPQWATGHFM,QWMGPTTAQFH,11,False,False,8,0.7272727272727273
145,0_neg_1284,4,QTPQWATGHFM,QHQWFTPGAMT,11,False,False,9,0.8181818181818182
145,0_neg_1284,5,QTPQWATGHFM,QQFWTHAPGTM,11,False,False,9,0.8181818181818182
145,0_neg_1284,6,QTPQWATGHFM,QMAFPQHGTTW,11,False,False,9,0.8181818181818182
145,0_neg_1284,7,QTPQWATGHFM,QFPHQMTGWTA,11,False,False,7,0.6363636363636364
145,0_neg_1284,8,QTPQWATGHFM,FHQWATQTGMP,11,False,False,11,1.0
145,0_neg_1284,9,QTPQWATGHFM,TQAHFWMTPQG,11,False,False,11,1.0
146,0_neg_1302,0,MFTFAILLLCVQGCLIQ,LMAGITCCQFVFQLILL,17,False,False,16,0.9411764705882353
146,0_neg_1302,1,MFTFAILLLCVQGCLIQ,QQVMLCLIFIATLCFGL,17,False,False,15,0.8823529411764706
146,0_neg_1302,2,MFTFAILLLCVQGCLIQ,CILQLFAGMQLTCIFLV,17,False,False,17,1.0
146,0_neg_1302,3,MFTFAILLLCVQGCLIQ,QLQMLAFFLLITCGIVC,17,False,False,16,0.9411764705882353
146,0_neg_1302,4,MFTFAILLLCVQGCLIQ,LLIVCLQCIMQGFLTAF,17,False,False,17,1.0
146,0_neg_1302,5,MFTFAILLLCVQGCLIQ,VIFLLGIMATLQCLCFQ,17,False,False,15,0.8823529411764706
146,0_neg_1302,6,MFTFAILLLCVQGCLIQ,GLFQLCVQIALMLCIFT,17,False,False,16,0.9411764705882353
146,0_neg_1302,7,MFTFAILLLCVQGCLIQ,CGLIMIATLQFCFLVLQ,17,False,False,14,0.8235294117647058
146,0_neg_1302,8,MFTFAILLLCVQGCLIQ,QLLITVLFMALQICGCF,17,False,False,14,0.8235294117647058
146,0_neg_1302,9,MFTFAILLLCVQGCLIQ,TQLICCQAVLGLIFLFM,17,False,False,16,0.9411764705882353
147,0_neg_297,0,APSMGFQGMR,QASMMRGPGF,10,False,False,8,0.8
147,0_neg_297,1,APSMGFQGMR,SMAGRFMQPG,10,False,False,9,0.9
147,0_neg_297,2,APSMGFQGMR,RPMGAMFSGQ,10,False,False,9,0.9
147,0_neg_297,3,APSMGFQGMR,RGAMFMGSPQ,10,False,False,9,0.9
147,0_neg_297,4,APSMGFQGMR,ASGGFPQMMR,10,False,False,6,0.6
147,0_neg_297,5,APSMGFQGMR,MRQAMFSGPG,10,False,False,8,0.8
147,0_neg_297,6,APSMGFQGMR,MFARMQPGSG,10,False,False,9,0.9
147,0_neg_297,7,APSMGFQGMR,MMGQPSRFGA,10,False,False,10,1.0
147,0_neg_297,8,APSMGFQGMR,MRAMQPSGFG,10,False,False,8,0.8
147,0_neg_297,9,APSMGFQGMR,PRSMMFGQGA,10,False,False,7,0.7
148,1_pos_384,0,LSGYGP,GYLSGP,6,False,False,4,0.6666666666666666
148,1_pos_384,1,LSGYGP,PLYSGG,6,False,False,5,0.8333333333333334
148,1_pos_384,2,LSGYGP,GLSYPG,6,False,False,5,0.8333333333333334
148,1_pos_384,3,LSGYGP,GYLSPG,6,False,False,6,1.0
148,1_pos_384,4,LSGYGP,SGPGLY,6,False,False,6,1.0
148,1_pos_384,5,LSGYGP,PGSGLY,6,False,False,6,1.0
148,1_pos_384,6,LSGYGP,LGYPSG,6,False,False,5,0.8333333333333334
148,1_pos_384,7,LSGYGP,PLYGGS,6,False,False,5,0.8333333333333334
148,1_pos_384,8,LSGYGP,GLSGPY,6,False,False,6,1.0
148,1_pos_384,9,LSGYGP,GYLGPS,6,False,False,6,1.0
149,1_pos_543,0,TSKT,KSTT,4,False,False,2,0.5
149,1_pos_543,1,TSKT,TTSK,4,False,False,3,0.75
149,1_pos_543,2,TSKT,SKTT,4,False,False,3,0.75
149,1_pos_543,3,TSKT,TSKT,4,True,False,0,0.0
149,1_pos_543,4,TSKT,TTSK,4,False,True,3,0.75
149,1_pos_543,5,TSKT,KSTT,4,False,True,2,0.5
149,1_pos_543,6,TSKT,TTSK,4,False,True,3,0.75
149,1_pos_543,7,TSKT,TSTK,4,False,False,2,0.5
149,1_pos_543,8,TSKT,TSKT,4,True,True,0,0.0
149,1_pos_543,9,TSKT,TKTS,4,False,False,3,0.75
150,0_neg_213,0,VTLDVED,VETLDDV,7,False,False,6,0.8571428571428571
150,0_neg_213,1,VTLDVED,DDVTVLE,7,False,False,6,0.8571428571428571
150,0_neg_213,2,VTLDVED,TDDEVVL,7,False,False,6,0.8571428571428571
150,0_neg_213,3,VTLDVED,LDDVETV,7,False,False,7,1.0
150,0_neg_213,4,VTLDVED,DLEVVDT,7,False,False,6,0.8571428571428571
150,0_neg_213,5,VTLDVED,TDVVEDL,7,False,False,7,1.0
150,0_neg_213,6,VTLDVED,DLVEVTD,7,False,False,5,0.7142857142857143
150,0_neg_213,7,VTLDVED,TLDVEVD,7,False,False,6,0.8571428571428571
150,0_neg_213,8,VTLDVED,LETDVDV,7,False,False,5,0.7142857142857143
150,0_neg_213,9,VTLDVED,VTLDVED,7,True,False,0,0.0
151,1_pos_594,0,QIESW,QWSIE,5,False,False,4,0.8
151,1_pos_594,1,QIESW,QSIEW,5,False,False,3,0.6
151,1_pos_594,2,QIESW,EQWSI,5,False,False,4,0.8
151,1_pos_594,3,QIESW,WQEIS,5,False,False,4,0.8
151,1_pos_594,4,QIESW,QISWE,5,False,False,3,0.6
151,1_pos_594,5,QIESW,WESIQ,5,False,False,5,1.0
151,1_pos_594,6,QIESW,QSWIE,5,False,False,4,0.8
151,1_pos_594,7,QIESW,IESQW,5,False,False,4,0.8
151,1_pos_594,8,QIESW,WESQI,5,False,False,5,1.0
151,1_pos_594,9,QIESW,WQEIS,5,False,True,4,0.8
152,0_neg_647,0,LPRHTLHCVAYHGYCFHSKV,FCYYLPHVHTSKLHRAHCVG,20,False,False,18,0.9
152,0_neg_647,1,LPRHTLHCVAYHGYCFHSKV,HHTCHVPSCFVYLRALKGYH,20,False,False,20,1.0
152,0_neg_647,2,LPRHTLHCVAYHGYCFHSKV,GFYCVKTHHLLCPYVHSHAR,20,False,False,19,0.95
152,0_neg_647,3,LPRHTLHCVAYHGYCFHSKV,TPHVGLCYRLFVHYAHHCKS,20,False,False,15,0.75
152,0_neg_647,4,LPRHTLHCVAYHGYCFHSKV,RKHHLLYHGVCPAVCHFSYT,20,False,False,16,0.8
152,0_neg_647,5,LPRHTLHCVAYHGYCFHSKV,KATHLHSLYGVFYCVPHCRH,20,False,False,18,0.9
152,0_neg_647,6,LPRHTLHCVAYHGYCFHSKV,GHCHHLYACPVYFVHKLRTS,20,False,False,18,0.9
152,0_neg_647,7,LPRHTLHCVAYHGYCFHSKV,AFHYRCSVVGHHCKYHLPTL,20,False,False,18,0.9
152,0_neg_647,8,LPRHTLHCVAYHGYCFHSKV,YHHFKHPVVLRTLCHSAGYC,20,False,False,19,0.95
152,0_neg_647,9,LPRHTLHCVAYHGYCFHSKV,HKRHHCHYLCFPLGSTYVVA,20,False,False,17,0.85
153,0_neg_85,0,ADSRNPLEEEFRETNYEEF,DFRFPENANYEELSEEETR,19,False,False,18,0.9473684210526315
153,0_neg_85,1,ADSRNPLEEEFRETNYEEF,ATFENEFELEYERSDRNPE,19,False,False,15,0.7894736842105263
153,0_neg_85,2,ADSRNPLEEEFRETNYEEF,LFTRNEENEEEEPARSFDY,19,False,False,15,0.7894736842105263
153,0_neg_85,3,ADSRNPLEEEFRETNYEEF,EEEYETEFRNFNDLPASER,19,False,False,17,0.8947368421052632
153,0_neg_85,4,ADSRNPLEEEFRETNYEEF,EEYEFTPRLEERSEDNFAN,19,False,False,17,0.8947368421052632
153,0_neg_85,5,ADSRNPLEEEFRETNYEEF,DYNEEAPRLRSEEEFFNTE,19,False,False,18,0.9473684210526315
153,0_neg_85,6,ADSRNPLEEEFRETNYEEF,TEYRELDEERNEPNESFFA,19,False,False,16,0.8421052631578947
153,0_neg_85,7,ADSRNPLEEEFRETNYEEF,ANEFSTELRNEERDYEFPE,19,False,False,18,0.9473684210526315
153,0_neg_85,8,ADSRNPLEEEFRETNYEEF,RFNLPNYEDEFREEEASET,19,False,False,13,0.6842105263157895
153,0_neg_85,9,ADSRNPLEEEFRETNYEEF,FNEREEYDLRSTANPEFEE,19,False,False,17,0.8947368421052632
154,1_pos_721,0,PGAEGAPGRDGAAGPK,KPGDGAGAPAPEAGRG,16,False,False,12,0.75
154,1_pos_721,1,PGAEGAPGRDGAAGPK,DEGKAGGAAPGRAGPP,16,False,False,12,0.75
154,1_pos_721,2,PGAEGAPGRDGAAGPK,ADGARPPGAGPEGAKG,16,False,False,14,0.875
154,1_pos_721,3,PGAEGAPGRDGAAGPK,PPGPGDAGEAGGARKA,16,False,False,11,0.6875
154,1_pos_721,4,PGAEGAPGRDGAAGPK,GAGPPGAADPKGRGEA,16,False,False,15,0.9375
154,1_pos_721,5,PGAEGAPGRDGAAGPK,GGGAAARKPDGAGPPE,16,False,False,10,0.625
154,1_pos_721,6,PGAEGAPGRDGAAGPK,KGAGGPRDGAGPPAEA,16,False,False,12,0.75
154,1_pos_721,7,PGAEGAPGRDGAAGPK,RGGDPGAGKEAGPPAA,16,False,False,14,0.875
154,1_pos_721,8,PGAEGAPGRDGAAGPK,AGPDGRKPGGGAEAPA,16,False,False,11,0.6875
154,1_pos_721,9,PGAEGAPGRDGAAGPK,GGADPAARPKAGEPGG,16,False,False,13,0.8125
155,1_pos_1344,0,LVNPHDHQN,DPNLQNHHV,9,False,False,7,0.7777777777777778
155,1_pos_1344,1,LVNPHDHQN,NHLHNDVQP,9,False,False,7,0.7777777777777778
155,1_pos_1344,2,LVNPHDHQN,HDNVNHPLQ,9,False,False,8,0.8888888888888888
155,1_pos_1344,3,LVNPHDHQN,LQVHNDNHP,9,False,False,7,0.7777777777777778
155,1_pos_1344,4,LVNPHDHQN,HQDHLPNVN,9,False,False,8,0.8888888888888888
155,1_pos_1344,5,LVNPHDHQN,LNPDQHVNH,9,False,False,8,0.8888888888888888
155,1_pos_1344,6,LVNPHDHQN,PHVNLHNQD,9,False,False,8,0.8888888888888888
155,1_pos_1344,7,LVNPHDHQN,NDLVQPHHN,9,False,False,7,0.7777777777777778
155,1_pos_1344,8,LVNPHDHQN,PLNNVHDHQ,9,False,False,8,0.8888888888888888
155,1_pos_1344,9,LVNPHDHQN,VDLQNHHPN,9,False,False,7,0.7777777777777778
156,1_pos_1177,0,PW,PW,2,True,False,0,0.0
156,1_pos_1177,1,PW,PW,2,True,True,0,0.0
156,1_pos_1177,2,PW,PW,2,True,True,0,0.0
156,1_pos_1177,3,PW,WP,2,False,False,2,1.0
156,1_pos_1177,4,PW,WP,2,False,True,2,1.0
156,1_pos_1177,5,PW,WP,2,False,True,2,1.0
156,1_pos_1177,6,PW,PW,2,True,True,0,0.0
156,1_pos_1177,7,PW,WP,2,False,True,2,1.0
156,1_pos_1177,8,PW,WP,2,False,True,2,1.0
156,1_pos_1177,9,PW,PW,2,True,True,0,0.0
157,1_pos_1455,0,YNY,NYY,3,False,False,2,0.6666666666666666
157,1_pos_1455,1,YNY,NYY,3,False,True,2,0.6666666666666666
157,1_pos_1455,2,YNY,NYY,3,False,True,2,0.6666666666666666
157,1_pos_1455,3,YNY,YNY,3,True,False,0,0.0
157,1_pos_1455,4,YNY,NYY,3,False,True,2,0.6666666666666666
157,1_pos_1455,5,YNY,YYN,3,False,False,2,0.6666666666666666
157,1_pos_1455,6,YNY,YNY,3,True,True,0,0.0
157,1_pos_1455,7,YNY,YNY,3,True,True,0,0.0
157,1_pos_1455,8,YNY,YYN,3,False,True,2,0.6666666666666666
157,1_pos_1455,9,YNY,NYY,3,False,True,2,0.6666666666666666
158,0_neg_869,0,VIGGDECNINEHPFLVLVYY,NDVLLENPVGIFVEYCHGYI,20,False,False,18,0.9
158,0_neg_869,1,VIGGDECNINEHPFLVLVYY,PHVELNVYVENFGIYDGLCI,20,False,False,20,1.0
158,0_neg_869,2,VIGGDECNINEHPFLVLVYY,PFIVGLYYCNVIELENHGDV,20,False,False,19,0.95
158,0_neg_869,3,VIGGDECNINEHPFLVLVYY,VGHGNLYCVIFEDYNVLIEP,20,False,False,16,0.8
158,0_neg_869,4,VIGGDECNINEHPFLVLVYY,NPGYEFLCNLHEYIIGDVVV,20,False,False,18,0.9
158,0_neg_869,5,VIGGDECNINEHPFLVLVYY,GINLIVLVNFEEYHCDPGYV,20,False,False,17,0.85
158,0_neg_869,6,VIGGDECNINEHPFLVLVYY,FHDLGIYYNEIPVVCGNLVE,20,False,False,20,1.0
158,0_neg_869,7,VIGGDECNINEHPFLVLVYY,PYGEHIVLECVNVGNFYLDI,20,False,False,19,0.95
158,0_neg_869,8,VIGGDECNINEHPFLVLVYY,VVPYVNIGYEHDNLCIGFEL,20,False,False,19,0.95
158,0_neg_869,9,VIGGDECNINEHPFLVLVYY,NNFEILIDGCYEVYVVGLPH,20,False,False,19,0.95
159,0_neg_947,0,VIGGSDTTIGQYPHQLSLR,GSQLTRTIGVYGISLPHDQ,19,False,False,18,0.9473684210526315
159,0_neg_947,1,VIGGSDTTIGQYPHQLSLR,QDHTGIISPYLRQVTGLGS,19,False,False,19,1.0
159,0_neg_947,2,VIGGSDTTIGQYPHQLSLR,HTDQTIYGGVSSGIPRQLL,19,False,False,18,0.9473684210526315
159,0_neg_947,3,VIGGSDTTIGQYPHQLSLR,DQSTGGQRIYLLSTVPHIG,19,False,False,18,0.9473684210526315
159,0_neg_947,4,VIGGSDTTIGQYPHQLSLR,HGPYQDQTLILGSRIVSGT,19,False,False,16,0.8421052631578947
159,0_neg_947,5,VIGGSDTTIGQYPHQLSLR,TIGGRQLLTHQYGPSSVID,19,False,False,14,0.7368421052631579
159,0_neg_947,6,VIGGSDTTIGQYPHQLSLR,QGSVQDIHSIGLRTGLTPY,19,False,False,17,0.8947368421052632
159,0_neg_947,7,VIGGSDTTIGQYPHQLSLR,VHGRSQYDLIGITLTSQPG,19,False,False,16,0.8421052631578947
159,0_neg_947,8,VIGGSDTTIGQYPHQLSLR,IHLRYSGPGQLQDGTITSV,19,False,False,19,1.0
159,0_neg_947,9,VIGGSDTTIGQYPHQLSLR,GQLDTLGQIIVTGSRHPSY,19,False,False,18,0.9473684210526315
160,1_pos_1340,0,QDAHVPDNFIPK,PDKVAIDQHNFP,12,False,False,10,0.8333333333333334
160,1_pos_1340,1,QDAHVPDNFIPK,ADNPDFHVQPKI,12,False,False,11,0.9166666666666666
160,1_pos_1340,2,QDAHVPDNFIPK,DNVIFQPPDHKA,12,False,False,12,1.0
160,1_pos_1340,3,QDAHVPDNFIPK,INHKFAPPDQDV,12,False,False,12,1.0
160,1_pos_1340,4,QDAHVPDNFIPK,FDKNPVHPDIAQ,12,False,False,10,0.8333333333333334
160,1_pos_1340,5,QDAHVPDNFIPK,QKPNAIDDHPVF,12,False,False,10,0.8333333333333334
160,1_pos_1340,6,QDAHVPDNFIPK,IDPNKVADQPHF,12,False,False,11,0.9166666666666666
160,1_pos_1340,7,QDAHVPDNFIPK,VFINQDPKHDPA,12,False,False,11,0.9166666666666666
160,1_pos_1340,8,QDAHVPDNFIPK,IAVHQDPFDNPK,12,False,False,9,0.75
160,1_pos_1340,9,QDAHVPDNFIPK,HQIFVKPDNDAP,12,False,False,11,0.9166666666666666
161,1_pos_201,0,WLLYLDGPPMGLT,LLYGPWGDLMTPL,13,False,False,10,0.7692307692307693
161,1_pos_201,1,WLLYLDGPPMGLT,LPLDLLYTGPWMG,13,False,False,11,0.8461538461538461
161,1_pos_201,2,WLLYLDGPPMGLT,GTLPGDLPLYLWM,13,False,False,10,0.7692307692307693
161,1_pos_201,3,WLLYLDGPPMGLT,MLTLLPPLWYGDG,13,False,False,10,0.7692307692307693
161,1_pos_201,4,WLLYLDGPPMGLT,LLGTYMWPLDGPL,13,False,False,10,0.7692307692307693
161,1_pos_201,5,WLLYLDGPPMGLT,PLTLLGMYDPGLW,13,False,False,9,0.6923076923076923
161,1_pos_201,6,WLLYLDGPPMGLT,LTWDPLMYLGGLP,13,False,False,11,0.8461538461538461
161,1_pos_201,7,WLLYLDGPPMGLT,LLYLPGGTMDWLP,13,False,False,10,0.7692307692307693
161,1_pos_201,8,WLLYLDGPPMGLT,LWPMLPTYGGLLD,13,False,False,11,0.8461538461538461
161,1_pos_201,9,WLLYLDGPPMGLT,WDMPLLGTYPLGL,13,False,False,10,0.7692307692307693
162,0_neg_1213,0,ATSAAQGAALDESVRKVLKP,ESLRKGAVSAADAKPTLVQA,20,False,False,20,1.0
162,0_neg_1213,1,ATSAAQGAALDESVRKVLKP,TRVVADKAQSLPAKAELGSA,20,False,False,18,0.9
162,0_neg_1213,2,ATSAAQGAALDESVRKVLKP,LKPKAAVQVATGASSREALD,20,False,False,19,0.95
162,0_neg_1213,3,ATSAAQGAALDESVRKVLKP,ASAAVLEADSAKVKGTLPQR,20,False,False,17,0.85
162,0_neg_1213,4,ATSAAQGAALDESVRKVLKP,PRQDSKAAGSVALTAAKLEV,20,False,False,18,0.9
162,0_neg_1213,5,ATSAAQGAALDESVRKVLKP,AAQPKLVAEGKRVASDLSAT,20,False,False,18,0.9
162,0_neg_1213,6,ATSAAQGAALDESVRKVLKP,SQSEGVKKAATLRDAVPALA,20,False,False,18,0.9
162,0_neg_1213,7,ATSAAQGAALDESVRKVLKP,ETLASADLKAGQKPVAVASR,20,False,False,17,0.85
162,0_neg_1213,8,ATSAAQGAALDESVRKVLKP,ATKSSVRGEQLALAAPVKAD,20,False,False,17,0.85
162,0_neg_1213,9,ATSAAQGAALDESVRKVLKP,TDSAGVAEPVKLQSALRAAK,20,False,False,18,0.9
163,1_pos_750,0,DDLPR,RPLDD,5,False,False,4,0.8
163,1_pos_750,1,DDLPR,RDLDP,5,False,False,3,0.6
163,1_pos_750,2,DDLPR,RLDPD,5,False,False,4,0.8
163,1_pos_750,3,DDLPR,DPRDL,5,False,False,4,0.8
163,1_pos_750,4,DDLPR,RDPLD,5,False,False,4,0.8
163,1_pos_750,5,DDLPR,LDDRP,5,False,False,4,0.8
163,1_pos_750,6,DDLPR,DDLRP,5,False,False,2,0.4
163,1_pos_750,7,DDLPR,LRDDP,5,False,False,5,1.0
163,1_pos_750,8,DDLPR,DRLDP,5,False,False,3,0.6
163,1_pos_750,9,DDLPR,DDLPR,5,True,False,0,0.0
164,0_neg_1037,0,FLGALVNALTRVL,AVFTGVNARLLLL,13,False,False,9,0.6923076923076923
164,0_neg_1037,1,FLGALVNALTRVL,FVTRLGLNAVLAL,13,False,False,10,0.7692307692307693
164,0_neg_1037,2,FLGALVNALTRVL,LLNVAGRLLFAVT,13,False,False,10,0.7692307692307693
164,0_neg_1037,3,FLGALVNALTRVL,RVLLGATLFVNLA,13,False,False,13,1.0
164,0_neg_1037,4,FLGALVNALTRVL,ALTALNFRVLVLG,13,False,False,10,0.7692307692307693
164,0_neg_1037,5,FLGALVNALTRVL,LLFAVALGVLTNR,13,False,False,11,0.8461538461538461
164,0_neg_1037,6,FLGALVNALTRVL,LGVNFATALVLRL,13,False,False,10,0.7692307692307693
164,0_neg_1037,7,FLGALVNALTRVL,LVLVARTGALFLN,13,False,False,13,1.0
164,0_neg_1037,8,FLGALVNALTRVL,GAANVLFLLRTVL,13,False,False,10,0.7692307692307693
164,0_neg_1037,9,FLGALVNALTRVL,TLGVLNRVAFALL,13,False,False,9,0.6923076923076923
165,0_neg_217,0,DASFHSWG,WSFSHAGD,8,False,False,7,0.875
165,0_neg_217,1,DASFHSWG,DGASHFWS,8,False,False,5,0.625
165,0_neg_217,2,DASFHSWG,HASWFGDS,8,False,False,6,0.75
165,0_neg_217,3,DASFHSWG,WSFDAGHS,8,False,False,8,1.0
165,0_neg_217,4,DASFHSWG,SFDSGWAH,8,False,False,8,1.0
165,0_neg_217,5,DASFHSWG,FDASGSHW,8,False,False,7,0.875
165,0_neg_217,6,DASFHSWG,GSSFDAHW,8,False,False,6,0.75
165,0_neg_217,7,DASFHSWG,DWAFSHGS,8,False,False,6,0.75
165,0_neg_217,8,DASFHSWG,DSSHGAWF,8,False,False,5,0.625
165,0_neg_217,9,DASFHSWG,HSASGDWF,8,False,False,7,0.875
166,0_neg_746,0,NYYKKLFGSGTTLVVT,LKVLGFTYVSTKTYGN,16,False,False,15,0.9375
166,0_neg_746,1,NYYKKLFGSGTTLVVT,LTLGKYFVNKSGTTVY,16,False,False,13,0.8125
166,0_neg_746,2,NYYKKLFGSGTTLVVT,FNTTLVTVSGYKYLGK,16,False,False,14,0.875
166,0_neg_746,3,NYYKKLFGSGTTLVVT,TYVTNVLKLFYTGSKG,16,False,False,14,0.875
166,0_neg_746,4,NYYKKLFGSGTTLVVT,TTGYFVLKSVKTGNYL,16,False,False,14,0.875
166,0_neg_746,5,NYYKKLFGSGTTLVVT,LVGTSTLYFVGTYKKN,16,False,False,15,0.9375
166,0_neg_746,6,NYYKKLFGSGTTLVVT,VYTGYTKLGNFVLSKT,16,False,False,13,0.8125
166,0_neg_746,7,NYYKKLFGSGTTLVVT,TYNKTGVKGLTFYLVS,16,False,False,12,0.75
166,0_neg_746,8,NYYKKLFGSGTTLVVT,LTNFYTTVVYGSKLKG,16,False,False,16,1.0
166,0_neg_746,9,NYYKKLFGSGTTLVVT,TLFLGYKVTKGTYVSN,16,False,False,14,0.875
167,0_neg_1315,0,DPHHDFMRF,FRPHDFMDH,9,False,False,5,0.5555555555555556
167,0_neg_1315,1,DPHHDFMRF,HFHDPMDFR,9,False,False,8,0.8888888888888888
167,0_neg_1315,2,DPHHDFMRF,DDFMHPRFH,9,False,False,8,0.8888888888888888
167,0_neg_1315,3,DPHHDFMRF,DDMRHFPFH,9,False,False,7,0.7777777777777778
167,0_neg_1315,4,DPHHDFMRF,HDFDFMPRH,9,False,False,8,0.8888888888888888
167,0_neg_1315,5,DPHHDFMRF,FMRFPDHHD,9,False,False,9,1.0
167,0_neg_1315,6,DPHHDFMRF,RFDMHDHFP,9,False,False,9,1.0
167,0_neg_1315,7,DPHHDFMRF,HHPFRDDMF,9,False,False,8,0.8888888888888888
167,0_neg_1315,8,DPHHDFMRF,FFMHDDPRH,9,False,False,6,0.6666666666666666
167,0_neg_1315,9,DPHHDFMRF,DHPHRDFFM,9,False,False,7,0.7777777777777778
168,0_neg_327,0,SDRELHRSKAAYFF,YDSRSHFRALEFAK,14,False,False,12,0.8571428571428571
168,0_neg_327,1,SDRELHRSKAAYFF,DLFEAAFSYRHRKS,14,False,False,12,0.8571428571428571
168,0_neg_327,2,SDRELHRSKAAYFF,AFHFDRYAKLSSER,14,False,False,13,0.9285714285714286
168,0_neg_327,3,SDRELHRSKAAYFF,FDLSKHRSEYAFRA,14,False,False,9,0.6428571428571429
168,0_neg_327,4,SDRELHRSKAAYFF,ERHASYDFKLFRSA,14,False,False,13,0.9285714285714286
168,0_neg_327,5,SDRELHRSKAAYFF,HKFSRREDSFYLAA,14,False,False,14,1.0
168,0_neg_327,6,SDRELHRSKAAYFF,FLHERAFSDSKRAY,14,False,False,12,0.8571428571428571
168,0_neg_327,7,SDRELHRSKAAYFF,FYESSARAKFRHLD,14,False,False,12,0.8571428571428571
168,0_neg_327,8,SDRELHRSKAAYFF,RKFARSDLAEHYSF,14,False,False,12,0.8571428571428571
168,0_neg_327,9,SDRELHRSKAAYFF,HRAADSSKFLYFRE,14,False,False,14,1.0
169,0_neg_542,0,VNDGYLDNGLQEGDFE,GVLEGDDGFQEDYNLN,16,False,False,15,0.9375
169,0_neg_542,1,VNDGYLDNGLQEGDFE,LVDLEFNEGDYNGGQD,16,False,False,13,0.8125
169,0_neg_542,2,VNDGYLDNGLQEGDFE,GDDYFGLEQDEVLGNN,16,False,False,15,0.9375
169,0_neg_542,3,VNDGYLDNGLQEGDFE,ELVEDGGGNDDLQFNY,16,False,False,16,1.0
169,0_neg_542,4,VNDGYLDNGLQEGDFE,EGNEVGDFDQGYLLND,16,False,False,15,0.9375
169,0_neg_542,5,VNDGYLDNGLQEGDFE,EVLNFDEGYGGLDQDN,16,False,False,16,1.0
169,0_neg_542,6,VNDGYLDNGLQEGDFE,EDQNYELGGLDFVGDN,16,False,False,13,0.8125
169,0_neg_542,7,VNDGYLDNGLQEGDFE,EELNQLVNDDYGDFGG,16,False,False,14,0.875
169,0_neg_542,8,VNDGYLDNGLQEGDFE,GEENNLVFDYDDQGLG,16,False,False,15,0.9375
169,0_neg_542,9,VNDGYLDNGLQEGDFE,DLGNQNYFVDGEGEDL,16,False,False,14,0.875
170,0_neg_92,0,SNTSHQDFHSFYGTNLMIGG,GTFSSLYGGDFTNQMSIHNH,20,False,False,18,0.9
170,0_neg_92,1,SNTSHQDFHSFYGTNLMIGG,GNFGSSFDGYLIMTTQNHSH,20,False,False,18,0.9
170,0_neg_92,2,SNTSHQDFHSFYGTNLMIGG,FHGNSDLIFMNSYHGTGQST,20,False,False,20,1.0
170,0_neg_92,3,SNTSHQDFHSFYGTNLMIGG,GNFTSFGHTSQSIHYDGLMN,20,False,False,18,0.9
170,0_neg_92,4,SNTSHQDFHSFYGTNLMIGG,DSFFGSHMYTNILNSQHTGG,20,False,False,18,0.9
170,0_neg_92,5,SNTSHQDFHSFYGTNLMIGG,FGSNFGLTSSHHGMTYQNDI,20,False,False,18,0.9
170,0_neg_92,6,SNTSHQDFHSFYGTNLMIGG,GNDSHSLGFGNIQFTSTYHM,20,False,False,17,0.85
170,0_neg_92,7,SNTSHQDFHSFYGTNLMIGG,FFGNGQLNMTITGHSDSHYS,20,False,False,18,0.9
170,0_neg_92,8,SNTSHQDFHSFYGTNLMIGG,FMDHNQIGSNLSHTGTFGSY,20,False,False,18,0.9
170,0_neg_92,9,SNTSHQDFHSFYGTNLMIGG,STIGNHLSTGMHFDNSQGYF,20,False,False,18,0.9
171,0_neg_615,0,QVNFTPSW,WNTFQSPV,8,False,False,7,0.875
171,0_neg_615,1,QVNFTPSW,FQSPTWVN,8,False,False,7,0.875
171,0_neg_615,2,QVNFTPSW,FNQSTWVP,8,False,False,7,0.875
171,0_neg_615,3,QVNFTPSW,WTVNSQFP,8,False,False,8,1.0
171,0_neg_615,4,QVNFTPSW,NVWTSPQF,8,False,False,6,0.75
171,0_neg_615,5,QVNFTPSW,TSQVFNWP,8,False,False,8,1.0
171,0_neg_615,6,QVNFTPSW,QWTSVNPF,8,False,False,7,0.875
171,0_neg_615,7,QVNFTPSW,NVTWQFSP,8,False,False,6,0.75
171,0_neg_615,8,QVNFTPSW,VSWFTQPN,8,False,False,6,0.75
171,0_neg_615,9,QVNFTPSW,PSTQNFWV,8,False,False,8,1.0
172,1_pos_1391,0,PWG,GPW,3,False,False,3,1.0
172,1_pos_1391,1,PWG,WGP,3,False,False,3,1.0
172,1_pos_1391,2,PWG,GWP,3,False,False,2,0.6666666666666666
172,1_pos_1391,3,PWG,WGP,3,False,True,3,1.0
172,1_pos_1391,4,PWG,PGW,3,False,False,2,0.6666666666666666
172,1_pos_1391,5,PWG,GWP,3,False,True,2,0.6666666666666666
172,1_pos_1391,6,PWG,GPW,3,False,True,3,1.0
172,1_pos_1391,7,PWG,WPG,3,False,False,2,0.6666666666666666
172,1_pos_1391,8,PWG,WPG,3,False,True,2,0.6666666666666666
172,1_pos_1391,9,PWG,PGW,3,False,True,2,0.6666666666666666
173,1_pos_779,0,GSPGPQGPPGSIGPQ,PGGPGSQIQPSPGGP,15,False,False,13,0.8666666666666667
173,1_pos_779,1,GSPGPQGPPGSIGPQ,PGQSSQGGGPPIGPP,15,False,False,10,0.6666666666666666
173,1_pos_779,2,GSPGPQGPPGSIGPQ,SGPIPPPGQPQGSGG,15,False,False,13,0.8666666666666667
173,1_pos_779,3,GSPGPQGPPGSIGPQ,PGPSQSGGGGPPIQP,15,False,False,12,0.8
173,1_pos_779,4,GSPGPQGPPGSIGPQ,PQPIGGGQSSGPPGP,15,False,False,13,0.8666666666666667
173,1_pos_779,5,GSPGPQGPPGSIGPQ,PGIPQGPQGGGPSSP,15,False,False,14,0.9333333333333333
173,1_pos_779,6,GSPGPQGPPGSIGPQ,PQPGPQPGGPISSGG,15,False,False,11,0.7333333333333333
173,1_pos_779,7,GSPGPQGPPGSIGPQ,SQGGPPQPGPGPSIG,15,False,False,12,0.8
173,1_pos_779,8,GSPGPQGPPGSIGPQ,GQPGPIPPGGSGQSP,15,False,False,8,0.5333333333333333
173,1_pos_779,9,GSPGPQGPPGSIGPQ,PIGPGPQGQSSPGPG,15,False,False,12,0.8
174,0_neg_562,0,SLLSLIRKLIT,SITLKSILLLR,11,False,False,9,0.8181818181818182
174,0_neg_562,1,SLLSLIRKLIT,LIRSLSTKLIL,11,False,False,6,0.5454545454545454
174,0_neg_562,2,SLLSLIRKLIT,LSSLLTLIIRK,11,False,False,10,0.9090909090909091
174,0_neg_562,3,SLLSLIRKLIT,LLKILISSTRL,11,False,False,8,0.7272727272727273
174,0_neg_562,4,SLLSLIRKLIT,SSLLILKTIRL,11,False,False,9,0.8181818181818182
174,0_neg_562,5,SLLSLIRKLIT,LRKSILLSLTI,11,False,False,9,0.8181818181818182
174,0_neg_562,6,SLLSLIRKLIT,ILKLISTRLLS,11,False,False,9,0.8181818181818182
174,0_neg_562,7,SLLSLIRKLIT,IRSLSLILTLK,11,False,False,11,1.0
174,0_neg_562,8,SLLSLIRKLIT,LLTKLISRLSI,11,False,False,7,0.6363636363636364
174,0_neg_562,9,SLLSLIRKLIT,LLTLIISRSKL,11,False,False,9,0.8181818181818182
175,0_neg_596,0,ISALFDEYEPLNDAD,EADDELANDPYFLIS,15,False,False,14,0.9333333333333333
175,0_neg_596,1,ISALFDEYEPLNDAD,ASLIDAEDYFEPNLD,15,False,False,12,0.8
175,0_neg_596,2,ISALFDEYEPLNDAD,IDDDLEAFYALPSNE,15,False,False,13,0.8666666666666667
175,0_neg_596,3,ISALFDEYEPLNDAD,ASDNLDFADILPYEE,15,False,False,12,0.8
175,0_neg_596,4,ISALFDEYEPLNDAD,YALAELDENISPDFD,15,False,False,13,0.8666666666666667
175,0_neg_596,5,ISALFDEYEPLNDAD,AESAPIDNYELDDLF,15,False,False,13,0.8666666666666667
175,0_neg_596,6,ISALFDEYEPLNDAD,ISFDLNAEAEDLDPY,15,False,False,12,0.8
175,0_neg_596,7,ISALFDEYEPLNDAD,YESAANLDDEFDPLI,15,False,False,15,1.0
175,0_neg_596,8,ISALFDEYEPLNDAD,DPADDLIAEEFNYSL,15,False,False,12,0.8
175,0_neg_596,9,ISALFDEYEPLNDAD,SDIYEDAANLDFELP,15,False,False,14,0.9333333333333333
176,0_neg_1099,0,FEDGKKVRFFKSNKETIK,SKGKETFVKDIKNERKFF,18,False,False,17,0.9444444444444444
176,0_neg_1099,1,FEDGKKVRFFKSNKETIK,DFNVKSGRFKKKITEEKF,18,False,False,13,0.7222222222222222
176,0_neg_1099,2,FEDGKKVRFFKSNKETIK,FKKVNSREFTKKDFIKEG,18,False,False,15,0.8333333333333334
176,0_neg_1099,3,FEDGKKVRFFKSNKETIK,IKNESKFEDFKVRTGFKK,18,False,False,14,0.7777777777777778
176,0_neg_1099,4,FEDGKKVRFFKSNKETIK,KTVESRFEIFNGFDKKKK,18,False,False,16,0.8888888888888888
176,0_neg_1099,5,FEDGKKVRFFKSNKETIK,KFFKDFTKVNIERKSGKE,18,False,False,17,0.9444444444444444
176,0_neg_1099,6,FEDGKKVRFFKSNKETIK,TFSEEVKFKDRNKKFKIG,18,False,False,16,0.8888888888888888
176,0_neg_1099,7,FEDGKKVRFFKSNKETIK,KVDIEGNFFKEKKTKSRF,18,False,False,16,0.8888888888888888
176,0_neg_1099,8,FEDGKKVRFFKSNKETIK,KSIRVDENKGFTKKKFEF,18,False,False,17,0.9444444444444444
176,0_neg_1099,9,FEDGKKVRFFKSNKETIK,FIKFESDKKRVTNKEFKG,18,False,False,14,0.7777777777777778
177,0_neg_77,0,AGFVLKGYTKTSQ,AKGLYVSTKTGQF,13,False,False,12,0.9230769230769231
177,0_neg_77,1,AGFVLKGYTKTSQ,LTGSGTVAKYKQF,13,False,False,13,1.0
177,0_neg_77,2,AGFVLKGYTKTSQ,FAKSVKLTGQGTY,13,False,False,12,0.9230769230769231
177,0_neg_77,3,AGFVLKGYTKTSQ,KTYATLGQKGVFS,13,False,False,12,0.9230769230769231
177,0_neg_77,4,AGFVLKGYTKTSQ,YQVKLGTTGSFAK,13,False,False,12,0.9230769230769231
177,0_neg_77,5,AGFVLKGYTKTSQ,VGKYATGQKTFLS,13,False,False,11,0.8461538461538461
177,0_neg_77,6,AGFVLKGYTKTSQ,GSGKVYTATKFLQ,13,False,False,10,0.7692307692307693
177,0_neg_77,7,AGFVLKGYTKTSQ,VKSTKFGLYQGTA,13,False,False,12,0.9230769230769231
177,0_neg_77,8,AGFVLKGYTKTSQ,TQAVLGKSTKFYG,13,False,False,9,0.6923076923076923
177,0_neg_77,9,AGFVLKGYTKTSQ,KTVGTYFKGLQSA,13,False,False,12,0.9230769230769231
178,0_neg_24,0,NQDCLSDWSFYEQYCYKVF,LFYDKSQNCSWECYYFVQD,19,False,False,16,0.8421052631578947
178,0_neg_24,1,NQDCLSDWSFYEQYCYKVF,FVFCLQQSYNSDYWKYDCE,19,False,False,16,0.8421052631578947
178,0_neg_24,2,NQDCLSDWSFYEQYCYKVF,VLYYCWDDSQNSYCFEFQK,19,False,False,17,0.8947368421052632
178,0_neg_24,3,NQDCLSDWSFYEQYCYKVF,DNFSDCKEYCQYVQYLWSF,19,False,False,18,0.9473684210526315
178,0_neg_24,4,NQDCLSDWSFYEQYCYKVF,YCKNEYDLFFQCYSWDQVS,19,False,False,16,0.8421052631578947
178,0_neg_24,5,NQDCLSDWSFYEQYCYKVF,FEDVKSCYCSWQQFYYNDL,19,False,False,15,0.7894736842105263
178,0_neg_24,6,NQDCLSDWSFYEQYCYKVF,YLQSSYQDDFYFWCCNKEV,19,False,False,15,0.7894736842105263
178,0_neg_24,7,NQDCLSDWSFYEQYCYKVF,DYEDFNKQYWSCYSLCVFQ,19,False,False,19,1.0
178,0_neg_24,8,NQDCLSDWSFYEQYCYKVF,YWQFCYELYKCNDQFVDSS,19,False,False,19,1.0
178,0_neg_24,9,NQDCLSDWSFYEQYCYKVF,WSDLYDVNCSCEFQYQYKF,19,False,False,16,0.8421052631578947
179,0_neg_380,0,EPPPWVPV,VWPPVEPP,8,False,False,5,0.625
179,0_neg_380,1,EPPPWVPV,PPPPVEVW,8,False,False,5,0.625
179,0_neg_380,2,EPPPWVPV,WVEPPVPP,8,False,False,5,0.625
179,0_neg_380,3,EPPPWVPV,VPVPEWPP,8,False,False,5,0.625
179,0_neg_380,4,EPPPWVPV,PVWPPPVE,8,False,False,7,0.875
179,0_neg_380,5,EPPPWVPV,PPWVVPPE,8,False,False,6,0.75
179,0_neg_380,6,EPPPWVPV,PVPEPPWV,8,False,False,6,0.75
179,0_neg_380,7,EPPPWVPV,PEVWPPPV,8,False,False,6,0.75
179,0_neg_380,8,EPPPWVPV,WPEVPVPP,8,False,False,5,0.625
179,0_neg_380,9,EPPPWVPV,EVPPWPVP,8,False,False,4,0.5
180,1_pos_357,0,IYIEQGNGITGM,IYMQEGTINIGG,12,False,False,8,0.6666666666666666
180,1_pos_357,1,IYIEQGNGITGM,IMTQGIIYNGGE,12,False,False,10,0.8333333333333334
180,1_pos_357,2,IYIEQGNGITGM,YEGIGNTMGIIQ,12,False,False,12,1.0
180,1_pos_357,3,IYIEQGNGITGM,YQIIMTEGIGNG,12,False,False,9,0.75
180,1_pos_357,4,IYIEQGNGITGM,MGIEGQYITNIG,12,False,False,10,0.8333333333333334
180,1_pos_357,5,IYIEQGNGITGM,GGIGMQTYINIE,12,False,False,10,0.8333333333333334
180,1_pos_357,6,IYIEQGNGITGM,GQGMNEITIGIY,12,False,False,11,0.9166666666666666
180,1_pos_357,7,IYIEQGNGITGM,GETNIGIQYGMI,12,False,False,11,0.9166666666666666
180,1_pos_357,8,IYIEQGNGITGM,ITIGGNEGYIMQ,12,False,False,9,0.75
180,1_pos_357,9,IYIEQGNGITGM,EINGGTIIYGQM,12,False,False,11,0.9166666666666666
181,0_neg_1263,0,QGPSPRHPIPP,QHSIPGRPPPP,11,False,False,6,0.5454545454545454
181,0_neg_1263,1,QGPSPRHPIPP,PPQPPRIGPSH,11,False,False,9,0.8181818181818182
181,0_neg_1263,2,QGPSPRHPIPP,PHPPQRGSPIP,11,False,False,8,0.7272727272727273
181,0_neg_1263,3,QGPSPRHPIPP,HGPSIQRPPPP,11,False,False,5,0.45454545454545453
181,0_neg_1263,4,QGPSPRHPIPP,HPGIRPPPPQS,11,False,False,10,0.9090909090909091
181,0_neg_1263,5,QGPSPRHPIPP,PPPGSRPPHQI,11,False,False,8,0.7272727272727273
181,0_neg_1263,6,QGPSPRHPIPP,QSGIPRPHPPP,11,False,False,6,0.5454545454545454
181,0_neg_1263,7,QGPSPRHPIPP,SPQGPIRHPPP,11,False,False,8,0.7272727272727273
181,0_neg_1263,8,QGPSPRHPIPP,IPHPPSPQGPR,11,False,False,9,0.8181818181818182
181,0_neg_1263,9,QGPSPRHPIPP,PPQPRPSGHPI,11,False,False,10,0.9090909090909091
182,1_pos_284,0,RWE,RWE,3,True,False,0,0.0
182,1_pos_284,1,RWE,ERW,3,False,False,3,1.0
182,1_pos_284,2,RWE,RWE,3,True,True,0,0.0
182,1_pos_284,3,RWE,REW,3,False,False,2,0.6666666666666666
182,1_pos_284,4,RWE,WER,3,False,False,3,1.0
182,1_pos_284,5,RWE,EWR,3,False,False,2,0.6666666666666666
182,1_pos_284,6,RWE,WER,3,False,True,3,1.0
182,1_pos_284,7,RWE,ERW,3,False,True,3,1.0
182,1_pos_284,8,RWE,REW,3,False,True,2,0.6666666666666666
182,1_pos_284,9,RWE,RWE,3,True,True,0,0.0
183,1_pos_903,0,PPK,PPK,3,True,False,0,0.0
183,1_pos_903,1,PPK,KPP,3,False,False,2,0.6666666666666666
183,1_pos_903,2,PPK,PKP,3,False,False,2,0.6666666666666666
183,1_pos_903,3,PPK,PKP,3,False,True,2,0.6666666666666666
183,1_pos_903,4,PPK,PKP,3,False,True,2,0.6666666666666666
183,1_pos_903,5,PPK,PPK,3,True,True,0,0.0
183,1_pos_903,6,PPK,KPP,3,False,True,2,0.6666666666666666
183,1_pos_903,7,PPK,PPK,3,True,True,0,0.0
183,1_pos_903,8,PPK,PKP,3,False,True,2,0.6666666666666666
183,1_pos_903,9,PPK,PPK,3,True,True,0,0.0
184,1_pos_1452,0,LCPVHRAADL,LDAAHRVPLC,10,False,False,7,0.7
184,1_pos_1452,1,LCPVHRAADL,DCLVAHLPRA,10,False,False,8,0.8
184,1_pos_1452,2,LCPVHRAADL,LRDAPVHLCA,10,False,False,9,0.9
184,1_pos_1452,3,LCPVHRAADL,AHVRLDPLCA,10,False,False,10,1.0
184,1_pos_1452,4,LCPVHRAADL,LHVACDALPR,10,False,False,8,0.8
184,1_pos_1452,5,LCPVHRAADL,RPVALCALDH,10,False,False,8,0.8
184,1_pos_1452,6,LCPVHRAADL,LRADVALHCP,10,False,False,9,0.9
184,1_pos_1452,7,LCPVHRAADL,HRCPAALVDL,10,False,False,8,0.8
184,1_pos_1452,8,LCPVHRAADL,DALARVPHLC,10,False,False,10,1.0
184,1_pos_1452,9,LCPVHRAADL,LLAHCVADPR,10,False,False,8,0.8
185,0_neg_586,0,QKKDKKDR,KKQDKRKD,8,False,False,5,0.625
185,0_neg_586,1,QKKDKKDR,QKKRDKKD,8,False,False,4,0.5
185,0_neg_586,2,QKKDKKDR,DRKQKKDK,8,False,False,4,0.5
185,0_neg_586,3,QKKDKKDR,KDKQKDRK,8,False,False,6,0.75
185,0_neg_586,4,QKKDKKDR,KRKDDQKK,8,False,False,6,0.75
185,0_neg_586,5,QKKDKKDR,RKDKKDQK,8,False,False,6,0.75
185,0_neg_586,6,QKKDKKDR,RKKKDDKQ,8,False,False,6,0.75
185,0_neg_586,7,QKKDKKDR,KDDRKQKK,8,False,False,7,0.875
185,0_neg_586,8,QKKDKKDR,DKQKKRDK,8,False,False,5,0.625
185,0_neg_586,9,QKKDKKDR,KRKKKQDD,8,False,False,5,0.625
186,1_pos_1086,0,YQQPVLGPVRGPFPIIV,GGIPVVPPFLYQRPQIV,17,False,False,11,0.6470588235294118
186,1_pos_1086,1,YQQPVLGPVRGPFPIIV,GGPVIPQYFPVQIPLRV,17,False,False,15,0.8823529411764706
186,1_pos_1086,2,YQQPVLGPVRGPFPIIV,QIQPGFPVGYPLRVPVI,17,False,False,15,0.8823529411764706
186,1_pos_1086,3,YQQPVLGPVRGPFPIIV,QIIVLPPGQVPYPGFVR,17,False,False,17,1.0
186,1_pos_1086,4,YQQPVLGPVRGPFPIIV,VFIPQRPIGLVYQGVPP,17,False,False,16,0.9411764705882353
186,1_pos_1086,5,YQQPVLGPVRGPFPIIV,QLPYVGGPVFQPPRIVI,17,False,False,11,0.6470588235294118
186,1_pos_1086,6,YQQPVLGPVRGPFPIIV,RPVVFILGPQYQGIVPP,17,False,False,17,1.0
186,1_pos_1086,7,YQQPVLGPVRGPFPIIV,VIRLVPVQFPPYGGIQP,17,False,False,15,0.8823529411764706
186,1_pos_1086,8,YQQPVLGPVRGPFPIIV,GIPRYFPPLVIVPVQQG,17,False,False,16,0.9411764705882353
186,1_pos_1086,9,YQQPVLGPVRGPFPIIV,QPVVQIPPPVRFGYLIG,17,False,False,15,0.8823529411764706
187,1_pos_390,0,GFFKWHPRCGEEHSMWT,RTFFWWGEGMHHECPSK,17,False,False,15,0.8823529411764706
187,1_pos_390,1,GFFKWHPRCGEEHSMWT,SREHWTWGEGFPCFKHM,17,False,False,15,0.8823529411764706
187,1_pos_390,2,GFFKWHPRCGEEHSMWT,FRPECWSMEWHGGTHFK,17,False,False,17,1.0
187,1_pos_390,3,GFFKWHPRCGEEHSMWT,FFCKERMSETWHGWPGH,17,False,False,15,0.8823529411764706
187,1_pos_390,4,GFFKWHPRCGEEHSMWT,WGGFCFSMEEKWHTHRP,17,False,False,16,0.9411764705882353
187,1_pos_390,5,GFFKWHPRCGEEHSMWT,KSGFRPWMHFEHCEGTW,17,False,False,16,0.9411764705882353
187,1_pos_390,6,GFFKWHPRCGEEHSMWT,WMFSPCHERGEKTWHFG,17,False,False,14,0.8235294117647058
187,1_pos_390,7,GFFKWHPRCGEEHSMWT,FCHWGPRKGSFEHTWEM,17,False,False,15,0.8823529411764706
187,1_pos_390,8,GFFKWHPRCGEEHSMWT,GRESMPFWCFHTEGWHK,17,False,False,15,0.8823529411764706
187,1_pos_390,9,GFFKWHPRCGEEHSMWT,WTEFGHHKGFPCEMRWS,17,False,False,15,0.8823529411764706
188,1_pos_84,0,GDMNP,DGNPM,5,False,False,5,1.0
188,1_pos_84,1,GDMNP,MPNGD,5,False,False,5,1.0
188,1_pos_84,2,GDMNP,GNMPD,5,False,False,3,0.6
188,1_pos_84,3,GDMNP,DMPNG,5,False,False,4,0.8
188,1_pos_84,4,GDMNP,NDMPG,5,False,False,3,0.6
188,1_pos_84,5,GDMNP,MNDGP,5,False,False,4,0.8
188,1_pos_84,6,GDMNP,GMNDP,5,False,False,3,0.6
188,1_pos_84,7,GDMNP,MPNDG,5,False,False,5,1.0
188,1_pos_84,8,GDMNP,GNPDM,5,False,False,4,0.8
188,1_pos_84,9,GDMNP,PNDMG,5,False,False,5,1.0
189,0_neg_19,0,GPIPWQRRI,PQGWPRRII,9,False,False,7,0.7777777777777778
189,0_neg_19,1,GPIPWQRRI,RRIIGPQPW,9,False,False,8,0.8888888888888888
189,0_neg_19,2,GPIPWQRRI,IRPPIWQRG,9,False,False,7,0.7777777777777778
189,0_neg_19,3,GPIPWQRRI,RPPQGIIWR,9,False,False,8,0.8888888888888888
189,0_neg_19,4,GPIPWQRRI,IGRQRIPWP,9,False,False,9,1.0
189,0_neg_19,5,GPIPWQRRI,QRRWIIGPP,9,False,False,9,1.0
189,0_neg_19,6,GPIPWQRRI,PQIGRPRIW,9,False,False,7,0.7777777777777778
189,0_neg_19,7,GPIPWQRRI,WIRIGQRPP,9,False,False,7,0.7777777777777778
189,0_neg_19,8,GPIPWQRRI,WGPRPRIIQ,9,False,False,9,1.0
189,0_neg_19,9,GPIPWQRRI,IWRIRGQPP,9,False,False,9,1.0
190,0_neg_1517,0,QLTFTPNWGT,PNGTQWFTTL,10,False,False,10,1.0
190,0_neg_1517,1,QLTFTPNWGT,LPTWNQTFGT,10,False,False,7,0.7
190,0_neg_1517,2,QLTFTPNWGT,WTQTFGTNPL,10,False,False,10,1.0
190,0_neg_1517,3,QLTFTPNWGT,LGNTWQTPTF,10,False,False,10,1.0
190,0_neg_1517,4,QLTFTPNWGT,FQPWGTTLNT,10,False,False,9,0.9
190,0_neg_1517,5,QLTFTPNWGT,GQTPTWTLFN,10,False,False,8,0.8
190,0_neg_1517,6,QLTFTPNWGT,GQFLTTWTPN,10,False,False,9,0.9
190,0_neg_1517,7,QLTFTPNWGT,QNPWGLTTFT,10,False,False,8,0.8
190,0_neg_1517,8,QLTFTPNWGT,WGFTNLQPTT,10,False,False,9,0.9
190,0_neg_1517,9,QLTFTPNWGT,FPTLQTNTWG,10,False,False,8,0.8
191,0_neg_1513,0,SVDMVMKGIKLWPL,LKMKGIDWMVSVLP,14,False,False,14,1.0
191,0_neg_1513,1,SVDMVMKGIKLWPL,LLDPIVMKVSMGWK,14,False,False,13,0.9285714285714286
191,0_neg_1513,2,SVDMVMKGIKLWPL,VPKVGLSMWIMKLD,14,False,False,14,1.0
191,0_neg_1513,3,SVDMVMKGIKLWPL,VLPDSWIMGKMLKV,14,False,False,13,0.9285714285714286
191,0_neg_1513,4,SVDMVMKGIKLWPL,DVIPVMKSMKWGLL,14,False,False,8,0.5714285714285714
191,0_neg_1513,5,SVDMVMKGIKLWPL,LWVIMGLKSDKMPV,14,False,False,13,0.9285714285714286
191,0_neg_1513,6,SVDMVMKGIKLWPL,VKWSMDKVGIPMLL,14,False,False,12,0.8571428571428571
191,0_neg_1513,7,SVDMVMKGIKLWPL,KMGPDSMKVLLIVW,14,False,False,13,0.9285714285714286
191,0_neg_1513,8,SVDMVMKGIKLWPL,MDLMVVKGILSWPK,14,False,False,7,0.5
191,0_neg_1513,9,SVDMVMKGIKLWPL,KVKSPWLIMMLDVG,14,False,False,12,0.8571428571428571
192,1_pos_139,0,VYY,YYV,3,False,False,2,0.6666666666666666
192,1_pos_139,1,VYY,YVY,3,False,False,2,0.6666666666666666
192,1_pos_139,2,VYY,YVY,3,False,True,2,0.6666666666666666
192,1_pos_139,3,VYY,VYY,3,True,False,0,0.0
192,1_pos_139,4,VYY,YVY,3,False,True,2,0.6666666666666666
192,1_pos_139,5,VYY,YYV,3,False,True,2,0.6666666666666666
192,1_pos_139,6,VYY,YVY,3,False,True,2,0.6666666666666666
192,1_pos_139,7,VYY,VYY,3,True,True,0,0.0
192,1_pos_139,8,VYY,YVY,3,False,True,2,0.6666666666666666
192,1_pos_139,9,VYY,VYY,3,True,True,0,0.0
193,0_neg_1212,0,ITCLSDINSK,LCSNTDISIK,10,False,False,7,0.7
193,0_neg_1212,1,ITCLSDINSK,DSITNLCIKS,10,False,False,10,1.0
193,0_neg_1212,2,ITCLSDINSK,IKTLCINSDS,10,False,False,8,0.8
193,0_neg_1212,3,ITCLSDINSK,IDSTLNCSIK,10,False,False,8,0.8
193,0_neg_1212,4,ITCLSDINSK,ISKTCLDSNI,10,False,False,9,0.9
193,0_neg_1212,5,ITCLSDINSK,CLISNSITKD,10,False,False,9,0.9
193,0_neg_1212,6,ITCLSDINSK,ISDCTNLKSI,10,False,False,8,0.8
193,0_neg_1212,7,ITCLSDINSK,DCSLTISNKI,10,False,False,8,0.8
193,0_neg_1212,8,ITCLSDINSK,ICSKNTISLD,10,False,False,8,0.8
193,0_neg_1212,9,ITCLSDINSK,NSCTDILKSI,10,False,False,8,0.8
194,1_pos_1469,0,INYW,WYNI,4,False,False,4,1.0
194,1_pos_1469,1,INYW,YIWN,4,False,False,4,1.0
194,1_pos_1469,2,INYW,WNIY,4,False,False,3,0.75
194,1_pos_1469,3,INYW,NIWY,4,False,False,4,1.0
194,1_pos_1469,4,INYW,INWY,4,False,False,2,0.5
194,1_pos_1469,5,INYW,YWIN,4,False,False,4,1.0
194,1_pos_1469,6,INYW,NWIY,4,False,False,4,1.0
194,1_pos_1469,7,INYW,YNIW,4,False,False,2,0.5
194,1_pos_1469,8,INYW,WYIN,4,False,False,4,1.0
194,1_pos_1469,9,INYW,YWIN,4,False,True,4,1.0
195,0_neg_420,0,VPPGFTPF,GTPVPFFP,8,False,False,7,0.875
195,0_neg_420,1,VPPGFTPF,FPTFVGPP,8,False,False,6,0.75
195,0_neg_420,2,VPPGFTPF,VPPPGFFT,8,False,False,5,0.625
195,0_neg_420,3,VPPGFTPF,TFFGPVPP,8,False,False,6,0.75
195,0_neg_420,4,VPPGFTPF,FGPVPPTF,8,False,False,6,0.75
195,0_neg_420,5,VPPGFTPF,TGFVPPPF,8,False,False,6,0.75
195,0_neg_420,6,VPPGFTPF,VPPFTGFP,8,False,False,5,0.625
195,0_neg_420,7,VPPGFTPF,FPVTFGPP,8,False,False,5,0.625
195,0_neg_420,8,VPPGFTPF,FGPPTPFV,8,False,False,7,0.875
195,0_neg_420,9,VPPGFTPF,PPFFGPTV,8,False,False,7,0.875
196,0_neg_1124,0,FLGKKVLKAVGKQAAKKQME,LQAKFAGEAGQLVKKMVKKK,20,False,False,18,0.9
196,0_neg_1124,1,FLGKKVLKAVGKQAAKKQME,GMAVQQVLKKGKKAKEAFKL,20,False,False,17,0.85
196,0_neg_1124,2,FLGKKVLKAVGKQAAKKQME,AQQALKVKMKKGVAEFKGKL,20,False,False,17,0.85
196,0_neg_1124,3,FLGKKVLKAVGKQAAKKQME,AMLKAKVGQVGFKKKQKALE,20,False,False,15,0.75
196,0_neg_1124,4,FLGKKVLKAVGKQAAKKQME,KVLQLKGFAAKKKGQMKEVA,20,False,False,17,0.85
196,0_neg_1124,5,FLGKKVLKAVGKQAAKKQME,KLGKEQKGAAAVMLFVKKQK,20,False,False,15,0.75
196,0_neg_1124,6,FLGKKVLKAVGKQAAKKQME,FKQKKKEKAAALVGQGMKLV,20,False,False,15,0.75
196,0_neg_1124,7,FLGKKVLKAVGKQAAKKQME,MAKLGEQVFKQGAAVKKLKK,20,False,False,17,0.85
196,0_neg_1124,8,FLGKKVLKAVGKQAAKKQME,AVQAKKKKVQGLKAGLMFEK,20,False,False,16,0.8
196,0_neg_1124,9,FLGKKVLKAVGKQAAKKQME,GVAVKKKKAKEAQFGQLLKM,20,False,False,16,0.8
197,0_neg_1468,0,MVPYRNPRHQHVASVLRSGG,SLGPRVMPYHSAQRRVVGHN,20,False,False,19,0.95
197,0_neg_1468,1,MVPYRNPRHQHVASVLRSGG,SVQYHNRGAMPVVRGPSHLR,20,False,False,16,0.8
197,0_neg_1468,2,MVPYRNPRHQHVASVLRSGG,VGSARVYLHMRPSQRNGHPV,20,False,False,18,0.9
197,0_neg_1468,3,MVPYRNPRHQHVASVLRSGG,MHHQVRVGGPRVANPSLRYS,20,False,False,17,0.85
197,0_neg_1468,4,MVPYRNPRHQHVASVLRSGG,YRRQPPRSVHGHSVMANGLV,20,False,False,20,1.0
197,0_neg_1468,5,MVPYRNPRHQHVASVLRSGG,HRPSVGNRRAYGLSVMVHQP,20,False,False,16,0.8
197,0_neg_1468,6,MVPYRNPRHQHVASVLRSGG,GRYAVNRPSMVLHPQGHVSR,20,False,False,19,0.95
197,0_neg_1468,7,MVPYRNPRHQHVASVLRSGG,GNMSGQHPLVHRPRSVVYAR,20,False,False,19,0.95
197,0_neg_1468,8,MVPYRNPRHQHVASVLRSGG,LGHGVYNVQHASRPMVPSRR,20,False,False,19,0.95
197,0_neg_1468,9,MVPYRNPRHQHVASVLRSGG,SHNVMRPSHPVRYAGLRQVG,20,False,False,15,0.75
198,1_pos_1170,0,KALNEINQF,IEFLNNKAQ,9,False,False,9,1.0
198,1_pos_1170,1,KALNEINQF,EAINNKFQL,9,False,False,6,0.6666666666666666
198,1_pos_1170,2,KALNEINQF,NFQILNKEA,9,False,False,9,1.0
198,1_pos_1170,3,KALNEINQF,LQEINKNAF,9,False,False,7,0.7777777777777778
198,1_pos_1170,4,KALNEINQF,ENLFKIQNA,9,False,False,7,0.7777777777777778
198,1_pos_1170,5,KALNEINQF,QNFLIENKA,9,False,False,8,0.8888888888888888
198,1_pos_1170,6,KALNEINQF,AFQEKLNNI,9,False,False,8,0.8888888888888888
198,1_pos_1170,7,KALNEINQF,FIKANLQEN,9,False,False,9,1.0
198,1_pos_1170,8,KALNEINQF,LQFENAIKN,9,False,False,9,1.0
198,1_pos_1170,9,KALNEINQF,LNANKEQFI,9,False,False,8,0.8888888888888888
199,1_pos_80,0,YNI,YNI,3,True,False,0,0.0
199,1_pos_80,1,YNI,NYI,3,False,False,2,0.6666666666666666
199,1_pos_80,2,YNI,YNI,3,True,True,0,0.0
199,1_pos_80,3,YNI,YIN,3,False,False,2,0.6666666666666666
199,1_pos_80,4,YNI,NYI,3,False,True,2,0.6666666666666666
199,1_pos_80,5,YNI,NYI,3,False,True,2,0.6666666666666666
199,1_pos_80,6,YNI,NYI,3,False,True,2,0.6666666666666666
199,1_pos_80,7,YNI,INY,3,False,False,2,0.6666666666666666
199,1_pos_80,8,YNI,IYN,3,False,False,3,1.0
199,1_pos_80,9,YNI,YIN,3,False,True,2,0.6666666666666666
200,1_pos_1352,0,QITEGEDGGG,QTEGEGDGGI,10,False,False,6,0.6
200,1_pos_1352,1,QITEGEDGGG,DGTIGQGGEE,10,False,False,7,0.7
200,1_pos_1352,2,QITEGEDGGG,EIQDGTGGEG,10,False,False,6,0.6
200,1_pos_1352,3,QITEGEDGGG,IGEGGDQEGT,10,False,False,8,0.8
200,1_pos_1352,4,QITEGEDGGG,EQDTEIGGGG,10,False,False,7,0.7
200,1_pos_1352,5,QITEGEDGGG,GEGGGEIDQT,10,False,False,8,0.8
200,1_pos_1352,6,QITEGEDGGG,EDEQGGIGGT,10,False,False,7,0.7
200,1_pos_1352,7,QITEGEDGGG,GGEGDGEIQT,10,False,False,10,1.0
200,1_pos_1352,8,QITEGEDGGG,TEIEGGQDGG,10,False,False,6,0.6
200,1_pos_1352,9,QITEGEDGGG,GGGDIEEQGT,10,False,False,8,0.8
201,0_neg_991,0,LLPLVGNLLNDLL,LLNPLDLVLGLNL,13,False,False,9,0.6923076923076923
201,0_neg_991,1,LLPLVGNLLNDLL,LLLNLLGPVLNDL,13,False,False,10,0.7692307692307693
201,0_neg_991,2,LLPLVGNLLNDLL,LDLNLLVLPLGLN,13,False,False,10,0.7692307692307693
201,0_neg_991,3,LLPLVGNLLNDLL,VGLLLLLNLNPDL,13,False,False,9,0.6923076923076923
201,0_neg_991,4,LLPLVGNLLNDLL,LLLPNNLLLLVDG,13,False,False,9,0.6923076923076923
201,0_neg_991,5,LLPLVGNLLNDLL,PVLLLLGLDNLLN,13,False,False,9,0.6923076923076923
201,0_neg_991,6,LLPLVGNLLNDLL,NLDLLLGNPLLVL,13,False,False,10,0.7692307692307693
201,0_neg_991,7,LLPLVGNLLNDLL,LNLLGNLPVLLDL,13,False,False,10,0.7692307692307693
201,0_neg_991,8,LLPLVGNLLNDLL,DLLNLLVPNLLLG,13,False,False,11,0.8461538461538461
201,0_neg_991,9,LLPLVGNLLNDLL,NLLLLVLLLNGDP,13,False,False,8,0.6153846153846154
202,1_pos_1291,0,PSHDAHPE,SHEDHAPP,8,False,False,6,0.75
202,1_pos_1291,1,PSHDAHPE,ADPHHSPE,8,False,False,6,0.75
202,1_pos_1291,2,PSHDAHPE,PPSAEHDH,8,False,False,6,0.75
202,1_pos_1291,3,PSHDAHPE,PHADSHEP,8,False,False,5,0.625
202,1_pos_1291,4,PSHDAHPE,PSHHDEPA,8,False,False,4,0.5
202,1_pos_1291,5,PSHDAHPE,SADHPPEH,8,False,False,8,1.0
202,1_pos_1291,6,PSHDAHPE,SAHEDPPH,8,False,False,6,0.75
202,1_pos_1291,7,PSHDAHPE,AHEPPDSH,8,False,False,8,1.0
202,1_pos_1291,8,PSHDAHPE,PDSHHPAE,8,False,False,6,0.75
202,1_pos_1291,9,PSHDAHPE,EDHPPHAS,8,False,False,6,0.75
203,0_neg_752,0,MPGLDSPAAVRRAAMDLLAR,RRDAAMAALRMGDLPVAPLS,20,False,False,19,0.95
203,0_neg_752,1,MPGLDSPAAVRRAAMDLLAR,AASRAAMRPLPGLMLARDVD,20,False,False,20,1.0
203,0_neg_752,2,MPGLDSPAAVRRAAMDLLAR,PLRLRVSAPRAADADMLGMA,20,False,False,16,0.8
203,0_neg_752,3,MPGLDSPAAVRRAAMDLLAR,LPMARRAPRAAVASDLLDMG,20,False,False,17,0.85
203,0_neg_752,4,MPGLDSPAAVRRAAMDLLAR,AMPRLPRAMRGDLLVAAASD,20,False,False,19,0.95
203,0_neg_752,5,MPGLDSPAAVRRAAMDLLAR,VDRDPMAGRARLLAMLSAAP,20,False,False,16,0.8
203,0_neg_752,6,MPGLDSPAAVRRAAMDLLAR,RSALRPAVALLAMRPMGADD,20,False,False,18,0.9
203,0_neg_752,7,MPGLDSPAAVRRAAMDLLAR,RMMDPAPALRGSRAALLVDA,20,False,False,16,0.8
203,0_neg_752,8,MPGLDSPAAVRRAAMDLLAR,MRAGLVRLPLMDARASDPAA,20,False,False,17,0.85
203,0_neg_752,9,MPGLDSPAAVRRAAMDLLAR,MALPVGMLLAPSDDARAARR,20,False,False,18,0.9
204,1_pos_896,0,DYDD,YDDD,4,False,False,2,0.5
204,1_pos_896,1,DYDD,DDYD,4,False,False,2,0.5
204,1_pos_896,2,DYDD,YDDD,4,False,True,2,0.5
204,1_pos_896,3,DYDD,DDYD,4,False,True,2,0.5
204,1_pos_896,4,DYDD,YDDD,4,False,True,2,0.5
204,1_pos_896,5,DYDD,DYDD,4,True,False,0,0.0
204,1_pos_896,6,DYDD,DYDD,4,True,True,0,0.0
204,1_pos_896,7,DYDD,DDYD,4,False,True,2,0.5
204,1_pos_896,8,DYDD,DDDY,4,False,False,2,0.5
204,1_pos_896,9,DYDD,DDDY,4,False,True,2,0.5
205,0_neg_999,0,DKNKKPIWMAGFPGFTPIR,RANKMWIPPFPGDGKKITF,19,False,False,15,0.7894736842105263
205,0_neg_999,1,DKNKKPIWMAGFPGFTPIR,DPAGTMKPIINFFGPKRWK,19,False,False,16,0.8421052631578947
205,0_neg_999,2,DKNKKPIWMAGFPGFTPIR,IDNTPKFAFPKRPMWIGGK,19,False,False,17,0.8947368421052632
205,0_neg_999,3,DKNKKPIWMAGFPGFTPIR,KMFWGTADKGPRFNKIPIP,19,False,False,17,0.8947368421052632
205,0_neg_999,4,DKNKKPIWMAGFPGFTPIR,PKDPNTGKFIMWRIAKGPF,19,False,False,18,0.9473684210526315
205,0_neg_999,5,DKNKKPIWMAGFPGFTPIR,GGMFATKWNFPPIKRKDIP,19,False,False,17,0.8947368421052632
205,0_neg_999,6,DKNKKPIWMAGFPGFTPIR,NWAFDPKIKPMGFTGIPKR,19,False,False,16,0.8421052631578947
205,0_neg_999,7,DKNKKPIWMAGFPGFTPIR,IKGPKKTFWNAIPGMPRDF,19,False,False,15,0.7894736842105263
205,0_neg_999,8,DKNKKPIWMAGFPGFTPIR,PGAPITGDFRKKKFWMPNI,19,False,False,18,0.9473684210526315
205,0_neg_999,9,DKNKKPIWMAGFPGFTPIR,PIGWKADPMNFFIKKGPTR,19,False,False,14,0.7368421052631579
206,0_neg_1328,0,TETTEGDFIAEGGGVR,ITDREEAEFGGGGTVT,16,False,False,12,0.75
206,0_neg_1328,1,TETTEGDFIAEGGGVR,TTRAEDIGGEVGTEFG,16,False,False,13,0.8125
206,0_neg_1328,2,TETTEGDFIAEGGGVR,GTFGTGDIGEREAETV,16,False,False,14,0.875
206,0_neg_1328,3,TETTEGDFIAEGGGVR,GVDEAIRGFETTGTEG,16,False,False,15,0.9375
206,0_neg_1328,4,TETTEGDFIAEGGGVR,ATTFTVGIERGEEGGD,16,False,False,14,0.875
206,0_neg_1328,5,TETTEGDFIAEGGGVR,GTEIETGGAERFTVDG,16,False,False,15,0.9375
206,0_neg_1328,6,TETTEGDFIAEGGGVR,TEEGIAETRGFDGTVG,16,False,False,12,0.75
206,0_neg_1328,7,TETTEGDFIAEGGGVR,TIEAETDVGFGETRGG,16,False,False,13,0.8125
206,0_neg_1328,8,TETTEGDFIAEGGGVR,GGREEDEGTITTVAFG,16,False,False,15,0.9375
206,0_neg_1328,9,TETTEGDFIAEGGGVR,VITGEGFGDETRTGAE,16,False,False,12,0.75
207,1_pos_1375,0,MVPYPQR,YPMQVPR,7,False,False,6,0.8571428571428571
207,1_pos_1375,1,MVPYPQR,MVRQYPP,7,False,False,5,0.7142857142857143
207,1_pos_1375,2,MVPYPQR,RPMPYVQ,7,False,False,7,1.0
207,1_pos_1375,3,MVPYPQR,MQRVPPY,7,False,False,5,0.7142857142857143
207,1_pos_1375,4,MVPYPQR,YRQPPMV,7,False,False,6,0.8571428571428571
207,1_pos_1375,5,MVPYPQR,PQMYVRP,7,False,False,6,0.8571428571428571
207,1_pos_1375,6,MVPYPQR,YMQVRPP,7,False,False,7,1.0
207,1_pos_1375,7,MVPYPQR,VQRPPMY,7,False,False,6,0.8571428571428571
207,1_pos_1375,8,MVPYPQR,RVYPMPQ,7,False,False,6,0.8571428571428571
207,1_pos_1375,9,MVPYPQR,YMPPVQR,7,False,False,4,0.5714285714285714
208,0_neg_191,0,LGSPFGGFDTLGSNR,LDNFSPRTLGGGSFG,15,False,False,12,0.8
208,0_neg_191,1,LGSPFGGFDTLGSNR,FSDGSPGTNLGLGRF,15,False,False,14,0.9333333333333333
208,0_neg_191,2,LGSPFGGFDTLGSNR,GPGTRLSSGFFGNDL,15,False,False,14,0.9333333333333333
208,0_neg_191,3,LGSPFGGFDTLGSNR,FRGDGLSFGPGLSNT,15,False,False,12,0.8
208,0_neg_191,4,LGSPFGGFDTLGSNR,GGGPLFSFGTLRSND,15,False,False,8,0.5333333333333333
208,0_neg_191,5,LGSPFGGFDTLGSNR,GFNPLGDFLRGGSTS,15,False,False,10,0.6666666666666666
208,0_neg_191,6,LGSPFGGFDTLGSNR,DGGPLGFGNFSSTRL,15,False,False,12,0.8
208,0_neg_191,7,LGSPFGGFDTLGSNR,FGGLSTGPGFNRSDL,15,False,False,12,0.8
208,0_neg_191,8,LGSPFGGFDTLGSNR,FGRDGSGGLNTLPFS,15,False,False,13,0.8666666666666667
208,0_neg_191,9,LGSPFGGFDTLGSNR,GSFRLPTGGFNDGSL,15,False,False,15,1.0
209,1_pos_41,0,AEYVRLY,YRAEYLV,7,False,False,6,0.8571428571428571
209,1_pos_41,1,AEYVRLY,YVREALY,7,False,False,5,0.7142857142857143
209,1_pos_41,2,AEYVRLY,EYRYLVA,7,False,False,7,1.0
209,1_pos_41,3,AEYVRLY,RVAYYLE,7,False,False,6,0.8571428571428571
209,1_pos_41,4,AEYVRLY,ARELYVY,7,False,False,5,0.7142857142857143
209,1_pos_41,5,AEYVRLY,ERYALVY,7,False,False,5,0.7142857142857143
209,1_pos_41,6,AEYVRLY,AELYYRV,7,False,False,5,0.7142857142857143
209,1_pos_41,7,AEYVRLY,YLYRAEV,7,False,False,6,0.8571428571428571
209,1_pos_41,8,AEYVRLY,REAVLYY,7,False,False,4,0.5714285714285714
209,1_pos_41,9,AEYVRLY,RAYLEYV,7,False,False,6,0.8571428571428571
210,1_pos_700,0,CHI,HCI,3,False,False,2,0.6666666666666666
210,1_pos_700,1,CHI,CIH,3,False,False,2,0.6666666666666666
210,1_pos_700,2,CHI,CIH,3,False,True,2,0.6666666666666666
210,1_pos_700,3,CHI,ICH,3,False,False,3,1.0
210,1_pos_700,4,CHI,CHI,3,True,False,0,0.0
210,1_pos_700,5,CHI,HIC,3,False,False,3,1.0
210,1_pos_700,6,CHI,HCI,3,False,True,2,0.6666666666666666
210,1_pos_700,7,CHI,CIH,3,False,True,2,0.6666666666666666
210,1_pos_700,8,CHI,CHI,3,True,True,0,0.0
210,1_pos_700,9,CHI,CHI,3,True,True,0,0.0
211,1_pos_1275,0,PHHADS,DSPHHA,6,False,False,6,1.0
211,1_pos_1275,1,PHHADS,HDPSAH,6,False,False,6,1.0
211,1_pos_1275,2,PHHADS,DHPSAH,6,False,False,5,0.8333333333333334
211,1_pos_1275,3,PHHADS,SDHPAH,6,False,False,5,0.8333333333333334
211,1_pos_1275,4,PHHADS,HAHDPS,6,False,False,4,0.6666666666666666
211,1_pos_1275,5,PHHADS,SADHHP,6,False,False,6,1.0
211,1_pos_1275,6,PHHADS,SPDHHA,6,False,False,6,1.0
211,1_pos_1275,7,PHHADS,SAHDPH,6,False,False,5,0.8333333333333334
211,1_pos_1275,8,PHHADS,SPHDAH,6,False,False,5,0.8333333333333334
211,1_pos_1275,9,PHHADS,DAHHPS,6,False,False,4,0.6666666666666666
212,1_pos_187,0,PC,CP,2,False,False,2,1.0
212,1_pos_187,1,PC,PC,2,True,False,0,0.0
212,1_pos_187,2,PC,CP,2,False,True,2,1.0
212,1_pos_187,3,PC,PC,2,True,True,0,0.0
212,1_pos_187,4,PC,PC,2,True,True,0,0.0
212,1_pos_187,5,PC,CP,2,False,True,2,1.0
212,1_pos_187,6,PC,PC,2,True,True,0,0.0
212,1_pos_187,7,PC,CP,2,False,True,2,1.0
212,1_pos_187,8,PC,PC,2,True,True,0,0.0
212,1_pos_187,9,PC,CP,2,False,True,2,1.0
213,0_neg_56,0,FDKNQPWGVIRDLNVVNFKR,FQNWVRINKLKVNDRVPGDF,20,False,False,18,0.9
213,0_neg_56,1,FDKNQPWGVIRDLNVVNFKR,KWVDVPRINVDNKGNRFFQL,20,False,False,18,0.9
213,0_neg_56,2,FDKNQPWGVIRDLNVVNFKR,KDNKLNRIDVFFQVNRPWGV,20,False,False,19,0.95
213,0_neg_56,3,FDKNQPWGVIRDLNVVNFKR,NVKVRPRLNKVFGIQDDNFW,20,False,False,18,0.9
213,0_neg_56,4,FDKNQPWGVIRDLNVVNFKR,DWGIQFNVNLDVRKFVPKRN,20,False,False,18,0.9
213,0_neg_56,5,FDKNQPWGVIRDLNVVNFKR,VWPDVGVQLNKNRIFRFNKD,20,False,False,19,0.95
213,0_neg_56,6,FDKNQPWGVIRDLNVVNFKR,IKFVWNVNKFRLDRDPGVQN,20,False,False,19,0.95
213,0_neg_56,7,FDKNQPWGVIRDLNVVNFKR,LDKVNNQRGDKINVVPFWRF,20,False,False,17,0.85
213,0_neg_56,8,FDKNQPWGVIRDLNVVNFKR,VVRLKIGNNKDWPFVQNDFR,20,False,False,17,0.85
213,0_neg_56,9,FDKNQPWGVIRDLNVVNFKR,NGKFIRFRKNDVVPVLWNDQ,20,False,False,18,0.9
214,0_neg_389,0,GAVPAAQFSPRL,PAALRPQASVGF,12,False,False,9,0.75
214,0_neg_389,1,GAVPAAQFSPRL,FQPAGLRPAVAS,12,False,False,12,1.0
214,0_neg_389,2,GAVPAAQFSPRL,LPGVAFSAAQPR,12,False,False,11,0.9166666666666666
214,0_neg_389,3,GAVPAAQFSPRL,APGVRPSAQFAL,12,False,False,11,0.9166666666666666
214,0_neg_389,4,GAVPAAQFSPRL,RQAGPLSAAFVP,12,False,False,12,1.0
214,0_neg_389,5,GAVPAAQFSPRL,QFRALAAPGSVP,12,False,False,11,0.9166666666666666
214,0_neg_389,6,GAVPAAQFSPRL,AGAQPRFVSLPA,12,False,False,11,0.9166666666666666
214,0_neg_389,7,GAVPAAQFSPRL,RQAFSLAPPVAG,12,False,False,12,1.0
214,0_neg_389,8,GAVPAAQFSPRL,FASQVLAGPAPR,12,False,False,11,0.9166666666666666
214,0_neg_389,9,GAVPAAQFSPRL,GPLARPAQFSAV,12,False,False,11,0.9166666666666666
215,0_neg_176,0,GLGSLVGNALRIGAKLL,LGGLGLINLGRKSAALV,17,False,False,12,0.7058823529411765
215,0_neg_176,1,GLGSLVGNALRIGAKLL,RLINGLAGLSVGALLKG,17,False,False,16,0.9411764705882353
215,0_neg_176,2,GLGSLVGNALRIGAKLL,ALIGLGKSNLLVLGGRA,17,False,False,14,0.8235294117647058
215,0_neg_176,3,GLGSLVGNALRIGAKLL,GLLLLIRNGGVLAKGAS,17,False,False,13,0.7647058823529411
215,0_neg_176,4,GLGSLVGNALRIGAKLL,AVLARLGLLSINGKLGG,17,False,False,15,0.8823529411764706
215,0_neg_176,5,GLGSLVGNALRIGAKLL,LIGLASKGLLRVGLGAN,17,False,False,13,0.7647058823529411
215,0_neg_176,6,GLGSLVGNALRIGAKLL,GALLLLNIARSGKGVGL,17,False,False,13,0.7647058823529411
215,0_neg_176,7,GLGSLVGNALRIGAKLL,GGGAIKLLNLSLVGLRA,17,False,False,14,0.8235294117647058
215,0_neg_176,8,GLGSLVGNALRIGAKLL,ASGLLLGALKNGIRVGL,17,False,False,13,0.7647058823529411
215,0_neg_176,9,GLGSLVGNALRIGAKLL,NRAGGALLILSGKVGLL,17,False,False,14,0.8235294117647058
216,1_pos_305,0,PPQ,PPQ,3,True,False,0,0.0
216,1_pos_305,1,PPQ,PPQ,3,True,True,0,0.0
216,1_pos_305,2,PPQ,PPQ,3,True,True,0,0.0
216,1_pos_305,3,PPQ,PPQ,3,True,True,0,0.0
216,1_pos_305,4,PPQ,PQP,3,False,False,2,0.6666666666666666
216,1_pos_305,5,PPQ,PPQ,3,True,True,0,0.0
216,1_pos_305,6,PPQ,PQP,3,False,True,2,0.6666666666666666
216,1_pos_305,7,PPQ,PPQ,3,True,True,0,0.0
216,1_pos_305,8,PPQ,PPQ,3,True,True,0,0.0
216,1_pos_305,9,PPQ,PQP,3,False,True,2,0.6666666666666666
217,0_neg_789,0,QPDPNAFYGLM,YPLQPMDGNFA,11,False,False,10,0.9090909090909091
217,0_neg_789,1,QPDPNAFYGLM,APGNLFDMQYP,11,False,False,10,0.9090909090909091
217,0_neg_789,2,QPDPNAFYGLM,MDYLFQPPNGA,11,False,False,11,1.0
217,0_neg_789,3,QPDPNAFYGLM,FNQAYPPMGDL,11,False,False,10,0.9090909090909091
217,0_neg_789,4,QPDPNAFYGLM,NLQGDYMPPAF,11,False,False,11,1.0
217,0_neg_789,5,QPDPNAFYGLM,MFGPANYLDPQ,11,False,False,10,0.9090909090909091
217,0_neg_789,6,QPDPNAFYGLM,MPAPYDNGFQL,11,False,False,9,0.8181818181818182
217,0_neg_789,7,QPDPNAFYGLM,NALYMPGPDQF,11,False,False,11,1.0
217,0_neg_789,8,QPDPNAFYGLM,YGPNPDMAFQL,11,False,False,11,1.0
217,0_neg_789,9,QPDPNAFYGLM,DQGLNPFPMYA,11,False,False,9,0.8181818181818182
218,0_neg_975,0,FLSLIPHAINAISAIANHF,LHSNAIINPFAIAASLHFI,19,False,False,15,0.7894736842105263
218,0_neg_975,1,FLSLIPHAINAISAIANHF,ALAIHLNHFINAFSISIPA,19,False,False,17,0.8947368421052632
218,0_neg_975,2,FLSLIPHAINAISAIANHF,IFAIHSANIASLAHPFLNI,19,False,False,18,0.9473684210526315
218,0_neg_975,3,FLSLIPHAINAISAIANHF,ILSLAIFSPNNAAFIAIHH,19,False,False,12,0.631578947368421
218,0_neg_975,4,FLSLIPHAINAISAIANHF,ILFNHAANFAHPIASSILI,19,False,False,17,0.8947368421052632
218,0_neg_975,5,FLSLIPHAINAISAIANHF,LIFIFASNAHIIASPHLAN,19,False,False,18,0.9473684210526315
218,0_neg_975,6,FLSLIPHAINAISAIANHF,IIIHILSFLHAANSFAPAN,19,False,False,16,0.8421052631578947
218,0_neg_975,7,FLSLIPHAINAISAIANHF,FNIIAANAPLIFAHISSHL,19,False,False,15,0.7894736842105263
218,0_neg_975,8,FLSLIPHAINAISAIANHF,IAHILPINNLHSAIAFSAF,19,False,False,17,0.8947368421052632
218,0_neg_975,9,FLSLIPHAINAISAIANHF,LANHISSAALNIIHPIFFA,19,False,False,16,0.8421052631578947
219,1_pos_696,0,HVCYMF,FVCMYH,6,False,False,4,0.6666666666666666
219,1_pos_696,1,HVCYMF,VCFHMY,6,False,False,5,0.8333333333333334
219,1_pos_696,2,HVCYMF,HCYFMV,6,False,False,4,0.6666666666666666
219,1_pos_696,3,HVCYMF,YMCFHV,6,False,False,5,0.8333333333333334
219,1_pos_696,4,HVCYMF,MHVFYC,6,False,False,6,1.0
219,1_pos_696,5,HVCYMF,VHFYCM,6,False,False,5,0.8333333333333334
219,1_pos_696,6,HVCYMF,MFHYCV,6,False,False,5,0.8333333333333334
219,1_pos_696,7,HVCYMF,MVYHCF,6,False,False,4,0.6666666666666666
219,1_pos_696,8,HVCYMF,MYCFVH,6,False,False,5,0.8333333333333334
219,1_pos_696,9,HVCYMF,FCVMHY,6,False,False,6,1.0
220,0_neg_1353,0,QGGPPRPQIPP,PPGPRQIQPPG,11,False,False,7,0.6363636363636364
220,0_neg_1353,1,QGGPPRPQIPP,PPRPPQIGPQG,11,False,False,9,0.8181818181818182
220,0_neg_1353,2,QGGPPRPQIPP,PPGGQPQPPIR,11,False,False,10,0.9090909090909091
220,0_neg_1353,3,QGGPPRPQIPP,PPQIPGGPPQR,11,False,False,10,0.9090909090909091
220,0_neg_1353,4,QGGPPRPQIPP,PPQPGQRGIPP,11,False,False,7,0.6363636363636364
220,0_neg_1353,5,QGGPPRPQIPP,QPPPRPIQGGP,11,False,False,7,0.6363636363636364
220,0_neg_1353,6,QGGPPRPQIPP,RPQPQPGIPPG,11,False,False,9,0.8181818181818182
220,0_neg_1353,7,QGGPPRPQIPP,PQPRQPGIPPG,11,False,False,10,0.9090909090909091
220,0_neg_1353,8,QGGPPRPQIPP,PPQRGPIPQGP,11,False,False,10,0.9090909090909091
220,0_neg_1353,9,QGGPPRPQIPP,PRIPQQPPPGG,11,False,False,9,0.8181818181818182
221,1_pos_1407,0,VEGGLS,ELVSGG,6,False,False,6,1.0
221,1_pos_1407,1,VEGGLS,VELGSG,6,False,False,3,0.5
221,1_pos_1407,2,VEGGLS,GVGSLE,6,False,False,4,0.6666666666666666
221,1_pos_1407,3,VEGGLS,ELSGGV,6,False,False,5,0.8333333333333334
221,1_pos_1407,4,VEGGLS,GLGVES,6,False,False,4,0.6666666666666666
221,1_pos_1407,5,VEGGLS,VSGGEL,6,False,False,3,0.5
221,1_pos_1407,6,VEGGLS,SGELVG,6,False,False,6,1.0
221,1_pos_1407,7,VEGGLS,GVSGLE,6,False,False,4,0.6666666666666666
221,1_pos_1407,8,VEGGLS,LSEGVG,6,False,False,5,0.8333333333333334
221,1_pos_1407,9,VEGGLS,GSEVLG,6,False,False,5,0.8333333333333334
222,1_pos_1125,0,QYP,YPQ,3,False,False,3,1.0
222,1_pos_1125,1,QYP,QPY,3,False,False,2,0.6666666666666666
222,1_pos_1125,2,QYP,YQP,3,False,False,2,0.6666666666666666
222,1_pos_1125,3,QYP,YPQ,3,False,True,3,1.0
222,1_pos_1125,4,QYP,YQP,3,False,True,2,0.6666666666666666
222,1_pos_1125,5,QYP,PYQ,3,False,False,2,0.6666666666666666
222,1_pos_1125,6,QYP,QPY,3,False,True,2,0.6666666666666666
222,1_pos_1125,7,QYP,YPQ,3,False,True,3,1.0
222,1_pos_1125,8,QYP,YQP,3,False,True,2,0.6666666666666666
222,1_pos_1125,9,QYP,YQP,3,False,True,2,0.6666666666666666
223,1_pos_958,0,LNGDVW,VLNDGW,6,False,False,4,0.6666666666666666
223,1_pos_958,1,LNGDVW,LWGDNV,6,False,False,3,0.5
223,1_pos_958,2,LNGDVW,VLWGDN,6,False,False,6,1.0
223,1_pos_958,3,LNGDVW,WGLVND,6,False,False,6,1.0
223,1_pos_958,4,LNGDVW,GNLDVW,6,False,False,2,0.3333333333333333
223,1_pos_958,5,LNGDVW,NVDWGL,6,False,False,6,1.0
223,1_pos_958,6,LNGDVW,VDGNWL,6,False,False,5,0.8333333333333334
223,1_pos_958,7,LNGDVW,WVNLDG,6,False,False,6,1.0
223,1_pos_958,8,LNGDVW,DWNGVL,6,False,False,5,0.8333333333333334
223,1_pos_958,9,LNGDVW,WGNLDV,6,False,False,6,1.0
224,1_pos_268,0,DQAKAFLEKDNK,AFDQNKKLAEKD,12,False,False,12,1.0
224,1_pos_268,1,DQAKAFLEKDNK,FKQDKAAELDKN,12,False,False,10,0.8333333333333334
224,1_pos_268,2,DQAKAFLEKDNK,KKDKDAANELQF,12,False,False,11,0.9166666666666666
224,1_pos_268,3,DQAKAFLEKDNK,ADQLFKDKNEAK,12,False,False,11,0.9166666666666666
224,1_pos_268,4,DQAKAFLEKDNK,DKNLFEDQKAAK,12,False,False,9,0.75
224,1_pos_268,5,DQAKAFLEKDNK,EDQKDKNALFKA,12,False,False,11,0.9166666666666666
224,1_pos_268,6,DQAKAFLEKDNK,DLNKQFKKEAAD,12,False,False,9,0.75
224,1_pos_268,7,DQAKAFLEKDNK,NQEKKLKDAAFD,12,False,False,10,0.8333333333333334
224,1_pos_268,8,DQAKAFLEKDNK,LKANDDEAKFQK,12,False,False,9,0.75
224,1_pos_268,9,DQAKAFLEKDNK,KKKAEDLQDNFA,12,False,False,11,0.9166666666666666
225,1_pos_1231,0,HDH,HDH,3,True,False,0,0.0
225,1_pos_1231,1,HDH,HDH,3,True,True,0,0.0
225,1_pos_1231,2,HDH,DHH,3,False,False,2,0.6666666666666666
225,1_pos_1231,3,HDH,DHH,3,False,True,2,0.6666666666666666
225,1_pos_1231,4,HDH,DHH,3,False,True,2,0.6666666666666666
225,1_pos_1231,5,HDH,DHH,3,False,True,2,0.6666666666666666
225,1_pos_1231,6,HDH,DHH,3,False,True,2,0.6666666666666666
225,1_pos_1231,7,HDH,HDH,3,True,True,0,0.0
225,1_pos_1231,8,HDH,HHD,3,False,False,2,0.6666666666666666
225,1_pos_1231,9,HDH,HDH,3,True,True,0,0.0
226,0_neg_185,0,FLPIPRPILLGLL,RLLFIPLGILPLP,13,False,False,10,0.7692307692307693
226,0_neg_185,1,FLPIPRPILLGLL,IPLLFPLPIRLGL,13,False,False,12,0.9230769230769231
226,0_neg_185,2,FLPIPRPILLGLL,PLRLILLFPPGIL,13,False,False,10,0.7692307692307693
226,0_neg_185,3,FLPIPRPILLGLL,IFLLPPRLIGLLP,13,False,False,11,0.8461538461538461
226,0_neg_185,4,FLPIPRPILLGLL,LGLFPPLLILRIP,13,False,False,11,0.8461538461538461
226,0_neg_185,5,FLPIPRPILLGLL,LGPLLFLPLRIPI,13,False,False,11,0.8461538461538461
226,0_neg_185,6,FLPIPRPILLGLL,PLPPLLILGIFLR,13,False,False,10,0.7692307692307693
226,0_neg_185,7,FLPIPRPILLGLL,LPLRPILFLLPGI,13,False,False,10,0.7692307692307693
226,0_neg_185,8,FLPIPRPILLGLL,RPLLLIGLFLPPI,13,False,False,12,0.9230769230769231
226,0_neg_185,9,FLPIPRPILLGLL,LIGLPPILPRFLL,13,False,False,10,0.7692307692307693
227,1_pos_1129,0,GVPY,YGVP,4,False,False,4,1.0
227,1_pos_1129,1,GVPY,YGVP,4,False,True,4,1.0
227,1_pos_1129,2,GVPY,GYPV,4,False,False,2,0.5
227,1_pos_1129,3,GVPY,PGVY,4,False,False,3,0.75
227,1_pos_1129,4,GVPY,YVGP,4,False,False,3,0.75
227,1_pos_1129,5,GVPY,PVGY,4,False,False,2,0.5
227,1_pos_1129,6,GVPY,YPVG,4,False,False,4,1.0
227,1_pos_1129,7,GVPY,GVPY,4,True,False,0,0.0
227,1_pos_1129,8,GVPY,PGVY,4,False,True,3,0.75
227,1_pos_1129,9,GVPY,YVPG,4,False,False,2,0.5
228,1_pos_277,0,RW,RW,2,True,False,0,0.0
228,1_pos_277,1,RW,WR,2,False,False,2,1.0
228,1_pos_277,2,RW,WR,2,False,True,2,1.0
228,1_pos_277,3,RW,WR,2,False,True,2,1.0
228,1_pos_277,4,RW,RW,2,True,True,0,0.0
228,1_pos_277,5,RW,RW,2,True,True,0,0.0
228,1_pos_277,6,RW,WR,2,False,True,2,1.0
228,1_pos_277,7,RW,WR,2,False,True,2,1.0
228,1_pos_277,8,RW,WR,2,False,True,2,1.0
228,1_pos_277,9,RW,WR,2,False,True,2,1.0
229,1_pos_538,0,YTY,TYY,3,False,False,2,0.6666666666666666
229,1_pos_538,1,YTY,YTY,3,True,False,0,0.0
229,1_pos_538,2,YTY,YYT,3,False,False,2,0.6666666666666666
229,1_pos_538,3,YTY,YYT,3,False,True,2,0.6666666666666666
229,1_pos_538,4,YTY,YYT,3,False,True,2,0.6666666666666666
229,1_pos_538,5,YTY,YTY,3,True,True,0,0.0
229,1_pos_538,6,YTY,TYY,3,False,True,2,0.6666666666666666
229,1_pos_538,7,YTY,YTY,3,True,True,0,0.0
229,1_pos_538,8,YTY,TYY,3,False,True,2,0.6666666666666666
229,1_pos_538,9,YTY,TYY,3,False,True,2,0.6666666666666666
230,1_pos_1045,0,MILMR,IRLMM,5,False,False,3,0.6
230,1_pos_1045,1,MILMR,IMMLR,5,False,False,4,0.8
230,1_pos_1045,2,MILMR,MIRLM,5,False,False,3,0.6
230,1_pos_1045,3,MILMR,MMILR,5,False,False,3,0.6
230,1_pos_1045,4,MILMR,MMRLI,5,False,False,4,0.8
230,1_pos_1045,5,MILMR,ILRMM,5,False,False,4,0.8
230,1_pos_1045,6,MILMR,IRMLM,5,False,False,5,1.0
230,1_pos_1045,7,MILMR,MILRM,5,False,False,2,0.4
230,1_pos_1045,8,MILMR,RMLIM,5,False,False,4,0.8
230,1_pos_1045,9,MILMR,MLMRI,5,False,False,4,0.8
231,0_neg_912,0,LGSLDEYAR,EGASYLRLD,9,False,False,8,0.8888888888888888
231,0_neg_912,1,LGSLDEYAR,RSYDAEGLL,9,False,False,8,0.8888888888888888
231,0_neg_912,2,LGSLDEYAR,ERSAYDGLL,9,False,False,8,0.8888888888888888
231,0_neg_912,3,LGSLDEYAR,LRDSYLGAE,9,False,False,7,0.7777777777777778
231,0_neg_912,4,LGSLDEYAR,GSYADLERL,9,False,False,8,0.8888888888888888
231,0_neg_912,5,LGSLDEYAR,YADRSGLLE,9,False,False,9,1.0
231,0_neg_912,6,LGSLDEYAR,LDSGAERYL,9,False,False,6,0.6666666666666666
231,0_neg_912,7,LGSLDEYAR,YGLRDELSA,9,False,False,6,0.6666666666666666
231,0_neg_912,8,LGSLDEYAR,EDRSLLAGY,9,False,False,9,1.0
231,0_neg_912,9,LGSLDEYAR,LEARGYDSL,9,False,False,8,0.8888888888888888
232,0_neg_432,0,ESIASFQGVLDGKYD,DSGLDYAIKFSGEQV,15,False,False,13,0.8666666666666667
232,0_neg_432,1,ESIASFQGVLDGKYD,GLSQSDFYEGVDAKI,15,False,False,14,0.9333333333333333
232,0_neg_432,2,ESIASFQGVLDGKYD,SEDLISFDGAGYQVK,15,False,False,15,1.0
232,0_neg_432,3,ESIASFQGVLDGKYD,VDFAILYGQDGSKES,15,False,False,12,0.8
232,0_neg_432,4,ESIASFQGVLDGKYD,DFDGAIKEVQLGSYS,15,False,False,12,0.8
232,0_neg_432,5,ESIASFQGVLDGKYD,FGYESVDGQDKAILS,15,False,False,13,0.8666666666666667
232,0_neg_432,6,ESIASFQGVLDGKYD,LEGDFYASDIKGVQS,15,False,False,14,0.9333333333333333
232,0_neg_432,7,ESIASFQGVLDGKYD,SAGIESYLVGQFDKD,15,False,False,13,0.8666666666666667
232,0_neg_432,8,ESIASFQGVLDGKYD,KSVIGFEADSGYDQL,15,False,False,13,0.8666666666666667
232,0_neg_432,9,ESIASFQGVLDGKYD,EIYGFDGSQDVSALK,15,False,False,14,0.9333333333333333
233,1_pos_773,0,ALGGA,AALGG,5,False,False,3,0.6
233,1_pos_773,1,ALGGA,AGLGA,5,False,False,2,0.4
233,1_pos_773,2,ALGGA,LGAGA,5,False,False,3,0.6
233,1_pos_773,3,ALGGA,LAGGA,5,False,False,2,0.4
233,1_pos_773,4,ALGGA,AGALG,5,False,False,4,0.8
233,1_pos_773,5,ALGGA,GLAAG,5,False,False,4,0.8
233,1_pos_773,6,ALGGA,GLAGA,5,False,False,2,0.4
233,1_pos_773,7,ALGGA,AGAGL,5,False,False,3,0.6
233,1_pos_773,8,ALGGA,AAGLG,5,False,False,3,0.6
233,1_pos_773,9,ALGGA,GALAG,5,False,False,5,1.0
234,0_neg_646,0,CYFNNCPVG,FGYVNNCCP,9,False,False,8,0.8888888888888888
234,0_neg_646,1,CYFNNCPVG,PNCNCFYGV,9,False,False,8,0.8888888888888888
234,0_neg_646,2,CYFNNCPVG,VCYCGFNNP,9,False,False,9,1.0
234,0_neg_646,3,CYFNNCPVG,CNYCFPVGN,9,False,False,8,0.8888888888888888
234,0_neg_646,4,CYFNNCPVG,FNCCYGVNP,9,False,False,9,1.0
234,0_neg_646,5,CYFNNCPVG,YCCVGFNPN,9,False,False,9,1.0
234,0_neg_646,6,CYFNNCPVG,NYVCCGPNF,9,False,False,7,0.7777777777777778
234,0_neg_646,7,CYFNNCPVG,PNNCFCVYG,9,False,False,7,0.7777777777777778
234,0_neg_646,8,CYFNNCPVG,CNYGVNCPF,9,False,False,8,0.8888888888888888
234,0_neg_646,9,CYFNNCPVG,NYVCCNFGP,9,False,False,8,0.8888888888888888
235,0_neg_1443,0,ATQRLPPLSTEPNR,PLSRNTTPAREPQL,14,False,False,11,0.7857142857142857
235,0_neg_1443,1,ATQRLPPLSTEPNR,LPLAPTSQERTPRN,14,False,False,13,0.9285714285714286
235,0_neg_1443,2,ATQRLPPLSTEPNR,TPLSRTANRQPLEP,14,False,False,14,1.0
235,0_neg_1443,3,ATQRLPPLSTEPNR,NTRTLARPPEPLQS,14,False,False,12,0.8571428571428571
235,0_neg_1443,4,ATQRLPPLSTEPNR,PRTEQSNPPLATLR,14,False,False,13,0.9285714285714286
235,0_neg_1443,5,ATQRLPPLSTEPNR,RPPRSTAEPQLNLT,14,False,False,13,0.9285714285714286
235,0_neg_1443,6,ATQRLPPLSTEPNR,PSRTLLETRPPQNA,14,False,False,12,0.8571428571428571
235,0_neg_1443,7,ATQRLPPLSTEPNR,TRSLRLPQAPPNET,14,False,False,13,0.9285714285714286
235,0_neg_1443,8,ATQRLPPLSTEPNR,SPEPQTTLPARNRL,14,False,False,13,0.9285714285714286
235,0_neg_1443,9,ATQRLPPLSTEPNR,QNPSPLATPERRTL,14,False,False,14,1.0
236,0_neg_262,0,CRQSCSFGPLTFVCDGNTK,RLVCNTKPCFQGTGDFSSC,19,False,False,18,0.9473684210526315
236,0_neg_262,1,CRQSCSFGPLTFVCDGNTK,VKFCGPCTSDRFGLTQCSN,19,False,False,18,0.9473684210526315
236,0_neg_262,2,CRQSCSFGPLTFVCDGNTK,SQGTCFPCFDCLSNGVTKR,19,False,False,18,0.9473684210526315
236,0_neg_262,3,CRQSCSFGPLTFVCDGNTK,KVNFCCFTQSDGGRLSPCT,19,False,False,17,0.8947368421052632
236,0_neg_262,4,CRQSCSFGPLTFVCDGNTK,QKCSVTCNFSRLDFTGGPC,19,False,False,17,0.8947368421052632
236,0_neg_262,5,CRQSCSFGPLTFVCDGNTK,CVNDPSGTGCCFTKFSRQL,19,False,False,16,0.8421052631578947
236,0_neg_262,6,CRQSCSFGPLTFVCDGNTK,GTCLQDNGSCFPSVRKCFT,19,False,False,18,0.9473684210526315
236,0_neg_262,7,CRQSCSFGPLTFVCDGNTK,CSFKLQFPGGCSDRTVCNT,19,False,False,17,0.8947368421052632
236,0_neg_262,8,CRQSCSFGPLTFVCDGNTK,LFDVTGTNSRKCFSGCPCQ,19,False,False,19,1.0
236,0_neg_262,9,CRQSCSFGPLTFVCDGNTK,CPGSFLTTCDGKNSVQRFC,19,False,False,17,0.8947368421052632
237,1_pos_1349,0,DEQIPSHPPR,RSIEPPDHQP,10,False,False,9,0.9
237,1_pos_1349,1,DEQIPSHPPR,HDREPPISQP,10,False,False,9,0.9
237,1_pos_1349,2,DEQIPSHPPR,IDRSPPHPEQ,10,False,False,7,0.7
237,1_pos_1349,3,DEQIPSHPPR,IRQDPHEPPS,10,False,False,6,0.6
237,1_pos_1349,4,DEQIPSHPPR,HREQPDPPIS,10,False,False,8,0.8
237,1_pos_1349,5,DEQIPSHPPR,SPPIHDREPQ,10,False,False,8,0.8
237,1_pos_1349,6,DEQIPSHPPR,QPDPPIEHSR,10,False,False,8,0.8
237,1_pos_1349,7,DEQIPSHPPR,ISDHPRPQPE,10,False,False,8,0.8
237,1_pos_1349,8,DEQIPSHPPR,PPEDSRPQIH,10,False,False,10,1.0
237,1_pos_1349,9,DEQIPSHPPR,EPHPRPQIDS,10,False,False,10,1.0
238,1_pos_433,0,FY,FY,2,True,False,0,0.0
238,1_pos_433,1,FY,FY,2,True,True,0,0.0
238,1_pos_433,2,FY,YF,2,False,False,2,1.0
238,1_pos_433,3,FY,YF,2,False,True,2,1.0
238,1_pos_433,4,FY,YF,2,False,True,2,1.0
238,1_pos_433,5,FY,YF,2,False,True,2,1.0
238,1_pos_433,6,FY,FY,2,True,True,0,0.0
238,1_pos_433,7,FY,YF,2,False,True,2,1.0
238,1_pos_433,8,FY,FY,2,True,True,0,0.0
238,1_pos_433,9,FY,FY,2,True,True,0,0.0
239,0_neg_1169,0,CSTCLDKP,TPLDKCCS,8,False,False,8,1.0
239,0_neg_1169,1,CSTCLDKP,KCPSDLCT,8,False,False,8,1.0
239,0_neg_1169,2,CSTCLDKP,DCLSCTPK,8,False,False,8,1.0
239,0_neg_1169,3,CSTCLDKP,KPCCTSLD,8,False,False,7,0.875
239,0_neg_1169,4,CSTCLDKP,KTPLSDCC,8,False,False,7,0.875
239,0_neg_1169,5,CSTCLDKP,SDTLKCCP,8,False,False,6,0.75
239,0_neg_1169,6,CSTCLDKP,CLCSDPTK,8,False,False,7,0.875
239,0_neg_1169,7,CSTCLDKP,PLSKCTDC,8,False,False,8,1.0
239,0_neg_1169,8,CSTCLDKP,DCKCPLST,8,False,False,7,0.875
239,0_neg_1169,9,CSTCLDKP,SCKTPDCL,8,False,False,7,0.875
240,1_pos_1056,0,YYPFKGFA,FYAPFGYK,8,False,False,6,0.75
240,1_pos_1056,1,YYPFKGFA,GYKFAPFY,8,False,False,5,0.625
240,1_pos_1056,2,YYPFKGFA,FYGKAFYP,8,False,False,7,0.875
240,1_pos_1056,3,YYPFKGFA,PGFKYAFY,8,False,False,7,0.875
240,1_pos_1056,4,YYPFKGFA,KGAPYFFY,8,False,False,7,0.875
240,1_pos_1056,5,YYPFKGFA,YKAFPGYF,8,False,False,5,0.625
240,1_pos_1056,6,YYPFKGFA,AYFGFYPK,8,False,False,7,0.875
240,1_pos_1056,7,YYPFKGFA,PAYGFFKY,8,False,False,8,1.0
240,1_pos_1056,8,YYPFKGFA,YFPAGFYK,8,False,False,6,0.75
240,1_pos_1056,9,YYPFKGFA,YYFFPKGA,8,False,False,4,0.5
241,0_neg_1201,0,NCCPIDEESCCS,SCCEDPSIECCN,12,False,False,8,0.6666666666666666
241,0_neg_1201,1,NCCPIDEESCCS,CCCCEEIDPSSN,12,False,False,10,0.8333333333333334
241,0_neg_1201,2,NCCPIDEESCCS,SNCEDCICPCES,12,False,False,9,0.75
241,0_neg_1201,3,NCCPIDEESCCS,SCCNCCIESPDE,12,False,False,8,0.6666666666666666
241,0_neg_1201,4,NCCPIDEESCCS,SICPESECDCNC,12,False,False,8,0.6666666666666666
241,0_neg_1201,5,NCCPIDEESCCS,CESNDIPCSECC,12,False,False,10,0.8333333333333334
241,0_neg_1201,6,NCCPIDEESCCS,CICCCSENESPD,12,False,False,10,0.8333333333333334
241,0_neg_1201,7,NCCPIDEESCCS,PENCCSSECCID,12,False,False,10,0.8333333333333334
241,0_neg_1201,8,NCCPIDEESCCS,ENDPCECCSCSI,12,False,False,9,0.75
241,0_neg_1201,9,NCCPIDEESCCS,CCDNCCIPESSE,12,False,False,11,0.9166666666666666
242,1_pos_783,0,LY,YL,2,False,False,2,1.0
242,1_pos_783,1,LY,YL,2,False,True,2,1.0
242,1_pos_783,2,LY,LY,2,True,False,0,0.0
242,1_pos_783,3,LY,LY,2,True,True,0,0.0
242,1_pos_783,4,LY,LY,2,True,True,0,0.0
242,1_pos_783,5,LY,LY,2,True,True,0,0.0
242,1_pos_783,6,LY,YL,2,False,True,2,1.0
242,1_pos_783,7,LY,LY,2,True,True,0,0.0
242,1_pos_783,8,LY,LY,2,True,True,0,0.0
242,1_pos_783,9,LY,LY,2,True,True,0,0.0
243,1_pos_176,0,YASVV,ASVYV,5,False,False,4,0.8
243,1_pos_176,1,YASVV,VSAYV,5,False,False,4,0.8
243,1_pos_176,2,YASVV,VAVSY,5,False,False,4,0.8
243,1_pos_176,3,YASVV,SVYVA,5,False,False,4,0.8
243,1_pos_176,4,YASVV,VSVYA,5,False,False,5,1.0
243,1_pos_176,5,YASVV,AYVVS,5,False,False,4,0.8
243,1_pos_176,6,YASVV,YSVAV,5,False,False,3,0.6
243,1_pos_176,7,YASVV,SAVYV,5,False,False,3,0.6
243,1_pos_176,8,YASVV,AVVYS,5,False,False,5,1.0
243,1_pos_176,9,YASVV,YSVAV,5,False,True,3,0.6
244,0_neg_12,0,GNVAELTEVR,LEVRETGAVN,10,False,False,7,0.7
244,0_neg_12,1,GNVAELTEVR,GNLEVTVRAE,10,False,False,8,0.8
244,0_neg_12,2,GNVAELTEVR,EGRLTAVEVN,10,False,False,8,0.8
244,0_neg_12,3,GNVAELTEVR,NTLARVVEEG,10,False,False,8,0.8
244,0_neg_12,4,GNVAELTEVR,VGRELTVANE,10,False,False,10,1.0
244,0_neg_12,5,GNVAELTEVR,EVTERLNAVG,10,False,False,8,0.8
244,0_neg_12,6,GNVAELTEVR,TLNEVAEVRG,10,False,False,10,1.0
244,0_neg_12,7,GNVAELTEVR,RGANTEVVLE,10,False,False,10,1.0
244,0_neg_12,8,GNVAELTEVR,NALVRVETGE,10,False,False,10,1.0
244,0_neg_12,9,GNVAELTEVR,ELENGVATRV,10,False,False,10,1.0
245,0_neg_1494,0,VGQDATISFK,TFSDIAKQVG,10,False,False,9,0.9
245,0_neg_1494,1,VGQDATISFK,FSIKTAQVDG,10,False,False,10,1.0
245,0_neg_1494,2,VGQDATISFK,KDITQGFSVA,10,False,False,9,0.9
245,0_neg_1494,3,VGQDATISFK,QFVDKGASTI,10,False,False,8,0.8
245,0_neg_1494,4,VGQDATISFK,DFIAKQGVST,10,False,False,10,1.0
245,0_neg_1494,5,VGQDATISFK,VFIAKGTDQS,10,False,False,9,0.9
245,0_neg_1494,6,VGQDATISFK,VKSQATGIFD,10,False,False,6,0.6
245,0_neg_1494,7,VGQDATISFK,GTDSFQVAKI,10,False,False,10,1.0
245,0_neg_1494,8,VGQDATISFK,QIFASDTKGV,10,False,False,10,1.0
245,0_neg_1494,9,VGQDATISFK,ADGFSTIKVQ,10,False,False,8,0.8
246,0_neg_725,0,MIEIRFHGRGGQGAV,GERHVAMIGQGRFIG,15,False,False,14,0.9333333333333333
246,0_neg_725,1,MIEIRFHGRGGQGAV,IGGQARVIMFGHGER,15,False,False,13,0.8666666666666667
246,0_neg_725,2,MIEIRFHGRGGQGAV,GHFVIEGIAQGMGRR,15,False,False,13,0.8666666666666667
246,0_neg_725,3,MIEIRFHGRGGQGAV,HFRQVIEGGMGAGIR,15,False,False,12,0.8
246,0_neg_725,4,MIEIRFHGRGGQGAV,GARIQMIRGEGVHGF,15,False,False,13,0.8666666666666667
246,0_neg_725,5,MIEIRFHGRGGQGAV,QREIMGAHRFGGGVI,15,False,False,10,0.6666666666666666
246,0_neg_725,6,MIEIRFHGRGGQGAV,GIGHGQEFIRRVGAM,15,False,False,12,0.8
246,0_neg_725,7,MIEIRFHGRGGQGAV,RIRGQGGAFMGEHIV,15,False,False,12,0.8
246,0_neg_725,8,MIEIRFHGRGGQGAV,EHGGIGFQRVRAMGI,15,False,False,14,0.9333333333333333
246,0_neg_725,9,MIEIRFHGRGGQGAV,FGRHAQGIMGGVERI,15,False,False,13,0.8666666666666667
247,0_neg_512,0,PKDSMLLLQVPVY,LDQYVSVPPMKLL,13,False,False,13,1.0
247,0_neg_512,1,PKDSMLLLQVPVY,PQLMVVYSPLLKD,13,False,False,12,0.9230769230769231
247,0_neg_512,2,PKDSMLLLQVPVY,LLLPSMYPKVQVD,13,False,False,11,0.8461538461538461
247,0_neg_512,3,PKDSMLLLQVPVY,LKPDYMVPVLSQL,13,False,False,12,0.9230769230769231
247,0_neg_512,4,PKDSMLLLQVPVY,DLYSKVPLVQLPM,13,False,False,11,0.8461538461538461
247,0_neg_512,5,PKDSMLLLQVPVY,MPQPLYLDLVSKV,13,False,False,11,0.8461538461538461
247,0_neg_512,6,PKDSMLLLQVPVY,KLSVQPMLPYDVL,13,False,False,11,0.8461538461538461
247,0_neg_512,7,PKDSMLLLQVPVY,SQVLYLDPKVMLP,13,False,False,11,0.8461538461538461
247,0_neg_512,8,PKDSMLLLQVPVY,LLKYDVPMLVQPS,13,False,False,12,0.9230769230769231
247,0_neg_512,9,PKDSMLLLQVPVY,LLQVLPYPMVDSK,13,False,False,12,0.9230769230769231
248,0_neg_1151,0,YAIVARPRF,AYFRRPVAI,9,False,False,9,1.0
248,0_neg_1151,1,YAIVARPRF,FIPRAYRVA,9,False,False,8,0.8888888888888888
248,0_neg_1151,2,YAIVARPRF,YAFVAPRIR,9,False,False,5,0.5555555555555556
248,0_neg_1151,3,YAIVARPRF,VYFAAPRIR,9,False,False,8,0.8888888888888888
248,0_neg_1151,4,YAIVARPRF,YAPIAVRFR,9,False,False,6,0.6666666666666666
248,0_neg_1151,5,YAIVARPRF,IRPYVRFAA,9,False,False,8,0.8888888888888888
248,0_neg_1151,6,YAIVARPRF,FRAVIARYP,9,False,False,8,0.8888888888888888
248,0_neg_1151,7,YAIVARPRF,FPRVAARIY,9,False,False,7,0.7777777777777778
248,0_neg_1151,8,YAIVARPRF,VAAYRPIFR,9,False,False,8,0.8888888888888888
248,0_neg_1151,9,YAIVARPRF,VRYIARAFP,9,False,False,7,0.7777777777777778
249,1_pos_1244,0,CSQAPLA,SAQLPAC,7,False,False,5,0.7142857142857143
249,1_pos_1244,1,CSQAPLA,QAPALCS,7,False,False,6,0.8571428571428571
249,1_pos_1244,2,CSQAPLA,PASCQAL,7,False,False,7,1.0
249,1_pos_1244,3,CSQAPLA,ACLPQAS,7,False,False,7,1.0
249,1_pos_1244,4,CSQAPLA,QPSALCA,7,False,False,5,0.7142857142857143
249,1_pos_1244,5,CSQAPLA,SCAPQLA,7,False,False,5,0.7142857142857143
249,1_pos_1244,6,CSQAPLA,SLCQAAP,7,False,False,7,1.0
249,1_pos_1244,7,CSQAPLA,CAPQLAS,7,False,False,6,0.8571428571428571
249,1_pos_1244,8,CSQAPLA,LACAPQS,7,False,False,5,0.7142857142857143
249,1_pos_1244,9,CSQAPLA,ACLAPQS,7,False,False,5,0.7142857142857143
250,0_neg_978,0,GKPFYPPPIYPEDM,PYPEDIPFMGPYPK,14,False,False,11,0.7857142857142857
250,0_neg_978,1,GKPFYPPPIYPEDM,IYDPPPMKPYEGFP,14,False,False,12,0.8571428571428571
250,0_neg_978,2,GKPFYPPPIYPEDM,YEPMPPPKDIYFPG,14,False,False,11,0.7857142857142857
250,0_neg_978,3,GKPFYPPPIYPEDM,KPYYIPPGEDFPMP,14,False,False,12,0.8571428571428571
250,0_neg_978,4,GKPFYPPPIYPEDM,GMFPDPEYKPYIPP,14,False,False,12,0.8571428571428571
250,0_neg_978,5,GKPFYPPPIYPEDM,KDYYFPPPPGPIEM,14,False,False,9,0.6428571428571429
250,0_neg_978,6,GKPFYPPPIYPEDM,PEIPKFMPYYGDPP,14,False,False,12,0.8571428571428571
250,0_neg_978,7,GKPFYPPPIYPEDM,KPYIEMFPDPGPPY,14,False,False,13,0.9285714285714286
250,0_neg_978,8,GKPFYPPPIYPEDM,IGPDPKFMPYEPPY,14,False,False,12,0.8571428571428571
250,0_neg_978,9,GKPFYPPPIYPEDM,EPMGPIYKPPPDYF,14,False,False,13,0.9285714285714286
251,0_neg_46,0,WLRMASGLTDYR,LRSAMLDTYWRG,12,False,False,12,1.0
251,0_neg_46,1,WLRMASGLTDYR,SWARDLLGYTMR,12,False,False,11,0.9166666666666666
251,0_neg_46,2,WLRMASGLTDYR,LRMSYWALRGDT,12,False,False,11,0.9166666666666666
251,0_neg_46,3,WLRMASGLTDYR,LGASYTRMWRDL,12,False,False,12,1.0
251,0_neg_46,4,WLRMASGLTDYR,WYLRLMSDTRGA,12,False,False,10,0.8333333333333334
251,0_neg_46,5,WLRMASGLTDYR,RMSGYALTLDRW,12,False,False,11,0.9166666666666666
251,0_neg_46,6,WLRMASGLTDYR,WTSMDRRLYLAG,12,False,False,9,0.75
251,0_neg_46,7,WLRMASGLTDYR,RDTLGLRMYSWA,12,False,False,12,1.0
251,0_neg_46,8,WLRMASGLTDYR,GRRTALYWDSLM,12,False,False,10,0.8333333333333334
251,0_neg_46,9,WLRMASGLTDYR,TRGALRWLDMYS,12,False,False,10,0.8333333333333334
252,1_pos_841,0,LEEAF,LEAFE,5,False,False,3,0.6
252,1_pos_841,1,LEEAF,FALEE,5,False,False,5,1.0
252,1_pos_841,2,LEEAF,LFAEE,5,False,False,4,0.8
252,1_pos_841,3,LEEAF,AEFEL,5,False,False,4,0.8
252,1_pos_841,4,LEEAF,LEAEF,5,False,False,2,0.4
252,1_pos_841,5,LEEAF,EALFE,5,False,False,5,1.0
252,1_pos_841,6,LEEAF,EFAEL,5,False,False,5,1.0
252,1_pos_841,7,LEEAF,EELAF,5,False,False,2,0.4
252,1_pos_841,8,LEEAF,LEEAF,5,True,False,0,0.0
252,1_pos_841,9,LEEAF,FEEAL,5,False,False,2,0.4
253,1_pos_703,0,KAVPYPQ,KPAVQYP,7,False,False,6,0.8571428571428571
253,1_pos_703,1,KAVPYPQ,PQPYVAK,7,False,False,7,1.0
253,1_pos_703,2,KAVPYPQ,QAPYPVK,7,False,False,6,0.8571428571428571
253,1_pos_703,3,KAVPYPQ,YPPQVAK,7,False,False,7,1.0
253,1_pos_703,4,KAVPYPQ,VPAKQYP,7,False,False,7,1.0
253,1_pos_703,5,KAVPYPQ,YPQKAVP,7,False,False,7,1.0
253,1_pos_703,6,KAVPYPQ,PQKVPAY,7,False,False,7,1.0
253,1_pos_703,7,KAVPYPQ,YVPQPKA,7,False,False,7,1.0
253,1_pos_703,8,KAVPYPQ,YPPKAQV,7,False,False,7,1.0
253,1_pos_703,9,KAVPYPQ,VPYAQPK,7,False,False,6,0.8571428571428571
254,0_neg_340,0,EGCCSNPPCRHTHPEVC,PCPECSPVGNERHCHTC,17,False,False,14,0.8235294117647058
254,0_neg_340,1,EGCCSNPPCRHTHPEVC,HNHTCSPPPERCCVCEG,17,False,False,15,0.8823529411764706
254,0_neg_340,2,EGCCSNPPCRHTHPEVC,GCTPCPCPEHCENVSRH,17,False,False,16,0.9411764705882353
254,0_neg_340,3,EGCCSNPPCRHTHPEVC,ECCRNPPVCPCGSHTEH,17,False,False,13,0.7647058823529411
254,0_neg_340,4,EGCCSNPPCRHTHPEVC,NSCCCTEHEVPPCHGPR,17,False,False,15,0.8823529411764706
254,0_neg_340,5,EGCCSNPPCRHTHPEVC,RPTVCCCHGSCNEEPPH,17,False,False,17,1.0
254,0_neg_340,6,EGCCSNPPCRHTHPEVC,SNCHPECVEHCRPPTCG,17,False,False,15,0.8823529411764706
254,0_neg_340,7,EGCCSNPPCRHTHPEVC,CCTHPRPNECPSGCVHE,17,False,False,16,0.9411764705882353
254,0_neg_340,8,EGCCSNPPCRHTHPEVC,CHSNTPPECHCPERVGC,17,False,False,14,0.8235294117647058
254,0_neg_340,9,EGCCSNPPCRHTHPEVC,CPPCRNHCGSCETHPVE,17,False,False,14,0.8235294117647058
255,0_neg_1490,0,LSAGPNGGSIAKLSVK,SGGNVISASKGLALKP,16,False,False,15,0.9375
255,0_neg_1490,1,LSAGPNGGSIAKLSVK,ASLKGGVKLISGPSNA,16,False,False,13,0.8125
255,0_neg_1490,2,LSAGPNGGSIAKLSVK,PLSASGSNIAGLVGKK,16,False,False,15,0.9375
255,0_neg_1490,3,LSAGPNGGSIAKLSVK,SSKGLGAVIGANLKSP,16,False,False,12,0.75
255,0_neg_1490,4,LSAGPNGGSIAKLSVK,KKGPSSLSGLANAIVG,16,False,False,14,0.875
255,0_neg_1490,5,LSAGPNGGSIAKLSVK,SGKVLLGKAGNSPSAI,16,False,False,14,0.875
255,0_neg_1490,6,LSAGPNGGSIAKLSVK,VSPKGSGGLSAKANLI,16,False,False,11,0.6875
255,0_neg_1490,7,LSAGPNGGSIAKLSVK,AVKGIGAGSLSLKPNS,16,False,False,13,0.8125
255,0_neg_1490,8,LSAGPNGGSIAKLSVK,GLGAVGLANSSKKSPI,16,False,False,14,0.875
255,0_neg_1490,9,LSAGPNGGSIAKLSVK,ANPGGLLKSKISSVGA,16,False,False,14,0.875
256,0_neg_960,0,DMDDFGLGDFDDGR,LGDFFDDDRGGMDD,14,False,False,12,0.8571428571428571
256,0_neg_960,1,DMDDFGLGDFDDGR,LDGDGFFDDGRDDM,14,False,False,11,0.7857142857142857
256,0_neg_960,2,DMDDFGLGDFDDGR,DLDDGFDFDGGMDR,14,False,False,9,0.6428571428571429
256,0_neg_960,3,DMDDFGLGDFDDGR,DFMDDDGGLFRDDG,14,False,False,9,0.6428571428571429
256,0_neg_960,4,DMDDFGLGDFDDGR,GLGMGFDDDDRFDD,14,False,False,13,0.9285714285714286
256,0_neg_960,5,DMDDFGLGDFDDGR,DGGMFLDDGRDDFD,14,False,False,10,0.7142857142857143
256,0_neg_960,6,DMDDFGLGDFDDGR,DMFLGDDGDGRDDF,14,False,False,9,0.6428571428571429
256,0_neg_960,7,DMDDFGLGDFDDGR,DDDLFRDDDGGGFM,14,False,False,10,0.7142857142857143
256,0_neg_960,8,DMDDFGLGDFDDGR,FDDMLFRGGDDDGD,14,False,False,9,0.6428571428571429
256,0_neg_960,9,DMDDFGLGDFDDGR,LDDGGRDFDFDGMD,14,False,False,10,0.7142857142857143
257,0_neg_282,0,CFPGNCPDS,SGCCPDFNP,9,False,False,9,1.0
257,0_neg_282,1,CFPGNCPDS,CSPCDGNPF,9,False,False,7,0.7777777777777778
257,0_neg_282,2,CFPGNCPDS,CFPNDPGCS,9,False,False,5,0.5555555555555556
257,0_neg_282,3,CFPGNCPDS,PCSNDPCFG,9,False,False,9,1.0
257,0_neg_282,4,CFPGNCPDS,FDPGCNCSP,9,False,False,7,0.7777777777777778
257,0_neg_282,5,CFPGNCPDS,PPSNCGDFC,9,False,False,9,1.0
257,0_neg_282,6,CFPGNCPDS,NCPFCSDGP,9,False,False,8,0.8888888888888888
257,0_neg_282,7,CFPGNCPDS,CNDPGPCFS,9,False,False,7,0.7777777777777778
257,0_neg_282,8,CFPGNCPDS,CPDSCPNFG,9,False,False,8,0.8888888888888888
257,0_neg_282,9,CFPGNCPDS,DNSPCPFCG,9,False,False,9,1.0
258,1_pos_756,0,LEQQVDDLEGSLEQEKK,QEEQQEGKDLDLSKVLE,17,False,False,14,0.8235294117647058
258,1_pos_756,1,LEQQVDDLEGSLEQEKK,EEDQKGDVEKLQLESLQ,17,False,False,13,0.7647058823529411
258,1_pos_756,2,LEQQVDDLEGSLEQEKK,GQSEVELQQDKKDEELL,17,False,False,15,0.8823529411764706
258,1_pos_756,3,LEQQVDDLEGSLEQEKK,VLDEKQGEQEKEQDSLL,17,False,False,17,1.0
258,1_pos_756,4,LEQQVDDLEGSLEQEKK,LELEVEQESGQDLQKDK,17,False,False,11,0.6470588235294118
258,1_pos_756,5,LEQQVDDLEGSLEQEKK,GLSDLEKELDEVQEQQK,17,False,False,16,0.9411764705882353
258,1_pos_756,6,LEQQVDDLEGSLEQEKK,EKSLQGQEQLVDELKDE,17,False,False,16,0.9411764705882353
258,1_pos_756,7,LEQQVDDLEGSLEQEKK,ELGQSLLKKQEEDEQDV,17,False,False,16,0.9411764705882353
258,1_pos_756,8,LEQQVDDLEGSLEQEKK,EEGLSLKDVKDELEQQQ,17,False,False,16,0.9411764705882353
258,1_pos_756,9,LEQQVDDLEGSLEQEKK,GQLEKLQVDESEEKLDQ,17,False,False,15,0.8823529411764706
259,0_neg_413,0,EVRPFPEVYERIA,EPVVAYFRIREEP,13,False,False,12,0.9230769230769231
259,0_neg_413,1,EVRPFPEVYERIA,FEYPREIVAERPV,13,False,False,9,0.6923076923076923
259,0_neg_413,2,EVRPFPEVYERIA,RPRAEPEYVVEFI,13,False,False,10,0.7692307692307693
259,0_neg_413,3,EVRPFPEVYERIA,VPAPEREVEYFIR,13,False,False,9,0.6923076923076923
259,0_neg_413,4,EVRPFPEVYERIA,APVPVEYRRFEIE,13,False,False,11,0.8461538461538461
259,0_neg_413,5,EVRPFPEVYERIA,FEPVRVIEPEAYR,13,False,False,12,0.9230769230769231
259,0_neg_413,6,EVRPFPEVYERIA,VIPRYEAFRVPEE,13,False,False,13,1.0
259,0_neg_413,7,EVRPFPEVYERIA,PFEVARPEIEVRY,13,False,False,12,0.9230769230769231
259,0_neg_413,8,EVRPFPEVYERIA,YIVRREEPPAEFV,13,False,False,12,0.9230769230769231
259,0_neg_413,9,EVRPFPEVYERIA,EPIEVREARVPYF,13,False,False,11,0.8461538461538461
260,0_neg_462,0,FIGGIISFIKKLF,KIIGGIFFFSILK,13,False,False,8,0.6153846153846154
260,0_neg_462,1,FIGGIISFIKKLF,FIIKKSGGFIIFL,13,False,False,11,0.8461538461538461
260,0_neg_462,2,FIGGIISFIKKLF,IILKGSIFKFGFI,13,False,False,11,0.8461538461538461
260,0_neg_462,3,FIGGIISFIKKLF,LIKFIKIFFSIGG,13,False,False,10,0.7692307692307693
260,0_neg_462,4,FIGGIISFIKKLF,LIFGSIKFIKFIG,13,False,False,7,0.5384615384615384
260,0_neg_462,5,FIGGIISFIKKLF,IFGIKFLIKFGSI,13,False,False,12,0.9230769230769231
260,0_neg_462,6,FIGGIISFIKKLF,FLIKFSGKGIIFI,13,False,False,12,0.9230769230769231
260,0_neg_462,7,FIGGIISFIKKLF,FGSILKFFIGKII,13,False,False,9,0.6923076923076923
260,0_neg_462,8,FIGGIISFIKKLF,GGIKSFILFIFKI,13,False,False,13,1.0
260,0_neg_462,9,FIGGIISFIKKLF,GFFGLKIIFSIIK,13,False,False,12,0.9230769230769231
261,0_neg_1239,0,MARIAGVNIPTGKRVPI,NPRRGVVAPIAIGTKIM,17,False,False,15,0.8823529411764706
261,0_neg_1239,1,MARIAGVNIPTGKRVPI,PRIATVNIAGPVKMGIR,17,False,False,16,0.9411764705882353
261,0_neg_1239,2,MARIAGVNIPTGKRVPI,IGAMVKARINGVIPTRP,17,False,False,16,0.9411764705882353
261,0_neg_1239,3,MARIAGVNIPTGKRVPI,VPIRIMGPIATKNRVAG,17,False,False,13,0.7647058823529411
261,0_neg_1239,4,MARIAGVNIPTGKRVPI,ATKMPGGIVPNARRIIV,17,False,False,14,0.8235294117647058
261,0_neg_1239,5,MARIAGVNIPTGKRVPI,ATIKVPIMIGRVGRNAP,17,False,False,15,0.8823529411764706
261,0_neg_1239,6,MARIAGVNIPTGKRVPI,MGRAVIPIKVGNAPTIR,17,False,False,15,0.8823529411764706
261,0_neg_1239,7,MARIAGVNIPTGKRVPI,RTAIGMVNIKPGIPVRA,17,False,False,11,0.6470588235294118
261,0_neg_1239,8,MARIAGVNIPTGKRVPI,GARIATRMVVPGIPINK,17,False,False,12,0.7058823529411765
261,0_neg_1239,9,MARIAGVNIPTGKRVPI,IAPPTRVGARKMNVIGI,17,False,False,14,0.8235294117647058
262,1_pos_1420,0,AGGF,GGAF,4,False,False,2,0.5
262,1_pos_1420,1,AGGF,GGFA,4,False,False,3,0.75
262,1_pos_1420,2,AGGF,GGFA,4,False,True,3,0.75
262,1_pos_1420,3,AGGF,GFGA,4,False,False,3,0.75
262,1_pos_1420,4,AGGF,FGGA,4,False,False,2,0.5
262,1_pos_1420,5,AGGF,AGGF,4,True,False,0,0.0
262,1_pos_1420,6,AGGF,FGGA,4,False,True,2,0.5
262,1_pos_1420,7,AGGF,GFAG,4,False,False,4,1.0
262,1_pos_1420,8,AGGF,GFGA,4,False,True,3,0.75
262,1_pos_1420,9,AGGF,GFGA,4,False,True,3,0.75
263,0_neg_1521,0,IRCTGSKECYSPSY,ESYKPTCYRSCSGI,14,False,False,14,1.0
263,0_neg_1521,1,IRCTGSKECYSPSY,KERCTPSSIYYGCS,14,False,False,13,0.9285714285714286
263,0_neg_1521,2,IRCTGSKECYSPSY,SPSCSYITGCRYKE,14,False,False,14,1.0
263,0_neg_1521,3,IRCTGSKECYSPSY,RCKSYPYSISGCET,14,False,False,14,1.0
263,0_neg_1521,4,IRCTGSKECYSPSY,CGSSTEYPYSCKRI,14,False,False,14,1.0
263,0_neg_1521,5,IRCTGSKECYSPSY,SYICSSTRCPKGEY,14,False,False,11,0.7857142857142857
263,0_neg_1521,6,IRCTGSKECYSPSY,PYSSKCESIYTGCR,14,False,False,13,0.9285714285714286
263,0_neg_1521,7,IRCTGSKECYSPSY,SRECSSKGTPIYCY,14,False,False,10,0.7142857142857143
263,0_neg_1521,8,IRCTGSKECYSPSY,CSTGYEKCRISPSY,14,False,False,9,0.6428571428571429
263,0_neg_1521,9,IRCTGSKECYSPSY,ISYRTSPSGEKYCC,14,False,False,12,0.8571428571428571
264,1_pos_918,0,KFPE,PKEF,4,False,False,4,1.0
264,1_pos_918,1,KFPE,KEFP,4,False,False,3,0.75
264,1_pos_918,2,KFPE,KFEP,4,False,False,2,0.5
264,1_pos_918,3,KFPE,KFPE,4,True,False,0,0.0
264,1_pos_918,4,KFPE,KFPE,4,True,True,0,0.0
264,1_pos_918,5,KFPE,EPKF,4,False,False,4,1.0
264,1_pos_918,6,KFPE,FKEP,4,False,False,4,1.0
264,1_pos_918,7,KFPE,KPEF,4,False,False,3,0.75
264,1_pos_918,8,KFPE,FPEK,4,False,False,4,1.0
264,1_pos_918,9,KFPE,FPEK,4,False,True,4,1.0
265,0_neg_1247,0,APYQKRNI,RPIQNKAY,8,False,False,6,0.75
265,0_neg_1247,1,APYQKRNI,ANIQYKRP,8,False,False,6,0.75
265,0_neg_1247,2,APYQKRNI,PRIQNAKY,8,False,False,7,0.875
265,0_neg_1247,3,APYQKRNI,NIKRYAQP,8,False,False,8,1.0
265,0_neg_1247,4,APYQKRNI,KPQIRAYN,8,False,False,7,0.875
265,0_neg_1247,5,APYQKRNI,IAKQNYRP,8,False,False,7,0.875
265,0_neg_1247,6,APYQKRNI,YPKQRAIN,8,False,False,6,0.75
265,0_neg_1247,7,APYQKRNI,NYQIAPRK,8,False,False,8,1.0
265,0_neg_1247,8,APYQKRNI,AKQRNPIY,8,False,False,7,0.875
265,0_neg_1247,9,APYQKRNI,YNAQRKPI,8,False,False,6,0.75
266,0_neg_1466,0,GVIDAAKKVVNVLKNLF,AKVKNVVGLDKNVIFAL,17,False,False,17,1.0
266,0_neg_1466,1,GVIDAAKKVVNVLKNLF,LKFGVVVNLDINAVKAK,17,False,False,17,1.0
266,0_neg_1466,2,GVIDAAKKVVNVLKNLF,GAVAKKLKFLNINVVVD,17,False,False,14,0.8235294117647058
266,0_neg_1466,3,GVIDAAKKVVNVLKNLF,GFVAVLKANVKVNKIDL,17,False,False,12,0.7058823529411765
266,0_neg_1466,4,GVIDAAKKVVNVLKNLF,FLDLAVAIVNNKKKVGV,17,False,False,13,0.7647058823529411
266,0_neg_1466,5,GVIDAAKKVVNVLKNLF,NLNKIKFVLDAGKAVVV,17,False,False,17,1.0
266,0_neg_1466,6,GVIDAAKKVVNVLKNLF,KVVLKGKLADNVAIFNV,17,False,False,13,0.7647058823529411
266,0_neg_1466,7,GVIDAAKKVVNVLKNLF,GVAFDKVAKNIVNLKVL,17,False,False,14,0.8235294117647058
266,0_neg_1466,8,GVIDAAKKVVNVLKNLF,VIDLKFAKVVNLNGAKV,17,False,False,13,0.7647058823529411
266,0_neg_1466,9,GVIDAAKKVVNVLKNLF,DGVKLVIAKNVKFANLV,17,False,False,15,0.8823529411764706
267,0_neg_164,0,TPQQDFMRF,QFRTPQMDF,9,False,False,7,0.7777777777777778
267,0_neg_164,1,TPQQDFMRF,PTFQMDQRF,9,False,False,6,0.6666666666666666
267,0_neg_164,2,TPQQDFMRF,RPMDQFFQT,9,False,False,7,0.7777777777777778
267,0_neg_164,3,TPQQDFMRF,MTDFPRQFQ,9,False,False,9,1.0
267,0_neg_164,4,TPQQDFMRF,FPMRQFTDQ,9,False,False,7,0.7777777777777778
267,0_neg_164,5,TPQQDFMRF,FMQRDFTQP,9,False,False,6,0.6666666666666666
267,0_neg_164,6,TPQQDFMRF,QQRTPFFDM,9,False,False,8,0.8888888888888888
267,0_neg_164,7,TPQQDFMRF,QRDFTPQFM,9,False,False,9,1.0
267,0_neg_164,8,TPQQDFMRF,QFTFMDRPQ,9,False,False,9,1.0
267,0_neg_164,9,TPQQDFMRF,FDQFQPTMR,9,False,False,8,0.8888888888888888
268,1_pos_861,0,APSFSDIPNPIGSENSE,ENPDENFGIAPISSSPS,17,False,False,16,0.9411764705882353
268,1_pos_861,1,APSFSDIPNPIGSENSE,NIEPPASEGNSSDIPSF,17,False,False,16,0.9411764705882353
268,1_pos_861,2,APSFSDIPNPIGSENSE,SNSIFPSEASDGPIPEN,17,False,False,15,0.8823529411764706
268,1_pos_861,3,APSFSDIPNPIGSENSE,SSEDAPFGPIPNSIENS,17,False,False,16,0.9411764705882353
268,1_pos_861,4,APSFSDIPNPIGSENSE,DNEPSIPPNSSIAFEGS,17,False,False,14,0.8235294117647058
268,1_pos_861,5,APSFSDIPNPIGSENSE,PESSNISDGPNASFEPI,17,False,False,14,0.8235294117647058
268,1_pos_861,6,APSFSDIPNPIGSENSE,ENSDENSISPSGIPPAF,17,False,False,14,0.8235294117647058
268,1_pos_861,7,APSFSDIPNPIGSENSE,PIPSPNDINSESGAEFS,17,False,False,16,0.9411764705882353
268,1_pos_861,8,APSFSDIPNPIGSENSE,NPEISIPFSEAPSSNGD,17,False,False,13,0.7647058823529411
268,1_pos_861,9,APSFSDIPNPIGSENSE,GEFNSPASEIDPSINPS,17,False,False,14,0.8235294117647058
269,1_pos_1174,0,FIKK,KFIK,4,False,False,3,0.75
269,1_pos_1174,1,FIKK,KIFK,4,False,False,2,0.5
269,1_pos_1174,2,FIKK,KFIK,4,False,True,3,0.75
269,1_pos_1174,3,FIKK,IFKK,4,False,False,2,0.5
269,1_pos_1174,4,FIKK,KKIF,4,False,False,4,1.0
269,1_pos_1174,5,FIKK,IKKF,4,False,False,3,0.75
269,1_pos_1174,6,FIKK,FKKI,4,False,False,2,0.5
269,1_pos_1174,7,FIKK,KIKF,4,False,False,2,0.5
269,1_pos_1174,8,FIKK,KKFI,4,False,False,4,1.0
269,1_pos_1174,9,FIKK,FKKI,4,False,True,2,0.5
270,0_neg_1240,0,SGETSGEGNGMWFGPRL,GRGESSPMFLTGGGWNE,17,False,False,15,0.8823529411764706
270,0_neg_1240,1,SGETSGEGNGMWFGPRL,GSWFENMGLEGPTRGGS,17,False,False,16,0.9411764705882353
270,0_neg_1240,2,SGETSGEGNGMWFGPRL,WLESGSENRFGPGGGMT,17,False,False,14,0.8235294117647058
270,0_neg_1240,3,SGETSGEGNGMWFGPRL,PFSTENGMRESLGGGWG,17,False,False,15,0.8823529411764706
270,0_neg_1240,4,SGETSGEGNGMWFGPRL,LMTGRPEGWSFGGNSGE,17,False,False,15,0.8823529411764706
270,0_neg_1240,5,SGETSGEGNGMWFGPRL,RMGTESPNSGGWGLFEG,17,False,False,14,0.8235294117647058
270,0_neg_1240,6,SGETSGEGNGMWFGPRL,WLNGGTFGREGGSEMSP,17,False,False,16,0.9411764705882353
270,0_neg_1240,7,SGETSGEGNGMWFGPRL,FESWGLPMSGETNGGGR,17,False,False,15,0.8823529411764706
270,0_neg_1240,8,SGETSGEGNGMWFGPRL,GMGTSEGGELNWPRGSF,17,False,False,13,0.7647058823529411
270,0_neg_1240,9,SGETSGEGNGMWFGPRL,GMTGEGSRGSNELFGWP,17,False,False,16,0.9411764705882353
271,1_pos_781,0,LFSPR,PFRLS,5,False,False,4,0.8
271,1_pos_781,1,LFSPR,LFPSR,5,False,False,2,0.4
271,1_pos_781,2,LFSPR,FRLPS,5,False,False,4,0.8
271,1_pos_781,3,LFSPR,RLSFP,5,False,False,4,0.8
271,1_pos_781,4,LFSPR,PFSRL,5,False,False,3,0.6
271,1_pos_781,5,LFSPR,FRLSP,5,False,False,5,1.0
271,1_pos_781,6,LFSPR,PLRFS,5,False,False,5,1.0
271,1_pos_781,7,LFSPR,RLFSP,5,False,False,5,1.0
271,1_pos_781,8,LFSPR,PSRLF,5,False,False,5,1.0
271,1_pos_781,9,LFSPR,LRSFP,5,False,False,3,0.6
272,0_neg_1367,0,GMWSKILGHLIR,IGWLKMGSILRH,12,False,False,9,0.75
272,0_neg_1367,1,GMWSKILGHLIR,MRIHGKLSWLIG,12,False,False,9,0.75
272,0_neg_1367,2,GMWSKILGHLIR,GGIWKLHLMSRI,12,False,False,10,0.8333333333333334
272,0_neg_1367,3,GMWSKILGHLIR,SLKGLIMIRWGH,12,False,False,11,0.9166666666666666
272,0_neg_1367,4,GMWSKILGHLIR,HMGRIGLLSKIW,12,False,False,9,0.75
272,0_neg_1367,5,GMWSKILGHLIR,KGGLSHLRWIMI,12,False,False,11,0.9166666666666666
272,0_neg_1367,6,GMWSKILGHLIR,RGWSLIGILHKM,12,False,False,9,0.75
272,0_neg_1367,7,GMWSKILGHLIR,RHSGLWIGKLMI,12,False,False,10,0.8333333333333334
272,0_neg_1367,8,GMWSKILGHLIR,GMLKRWHISIGL,12,False,False,10,0.8333333333333334
272,0_neg_1367,9,GMWSKILGHLIR,LMHKLRSGWIIG,12,False,False,9,0.75
273,0_neg_493,0,ELVSNASDALDKLR,DDALLASKRLENVS,14,False,False,11,0.7857142857142857
273,0_neg_493,1,ELVSNASDALDKLR,RNDSLDVLLSAEAK,14,False,False,13,0.9285714285714286
273,0_neg_493,2,ELVSNASDALDKLR,VENDLLASLKASRD,14,False,False,14,1.0
273,0_neg_493,3,ELVSNASDALDKLR,LNALERVALSDDSK,14,False,False,13,0.9285714285714286
273,0_neg_493,4,ELVSNASDALDKLR,KNRSLLDLVEAADS,14,False,False,13,0.9285714285714286
273,0_neg_493,5,ELVSNASDALDKLR,SDVDALERNLKLAS,14,False,False,12,0.8571428571428571
273,0_neg_493,6,ELVSNASDALDKLR,LDAKAEDLVRNLSS,14,False,False,14,1.0
273,0_neg_493,7,ELVSNASDALDKLR,AKLNDVERLSDALS,14,False,False,12,0.8571428571428571
273,0_neg_493,8,ELVSNASDALDKLR,SSKDRLEVDALNAL,14,False,False,14,1.0
273,0_neg_493,9,ELVSNASDALDKLR,NDLSRDSVLEAAKL,14,False,False,12,0.8571428571428571
274,1_pos_891,0,VLSLSQSKVLPVPQK,PLLKPQVQSSLKVVS,15,False,False,13,0.8666666666666667
274,1_pos_891,1,VLSLSQSKVLPVPQK,SQPPLVVKSLLVKSQ,15,False,False,12,0.8
274,1_pos_891,2,VLSLSQSKVLPVPQK,LLPKPKQVSSQVSVL,15,False,False,13,0.8666666666666667
274,1_pos_891,3,VLSLSQSKVLPVPQK,LKSQLSPLQVKSVVP,15,False,False,14,0.9333333333333333
274,1_pos_891,4,VLSLSQSKVLPVPQK,KKVPSSLVQPSLLQV,15,False,False,13,0.8666666666666667
274,1_pos_891,5,VLSLSQSKVLPVPQK,LPPSVKSKVVLQLSQ,15,False,False,12,0.8
274,1_pos_891,6,VLSLSQSKVLPVPQK,VSPQKVLSKQPSLLV,15,False,False,13,0.8666666666666667
274,1_pos_891,7,VLSLSQSKVLPVPQK,QVVLVSLPPLSQKSK,15,False,False,12,0.8
274,1_pos_891,8,VLSLSQSKVLPVPQK,SPKPLVVVLKLQQSS,15,False,False,15,1.0
274,1_pos_891,9,VLSLSQSKVLPVPQK,SKLSKSQPVVLQPLV,15,False,False,13,0.8666666666666667
275,0_neg_1384,0,AGLLDILGL,IAGLGLLDL,9,False,False,6,0.6666666666666666
275,0_neg_1384,1,AGLLDILGL,LGDLGILAL,9,False,False,4,0.4444444444444444
275,0_neg_1384,2,AGLLDILGL,GLDGLLAIL,9,False,False,8,0.8888888888888888
275,0_neg_1384,3,AGLLDILGL,GLLDAILGL,9,False,False,4,0.4444444444444444
275,0_neg_1384,4,AGLLDILGL,DGLLLLAGI,9,False,False,5,0.5555555555555556
275,0_neg_1384,5,AGLLDILGL,IDLALLLGG,9,False,False,6,0.6666666666666666
275,0_neg_1384,6,AGLLDILGL,LLLGLGAID,9,False,False,8,0.8888888888888888
275,0_neg_1384,7,AGLLDILGL,LGLDALLGI,9,False,False,5,0.5555555555555556
275,0_neg_1384,8,AGLLDILGL,GILLLDAGL,9,False,False,5,0.5555555555555556
275,0_neg_1384,9,AGLLDILGL,IGALLGDLL,9,False,False,6,0.6666666666666666
276,1_pos_1079,0,YIPIQY,QYIIYP,6,False,False,5,0.8333333333333334
276,1_pos_1079,1,YIPIQY,IYQPIY,6,False,False,5,0.8333333333333334
276,1_pos_1079,2,YIPIQY,PIYQIY,6,False,False,4,0.6666666666666666
276,1_pos_1079,3,YIPIQY,QPYIIY,6,False,False,4,0.6666666666666666
276,1_pos_1079,4,YIPIQY,PYIQYI,6,False,False,6,1.0
276,1_pos_1079,5,YIPIQY,YPIIQY,6,False,False,2,0.3333333333333333
276,1_pos_1079,6,YIPIQY,QIPYIY,6,False,False,3,0.5
276,1_pos_1079,7,YIPIQY,IYIQYP,6,False,False,6,1.0
276,1_pos_1079,8,YIPIQY,QIYPIY,6,False,False,4,0.6666666666666666
276,1_pos_1079,9,YIPIQY,YIPQIY,6,False,False,2,0.3333333333333333
277,0_neg_1119,0,IWSGIQGAF,GWAISIGFQ,9,False,False,7,0.7777777777777778
277,0_neg_1119,1,IWSGIQGAF,IFASQIGGW,9,False,False,7,0.7777777777777778
277,0_neg_1119,2,IWSGIQGAF,GIGSQIFAW,9,False,False,8,0.8888888888888888
277,0_neg_1119,3,IWSGIQGAF,GFIWSIGAQ,9,False,False,7,0.7777777777777778
277,0_neg_1119,4,IWSGIQGAF,SIWGGFAIQ,9,False,False,8,0.8888888888888888
277,0_neg_1119,5,IWSGIQGAF,IIQAGSGWF,9,False,False,6,0.6666666666666666
277,0_neg_1119,6,IWSGIQGAF,SIGFAIGQW,9,False,False,8,0.8888888888888888
277,0_neg_1119,7,IWSGIQGAF,IWFSAIGGQ,9,False,False,6,0.6666666666666666
277,0_neg_1119,8,IWSGIQGAF,GGFIAIQSW,9,False,False,9,1.0
277,0_neg_1119,9,IWSGIQGAF,GSWIIGAQF,9,False,False,7,0.7777777777777778
278,1_pos_1312,0,KILIYG,IGYKLI,6,False,False,6,1.0
278,1_pos_1312,1,KILIYG,KIYLIG,6,False,False,3,0.5
278,1_pos_1312,2,KILIYG,LYIIGK,6,False,False,5,0.8333333333333334
278,1_pos_1312,3,KILIYG,LYIIKG,6,False,False,4,0.6666666666666666
278,1_pos_1312,4,KILIYG,LGIYKI,6,False,False,6,1.0
278,1_pos_1312,5,KILIYG,IILGKY,6,False,False,4,0.6666666666666666
278,1_pos_1312,6,KILIYG,YIGLIK,6,False,False,5,0.8333333333333334
278,1_pos_1312,7,KILIYG,LYIIGK,6,False,True,5,0.8333333333333334
278,1_pos_1312,8,KILIYG,GILKYI,6,False,False,3,0.5
278,1_pos_1312,9,KILIYG,GILYIK,6,False,False,4,0.6666666666666666
279,1_pos_867,0,EAPLNPKA,PELKAANP,8,False,False,8,1.0
279,1_pos_867,1,EAPLNPKA,LNEAPPKA,8,False,False,5,0.625
279,1_pos_867,2,EAPLNPKA,AKPEAPLN,8,False,False,6,0.75
279,1_pos_867,3,EAPLNPKA,ANPAPKLE,8,False,False,7,0.875
279,1_pos_867,4,EAPLNPKA,EPLAPAKN,8,False,False,6,0.75
279,1_pos_867,5,EAPLNPKA,PAPLNKEA,8,False,False,3,0.375
279,1_pos_867,6,EAPLNPKA,PANKELPA,8,False,False,6,0.75
279,1_pos_867,7,EAPLNPKA,LPKPNEAA,8,False,False,6,0.75
279,1_pos_867,8,EAPLNPKA,LPAKANEP,8,False,False,8,1.0
279,1_pos_867,9,EAPLNPKA,NLAEPKPA,8,False,False,7,0.875
280,0_neg_484,0,EYDDMYTEKRPKVYAFGL,YDMTYEPEKRKGDFAVLY,18,False,False,14,0.7777777777777778
280,0_neg_484,1,EYDDMYTEKRPKVYAFGL,DYPRYGELDVMKAYTFKE,18,False,False,14,0.7777777777777778
280,0_neg_484,2,EYDDMYTEKRPKVYAFGL,YYYKDVFGTKEELRAPDM,18,False,False,16,0.8888888888888888
280,0_neg_484,3,EYDDMYTEKRPKVYAFGL,YGVKFTMDRLKDYEYPEA,18,False,False,18,1.0
280,0_neg_484,4,EYDDMYTEKRPKVYAFGL,DEFEKYRTAMYDLYKVGP,18,False,False,15,0.8333333333333334
280,0_neg_484,5,EYDDMYTEKRPKVYAFGL,ETKDKRMDALVFGYYEYP,18,False,False,15,0.8333333333333334
280,0_neg_484,6,EYDDMYTEKRPKVYAFGL,GVFDTAEYDRPMKKYYLE,18,False,False,15,0.8333333333333334
280,0_neg_484,7,EYDDMYTEKRPKVYAFGL,YDRKMYYFPLDGKVATEE,18,False,False,15,0.8333333333333334
280,0_neg_484,8,EYDDMYTEKRPKVYAFGL,YTYDEFPGYKKEAMRLVD,18,False,False,17,0.9444444444444444
280,0_neg_484,9,EYDDMYTEKRPKVYAFGL,GDLPKKREMYDVYEFTYA,18,False,False,17,0.9444444444444444
281,1_pos_422,0,QCH,CHQ,3,False,False,3,1.0
281,1_pos_422,1,QCH,HQC,3,False,False,3,1.0
281,1_pos_422,2,QCH,HCQ,3,False,False,2,0.6666666666666666
281,1_pos_422,3,QCH,CQH,3,False,False,2,0.6666666666666666
281,1_pos_422,4,QCH,HQC,3,False,True,3,1.0
281,1_pos_422,5,QCH,CQH,3,False,True,2,0.6666666666666666
281,1_pos_422,6,QCH,CQH,3,False,True,2,0.6666666666666666
281,1_pos_422,7,QCH,QHC,3,False,False,2,0.6666666666666666
281,1_pos_422,8,QCH,QHC,3,False,True,2,0.6666666666666666
281,1_pos_422,9,QCH,HCQ,3,False,True,2,0.6666666666666666
282,1_pos_30,0,PWI,PWI,3,True,False,0,0.0
282,1_pos_30,1,PWI,PWI,3,True,True,0,0.0
282,1_pos_30,2,PWI,WPI,3,False,False,2,0.6666666666666666
282,1_pos_30,3,PWI,WIP,3,False,False,3,1.0
282,1_pos_30,4,PWI,WPI,3,False,True,2,0.6666666666666666
282,1_pos_30,5,PWI,WPI,3,False,True,2,0.6666666666666666
282,1_pos_30,6,PWI,WIP,3,False,True,3,1.0
282,1_pos_30,7,PWI,PWI,3,True,True,0,0.0
282,1_pos_30,8,PWI,PWI,3,True,True,0,0.0
282,1_pos_30,9,PWI,IWP,3,False,False,2,0.6666666666666666
283,1_pos_1017,0,NKGPR,GRPKN,5,False,False,5,1.0
283,1_pos_1017,1,NKGPR,GNRKP,5,False,False,5,1.0
283,1_pos_1017,2,NKGPR,PRKGN,5,False,False,5,1.0
283,1_pos_1017,3,NKGPR,KNPGR,5,False,False,4,0.8
283,1_pos_1017,4,NKGPR,PKRNG,5,False,False,4,0.8
283,1_pos_1017,5,NKGPR,NRKGP,5,False,False,4,0.8
283,1_pos_1017,6,NKGPR,NPRKG,5,False,False,4,0.8
283,1_pos_1017,7,NKGPR,PGNRK,5,False,False,5,1.0
283,1_pos_1017,8,NKGPR,KRNGP,5,False,False,5,1.0
283,1_pos_1017,9,NKGPR,RKGPN,5,False,False,2,0.4
284,0_neg_763,0,AVPAVRKTNETLD,LATAKETDNVPRV,13,False,False,11,0.8461538461538461
284,0_neg_763,1,AVPAVRKTNETLD,EKLTTAVNRAVPD,13,False,False,12,0.9230769230769231
284,0_neg_763,2,AVPAVRKTNETLD,NLRTPDAAEKVTV,13,False,False,13,1.0
284,0_neg_763,3,AVPAVRKTNETLD,ATDTEVLNVRPAK,13,False,False,12,0.9230769230769231
284,0_neg_763,4,AVPAVRKTNETLD,PALETNTRVADVK,13,False,False,13,1.0
284,0_neg_763,5,AVPAVRKTNETLD,VAVATEDKTLRNP,13,False,False,12,0.9230769230769231
284,0_neg_763,6,AVPAVRKTNETLD,VPKAAVTDNERTL,13,False,False,10,0.7692307692307693
284,0_neg_763,7,AVPAVRKTNETLD,VAAKRPEVLTTDN,13,False,False,12,0.9230769230769231
284,0_neg_763,8,AVPAVRKTNETLD,NVTLRKADPATVE,13,False,False,11,0.8461538461538461
284,0_neg_763,9,AVPAVRKTNETLD,NAATVVKLTPDRE,13,False,False,11,0.8461538461538461
285,1_pos_1190,0,IGINAENNQRN,RINNINENAQG,11,False,False,9,0.8181818181818182
285,1_pos_1190,1,IGINAENNQRN,NGIRANEQINN,11,False,False,7,0.6363636363636364
285,1_pos_1190,2,IGINAENNQRN,NNINAENIQGR,11,False,False,5,0.45454545454545453
285,1_pos_1190,3,IGINAENNQRN,IQGINRANNEN,11,False,False,8,0.7272727272727273
285,1_pos_1190,4,IGINAENNQRN,RENNGQANIIN,11,False,False,8,0.7272727272727273
285,1_pos_1190,5,IGINAENNQRN,NNNNIAIREGQ,11,False,False,10,0.9090909090909091
285,1_pos_1190,6,IGINAENNQRN,NRQANINIENG,11,False,False,10,0.9090909090909091
285,1_pos_1190,7,IGINAENNQRN,QEIRNNGNANI,11,False,False,9,0.8181818181818182
285,1_pos_1190,8,IGINAENNQRN,QNRANNINEIG,11,False,False,10,0.9090909090909091
285,1_pos_1190,9,IGINAENNQRN,IRANNQNEIGN,11,False,False,7,0.6363636363636364
286,1_pos_1133,0,QFLLAGR,RLAGQFL,7,False,False,7,1.0
286,1_pos_1133,1,QFLLAGR,LQFLGRA,7,False,False,6,0.8571428571428571
286,1_pos_1133,2,QFLLAGR,QLRALGF,7,False,False,5,0.7142857142857143
286,1_pos_1133,3,QFLLAGR,RGLAFQL,7,False,False,6,0.8571428571428571
286,1_pos_1133,4,QFLLAGR,FALLRQG,7,False,False,5,0.7142857142857143
286,1_pos_1133,5,QFLLAGR,RLLAQGF,7,False,False,5,0.7142857142857143
286,1_pos_1133,6,QFLLAGR,ALQRFLG,7,False,False,7,1.0
286,1_pos_1133,7,QFLLAGR,QLLGFAR,7,False,False,4,0.5714285714285714
286,1_pos_1133,8,QFLLAGR,LQLFGRA,7,False,False,6,0.8571428571428571
286,1_pos_1133,9,QFLLAGR,LLAGFRQ,7,False,False,7,1.0
287,1_pos_851,0,TTYY,TYYT,4,False,False,2,0.5
287,1_pos_851,1,TTYY,YTYT,4,False,False,2,0.5
287,1_pos_851,2,TTYY,TYTY,4,False,False,2,0.5
287,1_pos_851,3,TTYY,YTYT,4,False,True,2,0.5
287,1_pos_851,4,TTYY,YYTT,4,False,False,4,1.0
287,1_pos_851,5,TTYY,YTYT,4,False,True,2,0.5
287,1_pos_851,6,TTYY,TYTY,4,False,True,2,0.5
287,1_pos_851,7,TTYY,YTTY,4,False,False,2,0.5
287,1_pos_851,8,TTYY,TYTY,4,False,True,2,0.5
287,1_pos_851,9,TTYY,TYYT,4,False,True,2,0.5
288,0_neg_1318,0,GECCTDCAQTAAANYC,ATQCDNCACTEGCAAY,16,False,False,12,0.75
288,0_neg_1318,1,GECCTDCAQTAAANYC,CTCAGAAAYNCDECTQ,16,False,False,14,0.875
288,0_neg_1318,2,GECCTDCAQTAAANYC,CQDCANGEATCATYAC,16,False,False,12,0.75
288,0_neg_1318,3,GECCTDCAQTAAANYC,ENTCADAACAGTQCYC,16,False,False,11,0.6875
288,0_neg_1318,4,GECCTDCAQTAAANYC,CTNACEQTYGCACDAA,16,False,False,15,0.9375
288,0_neg_1318,5,GECCTDCAQTAAANYC,AYTECCCQGDCNAATA,16,False,False,14,0.875
288,0_neg_1318,6,GECCTDCAQTAAANYC,DACYCQAGEACNTTCA,16,False,False,15,0.9375
288,0_neg_1318,7,GECCTDCAQTAAANYC,ACCAAGYTACEQDTNC,16,False,False,14,0.875
288,0_neg_1318,8,GECCTDCAQTAAANYC,CCQTCATCANYEAAGD,16,False,False,15,0.9375
288,0_neg_1318,9,GECCTDCAQTAAANYC,CAYQATTNACCEGCDA,16,False,False,16,1.0
289,1_pos_1268,0,QTVAVGVIK,VTGVQIKVA,9,False,False,8,0.8888888888888888
289,1_pos_1268,1,QTVAVGVIK,GTKVIQVVA,9,False,False,7,0.7777777777777778
289,1_pos_1268,2,QTVAVGVIK,IKTVVQAVG,9,False,False,8,0.8888888888888888
289,1_pos_1268,3,QTVAVGVIK,KTVQIVAVG,9,False,False,7,0.7777777777777778
289,1_pos_1268,4,QTVAVGVIK,GATIVVKQV,9,False,False,8,0.8888888888888888
289,1_pos_1268,5,QTVAVGVIK,TIKVVQAGV,9,False,False,8,0.8888888888888888
289,1_pos_1268,6,QTVAVGVIK,VGVTVQAKI,9,False,False,7,0.7777777777777778
289,1_pos_1268,7,QTVAVGVIK,VIVAKQTGV,9,False,False,7,0.7777777777777778
289,1_pos_1268,8,QTVAVGVIK,KIGVAVQTV,9,False,False,9,1.0
289,1_pos_1268,9,QTVAVGVIK,QKVVVTIAG,9,False,False,6,0.6666666666666666
290,1_pos_890,0,NFHPQ,PQFHN,5,False,False,5,1.0
290,1_pos_890,1,NFHPQ,NHFQP,5,False,False,4,0.8
290,1_pos_890,2,NFHPQ,FHQPN,5,False,False,4,0.8
290,1_pos_890,3,NFHPQ,HPNQF,5,False,False,5,1.0
290,1_pos_890,4,NFHPQ,NPFQH,5,False,False,4,0.8
290,1_pos_890,5,NFHPQ,PHQFN,5,False,False,5,1.0
290,1_pos_890,6,NFHPQ,HFQNP,5,False,False,4,0.8
290,1_pos_890,7,NFHPQ,FNHQP,5,False,False,4,0.8
290,1_pos_890,8,NFHPQ,QNHPF,5,False,False,3,0.6
290,1_pos_890,9,NFHPQ,HQFNP,5,False,False,5,1.0
291,1_pos_1357,0,IYVFVR,IVYRFV,6,False,False,5,0.8333333333333334
291,1_pos_1357,1,IYVFVR,VVFYIR,6,False,False,5,0.8333333333333334
291,1_pos_1357,2,IYVFVR,YVFVRI,6,False,False,6,1.0
291,1_pos_1357,3,IYVFVR,VRYVIF,6,False,False,6,1.0
291,1_pos_1357,4,IYVFVR,VFVRIY,6,False,False,5,0.8333333333333334
291,1_pos_1357,5,IYVFVR,VVFYRI,6,False,False,6,1.0
291,1_pos_1357,6,IYVFVR,FYIVVR,6,False,False,3,0.5
291,1_pos_1357,7,IYVFVR,FVVIRY,6,False,False,5,0.8333333333333334
291,1_pos_1357,8,IYVFVR,VVIFRY,6,False,False,5,0.8333333333333334
291,1_pos_1357,9,IYVFVR,FVVYIR,6,False,False,4,0.6666666666666666
292,0_neg_1228,0,YEDAYALQYCPR,YDLAYPARQCEY,12,False,False,8,0.6666666666666666
292,0_neg_1228,1,YEDAYALQYCPR,YYQPYACDERAL,12,False,False,9,0.75
292,0_neg_1228,2,YEDAYALQYCPR,AQRDEAYCPLYY,12,False,False,11,0.9166666666666666
292,0_neg_1228,3,YEDAYALQYCPR,ELADYARQCPYY,12,False,False,9,0.75
292,0_neg_1228,4,YEDAYALQYCPR,PECYRQYLYAAD,12,False,False,10,0.8333333333333334
292,0_neg_1228,5,YEDAYALQYCPR,CEDAYPARYYQL,12,False,False,7,0.5833333333333334
292,0_neg_1228,6,YEDAYALQYCPR,LRYQYPADYECA,12,False,False,10,0.8333333333333334
292,0_neg_1228,7,YEDAYALQYCPR,CAEDLPYAYRQY,12,False,False,11,0.9166666666666666
292,0_neg_1228,8,YEDAYALQYCPR,AQYRYYPEDLAC,12,False,False,11,0.9166666666666666
292,0_neg_1228,9,YEDAYALQYCPR,PLQDYYEAACYR,12,False,False,9,0.75
293,1_pos_751,0,HHPL,HPHL,4,False,False,2,0.5
293,1_pos_751,1,HHPL,PHLH,4,False,False,3,0.75
293,1_pos_751,2,HHPL,HPHL,4,False,True,2,0.5
293,1_pos_751,3,HHPL,PHHL,4,False,False,2,0.5
293,1_pos_751,4,HHPL,HPHL,4,False,True,2,0.5
293,1_pos_751,5,HHPL,HLPH,4,False,False,2,0.5
293,1_pos_751,6,HHPL,LPHH,4,False,False,4,1.0
293,1_pos_751,7,HHPL,PLHH,4,False,False,4,1.0
293,1_pos_751,8,HHPL,HPLH,4,False,False,3,0.75
293,1_pos_751,9,HHPL,LHHP,4,False,False,3,0.75
294,0_neg_64,0,APPGFTPFR,TGFFRPPPA,9,False,False,8,0.8888888888888888
294,0_neg_64,1,APPGFTPFR,RPGPPFTFA,9,False,False,7,0.7777777777777778
294,0_neg_64,2,APPGFTPFR,TPFPGAFRP,9,False,False,8,0.8888888888888888
294,0_neg_64,3,APPGFTPFR,GTFPAPPRF,9,False,False,8,0.8888888888888888
294,0_neg_64,4,APPGFTPFR,GPFRAPTPF,9,False,False,8,0.8888888888888888
294,0_neg_64,5,APPGFTPFR,PFAGRPFTP,9,False,False,8,0.8888888888888888
294,0_neg_64,6,APPGFTPFR,RPFAPGFTP,9,False,False,8,0.8888888888888888
294,0_neg_64,7,APPGFTPFR,GAFTFPRPP,9,False,False,8,0.8888888888888888
294,0_neg_64,8,APPGFTPFR,TPGPRFFAP,9,False,False,8,0.8888888888888888
294,0_neg_64,9,APPGFTPFR,ARTFPGFPP,9,False,False,8,0.8888888888888888
295,0_neg_730,0,MAIVGTIIKIIKAIIDIFAK,TKIIIAAIVKIIFMDIAKIG,20,False,False,17,0.85
295,0_neg_730,1,MAIVGTIIKIIKAIIDIFAK,KVAAIIKFDATMIIIIIGKI,20,False,False,17,0.85
295,0_neg_730,2,MAIVGTIIKIIKAIIDIFAK,DKIIAAVIIGIAIITMKIFK,20,False,False,15,0.75
295,0_neg_730,3,MAIVGTIIKIIKAIIDIFAK,AIVAFAGTIKIIMIIKDIIK,20,False,False,16,0.8
295,0_neg_730,4,MAIVGTIIKIIKAIIDIFAK,DAMKKAVIFGKIIIATIIII,20,False,False,16,0.8
295,0_neg_730,5,MAIVGTIIKIIKAIIDIFAK,VIMAAGIIIIIAFIKTIKDK,20,False,False,13,0.65
295,0_neg_730,6,MAIVGTIIKIIKAIIDIFAK,ITMKFIIKIAADGIVIKIIA,20,False,False,18,0.9
295,0_neg_730,7,MAIVGTIIKIIKAIIDIFAK,FITIIMIKKAAIDKIGVIIA,20,False,False,17,0.85
295,0_neg_730,8,MAIVGTIIKIIKAIIDIFAK,VKAIIIGFTMIAKIAIIDIK,20,False,False,16,0.8
295,0_neg_730,9,MAIVGTIIKIIKAIIDIFAK,KIIMIIFIGAIVDIKATIKA,20,False,False,16,0.8
296,1_pos_1164,0,LHPH,PHLH,4,False,False,2,0.5
296,1_pos_1164,1,LHPH,LHPH,4,True,False,0,0.0
296,1_pos_1164,2,LHPH,HPHL,4,False,False,4,1.0
296,1_pos_1164,3,LHPH,LPHH,4,False,False,2,0.5
296,1_pos_1164,4,LHPH,PLHH,4,False,False,3,0.75
296,1_pos_1164,5,LHPH,LHHP,4,False,False,2,0.5
296,1_pos_1164,6,LHPH,HPHL,4,False,True,4,1.0
296,1_pos_1164,7,LHPH,HLPH,4,False,False,2,0.5
296,1_pos_1164,8,LHPH,HPHL,4,False,True,4,1.0
296,1_pos_1164,9,LHPH,PHHL,4,False,False,3,0.75
297,0_neg_693,0,GCCGSFACRFGCVPCCV,CVCGCCPCGFRSVFAGC,17,False,False,12,0.7058823529411765
297,0_neg_693,1,GCCGSFACRFGCVPCCV,CAFCCGGCPSCCVVGFR,17,False,False,14,0.8235294117647058
297,0_neg_693,2,GCCGSFACRFGCVPCCV,CVCRSGCCCGGCPVFFA,17,False,False,12,0.7058823529411765
297,0_neg_693,3,GCCGSFACRFGCVPCCV,VCCCFAFCCSGRCGGVP,17,False,False,13,0.7647058823529411
297,0_neg_693,4,GCCGSFACRFGCVPCCV,CGRCSGCVGPCAVCFFC,17,False,False,15,0.8823529411764706
297,0_neg_693,5,GCCGSFACRFGCVPCCV,GFGCVCCPGRAVFCSCC,17,False,False,15,0.8823529411764706
297,0_neg_693,6,GCCGSFACRFGCVPCCV,AVRCCFGSGCCCCGFPV,17,False,False,14,0.8235294117647058
297,0_neg_693,7,GCCGSFACRFGCVPCCV,CFAGCRFPGVGCCVSCC,17,False,False,13,0.7647058823529411
297,0_neg_693,8,GCCGSFACRFGCVPCCV,FVGCRGPACGCVFCCCS,17,False,False,15,0.8823529411764706
297,0_neg_693,9,GCCGSFACRFGCVPCCV,RCCFPGCVSCGCACFGV,17,False,False,12,0.7058823529411765
298,0_neg_196,0,QGGWPRNPIPP,WPGGPRIPNPQ,11,False,False,6,0.5454545454545454
298,0_neg_196,1,QGGWPRNPIPP,WGPGNQPIPPR,11,False,False,9,0.8181818181818182
298,0_neg_196,2,QGGWPRNPIPP,PPPIGQNWPGR,11,False,False,10,0.9090909090909091
298,0_neg_196,3,QGGWPRNPIPP,RQGWPPPNPGI,11,False,False,8,0.7272727272727273
298,0_neg_196,4,QGGWPRNPIPP,WGPNPQPGIPR,11,False,False,7,0.6363636363636364
298,0_neg_196,5,QGGWPRNPIPP,GRPPPPIWQGN,11,False,False,10,0.9090909090909091
298,0_neg_196,6,QGGWPRNPIPP,QNGGRWPPIPP,11,False,False,5,0.45454545454545453
298,0_neg_196,7,QGGWPRNPIPP,PGPWPRPGQIN,11,False,False,7,0.6363636363636364
298,0_neg_196,8,QGGWPRNPIPP,WPGRQIPPGPN,11,False,False,8,0.7272727272727273
298,0_neg_196,9,QGGWPRNPIPP,GRWPPIPNGPQ,11,False,False,9,0.8181818181818182
299,1_pos_1459,0,AWEEREQGSR,SEWEAGERQR,10,False,False,8,0.8
299,1_pos_1459,1,AWEEREQGSR,SGWREEERQA,10,False,False,9,0.9
299,1_pos_1459,2,AWEEREQGSR,AEERWQEGSR,10,False,False,5,0.5
299,1_pos_1459,3,AWEEREQGSR,EEQARRSGEW,10,False,False,8,0.8
299,1_pos_1459,4,AWEEREQGSR,SQEERARGEW,10,False,False,6,0.6
299,1_pos_1459,5,AWEEREQGSR,EWEGEQRASR,10,False,False,6,0.6
299,1_pos_1459,6,AWEEREQGSR,EESREWQRGA,10,False,False,9,0.9
299,1_pos_1459,7,AWEEREQGSR,WESRAEQEGR,10,False,False,7,0.7
299,1_pos_1459,8,AWEEREQGSR,SEGQRAEEWR,10,False,False,8,0.8
299,1_pos_1459,9,AWEEREQGSR,QWEAGEERRS,10,False,False,7,0.7
300,1_pos_233,0,PHL,PLH,3,False,False,2,0.6666666666666666
300,1_pos_233,1,PHL,HLP,3,False,False,3,1.0
300,1_pos_233,2,PHL,LHP,3,False,False,2,0.6666666666666666
300,1_pos_233,3,PHL,PHL,3,True,False,0,0.0
300,1_pos_233,4,PHL,PHL,3,True,True,0,0.0
300,1_pos_233,5,PHL,HPL,3,False,False,2,0.6666666666666666
300,1_pos_233,6,PHL,LPH,3,False,False,3,1.0
300,1_pos_233,7,PHL,PLH,3,False,True,2,0.6666666666666666
300,1_pos_233,8,PHL,LPH,3,False,True,3,1.0
300,1_pos_233,9,PHL,HPL,3,False,True,2,0.6666666666666666
301,1_pos_849,0,LHF,FLH,3,False,False,3,1.0
301,1_pos_849,1,LHF,FHL,3,False,False,2,0.6666666666666666
301,1_pos_849,2,LHF,HFL,3,False,False,3,1.0
301,1_pos_849,3,LHF,HLF,3,False,False,2,0.6666666666666666
301,1_pos_849,4,LHF,LHF,3,True,False,0,0.0
301,1_pos_849,5,LHF,HFL,3,False,True,3,1.0
301,1_pos_849,6,LHF,LHF,3,True,True,0,0.0
301,1_pos_849,7,LHF,LHF,3,True,True,0,0.0
301,1_pos_849,8,LHF,HLF,3,False,True,2,0.6666666666666666
301,1_pos_849,9,LHF,FHL,3,False,True,2,0.6666666666666666
