header,sequence,length,label,original_split,strict_fold,similarity_cluster,Molecular branch,Contextual branch,Equal probability mean,Equal logit mean,Learned convex probability mean,Nested logistic fusion,Feature concatenation LR
pos_0,FLQL,4,1,development,3,0,0.9999999652169976,0.9999999643756935,0.9999999647963456,0.999999,0.9999999646238351,0.9950438641312124,0.9999355893997617
pos_1,ECA,3,1,development,4,1,0.9999999999775848,0.9999998217563155,0.9999999108669502,0.999999,0.9999998632629693,0.9960967849721714,0.9999654955898543
pos_2,YQEPVLGP,8,1,development,3,2,0.9999999824705482,0.9998041231883504,0.9999020528294493,0.9999860032182812,0.9998618916358184,0.981581881065665,0.9998091049826603
pos_3,LWD,3,1,development,3,3,0.9999999985545429,0.9999999977671792,0.999999998160861,0.999999,0.9999999979994112,0.9950438641312124,0.999979056461968
pos_4,LANAK,5,1,development,4,4,0.9999999996761215,0.9999999926978547,0.9999999961869881,0.999999,0.9999999943230508,0.9960967849721714,0.9999692047260257
pos_5,VTGRFAGHPAAQ,12,1,development,1,5,0.3328717208772018,0.9868472116632464,0.6598594662702241,0.8595223161790172,0.7810212238326906,0.7715966548880937,0.9792528126345327
pos_6,YLYP,4,1,development,2,6,0.9999999999436129,0.9999999921122072,0.99999999602791,0.999999,0.999999993992373,0.9967757690249403,0.9999971838496335
pos_7,AGLQFPVGR,9,1,development,3,7,0.9675816530285705,0.9999455402250071,0.9837635966267888,0.99865099019866,0.9903998526457221,0.9562465335990818,0.9982473344130087
pos_8,VVLYR,5,1,development,3,8,0.9999999942845439,0.9999997698475093,0.9999998820660265,0.999999,0.9999998360449287,0.9950438641312124,0.9999811386837089
pos_9,AMRLTGNRPGLYAT,14,1,development,5,9,4.818035429917949e-07,0.001202550004137687,0.0006015159038403394,3.469748587073898e-05,0.0009084440033938362,0.041054485276245875,0.0006146290733383755
pos_10,YFYP,4,1,development,2,6,0.9999999951312557,0.9999732029745605,0.9999865990529081,0.9999948233705083,0.9999796352421557,0.9910900820779192,0.9997701907626964
pos_11,PSLPA,5,1,development,4,10,0.9999999993648541,0.9999999982300807,0.9999999987974674,0.999999,0.9999999984943625,0.9960967849721714,0.9999984177693845
pos_12,VIPMGL,6,1,development,4,4,0.9999999461807987,0.999997441355908,0.9999986937683534,0.9999984004234899,0.9999980247144491,0.9948741248836461,0.999836198665176
pos_13,PHN,3,1,development,5,11,0.9999999998674718,0.9999999999997085,0.9999999999335901,0.999999,0.9999999999673546,0.9965469298198019,0.9999999904745708
pos_14,TYQTF,5,1,development,5,12,0.999999336366861,0.9999962512394345,0.9999977938031477,0.9999980638275254,0.9999970060672294,0.9949019792993969,0.9997725858284285
pos_15,VLVPK,5,1,development,1,13,0.999999999756614,0.9999987545066655,0.9999993771316398,0.9999988839832656,0.999999146424718,0.994755960418042,0.9999517124709909
pos_16,EFIQ,4,1,development,3,14,0.9999999948938425,0.9999998838077233,0.9999999393507829,0.999999,0.9999999165724337,0.9950438641312124,0.999441470138214
pos_17,YLL,3,1,development,1,15,0.9999999999635314,0.9999999999950167,0.999999999979274,0.999999,0.9999999999851072,0.9950509313796162,0.9999998294628427
pos_18,PAEGPA,6,1,development,4,4,0.9999999998077573,0.9999082782066879,0.9999541390072226,0.9999904224981536,0.9999296396118668,0.9855914554731012,0.9926790390184588
pos_19,LWS,3,1,development,3,3,0.999999999729539,0.9999999999999771,0.9999999998647581,0.999999,0.9999999999202118,0.9950438641312124,0.9999999735875873
pos_20,PVDENDEG,8,1,development,5,16,0.6888982785212635,0.9987337384057959,0.8438160084635298,0.9766309531684606,0.922927334118427,0.9055608773273659,0.9781295464454376
pos_22,EPVLGPVRGPFPI,13,1,development,3,17,0.010923789506413139,0.9915943010861228,0.501259045296268,0.533023814453387,0.7023467745161921,0.7101153932351021,0.9706645825011433
pos_23,LGLNGDDVN,9,1,development,2,18,0.565447905772799,0.9680014727495326,0.7667246892611659,0.8625251165411967,0.8713563129868375,0.7768368288552274,0.8377268417056506
pos_24,AMRLTYNRPGLYAT,14,1,development,5,9,2.310795267961417e-06,0.0003018645787053899,0.00015208768698667566,2.6414439601047724e-05,0.00022857375775955176,0.029958548306507515,0.0003175820353741057
pos_25,LWN,3,1,development,3,3,0.9999999977691041,0.9999999999999023,0.9999999988845032,0.999999,0.9999999993419313,0.9950438641312124,0.9999999563459311
pos_26,GGVLPNINPVL,11,1,development,4,19,0.25976642699409475,0.9736059543121968,0.6166861906531458,0.7825080981361352,0.8073570533122867,0.7640981269734212,0.9507454240109743
pos_27,IQYVLSR,7,1,development,1,20,0.9290342207012886,0.9977304126983091,0.9633823166997988,0.986989676842673,0.976109630609076,0.8848518679190557,0.9822761280270423
pos_28,REGAAPGAA,9,1,development,3,21,0.9999999955155994,0.9999886578020931,0.9999943266588462,0.9999966321725848,0.9999920018463464,0.9909135753030643,0.9996991177203471
pos_29,YRGGLEPINF,10,1,development,5,22,0.9842038354807241,0.9941533997643264,0.9891786176225252,0.9903781332250887,0.991719073193549,0.894415526656436,0.9582665233977822
pos_31,PHS,3,1,development,5,11,0.9999999999004683,0.9999999671976891,0.9999999835490787,0.999999,0.9999999751989685,0.9965469298198019,0.9999929039416195
pos_32,AHH,3,1,development,2,23,0.9999999999976688,0.9999999999999623,0.9999999999988155,0.999999,0.9999999999994117,0.9967757690249403,0.9999999913016361
pos_33,KAQYPYV,7,1,development,5,24,0.9999740298813197,0.8033736153423389,0.9016738226118293,0.9974851553494074,0.8514751803251219,0.8414324535877661,0.8487842625841318
pos_34,GAGLPGSRER,10,1,development,2,25,0.9995957489086548,0.9989795402430329,0.9992876445758438,0.9993576762249055,0.9991274797716364,0.9537124141259374,0.9907020084611289
pos_35,PGVPWP,6,1,development,4,26,0.9998871189476709,0.9999964165573008,0.9999417677524858,0.9999798869787175,0.9999709618062151,0.9912273088181803,0.9992730151504687
pos_36,FGF,3,1,development,1,27,0.9999798038590242,0.9999999734404581,0.9999898886497411,0.9999955059608883,0.999993625459408,0.9931637698091547,0.9999977163567498
pos_37,YGKHVAVHAR,10,1,development,5,28,0.9911969882714708,0.9836712884050651,0.987434138338268,0.9880037581856725,0.9855125761867501,0.8685288884981504,0.9389991438882702
pos_38,ESYHLPR,7,1,development,3,29,0.9990801693981801,0.9999992290255639,0.999539699211872,0.9999696582380098,0.9997281535513327,0.9890946213417199,0.9996742748925721
pos_40,PHK,3,1,development,5,11,0.9999999992721602,0.999999999994154,0.9999999996331571,0.999999,0.9999999998175062,0.9965469298198019,0.9999979624852183
pos_42,DLVKVEA,7,1,development,5,30,0.9999874312249342,0.9983800600341067,0.9991837456295205,0.9998572129894681,0.9987733301600541,0.9617990649290095,0.9949382353788989
pos_43,WNMNAH,6,1,development,4,31,0.9999999944294589,0.9916331700858632,0.995816582257661,0.9999081529368402,0.9935817527837252,0.9482405802603983,0.9694888903300369
pos_44,AIEWEGIESGSVEQA,15,1,development,4,32,2.2701247738084104e-06,0.0018467612174856466,0.0009245156711297275,6.480432250292211e-05,0.0014171904171413011,0.05578305771991335,0.017032853925870846
pos_46,WPP,3,1,development,1,33,0.9945161350507811,0.9999999998742746,0.9972580674625278,0.999925748466474,0.99827406073691,0.9875338333270152,0.9999971354483974
pos_47,KYL,3,1,development,3,34,0.9999999999857083,0.9999999999999789,0.9999999999928436,0.999999,0.9999999999957698,0.9950438641312124,0.9999999722344147
pos_48,LQGM,4,1,development,2,35,0.999999999966076,0.9999999999999918,0.9999999999830339,0.999999,0.9999999999918493,0.9967757690249403,0.9999999968880273
pos_49,VYPFPGPIPN,10,1,development,4,4,0.9999944749565417,0.9999148580527616,0.9999546665046517,0.9999783104816675,0.99993340034728,0.9834868918130407,0.9999489944854126
pos_50,KCHKP,5,1,development,2,36,0.9999999890880956,0.999799131441524,0.9998995602648098,0.9999858259596329,0.9998473533949108,0.9834618929977121,0.9966516377613507
pos_51,ISELWG,6,1,development,1,37,0.7460460208346466,0.9998138220567602,0.8729299214457034,0.9921013063644921,0.9199453727004249,0.9269680282384691,0.9985947394351566
pos_53,MEPVW,5,1,development,3,38,0.9999999337277412,0.9999999066142266,0.9999999201709839,0.999999,0.9999999146113234,0.9950438641312124,0.9996672910044722
pos_54,MYVVELMMSF,10,1,development,4,39,7.263631451376194e-06,0.12554381139798895,0.06277553751472016,0.0010201495278321028,0.09630711000668406,0.18968837531769614,0.26821687970458374
pos_55,YSY,3,1,development,2,23,0.9999999999966773,0.9999999999930769,0.9999999999948771,0.999999,0.9999999999939413,0.9967757690249403,0.9999996879511167
pos_56,YLGYLE,6,1,development,4,40,0.9999961028454267,0.9999937501129373,0.9999949264791821,0.9999950647408696,0.9999942980500798,0.9924650997341882,0.999588477999836
pos_57,WLMSA,5,1,development,4,31,0.9999999946514104,0.9999445298476656,0.999972262249538,0.9999925520164746,0.9999574472644153,0.987530991090751,0.9982125046100698
pos_58,HDHPVC,6,1,development,5,41,0.9999999775989864,0.9999992915528709,0.9999996345759287,0.999999,0.9999994594054764,0.9965469298198019,0.9999683472767392
pos_59,AGWNI,5,1,development,5,42,0.9999999880631233,0.9999591243909202,0.9999795562270217,0.9999936065034492,0.9999691223687399,0.9897119176183651,0.9984431314705604
pos_60,QLNEPDNRLQ,10,1,development,4,43,0.8386200330059126,0.9997366095980397,0.9191783213019762,0.9929300228221728,0.9622135350606265,0.9414708170476624,0.9831634262928224
pos_61,FLLPH,5,1,development,3,44,0.99999999881382,0.999999950939046,0.999999974876433,0.999999,0.99999996505965,0.9950438641312124,0.9999934213017614
pos_62,LYTPH,5,1,development,5,45,0.9999999941788507,0.9999999910908967,0.9999999926348737,0.999999,0.9999999918464161,0.9965469298198019,0.9999996610859657
pos_64,ERF,3,1,development,1,46,0.9999999665294832,0.9999999999998916,0.9999999832646874,0.999999,0.9999999894657354,0.9950509313796162,0.9999999481113371
pos_65,YYI,3,1,development,1,15,0.9999999999840676,0.999999991968319,0.9999999959761934,0.999999,0.999999994491119,0.9950509313796162,0.9999815327620398
pos_66,DHG,3,1,development,3,47,0.9999999988736621,0.999999992793007,0.9999999958333345,0.999999,0.9999999945864886,0.9950438641312124,0.9999913373478002
pos_67,AFGPE,5,1,development,5,48,0.9999998643311849,0.999999475081218,0.9999996697062015,0.999999,0.9999995703177037,0.9965469298198019,0.9998981440653252
pos_68,RDKVYR,6,1,development,5,48,0.9996513042453334,0.9995728874819846,0.999612095863659,0.9996140817265605,0.9995920734488444,0.964153522979756,0.9966100093991062
pos_69,QQRQQQGL,8,1,development,5,49,0.9984231831014103,0.9994326102051392,0.9989278966532747,0.999054010590866,0.9991856370563834,0.9551428805581873,0.9936702234045635
pos_70,YKY,3,1,development,2,23,0.9999999999161933,0.9999999999087779,0.9999999999124856,0.999999,0.9999999999105581,0.9967757690249403,0.9999998557277899
pos_71,CQC,3,1,development,2,50,0.9999999277197907,0.9999999565755858,0.9999999421476883,0.999999,0.9999999496478793,0.9967757690249403,0.9999990657540083
pos_72,FEQL,4,1,development,3,0,0.9999999995311311,0.9999999979805909,0.999999998755861,0.999999,0.9999999984379208,0.9950438641312124,0.9999968096635785
pos_73,DEDTQAMP,8,1,development,4,51,0.8934292988347553,0.3059496239241445,0.5996894613794499,0.6578138826042818,0.44277008086999614,0.5455666783309836,0.6983129067020586
pos_74,CSGD,4,1,development,1,52,0.999999993303923,0.999999833976374,0.9999999136401485,0.999999,0.999999884121602,0.9950509313796162,0.9998830502547994
pos_75,GAPGPAGQVGAP,12,1,development,1,53,0.9998699228993769,0.3065518636169309,0.653210893258154,0.9831345992770587,0.5247601549720883,0.7107364234360214,0.531538156956169
pos_76,KTFCGRH,7,1,development,3,54,0.9827781749411583,0.997869227692352,0.9903237013167552,0.9939201197707712,0.9934181407777596,0.903600594803318,0.9500537487576196
pos_77,DHH,3,1,development,2,23,0.9999999999990075,0.9999999998214946,0.999999999910251,0.999999,0.9999999998641119,0.9967757690249403,0.9999976821103713
pos_78,RYLG,4,1,development,4,55,0.9999999999563494,0.9999999997076778,0.9999999998320136,0.999999,0.999999999765592,0.9960967849721714,0.9999962521244129
pos_79,WSVPQPK,7,1,development,5,56,0.9999997499446064,0.9999999435241153,0.9999998467343608,0.999999,0.9999998961616652,0.9965469298198019,0.9999842461983026
pos_81,GHH,3,1,development,3,57,0.999999999965687,0.9999999999999376,0.9999999999828123,0.999999,0.9999999999898355,0.9950438641312124,0.9999999570019936
pos_82,LTEQESGVPVMK,12,1,development,2,58,0.9865190298465318,0.9084439157497952,0.9474814727981635,0.9642169665903424,0.9271882084212991,0.7812545945189275,0.9795710217472298
pos_83,SYY,3,1,development,2,23,0.9999999999897555,0.9999999999997389,0.9999999999947472,0.999999,0.9999999999973421,0.9967757690249403,0.9999999909600047
pos_85,RYPS,4,1,development,1,59,0.9999999997859765,0.999999985489028,0.9999999926375023,0.999999,0.9999999899887126,0.9950509313796162,0.9999968151757154
pos_86,LLPHHH,6,1,development,3,44,0.9999999998092879,0.9999995357558548,0.9999997677825714,0.999999,0.9999996726278277,0.9950438641312124,0.9999843415428583
pos_87,GWNIP,5,1,development,5,42,0.999998059603462,0.9987717885947189,0.9993849240990904,0.999951154126263,0.9990718162154738,0.9704873130944218,0.995530306181995
pos_88,VSYT,4,1,development,4,60,0.9999999999646811,0.9999999993870825,0.9999999996758818,0.999999,0.9999999995216018,0.9960967849721714,0.9999971862698801
pos_89,KPKL,4,1,development,1,61,0.9999999535313383,0.9993927907189084,0.9996963721251233,0.9999753514936688,0.9995838833323214,0.9735243177351405,0.9987071284004909
pos_90,RHL,3,1,development,3,34,0.9999999999845481,0.9999999999999998,0.999999999992274,0.999999,0.9999999999954424,0.9950438641312124,0.9999999994158091
pos_91,IVEYF,5,1,development,5,62,0.9999329726785097,0.9999962684467595,0.9999646205626346,0.9999841846338652,0.9999807820831282,0.9923004730936615,0.9998717397752165
pos_92,AMRLTGNRPCLGAT,14,1,development,5,9,3.974552211923751e-07,0.02533785221307531,0.01266912483414825,0.00016120854152364884,0.019138622016174604,0.0961024821830397,0.005494825809024025
pos_93,YGLN,4,1,development,3,63,0.999999999988884,0.9999999997368034,0.9999999998628437,0.999999,0.9999999998111543,0.9950438641312124,0.9999939252458695
pos_94,LVPK,4,1,development,1,13,0.9999999999583811,0.9999999998040314,0.9999999998812062,0.999999,0.9999999998526099,0.9950509313796162,0.9999996621930847
pos_95,AMRLTGNRPCIYAT,14,1,development,5,9,6.979256609128718e-08,0.0030207545739313955,0.0015104121832487435,5.5041590427962994e-05,0.002281693745173387,0.05326741008117608,0.002223171486216259
pos_96,RWAEK,5,1,development,5,64,0.9999998924759226,0.9882775796191069,0.9941387360475147,0.9998911014505488,0.9911456386461077,0.9472273759254847,0.988277001320416
pos_97,FWIIE,5,1,development,2,65,0.9999991541604873,0.9994801169973644,0.9997396355789259,0.9999771936364942,0.9996047275676532,0.9778972717780183,0.9965583213490962
pos_98,PPHMLP,6,1,development,4,4,0.9999986488502559,0.9999999162560395,0.9999992825531476,0.999998837610315,0.9999996210849112,0.9959855968827248,0.9999934990538931
pos_99,YLLLK,5,1,development,1,13,0.9990427343635709,0.9999654387770385,0.9995040865703047,0.9998180520229417,0.999675035619652,0.9739754785132648,0.9994798324250624
pos_100,VKL,3,1,development,1,66,0.999999997348207,0.9999999764706934,0.9999999869094502,0.999999,0.9999999830414823,0.9950509313796162,0.9999992039189736
pos_101,MPACGSS,7,1,development,3,67,0.9979026529467175,0.9981716893171613,0.9980371711319393,0.9980417769571973,0.9980923373801047,0.9257627921776571,0.79009134063294
pos_102,YDY,3,1,development,2,23,0.9999999999460016,0.9999999999801312,0.9999999999630664,0.999999,0.9999999999719373,0.9967757690249403,0.9999994622444911
pos_104,SQW,3,1,development,5,68,0.9999999994807907,0.9999999998907396,0.9999999996857651,0.999999,0.9999999997904389,0.9965469298198019,0.9999986242601169
pos_105,LHK,3,1,development,3,3,0.9999999999972382,0.9999999986475969,0.9999999993224176,0.999999,0.999999999045672,0.9950438641312124,0.9999879367858817
pos_106,LLNDEVKEGQ,10,1,development,4,69,0.9997749671798359,0.5100420896383899,0.7549085284091129,0.9855086573793104,0.6240979096917778,0.7351484682655401,0.8175718802113294
pos_107,PHW,3,1,development,5,11,0.999999998166692,0.9999999999700282,0.9999999990683601,0.999999,0.999999999528812,0.9965469298198019,0.9999997603011339
pos_108,RPSYT,5,1,development,1,70,0.9999977056600939,0.9999995847651818,0.9999986452126379,0.9999984852919377,0.9999989933536282,0.9945885512962016,0.9999181436715817
pos_109,SYPTECRMR,9,1,development,3,71,0.9509474139644255,0.9994959431611659,0.9752216785627956,0.9949255087624924,0.9851766159019575,0.9223614124928542,0.9949482824041551
pos_110,TPSPR,5,1,development,1,72,0.9999999751522366,0.999999990864063,0.9999999830081499,0.999999,0.9999999859190731,0.9950509313796162,0.9999534375817075
pos_111,YQIGL,5,1,development,3,73,0.9999999993379773,0.9999872434306806,0.999993621384329,0.9999964283542051,0.999991005769398,0.9906437696125515,0.9997800562860933
pos_112,FDTADLPSGKGYL,13,1,development,5,74,0.0064048359064402295,0.0005135522266707496,0.0034591940665554895,0.001816617352165001,0.001954952873861421,0.0734575982072887,0.11128697055132888
pos_113,EAK,3,1,development,2,75,0.9999999989940236,0.9999999994845357,0.9999999992392796,0.999999,0.9999999993667734,0.9967757690249403,0.9999631709286881
pos_114,VLLHLK,6,1,development,4,76,0.9999999995701601,0.9999996961089446,0.9999998478395523,0.999999,0.9999997667832231,0.9960967849721714,0.9999124334830105
pos_115,TVFDGELR,8,1,development,1,77,0.04159072191098151,0.7998304026585621,0.42071056228477177,0.2939904374293445,0.5611893014230808,0.5438841996113454,0.8494550997072056
pos_116,DIDDLELTLAK,11,1,development,3,78,5.624465920949522e-06,0.21467418429933488,0.10733990438262792,0.0012384220234669925,0.15135796419180567,0.18069326935796834,0.2640379804579626
pos_117,PYPQ,4,1,development,4,79,0.9999999999134603,0.9999999983098595,0.9999999991116599,0.999999,0.9999999986833283,0.9960967849721714,0.9999990365877685
pos_118,NPYVPR,6,1,development,4,79,0.9999824620881723,0.9999999995347879,0.9999912308114801,0.9999958121497095,0.9999959151697246,0.9949012604174562,0.9999932577281707
pos_120,VLVSGSIHYPR,11,1,development,5,80,0.818110151909749,0.9991553236136255,0.9086327377616872,0.986475742751534,0.954859607798609,0.9206159286765785,0.9849943827365759
pos_121,EAGPSIVHR,9,1,development,2,81,0.9986290543297128,0.9999897602823101,0.9993094073060115,0.9998814496747471,0.9996630816612102,0.9871742138241527,0.9995558778548697
pos_122,YAVT,4,1,development,2,82,0.9999999999240237,0.9999999964411881,0.9999999981826059,0.999999,0.9999999972773481,0.9967757690249403,0.9999974155414747
pos_123,DLGLGLPGAH,10,1,development,3,83,0.9999765508974021,0.9999939896369303,0.9999852702671662,0.999988128250934,0.9999888461027713,0.9888392620867126,0.9990250328064829
pos_124,FPFPRPPHQ,9,1,development,4,4,0.34944504893629647,0.8391098231538515,0.594277436045074,0.6259942638897231,0.7250698639519828,0.6559260690801527,0.9444577947799064
pos_125,HQP,3,1,development,5,84,0.9999999999732121,0.9999999993968018,0.999999999685007,0.999999,0.9999999995378303,0.9965469298198019,0.9999994459979737
pos_126,FD,2,1,development,4,85,0.9999999998825648,0.002690048271152611,0.5013450240768588,0.9811091037664408,0.23495749363746396,0.44847561783818535,0.852740278532762
pos_127,SVYT,4,1,development,1,86,0.9999999992748152,0.999999994002253,0.9999999966385341,0.999999,0.9999999956616887,0.9950509313796162,0.9999992287937082
pos_128,ALPMHIR,7,1,development,3,87,0.9999970223789181,0.9989238519824928,0.9994604371807054,0.9999433655641731,0.99924038223306,0.9683368910907245,0.998869143104185
pos_129,RWT,3,1,development,2,23,0.9999999978446181,0.9999999996143509,0.9999999987294845,0.999999,0.999999999189473,0.9967757690249403,0.9999989984566825
pos_130,RYL,3,1,development,3,34,0.9999999999526408,0.9999999999999993,0.99999999997632,0.999999,0.9999999999860311,0.9950438641312124,0.9999999981447312
pos_131,NHRYDR,6,1,development,5,88,0.9999139122983173,0.9999892886743436,0.9999516004863305,0.9999696331320803,0.9999708465888674,0.9892483357707644,0.9996150803553272
pos_132,WHMHKTF,7,1,development,2,89,0.9929867781184497,0.9999926912532926,0.9964897346858712,0.9997728506813487,0.9983107098979029,0.9865723413269807,0.9998610041092281
pos_133,EEKNPKATE,9,1,development,4,90,0.9911692665722062,0.9903574294728367,0.9907633480225214,0.9907721885702684,0.9905465014146332,0.8822681423117057,0.9674626695523534
pos_134,PHQ,3,1,development,5,11,0.9999999999164613,0.9999999999997731,0.9999999999581172,0.999999,0.9999999999793895,0.9965469298198019,0.9999999939130748
pos_136,IIENGEKWS,9,1,development,1,91,0.9745982461587023,0.9707675509785071,0.9726828985686047,0.9727482453775852,0.9719731873221469,0.813175824038536,0.8244309170326023
pos_137,GTQY,4,1,development,3,92,0.9999989314001746,0.9999958016970975,0.999997366548636,0.9999978819087901,0.9999967247990602,0.9928529747722298,0.9997683668134256
pos_138,YGGFM,5,1,development,4,40,0.9999822619239507,0.9999997255671931,0.9999909937455719,0.9999957883187424,0.9999956583904883,0.9948958632925973,0.9999342272339606
pos_140,AAGAAAAARSAGQCGR,16,1,development,5,93,0.0072025363753594855,0.9987287168342404,0.5029656266047999,0.7047834618397608,0.7561353270221497,0.8446279296880639,0.8837639639550358
pos_141,ADGF,4,1,development,4,94,0.9999999839411065,0.9999983905682318,0.9999991872546692,0.9999987313661345,0.9999987616551206,0.9955188742018707,0.999745443468777
pos_142,YWDAW,5,1,development,2,95,0.9999937669716914,0.9999991525952667,0.9999964597834791,0.9999975033938497,0.9999978596134289,0.9961843264795733,0.9996657602654262
pos_143,VEP,3,1,development,4,96,0.9999999999979463,0.999999972282316,0.9999999861401312,0.999999,0.9999999787371183,0.9960967849721714,0.9999904487562238
pos_144,QEAE,4,1,development,4,97,0.9999999959874835,0.9999999988180466,0.999999997402765,0.999999,0.9999999981588256,0.9960967849721714,0.999994962906578
pos_145,SPFWNINAHS,10,1,development,1,98,0.00033412553754746396,0.34346997631819304,0.17190205092787025,0.013050864097080539,0.235474682240558,0.29131367083715587,0.08398050955189154
pos_146,YYDPL,5,1,development,3,99,0.9999999360753723,0.9999998313882992,0.9999998837318358,0.999999,0.999999862265619,0.9950438641312124,0.9999783499514739
pos_148,FPKYPVEPF,9,1,development,4,100,0.9999983374359983,0.9995052835691024,0.9997518105025504,0.9999713144811546,0.9996201128274557,0.9755568448724414,0.9980724222430248
pos_149,VIESPPEINTVQ,12,1,development,5,101,0.8865068624424507,0.9988100728774493,0.94265846765995,0.9878007861950447,0.971333222499582,0.9171181362416486,0.9605670941714081
pos_150,WV,2,1,development,2,102,0.9999999999840072,0.9999999999842111,0.9999999999841092,0.999999,0.9999999999841622,0.9967757690249403,0.999999755131169
pos_151,LHQ,3,1,development,3,3,0.9999999999996223,1.0,0.9999999999998112,0.999999,0.9999999999998886,0.9950438641312124,0.9999999986864581
pos_152,VGGRP,5,1,development,1,103,0.9999999628448528,0.9999999895559119,0.9999999762003824,0.999999,0.9999999811491287,0.9950509313796162,0.999997784790011
pos_153,FL,2,1,development,4,104,0.9999999996508926,0.999982567686376,0.9999912836686342,0.9999958247767272,0.9999866274852975,0.9910687750562395,0.9998383001256441
pos_154,LADGVAAPA,9,1,development,1,105,0.9999923578691179,0.9659138791515408,0.9829531185103293,0.9994809573975315,0.9766394134332264,0.9095534265001639,0.8989300788575939
pos_155,VECYG,5,1,development,3,106,0.9999999990225921,0.9999981347061798,0.9999990668643859,0.9999986342423092,0.9999986845839468,0.9942081185927168,0.9994574195892196
pos_156,HPH,3,1,development,2,23,0.999999999999007,0.99999999999997,0.9999999999994885,0.999999,0.9999999999997389,0.9967757690249403,0.9999999996391535
pos_157,VLPVPQK,7,1,development,4,79,0.9999999932758707,0.9999914294554834,0.999995711365677,0.9999970724453274,0.9999934239173662,0.9927256409435143,0.9999715610737843
pos_158,QVVPYPQ,7,1,development,4,79,0.999999841475476,0.9999998264112092,0.9999998339433427,0.999999,0.9999998299195857,0.9960967849721714,0.9999645206932578
pos_159,VLNPWDQVKR,10,1,development,5,107,0.9882438456287813,0.9999453775497738,0.9940946115892775,0.9991945323917242,0.9970824029247425,0.9721216728994595,0.9783700326984427
pos_160,FLPF,4,1,development,4,108,0.9999999858903639,0.9999997140238611,0.9999998499571126,0.999999,0.9999997773399225,0.9960967849721714,0.9999519597168963
pos_161,DFTPVCTTELGR,12,1,development,2,109,0.006859978676587755,0.0027728972043950086,0.004816437940491382,0.0043634181587184654,0.0037541247334658143,0.1066132838209831,0.006170205350073748
pos_162,CGN,3,1,development,2,110,0.9999999999176681,0.9999999973679743,0.9999999986428212,0.999999,0.9999999979801054,0.9967757690249403,0.9999998193907234
pos_163,LYPY,4,1,development,1,111,0.9999999999959226,0.9999999973344706,0.9999999986651966,0.999999,0.9999999981721104,0.9950509313796162,0.9999960390261179
pos_164,PHF,3,1,development,5,11,0.9999999967897275,0.9999999999073352,0.9999999983485314,0.999999,0.9999999991445606,0.9965469298198019,0.9999999019143503
pos_165,IESPPEIN,8,1,development,3,112,0.9914739111406692,0.539813504059627,0.7656437076001481,0.9211319353184175,0.6730301696523509,0.6932884601534222,0.5643202672632842
pos_166,EEYFPVGGDRPESF,14,1,development,5,113,0.04497169312400324,0.08719802475463441,0.06608485893931883,0.06285411796988152,0.07686664961649792,0.3119934147540883,0.2852911569559601
pos_167,HWH,3,1,development,2,23,0.9999999999985629,0.9999999983029797,0.9999999991507713,0.999999,0.9999999987100558,0.9967757690249403,0.9999998617714485
pos_168,LWG,3,1,development,4,114,0.9999999958164467,0.9999994754725294,0.9999997356444881,0.999999,0.9999995966574751,0.9960967849721714,0.9998627249657978
pos_169,SPYCYG,6,1,development,3,115,0.9999448028292761,0.9352711861406917,0.9676079944849839,0.9980492464182846,0.9543465875529065,0.8843582151775679,0.9536827813959573
pos_170,LHDELT,6,1,development,1,13,0.9999987790358411,0.9999713187432872,0.9999850488895641,0.9999940822792247,0.9999799613329876,0.9877801262158743,0.9992720256794023
pos_171,SVW,3,1,development,5,68,0.9999999999707876,0.9999999175375726,0.9999999587541801,0.999999,0.9999999377062312,0.9965469298198019,0.9999590662006828
pos_172,PWL,3,1,development,4,116,0.9999999105758028,0.9999999991160018,0.9999999548459023,0.999999,0.9999999784955259,0.9960967849721714,0.9999974099291767
pos_173,SHNPF,5,1,development,5,117,0.9999984705132802,0.9999999705698648,0.9999992205415724,0.9999987632757763,0.9999996035560441,0.9963991091969967,0.9999446021431324
pos_174,FGERR,5,1,development,1,118,0.999996889685157,0.9999999821886346,0.9999984359368959,0.9999982363910137,0.9999990088836834,0.9944085842623732,0.9999896740108025
pos_175,TGNLPGAAHPLLL,13,1,development,2,119,0.8983780090079104,0.9882560856765833,0.9433170473422469,0.9646330098610238,0.9666781348362925,0.8509823086327389,0.9980122436041159
pos_177,RWWQLR,6,1,development,1,120,0.9996975271206375,0.9999996198906601,0.9998485735056488,0.9999826059155493,0.9999045421030635,0.9908609722663346,0.9998812379292428
pos_178,YEA,3,1,development,2,23,0.9999999999908433,0.9999999931188768,0.99999999655486,0.999999,0.9999999947687002,0.9967757690249403,0.9999461874555381
pos_179,LPL,3,1,development,1,121,0.9999999999258493,1.0,0.9999999999629247,0.999999,0.9999999999766624,0.9950509313796162,0.9999999997640878
pos_180,YGFLP,5,1,development,2,122,0.9999999921781492,0.9999996955527252,0.9999998438654372,0.999999,0.9999997667666303,0.9967757690249403,0.9998468505290787
pos_181,IGSLI,5,1,development,3,123,0.999999912596781,0.9963429930333004,0.9981714528150407,0.9999394195681346,0.9974215968315304,0.9622902862294194,0.9941099947492006
pos_182,IKGTIAGGGVIPH,13,1,development,3,124,0.7606094960383856,0.994582470635637,0.8775959833370113,0.9602412094601729,0.9255724378189589,0.8410799563716079,0.9419305862372889
pos_183,AWVDY,5,1,development,5,125,0.9999954619585064,0.9998852278388318,0.9999403448986691,0.9999771772218644,0.9999121984517031,0.9838730609677804,0.9985065075852713
pos_184,VVFVDRL,7,1,development,5,126,0.009106043946623897,0.9999936204301656,0.5045498321883948,0.9743285021452185,0.7575564757139466,0.9638922159741029,0.9989076493742801
pos_185,ADASVLPK,8,1,development,2,127,0.9982619875686316,0.9998343973409677,0.9990481924547996,0.9994632888286622,0.9994568928145486,0.9694150425018988,0.9958471064428285
pos_186,DHW,3,1,development,4,128,0.9999999994757813,0.9999999999999871,0.9999999997378842,0.999999,0.9999999998779028,0.9960967849721714,0.9999999699353559
pos_188,VEGNLQVLRPR,11,1,development,1,129,0.800709001176762,0.891815952942025,0.8462624770593935,0.851962727354914,0.8631418227803931,0.7021369124750518,0.8911358620542279
pos_189,LFV,3,1,development,1,121,0.9999987535923217,0.9999999996741529,0.9999993766332373,0.9999988835736947,0.9999996074942814,0.9949322659764381,0.9999909656563847
pos_190,AYY,3,1,development,2,23,0.9999999998336049,0.9999999999981977,0.9999999999159013,0.999999,0.9999999999586822,0.9967757690249403,0.9999999563027521
pos_191,TVQVTSTAV,9,1,development,3,130,0.5630692927910252,0.9997192162539027,0.7813942545224639,0.9854518512241853,0.8709298738119269,0.9094011344417993,0.9960070956593337
pos_192,LHL,3,1,development,1,121,0.9999999999934659,0.9999999999977793,0.9999999999956226,0.999999,0.9999999999964218,0.9950509313796162,0.9999999561184431
pos_193,QKW,3,1,development,5,131,0.9999999937188271,0.999999999999996,0.9999999968594115,0.999999,0.9999999984632035,0.9965469298198019,0.9999999925461723
pos_194,GY,2,1,development,2,132,0.9999999996155604,0.9999650838213121,0.9999825417184363,0.9999940909374574,0.999973466413817,0.9903334197646588,0.9998009376294228
pos_195,LYEGY,5,1,development,4,55,0.9999999994703097,0.999999812968596,0.9999999062194529,0.999999,0.9999998564037151,0.9960967849721714,0.9999859929533156
pos_196,LWHTH,5,1,development,4,133,0.9999999987123573,0.9999999982560479,0.9999999984842026,0.999999,0.9999999983623196,0.9960967849721714,0.9999973461134247
pos_197,IREADIDGDGQVN,13,1,development,1,134,6.189157196977948e-05,0.09462626702579836,0.047344079298884074,0.002536985042377843,0.0648639804178257,0.18269021788986198,0.053767010609727876
pos_198,VLDTGLAGA,9,1,development,3,83,0.9985049444168195,0.999272796114394,0.9988888702656067,0.9989572348233371,0.9990463192277401,0.9423943836987467,0.9975495611256936
pos_199,DVFRELRVQ,9,1,development,3,135,0.33533434016352043,0.6178394141204647,0.47658687714199255,0.4745509593463481,0.5345149000042271,0.5653169614351173,0.7893362248991769
pos_202,SAEHGSLH,8,1,development,5,136,0.999955110184064,0.9998340582051317,0.9998945841945979,0.9999136902014096,0.999863675587397,0.9775763712541228,0.9957200525544615
pos_203,LPYPY,5,1,development,4,79,0.9999999934851229,0.999999999894984,0.9999999966900535,0.999999,0.9999999984021661,0.9960967849721714,0.9999987056626687
pos_204,YPFVVN,6,1,development,4,137,0.9999674157363424,0.9999502003981542,0.9999588080672484,0.999959717419298,0.9999542097461163,0.9833236048488347,0.9985809287611751
pos_205,ASPAPAGLSY,10,1,development,2,138,0.7924487871650719,0.9999714775336375,0.8962101323493548,0.9972742165007767,0.9501493787861843,0.9718023784574299,0.9952285137930889
pos_206,GVPFW,5,1,development,4,139,0.9950073444348702,0.9999845611162604,0.9974959527755654,0.999721744921683,0.9988253975064386,0.9810388012242905,0.9890499902416043
pos_207,IRGCRL,6,1,development,2,140,0.9946314763787261,0.9998066462726024,0.9972190613256642,0.9989793634515192,0.9985641902065712,0.9645489590928134,0.9957165415591689
pos_208,YQL,3,1,development,1,15,0.9999999999991023,0.9999999999999933,0.9999999999995478,0.999999,0.9999999999997129,0.9950509313796162,0.9999999994793429
pos_209,VEVLPPAEL,9,1,development,4,141,0.17603329467029077,0.9999741293284993,0.588003711999395,0.9891153657558621,0.8080833009156942,0.9591076813956007,0.9942922484013261
pos_210,NAPVSIPQ,8,1,development,1,142,0.9999999982114098,0.7996804737892929,0.8998402360003513,0.999499750914159,0.8627271239724241,0.8816944154407554,0.9711550069153911
pos_211,IPAGM,5,1,development,4,4,0.9999999996986788,0.9999999596300951,0.999999979664387,0.999999,0.9999999689618255,0.9960967849721714,0.999951441148846
pos_212,KGVITQ,6,1,development,5,143,0.9999999746183788,0.9992716652708814,0.99963581994463,0.9999730032045874,0.999449858279723,0.9761879499019098,0.972911947744372
pos_213,VFPW,4,1,development,3,144,0.9999999979226535,0.9999999929002592,0.9999999954114563,0.999999,0.9999999943816081,0.9950438641312124,0.999991086666348
pos_214,VDTR,4,1,development,2,145,0.9999999895161261,0.9999987451412414,0.9999993673286838,0.9999988797952076,0.9999990438910711,0.9965408249258082,0.9998891801510194
pos_215,WPL,3,1,development,4,146,0.9999999916081029,0.9999999999992062,0.9999999958036545,0.999999,0.999999998044969,0.9960967849721714,0.999999994471295
pos_218,GKDAVIV,7,1,development,1,147,0.8817141444887137,0.42488703287912205,0.6533005886839178,0.7011982345891182,0.5686644264352756,0.5707573470984705,0.6680510623248127
pos_220,RADHP,5,1,development,1,13,0.999999464180924,0.9999999825557443,0.9999997233683342,0.999999,0.9999998194074139,0.9950509313796162,0.9999693018516405
pos_221,EWPAQ,5,1,development,4,79,0.9999997331312808,0.999999999537122,0.9999998663342013,0.999999,0.9999999374928156,0.9960967849721714,0.9999923405005247
pos_222,FYY,3,1,development,2,23,0.9999999989965698,0.9999990229915459,0.9999995109940578,0.999999,0.9999992573110731,0.9967757690249403,0.9999093314882467
pos_223,VGDI,4,1,development,3,148,0.9999999754398322,0.9999996792835031,0.9999998273616677,0.999999,0.9999997666344378,0.9950438641312124,0.9999724861017291
pos_224,LPHSGY,6,1,development,5,149,0.9999999663698447,0.9980564613873062,0.9990282138785754,0.9999558734387882,0.998531972242312,0.9684005143891115,0.9960182824860351
pos_225,IDLAY,5,1,development,2,150,0.9999999037176034,0.9999963089168574,0.9999981063172304,0.9999980787800034,0.9999971719575083,0.9951690922746914,0.9998398540902435
pos_226,VVALALI,7,1,development,4,151,0.8925643203373295,0.9999959433346584,0.9462801318359939,0.99930170873659,0.974975769230481,0.982671025404191,0.9579774165396182
pos_227,LGNTDYAVH,9,1,development,1,152,0.9999228389283856,0.9855112728928554,0.9927170559106205,0.9989360092116469,0.9900470312771383,0.9080699705543628,0.9563118099072829
pos_228,GGIF,4,1,development,4,40,0.9999999878414719,0.9999999984766266,0.9999999931590493,0.999999,0.9999999959997634,0.9960967849721714,0.9999968065040726
pos_229,VW,2,1,development,3,153,0.9999999999750202,0.9999999739983509,0.9999999869866856,0.999999,0.9999999816601368,0.9950438641312124,0.9999460904242333
pos_230,LLGPGLTNHA,10,1,development,5,154,0.9905048566401737,0.9998997781003666,0.9952023173702702,0.9990207354343699,0.997601154131616,0.9674941460484906,0.9981883578982795
pos_231,YWY,3,1,development,2,23,0.9999999999804967,0.9999999998067979,0.9999999998936473,0.999999,0.9999999998484995,0.9967757690249403,0.9999996191000698
pos_232,KD,2,1,development,2,155,0.9999999995931543,0.41178509954127324,0.7058925495672138,0.9988062478561285,0.5530038779941728,0.7905688287178237,0.9229878851544238
pos_234,FSWF,4,1,development,4,156,0.9999980912252945,0.9999879569131108,0.9999930240692027,0.999995205457277,0.999990317133018,0.9914768880726419,0.9999272311739651
pos_235,VFL,3,1,development,1,66,0.9999999795907655,0.9999999999795477,0.9999999897851566,0.999999,0.9999999935625774,0.9950509313796162,0.9999995307615278
pos_236,VPSGK,5,1,development,1,157,0.9999999987063719,0.9999999997449496,0.9999999992256607,0.999999,0.9999999994180775,0.9950509313796162,0.9999998466168509
pos_237,HGGEGGRPYHLGEES,15,1,development,1,158,0.6025606901754244,0.20030408022372123,0.4014323851995728,0.38127868306216833,0.32690647629389313,0.4566232878946639,0.9080366243284019
pos_238,VSLPEW,6,1,development,3,159,0.9999992649972154,0.9897863470560362,0.9948928060266258,0.9998984275515609,0.9927986342806101,0.9516450911030208,0.9956795482799404
pos_239,FVSACSVAG,9,1,development,5,160,0.0028524998025275276,0.10908151527330787,0.055967007537917696,0.01837117806674268,0.08309081783400174,0.27000072417799437,0.19595257377091896
pos_240,QAEP,4,1,development,2,161,0.9999999440017828,0.9999986336414934,0.9999992888216381,0.9999988310865963,0.9999989482331153,0.9964483959478715,0.9998796171419413
pos_241,AGTGAGAGGGAGTKTSS,17,1,development,2,162,0.34686521551576316,0.008016187164113394,0.17744070133993828,0.06148269348401365,0.08936714556307836,0.198913613864562,0.2133519094534385
pos_242,YVL,3,1,development,1,15,0.999999999996823,0.9999999999977247,0.9999999999972738,0.999999,0.9999999999974408,0.9950509313796162,0.9999999417257243
pos_243,KEFLLAGNNNRA,12,1,development,4,163,0.5240542697159645,0.019357934904406123,0.27170610231018527,0.12848657410907627,0.13689865349747207,0.2865087498371736,0.053376241381740415
pos_244,EFLQ,4,1,development,3,14,0.9999999944949947,0.9999999994452382,0.9999999969701164,0.999999,0.9999999979851703,0.9950438641312124,0.9999554922807984
pos_245,WNIP,4,1,development,5,42,0.9999999999584788,0.9999986986124255,0.9999993492854522,0.9999988592162341,0.999999017008406,0.9962678708588403,0.9999916844065996
pos_246,VKEAMAPK,8,1,development,3,164,0.9999998083273892,0.9999975850862237,0.9999986967068064,0.9999984460004769,0.9999982408283925,0.9938221618955224,0.9984681772502323
pos_247,SGAF,4,1,development,1,165,0.9999999920860826,0.9999999967737341,0.9999999944299083,0.999999,0.9999999952983875,0.9950509313796162,0.999998357083201
pos_248,MEMK,4,1,development,3,166,0.9999999983506838,0.9999999792201946,0.9999999887854392,0.999999,0.9999999848627081,0.9950438641312124,0.9998660519594087
pos_249,QNGRFY,6,1,development,3,73,0.984508906220055,0.994285710962726,0.9893973085913905,0.9905800994321727,0.9914020547742479,0.8809656260094236,0.864936786884611
pos_250,YPW,3,1,development,2,23,0.9999999986773216,0.9999999993518702,0.9999999990145959,0.999999,0.9999999991899244,0.9967757690249403,0.9999995971208289
pos_251,AEDKKLIQ,8,1,development,5,167,0.9982988571772411,0.8564188175169786,0.9273588373471098,0.9833786408024774,0.8911321316444256,0.796858236418924,0.6652122298443036
pos_252,APYMM,5,1,development,2,168,0.9999993971908431,0.9999992943151872,0.9999993457530152,0.999999,0.9999993190136001,0.9967757690249403,0.9990500212076742
pos_253,WEN,3,1,development,5,169,0.99999999994198,0.9999999886330523,0.9999999942875162,0.999999,0.9999999913999698,0.9965469298198019,0.9999991918535366
pos_254,DW,2,1,development,4,170,0.9999999997449558,0.9995456325134651,0.9997728161292104,0.9999786797021208,0.9996514518888218,0.977225864439226,0.9995477157028537
pos_255,WY,2,1,development,1,171,0.9999999999977391,0.9997730032222213,0.9998865016099803,0.9999849320969664,0.9998444460151295,0.9794795566254261,0.9991740113581038
pos_256,IKW,3,1,development,3,3,0.99999999568153,0.9999999999957168,0.9999999978386234,0.999999,0.9999999987232528,0.9950438641312124,0.9999999815583019
pos_257,NSKKTVD,7,1,development,5,172,0.6062630532359718,0.9998504342535222,0.803056743744747,0.9902397388966945,0.9035527279195137,0.9457000194837827,0.9956845499689159
pos_258,RHPHP,5,1,development,1,13,0.999999936048838,0.99999996803159,0.999999952040214,0.999999,0.9999999579656447,0.9950509313796162,0.9999822507986356
pos_259,SQSKVLPVPQKAVPYPQ,17,1,development,5,173,0.9996446319977417,0.9046544800725497,0.9521495560351456,0.9939162005761641,0.9278954024086932,0.8401513879868067,0.9690134872449337
pos_260,FRDEHKK,7,1,development,3,174,0.999949824667231,0.9999966569972869,0.999973240832259,0.9999870485172305,0.999982843860793,0.9894704494797483,0.9988280436961167
pos_261,VGAPSVS,7,1,development,2,175,0.9999991907795189,0.9999513433315932,0.9999752670555561,0.9999930244422582,0.9999628305587062,0.9892942305406123,0.9991446948094633
pos_262,EEGGSV,6,1,development,4,176,0.9999972871844088,0.9984016915211178,0.9991994893527634,0.9999341038936604,0.9987732960839233,0.9643866783355991,0.9987155779149033
pos_263,YPFPGPIPN,9,1,development,4,4,0.9999969661666039,0.9999819848003826,0.9999894754834933,0.9999926070671208,0.9999854738698084,0.9900053044373093,0.9999680694102842
pos_264,VTYDYYKN,8,1,development,1,177,0.00012203723993999539,0.5551037899687623,0.27761291360435114,0.012190004049303477,0.380434143945721,0.3170114650448409,0.5577569742110058
pos_265,ARHPHPHLSFM,11,1,development,3,178,0.0002910410715802392,0.9238169631203476,0.4620540020959639,0.05608382218113103,0.651424160928795,0.4752424952667747,0.9821068669898496
pos_266,DAQEKLE,7,1,development,3,179,0.9999890525328945,0.9989755253049728,0.9994822889189336,0.9998940535568778,0.999274463878455,0.9637789093887044,0.9916454461492559
pos_267,NAVPITPTL,9,1,development,4,180,0.9999909980861252,0.9997046167799006,0.9998478074330129,0.99994842917899,0.9997713132510326,0.975366532486507,0.9995888984480295
pos_269,FVLPH,5,1,development,3,44,0.9999999997637254,0.9999690738737055,0.9999845368187155,0.999994438815801,0.9999781954258371,0.9883388157589175,0.9999696905335989
pos_270,IVAGPQ,6,1,development,4,4,0.9999999998611881,0.9999999975274307,0.9999999986943094,0.999999,0.9999999980709486,0.9960967849721714,0.9999969127974819
pos_271,YPI,3,1,development,1,15,0.9999999998666813,0.9999999999999991,0.9999999999333402,0.999999,0.99999999995804,0.9950509313796162,0.9999999925345936
pos_272,VECYGPNRPQF,11,1,development,5,181,0.5156959044999648,0.5137441926787729,0.5147200485893688,0.5147201047095237,0.5142217114735063,0.5571149559558037,0.868708268648135
pos_273,LDIQKEV,7,1,development,2,182,0.9915498779718631,0.9993878392049527,0.995468858588408,0.9977204516499733,0.9975060995366776,0.9479915301897737,0.9963863454766538
pos_274,SLGGEMKQTAK,11,1,development,4,183,0.0011289428189076526,0.5909248531720447,0.29602689799547616,0.03883675999905254,0.4535649590249165,0.42398763789869764,0.3992754371877641
pos_275,TSQLLSDQ,8,1,development,1,184,0.03218849707547671,0.002181150020918339,0.017184823548197524,0.008454434296289276,0.011625375281187978,0.13662287443345933,0.02479141396216401
pos_276,YGKPVAVPAR,10,1,development,5,28,0.9999789000426484,0.9993665217818005,0.9996727109122245,0.9998843625271896,0.9995163503199412,0.9693187620183444,0.8294699058347232
pos_278,IPSEVLA,7,1,development,1,185,0.9999968991801681,0.9900195579338908,0.9950082285570294,0.9998232273129324,0.9931597308407826,0.9392212870372655,0.9913482200374373
pos_279,EHH,3,1,development,2,23,0.9999999999983917,0.9999999999995692,0.9999999999989805,0.999999,0.9999999999992866,0.9967757690249403,0.9999999332120042
pos_280,LPAGV,5,1,development,4,4,0.9999999958982781,0.9999996259052434,0.9999998109017607,0.999999,0.9999997120743794,0.9960967849721714,0.9984734590881948
pos_281,AVPYPQR,7,1,development,4,79,0.9996636767811191,0.9999558897264235,0.9998097832537713,0.9998781913809336,0.9998878351018816,0.9800337581709473,0.9991538279329644
pos_282,GP,2,1,development,3,186,0.9999999996642603,0.9991549441289619,0.9995774718966111,0.9999709186958909,0.9994041921898682,0.9736163828937111,0.9957167624712975
pos_283,KDHCH,5,1,development,5,187,0.999999998932128,0.999847195251753,0.9999235970919405,0.9999876377803218,0.9998845812164693,0.9848722798798968,0.9991548032677666
pos_285,DTETGVPT,8,1,development,2,188,0.9996789989183718,0.9649611141123011,0.9823200565153365,0.9965969935336415,0.9732961924694616,0.8739975511055712,0.9951162717711247
pos_286,FEQI,4,1,development,3,0,0.999999999032634,0.9999993631264777,0.999999681079556,0.999999,0.999999550686194,0.9950438641312124,0.999668743741436
pos_287,GQW,3,1,development,1,189,0.999999998752791,0.9999999075180129,0.999999953135402,0.999999,0.9999999362323738,0.9950509313796162,0.9999827376197905
pos_288,PHD,3,1,development,5,11,0.9999999995378124,0.9999999999649558,0.9999999997513841,0.999999,0.9999999998604481,0.9965469298198019,0.9999996909131923
pos_289,VE,2,1,development,4,190,0.9999999999993108,0.9999999981051435,0.9999999990522271,0.999999,0.9999999985462835,0.9960967849721714,0.9999964536839256
pos_290,LPHH,4,1,development,3,44,0.9999999999892732,0.999999999984373,0.9999999999868231,0.999999,0.9999999999858183,0.9950438641312124,0.9999999302648646
pos_291,WLSF,4,1,development,1,191,0.999996076819211,0.9999999295672194,0.9999980031932152,0.9999980192969525,0.9999987169901796,0.9942672687347495,0.999990164152885
pos_292,PWR,3,1,development,5,11,0.9999999620400971,0.9999999974864284,0.9999999797632628,0.999999,0.9999999888138933,0.9965469298198019,0.999997605001669
pos_293,TNGIIR,6,1,development,3,192,0.9999999625070867,0.9999993428626592,0.9999996526848729,0.999999,0.999999525625999,0.9950438641312124,0.9995931890034812
pos_294,TYY,3,1,development,2,23,0.9999999999913078,0.9999996174569199,0.9999998087241139,0.999999,0.9999997092958702,0.9967757690249403,0.9999982561550013
pos_295,WL,2,1,development,5,193,0.9999999999987277,0.9999986002038134,0.9999993001012706,0.9999988168701535,0.9999989426869469,0.9961867570676735,0.9999600911957806
pos_296,WDDMEK,6,1,development,5,194,0.9999974773439675,0.9999999710596319,0.9999987242017997,0.9999984117125873,0.9999993609305722,0.9962169399190716,0.999979647412744
pos_297,KFTPAP,6,1,development,1,195,0.9998871072792616,0.9976031228032181,0.9987451150412399,0.999479434550777,0.9983219622208944,0.9387323275933791,0.9529964085420306
pos_298,LHV,3,1,development,1,121,0.9999999996381419,0.9999999999972846,0.9999999998177133,0.999999,0.9999999998842515,0.9950509313796162,0.9999997807229996
pos_299,VAW,3,1,development,1,196,0.9999999993660107,0.9999999999945071,0.9999999996802589,0.999999,0.9999999997967002,0.9950509313796162,0.9999999806943544
pos_300,HIQKEDVPSER,11,1,development,2,197,0.99967483200967,0.9981028940824614,0.9988888630460657,0.9992143279581508,0.9984802853281858,0.9454516929390027,0.9988089113864822
pos_301,ENLQNYRLL,9,1,development,2,198,0.043432021943332774,0.9805496416701956,0.5119908318067642,0.6020577467409247,0.7555662121228583,0.7495388654964973,0.9048291255757798
pos_302,ESTVPERTHPACPDFN,16,1,development,4,199,0.006415740390366298,0.019695754288073568,0.013055747339219933,0.011261810507495886,0.016602919510414177,0.19960373761481975,0.17227911343136137
pos_303,VHDY,4,1,development,1,200,0.9999999999901117,0.9999999892305204,0.999999994610316,0.999999,0.999999992616891,0.9950509313796162,0.9999967422623288
pos_304,YGLF,4,1,development,4,40,0.9999999934050523,0.999999995685692,0.9999999945453721,0.999999,0.9999999951545447,0.9960967849721714,0.9999936887214892
pos_306,EL,2,1,development,3,201,0.9999999999782898,0.9999999999199634,0.9999999999491266,0.999999,0.9999999999371667,0.9950438641312124,0.9999348323465211
pos_307,VLPVPEK,7,1,development,4,79,0.999999995284826,0.9999997202446459,0.999999857764736,0.999999,0.9999997842998375,0.9960967849721714,0.9999885594884541
pos_308,LSGNK,5,1,development,4,4,0.9999999977134062,0.999999992538472,0.9999999951259391,0.999999,0.9999999937436828,0.9960967849721714,0.9999774177634972
pos_309,FDPFPK,6,1,development,1,195,0.9992464624933868,0.9999999870948328,0.9996232247941098,0.9999725397543279,0.9997628299725363,0.9899221573547484,0.9999740565454478
pos_310,PSDHDHE,7,1,development,5,202,0.9999805180676598,0.9999968290389263,0.999988673553293,0.9999921401731945,0.9999928382882143,0.9934997183147058,0.9993113877240322
pos_311,VAGTWY,6,1,development,2,203,0.9999999874225246,0.981114093616729,0.9905570405196268,0.9998612767913713,0.9856482236651354,0.9350613603629414,0.9484494629332993
pos_312,SC,2,1,development,4,204,0.999999998719795,0.9999999140869569,0.9999999564033759,0.999999,0.999999933797432,0.9960967849721714,0.9998929353354965
pos_313,RGQVIYVL,8,1,development,1,205,0.9999298812393523,0.9997758299599603,0.9998528555996563,0.9998746237266902,0.9998243145854611,0.9679974166041061,0.9813706712636934
pos_314,LLAPPER,7,1,development,3,206,0.9993051791403972,0.9991187686946161,0.9992119739175067,0.9992175010081464,0.9991737502197383,0.9445796065955298,0.926404303209367
pos_315,DWDPK,5,1,development,5,48,0.999977301820969,0.9999999655613715,0.9999886336911703,0.9999952357056491,0.9999944204999114,0.9953021545368205,0.9999776693719787
pos_316,AGDDAPR,7,1,development,3,207,0.999996331931621,0.9999921933844365,0.9999942626580287,0.9999946488111778,0.9999934140436921,0.9903815682577605,0.9983988058137205
pos_317,IEWEGIESGSVEQA,14,1,development,4,32,0.00829944886408267,0.058442567275705945,0.033371008069894306,0.02228375702300299,0.04676453879784902,0.26195627090970197,0.2219054941310219
pos_318,AEHNH,5,1,development,1,13,0.9999999993089923,0.9948189741546033,0.9974094867317977,0.9999278386372534,0.9964496004325014,0.9541401963513723,0.9932109643199736
pos_319,IRW,3,1,development,3,3,0.9999999963965795,0.9999999998399611,0.9999999981182703,0.999999,0.9999999988243401,0.9950438641312124,0.9999996999076682
pos_320,GAWA,4,1,development,3,208,0.9999999756369223,0.9999996155542156,0.999999795595569,0.999999,0.9999997217601544,0.9950438641312124,0.9998532236706327
pos_321,LGFEYY,6,1,development,4,209,0.9998650801505925,0.9718137415529366,0.9858394108517645,0.9980255956471383,0.9783467283587493,0.8897960263233728,0.7332182510418643
pos_322,IITQ,4,1,development,5,210,0.999999999730153,0.9999992190345743,0.9999996093823637,0.999999,0.9999994100447469,0.9965469298198019,0.9995451795874148
pos_323,YPPAK,5,1,development,5,211,0.9821828992330656,0.9999999994513857,0.9910914493422256,0.9998653321081266,0.9956407492129467,0.9909357043913405,0.9997148137369561
pos_324,HYFL,4,1,development,2,212,0.9999999934155976,0.9999999845238152,0.9999999889697064,0.999999,0.9999999866585565,0.9967757690249403,0.9999977839854091
pos_325,RVQVVNNNGK,10,1,development,4,213,0.5072468339934891,0.963883362330998,0.7355650981622436,0.8397814705839098,0.8575354814876112,0.7652745585953765,0.9649270363096814
pos_326,IY,2,1,development,1,214,0.9999999999994909,0.983242089602584,0.9916210448010374,0.999869466126752,0.9885163139581076,0.9382529513851038,0.9993594484458219
pos_327,GNRGFACRHA,10,1,development,5,215,2.5228989166352275e-05,0.5219819818423247,0.2610036054157455,0.005221405923524435,0.3942765712283985,0.3068075213344142,0.6791433839623633
pos_328,NYPSD,5,1,development,5,48,0.9999999410375296,0.9999988017736743,0.9999993714056019,0.9999989053647472,0.9999990805135464,0.9963576952733608,0.9999615570363765
pos_330,LLMQ,4,1,development,4,4,0.9999999999640172,0.9999999998574356,0.9999999999107264,0.999999,0.9999999998822579,0.9960967849721714,0.9999988018397946
pos_331,PLFQNKLAHAK,11,1,development,5,216,0.4328427267239661,0.8912405218631011,0.6620416242935336,0.7143501847097093,0.7790858685651666,0.6906143671690254,0.5819399078110669
pos_332,YYM,3,1,development,1,15,0.9999999999981766,0.999999999996444,0.9999999999973103,0.999999,0.9999999999969893,0.9950509313796162,0.9999997698692585
pos_334,GTFLQPHQ,8,1,development,2,217,0.9999942738760565,0.9986373283619445,0.9993158011190005,0.9999116137031024,0.9989631041760443,0.9654010414322279,0.9926477443968952
pos_335,NQLDQ,5,1,development,3,218,0.9999999994631257,0.9999929496183328,0.9999964745407293,0.999997344740882,0.9999950289611346,0.9919286582032076,0.9997084404914639
pos_336,HMPVTK,6,1,development,2,219,0.9999999986776829,0.9999970752849691,0.999998536981326,0.9999982898197446,0.9999977771338138,0.995504719009659,0.9999935032390824
pos_337,TFD,3,1,development,4,220,0.9999999976570775,0.9999999994543729,0.9999999985557252,0.999999,0.9999999990357936,0.9960967849721714,0.9999960300829887
pos_338,PLPLHMLP,8,1,development,1,221,0.9999788345364968,0.9999741669826746,0.9999765007595858,0.9999766169310736,0.9999756360038989,0.9838840739819397,0.9986041181035457
pos_339,SGE,3,1,development,4,222,0.9999999999425095,0.9999976593585874,0.9999988296505484,0.9999984700842933,0.9999982044664021,0.9950047575203032,0.9997706202782787
pos_340,DTVPWFPR,8,1,development,3,223,0.9994641974183963,0.9468686720824754,0.9731664347504358,0.9945452632660561,0.9623816557323613,0.8608542120932007,0.9623439978096069
pos_341,APAPAAK,7,1,development,1,224,0.9999963298425882,0.9999987637338998,0.999997546788244,0.999997869907485,0.9999979977142393,0.9939810393154248,0.9970534772303213
pos_342,TEVWDSNEQ,9,1,development,2,225,0.9996511218332237,0.9406769155819372,0.9701640187075804,0.9953304869641261,0.9548354575813007,0.8528938571862732,0.898967434250204
pos_344,RHI,3,1,development,3,34,0.9999999993883009,0.9999999998961469,0.9999999996422239,0.999999,0.9999999997463584,0.9950438641312124,0.9999995677998347
pos_345,MQFHT,5,1,development,5,226,0.9994485650203132,0.9999345177011347,0.9996915413607239,0.9998099531980168,0.9998156212862421,0.9781601912636446,0.9926139867119654
pos_346,ELLI,4,1,development,3,227,0.9999999965731345,0.9999999479055566,0.9999999722393456,0.999999,0.9999999622599971,0.9950438641312124,0.9989238404302571
pos_347,YYV,3,1,development,1,15,0.9999999999856726,0.9999999995269069,0.9999999997562897,0.999999,0.9999999996712943,0.9950509313796162,0.9999975984286753
pos_348,GA,2,1,development,2,228,0.9999999974937877,0.9997808067538962,0.999890402123842,0.9999851934126426,0.9998334301208542,0.9830145588364636,0.9982484405968699
pos_349,YYC,3,1,development,4,229,0.9999999993494171,0.9999222860644325,0.9999611427069248,0.9999911841799651,0.9999403850176669,0.986261382696368,0.9976665512525812
pos_350,YYW,3,1,development,2,23,0.9999999999804967,0.999999999999416,0.9999999999899564,0.999999,0.9999999999948739,0.9967757690249403,0.9999999536326035
pos_351,HPHPHLSF,8,1,development,3,178,0.9999999555292933,0.9999186678345912,0.9999593116819423,0.9999909812753079,0.9999426435372921,0.9851785312526737,0.9999065320699838
pos_353,TWYFITPYIPDK,12,1,development,1,230,0.0009578910486701067,0.9526048999764605,0.47678139551256526,0.12189904259830946,0.6530926270575989,0.5478549110642278,0.7331466904080024
pos_354,HKEMPFPKYPVEPFTESQ,18,1,development,5,231,0.9902533721685772,0.7940234025948293,0.8921383873817033,0.9519007837983606,0.8420343320486412,0.7434401855590183,0.9858875920997993
pos_355,MHQPPQPLPPTVMFPPQSVL,20,1,development,3,232,0.0012963923709134633,0.010536427805761668,0.005916410088337566,0.003704120029198465,0.0078110910454637405,0.1552891735655538,0.011768572237219554
pos_356,YSEEQQPSTR,10,1,development,3,233,0.9644146328623079,0.9978075366290176,0.9811110847456628,0.9910761219685779,0.9879583419143222,0.8951072800792846,0.9922393137561837
pos_358,NAGPFTPTVNR,11,1,development,4,180,0.9966207339132105,0.9984445470124854,0.997532640462848,0.9977069385225702,0.9980197919915316,0.9333014036746611,0.9981860910426359
pos_359,PHC,3,1,development,2,234,0.9999999999629503,0.9999999624152666,0.9999999811891085,0.999999,0.9999999714297237,0.9967757690249403,0.9999880732421794
pos_360,YRY,3,1,development,2,23,0.999999999894899,0.9999999994468287,0.9999999996708638,0.999999,0.9999999995544016,0.9967757690249403,0.9999972760878516
pos_361,WDTRGQ,6,1,development,4,235,0.9999977724675168,0.9581556382549992,0.9790767053612579,0.9996881989909843,0.9679004178057427,0.9132477170282851,0.9534827007650374
pos_362,IYVVDLR,7,1,development,5,236,0.8511806474093757,0.8421541432136078,0.8466673953114918,0.8467218049819483,0.8443626277641529,0.7058530953519359,0.797038035978179
pos_363,AGLAPY,6,1,development,4,237,0.9999999824553455,0.9996550443947743,0.9998275134250598,0.9999814241510089,0.9997353783792182,0.9789461216054397,0.9973445270785738
pos_364,EVGA,4,1,development,1,238,0.999999983335549,0.9999999999890832,0.9999999916623161,0.999999,0.9999999947477091,0.9950509313796162,0.9999998908165638
pos_365,KVLPVPE,7,1,development,4,79,0.9999999671303124,0.9999885907697666,0.9999942789500396,0.9999966222352452,0.9999912402552122,0.9920982783337357,0.9999126858229647
pos_366,AGPSIVH,7,1,development,5,239,0.9999999909173457,0.999988984862917,0.9999944878901313,0.9999966810850696,0.9999916776773932,0.9929989373195286,0.9998501535570031
pos_367,QDYD,4,1,development,3,240,0.9999999990374882,0.9999999786699783,0.9999999888537332,0.999999,0.9999999846773496,0.9950438641312124,0.9999590659862923
pos_368,PWQ,3,1,development,5,11,0.9999999946718423,0.9999999999986435,0.9999999973352429,0.999999,0.9999999986953529,0.9965469298198019,0.9999999688545936
pos_369,SAGNPN,6,1,development,2,241,0.999999929683946,0.9999999286223551,0.9999999291531505,0.999999,0.9999999288772221,0.9967757690249403,0.9999316937491989
pos_370,QDHKA,5,1,development,4,242,0.9999999835980093,0.9999999932629946,0.999999988430502,0.999999,0.999999991012078,0.9960967849721714,0.9999918565042168
pos_371,LHD,3,1,development,3,3,0.9999999999886777,0.9999999999999407,0.9999999999943092,0.999999,0.9999999999966188,0.9950438641312124,0.9999998771498684
pos_372,AGGKPFQ,7,1,development,1,243,0.9998916409447574,0.9999756618176667,0.999933651381212,0.999948644946321,0.9999492178921547,0.9811263238371685,0.9997388112655133
pos_373,YQKFPQY,7,1,development,5,244,0.9999997102648555,0.9998287950123808,0.9999142526386181,0.9999869145120962,0.9998706122747845,0.9843623695018623,0.9986094560646742
pos_374,HPVPPKKK,8,1,development,3,245,0.999995885273996,0.9935665063675367,0.9967811958207664,0.9998367980149114,0.9954628435410473,0.9494079790542386,0.9950077075578729
pos_375,VEIPHD,6,1,development,4,79,0.9999999963142341,0.9999999280151152,0.9999999621646747,0.999999,0.9999999439215661,0.9960967849721714,0.9999961012989128
pos_376,MCYPAST,7,1,development,2,246,0.9999991974693915,0.39321861814616477,0.6966089078077782,0.9987593189506447,0.5388946494629692,0.7865671416726198,0.5914562080493311
pos_377,YY,2,1,development,4,247,0.999999999999517,0.9999993278051296,0.9999996639023233,0.999999,0.9999994843551299,0.9960967849721714,0.9999593638329601
pos_378,RHW,3,1,development,2,23,0.9999999999688762,1.0,0.9999999999844381,0.999999,0.9999999999925278,0.9967757690249403,0.9999999972247442
pos_379,YVY,3,1,development,2,23,0.999999999995068,0.9999999999996918,0.9999999999973799,0.999999,0.9999999999985817,0.9967757690249403,0.9999999730625718
pos_380,ACA,3,1,development,1,248,0.9999999999706399,0.994878912073752,0.997439456022196,0.9999282593903456,0.9964906742727866,0.9542756624613525,0.9743273201435801
pos_381,QAC,3,1,development,5,249,0.9999999997270677,0.9999999335753071,0.9999999666511874,0.999999,0.9999999497604368,0.9965469298198019,0.9999785431311161
pos_382,YPYY,4,1,development,3,250,0.9999999999932121,0.9999998310078541,0.999999915500533,0.999999,0.9999998808498716,0.9950438641312124,0.9999937855113302
pos_385,MDGAP,5,1,development,2,251,0.9999998744656913,0.99934101869221,0.9996704465789507,0.999974321552913,0.9994991969489992,0.9762458958951654,0.9714241236960327
pos_387,YNLRQ,5,1,development,4,252,0.9999999307913886,0.999746801760094,0.9998733662757413,0.9999840860263293,0.9998057539778593,0.9807257026932085,0.9965381308454513
pos_388,FGER,4,1,development,1,118,0.9999999783409566,0.9999999988680475,0.999999988604502,0.999999,0.9999999924075473,0.9950509313796162,0.9999985809661557
pos_389,GGNYVGVP,8,1,development,1,253,0.9999999879123996,0.9973915245456879,0.9986957562290437,0.9999488626111699,0.9982124873443516,0.9614986687053675,0.9934962094261072
pos_391,PLMW,4,1,development,5,254,0.9999999966231496,0.999999999756976,0.9999999981900628,0.999999,0.9999999989902332,0.9965469298198019,0.9999978215227638
pos_392,VLEANPRSF,9,1,development,3,255,1.1449284948161836e-06,0.9978445057583254,0.4989228253434101,0.022504136867497485,0.7035318690304943,0.5427423201426443,0.9811741799237903
pos_393,MPFPKYPVQPF,11,1,development,4,100,0.9901275251355206,0.862884040122361,0.9265057826289408,0.9617189864897525,0.8925182768566482,0.7667287929973257,0.843195740607131
pos_394,FVLGL,5,1,development,1,256,0.9999988599154768,0.9999992283475402,0.9999990441315085,0.9999989322525914,0.9999991123907581,0.9949806388121284,0.9999577734438158
pos_395,ARHPHP,6,1,development,1,13,0.9999992474054968,0.999999999462813,0.9999996234341549,0.999999,0.99999976276749,0.9950509313796162,0.9999959072592557
pos_396,VAPFPQPVVPYPQR,14,1,development,5,173,0.9999931667924653,0.9729892582378399,0.9864912125151526,0.9995646496374125,0.9795962141040082,0.9202347818884423,0.9967969628593801
pos_397,GSGGL,5,1,development,2,257,0.9999922197667752,0.999999972655626,0.9999960962112007,0.9999972106885914,0.9999981113401564,0.9961056842271994,0.9999476449058354
pos_398,TVQVT,5,1,development,4,258,0.9999999999786513,0.9999999676099153,0.9999999837942832,0.999999,0.9999999751483978,0.9960967849721714,0.9999937509503635
pos_399,IGFLIIWV,8,1,development,1,259,0.000914284386081262,0.009609164936938867,0.005261724661510064,0.0029708904145162806,0.006872621436970834,0.13740036853467616,0.20997599917786255
pos_401,YHH,3,1,development,2,23,0.9999999999998863,0.9999999999998079,0.9999999999998471,0.999999,0.9999999999998267,0.9967757690249403,0.9999999881098679
pos_402,RWN,3,1,development,2,23,0.9999999996265043,0.9999999999998777,0.999999999813191,0.999999,0.9999999999102381,0.9967757690249403,0.9999999955535075
pos_403,GPE,3,1,development,1,260,0.9999999995157358,0.9999999999996403,0.999999999757688,0.999999,0.9999999998473408,0.9950509313796162,0.9999999941138675
pos_404,CAAP,4,1,development,5,261,0.9999999998645754,0.9999993772204886,0.999999688542532,0.999999,0.999999529560732,0.9965469298198019,0.9999868722721761
pos_405,FVAPFPEV,8,1,development,1,53,0.9999078408091132,0.9682824621218742,0.9840951514654936,0.9982654609345845,0.9782359311746553,0.886827727679818,0.9416080054451472
pos_406,YGYTGA,6,1,development,4,4,0.999999993691054,0.9999933800778098,0.9999966868844319,0.9999974270758719,0.9999949203482646,0.9932493494194239,0.9994545749444564
pos_407,VLNSNAAPLPN,11,1,development,3,262,0.996597233544373,0.9948301183034653,0.9957136759239191,0.9958053423171953,0.9953513267078796,0.9006789553333727,0.9612979194307318
pos_408,AYPS,4,1,development,2,263,0.9999999998880866,0.9999999939790307,0.9999999969335587,0.999999,0.9999999953976784,0.9967757690249403,0.9999975716226583
pos_409,VLPVPQKKVLPVPQK,15,1,development,5,173,0.9997578915200488,0.11363124904123457,0.5566945702806417,0.958347697676725,0.3304368868936351,0.6041981956314246,0.9713991828387957
pos_410,WCTSVS,6,1,development,4,264,0.9999999974544977,0.9992427111948073,0.9996213543246526,0.9999724714374,0.9994190785765477,0.9736649088812568,0.9987553885546753
pos_411,IPSEVLS,7,1,development,1,185,0.9999055844139098,0.9723399557415746,0.9861227700777422,0.9983637542766569,0.9810156979239524,0.8902711978641638,0.9702658376203531
pos_412,QHGV,4,1,development,1,265,0.9999999954667995,0.9999999999995142,0.9999999977331568,0.999999,0.9999999985729309,0.9950509313796162,0.9999998783299969
pos_413,HFH,3,1,development,2,23,0.999999999998118,0.9999999999279605,0.9999999999630392,0.999999,0.9999999999448039,0.9967757690249403,0.9999999892927668
pos_414,WYQQVPGSGL,10,1,development,3,266,0.9833441085247616,0.9971402850548662,0.9902421967898138,0.993078535154365,0.993071120243306,0.8973127434069365,0.9963083586165298
pos_415,DRVYIHPFHL,10,1,development,2,267,0.0010895086158008236,1.9224886174799805e-05,0.0005543667509878117,0.0001447855520507484,0.00027617886826955713,0.02098881315119267,0.004124475346179678
pos_416,YVHPFHL,7,1,development,5,268,0.9999977319702978,0.9999987685810376,0.9999982502756677,0.999998328804254,0.9999985149569597,0.9960193911314673,0.9998618228579839
pos_417,MYPGLA,6,1,development,3,269,0.9999999945388462,0.9999999232633029,0.9999999589010746,0.999999,0.9999999442859342,0.9950438641312124,0.9997864520461476
pos_418,YGGFL,5,1,development,4,40,0.9999987241000406,0.9999999995476747,0.9999993618238576,0.9999988704425731,0.9999997025036482,0.9960070083186249,0.9999958599405275
pos_419,LQPGQGQQ,8,1,development,3,270,0.999999852115094,0.9999984133392525,0.9999991327271733,0.9999987403727318,0.9999988377043666,0.9944376017644371,0.9995297071187694
pos_420,AEAQKQLR,8,1,development,2,271,0.8717586666847346,0.999460415560475,0.9356095411226049,0.9911669720056163,0.9688017481568775,0.9357813733578462,0.9766586070525063
pos_421,YNL,3,1,development,1,15,0.9999999999961149,1.0,0.9999999999980574,0.999999,0.9999999999987772,0.9950509313796162,0.9999999999526541
pos_423,MPACGS,6,1,development,3,67,0.9999987931633375,0.9999693589046895,0.9999840760340135,0.9999939189207225,0.9999780405020353,0.9881111974201651,0.9481194474075526
pos_424,PTTAPSATIN,10,1,development,4,272,0.9556649646311461,0.999999775018982,0.977832369825064,0.9997846586740871,0.9896744662892895,0.98938950436765,0.9999431499759492
pos_425,GFGPEL,6,1,development,5,48,0.9993556502683372,0.31232359186378705,0.6558396210660621,0.9636898742456789,0.48041742462653164,0.6683098788872761,0.80061567646638
pos_426,IVGGFPHYL,9,1,development,1,273,0.9908015773775599,0.999979671572622,0.995390624475091,0.9995657588149899,0.9970910460343316,0.9711815436437017,0.9990682190400247
pos_427,HNPI,4,1,development,5,274,0.9999999983166716,0.9999999999915223,0.999999999154097,0.999999,0.9999999995817423,0.9965469298198019,0.9999998553982772
pos_428,EDDQMDPMAK,10,1,development,3,275,0.9543384938572769,0.9586799174218673,0.9565092056395721,0.9565609500301133,0.9573994200345978,0.7966969648965443,0.8041803206753093
pos_429,RADHPFL,7,1,development,1,13,0.9998561701799108,0.9999982610621153,0.999927215621013,0.9999841841970106,0.9999535407375718,0.9902409498465993,0.998514352422614
pos_430,LYSPH,5,1,development,5,45,0.999999989932942,0.9999999998646665,0.9999999948988043,0.999999,0.9999999974347048,0.9965469298198019,0.9999998402874593
pos_431,VVYFDQTQAQA,11,1,development,2,276,0.017670451515450266,0.9985411863736657,0.508105818944558,0.778219323002293,0.7630534981415965,0.8607433926961229,0.9655581948641774
pos_432,IYLGQ,5,1,development,5,277,0.9999999998489213,0.9999684071272161,0.9999842034880687,0.9999943791862375,0.9999761368126273,0.9904602245552564,0.9997837160593989
pos_434,ESGAVTE,7,1,development,4,278,0.9998601881468491,0.9871348562791017,0.9934975222129754,0.9986518582764297,0.9900985089726143,0.9103893753717436,0.9902445511161767
pos_435,FGPEMEQ,7,1,development,1,279,0.9999999886500036,0.9839123654794834,0.9919561770647435,0.9998721465139767,0.9889756300476067,0.9388871798008954,0.9961548924058593
pos_436,DHPFLF,6,1,development,5,48,0.9999930780683775,0.9999996572851364,0.9999963676767569,0.9999973690400925,0.9999980475702067,0.9958210535188402,0.9999704469758367
pos_437,AYI,3,1,development,5,280,0.9999999994872029,0.999999999997881,0.999999999742542,0.999999,0.9999999998729352,0.9965469298198019,0.9999995922423699
pos_438,TELAL,5,1,development,5,281,0.9999999996500795,0.9999998590525784,0.9999999293513289,0.999999,0.9999998934520982,0.9965469298198019,0.9998531859049503
pos_439,MFIF,4,1,development,3,282,0.9999348206308992,0.9999176300648343,0.9999262253478667,0.9999267277282858,0.9999227004005442,0.976042392159126,0.9902762270718477
pos_440,HVRETALV,8,1,development,2,283,0.9527872316885179,0.999535928870021,0.9761615802792694,0.9952263923127864,0.9883124901069871,0.9440902183304737,0.998955791415141
pos_441,RWA,3,1,development,2,23,0.9999999997494178,0.9999999993476782,0.999999999548548,0.999999,0.999999999444128,0.9967757690249403,0.9999979140872478
pos_442,LGTFQN,6,1,development,4,284,0.9999217423551499,0.999929413949423,0.9999255781522864,0.9999256770616142,0.9999276272815963,0.9800270411867538,0.9933615931391424
pos_443,QFAAD,5,1,development,1,285,0.9999996212113851,0.9999996325783291,0.9999996268948571,0.999999,0.9999996290008059,0.9950509313796162,0.9998885763285031
pos_444,TVQVTST,7,1,development,4,286,0.9999997786662264,0.9999835488514944,0.9999916637588604,0.9999959439795184,0.9999873286770145,0.9912169471185972,0.998234254214397
pos_445,HVH,3,1,development,2,23,0.9999999999997802,0.9999999999999207,0.9999999999998505,0.999999,0.999999999999887,0.9967757690249403,0.9999999995236548
pos_446,WPPLSPFRCPR,11,1,development,1,287,0.011499213467750726,0.17374346147182673,0.09262133746978873,0.04712778227698426,0.1226802594317523,0.32151270941108445,0.4011789473393229
pos_447,QVVRSDQGSVR,11,1,development,5,288,0.5342015932708267,0.995804092559766,0.7650028429152964,0.9428501517686323,0.8828653550305043,0.8629353339243836,0.9187666933610766
pos_448,VHH,3,1,development,3,3,0.9999999999993066,0.9999999999997062,0.9999999999995064,0.999999,0.9999999999995883,0.9950438641312124,0.9999999825288776
pos_449,IPIQY,5,1,development,1,289,0.9999999999932543,0.9967632894389877,0.998381644716121,0.9999430188270417,0.997781980745527,0.9593179488341893,0.9994152608059385
pos_450,LWW,3,1,development,3,3,0.9999999993420194,0.9999863807272821,0.9999931900346508,0.9999963095567609,0.9999903975204676,0.9904901023421047,0.9999610839430403
pos_451,HTVQCMFQ,8,1,development,3,290,0.997113170109773,0.9834730161962592,0.9902930931530161,0.9930731594464305,0.9874961623344678,0.8731445157039232,0.986729008364729
pos_452,AY,2,1,development,2,291,0.9999999999528282,0.9998440899760774,0.9999220449644528,0.9999875127826464,0.9998815208817947,0.9846955306908398,0.9970575580460594
pos_453,KVALMSAGSMH,11,1,development,4,292,0.03478588426941373,0.6177775893412308,0.3262817368053223,0.19442556445218814,0.4820023533797415,0.5126762147116183,0.8317850006197061
pos_454,RNR,3,1,development,2,23,0.9999999984246202,0.9999999998162039,0.999999999120412,0.999999,0.9999999994821122,0.9967757690249403,0.9999991498392196
pos_455,LFWSPSVYLK,10,1,development,1,293,0.15799342771527852,0.9709423469161498,0.5644678873157142,0.7146090074609104,0.715082583503327,0.7103751750456401,0.8259087145034049
pos_456,LTC,3,1,development,5,294,0.9999999986351058,0.9998118908143688,0.9999059447247374,0.9999862836009024,0.9998579145248689,0.9839273064129269,0.9992100232826904
pos_457,PLGG,4,1,development,5,295,0.9999999999001896,0.9999999110132006,0.9999999554566952,0.999999,0.9999999327608825,0.9965469298198019,0.9999260731429973
pos_458,WDVK,4,1,development,5,48,0.9999999999780567,0.9999999965974062,0.9999999982877315,0.999999,0.9999999974245386,0.9965469298198019,0.9999981995446701
pos_459,YYQ,3,1,development,2,23,0.9999999999988896,0.9999999999981048,0.9999999999984972,0.999999,0.9999999999982933,0.9967757690249403,0.9999999096528007
pos_460,GEQQQQPGMTR,11,1,development,3,296,0.999889179245093,0.87469161667058,0.9372903979578365,0.9960311005307304,0.9116184793422518,0.854503912932986,0.8600605640045926
pos_461,GIISHR,6,1,development,5,277,0.9878947163139448,0.9999998252642445,0.9939472707890946,0.9998893161391869,0.9970381087990889,0.9912779739683658,0.9997608875862651
pos_463,KY,2,1,development,2,297,0.9999999999924312,0.9999999998623559,0.9999999999273935,0.999999,0.9999999998935845,0.9967757690249403,0.9999995169928476
pos_464,FFGT,4,1,development,4,298,0.999999988261178,0.999999872417144,0.999999930339161,0.999999,0.9999998993965177,0.9960967849721714,0.9999644075382215
pos_465,RHV,3,1,development,3,34,0.9999999999507181,0.9999999999999551,0.9999999999753366,0.999999,0.9999999999854328,0.9950438641312124,0.9999999756771641
pos_466,WYS,3,1,development,2,23,0.9999999999991807,0.9999999999312084,0.9999999999651945,0.999999,0.9999999999475272,0.9967757690249403,0.9999998687171429
pos_467,SWN,3,1,development,1,299,0.9999999999126623,0.9999999990303989,0.9999999994715306,0.999999,0.999999999308074,0.9950509313796162,0.9999994073070504
pos_468,WP,2,1,development,5,300,0.9999999999572995,0.9999996279363855,0.9999998139468425,0.999999,0.9999997189574967,0.9965469298198019,0.9999707636188088
pos_469,YDDGSYKPH,9,1,development,3,301,0.903434560117424,0.9942727977751905,0.9488536789463072,0.9757876845066193,0.9674801745136263,0.8554465124879225,0.9771899434974052
pos_473,DYY,3,1,development,2,23,0.9999999999345324,0.9999999999974061,0.9999999999659692,0.999999,0.9999999999823113,0.9967757690249403,0.9999999684824451
pos_474,QIGLF,5,1,development,3,73,0.999997653883423,0.9997692128521269,0.999883433367775,0.9999767286741441,0.9998365912452665,0.9788620348331079,0.9920566406920678
pos_475,YQETSSSSSQEQ,12,1,development,4,302,0.8033753837082694,0.7098197486933289,0.7565975662007991,0.7596966680169638,0.7316082892663303,0.6490159471020095,0.7213246321517772
pos_476,AWIRGCRL,8,1,development,2,140,0.8682057517460137,0.9995310803782856,0.9338684160621497,0.9916316787654395,0.9680024630519661,0.9381874467620103,0.9851677791685016
pos_477,KHQGLPQEVLNENLL,15,1,development,2,303,3.021393310239365e-05,0.11638886985662741,0.0582095418948649,0.0019909932609578664,0.08845345500995806,0.19337013351365254,0.550765204882011
pos_478,AQQQEQAQQQEQ,12,1,development,4,304,0.942571227506044,0.999995935673784,0.971283581589914,0.9995026217648407,0.9866220690584192,0.9837157980488356,0.9997257907023335
pos_479,FHH,3,1,development,2,23,0.9999999999974787,0.9999999999999969,0.9999999999987378,0.999999,0.9999999999993924,0.9967757690249403,0.999999998078394
pos_480,WHH,3,1,development,2,23,0.9999999999998301,0.9999999999999629,0.9999999999998965,0.999999,0.999999999999931,0.9967757690249403,0.9999999995805675
pos_481,NTGNLLG,7,1,development,1,305,0.9998788443602254,0.9998781100911219,0.9998784772256737,0.9998784777801859,0.999878341187953,0.9710218394436736,0.9962262868229216
pos_483,MLELDPLNNLPRM,13,1,development,2,306,0.00010378232578554552,9.331457827705926e-05,9.85484520313024e-05,9.840938297450804e-05,9.582767768370713e-05,0.027419208898415853,0.0037924477739712803
pos_484,IKK,3,1,development,5,307,0.9999999995984306,0.9999999999991511,0.9999999997987908,0.999999,0.9999999999011082,0.9965469298198019,0.9999999114867227
pos_485,HKEMPFPKYPVQPF,14,1,development,3,308,0.9999991370980416,0.9997937796219932,0.9998964583600174,0.9999856383428751,0.9998543495497194,0.9813465711096369,0.9992877950066746
pos_486,PWS,3,1,development,5,11,0.9999999980603522,0.999999984654774,0.9999999913575631,0.999999,0.9999999879346719,0.9965469298198019,0.9999979557789165
pos_487,ELIN,4,1,development,2,309,0.9999999992620319,0.9999999340804263,0.9999999666712291,0.999999,0.9999999497292422,0.9967757690249403,0.9998539660944328
pos_488,LMGQW,5,1,development,3,310,0.9999949062832738,0.9999998155557126,0.9999973609194932,0.9999977430718279,0.9999983675720184,0.9940157140802386,0.999956545358557
pos_489,MWHP,4,1,development,4,311,0.9999999973172482,0.9999999992718656,0.9999999982945569,0.999999,0.999999998816647,0.9960967849721714,0.9999780403077514
pos_490,PPFH,4,1,development,1,312,0.9999999998914437,0.9999999943027846,0.9999999970971142,0.999999,0.9999999960617056,0.9950509313796162,0.9999701219078462
pos_491,LLTC,4,1,development,5,313,0.9999999985158394,0.9999946701510148,0.9999973343334272,0.9999976913514531,0.9999959738241911,0.994345334460226,0.9996656710797586
pos_492,YFY,3,1,development,2,23,0.9999999989965698,0.9999999531755697,0.9999999760860697,0.999999,0.9999999641762867,0.9967757690249403,0.9999990320602629
pos_493,VLEESKGAPKPN,12,1,development,3,314,0.9674672619396629,0.8548018993301906,0.9111345806349267,0.9297334916197066,0.8880324054788864,0.7431073546449218,0.8405516465381437
pos_494,GW,2,1,development,2,315,0.9999999975453417,0.9993138875649961,0.9996569425551689,0.999973797934896,0.9994786090184993,0.9759531097912305,0.9892456211329772
pos_495,AAAAAGGGEGEG,12,1,development,4,316,0.9999988829938586,0.9999971551048324,0.9999980190493456,0.9999982173708647,0.9999975575197179,0.9946593242490953,0.9995010189396278
pos_496,GMPGFDVR,8,1,development,1,317,0.4464565466765026,0.8201756962142265,0.6333161214453645,0.6572966103587204,0.702554907348971,0.6287850118350795,0.8688086535405077
pos_497,TKMDEGVVTKK,11,1,development,5,318,0.0029119787831802177,0.9311192827407954,0.46701563076198777,0.16575759765398243,0.7040179103784369,0.5987387238917615,0.6385149255829591
pos_498,FSDIPNPIGSE,11,1,development,5,319,0.9289670281371396,0.9978865373174789,0.9634267827273093,0.9874340692998146,0.9810242318274653,0.9075843764935533,0.9960266131303328
pos_499,HL,2,1,development,3,320,0.9999999999994282,0.9999999996813531,0.9999999998403907,0.999999,0.999999999775169,0.9950438641312124,0.999996869671779
pos_500,VPKVK,5,1,development,1,157,0.9999999968159665,0.9999999814783006,0.9999999891471336,0.999999,0.9999999863055308,0.9950509313796162,0.9999994883997375
pos_501,LLPGANH,7,1,development,2,321,0.9999999997894087,0.9999982539776148,0.9999991268835118,0.9999986786285285,0.9999986731125414,0.9961681903032996,0.9999179943674406
pos_502,GLAGA,5,1,development,4,4,0.999999977931612,0.9999999944824887,0.9999999862070503,0.999999,0.9999999906278898,0.9960967849721714,0.9999767319931845
pos_503,YQEP,4,1,development,4,322,0.9999999999978422,0.9999987288917921,0.9999993644448171,0.9999988725656433,0.99999902492469,0.9958153929612994,0.9999889554114697
pos_504,YGG,3,1,development,2,323,0.9999999999908886,0.9999999928134784,0.9999999964021835,0.999999,0.9999999945366328,0.9967757690249403,0.9999519303951026
pos_506,HHY,3,1,development,2,23,0.9999999999998717,0.9999999999941098,0.9999999999969907,0.999999,0.9999999999954932,0.9967757690249403,0.9999999985923043
pos_507,RY,2,1,development,1,324,0.9999999999966194,0.9992587601944012,0.9996293800955103,0.9999727649125847,0.9994920509165466,0.9721260832416525,0.9998574011808571
pos_508,TSLDLPVLRW,10,1,development,3,325,0.00025098338498535786,0.9412416784730333,0.4707463309290093,0.05963346475840593,0.6636976635713323,0.4884037097353068,0.9738893984321126
pos_510,AGVL,4,1,development,5,326,0.9999999971843281,0.9999999999960723,0.9999999985902002,0.999999,0.9999999993081323,0.9965469298198019,0.9999998568975932
pos_511,PHH,3,1,development,5,11,0.9999999999710516,0.9999999999994804,0.999999999985266,0.999999,0.9999999999925249,0.9965469298198019,0.9999999820788995
pos_512,SV,2,1,development,2,327,0.9999999977951115,0.99999999999999,0.9999999988975508,0.999999,0.9999999994706423,0.9967757690249403,0.999999955863283
pos_513,VNP,3,1,development,4,96,0.9999999999967417,0.9999999994464657,0.9999999997216037,0.999999,0.9999999995746216,0.9960967849721714,0.9999973824831052
pos_514,LGF,3,1,development,3,3,0.9999999948054752,0.9999983492903418,0.9999991720479084,0.9999987152004857,0.9999988346329485,0.9943823187124953,0.9997810753582465
pos_515,GSH,3,1,development,3,57,0.9999999998306404,0.9999999995353241,0.9999999996829823,0.999999,0.9999999996224274,0.9950438641312124,0.9999902799244266
pos_516,DSAI,4,1,development,4,328,0.9999999925080979,0.9999999997621465,0.9999999961351222,0.999999,0.9999999980727226,0.9960967849721714,0.9999890137885636
pos_517,NHAV,4,1,development,5,329,0.999999998349165,0.9999999999982288,0.9999999991736969,0.999999,0.9999999995947578,0.9965469298198019,0.9999998690886118
pos_518,LDIQK,5,1,development,4,330,0.9999999962411301,0.9999992881962305,0.9999996422186803,0.999999,0.9999994530955978,0.9960967849721714,0.9999904769337646
pos_519,DLQGK,5,1,development,1,331,0.999999977128316,0.9999956573172343,0.9999978172227751,0.9999979160883254,0.9999970168932362,0.9927130363869389,0.9999610192758097
pos_520,SSC,3,1,development,2,332,0.9999999972389957,0.9999649204901233,0.9999824588645595,0.9999940771324498,0.9999733417246541,0.9903195213426887,0.999095426919034
pos_521,LLPHHADADY,10,1,development,4,333,0.9999846019637896,0.9999002320275127,0.9999424169956511,0.9999608044982887,0.9999198812745026,0.9810108837578732,0.9988139691526987
pos_522,SVDGKEDLIW,10,1,development,1,334,0.013133535763803763,0.7065591463009635,0.3598463410323836,0.15183027364906282,0.4883170052930962,0.4785005736145801,0.7685367526157432
pos_523,SDF,3,1,development,1,335,0.9999999976543394,0.9999842196369616,0.9999921086456505,0.9999960275319425,0.9999891854591653,0.9897720581373524,0.9994536429718489
pos_525,PHM,3,1,development,4,116,0.9999999998249558,0.9999999999165392,0.9999999998707475,0.999999,0.99999999989521,0.9960967849721714,0.9999999099435436
pos_526,HH,2,1,development,5,336,0.9999999999996732,0.999999999999877,0.9999999999997751,0.999999,0.9999999999998271,0.9965469298198019,0.9999999977491527
pos_527,NIQFNEQKAL,10,1,development,2,337,0.3762600580037932,0.9882877062220725,0.6822738821129328,0.8770666793497247,0.8413519573092803,0.8168565076792751,0.9568503997254123
pos_528,WEGPK,5,1,development,5,48,0.999999999786553,0.9999998516295439,0.9999999257080484,0.999999,0.9999998878786232,0.9965469298198019,0.9999960866534802
pos_529,LRTLPM,6,1,development,3,338,0.9999738326551881,0.9999999492604642,0.9999868909578262,0.9999948845539777,0.9999922462007829,0.9927687103656458,0.9999884256599508
pos_530,VLPVP,5,1,development,4,79,0.9999999996353972,0.9999999890118306,0.999999994323614,0.999999,0.9999999914859949,0.9960967849721714,0.9999983108884398
pos_531,AGWNIP,6,1,development,5,42,0.9999998226283701,0.9999581333170553,0.9999789779727126,0.9999935294562913,0.9999683333012314,0.9896394406057472,0.9997248596492344
pos_532,IPDWFLNRQ,9,1,development,4,339,0.0010279907686974105,0.9999923100694695,0.5005101504190834,0.9204323039247386,0.767339572491561,0.9529608200439439,0.9975879687563777
pos_533,RHK,3,1,development,2,23,0.9999999999924809,0.9999999999993872,0.999999999995934,0.999999,0.999999999997729,0.9967757690249403,0.9999999602483041
pos_534,HVAGTVA,7,1,development,1,340,0.999999997662762,0.9999999952492244,0.9999999964559932,0.999999,0.9999999960088382,0.9950509313796162,0.99999279567066
pos_536,CLV,3,1,development,5,341,0.9999999987661818,0.99995163903593,0.9999758189010559,0.9999930456719474,0.9999634710491672,0.9891923850259324,0.9995288454018425
pos_537,LDSCKDYVME,10,1,development,2,342,0.017890954825632445,0.3213015506363035,0.16959625273096798,0.08497440435269916,0.2484586598726213,0.3919112960652794,0.537791913965513
pos_539,HHQDPPW,7,1,development,3,343,0.9990989765739456,0.9999999289123704,0.9995494527431581,0.9999699703023607,0.999734194160107,0.9891205577767984,0.9998689580993407
pos_540,FDGEVK,6,1,development,4,344,0.9999998970380389,0.9999984257499936,0.9999991613940162,0.9999987453087598,0.9999987684040653,0.9955475107949274,0.9998196967944916
pos_541,AELQVVDHLGQTV,13,1,development,1,345,5.803432657089102e-05,0.9847692477083659,0.49241364101746843,0.057721914778041575,0.6748506634835606,0.5494607183379556,0.918466556995061
pos_542,IPNPIGSENSGKIT,14,1,development,5,346,0.0003247527675997032,0.9592947122022255,0.4798097324849126,0.08045798451362801,0.7246667439527713,0.5859812612157761,0.9395424919657801
pos_544,PYY,3,1,development,5,11,0.9999999994448052,0.9999999999999256,0.9999999997223654,0.999999,0.9999999998641063,0.9965469298198019,0.9999999956018306
pos_545,AMTGLDA,7,1,development,2,347,0.8661605576393074,0.9980127365739682,0.9320866471066378,0.982761453311259,0.9663576328969556,0.9062624216676102,0.9873017290921762
pos_546,IYY,3,1,development,3,3,0.9999999999643834,0.9999999987691857,0.9999999993667845,0.999999,0.9999999991217078,0.9950438641312124,0.9999990806091639
pos_547,VHLKP,5,1,development,1,13,0.9999999863904376,0.9971017668642319,0.9985508766273348,0.9999460894553709,0.9980139247437483,0.9604487426153613,0.9978351898872098
pos_548,KVLPVPQK,8,1,development,4,79,0.9999931157568528,0.9998690681635345,0.9999310919601936,0.9999699760644607,0.9998979580964559,0.9809403406918324,0.9997206769928897
pos_549,YQQPVLGPVRGPFPII,16,1,development,3,17,0.9621314309957641,0.9493836240327024,0.9557575275142333,0.9561979236702735,0.953143573566942,0.7916771974011177,0.9803209124729491
pos_550,LLLRW,5,1,development,1,13,0.9999519418124012,0.9999999919664831,0.9999759668894421,0.9999930674767219,0.9999848691207975,0.9924970705509479,0.9999879928916792
pos_551,YLGAK,5,1,development,5,211,0.9999999993853954,0.9999999987614832,0.9999999990734393,0.999999,0.9999999989141337,0.9965469298198019,0.9999782118083635
pos_552,KTKK,4,1,development,3,348,0.9999930138473653,0.9999966937893503,0.9999948538183578,0.9999951939925139,0.999995608395118,0.9916351519105463,0.9996586579461992
pos_553,YL,2,1,development,4,349,0.9999999999958391,0.9999999992636728,0.9999999996297559,0.999999,0.9999999994341898,0.9960967849721714,0.9999964113654154
pos_554,WEEPAM,6,1,development,1,350,0.9999999726586367,0.9999860563144388,0.9999930144865378,0.9999962658615723,0.9999904362114409,0.9900988142336525,0.9997364743195032
pos_555,DSGVT,5,1,development,5,351,0.9999981957131644,0.9989745902815156,0.99948639299734,0.9999569665677147,0.9992250323942784,0.9721768489601064,0.9905832501768647
pos_556,WSVWEQELEDR,11,1,development,2,352,0.1446522919990871,0.9826663466792974,0.5636593193391922,0.7558799179884452,0.7814757255000946,0.7780085444481716,0.9581393078404665
pos_557,LDQW,4,1,development,3,353,0.999999951700374,0.9999999995845368,0.9999999756424554,0.999999,0.9999999854611636,0.9950438641312124,0.9999961114613554
pos_558,LDK,3,1,development,3,3,0.9999999997747464,0.9999953418901991,0.9999976708324727,0.9999978417330911,0.9999967157273529,0.992721263922114,0.999861007940291
pos_559,RHH,3,1,development,2,23,0.9999999999993023,0.9999999999999996,0.999999999999651,0.999999,0.9999999999998321,0.9967757690249403,0.9999999997245936
pos_560,NHK,3,1,development,4,354,0.9999999999983071,0.9999999999750622,0.9999999999866847,0.999999,0.9999999999804758,0.9960967849721714,0.9999999239860295
pos_561,YPELF,5,1,development,5,48,0.9999935651253952,0.9999896708430952,0.9999916179842452,0.9999918472789856,0.9999906236441031,0.9917511969682483,0.9994364211961263
pos_562,ETTL,4,1,development,1,355,0.9999887581805932,0.9999999441968994,0.9999943511887464,0.9999966471084654,0.9999964236171703,0.9935806496475161,0.9999688375180475
pos_563,YCY,3,1,development,2,23,0.9999999999941418,0.9999786604880577,0.9999893302410998,0.9999953804987814,0.9999837836819477,0.9916939745414309,0.999915162132661
pos_564,LVGDEQAVPAVCVP,14,1,development,5,356,0.00015369531606558936,0.6577922677402769,0.3289729815281712,0.01689901140268665,0.49689004074941867,0.38490785080639567,0.5178749811202588
pos_565,TERGY,5,1,development,1,37,0.9999999989772437,0.9999768039452893,0.9999884014612666,0.9999951837366625,0.9999841041276845,0.9886849710678555,0.9997544592538885
pos_566,DHNPQIR,7,1,development,1,357,0.9999989254400361,0.9989328713981366,0.9994658984190863,0.9999661201815101,0.9992683910458087,0.9691518486966957,0.9904387201947522
pos_567,VVPPFLQPE,9,1,development,2,358,0.9999673007133759,0.999566902340454,0.999767101526915,0.9998809823056662,0.9996630300806958,0.9713738843801207,0.9967416988503425
pos_568,TVGGAPAGRIVME,13,1,development,3,359,0.996357580933933,0.9315931293120763,0.9639753551230046,0.9838799576740812,0.9506953223729282,0.8221960607022959,0.974475733257154
pos_569,VVGGDGDV,8,1,development,2,360,0.9999953232009395,0.9999910895707396,0.9999932063858396,0.9999935445902236,0.9999921059817234,0.9926918831398818,0.9998950985386642
pos_570,IHKAGGGGGGGGGGGK,16,1,development,3,361,0.9998811440405585,0.9543246532351115,0.977102898637835,0.9976204518850808,0.9677614825565675,0.8847034039701405,0.6651048937785522
pos_572,FYKA,4,1,development,4,362,0.9999999999438642,0.9999999957981554,0.9999999978710098,0.999999,0.9999999967636659,0.9960967849721714,0.9999965514111392
pos_573,VKP,3,1,development,4,96,0.9999999999956697,0.9999999886377245,0.9999999943166971,0.999999,0.9999999912829212,0.9960967849721714,0.9999943204302472
pos_574,KGHLFPN,7,1,development,1,363,0.9999856574118224,0.9866768799304888,0.9933312686711556,0.9995601128341636,0.9908655571982256,0.9237738254921332,0.9845327074736121
pos_575,HHLP,4,1,development,1,13,0.999999999997452,0.9999997800397442,0.9999998900185981,0.999999,0.9999998492671283,0.9950509313796162,0.9999983368181793
pos_576,GIFE,4,1,development,5,364,0.9999998107120346,0.9999934687177581,0.9999966397148963,0.9999974443595622,0.9999950203922575,0.9939966559451459,0.9996978577054523
pos_577,LLY,3,1,development,3,3,0.9999999999819094,0.9999999996924287,0.999999999837169,0.999999,0.9999999997778107,0.9950438641312124,0.9999961267650317
pos_578,AIGVGAIER,9,1,development,2,365,0.9918294350553868,0.9999536220129003,0.9958915285341435,0.9993822607423204,0.9980031652020275,0.9760678219387052,0.9958296715992501
pos_579,ALPQYLKTVYQHQK,14,1,development,3,366,0.8337672433540555,0.9982901461929523,0.9160286947735039,0.9818559283013395,0.9497643241677757,0.8818630464732773,0.9906677551041192
pos_580,SSDEEVREEKELDLSSNE,18,1,development,4,367,3.8683004053809273e-07,0.004287923600312346,0.002144155215176442,6.561881004518397e-05,0.0032893822632524914,0.06540243448103812,0.0018178517148599938
pos_581,YQEPVLGPVRGPFPI,15,1,development,3,17,0.9994851660515343,0.36221625831420695,0.6808507121828706,0.9707644003799742,0.5501779163292099,0.7233227036584445,0.9559502569833465
pos_582,QGPIGPR,7,1,development,5,45,0.9999999688625444,0.9999373488891826,0.9999686588758635,0.9999920845652677,0.999952669908342,0.9883413928628454,0.9989689480495401
pos_583,ALELDSNLYR,10,1,development,2,306,8.08444796552978e-07,0.0030901724981726533,0.0015454904714846032,5.567233812672458e-05,0.002348477213378624,0.051731192264542335,0.0607290798585909
pos_584,WALKGYK,7,1,development,1,368,0.9999999553513632,0.38678918583949695,0.6933945705954301,0.9987424609725384,0.5797852753892928,0.8204655169371866,0.9646615932871339
pos_585,YYE,3,1,development,2,23,0.9999999999933695,0.9999999999977589,0.9999999999955642,0.999999,0.9999999999967051,0.9967757690249403,0.9999998459937267
pos_586,NYKQM,5,1,development,5,369,0.9999992386908011,0.9999997066806282,0.9999994726857147,0.999999,0.9999995921791246,0.9965469298198019,0.9999618990311099
pos_587,LTTLDS,6,1,development,3,370,0.9992842270904008,0.9999094397893447,0.9995968334398727,0.9997453633636042,0.9997250340948589,0.9678397395164622,0.9957136018589325
pos_588,VIPAGYP,7,1,development,2,371,0.9999997020217666,0.9999972680406974,0.999998485031232,0.9999983471356778,0.9999978523914735,0.9955985726320752,0.999688079192018
pos_589,PAGLPGPA,8,1,development,3,372,0.9999999993681412,0.9999871700278395,0.9999935846979904,0.9999964180930095,0.999990954025529,0.9906303952782809,0.9998371992593423
pos_590,LHW,3,1,development,3,3,0.9999999999016924,0.9999999999999984,0.9999999999508454,0.999999,0.9999999999710032,0.9950438641312124,0.9999999925551444
pos_591,RHY,3,1,development,2,23,0.9999999999996303,0.9999999999999998,0.999999999999815,0.999999,0.999999999999911,0.9967757690249403,0.9999999998592797
pos_592,RWI,3,1,development,3,34,0.9999998802940376,0.999999999999998,0.9999999401470179,0.999999,0.9999999646928766,0.9950438641312124,0.9999999515856021
pos_593,GTIAGGGVIPH,11,1,development,3,124,0.9534097159707661,0.999025791645143,0.9762177538079546,0.9931442056763838,0.9855713878419878,0.9101489326355034,0.9768294108269567
pos_595,QEP,3,1,development,5,373,0.9999999925689662,0.99999847228795,0.9999992324284581,0.9999987639934729,0.9999988442500147,0.9960871340082464,0.9997055294610979
pos_596,MAPKHEMPFPKYP,13,1,development,4,374,0.01570146402910439,0.01866919761013717,0.01718533081962078,0.017122266878549584,0.017978030439609546,0.21082956755422244,0.18980797234188088
pos_597,PSKYEPFV,8,1,development,1,375,0.0086855066288696,0.8379322173658273,0.42330886199734846,0.17548716900483308,0.5769430430046837,0.51782086289195,0.5515018902197548
pos_598,LMSYMWSTSM,10,1,development,5,376,0.9952332837156046,0.6833356564505317,0.8392844700830682,0.9550078558168059,0.7596466043244087,0.7238111922341922,0.7874657655518434
pos_599,MPDAHL,6,1,development,4,4,0.997114340147226,0.9999999964935966,0.9985571683204113,0.9999462068542438,0.9993279446137435,0.9917985928415332,0.9999479233068174
pos_600,AEM,3,1,development,2,377,0.9999999972266846,0.9999999982042038,0.9999999977154442,0.999999,0.9999999979695209,0.9967757690249403,0.9999933596804341
pos_601,YWVTSGPK,8,1,development,3,378,0.9999625628178546,0.9999989980011416,0.999980780409498,0.9999938752145968,0.9999882514899318,0.9924593571320832,0.9999073127297664
pos_604,MWL,3,1,development,4,379,0.9999999539630172,0.9999998192239878,0.9999998865935025,0.999999,0.9999998506038914,0.9960967849721714,0.9999273690022452
pos_605,MWKVW,5,1,development,3,38,0.999997319024205,0.9999881164921964,0.9999927177582006,0.9999943555778734,0.9999908307673686,0.9897005411753591,0.997426775912975
pos_606,CYY,3,1,development,1,380,0.9999999999975977,0.9999993945258563,0.999999697261727,0.999999,0.9999995850862382,0.9950509313796162,0.9999478183514282
pos_607,DEAGPSIVHR,10,1,development,2,81,0.9490300765235046,0.9992358474276732,0.974132961975589,0.9936320647722967,0.9871824335516435,0.9348637011124022,0.9967532173606618
pos_608,SNAAC,5,1,development,5,381,0.999999999496304,0.9999935239831772,0.9999967617397406,0.9999974551950414,0.9999951083252865,0.9940116507464246,0.9997156610548514
pos_609,VGGDGDV,7,1,development,2,360,0.9999987522136866,0.9999997913413847,0.9999992717775357,0.9999988829564329,0.9999995418673504,0.9967093836535035,0.999933215605784
pos_610,HHH,3,1,development,2,23,0.9999999999998148,0.9999999981106582,0.9999999990552365,0.999999,0.9999999985642074,0.9967757690249403,0.9999996272594925
pos_611,HLPLPL,6,1,development,1,13,0.9999999902459583,0.9999999646356678,0.999999977440813,0.999999,0.9999999726960055,0.9950509313796162,0.9999986716058793
pos_612,VSPHLP,6,1,development,2,382,0.9999999995138333,0.999804995117509,0.9999024973156712,0.9999860344114297,0.999851811821131,0.9836110454007031,0.9979402762101358
pos_614,SHDAHPE,7,1,development,5,383,0.9999995596139623,0.9999994355442812,0.9999994975791218,0.999999,0.9999994658999946,0.9965469298198019,0.9999067172877153
pos_615,EPDRY,5,1,development,1,13,0.999908268498396,0.9999982495607815,0.9999532590295888,0.999987327929928,0.9999699297822691,0.9906837672541808,0.9999378082043259
pos_616,ELQDKIHPF,9,1,development,4,384,0.006067765300010371,0.9998307665091897,0.5029492659046,0.8572569636554827,0.7683893844017844,0.9067570086845159,0.9906467842986831
pos_617,LSRVP,5,1,development,1,59,0.999999995383845,0.9999999832515686,0.9999999893177067,0.999999,0.9999999870699651,0.9950509313796162,0.9999923839444345
pos_618,CME,3,1,development,3,385,0.9999999999963121,0.9999999973049709,0.9999999986506415,0.999999,0.9999999980987786,0.9950438641312124,0.9999965170745223
pos_619,IQY,3,1,development,3,3,0.9999999999802893,0.9999999996291882,0.9999999998047387,0.999999,0.9999999997327451,0.9950438641312124,0.9999971506003216
pos_620,LWY,3,1,development,3,3,0.9999999999692153,0.9999999996608311,0.9999999998150232,0.999999,0.9999999997517887,0.9950438641312124,0.9999989609666369
pos_621,GGVPRSGEQEQQ,12,1,development,4,386,0.9979786939552879,0.9994249436605223,0.9987018188079051,0.9989216321629955,0.9990881208665114,0.9515257130661514,0.9863432633381763
pos_622,YPFPGPIP,8,1,development,4,4,0.9998886759914601,0.9991483497042385,0.9995185128478493,0.9996920356195955,0.9993207672111456,0.9582877780133618,0.9982979209000635
pos_623,IAAEVYEHTEGSTTSY,16,1,development,1,387,9.59973107827869e-06,0.06109727225712309,0.030553435994100684,0.0007897490445669942,0.041871122777377194,0.13879781558243062,0.2947374971223494
pos_624,NP,2,1,development,1,388,0.9999999915308672,0.9999999986376962,0.9999999950842817,0.999999,0.9999999964009607,0.9950509313796162,0.9999975691776074
pos_625,HNAVDSQIAGKA,12,1,development,5,389,0.00478852400597072,0.8546827942757611,0.4297356591408659,0.14399954044815008,0.6467420095844265,0.5506370277075052,0.9756536930332861
pos_626,NFWWP,5,1,development,3,44,0.9999775467301174,0.9247666327820315,0.9623720897560745,0.9986502688479869,0.9469499966883292,0.8907533390063572,0.9959844049267862
pos_627,AHLLT,5,1,development,2,390,0.9999999891985619,0.9991906095322997,0.9995952993654308,0.9999715394867699,0.9993849256024367,0.9747167496808362,0.9978286722366326
pos_628,KIIIYN,6,1,development,3,391,0.999998918316848,0.9994413110023217,0.9997201146595849,0.9999754107094012,0.9996057765742132,0.9759481770252891,0.9972264691763515
pos_629,SGP,3,1,development,2,392,0.9999999987595833,0.999999999891066,0.9999999993253247,0.999999,0.9999999996194193,0.9967757690249403,0.9999987214123262
pos_630,FLQEFLHV,8,1,development,5,393,0.07633043145512877,0.9980844966918742,0.5372074640735015,0.8677589314509168,0.7725620166345458,0.8596444319242048,0.9418646264474603
pos_631,LHI,3,1,development,1,121,0.9999999997538507,0.999999999699702,0.9999999997267763,0.999999,0.9999999997167441,0.9950509313796162,0.9999990898912247
pos_632,VVVVPH,6,1,development,4,79,0.999999999996837,0.999999999586429,0.999999999791633,0.999999,0.9999999996820106,0.9960967849721714,0.9999992344327492
pos_633,SRYPS,5,1,development,1,59,0.9999997904318005,0.9999999982486396,0.9999998943402201,0.999999,0.9999999328423563,0.9950509313796162,0.999996995951562
pos_634,YQKFP,5,1,development,5,12,0.9999999598878859,0.999857754581456,0.999928857234671,0.999988072619577,0.9998925474775147,0.9851849709435787,0.9981595194966653
pos_635,WSY,3,1,development,2,23,0.9999999999986371,0.9999999999857352,0.9999999999921861,0.999999,0.9999999999888327,0.9967757690249403,0.9999999755082812
pos_636,YETGNGIK,8,1,development,3,394,0.9988416966446495,0.9990715580091353,0.9989566273268924,0.9989629700371172,0.9990037606905187,0.9406495145445877,0.9983550650651103
pos_637,KLF,3,1,development,4,395,0.9999999995101672,0.9999999998911377,0.9999999997006525,0.999999,0.999999999802412,0.9960967849721714,0.9999956018901965
pos_638,CVHWMTNTARTACIAP,16,1,development,1,396,5.219405497476986e-08,0.5525879016700339,0.27629397693204444,0.0011101065383066074,0.37867168984862454,0.21590984726188442,0.2885153765754719
pos_639,AMRLTYNRPCIYAT,14,1,development,5,9,1.0256018960173134e-06,0.0006037812958803523,0.0003024034488881848,2.4891427088379872e-05,0.0004563070789468913,0.03381011237679398,0.0008721645159934213
pos_640,VLSRYPS,7,1,development,5,397,0.9998705454697064,0.9999153795210951,0.9998929624954007,0.9998953359834435,0.9999044101238974,0.9795582955545455,0.9993801505761216
pos_641,LSNGK,5,1,development,4,4,0.9999999977134062,0.9999999994118061,0.9999999985626061,0.999999,0.9999999990162589,0.9960967849721714,0.9999887657225919
pos_642,VFGKEKVNEL,10,1,development,2,398,0.6204226379544836,0.97181956895338,0.7961211034539317,0.8824607948223753,0.8874561069883988,0.787364479849859,0.9760091041106106
pos_643,MLKMLPFK,8,1,development,3,399,0.9995048837773672,0.012656491311978607,0.506080687544673,0.8357153546930696,0.30372617603240565,0.5032041364273815,0.1731734450767738
pos_644,LLAQA,5,1,development,4,4,0.9999999999776947,0.999999999133423,0.9999999995555588,0.999999,0.9999999993300488,0.9960967849721714,0.9999953805679586
pos_645,EAAVYPL,7,1,development,4,400,0.9999998292249698,0.9999884659827427,0.9999941476038563,0.999996603813391,0.9999911124130113,0.9920733931242858,0.99929712997596
pos_646,PWH,3,1,development,5,11,0.999999998166692,0.9999999996715336,0.9999999989191128,0.999999,0.999999999303349,0.9965469298198019,0.9999995709483813
pos_647,SVEIQALCDM,10,1,development,1,401,0.6402525253631659,0.9077726408365229,0.7740125830998443,0.8071502950947331,0.8235759196938609,0.693484205665473,0.8121253873247153
pos_648,LAF,3,1,development,3,3,0.9999999948177429,0.9999999999891005,0.9999999974034217,0.999999,0.9999999984638152,0.9950438641312124,0.999999259530196
pos_649,YPFPG,5,1,development,5,402,0.9999967412180133,0.9999999903717346,0.9999983657948739,0.9999981947897353,0.9999991954121754,0.9961202032277958,0.9999511760513077
pos_650,SGQYFL,6,1,development,4,40,0.19804978027819553,0.9959190032554807,0.596984391766838,0.8858868037575862,0.8101000952440776,0.8446019713577662,0.9486615297443317
pos_651,FKGPACA,7,1,development,2,403,0.9999997014177285,0.5274363376250264,0.7637180195213775,0.999054341203504,0.6408894666948826,0.813566789175802,0.461455327906874
pos_652,HGPLGPL,7,1,development,1,13,0.9999999965345896,0.9999999865459908,0.9999999915402902,0.999999,0.9999999896897067,0.9950509313796162,0.9999990652110581
pos_653,VGPLSPT,7,1,development,3,404,0.9999998125712288,0.9999992080437444,0.9999995103074866,0.999999,0.9999993863483612,0.9950438641312124,0.9999972994527738
pos_654,PHYL,4,1,development,4,405,0.9999999993050743,0.9999999999857037,0.999999999645389,0.999999,0.9999999998271892,0.9960967849721714,0.9999999372887557
pos_655,TGC,3,1,development,1,406,0.99999999958049,0.9999894978444763,0.9999947487124832,0.9999967592889278,0.9999928030603741,0.9908088582345604,0.9999246111880801
pos_656,DHHQVYSPGEQ,11,1,development,5,407,0.9787496262836443,0.9985681426656076,0.9886588844746259,0.9944512901203341,0.9937192126374343,0.9258485865865252,0.997131425949551
pos_657,LH,2,1,development,2,408,0.9999999999996811,0.999999994041165,0.9999999970204231,0.999999,0.9999999954716869,0.9967757690249403,0.99999737959963
pos_658,QQQTED,6,1,development,3,409,0.4302873668087333,0.9999981033413761,0.7151427350750547,0.9984178197907287,0.8319626424433492,0.9706912577034372,0.9979411380938427
pos_659,VLSPPFTGE,9,1,development,4,410,0.9773208206568713,0.9511853758087021,0.9642530982327867,0.9666417667363089,0.9572721625680121,0.8084680469383809,0.7332436396288483
pos_660,CAQ,3,1,development,1,411,0.99999999996338,0.9999999999993199,0.9999999999813499,0.999999,0.9999999999880085,0.9950509313796162,0.9999999940289914
pos_661,LPYY,4,1,development,5,412,0.9999999982621224,0.9999999991062283,0.9999999986841753,0.999999,0.9999999988997038,0.9965469298198019,0.99999204668501
pos_662,EGGGGGYGGGGGGYGGR,17,1,development,4,413,0.999956056620891,0.9999997939710641,0.9999779252959775,0.9999933709147293,0.9999896078071986,0.9944455191715195,0.9998333073650599
pos_663,PHE,3,1,development,5,11,0.999999999766606,0.9999999999876785,0.9999999998771423,0.999999,0.9999999999335896,0.9965469298198019,0.9999998989730619
pos_664,YYF,3,1,development,2,23,0.9999999989965698,0.9999997937985071,0.9999998963975385,0.999999,0.9999998430625087,0.9967757690249403,0.9999960448042552
pos_665,AWFS,4,1,development,2,414,0.9988954255959209,0.9999998829329583,0.9994476542644396,0.9999667475804781,0.9997347245427577,0.9938583779934524,0.999930219688505
pos_666,VKV,3,1,development,1,66,0.9999999080320956,0.9999999999977285,0.999999954014912,0.999999,0.9999999710533451,0.9950509313796162,0.9999999491777122
pos_667,QEPVLGPVRGPFPI,14,1,development,3,17,0.08299842783198252,0.958234127326841,0.5206162775794118,0.5903379282514721,0.7000844651770233,0.67466520354853,0.9868738998129204
pos_668,VSKSVLVK,8,1,development,3,415,0.9897155439833247,0.583706533658615,0.7867110388209699,0.9207364829203378,0.7034583775397517,0.6981152747643944,0.6778292120193665
pos_669,RYY,3,1,development,2,23,0.9999999999830573,0.9999999999961473,0.9999999999896023,0.999999,0.9999999999930046,0.9967757690249403,0.9999999932420081
pos_670,VCDADPSSPVPEA,13,1,development,4,416,0.0018427358788671272,0.7575019335415465,0.3796723347102068,0.07058002304477684,0.5815134846896354,0.4910668436584433,0.6387052778020895
pos_671,FPWLLS,6,1,development,1,417,0.26675405514535583,0.9999879004395211,0.6333709777924384,0.9942659784127492,0.7692168965643267,0.9543398307573078,0.99914400987197
pos_672,TMAEYHHQDQ,10,1,development,5,418,0.9999606444970199,0.999794686485484,0.999877665491252,0.9999101070579497,0.9998352908763498,0.9764532881671946,0.9993501972522121
pos_673,PWW,3,1,development,5,11,0.9999999576484586,0.999999948990648,0.9999999533195534,0.999999,0.9999999511089257,0.9965469298198019,0.9999897582886664
pos_674,SEGFEW,6,1,development,2,419,0.999982391941172,0.9999859318122336,0.9999841618767028,0.9999842610824088,0.9999850819591151,0.9905008988094071,0.9992018676881067
pos_675,SWMHQPHQPLPPT,13,1,development,3,420,0.0787982024186014,0.9930901036743455,0.5359441530464735,0.778084580062398,0.7234208642320947,0.7656481811580237,0.9973814054679916
pos_676,MHI,3,1,development,1,121,0.9999999989708996,0.9999999994341251,0.9999999992025124,0.999999,0.9999999992883339,0.9950509313796162,0.9999956135893825
pos_677,GC,2,1,development,4,421,0.9999999962642749,0.9885566792831609,0.9942783377737179,0.9998924206933104,0.9912217584768717,0.9435269723034164,0.9149764346154977
pos_678,YQK,3,1,development,2,23,0.9999999999517943,0.999999999953048,0.9999999999524212,0.999999,0.999999999952747,0.9967757690249403,0.9999997952052915
pos_679,WYY,3,1,development,2,23,0.9999999999971649,0.9999999999116842,0.9999999999544246,0.999999,0.9999999999322065,0.9967757690249403,0.9999999609232235
pos_680,NHH,3,1,development,2,23,0.9999999999951799,0.9999999999999623,0.999999999997571,0.999999,0.9999999999988142,0.9967757690249403,0.9999999726193084
pos_681,TSTA,4,1,development,1,422,0.9999999920556158,0.9999999932501296,0.9999999926528726,0.999999,0.9999999928741797,0.9950509313796162,0.9999935996000792
pos_682,QLL,3,1,development,3,34,0.999999999833411,0.9999999999980098,0.9999999999157104,0.999999,0.9999999999494616,0.9950438641312124,0.9999995538829133
pos_683,SGYYMH,6,1,development,5,423,0.9999998697047064,0.9996913849050592,0.9998456273048828,0.9999824301443252,0.9997668608478298,0.9814364349774202,0.995522553040527
pos_684,GPAGPAG,7,1,development,1,53,0.9999995575056362,0.9975700657312981,0.9987848116184672,0.9999506480471984,0.9983347007236253,0.9621900987942805,0.9971583371346696
pos_685,QTPRY,5,1,development,2,424,0.99999390777664,0.9996250739694004,0.9998094908730202,0.9999522005721133,0.999713623680919,0.9764420888226961,0.9945127720956523
pos_686,YVEEL,5,1,development,4,40,0.999999999857841,0.9999995864118615,0.9999997931348512,0.999999,0.9999996827009252,0.9960967849721714,0.9999265422744649
pos_687,YQETSSSSSQ,10,1,development,4,302,0.994485586640473,0.3716878232115556,0.6830867049260143,0.9117296104034283,0.5167336489929572,0.6355276231255987,0.3422900907849343
pos_688,KVLPVPQ,7,1,development,4,79,0.9999999796973686,0.9999933264019911,0.9999966530496799,0.9999974166659645,0.9999948759141744,0.9932335545692474,0.9998744703493553
pos_689,VPYPQ,5,1,development,4,79,0.9999999996393478,0.9999999962523223,0.999999997945835,0.999999,0.9999999970411401,0.9960967849721714,0.9999965473033574
pos_690,YGNWLYK,7,1,development,3,425,0.9960019458077244,0.9983871453533987,0.9971945455805615,0.9974599758398632,0.9976836337653419,0.9226981761673431,0.9854966166040052
pos_691,TEAPLNPK,8,1,development,1,426,0.9999972650493101,0.9999691408033494,0.9999832029263298,0.9999908130709276,0.9999779923593914,0.98642430342324,0.997963943889368
pos_692,APKGVQGPNG,10,1,development,4,427,0.7201740757617718,0.9999058267858393,0.8600399512738055,0.9939870154256547,0.9347579967724866,0.9531040760729356,0.9988528751362948
pos_693,ACGNLPRMC,9,1,development,2,428,0.002539031090726587,0.04007521730223219,0.02130712419647939,0.01020354976573541,0.031063520447729087,0.20166628057644143,0.2274031659572751
pos_694,GPGGFI,6,1,development,4,4,0.9999265847987574,0.7924054736223783,0.8961660292105679,0.9956334079899083,0.8407358831150697,0.8182362628633408,0.8910630869928007
pos_695,IAY,3,1,development,3,3,0.9999999997866107,0.9999999999050453,0.999999999845828,0.999999,0.9999999998701132,0.9950438641312124,0.9999985007229787
pos_697,LT,2,1,development,1,429,0.9999999986333836,0.9999942001207597,0.9999970993770717,0.9999975917037675,0.9999960250891347,0.9921367465404766,0.9960665814280677
pos_698,VPNSYP,6,1,development,5,430,0.9999996772217556,0.9999438346867622,0.9999717559542589,0.9999925054898612,0.9999574974927745,0.9887084067897388,0.9981370779646989
pos_699,KEFFP,5,1,development,1,195,0.9811890259958514,0.9999999996004194,0.9905945127981355,0.9998615575141886,0.9940796137774568,0.9857615756829846,0.9999936629038226
pos_701,YF,2,1,development,2,431,0.9999999998294116,0.9999993642111858,0.9999996820202988,0.999999,0.9999995168105664,0.9967757690249403,0.9999810065929147
pos_702,YFPVGGDRPESF,12,1,development,5,113,0.9814449732170085,0.9987270825231581,0.9900860278700834,0.9951151876931578,0.9944987267194398,0.9291156966223771,0.9927875644285673
pos_704,NRYHE,5,1,development,3,432,0.9999999956835424,0.9999985509964842,0.9999992733400133,0.9999987962543556,0.9999989771051041,0.9945623496531029,0.9999260362149326
pos_705,HK,2,1,development,4,433,0.9999999999993079,0.9999999999861175,0.9999999999927127,0.999999,0.9999999999891895,0.9960967849721714,0.9999999683016917
pos_707,VEEPPKEEKNPK,12,1,development,1,434,0.9362019951104972,0.9999956627427837,0.9680988289266405,0.9994566355083931,0.9799178542579925,0.9761411266685128,0.9962142324852777
pos_708,RWL,3,1,development,3,34,0.9999999983749877,1.0,0.9999999991874938,0.999999,0.9999999995207047,0.9950438641312124,0.9999999999620817
pos_709,IPIGP,5,1,development,4,4,0.9999999981411283,0.9999988535238348,0.9999994258324816,0.9999989292637249,0.9999991200982676,0.9959388375202817,0.9999825780940501
pos_710,NPADLPDAG,9,1,development,5,435,0.9998618749672934,0.3948288292383248,0.6973453521028091,0.9856574331989365,0.5428602381959736,0.7231826533851042,0.505008247885589
pos_711,LLNDE,5,1,development,2,436,0.9999999992542326,0.9971958332274,0.9985979162408163,0.9999469739985288,0.9978690580995573,0.9632126721158536,0.9963006396119082
pos_712,PWV,3,1,development,4,116,0.9999998702152246,0.9999965576862525,0.9999982139507386,0.9999981446519826,0.9999973291541806,0.9944139284034702,0.9999563159576944
pos_714,PYFNK,5,1,development,3,437,0.9999965980076593,0.9999972525111543,0.9999969252594068,0.9999969427240334,0.9999970594661767,0.9926495491204564,0.9998483954574745
pos_715,VIEPR,5,1,development,5,45,0.9999999539632737,0.9999999958033554,0.9999999748833146,0.999999,0.9999999855664827,0.9965469298198019,0.9999919690410006
pos_716,IIAPPER,7,1,development,3,206,0.9996444690490762,0.9999991857883145,0.9998218274186954,0.9999811414650739,0.9998945625348914,0.990226629275306,0.9989143281911196
pos_717,VAMVPPFET,9,1,development,4,438,0.0006862037094473734,0.9980439652969039,0.4993650845031756,0.3718272640179718,0.7657653852768364,0.7951630287931927,0.9872657902012161
pos_718,CAGVSAIR,8,1,development,1,439,0.9996401808568756,0.9999530202642939,0.9997966005605847,0.999869974272144,0.9998545601828819,0.9745887975561239,0.9859274485592551
pos_719,IIAEK,5,1,development,5,440,0.9999999821106499,0.9999972760664126,0.9999986290885312,0.9999983495652877,0.9999979381451932,0.9953597819902192,0.9996869956745635
pos_720,YA,2,1,development,2,441,0.9999999999968785,0.9999999999911591,0.9999999999940188,0.999999,0.9999999999925322,0.9967757690249403,0.9999996301243161
pos_722,KFL,3,1,development,3,34,0.9999999993013298,0.999999957704137,0.9999999785027334,0.999999,0.9999999699731764,0.9950438641312124,0.9998381939983285
pos_723,VLYEE,5,1,development,3,442,0.9999999999932387,0.9999999674601772,0.999999983726708,0.999999,0.9999999770557626,0.9950438641312124,0.9998873284248863
pos_724,VGINYWLAHK,10,1,development,3,443,0.7149529772349424,0.9985372844985263,0.8567451308667344,0.9764035508399701,0.9148944518840252,0.8774824756216019,0.9958078100851186
pos_725,AMRLTYNRPCLGAT,14,1,development,5,9,1.0984042387782507e-07,0.0007224504496415924,0.0003612801450327351,2.6887443301982256e-05,0.000545717792004699,0.03550465345000929,0.0013124165710867988
pos_726,KVI,3,1,development,5,444,0.9999999990409949,0.9999999999999873,0.9999999995204911,0.999999,0.9999999997653539,0.9965469298198019,0.9999999039039033
pos_727,SDGFQF,6,1,development,4,445,0.8721972378027716,0.5482958405222744,0.710246539162523,0.7421469631769084,0.6237305135397886,0.6126870201291434,0.6272727105353691
pos_728,PKLPPVKK,8,1,development,1,446,0.9953089886837928,0.9999922975291407,0.9976506431064667,0.9998095029555386,0.9985183177195139,0.9791233960438951,0.9967988008580251
pos_729,WVAPLK,6,1,development,3,266,0.9999999996616422,0.9999997779501646,0.9999998888059034,0.999999,0.9999998433436844,0.9950438641312124,0.9999601601774658
pos_730,ISW,3,1,development,3,3,0.9999999976527871,0.9999998894774842,0.9999999435651357,0.999999,0.9999999213836529,0.9950438641312124,0.9999957246155456
pos_731,QYY,3,1,development,2,23,0.9999999999857412,0.9999999999319713,0.9999999999588562,0.999999,0.9999999999448804,0.9967757690249403,0.9999999355616883
pos_732,SFYPDY,6,1,development,5,447,0.999233078518099,0.0127298358259775,0.5059814571720382,0.8038734676221159,0.25409428027720093,0.40824321936010494,0.5590947886446536
pos_733,KVLPVPEK,8,1,development,4,79,0.9999969226290806,0.9999992148710106,0.9999980687500456,0.9999982457558124,0.999998681021753,0.9956651211047463,0.9999576461462202
pos_734,PWN,3,1,development,5,11,0.9999999989898998,0.999999882690747,0.9999999408403234,0.999999,0.9999999111452713,0.9965469298198019,0.9999937489634368
pos_735,GEY,3,1,development,4,448,0.9999999999253053,0.9999999775791669,0.9999999887522362,0.999999,0.9999999827834471,0.9960967849721714,0.9998990043439506
pos_736,ATVY,4,1,development,2,449,0.9999999988909554,0.9999997807328395,0.9999998898118974,0.999999,0.9999998331082939,0.9967757690249403,0.9999608105235331
pos_737,FDEQE,5,1,development,3,450,0.9999999996437923,0.9999999981803938,0.999999998912093,0.999999,0.9999999986120214,0.9950438641312124,0.9999971523739747
pos_738,LPVPQ,5,1,development,4,79,0.9999999974297005,0.9999999777243862,0.9999999875770433,0.999999,0.9999999823136345,0.9960967849721714,0.9999943013365957
pos_739,PR,2,1,development,4,451,0.9999999993840136,0.9999993885936204,0.9999996939888169,0.999999,0.9999995308430023,0.9960967849721714,0.9999621634388999
pos_740,DRVYIHPF,8,1,development,2,267,0.8254357234500436,4.282642611248524e-05,0.41273927493807805,0.01403112093001702,0.1982033569586418,0.056250377145732125,0.007629420775986278
pos_742,YGFL,4,1,development,2,122,0.9999999968858064,0.9999999997487699,0.9999999983172881,0.999999,0.9999999990614289,0.9967757690249403,0.9999958169896558
pos_743,IEAEGE,6,1,development,1,452,0.9999999856415078,0.9972777818675487,0.9986388837545283,0.9999477566620806,0.9981345422335645,0.9610765463105363,0.9866579939069194
pos_744,SSHWSS,6,1,development,5,453,0.9999988679355268,0.9995174904187306,0.9997581791771287,0.9999766232869569,0.9996352674435641,0.9786091304428514,0.99892851265771
pos_745,PH,2,1,development,2,454,0.9999999999996829,0.99999999504365,0.9999999975216665,0.999999,0.9999999962334956,0.9967757690249403,0.9999984888983252
pos_746,IGGIGTVPVGR,11,1,development,3,455,0.999896180989215,0.9873662181681362,0.9936311995786755,0.9988487006702371,0.9910619148483313,0.915678397137484,0.9935060017759002
pos_747,PPMHLP,6,1,development,4,4,0.9999986488502559,0.9999990081896055,0.9999988285199307,0.999998837610315,0.9999989245016481,0.9959855968827248,0.9998524295166996
pos_748,HEQKEEHEWHRKEE,14,1,development,4,456,0.00021625407909228319,0.593612886788892,0.29691457043399216,0.017464614930356656,0.4554144062204571,0.3874331231119399,0.7055390121798294
pos_749,AEERYP,6,1,development,1,457,0.9999619940566459,0.9998445310367748,0.9999032625467104,0.9999231301135695,0.9998815002236008,0.9726856642692981,0.9940343697510599
pos_752,HIH,3,1,development,2,23,0.9999999999997706,0.9999999999824396,0.9999999999911051,0.999999,0.9999999999866004,0.9967757690249403,0.9999999946464686
pos_753,HPHL,4,1,development,5,458,0.99999999998086,0.9999999999093261,0.999999999945093,0.999999,0.9999999999268281,0.9965469298198019,0.9999999139475911
pos_754,IYPF,4,1,development,1,459,0.9999999998320008,0.9999999970697966,0.9999999984508987,0.999999,0.9999999979391463,0.9950509313796162,0.9999993095569444
pos_755,LQL,3,1,development,1,121,0.999999999984557,0.9999999999998452,0.9999999999922011,0.999999,0.9999999999950335,0.9950509313796162,0.9999999795327321
pos_757,YWDHNNPQIR,10,1,development,1,357,0.992123019578619,0.9830523041498123,0.9875876618642156,0.9884358786863403,0.9859071343227596,0.8515895869521893,0.9206504602342229
pos_758,VPPSKLSP,8,1,development,5,460,0.506942837896666,0.006392338034750832,0.25666758796570843,0.07521333074122577,0.12886035242186483,0.21681073929728092,0.0165730595531113
pos_759,TEFHLL,6,1,development,5,281,0.9999897707378899,0.9999996635256778,0.9999947171317838,0.9999968016705072,0.999997243090422,0.9956570332220422,0.9998063329609741
pos_760,YLAGKPQQEH,10,1,development,4,461,0.9999508603188415,0.9999711156348605,0.999960987976851,0.9999623254423992,0.9999663982944798,0.9851845720556082,0.9992683269211515
pos_761,RWR,3,1,development,2,23,0.9999999993948763,0.9999999999999551,0.9999999996974157,0.999999,0.9999999998546877,0.9967757690249403,0.9999999905686735
pos_762,HEKVC,5,1,development,2,462,0.9999999406802444,0.999906672885149,0.9999533067826967,0.9999903390416865,0.9999290646404263,0.9869228857317742,0.9996742171065023
pos_763,ACNLPRMC,8,1,development,2,428,0.004600908777003259,0.07449351999859728,0.03954721438780027,0.01892324847130687,0.057713684637870494,0.2466153209518744,0.3714321416827095
pos_764,FAGDDAPRR,9,1,development,3,207,0.9807046626107694,0.9974040284585962,0.9890543455346827,0.9928948259572443,0.9924785716311145,0.8979508324732703,0.9885267772331788
pos_765,TW,2,1,development,3,463,0.9999999999908862,0.9999999999898379,0.999999999990362,0.999999,0.9999999999901471,0.9950438641312124,0.9999990034673186
pos_766,FC,2,1,development,4,464,0.9999999935906343,0.9806472370183518,0.990323615304493,0.9998595394722083,0.985154376772224,0.9346509952705507,0.9729372792737849
pos_767,LWF,3,1,development,3,3,0.9999999987278332,0.9999999963688702,0.9999999975483517,0.999999,0.9999999970646434,0.9950438641312124,0.9999959196713588
pos_768,FMPLH,5,1,development,2,465,0.9999999810063839,0.99998780183332,0.999993891419852,0.9999965074017596,0.9999907258121966,0.9930102053004028,0.9991961110376572
pos_769,LPENAKVDQVK,11,1,development,1,466,0.9961389632374199,0.9949158988091517,0.9955274310232858,0.9955692485773058,0.9953008344033374,0.8953844909190637,0.9691633742583314
pos_770,VNPESQQGSPR,11,1,development,5,467,0.9962649221461521,0.9991030614961747,0.9976839918211634,0.99816877133836,0.998408663446733,0.9446487381504347,0.9757968973491412
pos_771,TGIIT,5,1,development,2,468,0.9999989425097754,0.9962199214901969,0.9981094319999861,0.9999366591773066,0.9971271897897345,0.9595663852429577,0.9981098919210676
pos_772,RYQKF,5,1,development,5,12,0.9999971521294864,0.9998515505184402,0.9999243513239633,0.9999794376196551,0.9998871743769746,0.9833890241243771,0.9979485991826258
pos_774,RDMPIQ,6,1,development,3,469,0.9999998931705713,0.9998618404909676,0.9999308668307694,0.9999882451929242,0.9999025589541418,0.9831028923962019,0.9957371202788916
pos_776,GANSLLN,7,1,development,4,470,0.9912497939275979,0.8637228546132317,0.9274863242704148,0.9640226531622644,0.8934231061369161,0.7691318550828935,0.8936473776016539
pos_777,RHN,3,1,development,2,23,0.9999999999970755,0.9999999999999976,0.9999999999985365,0.999999,0.999999999999296,0.9967757690249403,0.9999999992866422
pos_778,KFFPS,5,1,development,1,195,0.999831094025993,0.9999987513654892,0.9999149226957411,0.9999854765158054,0.9999459844988328,0.9908984733957187,0.9999233101369789
pos_780,VAPFPGVFGK,10,1,development,1,53,0.9999366149825326,0.9774915610406913,0.988714088011612,0.9987933012241449,0.9845557025331146,0.8995855087884738,0.9201821315093869
pos_782,HVPNA,5,1,development,4,471,0.9999999998704556,0.9999999991695907,0.9999999995200232,0.999999,0.9999999993328179,0.9960967849721714,0.9999997556516076
pos_784,VPW,3,1,development,1,196,0.9999999972273397,0.9999999987378188,0.9999999979825792,0.999999,0.999999998262425,0.9950509313796162,0.9999999931095409
pos_785,EELDNALN,8,1,development,1,472,0.7802536679854606,0.9989219011393797,0.8895877845624202,0.9828643719632166,0.9301003539557522,0.8904905219215015,0.9229764674543518
pos_787,YFPTQALNFAFK,12,1,development,5,473,0.13471584028569267,0.04005634097813721,0.08738609063191494,0.07458941225776151,0.0632163636457257,0.28543474907483024,0.35726064417476855
pos_788,KEMPFPKYPVE,11,1,development,4,100,0.635485134695465,0.4851287694356609,0.5603069520655629,0.5617234262818844,0.5201458559462604,0.5638859989263365,0.8517786392099863
pos_789,LAN,3,1,development,3,3,0.9999999981045358,0.999999999999436,0.9999999990519859,0.999999,0.9999999994405375,0.9950438641312124,0.9999998045545964
pos_790,KGAIG,5,1,development,4,4,0.9999999988002117,0.9999978869247939,0.9999989428625028,0.9999985463578015,0.9999983787677835,0.995150712331871,0.9995445177601423
pos_791,RWH,3,1,development,2,23,0.9999999999688762,0.9999999999999807,0.9999999999844285,0.999999,0.9999999999925131,0.9967757690249403,0.9999999994983588
pos_792,LWE,3,1,development,3,3,0.9999999999002778,0.9999999996970117,0.9999999997986447,0.999999,0.9999999997569649,0.9950438641312124,0.9999901513867024
pos_793,FFAPGRNPTSFS,12,1,development,2,474,1.0618499573790956e-05,0.9818670484986048,0.49093883349908934,0.02341720428227535,0.74614271433373,0.5856789450269565,0.8768642784184899
pos_794,CNW,3,1,development,3,475,0.9999999984451577,0.9999999999831952,0.9999999992141765,0.999999,0.9999999995295531,0.9950438641312124,0.9999999179737123
pos_795,FYPEL,5,1,development,5,48,0.9999998681218775,0.9678919949299523,0.9839459315259149,0.9998178981589333,0.9757477207300326,0.9297627457822545,0.9751155610906678
pos_796,AGFAGDDAPR,10,1,development,3,207,0.022549590956701945,0.9233730983271021,0.47296134464190204,0.34523009804415417,0.6576763446200754,0.6007012562351627,0.8892332278983457
pos_797,THH,3,1,development,2,23,0.9999999999997751,0.9999999999999956,0.9999999999998853,0.999999,0.9999999999999427,0.9967757690249403,0.9999999972997677
pos_798,GPTGPAGP,8,1,development,1,53,0.9996568170645425,0.9239014549626736,0.9617791360136081,0.9947105628966069,0.947743972698831,0.8418642329207231,0.9747406335558744
pos_799,WYT,3,1,development,2,23,0.9999999999983404,0.9999999622297208,0.9999999811140305,0.999999,0.9999999712972203,0.9967757690249403,0.9999972704646275
pos_800,MKW,3,1,development,3,3,0.9999999959767929,0.9999999987366408,0.9999999973567169,0.999999,0.9999999979226272,0.9950438641312124,0.9999710686434197
pos_801,PK,2,1,development,4,476,0.9999999998443689,0.9999137185740753,0.9999568592092221,0.9999907109013216,0.9999338129591776,0.9858422985990358,0.9999745860405935
pos_802,VAGL,4,1,development,1,256,0.9999999995670079,0.9999999998966893,0.9999999997318486,0.999999,0.9999999997929285,0.9950509313796162,0.9999997456199438
pos_804,TQTPVVVPPFLQPE,14,1,development,1,477,0.9960230346366721,0.9997175894682526,0.9978703120524623,0.9989390815670386,0.998554800635157,0.9483966596646737,0.9979816844853584
pos_805,LQGMP,5,1,development,2,35,0.9999999902832827,0.9970210526217015,0.9985105214524921,0.9999453417490605,0.9977362367110858,0.9625388805935353,0.9961501297261985
pos_806,ISELGF,6,1,development,1,37,0.999995800437924,0.9995165175134592,0.9997561589756916,0.9999549309164986,0.9996673624346653,0.9709705276400654,0.9961187292705472
pos_807,FILR,4,1,development,3,478,0.9999988112567701,0.9999999909477174,0.9999994011022437,0.9999989097049758,0.9999996429993652,0.994943596520298,0.99998917319716
pos_808,PWE,3,1,development,5,11,0.9999998062424955,0.9999999984923171,0.9999999023674063,0.999999,0.9999999514551972,0.9965469298198019,0.999996133428975
pos_809,WDR,3,1,development,5,479,0.9999999999163003,0.9999999996928752,0.9999999998045878,0.999999,0.99999999974754,0.9965469298198019,0.9999998216048985
pos_810,GVRGPFPII,9,1,development,3,17,0.32295503284004173,0.8949952239028313,0.6089751283714365,0.6684746006734508,0.7262726933385443,0.662403676071669,0.9656306125048759
pos_811,KGPPGEIGR,9,1,development,1,53,0.9998509541163613,0.9825866366882706,0.9912187954023159,0.9983772823699586,0.9880202427467881,0.8974847908544714,0.8935204856080768
pos_812,FRADHPFL,8,1,development,1,13,0.9954069948895169,0.9986620046650208,0.9970344997772689,0.9975197944284231,0.9976375540367014,0.9229379337583173,0.9571961712975614
pos_813,FVAGK,5,1,development,1,256,0.9999999863945066,0.9999995353938413,0.999999760894174,0.999999,0.9999996773374749,0.9950509313796162,0.9999624737493331
pos_814,PVSHDHAPEY,10,1,development,4,480,0.9999853116187044,0.9999775788069649,0.9999814452128346,0.9999818525125517,0.9999793797319685,0.987679806695838,0.9991919443607068
pos_815,LLAH,4,1,development,3,44,0.9999999999925553,0.999999999992899,0.9999999999927272,0.999999,0.9999999999927978,0.9950438641312124,0.9999995717388959
pos_816,MTEEY,5,1,development,5,481,0.5577807758463535,0.9997925468138343,0.778786661330094,0.98733639684611,0.8916470071708764,0.9393900386253746,0.9860229414060314
pos_817,YINQMPQKSRE,11,1,development,1,482,0.9998986899019704,0.998469380076983,0.9991840349894767,0.9996060477832087,0.9989192273736919,0.9458379471466046,0.9912325003604185
pos_818,GLTSK,5,1,development,1,13,0.9973871017420141,0.9967270695365943,0.9970570856393042,0.9970755936098497,0.9969348017568296,0.9094168705037995,0.9970685947873376
pos_819,AAAPVAVAK,9,1,development,2,483,0.999999986554259,0.999974102720217,0.9999870446372381,0.9999949110204579,0.9999803169174853,0.9911833478817068,0.9994982487569013
pos_820,ANLGPA,6,1,development,4,237,0.9999999993886866,0.9999999953406615,0.999999997364674,0.999999,0.999999996283422,0.9960967849721714,0.9999520395511264
pos_821,HAH,3,1,development,2,23,0.9999999999995743,0.9999999999999574,0.9999999999997659,0.999999,0.9999999999998654,0.9967757690249403,0.9999999994853761
pos_822,LWR,3,1,development,3,3,0.999999989766082,0.9999999999999003,0.9999999948829912,0.999999,0.9999999969814486,0.9950438641312124,0.9999999821918225
pos_823,YPEL,4,1,development,5,48,0.9999999993055382,0.9999999816347452,0.9999999904701418,0.999999,0.999999985958199,0.9965469298198019,0.9999946799411086
pos_824,LQSGDALRVPSGTTYY,16,1,development,3,484,0.0006087239343939824,0.178319639526139,0.08946418173026649,0.011366477066144914,0.12590402982600787,0.26420678800559977,0.30013392921143
pos_825,IILHQQQ,7,1,development,5,277,0.9999999104890338,0.9996455555617088,0.9998227330253713,0.9999811703129208,0.9997322543949928,0.9806743918304893,0.999043779730796
pos_826,GPAGSPGFQGLPGPAG,16,1,development,1,53,0.27222522907608165,0.8517315895501849,0.5619784093131333,0.5944621144796216,0.6693433031706645,0.6236546442872005,0.8896665123844806
pos_827,MLLFPM,6,1,development,4,485,0.9999012617132315,0.9999887865622762,0.9999450241377539,0.9999667247285733,0.9999684025552171,0.9879606124051615,0.9987768381468087
pos_828,LDYE,4,1,development,1,486,0.999999999985173,0.999999999709611,0.999999999847392,0.999999,0.9999999997963387,0.9950509313796162,0.9999987661824921
pos_829,LDY,3,1,development,3,3,0.9999999999709364,0.9999999984733932,0.9999999992221648,0.999999,0.9999999989150916,0.9950438641312124,0.9999981109456659
pos_830,YLAGNQEQE,9,1,development,4,461,0.9999973114472597,0.9999759642165655,0.9999866378319127,0.9999919612090805,0.9999809358572586,0.9892598439673785,0.99885835328488
pos_831,WIQP,4,1,development,5,487,0.9999999999571243,0.999999991105501,0.9999999955313126,0.999999,0.999999993271198,0.9965469298198019,0.9999975084529483
pos_833,GKGIFG,6,1,development,4,4,0.9999714295480547,0.9469001249044053,0.9734357772262301,0.9987358167058229,0.9592601102148102,0.8851390846158705,0.9423289325689725
pos_834,VKCFR,5,1,development,2,488,0.9999991380248077,0.9999936630202163,0.9999964005225119,0.9999974826612518,0.9999949774606706,0.994290316333256,0.9998665405509743
pos_835,YYD,3,1,development,2,23,0.999999999948826,0.9999999996339144,0.9999999997913702,0.999999,0.9999999997095185,0.9967757690249403,0.9999984139988846
pos_836,LWK,3,1,development,3,3,0.9999999998707856,0.9999999999996378,0.9999999999352117,0.999999,0.9999999999616331,0.9950438641312124,0.9999999201324797
pos_837,PFPEVFGKE,9,1,development,1,53,0.7625055315438556,0.980925870184317,0.8717157008640863,0.9277958825837845,0.9121823429476585,0.7889327448357518,0.9702377152137235
pos_838,HEH,3,1,development,2,23,0.9999999999996854,0.9999999999998621,0.9999999999997737,0.999999,0.9999999999998197,0.9967757690249403,0.9999999952038616
pos_839,YPQ,3,1,development,2,23,0.9999999998753941,0.9999999999999871,0.9999999999376906,0.999999,0.9999999999700748,0.9967757690249403,0.9999999962385206
pos_840,GFPSG,5,1,development,5,48,0.9994714766961703,0.9999977051575416,0.999734590926856,0.9999651655725951,0.9998689546023112,0.9918239759862645,0.9997713488338581
pos_842,PLHH,4,1,development,3,489,0.9999999999960174,0.9999999999994829,0.9999999999977501,0.999999,0.9999999999984608,0.9950438641312124,0.999999968540095
pos_843,TTTAATS,7,1,development,4,490,0.999997504389017,0.999990154160939,0.9999938292749779,0.9999950430408772,0.9999918659845258,0.9917559785736259,0.9996688744914813
pos_844,WVWWW,5,1,development,1,491,0.9999895981674498,0.9999999950462806,0.9999947966068652,0.9999967748048035,0.999996722832129,0.9936339793511368,0.9999978013638765
pos_845,RHM,3,1,development,3,34,0.9999999999001363,1.0,0.9999999999500682,0.999999,0.9999999999705453,0.9950438641312124,0.9999999997422537
pos_846,VMTVHNTPY,9,1,development,5,492,0.9998980142521483,0.9998771387661061,0.9998875765091272,0.9998880620395448,0.999882246301361,0.977745950529418,0.9989149684688073
pos_847,APGIIPR,7,1,development,2,493,0.9998781545632334,0.998907912548343,0.9993930335557881,0.9996351296390555,0.9991408484908606,0.9575144413964723,0.9391336679993529
pos_848,CF,2,1,development,3,494,0.9999999996899234,0.5292626398402381,0.7646313197650807,0.9990577968646588,0.6681060285144307,0.8652555535682697,0.8218812952660877
pos_850,WIR,3,1,development,5,479,0.9999999999929898,0.9999999981592398,0.9999999990761148,0.999999,0.9999999986078973,0.9965469298198019,0.9999992138977374
pos_852,RNDDLNYIQ,9,1,development,4,495,0.012045863855775722,0.9844048723875601,0.49822536812166796,0.4673171439428846,0.7579483504951614,0.7343868460036477,0.9463005007811511
pos_853,QRNNPY,6,1,development,1,496,0.9997733883567161,0.9999801862676094,0.9998767873121628,0.9999329886034234,0.9999151006720625,0.9806528265740655,0.9990567661093969
pos_854,FPFF,4,1,development,5,497,0.9960206931076887,0.9999994920627737,0.9980100925852312,0.9999367963290086,0.9990260126479911,0.9921867381158261,0.9998437412976198
pos_855,WVRQAPGKGL,10,1,development,3,266,0.9995809079386644,0.6537842215045992,0.8266825647216318,0.9853182282205811,0.7557765166394994,0.7836239389169588,0.9464499083576389
pos_856,HLHP,4,1,development,1,13,0.999999999992021,0.9999999996670235,0.9999999998295223,0.999999,0.9999999997693101,0.9950509313796162,0.9999999010985685
pos_857,RHF,3,1,development,2,23,0.9999999999439311,0.9999999999977445,0.9999999999708378,0.999999,0.9999999999848249,0.9967757690249403,0.9999998854052006
pos_858,RYLGYLE,7,1,development,4,40,0.9907421263882673,0.9990989802241305,0.9949205533061989,0.997105461651109,0.9971527195971113,0.9371934591837926,0.9590638303292711
pos_859,LTADILPR,8,1,development,2,498,0.9991404367234137,0.6004177680414808,0.7997791023824472,0.9766314019321908,0.696143204795593,0.7194327178545039,0.6563875516980108
pos_860,TGGGNV,6,1,development,3,499,0.99999996455146,0.9999999289950542,0.9999999467732571,0.999999,0.9999999394823711,0.9950438641312124,0.9999937956523294
pos_862,LHM,3,1,development,1,121,0.9999999999990181,0.9999999999999862,0.9999999999995022,0.999999,0.9999999999996815,0.9950509313796162,0.9999999961512758
pos_863,LLR,3,1,development,3,3,0.9999999949226068,0.9999999999782494,0.9999999974504281,0.999999,0.9999999984870941,0.9950438641312124,0.9999988140357533
pos_864,FRAL,4,1,development,4,500,0.999999793523999,0.9999999999965352,0.9999998967602671,0.999999,0.9999999519103324,0.9960967849721714,0.9999999072950517
pos_865,SKVLPVPQKAVPYPQ,15,1,development,5,173,0.999969620951543,0.9440645452937663,0.9720170831226547,0.998660156277723,0.9577426529209848,0.8882885479947425,0.976875783480038
pos_866,QYVLSRYPSYGLN,13,1,development,1,501,2.730748796893777e-05,0.027697269724056575,0.013862288606012756,0.0008812145463460664,0.018988690594230802,0.1266125070859989,0.07848053276550439
pos_868,LLES,4,1,development,5,502,0.9999999998209832,0.999977259544105,0.9999886296825441,0.9999952312707263,0.9999828233314885,0.9913374633786942,0.9999449240575167
pos_869,LAC,3,1,development,5,294,0.9999999998881459,0.9996096652379258,0.9998048325630359,0.999980239632061,0.9997051671095094,0.9801254687673365,0.9997764589979031
pos_870,DHHQ,4,1,development,1,503,0.999999999990784,0.9999999998228064,0.9999999999067952,0.999999,0.9999999998756739,0.9950509313796162,0.9999998558507613
pos_871,EFFDVSNEQ,9,1,development,2,225,0.9029575415766548,0.9996670945214613,0.951312318049058,0.994053114274687,0.9764490411698936,0.9457447851379253,0.9732578923889845
pos_872,RPDFDLEPPY,10,1,development,2,504,1.0736668866768328e-06,0.9710903071169966,0.4855456903919417,0.005969566087948768,0.7379509641583405,0.4965112926184078,0.35818628515288414
pos_873,ASPKPSSA,8,1,development,3,505,0.9994889238380559,0.9996837520988978,0.9995863379684768,0.999597967009116,0.9996262877498743,0.9580834751389585,0.9859896342597759
pos_874,IAYKPAG,7,1,development,4,506,0.9999394245729674,0.9997600557685365,0.999849740170752,0.9998794363744876,0.9998018296763534,0.9723649947832732,0.9927456660085412
pos_875,LHALLL,6,1,development,1,507,0.999999856841897,0.9983406284573552,0.9991702426496261,0.9999592324175838,0.9988628381213203,0.9657078991917573,0.973844972300336
pos_876,EERYP,5,1,development,1,457,0.9999450328171382,0.9999999996654105,0.9999725162412744,0.9999925858618652,0.9999826999255839,0.9923881464620335,0.9999964479354344
pos_877,IFVPH,5,1,development,4,79,0.9999992157988521,0.9999999938420858,0.9999996048204689,0.999999,0.9999998126405305,0.9960967849721714,0.9999951682079201
pos_878,QWFH,4,1,development,5,508,0.9999869409021711,0.9999988386300912,0.9999928897661312,0.999996105575678,0.9999959276528482,0.9953506814283118,0.9999734134456739
pos_879,MHIRL,5,1,development,2,509,0.9999727373241222,0.9808028599167172,0.9903877986204197,0.9992700376996337,0.9854051688183223,0.9134630966094937,0.9763506143024593
pos_880,KHFLA,5,1,development,3,510,0.999999411710924,0.9976682236331116,0.9988338176720177,0.9999516574450056,0.9983558046070622,0.9661972329075732,0.994777578441149
pos_881,AYFYPEL,7,1,development,5,48,0.982599376075864,0.9912727590292102,0.9869360675525372,0.9876676204463262,0.9891506714703957,0.8815778855035954,0.9623301521181442
pos_882,LPF,3,1,development,3,3,0.9999999415022492,0.9999999986647228,0.9999999700834861,0.999999,0.9999999818047236,0.9950438641312124,0.999996156011071
pos_883,LRIPVA,6,1,development,4,511,0.9999999677039958,0.999999976827663,0.9999999722658294,0.999999,0.9999999747028161,0.9960967849721714,0.9999832450320962
pos_884,LWT,3,1,development,3,3,0.9999999259132312,0.9999994526047814,0.9999996892590063,0.999999,0.9999995922065099,0.9950438641312124,0.9998712602711272
pos_885,KLL,3,1,development,3,34,0.9999999998807452,0.9999999999980671,0.9999999999394061,0.999999,0.9999999999634632,0.9950438641312124,0.9999993289597462
pos_886,GVSKVKEAMAPKH,13,1,development,1,512,0.06481487624035026,0.011812922825923083,0.03831389953313667,0.027978443355996235,0.028494250447790543,0.21183495301124897,0.14681417351944623
pos_887,WPRGYFL,7,1,development,5,513,0.9893381425675329,0.9892740934296608,0.9893061179985969,0.9893061654317662,0.9892897641177144,0.8802682960410684,0.9779272057938477
pos_888,PSYV,4,1,development,2,514,0.9999999992350144,0.9999999997851428,0.9999999995100786,0.999999,0.9999999996530677,0.9967757690249403,0.9999984531186138
pos_889,LAGNPHQQQQN,11,1,development,3,515,0.9999814296300626,0.9964754444423476,0.9982284370362051,0.9997437747659157,0.9975095303374194,0.9482675584355593,0.9940046924106878
pos_892,PYSFK,5,1,development,2,516,0.9999864356979851,0.9999999998042286,0.9999932177511068,0.9999963170121291,0.9999967433302522,0.995901360391757,0.9999974135509349
pos_893,VTAGLVGGGAGK,12,1,development,4,517,0.9998799971234164,0.9994303959254097,0.999655196524413,0.9997385319752425,0.9995351053204437,0.9624784854617707,0.9992169681689854
pos_894,RHPHPHLSFM,10,1,development,3,178,0.005980786726515652,0.7635444523812802,0.38476261955389796,0.12233555156949844,0.5401020077248008,0.4802529014606241,0.9809396590534649
pos_895,AMRLTGNRPCIGAT,14,1,development,5,9,9.516169522002089e-07,0.031255026031538555,0.01562798882424538,0.00017958804277860125,0.023608196318817453,0.10180228826290401,0.00799731392566401
pos_897,GSPGADGPIGAPG,13,1,development,1,53,0.9152788187705291,0.240293668600728,0.5777862436856286,0.6489430424737648,0.4527320355763303,0.5250302459668456,0.5332608473353481
pos_898,CW,2,1,development,1,518,0.9999999999307732,0.9999998877925406,0.9999999438616569,0.999999,0.9999999230858547,0.9950509313796162,0.9998549725579525
pos_899,HYY,3,1,development,2,23,0.9999999999990885,0.9999999999999056,0.9999999999994971,0.999999,0.9999999999997095,0.9967757690249403,0.9999999995849587
pos_900,HQIYPV,6,1,development,5,519,0.9999999997703075,0.9999999998923859,0.9999999998313467,0.999999,0.9999999998625174,0.9965469298198019,0.999999024335019
pos_901,NVPGEIVE,8,1,development,3,520,0.9999999874097293,0.9628088682970297,0.9814044278533796,0.9998034991082868,0.9737783418222279,0.9338815305413573,0.9958221729235207
pos_902,GEPGPPGPPGPPGPPG,16,1,development,1,53,0.10631754852375153,0.06834599148067719,0.08733177000221436,0.08543838441595888,0.0802967959801871,0.3154872443339828,0.011257622663564592
pos_904,PAW,3,1,development,5,11,0.9999999998029887,0.9999999988556698,0.9999999993293293,0.999999,0.9999999990874473,0.9965469298198019,0.9999985717289381
pos_905,YVM,3,1,development,1,15,0.9999999999969558,0.9999999999999867,0.9999999999984712,0.999999,0.9999999999990328,0.9950509313796162,0.9999999931703432
pos_906,QCL,3,1,development,3,34,0.9999999997811173,0.9999979766763054,0.9999989882287114,0.9999985775640418,0.99999857338851,0.994089237445775,0.9996498455025565
pos_907,LLPH,4,1,development,3,44,0.9999999999947862,0.9999999997317115,0.9999999998632488,0.999999,0.9999999998093051,0.9950438641312124,0.9999995696657753
pos_908,GGWFL,5,1,development,4,40,0.993234878993286,0.9999997909565868,0.9966173349749363,0.9999174767772772,0.9984242839466495,0.9911198217140756,0.9999844274919113
pos_910,LPWRPATNVF,10,1,development,2,521,0.002483922017828126,0.9971609366718359,0.499822429344832,0.48325732401849614,0.7583586333771957,0.8071227877305513,0.9633343327440232
pos_911,PKYPVEPF,8,1,development,4,100,0.999997028417727,0.9996552016326985,0.9998261150252128,0.9999679861352142,0.9997348110199186,0.9767397855573812,0.9992553873220126
pos_912,NWEKIR,6,1,development,3,522,0.9982678790511952,0.9933260049184793,0.9957969419848373,0.996597232518427,0.9947836044410809,0.9019468562585279,0.9917327481162158
pos_913,GYLEQ,5,1,development,5,277,0.9999999554055579,0.997143673192912,0.9985718142992349,0.9999464817316639,0.9978425101957888,0.9647103349448877,0.9946078685973517
pos_914,LAQGTFLQPHQ,11,1,development,2,217,0.9150210819921991,0.999357677900656,0.9571893799464275,0.9923332106635777,0.9791101271296409,0.9350729621226023,0.9946642908257265
pos_915,YGL,3,1,development,1,15,0.9999999999973734,0.9999999999890161,0.9999999999931948,0.999999,0.9999999999916465,0.9950509313796162,0.9999997540991196
pos_916,KDVPP,5,1,development,4,523,0.999726541791148,0.9999998972463701,0.999863219518759,0.9999834614319054,0.9999362344170172,0.993414327489797,0.9995064785381119
pos_917,YEGS,4,1,development,1,524,0.9999999999921885,0.9999997330946708,0.9999998665434296,0.999999,0.9999998170954414,0.9950509313796162,0.9999869359466522
pos_919,YYS,3,1,development,2,23,0.9999999999976961,0.9999987262847024,0.9999993631411992,0.9999988714100309,0.9999990320780324,0.9965248053453019,0.9999526658715693
pos_920,SALAM,5,1,development,5,525,0.9999999983426557,0.999989647263529,0.9999948228030924,0.9999967824252329,0.9999921798273917,0.9931254460422372,0.9996156411238485
pos_922,LHA,3,1,development,3,3,0.9999999999744311,0.9999999999990881,0.9999999999867596,0.999999,0.9999999999918157,0.9950438641312124,0.999999700799558
pos_923,YQGPIVLNPWDQVK,14,1,development,5,526,0.24467784571974227,0.01564881479264841,0.13016333025619534,0.06695737050264595,0.07168458073910894,0.24400602324165155,0.24513623996207767
pos_924,YIY,3,1,development,2,23,0.9999999999899274,0.9999999998579334,0.9999999999239304,0.999999,0.9999999998896225,0.9967757690249403,0.9999995887090014
pos_925,LTEIIP,6,1,development,2,527,0.9999986909523605,0.8037150236856246,0.9018568573189926,0.9994349003896387,0.8508388549915283,0.8644247589870849,0.8578074848671584
pos_926,VEEPPKEE,8,1,development,3,528,0.9999917586210453,0.9997721458357464,0.9998819522283958,0.9999566627969506,0.9998369203488993,0.9756899438402704,0.9951892647297732
pos_927,AMRLTGNRPCLYAT,14,1,development,5,9,1.472592930871743e-07,0.0006267326237885591,0.0003134399415408231,2.5041862602451748e-05,0.00047342808118005993,0.03409053720000893,0.0005634969580134312
pos_928,LLCVAV,6,1,development,4,4,0.9999999912394252,0.999866927725178,0.9999334594823016,0.9999884636640229,0.9998979174114593,0.9839676281042854,0.9859622379526264
pos_929,TVYQ,4,1,development,4,529,0.9999999999822096,0.999999958006655,0.9999999789944323,0.999999,0.9999999677825072,0.9960967849721714,0.9999866711765995
pos_930,KHH,3,1,development,2,23,0.9999999999996663,0.9999999999989486,0.9999999999993074,0.999999,0.9999999999991209,0.9967757690249403,0.9999999902628426
pos_931,VHHANEN,7,1,development,1,530,0.9999995094563695,0.9998464785535087,0.9999229940049391,0.9999876088189704,0.9998946420354643,0.981463136869976,0.9953433456885372
pos_932,HQPPQPLPPTVMFPPQSVL,19,1,development,3,232,0.855965949321914,0.2554812725131042,0.5557236109175091,0.5881435010999694,0.4325934681580071,0.540012781456082,0.20934897779067715
pos_933,NGPLLPSDEMDRA,13,1,development,5,531,0.9847915590236158,0.6690478494329243,0.8269197042282701,0.919622619456835,0.7462998053883392,0.6959799105486741,0.9066276908692407
pos_934,FYQL,4,1,development,3,0,0.9999999815076753,0.9999999999998566,0.999999990753766,0.999999,0.9999999945456112,0.9950438641312124,0.9999999779913227
pos_935,GNPIPREPGQVPAY,14,1,development,2,532,0.9337795225821557,0.9994780098904041,0.9666287662362799,0.993951001567504,0.9837051008344523,0.9402958829666981,0.9929838126501541
pos_936,TPCPPQ,6,1,development,4,533,0.9999844649552434,0.9999999287359735,0.9999921968456085,0.9999960585308362,0.9999963273151313,0.994958578581024,0.9997042968210016
pos_937,TF,2,1,development,3,534,0.9999999999555986,0.999969683642268,0.9999848417989333,0.9999944939148843,0.9999786254005264,0.9883963552222269,0.9986339777217994
pos_938,WYGPD,5,1,development,5,48,0.999999999772905,0.9999393182888191,0.999969659030862,0.9999922099737559,0.9999541650242996,0.9884498601336462,0.9999594091452583
pos_939,WYSLAMAASDI,11,1,development,4,535,0.013923422600059037,0.09325175743751138,0.05358759001878521,0.03670800512157312,0.07477666887744293,0.3015987601155846,0.1514880709058049
pos_940,LVSK,4,1,development,1,13,0.9999999999128784,0.9999999999119269,0.9999999999124026,0.999999,0.9999999999122262,0.9950509313796162,0.9999995446134617
pos_941,ICNIMC,6,1,development,1,536,0.9102705727894896,0.7838900582418274,0.8470803155156585,0.8584787822545537,0.8236658520074942,0.6770025154155785,0.8476347329147248
pos_942,ETW,3,1,development,2,23,0.9999998333074471,0.9999999999999625,0.9999999166537048,0.999999,0.9999999599803822,0.9967757690249403,0.9999999602528982
pos_943,LHS,3,1,development,3,3,0.9999999999965294,0.9999999999705165,0.999999999983523,0.999999,0.999999999978189,0.9950438641312124,0.9999995964892553
pos_944,GSIFVPH,7,1,development,5,537,0.9959977910568507,0.9999152906276937,0.9979565408422721,0.9994168886396979,0.9989568091279533,0.9715059922996593,0.9988440753447471
pos_945,MRWRD,5,1,development,2,538,0.7265103082262939,0.9581776488981217,0.8423439785622078,0.8863809374041923,0.9025588965438007,0.7732663148846406,0.913250310812403
pos_946,PQIPEQF,7,1,development,3,539,0.9999891630807367,0.9868381449770284,0.9934136540288825,0.9996199630884178,0.9907170211270275,0.9332489267271603,0.9906862657728716
pos_947,PAGSAAGAAP,10,1,development,4,540,0.9999997370400023,0.9396890245958838,0.9698443808179431,0.999746722678194,0.9537350241218924,0.910260094378648,0.8659828989165124
pos_948,RYQ,3,1,development,2,23,0.9999999999982352,0.9999999999999194,0.9999999999990773,0.999999,0.999999999999515,0.9967757690249403,0.9999999981916108
pos_949,WK,2,1,development,1,541,0.999999999884889,0.9999996878963847,0.9999998438906368,0.999999,0.9999997860886609,0.9950509313796162,0.9999941619902197
pos_950,DVFNPR,6,1,development,5,45,0.9960659382563007,0.9999999379467736,0.9980329381015371,0.9999371580770762,0.9990374194180244,0.9921955437287671,0.9999526293892559
pos_951,FSGGE,5,1,development,5,542,0.9999999979082159,0.9999999992327666,0.9999999985704913,0.999999,0.9999999989086932,0.9965469298198019,0.9999887329606578
pos_952,GVPLT,5,1,development,3,67,0.9999021880749634,0.9999917934201653,0.9999469907475644,0.9999716673158415,0.9999653644369737,0.9857909796720684,0.9995283471675562
pos_953,DGDPLLDQ,8,1,development,2,543,0.9999982405267733,0.9985418247509525,0.9992700326388629,0.9999493136018177,0.9988914814100457,0.9682201500343888,0.9117796490069067
pos_954,LVP,3,1,development,2,544,0.9999999998957538,0.9999999999962812,0.9999999999460175,0.999999,0.9999999999721466,0.9967757690249403,0.9999995691702181
pos_955,YHY,3,1,development,2,23,0.9999999999994695,1.0,0.9999999999997348,0.999999,0.9999999999998727,0.9967757690249403,0.999999999757474
pos_956,FDRR,4,1,development,3,545,0.9999999814009127,0.9999994950672026,0.9999997382340577,0.999999,0.999999638510715,0.9950438641312124,0.9999200561807328
pos_959,SEALGVSSQVARQ,13,1,development,4,546,0.023662580409974987,0.026336479739306407,0.024999530074640695,0.02496467111060016,0.02571374478575759,0.23537536157762046,0.09623078351120329
pos_960,RGWYE,5,1,development,1,547,0.9999999927451289,0.9999999443037157,0.9999999685244223,0.999999,0.9999999595497024,0.9950509313796162,0.9999297268815507
pos_961,WIRGCRL,7,1,development,2,140,0.9998732959421622,0.9889519998005916,0.9944126478713768,0.9988116056256015,0.9915739872750655,0.9159909660175543,0.9681470599142284
pos_962,RGY,3,1,development,2,23,0.9999999999833951,0.9999999999617311,0.9999999999725631,0.999999,0.9999999999669322,0.9967757690249403,0.9999997656880487
pos_963,FVAPAGTINY,10,1,development,5,548,0.9998210019942038,0.9230698175829176,0.9614454097885607,0.9961521357248169,0.941848272822304,0.8577549434662468,0.9444205263778157
pos_964,HHW,3,1,development,2,23,0.9999999999985629,0.9999999995675697,0.9999999997830663,0.999999,0.9999999996710427,0.9967757690249403,0.9999998978468969
pos_965,HLH,3,1,development,2,23,0.9999999999998734,0.9999999999600102,0.9999999999799418,0.999999,0.9999999999695806,0.9967757690249403,0.9999999714628999
pos_966,YVNDAATLLPR,11,1,development,2,549,0.7931695588101697,0.009553655939093686,0.40136160737463167,0.16130541616757235,0.19768435539937412,0.2394917138165126,0.2742259359544638
pos_967,RWW,3,1,development,2,23,0.9999999986098385,0.9999999894937684,0.9999999940518034,0.999999,0.9999999916823568,0.9967757690249403,0.9999896981262332
pos_968,YDYD,4,1,development,3,550,0.9999999988281716,0.9999999999433995,0.9999999993857855,0.999999,0.9999999996144644,0.9950438641312124,0.9999920540156378
pos_969,DLGSTGGRGPSAGM,14,1,development,4,551,0.9457937653322346,0.9314258669769598,0.9386098161545973,0.9390041979541474,0.9347720634536624,0.7773382994552968,0.9965217315027116
pos_970,AMRLTYNKPCLYGT,14,1,development,5,9,4.53746860950746e-09,0.0009242891604418627,0.0004621468489552361,3.0415274290497676e-05,0.0006981475372983371,0.038091219326342664,0.0006714394384319151
pos_971,QGPPGPAGPA,10,1,development,1,53,0.9982587553624167,0.16716870606942566,0.5827137307159211,0.9147289189757459,0.4287380351680896,0.6008585130165512,0.49046388553194953
pos_973,NALEPDHRVESEGG,14,1,development,1,552,0.004602686981533009,0.9837821127957076,0.4941923998886203,0.3462404780792321,0.6756045504541622,0.6581118800885553,0.914734896144935
pos_974,DFYNPKA,7,1,development,5,553,0.6747640702023366,0.9919360093132538,0.8333500397577952,0.9410901786421054,0.9143346132244672,0.8460554798696744,0.9801387316247523
pos_975,HLLPK,5,1,development,1,13,0.99999999931747,0.999999776428147,0.9999998878728085,0.999999,0.9999998465781996,0.9950509313796162,0.9999971906997843
pos_976,WG,2,1,development,2,554,0.9999999999860574,0.9999997256318713,0.9999998628089644,0.999999,0.9999997914988921,0.9967757690249403,0.9996206324077973
pos_977,EVR,3,1,development,1,555,0.9999999993024808,0.9999999999999931,0.999999999651237,0.999999,0.9999999997804647,0.9950509313796162,0.9999999844481724
pos_978,RLKKY,5,1,development,5,48,0.9995683448271631,0.9999456186266059,0.9997569817268845,0.9998467739619142,0.9998533123096393,0.979790693519778,0.9990664287059378
pos_979,NGDPLLDQ,8,1,development,2,543,0.9999993955874089,0.9985536459132572,0.9992765207503331,0.9999619429341646,0.9989007418520278,0.9698614705922044,0.8635317495522143
pos_980,LER,3,1,development,3,3,0.9999999999430913,0.9999873723888334,0.9999936861659624,0.9999964464533905,0.9999910968699846,0.9906674074509585,0.9998620784753798
pos_981,KKY,3,1,development,3,556,0.9999999985079977,0.9999999999999851,0.9999999992539914,0.999999,0.9999999995599254,0.9950438641312124,0.9999999899832485
pos_982,EYW,3,1,development,2,23,0.9999999931714156,0.9999999999795881,0.9999999965755019,0.999999,0.9999999983450805,0.9967757690249403,0.9999955177823208
pos_983,HHF,3,1,development,2,23,0.999999999998118,0.999999999999539,0.9999999999988285,0.999999,0.9999999999991979,0.9967757690249403,0.9999999984059214
pos_984,TDY,3,1,development,2,23,0.9999999999610947,0.9999999143358687,0.9999999571484817,0.999999,0.999999934892794,0.9967757690249403,0.9999947814116099
pos_985,VIYVVDLR,8,1,development,5,236,0.009086510136339996,0.8524118050832795,0.43074915760980975,0.1870800181519594,0.6460782295837636,0.5650558473357158,0.8222302103414327
pos_986,VY,2,1,development,4,557,0.9999999999997553,0.9999999745546875,0.9999999872772214,0.999999,0.9999999804806896,0.9960967849721714,0.9999890110411447
pos_987,FALPQYLK,8,1,development,1,558,0.9999209859181168,0.9995763244408484,0.9997486551794826,0.9998170220915733,0.9996847998960074,0.961864162256123,0.9978839292426567
pos_988,TY,2,1,development,5,559,0.9999999999968123,0.9999997810453425,0.9999998905210774,0.999999,0.9999998346154653,0.9965469298198019,0.9999812759334202
pos_989,YP,2,1,development,2,560,0.9999999999700213,0.9999998594574644,0.9999999297137429,0.999999,0.9999998931917538,0.9967757690249403,0.9999592085496882
pos_990,VAAV,4,1,development,3,561,0.9999999980971384,0.9999999999982598,0.9999999990476991,0.999999,0.9999999994375265,0.9950438641312124,0.9999986920267557
pos_991,HNLDTQTESDV,11,1,development,4,562,0.9693050161582923,0.7053663144297629,0.8373356652940276,0.8968525782733455,0.7668360389469336,0.6899869260351124,0.9483524944270308
pos_992,LMCH,4,1,development,1,563,0.9999999999988236,0.9999999977924754,0.9999999988956495,0.999999,0.9999999984868801,0.9950509313796162,0.999997504326436
pos_993,KEFFPA,6,1,development,1,195,0.871388430574438,0.999996839501483,0.9356926350379605,0.9993174788881748,0.9595198595784151,0.976149120955026,0.9998615795902497
pos_994,APGPAGARGN,10,1,development,1,53,0.9999973635193345,0.9814743197096407,0.9907358416144876,0.9997769698336102,0.987304085264274,0.93015704564221,0.8623161654726683
pos_995,LKYPI,5,1,development,4,79,0.9999999938138369,0.999999992359549,0.999999993086693,0.999999,0.9999999926982437,0.9960967849721714,0.9999877700315669
pos_996,HYEG,4,1,development,5,564,0.9999999999898559,0.9999999999998941,0.999999999994875,0.999999,0.999999999997438,0.9965469298198019,0.9999999441821326
pos_997,FWG,3,1,development,2,565,0.9999999551091754,0.9999989956200743,0.9999994753646249,0.9999989978124298,0.9999992259744546,0.996771399914989,0.9997002751521805
pos_998,PWT,3,1,development,5,11,0.9999999942312696,0.9998151408162398,0.9999075675237548,0.9999864026282026,0.999860368282195,0.984008720852347,0.9996909453974895
pos_999,VLWEE,5,1,development,3,442,0.999999999492166,0.9999675135637605,0.9999837565279632,0.999994300249673,0.99997709524724,0.9881953825089077,0.9991451238047303
pos_1000,MFLG,4,1,development,3,566,0.999999040716563,0.9999999999446831,0.9999995203306231,0.999999,0.9999997170215629,0.9950438641312124,0.999844723827205
pos_1001,LWM,3,1,development,1,121,0.9999999998848428,0.999999874205686,0.9999999370452644,0.999999,0.999999913760741,0.9950509313796162,0.9999886498105244
pos_1002,CGFPGHC,7,1,development,4,567,0.39958496776991004,0.9827128703238657,0.6911489190468878,0.8601552477943057,0.8469059147939608,0.7959640413458121,0.9680743071121038
pos_1003,VKRP,4,1,development,1,568,0.9999891735131837,0.9999995869166646,0.9999943802149242,0.9999967096286516,0.9999963095017028,0.9936065564520082,0.9998903435575899
pos_1004,KVR,3,1,development,1,555,0.9999999987942738,0.99999999999999,0.9999999993971319,0.999999,0.9999999996205143,0.9950509313796162,0.9999999966599649
pos_1005,PWY,3,1,development,5,11,0.999999998548843,0.9999999999839959,0.9999999992664195,0.999999,0.9999999996328619,0.9965469298198019,0.9999998529375119
pos_1006,QTFQYSRGWTN,11,1,development,5,569,0.0002373146449894777,0.0009071953655694805,0.0005722550052794791,0.0004640446022751832,0.0007432978931900227,0.06338726224330239,0.00088447961541297
pos_1007,IKL,3,1,development,1,66,0.9999999968059314,0.9999990006083497,0.9999994987071406,0.999999,0.9999993141420435,0.9950509313796162,0.9999921612842262
pos_1008,FLWLKKTPLPL,11,1,development,2,570,0.2170043397650614,0.9988785029997854,0.6079414213824235,0.9401602101688685,0.8111659608214897,0.896221438838339,0.9696222681807739
pos_1009,ASGLCPEEAVPRR,13,1,development,3,571,0.9515973034213497,0.9908685584671505,0.9712329309442501,0.9788082201936973,0.979285551480434,0.8514901023711493,0.9616559720199772
pos_1010,TIIPLPV,7,1,development,4,572,0.9999999486514646,0.9999825322971319,0.9999912404742982,0.9999958205407707,0.9999865884605361,0.9910635431762533,0.9999609855711065
pos_1011,LLW,3,1,development,3,3,0.9999999982972441,0.999998788904448,0.999999393600846,0.9999988995021291,0.999999145613323,0.9948007511161666,0.999939061828285
pos_1012,VVKL,4,1,development,1,573,0.9999999994862212,0.9999999963267476,0.9999999979064844,0.999999,0.9999999973211301,0.9950509313796162,0.9999968420361668
pos_1013,YGGVSLPEW,9,1,development,5,574,0.9999983642419169,0.9998124875459234,0.9999054258939202,0.9999824850836903,0.9998579653746049,0.9831540476794166,0.9965055590920895
pos_1014,HAEIN,5,1,development,1,13,0.9999999999485314,0.9999095748208844,0.9999547873847079,0.9999904904402284,0.9999380343602476,0.9838507542290124,0.9999069451417959
pos_1015,WVSPLAGRT,9,1,development,2,575,0.9497842077124342,0.9887758376998648,0.9692800227061495,0.9760875267657139,0.9794147175442436,0.8613814734864331,0.9950086070407896
pos_1016,FVDAQPQQKEEG,12,1,development,3,576,0.999922413983237,0.9999727481266267,0.9999475810549319,0.9999540174867463,0.9999579021347207,0.981383562995075,0.9979191806341062
pos_1018,FPLEMMPF,8,1,development,4,577,0.9722317964770955,0.9966295901798525,0.984430693328474,0.9902676872445968,0.990947491844468,0.9014141121305475,0.9905509005306916
pos_1019,WRNRCKGTD,9,1,development,2,578,0.45418770525477664,0.01694140626710824,0.23556455576094243,0.10694473124770373,0.1219156056976967,0.24671746288884885,0.30294752186441765
pos_1020,KGLFG,5,1,development,4,4,0.9999993781718161,0.9999976860516098,0.9999985321117129,0.9999984788330076,0.9999980801361538,0.9950213399877116,0.9975940967729063
pos_1021,ARW,3,1,development,1,579,0.9999999993609843,0.9999999986744044,0.9999999990176943,0.999999,0.999999998890492,0.9950509313796162,0.9999978447160073
pos_1022,GPAGPTGARGAP,12,1,development,1,53,0.9996829676731162,0.782976256708272,0.8913296121906941,0.9907114666212037,0.8511804531686595,0.7956119515995903,0.8853829278751122
pos_1023,PHT,3,1,development,5,11,0.9999999997822777,0.999999999827907,0.9999999998050924,0.999999,0.999999999816743,0.9965469298198019,0.9999958815222761
pos_1024,AGGGGGGGGGGGKNL,15,1,development,3,361,0.9996824713224323,0.5775712439939594,0.7886268576581958,0.9849870882334271,0.7020724164065804,0.7752305829463378,0.2509205580234099
pos_1025,HHLGGAKQAGDV,12,1,development,5,580,0.7531792793553356,0.9802443704555321,0.8667118249054339,0.9248400451015664,0.9246891150890075,0.8135714535421645,0.975136280884636
pos_1026,VVLY,4,1,development,3,8,0.9999999999775755,0.999999999995939,0.9999999999867573,0.999999,0.9999999999905228,0.9950438641312124,0.9999994671557845
pos_1027,LSDLHAHKL,9,1,development,3,581,0.014307648125351685,0.008585183320402796,0.01144641572287724,0.011087114982632061,0.01027301707411551,0.1877683539884563,0.11411036725427852
pos_1028,GGRP,4,1,development,1,103,0.9999919535008197,0.9999999938732538,0.9999959736870367,0.9999971633600294,0.9999974633233751,0.9938071766440191,0.9999478551908428
pos_1029,FVPH,4,1,development,4,79,0.9999999997779196,0.9999999996408568,0.9999999997093882,0.999999,0.999999999672778,0.9960967849721714,0.99999979580519
pos_1030,HPLH,4,1,development,2,582,0.9999999999988252,0.9999999999998246,0.9999999999993249,0.999999,0.9999999999995846,0.9967757690249403,0.9999999963263781
pos_1031,MM,2,1,development,3,583,0.9999999999191664,0.9999999998220226,0.9999999998705945,0.999999,0.9999999998506751,0.9950438641312124,0.999934198537773
pos_1032,AVFPSIVGRPR,11,1,development,4,584,8.676885605127595e-05,0.914140961940037,0.45711386539804416,0.02949920088182679,0.7012632783162561,0.5087628288716798,0.8159418810009236
pos_1033,RVPSLM,6,1,development,5,585,0.9995165284115486,0.9999431057448466,0.9997298170781976,0.9998341310827938,0.9998387364973762,0.9792977409457979,0.9993074531976106
pos_1034,YLAGMN,6,1,development,1,586,0.9999999990547881,0.9998730256603077,0.9999365123575479,0.9999887311167747,0.9999129880514299,0.9823569574084162,0.9981579853636524
pos_1035,MN,2,1,development,5,587,0.9999999996186715,0.9995798847763623,0.9997899421975169,0.9999794993906772,0.9996826728678063,0.979696788740728,0.9999395042481529
pos_1036,FLPE,4,1,development,5,48,0.9999999990801138,0.9999998852313216,0.9999999421557177,0.999999,0.9999999130863243,0.9965469298198019,0.9999476013886919
pos_1037,RDY,3,1,development,2,23,0.999999999962216,0.999997867700931,0.9999989338315736,0.9999985397604578,0.9999983796147468,0.9959235787977226,0.9999513396703639
pos_1038,NMGPLLPQ,8,1,development,2,543,0.9999999180907506,0.9989205186481128,0.9994602183694317,0.9999671278548544,0.9991796611328384,0.9724122639956747,0.9982840161041813
pos_1039,QHH,3,1,development,2,23,0.9999999999989677,0.999999999999998,0.9999999999994829,0.999999,0.9999999999997506,0.9967757690249403,0.9999999992727977
pos_1040,PHA,3,1,development,5,11,0.9999999999481501,0.9999999188196093,0.9999999593838798,0.999999,0.9999999386690577,0.9965469298198019,0.9999966958233798
pos_1041,QLGNLGV,7,1,development,1,588,0.9999514161299201,0.9940819293856811,0.9970166727578006,0.9994624707810196,0.9959292354762186,0.9295586834564785,0.9128525240691304
pos_1042,AIILHQQ,7,1,development,5,277,0.999808235534086,0.9999725528507082,0.9998903941923971,0.999927448100862,0.999932349883172,0.9846925642631921,0.9985980697068864
pos_1043,MHH,3,1,development,3,3,0.9999999999901958,0.9999999999992397,0.9999999999947178,0.999999,0.9999999999965723,0.9950438641312124,0.9999998960844879
pos_1044,YGVSGYPTLK,10,1,development,2,589,0.9972745008796283,0.9999892334034646,0.9986318671415464,0.9998284926518437,0.9993374797487906,0.9861318803534578,0.9989142589662237
pos_1046,YGY,3,1,development,2,23,0.9999999999886773,0.999999985649245,0.9999999928189611,0.999999,0.9999999890918594,0.9967757690249403,0.9999769178960443
pos_1047,VFD,3,1,development,3,590,0.9999999985510071,0.9999999999962543,0.9999999992736307,0.999999,0.9999999995699805,0.9950438641312124,0.9999989007721567
pos_1048,PSIVGRP,7,1,development,4,591,0.9999962990275282,0.9870384498315585,0.9935173744295434,0.9997795934806154,0.9900562544020702,0.9344104584436951,0.9738109164107911
pos_1049,ACGSDGK,7,1,development,5,592,0.9999479684969411,0.8617718067858116,0.9308598876413763,0.9971193281141785,0.895578905500253,0.8488029694055356,0.443922011786755
pos_1050,MWC,3,1,development,2,593,0.9999999945946965,0.9999948944376276,0.999997444516162,0.9999977404490551,0.999996118884596,0.9946592442333236,0.9987146822647607
pos_1051,LVYLVR,6,1,development,3,8,0.9999990951250078,0.9999640858114485,0.9999815904682281,0.9999940070805222,0.9999744117641862,0.987897656920277,0.9985961067412351
pos_1052,WAFAPA,6,1,development,4,4,0.9999991202004141,0.9999979327550439,0.999998526477729,0.999998562208168,0.9999982093038763,0.995181446266592,0.9999224445982599
pos_1053,LHN,3,1,development,3,3,0.9999999999363804,0.9999999999999996,0.99999999996819,0.999999,0.9999999999812352,0.9950438641312124,0.999999998941616
pos_1054,PYVRYL,6,1,development,4,40,0.9999726760453355,0.9999995580924131,0.9999861170688743,0.9999947727212681,0.999993297426518,0.9946861072716321,0.9999468479463484
pos_1058,AEEEYPDL,8,1,development,4,594,0.9995712747985949,0.7609713501691225,0.8802713124838587,0.9885260861857228,0.8165398270190108,0.7835005331616716,0.9507862237817865
pos_1059,LW,2,1,development,3,595,0.9999999999110205,0.9999999950560072,0.9999999974835139,0.999999,0.9999999964879873,0.9950438641312124,0.9999933587742947
pos_1060,LAYLQYTDFETR,12,1,development,4,596,3.638128049823379e-05,0.0012959255996324607,0.0006661534400653473,0.00021723218036918675,0.0010025853588595045,0.06462774610209938,0.03556769714690064
pos_1061,CGWKY,5,1,development,5,597,0.9999999994700945,0.975285399179078,0.9876426993245863,0.9998408370327783,0.9813322376596049,0.9347949030362583,0.9949886278691153
pos_1062,YLMSR,5,1,development,4,31,0.9999998412356431,0.9999999999607052,0.9999999205981742,0.999999,0.9999999629945999,0.9960967849721714,0.9999977762882755
pos_1063,ISELGW,6,1,development,1,37,0.9999802160630645,0.48745534706897986,0.7437177815660222,0.9954597184949018,0.6487625197913689,0.7867831537238508,0.865760403467775
pos_1064,PTGPNNGLSY,10,1,development,2,598,0.9665269114243612,0.9999870848971574,0.9832569981607593,0.9993316525425684,0.9919539581874571,0.9815321585880717,0.999307319270492
pos_1065,YYIVS,5,1,development,3,599,0.9999999996327418,0.999998625645658,0.9999993126391999,0.9999988276713844,0.99999903090141,0.9946337648519606,0.9999866236703064
pos_1066,VGALAVVVWLWLWLW,15,1,development,4,600,4.959365783939806e-05,0.9788641403206058,0.4894568669892226,0.045734538028534485,0.7509041627094254,0.6013232034112194,0.5952004705135515
pos_1067,LHSMK,5,1,development,1,601,0.999999995997163,0.9999999646197598,0.9999999803084614,0.999999,0.9999999744951833,0.9950509313796162,0.9999880943953054
pos_1068,INNQFLPYPYYAKPA,15,1,development,1,602,0.01861111493685137,0.06434605809285877,0.04147858651485507,0.03485472530905032,0.0499518797389497,0.27086530810483483,0.2105200818474892
pos_1069,TAAIVNTA,8,1,development,5,603,0.9999992214509645,0.9758572491284095,0.987928235289687,0.9998427349770669,0.9817639846417047,0.9352266203769247,0.9829806451484899
pos_1070,PEL,3,1,development,4,116,0.9999999998265314,0.9999999999531093,0.9999999998898204,0.999999,0.9999999999236301,0.9960967849721714,0.9999999699678193
pos_1071,LGY,3,1,development,3,3,0.9999999999120213,0.9999910514122332,0.9999955256621272,0.999997008575046,0.9999936907609235,0.9914345421414781,0.9998092575898171
pos_1072,VKEAMPK,7,1,development,3,164,0.9999995736263153,0.999997448379019,0.9999985110026672,0.9999984026203045,0.9999980752180202,0.9937366151648199,0.9990508663201081
pos_1073,VPVTST,6,1,development,4,286,0.9999999831498217,0.9999138246371453,0.9999569038934835,0.9999907166129164,0.9999338904327423,0.9858473002055369,0.9988416289671588
pos_1074,QAY,3,1,development,2,23,0.9999999999573275,0.9999999999993923,0.9999999999783599,0.999999,0.9999999999892933,0.9967757690249403,0.9999999794809564
pos_1075,RPEELGPNK,9,1,development,2,604,0.9760023907149128,0.9997998095718927,0.9879011001434028,0.9977860840951401,0.9940865193763906,0.959013013570436,0.9979015005125488
pos_1076,NM,2,1,development,3,605,0.9999999995336224,0.9999988885709867,0.9999994440523046,0.9999989457566617,0.9999992162480105,0.9949111949946722,0.9998312590706534
pos_1078,YQETSSSSSQE,11,1,development,4,302,0.9975191471239497,0.6925657651108329,0.8450424561173913,0.9678419339106916,0.7635875601721958,0.7351133146681512,0.7699644334675098
pos_1080,YQLD,4,1,development,5,48,0.9999999999474929,0.9999997966825622,0.9999998983150276,0.999999,0.9999998464147121,0.9965469298198019,0.9999650455031908
pos_1081,TSNLLT,6,1,development,2,390,0.9999999214039919,0.9997895627756892,0.9998947420898405,0.9999854922220605,0.9998400657271161,0.9832249046254978,0.9990375655481755
pos_1082,QLPLL,5,1,development,1,606,0.9999953645626819,0.9998599338969456,0.9999276492298137,0.9999745180748223,0.999902558048692,0.9787055138964849,0.9956415944686368
pos_1083,KYY,3,1,development,2,23,0.9999999999839575,0.9999999999993479,0.9999999999916527,0.999999,0.9999999999956529,0.9967757690249403,0.9999999955703187
pos_1084,IGPSSSPDIYNPEAGRIK,18,1,development,4,607,1.4627253585442865e-05,0.9852392166589045,0.49262692195624497,0.03029969426995005,0.7557863789292665,0.599423103722476,0.8298369440996495
pos_1085,LHR,3,1,development,3,3,0.9999999999598295,0.9999999999999991,0.9999999999799143,0.999999,0.9999999999881511,0.9950438641312124,0.9999999916741816
pos_1087,NPPADLHK,8,1,development,1,608,0.9007084106808011,0.98623040904432,0.9434694098625606,0.9622494637864117,0.9593140336718164,0.8203324334609723,0.6350581003479503
pos_1088,YYA,3,1,development,2,23,0.9999999999938229,0.9991219479281737,0.9995609739609983,0.9999703559027711,0.999332750884913,0.9740848883082034,0.9988977135950238
pos_1089,VKVLLEHPVL,10,1,development,5,609,0.9998339985956013,0.9993167461682202,0.9995753723819107,0.9996631899151003,0.9994433005872763,0.9618128216479165,0.9964290547124031
pos_1090,LLRSVGVPL,9,1,development,2,610,0.04358100239494107,0.9463851576674374,0.49498308003118924,0.4728079708890805,0.7296397131393597,0.6835784219723874,0.9877081797618111
pos_1091,AFWYGLPCKL,10,1,development,3,611,0.029457784480241844,0.9976042226888512,0.5135310035845465,0.7804646359962925,0.7120506557132961,0.7909409710529989,0.9866136519350029
pos_1092,GPPGPPGPPGPPG,13,1,development,1,53,0.49596359719894845,0.42592193744070633,0.4609427673198274,0.4607490204430977,0.447966179177815,0.5167798305940625,0.01611999711424963
pos_1093,SGGY,4,1,development,4,612,0.9999999998801623,0.9999585285070606,0.9999792641936114,0.9999935600683075,0.9999681869385948,0.9885325068945996,0.9998806990256005
pos_1094,TCSP,4,1,development,1,72,0.9999999979822658,0.9999999304277911,0.9999999642050285,0.999999,0.9999999516892399,0.9950509313796162,0.9999441301784149
pos_1095,AMRLTYNRPGIYAT,14,1,development,5,9,2.3042405319064765e-06,0.0007816078413614271,0.0003919560409466668,4.245317860657373e-05,0.0005909382393439523,0.03931706470834537,0.0008036736799169824
pos_1096,YLGY,4,1,development,4,55,0.9999999999931486,0.9999998869371124,0.9999999434651305,0.999999,0.9999999132671782,0.9960967849721714,0.999990807701534
pos_1097,DHTKE,5,1,development,1,503,0.9999919312622321,0.9999981423096731,0.9999950367859526,0.9999961284048731,0.9999961875040373,0.9927082458528415,0.9998902468796097
pos_1098,DAQEFKR,7,1,development,2,613,0.8470490832278945,0.9999996549425367,0.9235243690852156,0.9995752460135992,0.9632792439170608,0.9902031962805979,0.9996725873325414
pos_1099,DVPPYM,6,1,development,5,585,0.9962693382245251,0.9999368112898022,0.9981030747571636,0.9995137867246998,0.9990395029378045,0.9739900491690634,0.9969909251110091
pos_1100,PIGSENS,7,1,development,1,614,0.9999155706027392,0.9596683968074838,0.9797919837051114,0.9981197742989574,0.9723354071473356,0.8810234522182778,0.9800899834207378
pos_1102,HLQDFGSEILPR,12,1,development,5,615,0.877495488244572,0.006753499340365513,0.44212449379246876,0.1807910754398815,0.21979502552803773,0.25430034363608506,0.5115458734902701
pos_1103,AQIPQQ,6,1,development,4,79,0.9999995090943382,0.9999986467983752,0.9999990779463568,0.9999988367280367,0.9999988476218806,0.9957387160219574,0.9999423443703447
pos_1104,RHT,3,1,development,2,23,0.9999999999835296,0.9999999999981057,0.9999999999908177,0.999999,0.9999999999946063,0.9967757690249403,0.999999924787662
pos_1105,NGRFY,5,1,development,3,73,0.9999996976125993,0.9999968663299226,0.999998281971261,0.9999982297819523,0.9999977014131658,0.9934068775946763,0.99940182078997
pos_1106,QGLQGLPGT,9,1,development,2,616,0.9997681329366707,0.9999997308877002,0.9998839319121855,0.9999847712769284,0.9999441287944284,0.9946790775178215,0.9999366789357534
pos_1108,VDHDHPE,7,1,development,4,480,0.9999999651222554,0.9999999827419906,0.999999973932123,0.999999,0.999999978638461,0.9960967849721714,0.9999894088397614
pos_1109,KNILE,5,1,development,3,617,0.9999999618860401,0.9999940265818161,0.9999969942339282,0.9999975559397225,0.9999957771922872,0.9922554356639527,0.999880278577793
pos_1110,VAWRNRCKGTD,11,1,development,2,578,0.0002116049038006526,0.48247700653340175,0.24134430571860122,0.013852374901335446,0.3666946098239299,0.3452173441100202,0.4617571824461157
pos_1111,DLSDGEQGVL,10,1,development,4,618,0.8587287941892877,0.06936573222954491,0.4640472632094163,0.40230962139947013,0.2532036068759176,0.4097007903317273,0.6300114712382645
pos_1112,GLDIQK,6,1,development,4,330,0.999999035594188,0.9580488060961497,0.9790239208451689,0.9997907874690728,0.9678187603839781,0.9189540075107561,0.977204915918056
pos_1113,PLPPHMLP,8,1,development,1,221,0.9991766724946074,0.9990742886499527,0.99912548057228,0.9991269788636945,0.9991065119614695,0.9408633775609426,0.9919741919732997
pos_1114,VAITLTMK,8,1,development,1,619,0.9267787381405175,0.8534489418938105,0.890113840017164,0.895675357225582,0.8765280602438736,0.7087749953975311,0.9084175368671011
pos_1116,EYY,3,1,development,2,23,0.9999999999576137,0.9999999999995193,0.9999999999785665,0.999999,0.9999999999894587,0.9967757690249403,0.9999999682808868
pos_1117,YPFVE,5,1,development,4,4,0.9999995309285692,0.9999948939163175,0.9999972124224433,0.9999977403337006,0.9999959738483768,0.9937381359658951,0.9995168769594844
pos_1118,LPGPILSSFPQ,11,1,development,5,620,0.9993909579649272,0.997179509204161,0.998285233584544,0.9986888216022315,0.9977205769660045,0.9356669945009646,0.9949915889162183
pos_1119,YPFPGPIN,8,1,development,4,4,0.9999975864749782,0.999341103954521,0.9996693452147496,0.9999601103084753,0.9994939947561297,0.9725668484488821,0.9995802336021296
pos_1120,LMRWMR,6,1,development,3,621,0.999903479006671,0.9999998855844916,0.9999516822955813,0.9999901751076203,0.9999714505863446,0.9915918162766593,0.9997534077362745
pos_1121,HC,2,1,development,2,622,0.9999999999925373,0.9999999999789078,0.9999999999857225,0.999999,0.9999999999821799,0.9967757690249403,0.9999999037902813
pos_1122,KYIPIQYVLS,10,1,development,1,185,0.0001356432510856796,0.6968638104693057,0.3484997268601957,0.017353258340676813,0.4775822543750585,0.35568683698064135,0.37596600567834965
pos_1123,YPFVEP,6,1,development,4,4,0.9999350938873847,0.999526037101757,0.9997305654945708,0.9998245894036847,0.9996213039487928,0.9662933443496188,0.978633170818346
pos_1124,FSEY,4,1,development,4,623,0.9999999996538449,0.9999502973818145,0.9999751485178296,0.9999929498625891,0.9999618727398412,0.9879188148280847,0.9998265144717696
pos_1126,AH,2,1,development,1,624,0.9999999999989135,0.9999998314678251,0.9999999157333693,0.999999,0.9999998845096871,0.9950509313796162,0.9999757298533245
pos_1127,EQEEEESTGRMK,12,1,development,5,625,0.7451597334010996,0.7370386927037897,0.7410992130524447,0.7411199334499443,0.7390256405326918,0.6498371938819776,0.7435659714198856
pos_1128,PKAV,4,1,development,2,626,0.9999999709083638,0.9999999999999583,0.999999985454161,0.999999,0.999999993015641,0.9967757690249403,0.9999999090215098
pos_1130,VAPEEHPV,8,1,development,3,627,0.9999999936316717,0.9999994760528118,0.9999997348422418,0.999999,0.9999996287120416,0.9950438641312124,0.9999786345272091
pos_1131,YPFPGPI,7,1,development,4,4,0.9999979254057977,0.999936121980743,0.9999670236932703,0.9999884879776879,0.9999505156239922,0.9861080948234231,0.9990333623734973
pos_1132,WYSLA,5,1,development,1,628,0.999999999893354,0.999997658102451,0.9999988289979025,0.9999984696738231,0.9999983951353103,0.9938064749118641,0.9999070607964284
pos_1134,NQNGRFY,7,1,development,3,73,0.8256937858580379,0.5386151845959027,0.6821544852269703,0.7016337236118961,0.6232886548040244,0.6086603011070558,0.6689453907812559
pos_1135,PAGY,4,1,development,4,629,0.999999999986156,0.9999980659051357,0.9999990329456458,0.9999986092825018,0.9999985163408874,0.9952735791271108,0.999915187780911
pos_1136,IPP,3,1,development,4,96,0.9999999402575233,0.9999592126696849,0.9999795764636041,0.9999936134114135,0.9999686978781378,0.9885873219328404,0.999078636712264
pos_1137,AHK,3,1,development,2,630,0.999999999997917,0.9999999999999973,0.9999999999989572,0.999999,0.999999999999498,0.9967757690249403,0.9999999930620904
pos_1139,FFGFN,5,1,development,1,631,0.9745506983903657,0.9993433727932853,0.9869470355918255,0.995874823478127,0.9915403637022125,0.9230415632221637,0.9988252209707488
pos_1140,YLLF,4,1,development,4,40,0.9999998132228012,0.9999999075348539,0.9999998603788276,0.999999,0.9999998855701482,0.9960967849721714,0.999983707788534
pos_1141,ISELGY,6,1,development,1,37,0.999999990962621,0.9995741596447281,0.9997870753036746,0.9999793601208178,0.9997081817187803,0.9758444728867903,0.9944232384258854
pos_1142,DGVVYY,6,1,development,4,209,0.9999999894684705,0.9997881699956316,0.999894079732051,0.9999854442818877,0.9998375014675132,0.9816842460669347,0.9677085254032715
pos_1143,VAPFPQ,6,1,development,4,79,0.9999999904389777,0.9999999921345125,0.9999999912867451,0.999999,0.9999999917396327,0.9960967849721714,0.9999928319063626
pos_1144,PGCPST,6,1,development,3,67,0.9999967298004951,0.9999980120841504,0.9999973709423228,0.9999974503171846,0.9999976338762089,0.9932506718117671,0.9999625526937724
pos_1145,GQVPP,5,1,development,5,632,0.9876302840912355,0.999949587992659,0.9937899360419473,0.9992060088840083,0.996935465166181,0.9726227698213372,0.997886992322586
pos_1146,SDEEVEH,7,1,development,2,633,0.9999997092410727,0.9999997718517263,0.9999997405463995,0.999999,0.9999997568201451,0.9967757690249403,0.999862420700823
pos_1147,SCQDQPTTLAR,11,1,development,3,634,0.004372140328181373,0.5685771166036622,0.28647462846592175,0.0706966944132216,0.4021655727271696,0.41558886142474977,0.7101069458638499
pos_1148,DDDY,4,1,development,4,635,0.9999999997024738,0.9999999181861889,0.9999999589443314,0.999999,0.9999999371708377,0.9960967849721714,0.9999811374068802
pos_1149,YQY,3,1,development,2,23,0.999999999996573,0.999999999986622,0.9999999999915975,0.999999,0.999999999989011,0.9967757690249403,0.9999998040390925
pos_1150,GKPVAVPA,8,1,development,5,28,0.999680407063561,0.0003437451363600074,0.5000120760999605,0.509108560690885,0.24484809929090237,0.20463260323130156,0.019944489123233218
pos_1151,SRGLPGME,8,1,development,1,636,0.9999996894307915,0.9756105728106396,0.9878051311207156,0.9998419137465909,0.9832865699869613,0.9321020499105375,0.9776903261002136
pos_1152,EGGDGGYGGGGGGSRW,16,1,development,3,361,0.015084711408840627,0.35977852062682814,0.18743161601783437,0.08489685586674481,0.25811151773136415,0.39899085400100254,0.13884612030977453
pos_1153,GWNI,4,1,development,5,42,0.9999997724354781,0.999899037162488,0.999949404798983,0.9999899515621224,0.9999236837243538,0.9865958233243861,0.9974062294594793
pos_1154,GKGEGGGGLA,10,1,development,5,637,0.9999994055825902,0.9999896199610375,0.9999945127718138,0.9999967781852623,0.9999920141762894,0.9931201201094684,0.9987042956818619
pos_1155,NIPPLTQTPVVVPFLQPEVM,20,1,development,2,638,0.00014370079804275373,0.22717277469692757,0.11365823774748517,0.006457792003558628,0.17266757857478618,0.26217849286876366,0.1473091132954691
pos_1157,RHD,3,1,development,2,23,0.9999999999936102,0.9999999999908835,0.9999999999922469,0.999999,0.9999999999915381,0.9967757690249403,0.9999999268586781
pos_1159,YYK,3,1,development,2,23,0.9999999999902622,0.9999999999827671,0.9999999999865147,0.999999,0.9999999999845666,0.9967757690249403,0.9999999106993247
pos_1160,ESTLHLVLR,9,1,development,3,639,6.7122264576127305e-06,0.5535526045929766,0.27677965840971713,0.002876590042000546,0.39028494402873143,0.24766774554517842,0.732358269263922
pos_1161,PHG,3,1,development,3,640,0.999999999398232,0.9999999999999998,0.9999999996991159,0.999999,0.9999999998225093,0.9950438641312124,0.9999999979406478
pos_1162,GPVRGPFPII,10,1,development,3,17,0.952051557484789,0.9707266372201784,0.9613890973524837,0.9624904975933248,0.9652184460813868,0.8099314343486106,0.9835689242033164
pos_1163,APFPEVFGKEKVNEL,15,1,development,4,641,0.0019328648244838322,0.5113119719739057,0.25662241839919475,0.043075057829339486,0.3926806640746865,0.4133972034580131,0.1481637417913446
pos_1165,EIVPN,5,1,development,1,642,0.9999999652354065,0.9999999925459274,0.9999999788906669,0.999999,0.9999999839504754,0.9950509313796162,0.99999609746549
pos_1166,LALPA,5,1,development,4,10,0.9999999999894837,0.9999999664319179,0.9999999832107008,0.999999,0.9999999742472716,0.9960967849721714,0.9999928604798013
pos_1167,YMY,3,1,development,2,23,0.9999999999574956,0.9999999999995566,0.9999999999785261,0.999999,0.9999999999894585,0.9967757690249403,0.999999984329627
pos_1168,GPSGPPGPKGN,11,1,development,1,53,0.6261766435173545,0.9999068673557161,0.8130417554365352,0.9925983334284033,0.882282593071052,0.9348632580292724,0.9977868520144351
pos_1169,ALEPDHR,7,1,development,5,643,0.9999995597621358,0.9999998952664012,0.9999997275142685,0.999999,0.9999998131796962,0.9965469298198019,0.9996362401884483
pos_1171,TWKVV,5,1,development,5,644,0.9999999971429383,0.9999994507340993,0.9999997239385188,0.999999,0.99999958442212,0.9965469298198019,0.9995201596125111
pos_1172,QGAR,4,1,development,2,645,0.999999998416266,0.999999991089784,0.9999999947530249,0.999999,0.9999999928487275,0.9967757690249403,0.9999311350895173
pos_1173,LWQ,3,1,development,3,3,0.9999999999125351,0.9999999999999998,0.9999999999562674,0.999999,0.9999999999742023,0.9950438641312124,0.9999999907953593
pos_1175,LSNLHAYNL,9,1,development,3,581,0.985929083161323,0.45537697240583513,0.7206530277835791,0.8844490203296241,0.6118626461774253,0.6618332987335036,0.7794728535512393
pos_1176,VLSTSFPPK,9,1,development,3,646,0.9865915210563868,0.9995744316677643,0.9930829763620755,0.9976003122938895,0.9957451386099254,0.9353976164850575,0.9676538350556432
pos_1178,NPFMAP,6,1,development,4,4,0.7687372373795343,0.9994716556917579,0.884104446535646,0.9875464065549834,0.9457350076087119,0.9264336440261229,0.9708525059448285
pos_1179,ADF,3,1,development,1,335,0.9999999933477739,0.9999999971542468,0.9999999952510104,0.999999,0.9999999959562339,0.9950509313796162,0.999999039594182
pos_1180,KGALG,5,1,development,4,4,0.9999999953027481,0.999999934261456,0.9999999647821021,0.999999,0.999999948477603,0.9960967849721714,0.9997690858423156
pos_1181,YPWT,4,1,development,3,647,0.9999999851646328,0.9999896100410129,0.999994797602823,0.9999967766461025,0.9999926701705972,0.9911098673180961,0.9999259879726066
pos_1182,WAFS,4,1,development,4,648,0.99999998486069,0.9999964686081303,0.9999982267344101,0.9999981207994786,0.9999972875220476,0.9943724263962167,0.9999837693382414
pos_1183,ANSLLN,6,1,development,4,470,0.9999989174964073,0.9937297041161332,0.9968643108062702,0.9999173602683317,0.9951897659293536,0.9519025200442565,0.9750924897420464
pos_1184,NSGPLVNP,8,1,development,1,649,0.9999997425396895,0.9999944283382252,0.9999970854389573,0.9999976395610394,0.9999961008791404,0.992219324925196,0.996775149465476
pos_1185,KYP,3,1,development,5,373,0.9999999994182454,0.9999999997625204,0.9999999995903829,0.999999,0.9999999996782878,0.9965469298198019,0.9999987319334847
pos_1186,LAPSTIK,7,1,development,5,650,0.999999588750396,0.7794406530076519,0.889720120879024,0.9994683320729123,0.833404069132899,0.8752703818284319,0.9809910052096648
pos_1187,PWA,3,1,development,5,11,0.9999999974244562,0.9999999957600398,0.999999996592248,0.999999,0.999999996167267,0.9965469298198019,0.9999972336074092
pos_1188,CTN,3,1,development,2,110,0.9999999979809182,0.9999999926678538,0.999999995324386,0.999999,0.9999999939434155,0.9967757690249403,0.9999997260293851
pos_1189,KGIFG,5,1,development,4,4,0.9999995716989263,0.9999984698203657,0.999999020759646,0.9999987629956669,0.9999987264412065,0.9955840318979703,0.9990416119018571
pos_1191,RWQ,3,1,development,2,23,0.999999999931851,1.0,0.9999999999659255,0.999999,0.9999999999836388,0.9967757690249403,0.9999999998638418
pos_1192,YAKP,4,1,development,4,10,0.999999999993058,0.9999999999302778,0.9999999999616679,0.999999,0.9999999999448989,0.9960967849721714,0.9999971508456627
pos_1193,TSVLR,5,1,development,2,651,0.9999999870581384,0.9999998368364766,0.9999999119473075,0.999999,0.9999998729017303,0.9967757690249403,0.9999734256115238
pos_1195,VCSV,4,1,development,3,652,0.9999999938445185,0.9999999993068749,0.9999999965756967,0.999999,0.9999999976957599,0.9950438641312124,0.9999832371203486
pos_1196,AGWNIPIGT,9,1,development,4,653,0.9944523651948177,0.9995631799767074,0.9970077725857626,0.9984410560017652,0.998372902178705,0.9508392023459133,0.9993811081031151
pos_1197,WDHHAPQLR,9,1,development,1,357,0.9999984097472765,0.022771500168990825,0.5113849549581336,0.9918066281302785,0.3303345462348206,0.6445302630624115,0.7942986551971475
pos_1198,SLPGGYGL,8,1,development,1,654,0.9999998547703597,0.975213296973167,0.9876065758717634,0.9998405991770051,0.9830143809822853,0.9318236444650505,0.9008336726332965
pos_1199,YEY,3,1,development,2,23,0.9999999999927023,0.9999999997323392,0.9999999998625207,0.999999,0.9999999997948472,0.9967757690249403,0.9999985584389119
pos_1200,RYLGY,5,1,development,4,55,0.9999999940717563,0.9994307135628443,0.9997153538173003,0.9999761340390909,0.9995632955442917,0.9757162206881039,0.9973928473816679
pos_1202,WGN,3,1,development,5,169,0.9999999999986862,0.999999999910903,0.9999999999547946,0.999999,0.9999999999323806,0.9965469298198019,0.999999877712182
pos_1203,GLPQEVLN,8,1,development,5,655,0.9999838351820006,0.9206945113462398,0.9603391732641202,0.9988213887038704,0.9400939646580261,0.8834024116142072,0.9588109612004252
pos_1204,VVVNIPPTLK,10,1,development,2,656,0.9998769416783791,0.8214206834820588,0.910648812580219,0.994853946401011,0.8642645060161986,0.8129111135942649,0.5292898952444669
pos_1205,GRW,3,1,development,1,189,0.9999999916909256,0.9999449448887303,0.9999724682898279,0.9999925799339293,0.9999622697924895,0.9858128509724051,0.9994189864565276
pos_1206,RGLSK,5,1,development,3,657,0.9999994916040906,0.9999982730756487,0.9999988823398697,0.9999986858749977,0.999998632479071,0.9943185970407379,0.9989543462107996
pos_1207,GTPGLQGMPGER,12,1,development,1,53,0.9971065184210912,0.9673832031092485,0.9822448607651699,0.9902054099955756,0.9767380349368231,0.8426588638235086,0.7332142118070978
pos_1208,SVL,3,1,development,4,658,0.9999999997930782,0.9999999999999811,0.9999999998965297,0.999999,0.9999999999517947,0.9960967849721714,0.9999999837450639
pos_1209,VLPPQQQY,8,1,development,1,659,0.9999997285912702,0.9999897566467761,0.9999947426190232,0.9999967994683526,0.9999928951211607,0.9908688920553469,0.9987448984968901
pos_1210,WPWQMSLY,8,1,development,5,660,0.557844110243729,0.960895011311233,0.7593695607774811,0.8477440883302471,0.8622818972212635,0.7645675083217586,0.9597815771737068
pos_1211,YVEELKPTPEGDL,13,1,development,2,661,0.8319811906822706,0.995177702559931,0.9135794466211008,0.9696665850570103,0.9559974436900781,0.8773583559857723,0.9845230277515618
pos_1212,FWKVV,5,1,development,5,644,0.9999945393952996,0.9999995988357586,0.9999970691155291,0.9999976632042326,0.9999983609594063,0.995917616613253,0.9990836910153849
pos_1213,LSPLYE,6,1,development,3,662,0.9999999998360021,0.9999999967994517,0.9999999983177269,0.999999,0.9999999976950784,0.9950438641312124,0.9999973704225635
pos_1214,HANENIF,7,1,development,4,663,0.9999152117820294,0.9995768010138071,0.9997460063979182,0.9998105615587727,0.9996556148314095,0.9665523647610091,0.9988246939133841
pos_1216,YAEERYPIL,9,1,development,4,594,0.9999898205387947,0.9976731410011824,0.9988314807699885,0.999845940463408,0.9982126816295138,0.9554352227701017,0.9972209196703709
pos_1218,YGIKVGYAIP,10,1,development,1,664,0.999760425722336,0.8270251149935466,0.9133927703579413,0.9929702394648261,0.8813901737226401,0.8121475990565039,0.5900470737414754
pos_1219,YIPIQYVLSR,10,1,development,1,185,0.687404074771219,0.9187962790601838,0.8031001769157013,0.8330024066356027,0.8459701109620164,0.7060488923228175,0.9178476831473747
pos_1220,PVLGPVRGPFPI,12,1,development,3,17,0.06271781717442348,0.8986522167569924,0.4806850169657079,0.435117813937674,0.652094423289247,0.6118942448323974,0.9940956997129275
pos_1221,YFYPEL,6,1,development,5,48,0.9999953372956744,0.06808718854906366,0.534041262922369,0.992074635646208,0.2960940342112955,0.6564565963981472,0.6968469751271495
pos_1222,KVEGDLK,7,1,development,5,665,0.9996021223660262,0.9999747889114393,0.9997884556387328,0.9998998343188746,0.9998836098358859,0.983965960863646,0.9983189765990824
pos_1223,IRWWW,5,1,development,2,666,0.9996678969384141,0.9918178723139338,0.995742884626174,0.9983472492842955,0.9937025081641928,0.9163923302234885,0.9942455641379059
pos_1224,YGPQQQE,7,1,development,3,667,0.999999999859762,0.999999851901002,0.999999925880382,0.999999,0.9999998955412512,0.9950438641312124,0.9999839799131941
pos_1225,YFLWP,5,1,development,3,44,0.9999997532925191,0.9999995542581599,0.9999996537753395,0.999999,0.9999996129630924,0.9950438641312124,0.9999594117402482
pos_1226,EDELQDKIHPF,11,1,development,4,384,0.39050507562605163,0.9480531804878338,0.6692791280569428,0.7737310900082037,0.8182036048610859,0.7362682326122391,0.8928055131666078
pos_1227,SVMPVVA,7,1,development,4,668,0.9999999957767278,0.9999758276074083,0.999987911692068,0.9999950834195432,0.999981456227616,0.9901850608794753,0.998398324847622
pos_1228,AAAAG,5,1,development,1,669,0.999999997411819,0.9999999969553386,0.9999999971835788,0.999999,0.9999999970990068,0.9950509313796162,0.999992724223936
pos_1229,RHS,3,1,development,2,23,0.9999999999971747,1.0,0.9999999999985874,0.999999,0.9999999999993217,0.9967757690249403,0.9999999994811946
pos_1230,LVYPFPGPIPN,11,1,development,4,4,0.9998860427691098,0.9999841717831545,0.9999351072761321,0.9999575285901272,0.999961318130314,0.9865282530593829,0.9999516030115476
pos_1232,VPP,3,1,development,4,96,0.9999999440835439,0.9999639737670296,0.9999819589252867,0.9999939977392225,0.9999723510358137,0.9889882397434763,0.9977345924952142
pos_1233,PNRPQF,6,1,development,4,533,0.9980293304981162,0.999901107388736,0.9989652189434262,0.9995582803044002,0.9994651818913743,0.9704729908115195,0.9991118930603583
pos_1234,RHR,3,1,development,2,23,0.9999999999888431,0.9999999999956033,0.9999999999922232,0.999999,0.9999999999939804,0.9967757690249403,0.9999999367879626
pos_1235,PKAVHE,6,1,development,5,670,0.9999999674005702,0.9998166512479572,0.9999083093242637,0.9999864583017398,0.9998615025970654,0.9840469058124615,0.9990047018648275
pos_1236,EPVLGPVRGPFP,12,1,development,3,17,0.004452367068173902,0.9162218816442794,0.46033712435622665,0.1811040665460121,0.6472966169616685,0.5481003209444587,0.958898655178468
pos_1237,RNPIYS,6,1,development,5,48,0.9999995157696138,0.9983273676712521,0.9991634417204329,0.9999590695804972,0.9987364865462188,0.9697349574622905,0.9962709357246886
pos_1238,GYY,3,1,development,4,448,0.9999999894699135,0.9999999993722524,0.9999999944210829,0.999999,0.9999999970660576,0.9960967849721714,0.999998485863246
pos_1239,LVSGM,5,1,development,2,671,0.9999999990516166,0.9999999899953359,0.9999999945234763,0.999999,0.99999999216957,0.9967757690249403,0.9999951949591147
pos_1240,LTPTSN,6,1,development,3,672,0.9999994071672609,0.9999998806871402,0.9999996439272005,0.999999,0.999999741023051,0.9950438641312124,0.9999854793353816
pos_1241,VKELY,5,1,development,4,40,0.9999999999287748,0.9999999641929531,0.9999999820608639,0.999999,0.9999999725156095,0.9960967849721714,0.9999858583243129
pos_1242,MWTD,4,1,development,4,673,0.999973233020442,0.9996037767239927,0.9997885048722174,0.9998970048411842,0.9996898208570248,0.9704304198007158,0.9948285105184191
pos_1243,GPAGDY,6,1,development,1,674,0.999999970194922,0.9991282871139509,0.9995641286544364,0.9999704631964248,0.9994026323053897,0.9709366627369581,0.9962560319159287
pos_1245,KHNRGDEF,8,1,development,4,675,0.40451097070443565,0.7660993716251709,0.5853051711648033,0.5986529925189794,0.6818876237926652,0.6298671881924106,0.7199736996976441
pos_1246,PQGPIGVP,8,1,development,1,53,0.9999999855282034,0.6162143358380542,0.8081071606831287,0.9992114375570599,0.7370033586311271,0.8541042432503219,0.96517609237967
pos_1247,GPPGPPGPPG,10,1,development,1,53,0.72425102838317,0.9734416442624948,0.8488463363228325,0.9075071663706746,0.8950137744201268,0.7697721440944729,0.1019337465475462
pos_1248,NTVPAKSCQAQPTTM,15,1,development,5,676,0.012825249322710662,0.0038880940164773034,0.008356671669593982,0.007070798895613358,0.006074717873461961,0.13411888450781484,0.10152248865467244
pos_1249,LHH,3,1,development,3,3,0.9999999999992,1.0,0.9999999999996,0.999999,0.9999999999997641,0.9950438641312124,0.9999999999453681
pos_1250,PQFYW,5,1,development,1,677,0.9999983042815668,0.9999956547986806,0.9999969795401237,0.9999972855493221,0.9999964886715702,0.9922870037434502,0.9998299103875896
pos_1251,FHNMEK,6,1,development,2,678,0.999999930808955,0.9999941388784415,0.9999970348436982,0.9999975790222236,0.9999955294065493,0.9944264366442305,0.9991610220430842
pos_1252,MY,2,1,development,3,679,0.9999999999761353,0.9999999992845123,0.9999999996303238,0.999999,0.9999999994885057,0.9950438641312124,0.9999064150200438
pos_1253,EDVPSER,7,1,development,4,680,0.9507858536525946,0.9999961825759669,0.9753910181142808,0.9995556792002208,0.9885353951184672,0.9842444102957693,0.9997227249911862
pos_1254,LASSGIDHEGRLPR,14,1,development,1,681,0.002839454100648344,0.10742783791154147,0.055133646006094904,0.018176286064604003,0.07451069083680317,0.2598247301956823,0.6647015680428136
pos_1255,WISELG,6,1,development,1,37,0.9999913173132069,0.9997637758039017,0.9998775465585543,0.9999547078670158,0.9998353900411094,0.9739506187141457,0.9973600822674887
pos_1256,GFGPGL,6,1,development,5,48,0.9999960409650853,0.9996863213405196,0.9998411811528025,0.9999647555424535,0.9997620994037675,0.9786846141321095,0.9963401671216887
pos_1257,AFDEGPWPK,9,1,development,1,195,0.9930064782786236,0.999394845660275,0.9962006619694493,0.9979391778224199,0.9973842320432839,0.9338714730625918,0.9992204959853993
pos_1258,WVYY,4,1,development,5,125,0.9999999999971534,0.9999999997235098,0.9999999998603316,0.999999,0.9999999997904613,0.9965469298198019,0.9999999387149752
pos_1259,YIQKEDVPSER,11,1,development,2,197,0.9933306974428981,0.9939763741945948,0.9936535358187465,0.9936616999611428,0.99382135996061,0.9013683162572063,0.9894274707577985
pos_1260,FIGP,4,1,development,5,682,0.9999999973766689,0.9999992549756411,0.999999626176155,0.999999,0.9999994366164142,0.9965469298198019,0.9999711382894639
pos_1261,PAR,3,1,development,5,11,0.9999999981867747,0.9999999999864291,0.9999999990866019,0.999999,0.9999999995461137,0.9965469298198019,0.9999995279204991
pos_1262,NLNQCQRYM,9,1,development,2,683,0.6351474752188929,0.9999406421495044,0.8175440586841987,0.9941944323618186,0.9123610085540924,0.9622953986137178,0.997685556987705
pos_1263,SY,2,1,development,3,684,0.9999999999981732,0.9999999997364397,0.9999999998673065,0.999999,0.9999999998136377,0.9950438641312124,0.9999989723608025
pos_1264,LELPLK,6,1,development,1,13,0.9999997513353619,0.9999998864369972,0.9999998188861796,0.999999,0.9999998439164013,0.9950509313796162,0.9999836356886418
pos_1265,FLNDFLHV,8,1,development,5,393,0.0018424643722006297,0.9998186251353466,0.5008305447537736,0.7613287259107502,0.7556471402441036,0.8942040791374517,0.9799610684581375
pos_1266,SVLGTGC,7,1,development,4,685,0.9999824079650601,0.9714302734832571,0.9857063407241586,0.9992812186347683,0.9780798926163344,0.9068281920870764,0.7020286184319297
pos_1267,QAGTGAGAGGGAGTKTSS,18,1,development,2,162,0.8002449472666294,0.8121631224427582,0.8062040348546938,0.8062736556120617,0.8093018040035074,0.6784048741406971,0.8194555263238388
pos_1269,PMRGGGGGYHY,11,1,development,1,686,0.9999448121155761,0.9999962604757606,0.9999705362956683,0.9999856339753759,0.9999800681112049,0.9892322137547618,0.9999436016008603
pos_1271,TETWNPNHPEL,11,1,development,5,687,0.9940312416470849,0.08261404788796671,0.5383226447675258,0.7947731197481234,0.30560744022050207,0.5001467764192623,0.780747367043785
pos_1272,YSK,3,1,development,2,23,0.9999999999848519,0.9999999999808455,0.9999999999828487,0.999999,0.9999999999818074,0.9967757690249403,0.999999596352841
pos_1273,YIEAVNKVSPRAGQF,15,1,development,2,688,6.312751603752328e-05,0.9153677605841596,0.45771544405009856,0.025465383394470322,0.6956211982601536,0.5025206699069142,0.8208509877895838
pos_1274,PMDYMVT,7,1,development,3,689,0.9999796956160788,0.9999649556013068,0.9999723256086928,0.9999733249864545,0.9999693031500136,0.9830066990156129,0.9995804215163573
pos_1276,FAGDDAPR,8,1,development,3,207,0.9999651422928885,0.9998691833632558,0.9999171628280721,0.9999324714308937,0.9998974863281362,0.9750065349698441,0.9974116826201539
pos_1277,SSGFTY,6,1,development,4,690,0.9963426266504084,0.8880933621605344,0.9422179944054714,0.9789458565874338,0.9133039600145119,0.794317044481951,0.9336064375472882
pos_1278,AFK,3,1,development,2,630,0.9999999944546001,0.9999999999994686,0.9999999972270344,0.999999,0.9999999986682553,0.9967757690249403,0.9999999056180073
pos_1279,PHR,3,1,development,5,11,0.9999999984256023,0.9999999999304898,0.999999999178046,0.999999,0.9999999995622941,0.9965469298198019,0.9999998814823211
pos_1280,PWF,3,1,development,5,11,0.9999995945528518,0.999999986679805,0.9999997906163285,0.999999,0.9999998907394168,0.9965469298198019,0.9999940324465255
pos_1281,WYSLAM,6,1,development,1,628,0.9999999946323281,0.9999411045842337,0.9999705496082809,0.9999923254941849,0.9999596390744296,0.9855606895378706,0.999487049126011
pos_1282,RIY,3,1,development,2,23,0.9999999999746456,0.9999999999980074,0.9999999999863265,0.999999,0.9999999999923987,0.9967757690249403,0.9999999847970651
pos_1283,SLHFME,6,1,development,1,601,0.9999996566887344,0.9998360255597311,0.9999178411242327,0.9999871938571038,0.9998875252554251,0.9811427542290844,0.9979317487347054
pos_1284,SPW,3,1,development,5,68,0.9999999893161192,0.9999999996246185,0.9999999944703688,0.999999,0.9999999971024724,0.9965469298198019,0.999999713207313
pos_1285,FLVPPQE,7,1,development,1,691,0.9999985574917869,0.9995837210714733,0.9997911392816301,0.9999754906698045,0.9997142827166757,0.9750399246506335,0.9963499252351417
pos_1286,LPM,3,1,development,1,121,0.9999999999659575,0.9999999999999283,0.9999999999829429,0.999999,0.9999999999892366,0.9950509313796162,0.9999999719590039
pos_1287,RHG,3,1,development,2,692,0.9999999999977898,0.9999999999999836,0.9999999999988867,0.999999,0.9999999999994569,0.9967757690249403,0.9999999828603584
pos_1288,IQW,3,1,development,3,3,0.9999999988208415,0.9999999993604158,0.9999999990906286,0.999999,0.9999999992012691,0.9950438641312124,0.9999988919253372
pos_1289,PIAAEVYEHTEGSTTSY,17,1,development,1,387,1.4889000226594168e-06,0.09767277401466125,0.048837131457341955,0.0004012947766374493,0.06693264839124187,0.1310262104418135,0.35423342724768886
pos_1290,YLY,3,1,development,2,23,0.9999999999937546,0.9999999999995701,0.9999999999966623,0.999999,0.9999999999981739,0.9967757690249403,0.9999999131360535
pos_1293,PGRW,4,1,development,5,693,0.999999995797352,0.9999999998435252,0.9999999978204386,0.999999,0.9999999988535615,0.9965469298198019,0.9999994207109265
pos_1294,YPLDL,5,1,development,5,48,0.9999993177816926,0.999999885254773,0.9999996015182329,0.999999,0.999999746413035,0.9965469298198019,0.9999295688401739
pos_1295,PHY,3,1,development,5,11,0.9999999999580875,0.9999999999999247,0.9999999999790061,0.999999,0.9999999999896886,0.9965469298198019,0.9999999978283274
pos_1296,LHT,3,1,development,3,3,0.9999999987633474,0.9999999423860628,0.9999999705747051,0.999999,0.9999999590144717,0.9950438641312124,0.9999380288464191
pos_1297,GGGGYGGGGGGYGGGGGGY,19,1,development,3,694,0.9970579499042018,0.0004165602059528212,0.4987372550550773,0.27315371300105146,0.2943746770693513,0.25807669987799214,0.0011389266255158554
pos_1298,QQFQQSGQAQLTE,13,1,development,2,695,0.014539246791307896,0.9996962104643553,0.5071177286278316,0.8744956578239261,0.7631794833600188,0.9081517777976278,0.9863821076314783
pos_1299,KLLHA,5,1,development,4,696,0.9999999995899989,0.9999997974971336,0.9999998985435663,0.999999,0.9999998445633375,0.9960967849721714,0.9997994211051667
pos_1300,CYGPNR,6,1,development,1,697,0.9999999908371427,0.999651640018067,0.9998258154276048,0.999981332683185,0.9997612766213617,0.9770684295604849,0.998913804388495
pos_1301,MYGAVTPVK,9,1,development,5,698,0.9897821178080296,0.9319349166402777,0.9608585172241537,0.9732751259749315,0.94608819761157,0.8075958560666958,0.9123348809049725
pos_1302,PGWNQWFL,8,1,development,2,699,0.1907727616695852,0.9998887733885227,0.5953307675290539,0.9787395377494663,0.8056360014992824,0.945814803672703,0.997328357833201
pos_1303,DWMKGQ,6,1,development,3,700,0.9999789884705591,0.9999836129619843,0.9999813007162717,0.9999814442237958,0.9999822489740897,0.985864673123047,0.9995151357049706
pos_1304,FFNPVH,6,1,development,2,465,0.9999878589661317,0.9998608650032376,0.9999243619846847,0.9999588981824532,0.9998913537452079,0.9814576115626354,0.9981726703136189
pos_1305,HKH,3,1,development,2,23,0.9999999999970339,0.9999999999984719,0.9999999999977529,0.999999,0.9999999999981266,0.9967757690249403,0.9999999965132802
pos_1306,VTSLDLPVLRW,11,1,development,3,325,6.351882493794819e-05,0.8453032349782106,0.42268337690157426,0.01829000744033886,0.5960008501617455,0.3830353195370795,0.7602485808966719
pos_1307,LLFAMTKPK,9,1,development,4,701,0.09814261451053931,0.0023865745728342503,0.05026459454168678,0.015878697437132803,0.024687576120837586,0.14878706178070036,0.09681115745280303
pos_1309,IVPK,4,1,development,1,13,0.9999999999012468,0.9999999975381566,0.9999999987197017,0.999999,0.9999999982818929,0.9950509313796162,0.9999989794334398
pos_1310,VPYPQR,6,1,development,4,79,0.999987919543896,0.9999839468644719,0.9999859332041839,0.9999860741515969,0.9999848720774406,0.9890106809927325,0.9998700766915684
pos_1311,HPIKHQGLPQ,10,1,development,1,702,0.9999352919346312,0.9999059560700779,0.9999206240023546,0.9999219909146061,0.9999151889593614,0.9746270823535135,0.9998914619414129
pos_1313,HYVPV,5,1,development,5,41,0.9999999996605555,0.9999999811439667,0.9999999904022612,0.999999,0.9999999856743585,0.9965469298198019,0.9999952950418609
pos_1314,FIGR,4,1,development,3,478,0.9999999906727411,0.9999999346563961,0.9999999626645686,0.999999,0.9999999511783463,0.9950438641312124,0.9999685372941367
pos_1315,STW,3,1,development,5,68,0.9999999998850824,0.9999999996479652,0.9999999997665238,0.999999,0.9999999997059799,0.9965469298198019,0.9999992522438417
pos_1316,YDTQA,5,1,development,5,703,0.999999999047497,0.9999999357444042,0.9999999673959505,0.999999,0.9999999512325599,0.9965469298198019,0.9999820532015197
pos_1317,VAPFPEVF,8,1,development,1,53,0.9990687898602171,0.9998830023511021,0.9994758961056596,0.9996698610806533,0.9996267449032289,0.964500480791918,0.9970229022451866
pos_1318,NYY,3,1,development,2,23,0.9999999998132836,0.9999999960227479,0.9999999979180157,0.999999,0.9999999969327806,0.9967757690249403,0.9999987227227646
pos_1319,VKAGFAWTANQQLS,14,1,development,2,704,0.10001211878545795,0.003999806567463428,0.05200596267646069,0.02068801563213579,0.027050466193167734,0.14742421130865555,0.052166819252649516
pos_1320,TDAPSFSDIPNPIGSENSGK,20,1,development,3,705,3.0525381146354373e-06,1.7766356928405345e-05,1.0409447521520392e-05,7.364293040178428e-06,1.3426534686350367e-05,0.017885153199862294,0.00020016896147209362
pos_1322,YPAGP,5,1,development,4,4,0.9999999996144511,0.9999996911850556,0.9999998453997534,0.999999,0.999999763016393,0.9960967849721714,0.9999801899707353
pos_1323,VVH,3,1,development,3,706,0.9999999999922236,0.9999999999998452,0.9999999999960344,0.999999,0.9999999999975973,0.9950438641312124,0.9999999269881603
pos_1324,EFQI,4,1,development,5,707,0.9999994662308072,0.9999999993593631,0.9999997327950851,0.999999,0.9999998689205849,0.9965469298198019,0.9999425786632994
pos_1325,YPIL,4,1,development,5,48,0.999999999876579,0.9999998208601905,0.9999999103683848,0.999999,0.9999998646595307,0.9965469298198019,0.9999919227555044
pos_1326,AIILHQQQ,8,1,development,5,277,0.9800364832088986,0.9989101936202729,0.9894733384145857,0.9953079102657753,0.9942924261046355,0.9316195196062613,0.9921428200978064
pos_1327,KEEKFE,6,1,development,4,708,0.9999957489560066,0.7177237678172974,0.858859758386652,0.9987086438853241,0.7834632020339543,0.8392990952790844,0.7748118749150609
pos_1328,LPILR,5,1,development,1,606,0.9999999878736207,0.9999995457935391,0.9999997668335798,0.999999,0.9999996849295935,0.9950509313796162,0.9998629715694278
pos_1329,YPLDLF,6,1,development,5,48,0.9983576986446985,0.9999643598498992,0.9991610292472988,0.9997579217921292,0.9995712634337572,0.9796458931245969,0.9987861963598667
pos_1330,LARL,4,1,development,1,709,0.999999984021448,0.9999999999953488,0.9999999920083984,0.999999,0.9999999949678761,0.9950509313796162,0.9999999562284366
pos_1331,TDRHQKLR,8,1,development,5,710,0.9979599344471595,0.9990903467507415,0.9985251405989505,0.9986375863929772,0.9988137725583341,0.947498368765385,0.9755692807402064
pos_1332,GPRGLPGERGRPGA,14,1,development,1,53,0.011950153787338704,0.9945865008236132,0.503268327305476,0.5985005296510663,0.6853209401772141,0.7412677100550649,0.8998362866558053
pos_1333,DVCGRDVNGY,10,1,development,2,711,0.002594706508258572,0.5111851159886581,0.25688991124845834,0.04957286321076871,0.3890826048939082,0.4078919421603607,0.7480563839808996
pos_1334,NVPGEIVESL,10,1,development,3,520,0.9990174725352592,0.9998531825840595,0.9994353275596594,0.9996201243382299,0.9996066909625712,0.9625285146304746,0.999384151667293
pos_1335,LSW,3,1,development,3,3,0.9999999998617879,0.9999999999493077,0.9999999999055478,0.999999,0.9999999999234939,0.9950438641312124,0.9999997366774614
pos_1336,HHP,3,1,development,5,84,0.9999999999857048,0.9999999999928786,0.9999999999892917,0.999999,0.9999999999911234,0.9965469298198019,0.9999999880106804
pos_1337,LNLPTAVYMVT,11,1,development,3,712,0.5957244447611478,0.9996938282255541,0.797709136493351,0.9857882119725365,0.8805435697061696,0.9088929340317273,0.9998579608406264
pos_1339,HPERPIPEH,9,1,development,4,713,0.999995402504245,0.9994042134989847,0.9996998080016148,0.9999476503632503,0.9995418978364954,0.971726720277451,0.9998929784392743
pos_1341,NMAVPDALAGPL,12,1,development,1,714,0.9994374141135896,0.9999028604813669,0.9996701372974782,0.9997662055833411,0.9997563703456054,0.9678890912569138,0.999834577615193
pos_1342,VPLSPT,6,1,development,1,13,0.9999999934074413,0.9999983031949048,0.999999148301173,0.9999986973852254,0.9999988351562241,0.9943105980223563,0.9999974505471225
pos_1343,TA,2,1,development,5,715,0.9999999999859341,0.9874805841433266,0.9937402920646303,0.9998874153791257,0.9905436676882511,0.9462331928658564,0.9951150801836087
pos_1345,KHDRGDEF,8,1,development,4,675,0.8476812362574893,0.9783862209508858,0.9130337286041875,0.9407299133760564,0.9479458219131283,0.8166606249582832,0.8698111498978253
pos_1346,YYN,3,1,development,2,23,0.9999999999951301,0.9999999705389198,0.9999999852670249,0.999999,0.999999977610774,0.9967757690249403,0.9999964368636144
pos_1347,YQKF,4,1,development,5,12,0.9999999960246906,0.9999885809870991,0.9999942885058948,0.9999966207874378,0.999991373866116,0.9929244267617009,0.9998392051842678
pos_1348,QEPVLGPVRGPFPIIV,16,1,development,3,17,0.004394124025152206,0.0898739876703759,0.04713405584776405,0.02044962956001028,0.06466181004398029,0.27061196399226667,0.8554129698556197
pos_1350,NVIDPPIYAR,10,1,development,2,716,0.0029393008834097444,0.6388222704317726,0.3208807856575912,0.06734593012981098,0.48615933008343765,0.4507155286919291,0.443033845603831
pos_1351,YNILSGFDTEL,11,1,development,3,717,0.3435370159191162,0.16937319579893934,0.25645510585902775,0.2462295306895945,0.22074259417779216,0.43701197477620657,0.23111500187082454
pos_1354,QEPVLGPVRGPFPILV,16,1,development,3,17,0.021066208439230523,0.4321450379109326,0.22660562317508157,0.11345262051520807,0.3108978572871196,0.4270554727663708,0.9445626046152964
pos_1355,DLEE,4,1,development,4,718,0.9999999999852476,0.9999512355695831,0.9999756177774153,0.9999930167216748,0.9999625925065442,0.9879849072383006,0.9999178267467258
pos_1356,YFYPKDFTPGCT,12,1,development,1,719,0.019346221123631793,0.4855175876042653,0.2524319043639485,0.120062957692122,0.33879927268871807,0.4275709710662281,0.6467398621871171
pos_1358,ADVFNPR,7,1,development,5,45,0.7682169657140475,0.9996011299234392,0.8839090478187434,0.9891466967182692,0.9429891414044718,0.9335659292531676,0.9802052908879393
pos_1359,LLHH,4,1,development,3,44,0.9999999999924847,0.9999999999998559,0.9999999999961703,0.999999,0.9999999999976819,0.9950438641312124,0.9999999520905593
pos_1360,FNVVLK,6,1,development,5,720,0.9999908014030625,0.9999996541866562,0.9999952277948594,0.9999969670748519,0.9999974882057436,0.9957022583109593,0.9997683021912281
pos_1361,LWA,3,1,development,3,3,0.9999999969914197,0.9999546949611601,0.99997734597629,0.9999932689876792,0.9999680567376656,0.987179445129267,0.9986811149935254
pos_1362,VVNE,4,1,development,2,721,0.9999999997781261,0.9999999996974163,0.9999999997377712,0.999999,0.9999999997167931,0.9967757690249403,0.9999998508104417
pos_1364,DYK,3,1,development,3,722,0.9999999998499454,0.999999999783781,0.9999999998168632,0.999999,0.9999999998032961,0.9950438641312124,0.9999961191613272
pos_1365,HHPLL,5,1,development,5,458,0.9999999995664302,0.9999995223343393,0.9999997609503848,0.999999,0.9999996390971168,0.9965469298198019,0.9999960674763427
pos_1366,YPFPGPIHNS,10,1,development,4,4,0.9997790367939602,0.9996832406912538,0.999731138742607,0.9997354385617016,0.9997055510231779,0.9663798199885422,0.9998492644769894
pos_1367,WLP,3,1,development,1,33,0.9999999999309872,0.9999999954937342,0.9999999977123607,0.999999,0.9999999968902726,0.9950509313796162,0.9999991402170774
pos_1369,IPIQYVL,7,1,development,4,723,0.9999997528419304,0.9999946301170377,0.9999971914794841,0.999997682697197,0.9999958231686283,0.9936461411217049,0.9992998996728255
pos_1370,VIAPW,5,1,development,5,45,0.9999999953881766,0.9999999999671978,0.9999999976776872,0.999999,0.999999998846864,0.9965469298198019,0.9999998645189317
pos_1371,ACFL,4,1,development,1,724,0.9999999899756334,0.9999998790248872,0.9999999345002604,0.999999,0.9999999139444633,0.9950509313796162,0.9999803744784438
pos_1372,TEFTK,5,1,development,5,725,0.9999971687811595,0.9999999533063433,0.9999985610437514,0.9999983173770001,0.9999992720258923,0.9961736428112625,0.9996959211032354
pos_1373,YQGPIVLNPWDQVKR,15,1,development,5,526,0.35354036091780683,0.009063632831834218,0.18130199687482051,0.06605395815342426,0.09334560019156496,0.22397227224349406,0.09489568823424063
pos_1374,FPGLADR,7,1,development,2,726,0.9999365606545602,0.9999888357842969,0.9999626982194285,0.999973386738682,0.9999762855582414,0.9900530605772532,0.9983063959005092
pos_1376,LQPGQGQQG,9,1,development,3,270,0.9999792211674365,0.9602775356755315,0.980128378421484,0.9990737412244851,0.9719874975777126,0.9069928307912757,0.9720741758737338
pos_1377,SHH,3,1,development,2,23,0.9999999999996683,0.9999999999997495,0.9999999999997089,0.999999,0.9999999999997301,0.9967757690249403,0.999999920481719
pos_1378,NQE,3,1,development,3,727,0.9999999998629434,0.999999441698622,0.9999997207807827,0.999999,0.9999996063284824,0.9950438641312124,0.9996123393718135
pos_1379,LWH,3,1,development,3,3,0.9999999999016924,1.0,0.9999999999508462,0.999999,0.9999999999710043,0.9950438641312124,0.999999999366481
pos_1381,YFE,3,1,development,2,23,0.9999999999595246,0.9999993165920215,0.9999996582757731,0.999999,0.9999994806550604,0.9967757690249403,0.9997856115662507
pos_1382,YSQ,3,1,development,2,23,0.9999999999990941,0.9999999999051288,0.9999999999521114,0.999999,0.999999999927688,0.9967757690249403,0.9999996193281852
pos_1383,RDPIYS,6,1,development,5,48,0.9999961595236158,0.9996828586298564,0.999839509076736,0.9999650961325316,0.9997595129102437,0.9786795719908566,0.9969550954146806
pos_1384,ADHP,4,1,development,1,13,0.9999999876269353,0.9999999998867075,0.9999999937568214,0.999999,0.999999996028184,0.9950509313796162,0.9999994120809902
pos_1385,PSIPA,5,1,development,4,10,0.999999989904134,0.9999999994588882,0.999999994681511,0.999999,0.9999999972336437,0.9960967849721714,0.9999992676205266
pos_1386,YVGD,4,1,development,4,728,0.9999999999683662,0.9999999866539118,0.999999993311139,0.999999,0.9999999897547676,0.9960967849721714,0.999995587963314
pos_1387,RPNYTDA,7,1,development,1,729,0.9060077422403777,0.9999996831713966,0.9530037127058872,0.9996780114389795,0.9704175591272901,0.982958616140056,0.9997505649858088
pos_1389,AREGETVVPG,10,1,development,5,730,0.980121114276359,0.9997688525552251,0.9899449834157921,0.9978392154735667,0.9949617062335768,0.9557077556153907,0.9479972181966194
pos_1390,FND,3,1,development,2,731,0.9999999998883375,0.9999999917784331,0.9999999958333854,0.999999,0.9999999937254609,0.9967757690249403,0.9999853745702284
pos_1392,YYG,3,1,development,2,323,0.999999999975272,0.9999979631444448,0.9999989815598584,0.9999985728153844,0.9999984521472928,0.9959809648343168,0.9998497883873585
pos_1393,YYQQKPV,7,1,development,3,732,0.9999999860286111,0.9993638053330259,0.9996818956808184,0.9999747696971465,0.9995514460242436,0.9753897201433973,0.9960900160446378
pos_1395,LYY,3,1,development,3,3,0.9999999999938967,0.999999999998618,0.9999999999962573,0.999999,0.9999999999972256,0.9950438641312124,0.999999891231533
pos_1396,FDSGPAGVL,9,1,development,4,733,0.9689159959051645,0.3953747106311907,0.6821453532681776,0.8186688580019286,0.5289490010786624,0.6036560454866442,0.8066280001438987
pos_1397,EFFDVSNELFQ,11,1,development,1,734,0.7337648850576753,0.9954474122763225,0.8646061486669989,0.9608588309997717,0.9130879577988524,0.8436486495647509,0.7872669150143518
pos_1398,YYR,3,1,development,2,23,0.9999999999908258,0.9999999985227226,0.9999999992567742,0.999999,0.9999999988751851,0.9967757690249403,0.9999986187465743
pos_1399,HGPL,4,1,development,5,458,0.9999999999611047,0.9999999999999394,0.999999999980522,0.999999,0.9999999999904379,0.9965469298198019,0.9999999927664638
pos_1400,HLPH,4,1,development,5,735,0.999999999999756,0.9999999999886635,0.9999999999942097,0.999999,0.9999999999913776,0.9965469298198019,0.999999951673829
pos_1401,PHI,3,1,development,4,116,0.9999999997328117,0.9999998527815911,0.9999999262572015,0.999999,0.99999988700564,0.9960967849721714,0.9999704834579444
pos_1402,VETGVIKPGM,10,1,development,2,736,0.9543269870854263,0.9989704270524769,0.9766487070689516,0.9930258062465391,0.9882524189613417,0.9296816505885274,0.99277711800828
pos_1403,YQEPVLGPVRGPFPIIV,17,1,development,3,17,0.5447751993469718,0.3845021027048491,0.46463865102591045,0.46370142052613933,0.43177444976947216,0.5310523408154545,0.9406976473731332
pos_1404,YAY,3,1,development,2,23,0.9999999999812714,0.999999985198128,0.9999999925896997,0.999999,0.9999999887472688,0.9967757690249403,0.9999957577781076
pos_1405,NLGDPS,6,1,development,4,737,0.9999999987491208,0.991556781883215,0.9957783903161679,0.9999077310978728,0.9935231559366866,0.9481093550206137,0.9736986383577529
pos_1408,KGLWE,5,1,development,4,4,0.9999999471735818,0.9999112018125683,0.999955574493075,0.9999905763866633,0.9999318700694702,0.9857248880951478,0.9915751954171624
pos_1409,NYVADGLG,8,1,development,3,738,0.9998852084276703,0.8368985341901902,0.9183918713089303,0.995292145462653,0.8849712475331348,0.8440832583526836,0.7812571182929002
pos_1410,LAGNPQDE,8,1,development,4,461,0.9999998637023627,0.5429908682247957,0.7714953659635793,0.9990834247053366,0.6494254944084497,0.8273485358142799,0.8214136862246659
pos_1412,QFAW,4,1,development,1,677,0.9999997509896931,0.9994938258763876,0.9997467884330403,0.9999774964851778,0.99965305590516,0.974740328451825,0.9939118154849659
pos_1414,VDYP,4,1,development,4,79,0.9999999996824074,0.9999999976627505,0.9999999986725789,0.999999,0.9999999981331164,0.9960967849721714,0.9999869854788096
pos_1415,GEC,3,1,development,4,739,0.9999999829520781,0.9999999858036175,0.9999999843778478,0.999999,0.9999999851395113,0.9960967849721714,0.999946541895492
pos_1416,QYDQGV,6,1,development,1,740,0.9999993273708142,0.9999559675393697,0.9999776474550919,0.9999933641986767,0.9999696141977917,0.9866176957857243,0.9883413915187943
pos_1417,VNPHDHQN,8,1,development,1,741,0.9999816021156698,0.9990263877499045,0.9995039949327871,0.9998661142602879,0.9993270227785769,0.9594801830820819,0.9859675359884775
pos_1418,STTTGHLIYK,10,1,development,5,742,0.7774923229936063,0.00014961936726495432,0.3888209711804356,0.022355425889139455,0.19033945523335877,0.09306369725336341,0.0063737741570805894
pos_1419,LGFEY,5,1,development,4,209,0.9999985290551133,0.9797074905977471,0.9898530098264302,0.999825481133206,0.9844331505179224,0.9315136709613198,0.9943648503958167
pos_1421,GTW,3,1,development,1,189,0.9999998403390324,0.9999999997219413,0.9999999200304869,0.999999,0.9999999495592897,0.9950509313796162,0.9999993921500656
pos_1422,PVMGA,5,1,development,2,743,0.9999999909325842,0.9999999998371751,0.9999999953848797,0.999999,0.9999999976993588,0.9967757690249403,0.9999968114787557
pos_1423,DLTDFL,6,1,development,1,13,0.935276282763945,0.06603145709115439,0.5006538699275497,0.5026753196990522,0.3396092553900739,0.4340184005955,0.43593150264231983
pos_1424,PWD,3,1,development,5,11,0.999999946844543,0.9999999995144535,0.9999999731794982,0.999999,0.999999986627883,0.9965469298198019,0.9999973490949823
pos_1426,YSNQNGRF,8,1,development,3,744,0.002177583355746774,0.9962319597408225,0.49920477154828463,0.43168804735678823,0.7030368791808543,0.7129932953494054,0.9674464124422173
pos_1427,YQEPVLGPVR,10,1,development,3,2,0.9999999740519123,0.9993910895522808,0.9996955318020966,0.9999753169698503,0.9995706792650392,0.9756529314063259,0.9992945005490638
pos_1428,DEVPR,5,1,development,5,48,0.9999999887342587,0.9999999998672031,0.9999999943007309,0.999999,0.999999997143343,0.9965469298198019,0.9999998490159149
pos_1429,LFC,3,1,development,5,294,0.9999999923210311,0.9999721721153068,0.999986082218169,0.9999947247376056,0.9999789787918676,0.9908087592989784,0.9998310819749018
pos_1431,YQQND,5,1,development,4,745,0.9999999946919704,0.9999056257545833,0.9999528102232769,0.9999902849903097,0.9999276037083513,0.9854730112935813,0.999945801427557
pos_1432,IEQI,4,1,development,1,746,0.9999999965052733,0.9999945472148412,0.9999972718600572,0.9999976648779735,0.9999962622723655,0.9922633334630057,0.9993320259900536
pos_1433,WHNVSGSP,8,1,development,5,747,0.9999671697794387,0.9828135229441786,0.9913903463618086,0.9992428656409762,0.9870104482653832,0.91886277716557,0.9781032482568803
pos_1434,DKIHPF,6,1,development,2,748,0.9999999606364005,0.9999993916985764,0.9999996761674885,0.999999,0.9999995282893097,0.9967757690249403,0.9999799904206412
pos_1435,GPLGLLGFLGPLGLS,15,1,development,3,749,6.045897343933617e-07,0.9707186650197045,0.48535963480471944,0.005724770628316014,0.6844066013237752,0.3759100917640066,0.7926054531819682
pos_1436,WSRRGEREEEDERRR,15,1,development,4,750,0.00021104437503658257,0.8001084073186246,0.4001597258468306,0.028246585140868145,0.6138171577968843,0.4584231862476663,0.29107692047071415
pos_1437,LVDTGRGPIMY,11,1,development,1,751,0.9885155739626419,0.9282332333227956,0.9583744036427188,0.9709014614212703,0.9472059203512055,0.7872114454164177,0.9831367141730429
pos_1438,EQC,3,1,development,5,752,0.9999999988965733,0.9999636219600506,0.999981810428312,0.9999939685025993,0.9999725221832781,0.9900574741978684,0.997916067562813
pos_1439,GEGSGA,6,1,development,5,48,0.9999998497505039,0.9999995578039943,0.9999997037772491,0.999999,0.999999629233569,0.9965469298198019,0.998771140535938
pos_1440,FQRL,4,1,development,2,753,0.9994667020324773,0.9999570837529184,0.9997118928926978,0.9998486943063171,0.9998393527883845,0.9817508087773928,0.9991225816963519
pos_1441,SSAPGGGRP,9,1,development,3,754,0.9933557924978575,0.9997908265766187,0.9965733095372381,0.9988184437253379,0.9978928214171932,0.9494928888337257,0.8928217933527842
pos_1443,RHE,3,1,development,2,23,0.9999999999984894,1.0,0.9999999999992447,0.999999,0.9999999999996374,0.9967757690249403,0.9999999988605437
pos_1444,GNQEKVLELVQR,12,1,development,4,755,0.9351309316196326,0.9134563952141053,0.9242936634168689,0.9250101160514888,0.9185042634242607,0.7611232860747077,0.5592917124343516
pos_1445,YVAQGEGVVA,10,1,development,1,756,0.999999894348491,0.9999860216059592,0.9999929579772251,0.9999962612169238,0.9999903877801901,0.9900923521177826,0.9997269270201814
pos_1446,LQAE,4,1,development,5,757,0.9999999999981932,0.9999999814965276,0.9999999907473605,0.999999,0.9999999860232682,0.9965469298198019,0.9999978129288924
pos_1447,AGWACLVG,8,1,development,2,758,0.9980912330036462,0.5427900492453646,0.7704406411245054,0.9614128110783534,0.6520988698699911,0.6888222083907325,0.5914648216527268
pos_1448,APLEEPSSPH,10,1,development,3,759,0.9999986682355645,0.9970357640890857,0.998517216162325,0.9999370801493949,0.9979096689181932,0.9629950868390948,0.9906928137761121
pos_1450,EFQL,4,1,development,5,707,0.9999999520845676,0.9999999999952351,0.9999999760399014,0.999999,0.9999999882730927,0.9965469298198019,0.9999995866445307
pos_1451,IEEAF,5,1,development,5,62,0.99999446215734,0.9999996123672125,0.9999970372622762,0.9999976467357136,0.9999983522826117,0.995911959625549,0.9999243948753068
pos_1453,VPSIDDQEELM,11,1,development,4,760,0.9996424170970593,0.005086788446015224,0.5023646027715373,0.7908221782536864,0.23671276868236887,0.36090465256974547,0.04830395181146374
pos_1454,NLGNPE,6,1,development,4,737,0.999999999686479,0.9999943146866016,0.9999971571865403,0.9999976156081919,0.9999956386886295,0.9935402741679527,0.9998094495037447
pos_1456,YINQMPQKSREA,12,1,development,1,482,0.999841555070951,0.9556575059394065,0.9777495305051787,0.9972956901892703,0.969563570749149,0.8707778107118878,0.9654353258317302
pos_1457,RELEEL,6,1,development,1,761,0.9998106094186153,0.9995685099902993,0.9996895597044573,0.9997141256196272,0.9996447060476262,0.9580471026109474,0.9932353648002918
pos_1458,PVRGLHP,7,1,development,5,762,0.9999999731836333,0.9999999960090746,0.999999984596354,0.999999,0.9999999904244504,0.9965469298198019,0.9999663672268883
pos_1460,AP,2,1,development,3,763,0.9999999995110009,0.9985879429842591,0.9992939712476301,0.9999623974892822,0.9990044272701781,0.9700874845996654,0.9771200522207953
pos_1461,YVPR,4,1,development,2,764,0.9999999999795763,0.9999999949501446,0.9999999974648605,0.999999,0.9999999961576118,0.9967757690249403,0.9999964757572362
pos_1462,FSDIPNPIGSEN,12,1,development,5,319,0.12998680715229632,0.964167081756718,0.5470769444545072,0.667225082515273,0.7600709877564451,0.7297907442015293,0.97442271726835
pos_1463,LHG,3,1,development,4,114,0.9999999999958866,0.9999999999998384,0.9999999999978625,0.999999,0.999999999998918,0.9960967849721714,0.9999999233338955
pos_1464,AYFYPE,6,1,development,5,48,0.999914063180347,0.9999973017817227,0.999955682481035,0.9999847720720697,0.999976936071902,0.9928272049746055,0.9993434649239553
pos_1465,IDDVLK,6,1,development,5,194,0.9999339033608328,0.9999916202745981,0.9999627618177154,0.9999764651988076,0.9999774988706092,0.9902503730536829,0.9940356218574524
pos_1466,LWV,3,1,development,1,121,0.9999999600008835,0.9999999981060375,0.9999999790534605,0.999999,0.9999999861131859,0.9950509313796162,0.9999907881115953
pos_1467,YSEMPPGK,8,1,development,4,765,0.9996876881214821,0.9999997462235923,0.9998437171725372,0.9999823251954282,0.9999270697822655,0.9933323597529965,0.999882990742243
pos_1468,FLHRP,5,1,development,1,766,0.9999938716362944,0.9999999691785465,0.9999969204074204,0.9999975244440931,0.9999980500964477,0.9939857579244699,0.9999769484929306
pos_1470,DNLLN,5,1,development,4,470,0.9999999815901995,0.9999995433507891,0.9999997624704944,0.999999,0.9999996454140927,0.9960967849721714,0.9999610255375364
pos_1471,LAGNPENE,8,1,development,4,461,0.9999999270994206,0.9981987983723836,0.9990993627359022,0.9999575229435912,0.9986182703404802,0.9663464907746392,0.9858976052156746
pos_1472,QL,2,1,development,5,767,0.9999999999839873,0.9999999999906937,0.9999999999873405,0.999999,0.9999999999890529,0.9965469298198019,0.9999999316698429
pos_1473,AEFAES,6,1,development,2,768,0.642338593051801,0.9999975531063222,0.8211680730790616,0.9988341156291171,0.9141307016593783,0.9857082839870632,0.9996295869394834
pos_1474,AMRLTYNRPGLGAT,14,1,development,5,9,1.2301267252373298e-07,0.011272652448725462,0.005636387730698993,0.00010676493318219143,0.008514640424894627,0.0768923697326767,0.00475752775067395
pos_1475,DAHK,4,1,development,1,503,0.9999999996603222,0.9999999998550764,0.9999999997576993,0.999999,0.9999999997937812,0.9950509313796162,0.9999994862763487
pos_1476,ACQ,3,1,development,3,769,0.9999999999940432,0.9999999999999962,0.9999999999970197,0.999999,0.9999999999982405,0.9950438641312124,0.9999999553385619
pos_1477,QETTGVEGPKGDT,13,1,development,4,770,0.06435109994186101,0.9996504897545603,0.5320007948482106,0.933446090265178,0.7818249285301299,0.9080641844704086,0.9951149855335143
pos_1478,SNLCRPCG,8,1,development,1,771,3.269299003778804e-05,0.9065335002585122,0.453283096624275,0.017495759225642192,0.6212301108287815,0.40941340790861525,0.6557580832856101
pos_1479,NGLEGLK,7,1,development,5,772,0.9999986325185246,0.9974362126465959,0.9987174225825602,0.9999407165171234,0.9980631513347558,0.9647476150079984,0.9332066747764185
pos_1480,GGLEPINFN,9,1,development,5,22,0.9245213000323186,0.7077589464692652,0.8161401232507919,0.8448773120764773,0.7607934655478956,0.6719174326460085,0.921543996934782
pos_1481,WISELGW,7,1,development,1,37,0.0640846148368748,0.5217672110040273,0.29292591292045106,0.2146537528959492,0.3777205704246832,0.4703398635571822,0.946106009687143
pos_1482,NGPLQAGQPGER,12,1,development,2,773,0.9999990627860817,0.9999342215758366,0.9999666421809592,0.9999918894050797,0.9999497886696035,0.9882546133392262,0.998884308805368
pos_1483,TFE,3,1,development,4,220,0.9999999994609385,0.999999994667649,0.9999999970642938,0.999999,0.9999999957839771,0.9960967849721714,0.9999879638100778
pos_1484,DTGSDKKQL,9,1,development,3,774,1.611901359849815e-05,0.9967791734925111,0.4983976462530548,0.06597040922129406,0.7027851717559958,0.5934147512603463,0.9612454032411487
pos_1485,RHA,3,1,development,2,23,0.9999999999990048,0.9999999999999651,0.999999999999485,0.999999,0.9999999999997345,0.9967757690249403,0.9999999982121988
pos_1486,LEDGLK,6,1,development,1,13,0.9999998444390197,0.9963045846751285,0.998152214557074,0.9999391011163388,0.9974675953718737,0.957919677464663,0.876539186802078
pos_1487,INY,3,1,development,3,3,0.9999999997484084,0.9999999540434871,0.9999999768959478,0.999999,0.9999999675240958,0.9950438641312124,0.9999866704208238
pos_1488,NWDLKEVGGGALP,13,1,development,4,775,0.0012011138704307682,0.9460571205364512,0.473629117203441,0.12680998318213002,0.7260058811471943,0.6051092976373621,0.893208630666579
pos_1489,AWDPE,5,1,development,5,48,0.9999932468063495,0.9999188809368597,0.9999560638716045,0.999976594119594,0.9999370757850861,0.9848488277951657,0.9978837220444599
pos_1490,QLPEPDNRLQ,10,1,development,4,43,0.7064364466810638,0.9999996678400171,0.8532180572605405,0.9993557790193669,0.9316305722324532,0.987001106531657,0.9995071783470063
pos_1491,PYK,3,1,development,5,11,0.9999999979962066,0.9999999991588904,0.9999999985775485,0.999999,0.9999999988744205,0.9965469298198019,0.9999754786943467
pos_1492,LTTLDSE,7,1,development,3,370,0.6547057944647281,0.845070471110622,0.749888132787675,0.7628049205152688,0.7889226505980911,0.6731616854727617,0.9570722184291222
pos_1493,MYY,3,1,development,3,3,0.9999999999545761,0.9999999999252167,0.9999999999398964,0.999999,0.9999999999338762,0.9950438641312124,0.9999982687761424
pos_1494,HLPLPLL,7,1,development,1,13,0.9999982551486043,0.9999960980122207,0.9999971765804125,0.9999973907104917,0.9999967769286835,0.9924792072170804,0.999889160403395
pos_1495,AW,2,1,development,1,776,0.9999999999621032,0.9999981852123138,0.9999990925872084,0.9999986528593596,0.9999987563692964,0.9942089095473688,0.9999564002502482
pos_1496,TIL,3,1,development,5,777,0.9999999999951592,0.9999999885439198,0.9999999942695394,0.999999,0.9999999913456562,0.9965469298198019,0.9999920575640527
pos_1497,GPPGPPGPP,9,1,development,1,53,0.718806843339095,0.007516959854667678,0.36316190159688133,0.12214756517014189,0.2313815311799564,0.26022120267050997,0.01291579798539021
pos_1498,EAVQ,4,1,development,2,778,0.9999999999504905,0.9999999999996569,0.9999999999750737,0.999999,0.999999999987853,0.9967757690249403,0.9999992050065273
pos_1499,SKKGL,5,1,development,3,779,0.9997496752338584,0.9992563860781194,0.9995030306559889,0.9995685264912001,0.9994018810904569,0.9524569928925685,0.998616220605549
pos_1500,MMGW,4,1,development,3,310,0.9999999622840973,0.9999999954040362,0.9999999788440668,0.999999,0.9999999856353522,0.9950438641312124,0.9997719282980464
pos_1501,FIMGPY,6,1,development,4,780,0.9999861600741399,0.9999932160683478,0.9999896880712438,0.999990310354601,0.9999915727700466,0.9913199307196522,0.9988402028407015
pos_1502,HFGDPFH,7,1,development,1,781,0.9987506192277897,0.9999970347705319,0.9993738269991608,0.9999390993081825,0.9996047498700321,0.9858593463899302,0.9986753422420939
pos_1503,GAH,3,1,development,3,57,0.9999999990038113,0.9999999932819679,0.9999999961428896,0.999999,0.9999999949696184,0.9950438641312124,0.9999844849064847
pos_1504,AIILHQ,6,1,development,5,277,0.9999937074113322,0.9999992634574628,0.9999964854343975,0.9999974914938733,0.999997904078264,0.9958601398391731,0.9999056772753593
pos_1505,YAKPA,5,1,development,4,10,0.9999999999931641,0.9999999998655498,0.999999999929357,0.999999,0.9999999998952703,0.9960967849721714,0.9999982675373635
pos_1506,RNF,3,1,development,2,23,0.9999999939826703,0.9999999838101452,0.9999999888964077,0.999999,0.9999999862523676,0.9967757690249403,0.9999943911642016
pos_1507,GWFK,4,1,development,5,782,0.9999914982017138,0.999999990270232,0.9999957442359729,0.9999970842103145,0.9999979125442688,0.9957355000947702,0.9999758282774239
pos_1508,VIESPPEIN,9,1,development,3,112,0.3841802002970507,0.8036848470166078,0.5939325236568292,0.6151048124707569,0.6799524822565385,0.6273767579688592,0.41103222037653026
neg_0,EDAYKFTTW,9,0,development,5,783,0.00013185624436669972,0.0005950133533807383,0.000363434798873719,0.00028012373726041734,0.00048169425469664345,0.053344588066764974,0.011962279647460869
neg_1,LVTLVFV,7,0,development,2,784,0.9998984416121556,3.792380605367072e-08,0.49994923976798084,0.09026798391810288,0.24005589358713353,0.03618636959897153,2.82989134770226e-05
neg_2,GGSGSGETSGMWFGPRL,17,0,development,2,785,5.611861274399099e-06,1.7060655923973582e-11,2.8059391675275118e-06,2.368938958901908e-06,1.3473100052292164e-06,0.005229233874962502,3.762729278123645e-07
neg_3,QPSQDFMRF,9,0,development,1,53,4.697687333958309e-06,3.649752895682165e-12,2.348845491855602e-06,2.167416373533134e-06,1.4785076586032793e-06,0.007842616456687478,6.641213469430654e-08
neg_4,QGIGVGDNDGKRGKR,15,0,development,3,786,0.026090427850473243,0.9618584755179544,0.49397445168421383,0.45113321169475173,0.6858548738648504,0.6482550623174799,0.11581404264593989
neg_5,ECCTHAHCSQGCRPCC,16,0,development,2,787,1.6156827624460428e-09,1.50719289342677e-10,8.832010258943599e-10,1.0000000000000008e-06,5.02428081710105e-10,0.004462528399727788,3.437992520168264e-07
neg_6,INWLKLGKAVIDAL,14,0,development,2,788,2.439869058529908e-07,3.250102774703848e-07,2.844985916616878e-07,1.0000000000000008e-06,3.055581664053055e-07,0.004462528399727788,4.090967622037484e-05
neg_7,MIKSDQET,8,0,development,4,789,0.0002315215396310226,0.037954550685051464,0.019093036112341245,0.003013487515310904,0.029169085748169295,0.1818291069713141,0.2954060204663618
neg_8,AGTADCFWKYCV,12,0,development,4,790,7.419505458372147e-08,1.0590360786030777e-09,3.7627045331162276e-08,1.0000000000000008e-06,1.80919716820231e-08,0.006074063854684677,8.006614660493451e-07
neg_9,MKYNPRVSSNRRKS,14,0,development,5,791,7.406050748116183e-10,2.956465064285483e-13,3.7045036065902343e-10,1.0000000000000008e-06,1.8142467492934947e-10,0.005214380949955825,1.0717108145763669e-08
neg_10,INLLKIAKGIIKSL,14,0,development,5,792,1.031322565055378e-10,1.1269684963489077e-06,5.635358143027066e-07,1.0615877262965874e-06,8.51262121747185e-07,0.005401208408271841,7.508906289431959e-06
neg_11,MKYLAFLIKGKTTHFDVGK,19,0,development,1,793,1.1137378096825334e-12,9.784402091013294e-08,4.892256732397131e-08,1.0000000000000008e-06,6.704988060259443e-08,0.006642723419556829,1.5385029481039266e-06
neg_13,MYKLLIINP,9,0,development,2,794,7.978617402164375e-05,0.09266465252408831,0.04637221934905498,0.002846533406975399,0.07043685494869847,0.19502888864651102,0.1318948481429276
neg_14,SVFAFQDESTSTIAQARLFI,20,0,development,5,795,1.539019128341765e-09,2.3516136828726647e-07,1.1835019370780411e-07,1.0000000000000008e-06,1.7800177055269339e-07,0.005214380949955825,5.434589650920151e-06
neg_15,GFLSILKKVLPKVMAHMK,18,0,development,3,796,3.9230333866789896e-08,3.275690463094721e-05,1.6398067482407e-05,5.723428645812825e-06,2.31068679939662e-05,0.01830852329627053,0.00591309095906084
neg_16,NLVQFGKMIE,10,0,development,4,797,0.17894837073023473,3.5810792646672554e-06,0.0894759759047497,0.0008826791605395786,0.041678738422964,0.02727353677910447,0.0010610234587835566
neg_17,GDDVLSACCD,10,0,development,5,798,2.3627690190709606e-07,0.44735968018377514,0.22367995823033854,0.0008989111873068757,0.3379057433128456,0.22736226519104744,0.24702531241394451
neg_18,LGPALITRKPLKGKP,15,0,development,4,799,3.4716699323314335e-09,0.0026009529333328534,0.001300478202501393,5.1063409847422814e-05,0.0019952075619854366,0.05701644861355334,0.016572657342943654
neg_20,QLTFTSSWG,9,0,development,3,800,1.3022768232349065e-07,2.2890422578745652e-06,1.209634970099028e-06,1.5129583140927016e-06,1.6523026303156621e-06,0.009464976384678199,0.0002573030002771763
neg_21,SAEVAGAVIEGAKLTFNVLQ,20,0,development,4,801,1.5067966042228876e-08,5.8446595614514316e-09,1.0456312801840154e-08,1.0000000000000008e-06,7.992711759927263e-09,0.006074063854684677,8.715112239315183e-06
neg_22,QDLDHVFMRF,10,0,development,1,53,1.8172051783058806e-05,2.2001858209680094e-07,9.196035182577803e-06,4.262891653714647e-06,5.870069721954882e-06,0.009066593861630367,2.0859194147622588e-05
neg_23,TYNNNLIR,8,0,development,1,802,0.4916078450906346,0.02619855591066657,0.2589032005006506,0.13889030472526814,0.172677021909209,0.30705097673816967,0.06864711074112712
neg_25,LRQSQFVGSR,10,0,development,2,803,0.0015531722106091766,0.06411422266189923,0.0328336974362542,0.010217691565375947,0.04909455022129604,0.21969537559281882,0.6250299702700185
neg_26,VNWKKILGKIIKVVK,15,0,development,5,792,1.98897137723445e-09,1.858659181688307e-10,1.0874186477016406e-09,1.0000000000000008e-06,6.270256919843588e-10,0.005214380949955825,1.7019505897539697e-07
neg_27,GRCCHPACGKNYSC,14,0,development,2,804,4.810720182996811e-07,1.292348980779824e-08,2.4699775405373967e-07,1.0000000000000008e-06,1.2531670412847433e-07,0.004462528399727788,7.402426041052567e-05
neg_28,KDGYLVGSDGCKYSCLTRPG,20,0,development,2,805,2.184725014841553e-10,2.335163069809895e-08,1.1785051599791553e-08,1.0000000000000008e-06,1.779781636596373e-08,0.004462528399727788,2.4952200451508406e-07
neg_29,RCKTCSKGRCRPKPNCG,17,0,development,3,806,2.966055423535186e-09,2.6156622828787457e-17,1.4830277248459044e-09,1.0000000000000008e-06,8.748343127297538e-10,0.007700307922887247,6.213460038493536e-12
neg_30,NSELINSILGLPKVMNEA,18,0,development,3,807,2.668597615140594e-08,6.341273830966899e-11,1.3374694444857804e-08,1.0000000000000008e-06,7.915704132067284e-09,0.007700307922887247,2.296899785896759e-06
neg_31,KPDPEAVLIV,10,0,development,5,808,0.5290651974272181,0.8421606721435051,0.6856129347853617,0.7100017635742988,0.7655566509454994,0.671335035529127,0.6437702096616488
neg_32,MKRQDLPRSRSLRSCE,16,0,development,1,809,2.7458573782280796e-05,1.080603762311975e-09,1.3729827193021554e-05,5.240140022426413e-06,8.64278925560574e-06,0.009476474756878604,1.6938881458092274e-06
neg_33,QLYENKSRRPYIL,13,0,development,5,810,2.7185371028829412e-06,3.087361637089782e-09,1.3608122322600155e-06,1.648799031788168e-06,6.674673554041976e-07,0.005753920755374914,8.171048881665899e-07
neg_34,DDAVANGVHAISGVVDS,17,0,development,4,811,2.8103351229832855e-07,1.550269539978427e-07,2.1803023314808563e-07,1.0000000000000008e-06,1.8437311799486916e-07,0.006074063854684677,7.933294453167911e-05
neg_35,LKCNKLVPLF,10,0,development,2,812,0.10708815698877656,0.03535428207802439,0.07122121953340048,0.062176279969906996,0.0525761684799092,0.25720367745682887,0.1464798368453226
neg_36,AAQEGETLTVEETV,14,0,development,3,813,0.01733967740815326,1.941015676245265e-12,0.008669838705047138,0.00013281934281067368,0.005114315913396607,0.0236533291895558,3.7756677021071193e-07
neg_38,VVGGEVARAHSWPWQISLQY,20,0,development,4,814,6.886177342207206e-07,1.938172593205092e-09,3.452779534069629e-07,1.0000000000000008e-06,1.618616821368318e-07,0.006074063854684677,2.3645505023513124e-06
neg_39,SGDTSSQAKGMWFGPRL,17,0,development,2,785,6.000891145461664e-08,7.445042726818152e-09,3.372697709071739e-08,1.0000000000000008e-06,2.0064589310632253e-08,0.004462528399727788,2.1846195808769803e-06
neg_40,CCQLFVWCC,9,0,development,5,815,3.7454467404101044e-05,1.1204008642399347e-05,2.4329238023250195e-05,2.0485199605444977e-05,1.7626620471142483e-05,0.015112035449836489,0.0003929670480387834
neg_41,EYIPFIHEWV,10,0,development,4,816,3.66554472808514e-05,0.004070505474838943,0.002053580461059897,0.00038691808265808186,0.0031310462431548645,0.08807972969676407,0.020820720882288708
neg_42,MQVNLRCSE,9,0,development,1,817,0.3770934399429739,0.07072386039495371,0.2239086501689638,0.17671513737517422,0.16714769009522254,0.35687705157438515,0.23685104564149326
neg_43,IDASTATGDSPVFTATIK,18,0,development,2,818,1.0496460919395405e-08,0.0011416024269676533,0.0005708064617142864,3.380578416425893e-05,0.0008675287543972557,0.03846685683021556,0.03065302808671985
neg_44,MGQFFAYATVITVKENDHVA,20,0,development,3,819,4.320869489480089e-11,4.772652149758488e-10,2.6023695493532487e-10,1.0000000000000008e-06,3.4924079357996824e-10,0.007700307922887247,1.1872097054738728e-06
neg_45,NEEEKVKWEPDVP,13,0,development,5,820,0.0014698707812240846,0.0032332816357881137,0.0023515762085060993,0.002180399259610188,0.0028018338079131705,0.10570386801793938,0.0019894341226053525
neg_47,GNTKKAVPGFYGTR,14,0,development,1,821,1.2479422509521424e-05,2.829249016815657e-11,6.239725401005796e-06,3.532633940213172e-06,3.927673408303422e-06,0.008708745536033343,1.5569407468538946e-07
neg_48,GLLKRIKTLL,10,0,development,2,822,1.4441128218758897e-07,1.6105180938874487e-11,7.221369368426392e-08,1.0000000000000008e-06,3.468253493232872e-08,0.004462528399727788,1.7174740476005012e-07
neg_49,QSVPTFTPRL,10,0,development,3,223,0.014795435319138081,6.792559277142045e-11,0.007397717693531837,0.00012253147609110087,0.004363894974936805,0.023223586096953835,1.9614028355307853e-05
neg_50,APQAGFYGVR,10,0,development,1,53,0.5628848251028753,5.95268390015356e-08,0.28144244231485716,0.0011334947054744465,0.17715702418648585,0.029696205835546014,0.00013784114312931277
neg_51,EDSLSDWERVYLPIDPGVVL,20,0,development,3,823,5.940816497818303e-09,0.01273924806783409,0.0063696270043252946,0.00011358130332092755,0.008981824721148909,0.07726814573493006,0.008904131928496121
neg_52,QVNFSPNW,8,0,development,3,800,0.6201053015225092,0.00024045379299466823,0.3101728776577519,0.019428900801110784,0.18306880632966177,0.13999294371216844,0.024305596567037225
neg_53,AIANAPLLDTTITDRVFFD,19,0,development,4,824,8.964814279797319e-10,2.220829601169667e-06,1.1108630412988234e-06,1.490244991578474e-06,1.7038206274064425e-06,0.007651581127483606,3.701129875762518e-05
neg_54,NTESTKGESLLGK,13,0,development,5,825,0.004748562630733365,0.007960282508370881,0.006354422569552123,0.006149438695528939,0.007174481762411386,0.14794351758752639,0.02578301142227146
neg_55,AEVFKSEEGSVDFYGQLRPA,20,0,development,1,826,9.03543640660359e-09,0.00012173992381337092,6.087447962488876e-05,1.1034137078937619e-05,8.342750889463361e-05,0.023322294584733932,0.0010761008306580716
neg_57,RRWCFRVCYRGFCYRKCR,18,0,development,3,827,1.5821933978300661e-09,1.0818242267118727e-14,7.911021080361666e-10,1.0000000000000008e-06,4.666735681913931e-10,0.007700307922887247,2.3001034330835753e-11
neg_58,INWKKMAATALKMI,14,0,development,2,828,0.00019344151147907308,6.614071509871944e-10,9.672108644311204e-05,1.3909484155211236e-05,4.6441988458944305e-05,0.0072372639798393085,1.4891498837959406e-06
neg_59,ARGPQLRLRF,10,0,development,5,829,0.00018799928273963853,1.5009781964885413e-07,9.407469027964369e-05,1.3712390906476834e-05,4.6110528760653545e-05,0.008725761013499924,2.6981238483640128e-05
neg_60,TSGLIAFPRL,10,0,development,5,45,0.07014835531014948,2.538185400988226e-07,0.035074304564344794,0.00027458882779531264,0.017163154874623523,0.015684186599907564,3.895026986190998e-05
neg_61,KRPPGWSPLR,10,0,development,3,830,0.002387120811897797,1.46052228449231e-07,0.0011936334320631233,4.891422189992213e-05,0.0007041812374070498,0.0188366192109086,2.807381984378673e-05
neg_62,QTLIPMPRL,9,0,development,5,45,0.0005475155787914149,0.0017216936411282968,0.0011346046099598558,0.0009710628806790701,0.0014344114271039852,0.08163934956983039,0.028580678546296777
neg_63,DSVGSTTAHKQQNINHLLDK,20,0,development,2,831,4.989672428675635e-07,1.2871575293239682e-08,2.559194090804016e-07,1.0000000000000008e-06,1.295735431965317e-07,0.004462528399727788,6.068637706035088e-06
neg_65,TPVVNPPFLQQT,12,0,development,3,832,0.6973410096632914,0.21922792218063575,0.4582844659219636,0.4457761457532281,0.36024677238782943,0.4999174589209081,0.040575976777383546
neg_66,GFIMEFAENLILRRMEDPK,19,0,development,4,833,8.623949443789249e-12,6.201568070256359e-05,3.100784466325652e-05,7.875189653406828e-06,4.757260640745519e-05,0.01993676739132255,4.124144565555396e-05
neg_67,DPYAFGL,7,0,development,1,53,0.9999944812688633,1.8527260728764368e-06,0.4999981669974681,0.36685175428755296,0.31472996332499387,0.1149128087078054,0.002522356561474467
neg_68,GVLDAFRKIATVVKNVV,17,0,development,2,834,8.2833175010385e-10,1.1201813123882954e-10,4.701749406713397e-10,1.0000000000000008e-06,2.839908817359215e-10,0.004462528399727788,9.681455852278194e-08
neg_69,ASEDTAEAAAPSA,13,0,development,5,835,2.5749645252676672e-05,4.80510115446267e-05,3.6900328398651686e-05,3.517528635844253e-05,4.2594610944391003e-05,0.02224724024126475,0.0004742739271218208
neg_70,RLCIPYIIPC,10,0,development,2,836,1.3739006197597936e-07,8.382497928412726e-08,1.1060752063005332e-07,1.0000000000000008e-06,9.668489756366204e-08,0.004462528399727788,1.3763599824190661e-05
neg_71,LSLQEFLGLWR,11,0,development,4,837,0.04547268614319877,0.8294534781832154,0.43746308216320706,0.3249374273661963,0.6468691015917922,0.5981675770129767,0.5455790786329388
neg_72,GCEWDSWC,8,0,development,5,838,1.1206744764031604e-06,3.1924770365753786e-08,5.762996233844571e-07,1.0586191384317726e-06,2.983055145658662e-07,0.005273212304662003,1.0327702692063812e-05
neg_73,FLSLIPKIAGGIASLVKDL,19,0,development,4,839,1.1342875758113378e-10,7.946183841851894e-10,4.540235708831616e-10,1.0000000000000008e-06,6.359734472468654e-10,0.006074063854684677,1.8089056244959625e-07
neg_74,KPCCSIHDNSCCGI,14,0,development,5,840,6.206527756385615e-10,6.223730539554859e-11,3.41445040517055e-10,1.0000000000000008e-06,1.9886294828787265e-10,0.005214380949955825,4.1265608941512797e-08
neg_75,EGKAIGLAKPRMDST,15,0,development,1,841,2.7069495823392364e-07,9.738520010506353e-05,4.882794753164873e-05,9.868782091749892e-06,6.682031008067373e-05,0.022011814718707643,0.0012953114503898796
neg_78,AKAGVNKPELLP,12,0,development,2,842,0.07050973109075846,1.94537254579623e-06,0.03525583823165213,0.00038400520923352263,0.01692947197832639,0.01532489642596021,5.635238011898563e-05
neg_79,DVTFSMLGANGATYYQFF,18,0,development,3,843,1.005455977321041e-09,0.0012976190804147938,0.0006488100429353856,3.6044593471644735e-05,0.0009148882710528715,0.044916985136831414,0.01544463493184578
neg_80,FLSAIASMLGKFL,13,0,development,4,839,5.619932044023646e-10,3.490189197175975e-08,1.773194258808106e-08,1.0000000000000008e-06,2.6904337602684733e-08,0.006074063854684677,1.535978746544988e-05
neg_81,TPNRDFMRF,9,0,development,1,53,0.01138266000398485,2.7850137079682047e-13,0.0056913300021316756,0.00010729052961530745,0.003582469484855418,0.01804689139233666,7.177132926706998e-08
neg_82,FLPFLASLLTKVL,13,0,development,4,839,2.6600051026504368e-05,6.580947022517672e-08,1.3332930248364773e-05,5.157568304811887e-06,6.245473566679442e-06,0.008242217313275004,6.128705993766392e-05
neg_83,TPQIQKPAPQFSKTALLPDE,20,0,development,5,844,0.045377778356845505,0.009895162153945892,0.027636470255395697,0.021331063818772915,0.018576575024031778,0.18873509431306745,0.18068260166908942
neg_84,PAQPFRFPKHPQGPQTRPPI,20,0,development,1,845,8.8191621849041e-05,0.9032645640572848,0.45167637783956693,0.027897142800484945,0.6190074754341274,0.43311136200060335,0.6807836870249
neg_86,YDDGSYKPHIYGF,13,0,development,2,846,0.40837878397167093,6.540360900033899e-08,0.20418942468763995,0.0008301360225485642,0.09804372899876028,0.015281230730079158,5.3447228552453335e-05
neg_87,HTAADLLR,8,0,development,3,847,0.3220873558165786,1.08500255689388e-06,0.16104422040956776,0.0007174702242497063,0.09500002305058479,0.035012524270362055,0.0005720639969506186
neg_88,VYGMLFKFL,9,0,development,4,848,0.0017563015940504603,5.270119131085087e-07,0.0008784143029817844,4.194336406495801e-05,0.0004094362744480146,0.012159173626349011,0.00033717840654990284
neg_89,MKKVHVLGAGTMGAGI,16,0,development,4,849,8.855360793339991e-08,2.2877003802988688e-12,4.42779478168901e-08,1.0000000000000008e-06,2.0625353680124474e-08,0.006074063854684677,1.359823213216426e-07
neg_90,DLVFYCPKCTAERQTACPKL,20,0,development,5,850,1.6576662758775151e-10,4.767504700378652e-05,2.3837606385207054e-05,6.904832314650522e-06,3.601059348138065e-05,0.01619154827354986,0.002426969370060183
neg_91,MDTPSRYWLTILSSRINS,18,0,development,4,851,1.20618717092745e-10,1.3866616378987098e-10,1.2964244044130798e-10,1.0000000000000008e-06,1.344630227974913e-10,0.006074063854684677,1.0164843349682163e-08
neg_93,DVVASSTAHKQQDINHLLDK,20,0,development,2,831,1.2248116528278869e-07,1.7528412689538626e-09,6.211700327587127e-08,1.0000000000000008e-06,3.073732710975094e-08,0.004462528399727788,6.9139696448106e-07
neg_95,VVKQGLLAGRIPGL,14,0,development,1,852,0.0005834717813012988,4.62102611520396e-06,0.0002940464037082514,5.193789244495045e-05,0.00018680297356011213,0.019584727330649816,0.0005328928224225868
neg_96,RLCIPVIFPC,10,0,development,2,836,5.469449630731967e-07,3.2954996389017914e-05,1.6750970676045554e-05,5.740708756841538e-06,2.5174463400127288e-05,0.013111423010384619,0.00044593131166498803
neg_97,IKIMDILAKLGKVLAHV,17,0,development,2,853,3.4320808509024212e-09,2.2943221743928357e-07,1.16432149145093e-07,1.0000000000000008e-06,1.7517404884072432e-07,0.004462528399727788,5.9537430181644144e-06
neg_98,CCRLACGLGCHPCC,14,0,development,2,787,7.167705407651837e-06,1.1875903385781804e-12,3.583853297621088e-06,2.6772608337419855e-06,1.7208253866704703e-06,0.0053481326981122184,1.6589769807192965e-07
neg_99,GCCSHPPCNVNNPHICG,17,0,development,3,854,7.52146089538675e-09,3.0069552574631474e-10,3.911078210566533e-09,1.0000000000000008e-06,2.4304511352485444e-09,0.007700307922887247,7.510677733531425e-07
neg_100,SGLQFAVLDGQGFLPFPRV,19,0,development,5,855,6.003978752189055e-07,5.484679674032645e-10,3.004731715931544e-07,1.0000000000000008e-06,1.4731161345950554e-07,0.005214380949955825,6.832712249498414e-07
neg_101,LRLKSIVSYAKKVL,14,0,development,2,856,1.2282971720108395e-10,6.377807619300689e-10,3.803052395655764e-10,1.0000000000000008e-06,5.141511879542011e-10,0.004462528399727788,1.618910164782814e-06
neg_102,GRPNPVNNKPTPHPRL,16,0,development,3,857,5.917297608013998e-05,1.3390885015624077e-10,2.9586554994495068e-05,7.69256956219615e-06,1.7453088837195938e-05,0.01232551085717925,9.074883625825479e-06
neg_103,GPSAFLRL,8,0,development,5,45,1.111719140630826e-06,0.0010276279314304108,0.0005143698252855208,3.3816161415548506e-05,0.0007764736477167973,0.039656277897664495,0.028990816304420325
neg_104,DITEVIAAGR,10,0,development,5,858,0.9920326804040055,0.00016696948047753628,0.49609982494224153,0.12602600990129106,0.24284343107421805,0.1311802615746404,0.02599868223593049
neg_105,QKKDKKDKFYGLF,13,0,development,1,53,1.3744157614683552e-09,4.300786363376047e-13,6.874229200523464e-10,1.0000000000000008e-06,4.3286518426090387e-10,0.006642723419556829,8.391236662280819e-09
neg_106,GLLDFLKAAGKGLVTNL,17,0,development,1,859,5.904423197030685e-09,2.748958830310994e-07,1.4040015311406504e-07,1.0000000000000008e-06,1.9023608504419916e-07,0.006642723419556829,9.630786022381898e-06
neg_107,APPGFTPFRIY,11,0,development,3,830,6.857327919225685e-06,3.193933531794435e-05,1.939833161858502e-05,1.4799341553028063e-05,2.454142897139628e-05,0.022662887338013877,0.0009351532219071567
neg_108,APIVSGGYDF,10,0,development,2,860,6.734081896205944e-05,0.0003622965758984415,0.0002148186974302505,0.00015620566367012217,0.0002914835249394597,0.039661362131978344,0.00330008368792904
neg_109,IDCGTVMIPSECDPKSS,17,0,development,3,861,1.6105390837370005e-07,3.235328361574334e-09,8.21446183676372e-08,1.0000000000000008e-06,4.9783718851824865e-08,0.007700307922887247,2.547100210438004e-06
neg_110,FLVMFLSG,8,0,development,4,862,5.723555387854445e-07,0.13793185032224564,0.06896621133889222,0.0003998416349591669,0.10580849136280318,0.1671088193030977,0.2647021423089558
neg_111,RPKPQQFFGLM,11,0,development,1,53,1.25086168738435e-05,2.453688122662579e-08,6.266576877535062e-06,3.536763685772633e-06,3.953656753207734e-06,0.008710926718325329,2.0629535364391265e-05
neg_112,VVGCPWQPWC,10,0,development,5,838,0.0029892861032781277,7.3448645343412125e-09,0.001494646724071331,5.4753295840920753e-05,0.0007313841671701403,0.011446247132885168,6.440796980872246e-05
neg_113,GCPWMPWC,8,0,development,5,838,1.1250444306319787e-05,5.381218776791064e-08,5.652128247043849e-06,3.3541774935221988e-06,2.7932546691165646e-06,0.006616832800723576,0.00010133972756664144
neg_115,AKITFTNNHPRTIWP,15,0,development,5,863,1.1003775183163518e-06,5.038837878874843e-10,5.504407010521196e-07,1.0489888087854688e-06,2.696062823163043e-07,0.005263729981090332,3.5278106913918127e-06
neg_116,GTSGLISFPRT,11,0,development,5,45,2.407493556488763e-05,1.771842340360086e-05,2.0896679484244245e-05,2.0653573762545908e-05,1.927364994524868e-05,0.01654340272369264,0.0002474714330263523
neg_117,GSTTAESAALR,11,0,development,1,864,2.5452470120515327e-06,1.6686135206489385e-05,9.61569110927046e-06,6.516947060661727e-06,1.2235567375693048e-05,0.015359704728093384,0.000579148139226151
neg_118,IANVFAVDIHPAAR,14,0,development,2,865,0.002000971398815371,0.0004250977208047133,0.0012130345598100423,0.0009225528468348028,0.0008034338625534426,0.05605418359064347,0.0522385545078547
neg_119,LRCTFGRTVK,10,0,development,3,866,0.16127874469023054,0.000950072664295845,0.08111440867726319,0.013342311084421238,0.048238811618055946,0.15201606275466154,0.01589094131227635
neg_120,SYNEQFFGPGTRLTVL,16,0,development,4,867,2.2188586687969038e-07,1.0702583546688277e-11,1.1094828473161853e-07,1.0000000000000008e-06,5.168408408147398e-08,0.006074063854684677,4.1002631353360247e-08
neg_121,DLAGEIHGLSNVK,13,0,development,4,868,0.026644426883813715,0.9451713279798786,0.48590787743184616,0.4072107067662253,0.7312519777587109,0.6714185493370641,0.8697254233940902
neg_122,LQVDYLVLEVA,11,0,development,5,869,0.013701802277211477,0.00012212760938752946,0.006911964943299503,0.00130092669203228,0.0034446211301215543,0.05294507200619988,0.011960174855545656
neg_123,SDCACLHALGHVAR,14,0,development,1,870,7.82098517987159e-07,0.014002214644296424,0.0070014983714072054,0.00011915406463444895,0.00959553774985517,0.07775066906751368,0.06278835270231622
neg_124,YDKKVDSIILFGVNG,15,0,development,2,871,1.0333931356389967e-09,0.013097429704370842,0.006548715368881988,0.00011518769478458262,0.009952995794882458,0.0789640127033736,0.002817647819730687
neg_125,TSFTLYMR,8,0,development,3,872,3.4808725331448894e-06,0.7380382637738743,0.3690208723232037,0.003121816822464827,0.5203558383760578,0.27263852485822637,0.926035138633704
neg_126,AWKLFDDGV,9,0,development,4,873,4.667354667494344e-06,3.982594767253546e-08,2.3535903075834396e-06,2.160407589393108e-06,1.1175493498862523e-06,0.007010713998642154,1.7678670616007641e-06
neg_127,PPGFTPFRIY,10,0,development,3,830,0.0013946675942248105,5.8147880159803504e-05,0.000726407737192307,0.000284901172343805,0.0004523526787547212,0.04767303949441491,0.007942982944607636
neg_128,GVLSLLKKFTMILKHVHVN,19,0,development,3,874,2.792674948667618e-09,1.7649255993418592e-10,1.484583754300902e-09,1.0000000000000008e-06,9.481322452939422e-10,0.007700307922887247,5.6162527885656534e-08
neg_129,EGGSSGEASGMWFGPRL,17,0,development,2,785,5.793293857767604e-05,9.304396921099164e-13,2.8966469754057867e-05,7.611535388343389e-06,1.3908554906221543e-05,0.006479413290368367,6.813603673763608e-08
neg_130,LLGMIPVAISAINLMKL,17,0,development,2,875,3.682160844691932e-06,0.0006748909323959837,0.0003392865466203378,4.986478117486423e-05,0.0005137469647797529,0.03690247809641256,0.03466668566569495
neg_131,FLFQPQRF,8,0,development,5,876,0.0013635933546173973,0.9993578231144216,0.5003607082345195,0.5931176040458025,0.7551819173422819,0.8494273726116215,0.9326561588109971
neg_132,KPNPERFYAPM,11,0,development,1,53,0.6923435147063741,1.064207222002896e-07,0.3461718105635482,0.001497879874272609,0.21790164544795362,0.03148541968480174,0.00040606124004165614
neg_133,FLSLIPHAINAVSALVHHF,19,0,development,2,875,8.320491935811822e-09,2.085018531036618e-05,1.0429252901150996e-05,4.56622935069153e-06,1.5846465258256648e-05,0.011392068385690443,0.00043203674775656403
neg_134,GPETAFFRL,9,0,development,5,45,2.6225936995308102e-08,2.799089627866559e-11,1.3126963945793383e-08,1.0000000000000008e-06,6.43775462771808e-09,0.005214380949955825,8.30191525566789e-06
neg_135,GYIAYVHQNELVKR,14,0,development,1,877,0.0001984531089479587,0.7817385222348374,0.3909684876718927,0.025970853074607562,0.5357640797314185,0.3928244787356906,0.300009378316295
neg_136,PAPETNYLRDP,11,0,development,3,878,0.008393345045988244,1.0776169149187227e-06,0.004197211331451582,9.549679147786283e-05,0.0024763662765714773,0.022159990091235152,0.00032502893714665834
neg_137,PDMYAFGL,8,0,development,1,53,0.9844267534794946,4.2734799222034495e-05,0.4922347441393583,0.04940790475996451,0.3098583408947204,0.11201504916342786,0.0033767722971491843
neg_138,NNRSPQLRLRF,11,0,development,5,829,0.001552291758516822,2.352672000610783e-08,0.0007761576426184141,3.942821417413478e-05,0.00037981179622886775,0.010733492463696193,1.3135853506080143e-05
neg_140,FLSLIPHAINAISAIADHF,19,0,development,2,875,9.149891919002057e-09,2.9459177033621835e-07,1.5187083112761022e-07,1.0000000000000008e-06,2.2606281368138863e-07,0.004462528399727788,5.055128462867552e-05
neg_141,DRPYSFGL,8,0,development,1,53,0.34692146389906936,7.747600301660811e-09,0.17346073582333482,0.0007283106832348394,0.10918674703375508,0.027058527935765908,9.658494076436762e-05
neg_142,GSSGIIPFPRV,11,0,development,5,45,0.002682074861383997,0.00134927388667365,0.002015674374028824,0.0019025445296980174,0.00167536583741791,0.08826176078043128,0.018767524695165027
neg_143,SSEAAPEEKVAILGA,15,0,development,2,879,0.0003794744055558298,1.2348171096995236e-07,0.00018979894363339985,1.94834300946812e-05,9.119814518111494e-05,0.007698553863106886,0.00014213215356413626
neg_144,AQRSPSLRLRF,11,0,development,5,829,4.3602462676245365e-07,9.625079119850697e-09,2.2282485294115218e-07,1.0000000000000008e-06,1.1395082836944489e-07,0.005214380949955825,5.149525676018054e-06
neg_145,RICTAIPLPMCL,12,0,development,5,880,0.17564464699897256,1.183256359302156e-06,0.08782291512766593,0.0005018592107472816,0.042975281275574075,0.018222810965231682,0.00042652902133543476
neg_146,AELPQGLWVRPRL,13,0,development,3,881,0.5394119291275795,0.06729845543616465,0.3033551922818721,0.22522264309364629,0.20654772714680925,0.39637593572300217,0.4081579790239856
neg_147,SGCCSNPACRVNNPNIC,17,0,development,3,854,3.997716388021371e-08,3.792279979062511e-12,1.9990478080096388e-08,1.0000000000000008e-06,1.1793887656053603e-08,0.007700307922887247,4.2527298191852966e-08
neg_148,MCKYFIKIVSKSAKK,15,0,development,3,882,2.2470875599246637e-08,3.193274063739047e-07,1.7089914098657568e-07,1.0000000000000008e-06,2.3176994822786032e-07,0.007700307922887247,1.1275015585913351e-05
neg_149,DAQEKRQPWLPFG,13,0,development,5,883,0.011455964904549169,7.897637676385457e-08,0.005728021940462966,0.0001076394065582215,0.0028029522190477613,0.01306405505556362,4.5697909907803997e-05
neg_150,SDYSRKRDPPQKYEEE,16,0,development,4,884,2.761482043839952e-08,7.307277147137201e-06,3.6674459837878002e-06,2.7032014991126124e-06,5.611887896263149e-06,0.010791452692679638,1.8770755865767842e-05
neg_151,GASGLIAFPRL,11,0,development,5,45,0.002906194801973321,1.0347193088413577e-07,0.0014531491369521026,5.3984753544258835e-05,0.0007111271047433296,0.011414620253407613,3.116062135356682e-05
neg_152,AEVQDKGEFLAEGGGVR,17,0,development,3,885,0.00023263831119145297,1.8762704096424444e-10,0.00011631924940924697,1.5254034814145587e-05,6.861650782054025e-05,0.014424877973897654,6.651993335886517e-07
neg_153,RPPGFSPFRVD,11,0,development,3,830,5.461113130412311e-05,8.444512474968501e-05,6.952812802690406e-05,6.790919473578002e-05,7.564562613120239e-05,0.036327767937261043,0.00048120430520370573
neg_154,GLSLSFAPK,9,0,development,3,646,0.08799117354803639,8.363564956707175e-06,0.043999768556496545,0.0008974858690948307,0.025958782046780825,0.04793588984903364,0.0001092432255441757
neg_155,ADTGDGDFITEGGGVR,16,0,development,3,885,2.4053473508733452e-05,4.298513117796225e-08,1.2048229319955707e-05,4.904471449792888e-06,7.1248482982030495e-06,0.01111269803338344,3.561235659961775e-06
neg_156,LKDAQSRITK,10,0,development,5,886,0.23677923252093588,0.00014457229542814653,0.11846190240818201,0.0066530625393492835,0.05804118209000823,0.07400975851685873,0.002063112850153584
neg_157,AQPPQQADFL,10,0,development,5,887,0.9292678193085372,0.25450696272232043,0.5918873910154288,0.6792635353324571,0.41959844163415605,0.5358697365628613,0.2856087819359635
neg_158,QNWPHPPMPP,10,0,development,1,53,0.005101311475168449,5.255668893095247e-07,0.002550918521028879,7.160125120918604e-05,0.0016058981123066283,0.016560662501400307,4.033260086259365e-05
neg_159,DINGGGATLPQALYQTSGVL,20,0,development,2,888,1.4076753608687222e-07,3.510363126210279e-08,8.79355836744875e-08,1.0000000000000008e-06,6.047144762411822e-08,0.004462528399727788,1.2351873238138174e-05
neg_160,KEGYLFGSRG,10,0,development,4,889,2.9775299208834408e-08,1.767144695502343e-06,8.984599973555888e-07,1.329340019398956e-06,1.3625218892396665e-06,0.007162250576816511,0.00016918437713801823
neg_161,GFVALLKKLPLILKHLH,17,0,development,3,874,7.955106485773152e-08,1.9942888159755116e-10,3.987524686966453e-08,1.0000000000000008e-06,2.360409351090481e-08,0.007700307922887247,3.4806310482869554e-06
neg_162,QPNPDEFFGLM,11,0,development,1,53,0.40489683701689694,3.428604943072542e-11,0.2024484185255915,0.0008241726505235931,0.1274333558948323,0.027771944864308104,1.0582907804234567e-06
neg_163,PALIPFPRV,9,0,development,1,287,0.0001468991946367926,0.0010569208134657334,0.000601910004051263,0.00039411346004109905,0.0007705093174974425,0.06772515291791288,0.0030128064573094926
neg_165,TESLVLSPAPAKPKRA,16,0,development,1,890,1.8684624101466588e-05,0.024693821793100444,0.012356253208600955,0.0006873394905840171,0.01692780524627352,0.11883437167983034,0.05850764700033154
neg_166,ILGKLLSTAAGLLSNL,16,0,development,2,891,1.447543427032111e-07,3.35917938171581e-07,2.4033614043739603e-07,1.0000000000000008e-06,2.900233349673331e-07,0.004462528399727788,4.9256694468883046e-05
neg_167,GRGGSSNYVRL,11,0,development,4,892,0.0006625940414978781,3.0523963572901954e-09,0.0003312985469471177,2.574878409337899e-05,0.00015431647934320078,0.011108437697971369,1.1309486784863347e-05
neg_168,AKEKIHINIVVIGHV,15,0,development,3,893,4.726077535051661e-07,0.005444562258553036,0.0027225174331532704,7.398353379108325e-05,0.003838834904334809,0.06323719516707055,0.028439843967616205
neg_170,ANRPVYIPPPRPPHPRL,17,0,development,3,894,0.0009409346015824418,1.6302761783275897e-12,0.000470467301606359,3.0688172485314085e-05,0.00027752747134262467,0.016931636868164124,8.336700305189057e-09
neg_171,FCCPFIRYCCW,11,0,development,4,895,3.7966635236294865e-07,3.2708129722378023e-09,1.9146858266759322e-07,1.0000000000000008e-06,9.09310536429525e-08,0.006074063854684677,1.590151017642498e-06
neg_172,AKELLDSDGIILRNGANYYI,20,0,development,5,896,1.8490763697808426e-09,2.4880463050933435e-08,1.3364769710357139e-08,1.0000000000000008e-06,1.924545080701261e-08,0.005214380949955825,4.4430594883733825e-08
neg_173,CCELPCHGCVPCCWP,15,0,development,2,787,1.8332934533354964e-05,5.3997767141187844e-11,9.166494265561053e-06,4.281720679071135e-06,4.401416483706046e-06,0.005829932953890938,6.1987289396241215e-06
neg_174,EDGSDAVSGEFLAEGGGVR,19,0,development,3,885,4.416426811445763e-05,2.7912329769389507e-11,2.20821480133937e-05,6.645726131704522e-06,1.3026214679920232e-05,0.01191766432111111,1.1564308147159409e-07
neg_177,GPPYDFGM,8,0,development,1,53,0.9799271509650712,6.9087306307288955e-06,0.48996702984785095,0.01803389406463277,0.3084176285431373,0.0703538132233466,0.00042980842293640666
neg_178,LPLRF,5,0,development,1,13,0.9979137896197625,0.009240892558229075,0.5035773410889958,0.6786865738412529,0.320406339193542,0.39555841864969243,0.052119124226499704
neg_179,FKCMSEWYW,9,0,development,1,897,0.004378138314500084,0.9998074510206357,0.502092794667568,0.8269425704097786,0.6865155547800439,0.8616297124249144,0.9951439418525619
neg_180,FLRF,4,0,development,4,108,0.9999876134653729,0.9994123900336119,0.9997000017494924,0.9999146678375687,0.9995463560857846,0.9691809733376595,0.966927976143501
neg_181,GVFTFEDESTSTVAPAKLYK,20,0,development,5,795,7.866516097094134e-09,4.674735311676574e-14,3.933281422223626e-09,1.0000000000000008e-06,1.9247094572408122e-09,0.005214380949955825,1.5287753718059553e-08
neg_182,PDNFMRF,7,0,development,1,53,0.12183509541530058,7.210846465222135e-07,0.06091790824997355,0.0003723373885779447,0.0383457061821518,0.023488607066372496,4.837943248724886e-05
neg_183,ARYGKSPYLYPLGY,14,0,development,2,898,0.4123907590847535,0.995843394190511,0.7041170766376322,0.928402165444267,0.8557679414818272,0.8621863740488224,0.8737653721010437
neg_184,ADEGFSATVRNGAV,14,0,development,3,899,7.943966045635953e-07,5.478780420514455e-07,6.711373233075204e-07,1.0000000000000008e-06,6.205883801499706e-07,0.007700307922887247,9.53718211740625e-06
neg_186,VPPIGWF,7,0,development,3,900,0.9813039292154212,0.0012892497357273071,0.49129658947557425,0.20653853795820515,0.29034333945756813,0.2711104334148775,0.006787242845915893
neg_188,ATFFDPQPRLLAD,13,0,development,4,901,1.4404050356175414e-07,0.00014313053339913394,7.163728695134785e-05,1.196443648514053e-05,0.00010982984551059774,0.025299611368829487,0.0009954614373104732
neg_189,SNSLFEEVRPIVNGMDCKLG,20,0,development,5,902,2.8592998988272108e-11,0.0007121309187864968,0.0003560654736897479,2.6694588900425395e-05,0.0005378962389094719,0.035358970063549426,0.0006861201818692263
neg_190,EDPVRFNLG,9,0,development,1,903,0.20187474664963406,0.9996042218249744,0.6007394842373043,0.9619412131455274,0.7485344805841164,0.8885435655515157,0.8631422817623007
neg_192,CYISNCPIG,9,0,development,2,904,0.022626408619530993,3.47329382352615e-07,0.011313377974456673,0.00015212887591373655,0.005432417710995273,0.011213962429592756,0.004219502376049205
neg_193,EEVQETVNLKYEYSVYR,17,0,development,2,905,0.0029587866020666935,0.002607974199887754,0.002783380400977224,0.0027778633411143193,0.0026921973280293015,0.09770766427214782,0.0076165545540241054
neg_194,AMTEELEAVENNGVR,15,0,development,3,906,9.174922612453712e-05,0.3292174874276217,0.16465461832687311,0.006666025957276659,0.23214226738053886,0.2612440920681659,0.6029884164155348
neg_195,MKCNECNRVQLKEGSVSLTL,20,0,development,4,907,7.248442693406435e-10,6.052709231331614e-13,3.6272477013188833e-10,1.0000000000000008e-06,1.6927614573521423e-10,0.006074063854684677,1.6607328556054089e-09
neg_197,MHLQLIKDNIHSVVICYT,18,0,development,5,908,9.131649227238501e-11,0.00019760650011439195,9.88032957154421e-05,1.4058456410907842e-05,0.0001492588018854956,0.024460796593446018,0.001106132252770114
neg_198,MLVGKKVQTF,10,0,development,1,909,0.2458297872694987,0.08260992264364923,0.16421985495657396,0.14626624338103006,0.13398018092321526,0.35176581767162174,0.1677039058259523
neg_199,ADPRNPLEECFRETD,15,0,development,2,910,2.4365851783879173e-05,1.4653834044429798e-12,1.2182926624631288e-05,4.936216091686111e-06,5.849760826529602e-06,0.005984227444709886,2.685308944843405e-08
neg_201,YDPSPLQDFCIAD,13,0,development,3,911,0.01967658636264175,1.2168012057505638e-08,0.009838299265326903,0.00014165401339622826,0.005803592830388041,0.024002160229643264,7.44851422620402e-06
neg_202,FDDYGHMRF,9,0,development,2,912,0.00035877395027652923,9.284295204190659e-05,0.00022580845115921793,0.00018251717178310246,0.00015668773176465974,0.030599582657488997,0.00030478896409744604
neg_203,KCCMRPICTCPCCIG,15,0,development,5,913,2.6757461391525913e-07,1.4518807485107072e-08,1.410467107001831e-07,1.0000000000000008e-06,7.643312412484676e-08,0.005214380949955825,3.5970005278318943e-07
neg_204,SKDNQKNYIPLIVPFAT,17,0,development,3,914,3.661013588922003e-06,3.695578588702288e-09,1.8323545837553526e-06,1.9133783324690834e-06,1.0824168982136813e-06,0.008945023771047198,1.3052075516007437e-05
neg_205,FLSAITSILGKFF,13,0,development,4,839,5.466450071143338e-08,6.016491990269713e-13,2.7332551180316205e-08,1.0000000000000008e-06,1.2731492550700973e-08,0.006074063854684677,3.871378932595792e-08
neg_206,VQIFVRDNNVDQALKALK,18,0,development,4,915,6.091428055149499e-11,2.9465955188557928e-08,1.4763434734554712e-08,1.0000000000000008e-06,2.261769931628956e-08,0.006074063854684677,3.0333280875139887e-06
neg_207,TDAVADGEHAISGVVDS,17,0,development,4,811,0.00035535126889041916,1.0411582576624133e-07,0.0001777276923580927,1.8853767255112597e-05,8.283902545206833e-05,0.010484794280349569,6.663012437237522e-05
neg_208,APSLRLRF,8,0,development,5,916,1.1377323125906209e-06,0.0007871355951163222,0.0003941366637144564,2.9936640324795004e-05,0.0005948281304416431,0.036835602230304715,0.00015172787988548746
neg_209,APGDRIYVHPF,11,0,development,1,917,0.8930691244622823,2.889401820556304e-07,0.44653470670123213,0.002881627974150571,0.2810762281180895,0.03610812718891259,3.75458422765064e-05
neg_210,GGSSGLIAFPRL,12,0,development,5,45,0.0007929566492677391,2.2905595109375444e-09,0.00039647946991362503,2.8169877746293042e-05,0.00019401177778885904,0.01004915927407963,5.507278819131845e-06
neg_211,ISAVKEMTVRDALNSA,16,0,development,2,918,5.0631285811373414e-09,3.793469738822857e-08,2.1498912984682956e-08,1.0000000000000008e-06,3.004288303201552e-08,0.004462528399727788,8.30760481344461e-06
neg_212,TSMGFQGVR,9,0,development,1,53,0.01670921519923484,4.057245445013857e-06,0.008356636222339927,0.00026250618679482367,0.0052616788018301506,0.02703368269262182,0.0007267473016634401
neg_214,DCCPIAGCPFGCTICC,16,0,development,2,787,5.007038096829686e-09,5.0242317776852917e-14,2.5035441695737315e-09,1.0000000000000008e-06,1.2021291228090922e-09,0.004462528399727788,3.153263946182635e-09
neg_215,GPNGKSQSIIVGPWGDRVTN,20,0,development,5,919,0.001972018993478118,1.198709239342958e-11,0.0009860095027326053,4.444931787885721e-05,0.0004824872916192753,0.010988449598502942,6.314047246648575e-07
neg_216,SKQCCHLAACRFGCTPCCW,19,0,development,2,787,2.646311791890173e-10,6.677285115884323e-11,1.6570201517393027e-10,1.0000000000000008e-06,1.1427472740966555e-10,0.004462528399727788,1.7055593566470598e-08
neg_218,AGPYSFGL,8,0,development,1,53,0.9996355794673506,0.00027309142969519803,0.4999543354485229,0.46398831038871763,0.31480287763608344,0.2366732200779035,0.04988497346520183
neg_219,QDVDHVFLRF,10,0,development,1,53,0.007590415845092273,7.52687138437675e-07,0.0037955842661153553,8.744793273510036e-05,0.002389450641108243,0.017279702191855564,2.1281174292503524e-05
neg_220,LSPTQDFMRF,10,0,development,1,53,0.05034738532755581,4.778964608884624e-12,0.025173692666167386,0.0002302005237358172,0.01584585426804902,0.021217688820839273,8.837014968714771e-07
neg_221,PSYKLHYFDLRAAGE,15,0,development,3,920,8.415235195261655e-07,2.1482723919266606e-06,1.494897955726413e-06,1.465698760944562e-06,1.7628484654123096e-06,0.009316598203171711,6.701766572844723e-05
neg_222,AGDKPGDALLDEWLG,15,0,development,4,921,0.0007294616174900306,4.6372517261757355e-09,0.0003647331273708784,2.701768689515845e-05,0.00016989074841588158,0.011207905841165797,5.92473797640274e-07
neg_223,FPPWE,5,0,development,3,900,0.9999976211242687,0.9999989029068498,0.9999982620155592,0.9999983844973198,0.9999985248466994,0.994392204771561,0.9998756319680852
neg_224,GGNDFMRF,8,0,development,1,53,0.002768578776708596,7.68415131659866e-09,0.0013842932304299563,5.268752527791304e-05,0.0008713612563162313,0.015514351158952869,1.4602199464917214e-05
neg_225,KLQLPTLDDPVPIGIAPAIT,20,0,development,5,922,1.5590287318062955e-05,0.08222919255592234,0.041122391421620205,0.0011804928301259116,0.06211426583379248,0.1675559463238633,0.18180078403462727
neg_226,LNPFRWVINKYREWKNKKDS,20,0,development,2,923,2.642015716171522e-10,1.6654791674746544e-10,2.1537474418230882e-10,1.0000000000000008e-06,1.8999263032228625e-10,0.004462528399727788,9.859502139338136e-09
neg_227,SPVAASYRATAGLAGKALDF,20,0,development,1,924,1.0435248409958717e-07,4.662934966161672e-10,5.240938879810167e-08,1.0000000000000008e-06,3.3162439000646114e-08,0.006642723419556829,4.927137068397137e-06
neg_228,SCLEYGHSCWGAH,13,0,development,2,925,5.159527600751829e-07,0.3769957106649347,0.1884981133088474,0.0007772937892112762,0.28648661122666713,0.21941300642743536,0.7234415657933907
neg_229,QNWPSPKVPP,10,0,development,1,53,0.0012973414157616094,1.5195526952240983e-07,0.0006487466855155659,3.604073198162527e-05,0.0004084169527669899,0.01430884958419986,7.188556919286825e-05
neg_230,MLNAVDAKLTTDFGQR,16,0,development,3,926,6.291729748615103e-09,0.0004375003686186655,0.00021875333017420706,2.092065924461711e-05,0.00030846204419176783,0.0345420804696817,0.0009084080381237916
neg_231,TDVDHVFLRF,10,0,development,1,53,0.01131696602167734,9.068291270329751e-07,0.005658936425402186,0.00010697695213761322,0.0035624150117291127,0.018035678056538353,9.249903224670568e-05
neg_232,GSGGSGEANGMWFGPRL,17,0,development,2,785,9.558077443495113e-05,2.0765930294626434e-13,4.779038732130522e-05,9.776918606615676e-06,2.294705608599564e-05,0.006784039737090947,7.957399788542572e-08
neg_233,QQDYGTGWMDF,11,0,development,3,927,1.614048717326705e-06,0.005483461223975368,0.0027425376363463473,9.432766533619939e-05,0.0038665973356918565,0.06673251530723691,0.1725197563827142
neg_234,FIGPIISALASLFG,14,0,development,2,928,4.768342042958937e-06,2.0995776398686828e-06,3.4339598414138103e-06,3.1640969858943527e-06,2.7402952567630293e-06,0.006478804511893723,0.0011518172854823505
neg_235,MALNLQDKQAIVAEVSEVAK,20,0,development,4,929,1.0957533224413606e-07,0.019553684961035767,0.009776897268184006,0.0001412021427154041,0.014999775722211147,0.09859333043702846,0.004004263404703133
neg_236,GTLGNLPAPFPG,12,0,development,5,930,0.759415313445881,0.3747960926822143,0.5671057030640476,0.5790538268245204,0.4688995892825365,0.542212882009995,0.1775705276806779
neg_237,TKSPDCGGILSPSGLSYFA,19,0,development,1,931,2.253972560215723e-07,0.0017612656756774761,0.0008807455364667489,4.200269939073478e-05,0.0012070127105092776,0.04626071527273351,0.006476316165812742
neg_238,QQDYTGWFDF,10,0,development,3,927,0.0032993505384356714,1.4551428337537377e-06,0.0016504028406347125,6.93992611389613e-05,0.0009741652170131216,0.021438772005504474,0.002202601896851928
neg_239,DSPAGVSDAQKQ,12,0,development,2,932,0.5931176541205222,3.578152439420202e-08,0.2965588449510233,0.0012059024747984478,0.14239586005142765,0.016355762709498317,5.934138147795529e-06
neg_240,SASSGESSGMWFGPRL,16,0,development,2,785,7.123173784683848e-06,1.1408770453773862e-13,3.5615869493857764e-06,2.6689311765391013e-06,1.7101334078562244e-06,0.005345071421731691,1.5822507463287092e-07
neg_241,SGLLINQPKYSWLKELGL,18,0,development,3,933,7.534588656169988e-10,1.356495341060705e-07,6.820149648584375e-08,1.0000000000000008e-06,9.586210739489116e-08,0.007700307922887247,2.2119091674124234e-05
neg_242,VDKPDYRPRPWPRNMI,16,0,development,4,934,4.940409643756092e-05,0.19935516415127605,0.0997022841238568,0.0034951467774127485,0.1529380601607551,0.247504750319776,0.019005328402168117
neg_243,KCCMRPICMCPCC,13,0,development,5,913,3.714458396061022e-07,8.40093950856322e-06,4.386192674084661e-06,2.8984426484388615e-06,6.43639018448432e-06,0.009747421559621256,6.66657657911123e-05
neg_244,FFPIILGLVPKLVCLITKKC,20,0,development,4,935,6.624948823645415e-11,6.75875370025579e-15,3.31281234950772e-11,1.0000000000000008e-06,1.5434289107920396e-11,0.006074063854684677,5.742493803327343e-10
neg_245,INWKKIAEVGGKILSSL,17,0,development,4,936,4.042739267458581e-10,1.845735381466085e-09,1.1250046541059715e-09,1.0000000000000008e-06,1.5100277419896006e-09,0.006074063854684677,1.6015256150191394e-07
neg_247,GILDIAKKLVGGIRNVLGI,19,0,development,3,937,1.3527352223632306e-10,5.021395844583616e-14,6.766186809738445e-11,1.0000000000000008e-06,3.993415763997265e-11,0.007700307922887247,1.0862271050311256e-10
neg_248,KWCFRVCYRGICYRRCR,17,0,development,3,827,8.057109753652997e-10,1.259005623992425e-10,4.658057688822711e-10,1.0000000000000008e-06,3.264097835546425e-10,0.007700307922887247,6.485652100267442e-09
neg_249,GSTSECFWKYCV,12,0,development,4,790,6.785119835936775e-09,1.3310142601945736e-12,3.3932254250984846e-09,1.0000000000000008e-06,1.5812343301445727e-09,0.006074063854684677,4.7759302655137916e-09
neg_250,GPESAFLRL,9,0,development,5,45,0.0015320924046340484,1.2666799539201977e-09,0.0007660468356570011,3.91704562211091e-05,0.00037485287421424506,0.01071971200924349,3.977467577106984e-05
neg_251,SVNTKNDFMRF,11,0,development,1,53,0.0005340409363504568,2.07362197596233e-11,0.00026702047854333823,2.311497612308256e-05,0.0001680789480766271,0.013015559661746647,1.0475843915918587e-06
neg_252,SFYACTNGCWVKPGGGCQC,19,0,development,5,938,2.9210362871027497e-09,1.762050036864492e-11,1.4693283937356974e-09,1.0000000000000008e-06,7.27989516960612e-10,0.005214380949955825,1.6068364437674746e-07
neg_253,EVEMLGDELRTLNQNLGLMR,20,0,development,1,939,1.32692032745594e-05,0.029614236855448707,0.014813753029361634,0.0006359560300676028,0.020297911559486886,0.12014950315560387,0.009984209592946224
neg_254,CFISDCAPG,9,0,development,4,940,8.535160112124962e-07,3.9748070148238895e-05,2.0300793079725697e-05,6.304695762048122e-06,3.068976413868574e-05,0.01755572489142505,0.002278444482832497
neg_255,GCPWDSWC,8,0,development,5,838,4.0459966572231863e-07,8.250150006300526e-10,2.0271234036147434e-07,1.0000000000000008e-06,9.961520649454948e-08,0.005214380949955825,5.875264216057189e-06
neg_256,MEVGKLGKPYPLLNLAYVGV,20,0,development,2,941,2.589886564778247e-07,2.76322886135865e-07,2.6765577130684485e-07,1.0000000000000008e-06,2.721612799992055e-07,0.004462528399727788,3.823284069173594e-05
neg_257,EAYAFGL,7,0,development,1,53,0.9999285603680652,0.00045479954423900725,0.5001916799561521,0.7162008181549522,0.3150196066825352,0.2974299656828991,0.12445104476044447
neg_258,FESFFL,6,0,development,3,942,0.44043756975987813,0.8828880600465397,0.6616628149032089,0.7089605170252871,0.7523878477592165,0.6685177204542121,0.9211709756223051
neg_259,APPGFTPF,8,0,development,3,830,0.11242291710370654,6.7759805962916296e-09,0.05621146193984357,0.0003557706074443455,0.033159001930944794,0.029574221226318354,0.00013090203320948756
neg_260,LSDYDEEEDERAKATLDAR,19,0,development,4,943,1.0265711573297945e-09,1.5749236124644673e-10,5.920317592881206e-10,1.0000000000000008e-06,3.598955473995114e-10,0.006074063854684677,1.1535885210558874e-07
neg_261,GRNGKSQSIIVGPWGDRVTN,20,0,development,5,919,5.526257747173257e-07,5.931775867816155e-13,2.7631318394745624e-07,1.0000000000000008e-06,1.3520954552537295e-07,0.005214380949955825,1.2375612570523364e-08
neg_263,APGQDFMRF,9,0,development,1,53,0.0002619381584936062,1.2439267783551187e-11,0.00013096908546643697,1.618636982954674e-05,8.24399179429697e-05,0.012062069166481667,5.3929043145668e-08
neg_264,GGNTECFWKYCV,12,0,development,4,790,5.005553723932439e-07,6.161503002635776e-10,2.5058576134675374e-07,1.0000000000000008e-06,1.1704896616291112e-07,0.006074063854684677,2.1588543955065817e-07
neg_265,FLSLIPAAISAVSALADHF,19,0,development,2,875,2.4253842887804343e-09,1.787294072542422e-07,9.057739577151133e-08,1.0000000000000008e-06,1.364022938857803e-07,0.004462528399727788,1.2830783186120841e-05
neg_266,QNWPHPQIPP,10,0,development,1,53,0.08147882255644294,3.7246135155546676e-06,0.04074127358497925,0.0005744730231636026,0.025646417273966812,0.03145368949775771,0.0005887939233159687
neg_267,QLNYSPDW,8,0,development,3,800,0.8560683559897821,0.0001363850443774776,0.42810237051707983,0.02769439366305851,0.2525924368831106,0.14096032699841504,0.011792111807505258
neg_268,VNSTYIGYAPIDDPK,15,0,development,4,944,0.05430519117533544,1.3921971804303522e-06,0.027153291686257935,0.0002826656728835556,0.012648417970825025,0.018443292394891085,0.000665755499835535
neg_269,GLLDALSGILGL,12,0,development,4,839,4.4160537962457485e-07,3.1713296075623025e-07,3.793691701904025e-07,1.0000000000000008e-06,3.4612183297434344e-07,0.006074063854684677,9.60602060397278e-06
neg_270,LVVELAPMEIR,11,0,development,5,945,0.5037282092708019,0.27015900534942044,0.3869436073101111,0.38002280205647815,0.32730560021671473,0.4785621307438299,0.5122265947510006
neg_271,GLGNNAFVGVR,11,0,development,1,588,0.0006054762389024225,1.927641106151995e-06,0.0003037019400042872,3.417265612425126e-05,0.00019188275119116604,0.015658335410380694,0.000196585278384322
neg_272,APACVGFQGMR,11,0,development,1,53,0.0012433799496021562,2.282408487182836e-05,0.0006331020172369923,0.00016853904770314153,0.0004069701577751753,0.03204643474445259,0.0002787022510220807
neg_273,IGDIWSGIQG,10,0,development,4,946,0.10394713683749451,0.0001266616073814652,0.05203689922243799,0.003818807715686803,0.024305821275298314,0.0695071876698108,0.0030019739096985134
neg_274,DMHDFFVGLM,10,0,development,1,947,0.0011068926719419617,8.300495296370962e-08,0.0005534878384474627,3.3287333591236044e-05,0.0003484296880597006,0.014068486688164303,0.0005380730101018826
neg_275,CFIRNCPP,8,0,development,4,940,0.004263611187989065,9.651733903614305e-12,0.0021318055988203996,6.543173057026907e-05,0.0009929692213071252,0.013201980317557534,7.894632152988379e-07
neg_276,AVGNEVFANR,10,0,development,5,215,0.006478253744016925,0.001283230944923033,0.003880742344469979,0.0028861326367671846,0.00255427977431453,0.09429823219242396,0.01318966236821639
neg_279,TDVKESEFIAEGAVGR,16,0,development,3,885,1.040188899704873e-05,9.234013793309568e-09,5.20556150542102e-06,3.2252039474105807e-06,3.0745344515101642e-06,0.010089759072435782,1.2552849425505253e-05
neg_280,VPPGFTPFRVD,11,0,development,3,830,0.002295887437971861,0.0003780288341067235,0.0013369581360392923,0.0009319959650339091,0.000943698802693071,0.07828527902489016,0.010086359415961069
neg_281,SNDIYFNFQR,10,0,development,2,948,0.001592316567445775,2.588864417764508e-07,0.0007962877269437757,3.993407445127905e-05,0.0003824804876254776,0.008780384978071718,4.933063173463918e-05
neg_283,GKPRPQQVPPRPPHPRL,17,0,development,3,894,4.663203223005311e-05,9.541953153663612e-15,2.3316016119797532e-05,6.82888106462383e-06,1.3754058910512421e-05,0.0119924420876218,7.178368302120751e-09
neg_284,QGGGPQWAVGHFM,13,0,development,3,949,2.875345515068732e-06,3.899182800938289e-06,3.3872641580035105e-06,3.3483576050831874e-06,3.5972032889095238e-06,0.012202659670284036,0.000512974731344247
neg_285,QFRPSYQIPP,10,0,development,1,53,7.369087354850113e-09,0.953305171366985,0.4766525893680362,0.004498046236772655,0.6532710265888724,0.3667640936584254,0.18481815891440667
neg_286,QGPWMEEEEAAYGWMDF,17,0,development,4,950,2.698716430504836e-08,7.81860896109975e-09,1.7402886633074056e-08,1.0000000000000008e-06,1.2282849364905976e-08,0.006074063854684677,4.924733943524763e-06
neg_287,KPEEDWGHK,9,0,development,2,951,0.0878662331844425,0.924327382191594,0.5060968076880182,0.5203236547675532,0.7235095829898396,0.6736987818285584,0.7240152141731923
neg_288,FLSLIPHAINAVSAIAKHS,19,0,development,2,875,8.005847771277245e-10,1.4900894878795802e-09,1.1453371325036523e-09,1.0000000000000008e-06,1.324553026662245e-09,0.004462528399727788,6.569084281323233e-06
neg_289,SDPAGGEFLAEGGGVR,16,0,development,3,885,0.028553629808076072,2.5480866321982917e-09,0.014276816178081351,0.00017141428594024581,0.008421858780153413,0.025064828993895436,3.3840071565153254e-06
neg_290,MQLTPPEVEK,10,0,development,5,952,0.029394541198103186,0.9474608343363782,0.48842768776724066,0.424960578196577,0.7228406291275146,0.6719642813403619,0.8484350437837747
neg_291,SLEDIEHEVEELLR,14,0,development,1,953,0.005500968913578277,0.18111996894556762,0.09331046892957294,0.03379554662034888,0.12584732544030128,0.3070808329117695,0.4762138836368135
neg_292,DPAFSSWG,8,0,development,5,954,8.038657231919203e-07,3.211783334433935e-12,4.019344674876274e-07,1.0000000000000008e-06,1.966815602009398e-07,0.005214380949955825,1.576490583431968e-07
neg_293,AGVPFNTKTPYGPT,14,0,development,2,955,0.0426996446346342,9.33600303969298e-06,0.021354490318836947,0.0006448970260779405,0.010258435840869908,0.023560822352333588,0.011710970787025082
neg_294,QEKPYWPPPIYPM,13,0,development,3,956,0.00028967937677339584,9.5009996125762e-08,0.0001448871933847608,1.702215439584202e-05,8.550755257244733e-05,0.014792483490888202,3.0104007088279963e-05
neg_295,INIKDILAKLVKVLGHV,17,0,development,2,853,1.4315279785928483e-09,2.958274379015272e-09,2.19490117880406e-09,1.0000000000000008e-06,2.59173272620097e-09,0.004462528399727788,7.238864598178717e-07
neg_296,SPVISYDKT,9,0,development,3,957,0.044761284776811086,0.7114489831973183,0.3781051339870647,0.25367770778753823,0.5148102900932506,0.5230209300532956,0.8734391693662554
neg_298,PRGSPRTEYEAARR,14,0,development,4,958,0.0003250577744844876,0.7821564624220794,0.3912407600982819,0.03303954571983346,0.6000726651319394,0.4606121592984821,0.5090937304361771
neg_299,VDEQLPRTIMNIFEK,15,0,development,5,959,1.5640690142774874e-05,1.2703569256792502e-07,7.883862917671399e-06,3.9548485057971e-06,3.922709569487006e-06,0.006834705259468398,0.00014631476090397374
neg_300,KVHGSLARAGK,11,0,development,1,960,0.7558696904367581,3.2322021848368404e-05,0.3779510062293032,0.009904803105351294,0.23791734246238247,0.07795571898575089,0.0037499305251656794
neg_301,QNGPRPIGIPP,11,0,development,1,53,0.26285866194653823,4.075915368206362e-07,0.13142953476903751,0.0005967971179638676,0.08272989917692421,0.025946948503838062,8.927581851856509e-05
neg_302,QKKDKKDKF,9,0,development,3,961,0.012886193928190457,9.095974652996517e-05,0.006488576837360211,0.0010885542583449748,0.003864897878886574,0.06774419121433661,0.002010698089449407
neg_303,EDTGTFEEGHGGVR,14,0,development,2,962,0.0002680005543964688,1.333608253258901e-05,0.0001406683184645289,5.978842544274686e-05,7.447599182220052e-05,0.0165307713822651,0.0017689054052246133
neg_304,ASLVTSFEEA,10,0,development,3,963,0.0006289596563690189,0.9584005646685548,0.4795147621624619,0.10747295981597133,0.67590704161724,0.5379117200681388,0.9224382436393753
neg_305,DPAFNSWG,8,0,development,5,954,1.17154541900326e-05,2.113196124482668e-10,5.857832754822524e-06,3.4227946124535633e-06,2.866540556720285e-06,0.006643239190338515,8.935550116439471e-07
neg_307,SLSINTNTSEMIALQTLDA,19,0,development,4,964,1.5378528291660617e-10,1.594018110937617e-08,8.046983196146388e-09,1.0000000000000008e-06,1.2263625165831523e-08,0.006074063854684677,1.2827679054542784e-05
neg_308,GSFFATPDDRH,11,0,development,5,965,1.8484609454555193e-07,0.5654580639019241,0.2827291243740093,0.001139434692199116,0.42710937843138685,0.2529910992661896,0.30527750853475494
neg_309,GSPGLIPFGRS,11,0,development,5,45,0.00014083257914725435,0.0018821599197853427,0.0010114962494662985,0.0005151049656414799,0.0014561151913018617,0.07389762889305913,0.010476325339068835
neg_310,KQTENLADTY,10,0,development,1,966,0.9979708862361658,5.006270028818713e-07,0.49898569343158433,0.021696005459878244,0.3140921498366034,0.055001115470510925,0.00023692708704411102
neg_311,GPPYQPLVPR,10,0,development,2,967,0.9938554033537469,7.375973572156379e-06,0.4969313896636595,0.03338710582350472,0.23861065579880805,0.04562677722676119,0.0014265262736725371
neg_312,EWEEWLLA,8,0,development,3,968,0.9957229552561158,0.9766340510842457,0.9861785031701807,0.9899642935838588,0.9822642992169746,0.8574590277661233,0.9742876204727134
neg_313,DSSVLTSEYPR,11,0,development,5,45,0.999497860069219,0.9458019814681656,0.9726499207686923,0.9946631002303735,0.9589395722504277,0.8588203237816202,0.9690028582037927
neg_314,FFSMIPKIATGIASLVKDL,19,0,development,4,839,7.554192471478615e-12,2.18325543408204e-10,1.129398679398413e-10,1.0000000000000008e-06,1.6923817276743225e-10,0.006074063854684677,9.098420904940568e-08
neg_315,ECCHRQLLCCLRFV,14,0,development,4,969,4.702704751447987e-09,1.0853406583852376e-12,2.351895046053186e-09,1.0000000000000008e-06,1.0960640159080415e-09,0.006074063854684677,3.7036647056550292e-09
neg_316,RGSNLTIHPLRNTNDIDY,18,0,development,2,970,4.805142669213032e-09,0.00012743926781550772,6.372203647908846e-05,1.1289497787946908e-05,9.684477054950408e-05,0.01982838965899934,0.0005446622553555745
neg_317,FLSLIPHAINAVSAIAKHN,19,0,development,2,875,2.463295706874724e-10,1.816756337592436e-09,1.0315429541399542e-09,1.0000000000000008e-06,1.4397278916069727e-09,0.004462528399727788,9.286819761134312e-06
neg_318,GVGDLIRKAVAAIKNIV,17,0,development,5,971,5.2849966735824967e-11,3.105666589325521e-07,1.5530975444964396e-07,1.0000000000000008e-06,2.3459428524735196e-07,0.005214380949955825,6.939091807267926e-06
neg_319,GPLTILHINDVHAAFEQFNT,20,0,development,5,972,2.2662521018187327e-09,1.2390735408486017e-05,6.196500830293918e-06,3.5200588202989112e-06,9.359690150720979e-06,0.01092301615339705,0.0012879067881560744
neg_320,GIGSALAKAAKLIEGMV,17,0,development,2,973,1.745863956026928e-08,1.2985448989174438e-10,8.794247025080512e-09,1.0000000000000008e-06,4.29015348860075e-09,0.004462528399727788,1.658643694041037e-06
neg_321,EYPVVFVKGLFPGKG,15,0,development,1,974,0.004091165930558066,0.11877659438991771,0.06143388016023789,0.02298980423692643,0.08268160010496986,0.2734380679205647,0.04359324067967707
neg_322,EEGGSPPPVVI,11,0,development,2,975,0.8966848279121306,0.0014311460940689784,0.4490579870030998,0.10033899205511815,0.21636387109076072,0.15806351821011375,0.00033911032246011704
neg_323,FLAKNVAKKLVSHVAKKQLE,20,0,development,2,976,7.48057344540301e-09,1.5463998130027944e-10,3.817606713351645e-09,1.0000000000000008e-06,1.913451896361522e-09,0.004462528399727788,7.74912104906446e-07
neg_324,LKCNKLVPLFYKTCPAGKNL,20,0,development,4,977,9.823763005046783e-11,7.282490482500932e-07,3.6417364294007183e-07,1.0000000000000008e-06,5.586671360763905e-07,0.006074063854684677,6.661788364044135e-06
neg_325,AEYPNDVNLTVYWDP,15,0,development,3,978,1.1039725800647055e-06,0.000612199856107442,0.00030665191434375334,2.6004450382216697e-05,0.00043195789846702063,0.03789046889827315,0.004632742942701137
neg_326,DSCCIEQHCCD,11,0,development,5,979,0.0014299150594177226,9.928472994511074e-08,0.0007150071720738338,3.78398692877621e-05,0.0003499275216684583,0.010647389574284374,7.65089062604637e-05
neg_329,VGEAFWSAEEQK,12,0,development,4,980,0.6067894976185678,2.4062115391570475e-08,0.3033947608403416,0.0012407021239397248,0.14131761612103874,0.022699191047818,1.5787960436283472e-05
neg_330,TPGQDFMRF,9,0,development,1,53,0.0031756812787882794,4.401252083372452e-11,0.0015878406614004,5.643971955505425e-05,0.000999483566547962,0.015743207044012,1.2522125280056636e-07
neg_331,FLPIIAKLVSGLL,13,0,development,4,839,0.00025248241666776247,5.882432410754367e-07,0.00012653532995441895,1.5891457015840157e-05,5.925287009047395e-05,0.010157612840163588,0.0001731600739460289
neg_332,AIDYDEDEDGRPKVHVDAR,19,0,development,4,943,9.452998996994362e-09,1.4337281673127079e-08,1.189514033506072e-08,1.0000000000000008e-06,1.319976183007401e-08,0.006074063854684677,1.9209547191002723e-07
neg_333,HNPASFIGLM,10,0,development,1,53,0.018037888651835074,7.4415200971817785e-06,0.009022665085966127,0.00036958759949008995,0.00568217191015503,0.0318586621778975,0.001377161100621724
neg_335,CYIQNCPRG,9,0,development,2,904,0.027850675450800694,2.5569552254218208e-05,0.013938122501527456,0.0008551591384510751,0.006705827847256137,0.03070866529616996,0.005143727074346368
neg_336,VRPYLVAFYESH,12,0,development,5,981,0.030300656714635117,8.585735538644044e-07,0.01515075764409449,0.00017673840189732357,0.007414208706442074,0.01439254680342987,0.00018629309069115893
neg_337,QPWLPFV,7,0,development,3,982,0.03329124613428687,0.7898712751793179,0.4115812606568024,0.26459392156255757,0.566718952896306,0.5404793870834275,0.24846496642385998
neg_338,CCEWPCHHGCIPCCY,15,0,development,2,787,6.747637020910848e-05,3.6721287178439164e-12,3.37381869406186e-05,8.214613953306209e-06,1.61997464123278e-05,0.006570722832267002,8.571782619447733e-07
neg_339,QTCCGYRMCVPC,12,0,development,3,983,3.536096831481181e-05,2.2053057109304064e-11,1.768049518393446e-05,5.946581669459284e-06,1.0429688411545796e-05,0.011616687677175143,2.2638588884776554e-06
neg_341,GPIPWQR,7,0,development,1,984,0.9848748287343213,0.00039721482872191006,0.4926360217815216,0.13856729040294516,0.31024227818979144,0.18602025800062338,0.015144888818393883
neg_342,TVKVTVTGAAGQIGYALLFR,20,0,development,4,985,1.0717767238548755e-09,6.857480754215052e-10,8.787623996381904e-10,1.0000000000000008e-06,7.756518088245028e-10,0.006074063854684677,2.6565976177460538e-05
neg_343,AGPYAFGL,8,0,development,1,53,0.9999018022815929,0.00036978786830814056,0.5001357950749505,0.6599584567503837,0.3149529291838998,0.2791193744912345,0.09126993565570043
neg_344,ANDPDFPYTVQANRP,15,0,development,2,986,3.9743921197661934e-07,2.9536057264059014e-07,3.463998923086047e-07,1.0000000000000008e-06,3.1986763757875593e-07,0.004462528399727788,6.133992382778279e-05
neg_345,AAAPDIPIANVNA,13,0,development,3,987,0.027314134442906243,2.389207707417178e-07,0.013657186681838492,0.0001675463092196468,0.008056437845362393,0.02493526478111233,0.00037412097244489124
neg_346,GLVSNLGI,8,0,development,4,839,0.17536442247001954,1.0308266820836832e-05,0.08768736536842019,0.0014784009685826012,0.04084921905342339,0.036670050619626804,0.0001007867536292322
neg_347,CCKQSCTTCMPCCW,14,0,development,2,787,1.8690839483182201e-06,4.28913818519105e-08,9.559876650850653e-07,1.3671445425637563e-06,4.81324144152545e-07,0.00472666541548413,8.995886838186449e-05
neg_348,AGQNTES,7,0,development,4,988,0.9999498376883305,0.33324706052448444,0.6665984491064074,0.9900809591633019,0.48851809799910906,0.720669871035635,0.6372588063774893
neg_349,APPGFTPFRIA,11,0,development,3,830,3.878662820005908e-06,2.590714275524982e-06,3.234688547765445e-06,3.169938238993557e-06,2.9705930691070914e-06,0.011410797766201837,0.0007328842345399988
neg_350,YVMGHFRWDKF,11,0,development,5,989,7.540380647280538e-09,0.888169058579342,0.44408453305986134,0.00281024932712667,0.6708637114648441,0.36652007897494343,0.5473236423125831
neg_351,EGCCSNPACRTNHPEVCD,18,0,development,3,854,6.544528274921634e-08,3.5545895231884436e-12,3.272441866936977e-08,1.0000000000000008e-06,1.9305509508267047e-08,0.007700307922887247,4.535342162165286e-07
neg_352,GSSGLIAFPRL,11,0,development,5,45,0.006163055858849026,2.6910327787768708e-08,0.0030815413845884073,7.874201101101953e-05,0.0015079145623107853,0.012289560435539193,1.470087539284753e-05
neg_353,MNRVQFNHHHHHHPD,15,0,development,5,990,0.0005463828526346008,0.01190095258240719,0.0062236677175208956,0.0025594394245165106,0.009122868034676462,0.1364555586720031,0.4507412416273736
neg_354,RQQPFVPRL,9,0,development,4,991,9.806064571181509e-05,1.0122440337846566e-08,4.903538407607647e-05,9.902949977320535e-06,2.2845495255277556e-05,0.009304081981974984,0.00021922998182126617
neg_355,MEPDPTPLPRRRLKLFR,17,0,development,2,992,3.577602331739257e-06,5.7056286062499553e-11,1.7888296940126596e-06,1.89145583475783e-06,8.589550094233965e-07,0.005017318870776521,4.1313222788193696e-08
neg_356,GAYFDGFDVPCVPRRDDC,18,0,development,1,993,1.479657863167634e-10,7.969201132870696e-05,3.9846079647246634e-05,8.927318711098477e-06,5.461055685551916e-05,0.020896231112871224,0.0007091379192929881
neg_357,DRTPALRLRF,10,0,development,5,829,0.0002471965400682083,2.3210341203422434e-09,0.0001235994305511643,1.5724189415205306e-05,6.048250271694652e-05,0.00896335900116331,1.5671280734147195e-05
neg_358,AVNVDDPSK,9,0,development,2,994,0.003320547130796748,0.8306422389033138,0.4169813930170553,0.11334125742279219,0.632018642851265,0.5325963384231291,0.41859675415356096
neg_359,MKLIAKTRILNTLVFSAAGK,20,0,development,3,995,8.828698710547834e-13,5.009806410504622e-06,2.5049036466872464e-06,2.2382613993912433e-06,3.5321706089238414e-06,0.011500418015330284,1.4782735049618037e-05
neg_360,QARPRHPKIPP,11,0,development,1,53,6.259717755527362e-05,2.0972323805994674e-07,3.1403450396666785e-05,7.912026807853502e-06,1.9844953600653525e-05,0.010350380863213557,2.855775861191881e-05
neg_361,GPSGFYGVR,9,0,development,1,53,0.7298541145208879,5.156254640508621e-11,0.3649270572862252,0.001640989532343418,0.22970729978887267,0.03209363631790384,2.0161429168862743e-05
neg_362,FLSLIPHAINAVSALAKHF,19,0,development,2,875,5.0753019827878854e-11,4.563100231150143e-08,2.2840877665664654e-08,1.0000000000000008e-06,3.468808480638374e-08,0.004462528399727788,2.316765753942717e-05
neg_363,APVPGLSPFRVV,12,0,development,3,830,0.006800814843609605,0.334782218076162,0.1707915164598858,0.05544818699980579,0.23804451818026792,0.37025601202648967,0.1603927286389653
neg_364,QPWLPFR,7,0,development,3,982,0.007327089345974969,0.001485068091807737,0.0044060787188913535,0.003302341619304207,0.003208164868945294,0.12067562196949126,0.02300447691211884
neg_365,SLNTKNDFMRF,11,0,development,1,53,0.00011046998105969763,8.901064907531806e-14,5.5234990574354144e-05,1.0510945436658745e-05,3.476826477058907e-05,0.010998775575085636,3.861994063253473e-08
neg_366,RPPGFSPFRIAPASSL,16,0,development,3,996,5.992841842943493e-07,3.3992073506727896e-08,3.166381289005386e-07,1.0000000000000008e-06,2.0072426633204933e-07,0.007700307922887247,1.6741660547659087e-06
neg_367,CYFRNCPIG,9,0,development,2,904,0.00015740902468883717,3.8344177907838606e-07,7.889623323395778e-05,1.2547111738021825e-05,3.808218249852427e-05,0.007101722725283124,0.007590832777768783
neg_368,INWKAILGKIGKAAAAVI,18,0,development,4,997,1.2407170862888274e-07,3.4368459882103293e-10,6.220769661385189e-08,1.0000000000000008e-06,2.915919176913489e-08,0.006074063854684677,1.3188921339163667e-07
neg_369,MRLSANRQGNTCAGRSVNA,19,0,development,5,998,9.355951946274635e-09,0.00046076384651971933,0.0002303866012358328,2.1469907187588516e-05,0.0003480325884441648,0.031213849646516537,0.0016758132528501086
neg_370,EGANSNEAKGMWFGPRL,17,0,development,2,785,4.32342303498134e-07,8.824720019795907e-09,2.2058351175896496e-07,1.0000000000000008e-06,1.1050292604086007e-07,0.004462528399727788,5.786751368270776e-06
neg_371,KPRPHQFFGLM,11,0,development,1,53,0.0003294494822115206,3.8274246806204456e-10,0.00016472493247699432,1.815341343631712e-05,0.00010368803968600528,0.012361195367043096,4.45229966518604e-06
neg_372,PAPDSSFIRDP,11,0,development,3,878,1.1715379838301222e-05,2.0364421124835304e-08,5.867872129713029e-06,3.42278375102149e-06,3.469794420979097e-06,0.010228985157859385,4.439108887191548e-06
neg_373,PFDRISNSAFSDF,13,0,development,2,999,7.720036753711753e-09,0.0014899484988103327,0.0007449781094235432,3.862716628788726e-05,0.001132243148729931,0.041652856693086104,0.003561017254810788
neg_374,NVRFDLSGATSSSYKTFIKN,20,0,development,1,1000,2.557648629671777e-10,1.7018241647428113e-07,8.521909066862416e-08,1.0000000000000008e-06,1.1670132823869773e-07,0.006642723419556829,3.856677415764922e-06
neg_375,SRPYSFGL,8,0,development,1,53,0.02573961456936729,7.798945111687362e-09,0.0128698111841562,0.00016251487936217267,0.008101045321810732,0.019708988928898854,5.564486381462919e-05
neg_376,IDWKKLLDAAKQIL,14,0,development,4,1001,5.01013011185498e-09,2.9814619548474836e-12,2.5065557869049136e-09,1.0000000000000008e-06,1.1691160458949305e-09,0.006074063854684677,1.5725143623222457e-08
neg_377,MLRNRARRLDYKIMR,15,0,development,2,1002,2.2638538053244207e-09,0.0001855483525221837,9.277530818799451e-05,1.362269857400527e-05,0.00014100240173761381,0.0222303836900592,0.00010890958176240604
neg_378,GCCSDPRCKHQC,12,0,development,3,1003,1.4637293416054891e-09,2.0140648320519027e-10,8.325679124053397e-10,1.0000000000000008e-06,5.737270131014273e-10,0.007700307922887247,7.263752761075014e-07
neg_379,FLPLLLAGLPKLLCLFFKKC,20,0,development,5,1004,8.682739664407428e-11,1.1549584461072595e-08,5.818205928858335e-09,1.0000000000000008e-06,8.745030080506216e-09,0.005214380949955825,6.147731608877228e-07
neg_381,KNEFIRF,7,0,development,1,53,0.003248187389855722,1.3087984273266893e-09,0.0016240943493270746,5.708242921685696e-05,0.001022304312826153,0.015781192635655406,3.2219677763585323e-06
neg_382,YKSDSFYGLM,10,0,development,1,53,2.2707665998969943e-05,1.712043974961811e-05,1.9914052874294027e-05,1.9717134191007303e-05,1.8878909873052577e-05,0.019510237604952824,0.005166570162590525
neg_383,DGGEPAAPLWFGPRV,15,0,development,5,1005,0.014797652570629335,6.899745987960269e-09,0.007398829735187662,0.00012254079381212224,0.0036204973066421785,0.01339924607496506,0.0001443116474562051
neg_384,DEPDGVPTTQKQ,12,0,development,4,1006,0.9961937324321679,1.115668473796282e-07,0.49809692199950767,0.01592035368791353,0.23200757026586472,0.03621278558421024,0.00016923087238498915
neg_385,DLLGTLGNLPLPFI,14,0,development,3,1007,9.233034511994065e-07,2.88394023528413e-07,6.058487373639098e-07,1.0000000000000008e-06,4.7565975588324823e-07,0.007700307922887247,7.421917647395534e-05
neg_386,VDKPDYRPRPWPRPN,15,0,development,4,934,0.02980495521183041,0.9516523565073232,0.4907286558595768,0.43744939200135774,0.7369596819074973,0.6822343877799333,0.8438406295528346
neg_387,MADAEDIQPLVCDNGTG,17,0,development,4,1008,1.7748417643310375e-07,3.5610365854741546e-06,1.8692603809536292e-06,1.8870716434843617e-06,2.7730277292091727e-06,0.008770183109397308,3.7163098809751574e-06
neg_388,QLGPPPRPQIPP,12,0,development,1,53,0.09247468594993813,0.0002563831479965216,0.04636553454896732,0.005085902860705392,0.02928028929997304,0.0919072489473985,8.809835843565325e-05
neg_390,LLGMIPLAISAISALSKL,18,0,development,2,875,6.096043332652335e-08,4.155252996832706e-07,2.3824286650489698e-07,1.0000000000000008e-06,3.3040127901531555e-07,0.004462528399727788,5.871000960464034e-05
neg_391,AAGLFQFPRV,10,0,development,5,45,0.008606757864696427,0.03403302469934205,0.02131989128201924,0.017188430043582087,0.027812065149056917,0.22209078640213956,0.005753726228014766
neg_392,QESGEVIIEIPR,12,0,development,5,1009,0.020321566223272042,3.984564727060965e-08,0.010160803034459657,0.0001440039772454055,0.004972039644807645,0.013828371042593997,2.589651180581176e-05
neg_393,VAGKSFVPIAAGRQ,14,0,development,2,1010,0.014644429434116655,0.8527801320213955,0.4337122807277561,0.22685001665458956,0.651560305582625,0.5794247798480422,0.916641051631194
neg_394,GYFLFRPRN,9,0,development,1,1011,0.0006093211256701772,1.2180570165797146e-07,0.0003047214656859176,2.4691357314337045e-05,0.00019185537000926249,0.013200093361342986,4.051328348110609e-05
neg_395,SESILIVHQQQSRSSGS,17,0,development,2,1012,0.0021228328863484454,0.0005338575592839079,0.0013283452228161766,0.0010648423474671491,0.0009153391481726947,0.06023204909462325,0.014277588373861375
neg_396,APLSGFYGVR,10,0,development,1,53,0.006547653849286083,1.9368462919048435e-07,0.003273923766957637,8.117724290549712e-05,0.0020608786417243385,0.017008579917148207,3.325586761369464e-05
neg_397,DQGFNSWG,8,0,development,5,954,0.00021375069755442873,2.791348296861168e-10,0.00010687548834462922,1.4621571681619644e-05,5.2297878129305955e-05,0.008836392681727848,4.790035644981858e-06
neg_398,FLPILGKILGGLL,13,0,development,4,839,0.012163039875988196,0.0002693373295872306,0.006216188602787713,0.0018180044018790069,0.003039308592719398,0.07013643696376716,0.01740472066751194
neg_399,MIGINVAIFTNVQRRTVS,18,0,development,3,1013,2.502022093965816e-09,0.00027131769610470787,0.00013566009906340091,1.6473695978581878e-05,0.0001912936228990988,0.030752810163525,0.0008001408528126222
neg_400,EKGKEILGKI,10,0,development,4,1014,1.988531751047542e-08,1.2897751199197212e-08,1.639153435483632e-08,1.0000000000000008e-06,1.452511305779086e-08,0.006074063854684677,1.5138450356114606e-06
neg_401,RIISSVAVAVAGTA,14,0,development,5,1015,0.0012659465399264224,0.0072402298478341474,0.004253088193880285,0.0030312265876732665,0.005778521959604333,0.12894416799388797,0.03533783173814567
neg_403,MERQVFIRLRHRLEADP,17,0,development,1,1016,1.5597020429315128e-10,1.7666141333256796e-06,8.833850517649863e-07,1.3291404458179905e-06,1.2106559949728177e-06,0.00771585884037118,1.7887306464894746e-06
neg_404,KGFMTPERAAEFNFR,15,0,development,2,1017,7.828376623634263e-08,1.271994684811651e-08,4.550185654222957e-08,1.0000000000000008e-06,2.8460524796575796e-08,0.004462528399727788,1.1459163225087179e-06
neg_405,PAPESNFVRDP,11,0,development,3,878,0.0004556461001883397,8.713611650234481e-09,0.00022782740689999498,2.135028803132838e-05,0.00013439838427463176,0.015581310271237122,2.165738714318747e-05
neg_406,GFFFP,5,0,development,3,1018,0.9990477605914955,0.27723467475038743,0.6381412176709415,0.9525181022366678,0.4901325311252394,0.6879867498759887,0.4175787730674726
neg_407,EPNSIWS,7,0,development,4,1019,0.7919466461093716,1.3932821726838615e-05,0.3959802894655492,0.007229892815756018,0.1844502636937188,0.051644675663276005,0.02944168063691483
neg_408,GYLDYDEVDDNRAKLPLDAR,20,0,development,4,943,2.4848807682749956e-09,1.9338055107830836e-10,1.339130659676652e-09,1.0000000000000008e-06,7.270570682379429e-10,0.006074063854684677,1.1216750303089664e-07
neg_409,NSTMDSLLQLGR,12,0,development,4,1020,0.4756196437621322,6.262435301429396e-08,0.23780985319324263,0.0009514664702453217,0.11076898145302069,0.02162038884052342,2.652875949174542e-05
neg_411,VSAKPARTPT,10,0,development,2,1021,0.28690880651182615,0.00016251760583514577,0.14353566205883064,0.008022078548231169,0.06900463745290918,0.06704214984454704,0.010311788951079065
neg_412,AGQDNFMRF,9,0,development,1,53,0.0005520949294316835,2.2457070552736643e-08,0.0002760586932511181,2.3502648650246454e-05,0.00017377646403067375,0.013061841192376335,3.3523839939515e-05
neg_414,GLLDVVGNLLGGLGL,15,0,development,4,839,1.1571608199628185e-07,7.00967752460647e-10,5.820852487437125e-08,1.0000000000000008e-06,2.7487291022135224e-08,0.006074063854684677,2.4747796338528636e-06
neg_415,KPWERL,6,0,development,5,1022,0.9989149311596237,0.9195217389114022,0.959218335035513,0.990343746716189,0.9389466053597952,0.8325484883198416,0.7637241039491738
neg_416,IDPKLLESLA,10,0,development,1,1023,0.005683251134603568,0.18678646815608102,0.0962348596453423,0.034966241980566276,0.12978777467609506,0.3099716154318533,0.35049357305483214
neg_417,MANIKSAIKRAKTSEK,16,0,development,2,1024,2.918052092014355e-10,1.2767165787825198e-09,7.842608939919776e-10,1.0000000000000008e-06,1.0402588139684267e-09,0.004462528399727788,3.944117633137263e-06
neg_418,AKKTILDLKD,10,0,development,3,1025,3.926873851149648e-06,8.66722037776088e-10,1.963870286593712e-06,1.9816350913118023e-06,1.1588375572801513e-06,0.009017670568026328,2.5443428057669355e-06
neg_419,GRADNFLRL,9,0,development,1,53,0.0006709271644819465,7.814523510873447e-11,0.0003354636213135908,2.591029699879497e-05,0.0002111612489431623,0.01333650827151315,6.39991862312373e-07
neg_421,NPVVRITNGAIRGQN,15,0,development,4,1026,0.6180790874351795,0.33464092852529137,0.4763600079802354,0.4742894616946714,0.40065195847937873,0.5167606856552287,0.7754679311110207
neg_422,AKFDKFYGLM,10,0,development,1,53,4.604752285699681e-06,2.447967111052335e-09,2.3036001264053668e-06,2.1458700640601e-06,1.4509331871485244e-06,0.00782582502447437,9.768483123947816e-05
neg_423,SYSMEHFRWGKPV,13,0,development,5,1027,1.829232809325142e-07,1.9966382360587277e-07,1.9129355226919348e-07,1.0000000000000008e-06,1.955679710964166e-07,0.005214380949955825,4.146039592661847e-05
neg_424,TATTRRRGRPPGFSPFR,17,0,development,4,1028,2.208580991434468e-09,6.147362470617242e-13,1.1045978638407649e-09,1.0000000000000008e-06,5.148366997587828e-10,0.006074063854684677,5.303784919922686e-08
neg_425,SVFAFENEQSSTIAPARLYK,20,0,development,5,795,1.425373272968721e-09,9.404774715831041e-11,7.597105100635156e-10,1.0000000000000008e-06,4.19778704761709e-10,0.005214380949955825,2.24876313768596e-07
neg_426,QGGLPRPGPEIPP,13,0,development,1,53,0.3782518584903216,1.383453848302198e-08,0.18912593616243004,0.0007793721730211137,0.11904737978617372,0.027447233649538626,1.8548453782709257e-05
neg_427,QGRPLGPPIPP,11,0,development,1,53,0.012703006776704965,9.485302162906161e-08,0.006351550814863298,0.0001134175640569311,0.003998087792900872,0.01826095322375195,9.5366451460302e-06
neg_428,AIFILAS,7,0,development,1,1029,0.9633684009320664,0.5745887309092381,0.7689785659206523,0.8563207220958773,0.6969495238721443,0.6413362281416535,0.5606921260346273
neg_429,MLMTICNRYTF,11,0,development,2,1030,0.0006217216887299638,0.04023661181569959,0.020429166752214775,0.005081002304398856,0.030725859211875626,0.18171809877852618,0.082030462326576
neg_430,CCSALCSRYHCLPCC,15,0,development,3,1031,6.362355783534976e-07,1.9707418025575375e-13,3.181178877138389e-07,1.0000000000000008e-06,1.876570177680911e-07,0.007700307922887247,8.013862317856775e-08
neg_431,GCCSPWNCIQLRACPCCPN,19,0,development,5,1032,9.675036836572744e-08,2.9598823294788233e-10,4.852317829933766e-08,1.0000000000000008e-06,2.389515838073536e-08,0.005214380949955825,6.844192419614758e-08
neg_433,YQTSSPGSNITIGPL,15,0,development,1,1033,0.9992610262741443,4.803058103926753e-09,0.49963051553860116,0.03546840440928907,0.3144978563932564,0.0609688071261417,3.369901905509633e-05
neg_434,AQPPQADFL,9,0,development,5,887,0.9410427159935498,0.9357992306252657,0.9384209733094078,0.9384731485612768,0.9370821366291531,0.7815105271731971,0.6177610230907163
neg_435,NAKPPA,6,0,development,4,4,0.9999984130373505,0.9998724725891491,0.9999354428132499,0.9999857732079409,0.9999018033565046,0.9834732869607824,0.9696909736987827
neg_436,VELQNRLSDESQ,12,0,development,2,1034,0.9668419097593163,0.8573536165154193,0.9120977631373678,0.9297669519463359,0.8836395929934586,0.7373364623584711,0.8802810929276594
neg_437,VVGGDECNINEHRSLALMYA,20,0,development,4,1035,2.6745761068999827e-10,1.1244103207363574e-06,5.623388891735237e-07,1.060382159806534e-06,8.626042587161276e-07,0.006283842295061003,2.1577601477133735e-05
neg_438,HKINSFVGLM,10,0,development,1,53,0.2216923411685053,4.184110877234592e-08,0.11084619150480704,0.0005334186395286891,0.06977335467374066,0.025340078179912687,0.0011211799923026996
neg_439,GLADFLNKAVGKVVDFVKS,19,0,development,3,1036,5.340689546096708e-11,4.025082421936303e-14,2.672357314259322e-11,1.0000000000000008e-06,1.5780675136204065e-11,0.007700307922887247,1.3980671011737272e-08
neg_440,WREMSVW,7,0,development,3,1037,0.9828960959682275,7.737325191409568e-05,0.4914867346100708,0.06251479740787193,0.28995851197850253,0.15633874292190997,0.01849317611543262
neg_441,CFVRNCPTG,9,0,development,2,904,0.00024639296775813124,4.547884550329211e-07,0.00012342387810658208,1.569860505788176e-05,5.949968727186061e-05,0.007399648918500663,0.0030370461918199387
neg_442,NRQPSKYGLEETI,13,0,development,4,1038,0.0008919066901188239,1.0404540972488958e-08,0.0004459585473298982,2.9877256370461852e-05,0.0002077276457538487,0.011418790161761089,1.0162982057601425e-05
neg_443,AGPRFIRF,8,0,development,1,53,1.7252053703615695e-05,3.068366356048666e-08,8.641368683588092e-06,4.153579814641086e-06,5.450772872147601e-06,0.009016267717413795,5.61174173097751e-05
neg_444,NVTELIGNTPLVELI,15,0,development,5,1039,2.1574428813842722e-07,3.2895224948776423e-09,1.0951690531665243e-07,1.0000000000000008e-06,5.5270118463961466e-08,0.005214380949955825,1.4609511220529508e-05
neg_445,SIGFDGLNDPDIVAR,15,0,development,5,1040,7.287927481208889e-07,6.0992543344777655e-06,3.414023541299327e-06,2.469669514012771e-06,4.785281484575834e-06,0.008873665436256369,0.0005923958874998828
neg_446,VKMELDGGVASNSR,14,0,development,4,1041,0.00023693089799902269,0.14670183032594722,0.07346938061197313,0.006342585667233441,0.1125910426305104,0.25483982850833026,0.16693643107541817
neg_447,RPRPQQFFGLM,11,0,development,1,53,9.305929874936882e-06,1.8239843797612624e-08,4.662084859367247e-06,3.050568636311147e-06,2.941358526770799e-06,0.008439101202798387,2.7384718128763016e-05
neg_448,QARPRPGPKIPP,12,0,development,1,53,0.0003471664867880006,2.192341815982965e-09,0.0001735843395649083,1.8635301366262847e-05,0.00010926536022903782,0.012430547819364892,1.5383512046127775e-06
neg_449,TEFATNDGGQR,11,0,development,1,1042,0.21163891538887736,0.02473416752510187,0.11818654145698962,0.07622355546123614,0.08355877930534425,0.2752525427455635,0.3411014127498746
neg_450,GMYTHEGSDP,10,0,development,2,1043,0.23709132979967876,0.02130049515683737,0.12919591247825807,0.07599193258029178,0.07310761202331914,0.2433110028067988,0.3743967755722906
neg_451,FLPFLAKILTGVL,13,0,development,4,839,0.0001905525814749505,4.6316430222471267e-07,9.55078728885876e-05,1.3805210141904785e-05,4.473383787420877e-05,0.009895830758143211,0.0003129684766061498
neg_452,MIVKRDKSIVICGSYE,16,0,development,3,1044,2.1800583786406904e-10,0.0009274657249734724,0.0004637329714896551,3.0467541378520374e-05,0.0006539109471947686,0.04142859572737046,0.0005546741337493831
neg_453,SVQDNFIRF,9,0,development,1,53,1.444915493330258e-05,3.7690091955024554e-10,7.224765917111065e-06,3.8012193193071227e-06,4.547847032996147e-06,0.008846601763451138,8.614275993900323e-07
neg_454,MDFIIDIIKKIVGLFTGK,18,0,development,5,1045,2.4346558562002368e-14,4.8290967628222065e-12,2.4267216606921044e-12,1.0000000000000008e-06,3.653534622130798e-12,0.005214380949955825,1.7402232946628204e-09
neg_455,LKLLGIVKKVLGAI,14,0,development,1,1046,5.063734927658377e-10,1.2486224594399376e-08,6.496299043582606e-09,1.0000000000000008e-06,8.715800898408913e-09,0.006642723419556829,1.1913229717266384e-06
neg_456,NQEGLFHGR,9,0,development,2,1047,0.9420012189051354,0.026807185462372794,0.48440420218375413,0.40079256432603194,0.24652719500101206,0.3327091881028168,0.13078327188357963
neg_457,GCCSHPACNVNNPHICG,17,0,development,3,854,2.4997914101488026e-08,1.3474018832136563e-12,1.249963075168562e-08,1.0000000000000008e-06,7.374053122333863e-09,0.007700307922887247,7.460732159155729e-08
neg_458,APASGFFGMR,10,0,development,1,53,2.7406939231530063e-05,9.846153534474827e-06,1.8626546383002445e-05,1.642723709599408e-05,1.537306717894901e-05,0.01723533339379889,0.00012251676972335147
neg_459,FQYDSQYDGF,10,0,development,3,1048,0.0006124926932926653,0.28771505394774655,0.1441637733205196,0.01549023252969197,0.2030345167702065,0.2958022574782716,0.1661430224301299
neg_460,QSDDYGHMRF,10,0,development,2,912,0.0001654805327629814,4.560052999816689e-06,8.502029288139905e-05,2.7471564701498458e-05,4.319388151759871e-05,0.011385108511401384,0.0002413650239798031
neg_461,TIEEVLNLPPYVVAA,15,0,development,4,1049,0.0006845141179646997,4.4504655033486534e-08,0.00034227931130986663,2.6171507977927538e-05,0.00015945333062476318,0.011142010822587372,0.00015719133481162582
neg_463,RPPGFTPFRKA,11,0,development,3,830,4.161189151771452e-05,3.7097818040394614e-09,2.080780064975928e-05,6.450823813269405e-06,1.22759903389074e-05,0.011836320547309546,1.7482231198654073e-05
neg_464,GSNTECFWKYCV,12,0,development,4,790,2.3311136630567973e-08,1.4864954626678376e-11,1.1663000792597326e-08,1.0000000000000008e-06,5.44042548371558e-09,0.006074063854684677,2.3750390451638275e-08
neg_465,SMIGGVMSKG,10,0,development,5,1050,0.12581968791737266,0.8550351490616375,0.49042741848950505,0.4795382397929216,0.676620444428722,0.6319280674844784,0.38095875990750006
neg_466,DTLKSEKNADFKDLY,15,0,development,1,1051,1.9600653501879002e-08,2.117739981766624e-06,1.0686703176342513e-06,1.455245828259287e-06,1.4573916874793764e-06,0.008092595584908671,8.588674927330376e-05
neg_467,LGYLGTCPTNIGTGLR,16,0,development,2,1052,0.19260855223319018,0.3357397636774428,0.2641741579553165,0.2577409719590416,0.3013767870903855,0.45478647455278726,0.5907845187003251
neg_468,VLDELTADR,9,0,development,3,1053,5.241647261672382e-07,0.9999793892615554,0.4999899567131408,0.18050705633654335,0.7050368882521789,0.7899702054995882,0.9954960477190727
neg_469,RDCGKMCEEETWKG,14,0,development,4,1054,1.593519379002931e-08,0.036815651920025796,0.018407833927609793,0.00019546853465595598,0.028241513352656143,0.11676632270667767,0.011611401869069459
neg_470,SVAALAAQGLLYNAPK,16,0,development,5,1055,1.6008136786460092e-05,3.975692799477527e-06,9.99191479296881e-06,7.977699577149489e-06,6.919630571423489e-06,0.01027266641286618,0.001202170044994304
neg_471,NGERAPGSKKAPSGFLGTR,19,0,development,2,1056,2.960781192245506e-07,0.057286501422557076,0.02864339875033815,0.0002464503612384023,0.04353321509772929,0.12094054233770289,0.05444535460867568
neg_473,SCKRECSGSKRQK,13,0,development,1,1057,8.329053339931094e-07,3.0110701483959253e-05,1.5471803408976182e-05,5.487377133961022e-06,2.0896088094051735e-05,0.016221518080912118,0.0020624131217345737
neg_474,RAGLKFPVGRVHRLLR,16,0,development,2,1058,1.34050082185259e-06,6.251422457867093e-05,3.192736270026176e-05,9.154462650739978e-06,4.782762187345035e-05,0.01638333642750173,0.001775064948738213
neg_475,TSSLFPHPRL,10,0,development,5,45,0.9982401628673567,6.650624483709741e-07,0.49912041396490253,0.02326265559340111,0.24423657974574653,0.03712072735657926,0.0009960115998046777
neg_476,ATGQYAFGL,9,0,development,1,53,0.024274698035072675,1.2229257097994291e-05,0.012143463646085335,0.0005512852105129646,0.007648366503514236,0.03734115374002621,0.0050416592370199275
neg_477,MKKSEDYSS,9,0,development,3,1059,0.00015943684051247702,0.7114166347064894,0.35578803577350093,0.019441458913997168,0.5016322241337731,0.36133950856136365,0.37994861787368905
neg_478,MKKAWWKEGVVYQIY,15,0,development,4,1060,1.5546359142966947e-07,1.3766120648122476e-07,1.465623989554471e-07,1.0000000000000008e-06,1.418072740770829e-07,0.006074063854684677,2.2737019697362884e-05
neg_479,AGIGKIGDFIKKAIAKYKN,19,0,development,5,1061,1.6720517444358054e-10,2.759736212886894e-10,2.2158939786613497e-10,1.0000000000000008e-06,2.493616096799395e-10,0.005214380949955825,1.6309123617305552e-08
neg_480,VVGGDECNINE,11,0,development,3,1062,0.8554602308795375,0.0028579363640427397,0.4291590836217901,0.11523441797018787,0.2543319043527392,0.26063922108499893,0.013978048040848233
neg_481,FLIGMTHGLICLISRKC,17,0,development,4,935,2.1643474495634944e-11,8.762157996338508e-10,4.4892963706474284e-10,1.0000000000000008e-06,6.771910826741019e-10,0.006074063854684677,2.968690392188728e-07
neg_482,MQTLPKERRY,10,0,development,1,1063,0.05963733002580116,1.4194220514916547e-13,0.029818665012971552,0.00025176900709904265,0.0187696825601938,0.021623711661513813,2.4631093884683644e-07
neg_483,YAIAGRPRF,9,0,development,5,1064,0.9857898068363647,1.176031066893962e-06,0.4928954914337158,0.00895151871198609,0.24119077878527698,0.03180651458329932,0.0016676681049634745
neg_485,DGDDYKFGHFRWSVPL,16,0,development,2,1065,8.233651972793042e-10,4.7375250839683144e-11,4.3537022405949366e-10,1.0000000000000008e-06,2.3367510879681544e-10,0.004462528399727788,1.709326493516279e-07
neg_486,STIEVRNNSPYYSVD,15,0,development,3,1066,7.900048654123958e-06,0.017297784911284596,0.00865284247996936,0.00037276828522311183,0.012198155247557055,0.10327252821323915,0.02556174405608639
neg_487,QRPEYPVWREKGAV,14,0,development,4,1067,3.889367743808814e-05,0.0008647618368953782,0.0004518277571667332,0.00018344437239347383,0.0006724221462138767,0.058193126265615874,0.006961410617385582
neg_489,MRLTQGAFSYLPDLTDAQII,20,0,development,5,1068,5.091717121307501e-10,2.037542064159223e-15,2.5458687483640713e-10,1.0000000000000008e-06,1.2457887654274745e-10,0.005214380949955825,7.447402226425608e-11
neg_490,GGETSGEGKGMWFGPRL,17,0,development,2,785,0.00012641396050534556,2.5582038784670683e-10,6.32071081628667e-05,1.1243986228437967e-05,3.0349689256604357e-05,0.006960299877633265,3.646014734917612e-06
neg_492,KDGYLPGNEGCKY,13,0,development,5,1069,0.9061923875204205,0.14355420154064952,0.524873294530535,0.5599511075849999,0.3301463323216569,0.4756868281702437,0.24994396947787542
neg_494,ADREPNHFVA,10,0,development,1,1070,0.13061804535701446,9.501616308826054e-06,0.06531377348666165,0.001193379297823685,0.04111598483057969,0.04220547923448339,0.0015867589598229609
neg_495,NDPEVPGMWFGPRL,14,0,development,2,785,0.03329928789587021,2.5435382630915604e-09,0.016649645219704235,0.0001855628673110679,0.007994503193549144,0.011628352318070176,2.048062935414063e-05
neg_496,KPEEDWGRES,10,0,development,2,951,0.7424107849789477,0.0001369718163131329,0.37127387839763043,0.01948312967567096,0.1783422521707509,0.07555444619989307,0.003049104619458175
neg_497,MRKYEIMYIIRPDMD,15,0,development,2,1071,1.2350775835976159e-10,4.770954557093949e-16,6.175411772760864e-11,1.0000000000000008e-06,2.965213567915634e-11,0.004462528399727788,1.3885635511747887e-09
neg_498,AGEGLSSPFWSLAAPQRF,18,0,development,3,1072,5.210188453066602e-08,8.22556166690778e-12,2.6055055046166464e-08,1.0000000000000008e-06,1.5373184361629504e-08,0.007700307922887247,6.253198615475718e-08
neg_499,SCTTCVCTCSCCTT,14,0,development,4,1073,9.424350240958895e-05,3.661954803915303e-09,4.712358218219643e-05,9.708277359419122e-06,2.1951549829375494e-05,0.009269849268038949,3.7670322046033022e-06
neg_500,SGANVLTFGAGSRLTVL,17,0,development,5,1074,8.547993901928955e-09,4.6601000967788056e-12,4.276327001012867e-09,1.0000000000000008e-06,2.0949289685632664e-09,0.005214380949955825,5.42638051335118e-08
neg_501,DISVVGGTGDFLMAR,15,0,development,1,1075,1.7498876919535156e-08,1.5306178256677926e-07,8.52803297431572e-08,1.0000000000000008e-06,1.1039601089621213e-07,0.006642723419556829,0.00058469347720621
neg_502,YGETAAVYVAVESR,14,0,development,2,1076,0.0002791935001141978,2.1268637723217453e-08,0.0001396073843759605,1.671114646998032e-05,6.704500690685002e-05,0.007484941697327336,2.630806118071935e-05
neg_503,SPLEQFSILMLIPM,14,0,development,3,1077,6.565141881654715e-06,0.12003746416084057,0.060022014651361116,0.0009454509448046791,0.08463450236761545,0.1586460443531342,0.4444957357221665
neg_504,TSTVFSDGQR,10,0,development,4,1078,0.006935530914821812,9.707829810858938e-10,0.0034677659428023963,8.356319925634173e-05,0.0016152438747173432,0.013812702359842765,8.128861412206374e-06
neg_505,GLLSGLGL,8,0,development,4,839,0.5604668867847987,0.6910034909312336,0.6257351888580162,0.6280676734293922,0.6606023067027026,0.6176231614941134,0.30971507074834664
neg_506,MRTGNAN,7,0,development,5,1079,0.9994853079298626,0.749723870684642,0.8746045893072523,0.9870584160867318,0.8108321650492107,0.7826751856456613,0.7228311975163922
neg_507,AEFGPSQPFKGAK,13,0,development,1,1080,0.0004385035833728146,7.841667370734868e-07,0.00021964387505494403,2.0944641685443962e-05,0.00013854778722593568,0.012744504979969571,0.0004012396974505232
neg_508,GSSGMIPFPRV,11,0,development,5,45,0.004216414279194137,0.0019896039670589546,0.0031030091231265457,0.00289697652327155,0.002534430188227803,0.10202418541683198,0.020176539470077758
neg_509,VVGADNCNFN,10,0,development,3,1062,0.05511992807815445,0.0030615985425597237,0.029090763310357086,0.01320783478368909,0.01841613697084124,0.1731954451212042,0.02445853761035876
neg_510,PHWLFFGVSVLC,12,0,development,2,1081,0.0001718582465601952,0.9935070461810233,0.4968394522137917,0.13954519666504553,0.7550268889765497,0.7163064088734401,0.6246141114961595
neg_511,MSVSCWEFNAG,11,0,development,3,1082,3.022852859548543e-07,2.2394402745266164e-06,1.2708627802407353e-06,1.4964761363027357e-06,1.668078861686335e-06,0.00941349857011472,8.056817084098477e-05
neg_513,FLSLIPSLVSGAVSLVKK,18,0,development,4,839,2.0656215405038274e-09,2.271424342021798e-12,1.0339464824229247e-09,1.0000000000000008e-06,4.828131652549982e-10,0.006074063854684677,6.717190374628471e-09
neg_515,QPPTPPEHRFPGLM,14,0,development,4,1083,0.000586864833843282,2.1544683042296617e-09,0.0002934334941557931,2.423182980348637e-05,0.0001366789168920744,0.010984128218534193,6.68952521688783e-06
neg_516,INWKGIAAMKKLL,13,0,development,4,1001,4.591158561533121e-05,1.0025756930280664e-08,2.2960805686130747e-05,6.775921877193456e-06,1.0700220945911697e-05,0.008670971954289298,1.0072135047054515e-05
neg_517,EGGGNRGDPSGVC,13,0,development,5,1084,0.999174854099637,0.27750181570666993,0.6383383349031535,0.9556855746990934,0.45407114102566115,0.6516784334501792,0.22363322433118515
neg_518,KRKCGLCKYRCCSGG,15,0,development,1,1085,2.8535227557952335e-11,1.0741619705788913e-06,5.370952529032246e-07,1.0364178558880158e-06,7.360994919265422e-07,0.006769028099220149,1.3766713638246279e-05
neg_520,CCEWPCSHGCIPCCY,15,0,development,2,787,1.633665554400057e-05,1.1324354701565721e-11,8.168333434177637e-06,4.041881580147661e-06,3.922116902629799e-06,0.00576853692199314,1.2442383494843006e-06
neg_521,MVQLVDLARCVSF,13,0,development,2,1086,3.3224536927160644e-06,4.99718177661065e-07,1.9110859351885645e-06,1.8227605278267175e-06,1.177401217136135e-06,0.004983317380883827,1.8015447945351655e-05
neg_522,FLAKKVGKQLASHLAKKQLE,20,0,development,2,976,8.125670033083675e-10,1.8280800399236047e-10,4.97687503650364e-10,1.0000000000000008e-06,3.3400070005511386e-10,0.004462528399727788,8.264986678556576e-07
neg_524,NACSSDLNSK,10,0,development,4,1087,0.004868181781041279,0.0020541554574028836,0.0034611686192220813,0.0031632266044952268,0.0027095251389436846,0.11119268801048984,0.03595163119049762
neg_525,GAPMFV,6,0,development,3,1088,0.9992261477745944,0.9996450869639534,0.9994356173692739,0.9994759080238584,0.9995215213801265,0.9548655906178957,0.9842716038298842
neg_526,SDMYSFGL,8,0,development,1,53,0.00010789210082413568,7.981697823803531e-06,5.7936899323969606e-05,2.9346403428116163e-05,3.942654198359802e-05,0.018874425227955675,0.0006974206550855853
neg_527,IGSFIINPR,9,0,development,3,1089,0.19006830608348219,0.10897997776209004,0.14952414192278612,0.1448739831893802,0.13289687760123314,0.3834045513288763,0.34854731517331433
neg_528,APLMGFQGVR,10,0,development,1,53,0.004045919884795099,5.743941231730905e-06,0.0020258319130134154,0.00015273159511493297,0.0012773102557333193,0.025435752768013745,0.0001500339260666142
neg_529,KAVVLGKAGGTAELPCQASQ,20,0,development,4,1090,4.721754099519771e-07,5.0999261406968e-12,2.360902549390589e-07,1.0000000000000008e-06,1.09970704410805e-07,0.006074063854684677,4.515435224957473e-06
neg_530,FIGGIISLIKKLF,13,0,development,2,928,4.4208426612585135e-10,7.644003268389156e-11,2.5926214940487147e-10,1.0000000000000008e-06,1.6422399053750268e-10,0.004462528399727788,1.560606110867237e-07
neg_531,VVGGDECNINEHRSLVAIF,19,0,development,4,1035,1.105031564869539e-10,1.708132110040065e-07,8.546185708024672e-08,1.0000000000000008e-06,1.3105758457634232e-07,0.006074063854684677,1.2158297865788517e-05
neg_533,LLSTLTDTSIKEAVATDKAP,20,0,development,5,1091,7.244510067468381e-10,0.004136298577355868,0.0020681496509034375,6.444336619786376e-05,0.0031242844347295295,0.05817816607202093,0.009021309917328557
neg_534,ELLSEINR,8,0,development,1,1092,0.8314044890676566,9.833968195244986e-06,0.4157071615179259,0.006915695015351345,0.26167503178349927,0.060908846401482857,8.6989452998717e-05
neg_535,GPDSAFLRL,9,0,development,5,45,2.1952028989292713e-06,5.990613900939385e-12,1.0976044447715861e-06,1.481621884330904e-06,5.370974661478962e-07,0.005634086854437847,1.625334869639158e-06
neg_536,FLGGLMKAFPALICAVTKKC,20,0,development,5,1093,1.3107311872964603e-12,1.4540263073684147e-10,7.335668096206897e-11,1.0000000000000008e-06,1.101481482581138e-10,0.005214380949955825,1.7753855850908296e-08
neg_537,FDIMGLIKKVAGAL,14,0,development,4,1094,4.486769575562261e-09,1.0146309092958575e-07,5.297493025257401e-08,1.0000000000000008e-06,7.887789323299459e-08,0.006074063854684677,4.4822850813952235e-05
neg_538,LRHKVYGYCVLGP,13,0,development,2,1095,0.8524148272408664,0.5885076376320175,0.7204612324364419,0.7418743953673355,0.6518665408801539,0.6073851510929027,0.7900394424019581
neg_540,FIGLLISAGKAIHDLIRRRH,20,0,development,3,1096,2.0534591967250702e-11,8.59618356668182e-14,1.031027690145876e-11,1.0000000000000008e-06,6.1172594197823e-12,0.007700307922887247,1.6758082187046554e-09
neg_541,DFFFDFDR,8,0,development,4,1097,1.3597837381158023e-06,1.538828090753816e-07,7.56833273595592e-07,1.1660976698502337e-06,4.3472982930266366e-07,0.006250409710589201,3.0850272793366094e-05
neg_544,CCGVPNAACHPCVCKNTC,18,0,development,2,1098,3.183033316970697e-06,6.208344984415504e-11,1.5915477002102704e-06,1.7841062955927652e-06,7.642306031675321e-07,0.004963722117152671,6.757254165890796e-07
neg_545,GCCSDPRCRYRC,12,0,development,3,1003,1.1791094147317636e-09,3.028251439429826e-14,5.895698486230789e-10,1.0000000000000008e-06,3.477981806994046e-10,0.007700307922887247,1.948031534119283e-09
neg_546,PVQSVFSATRCGAN,14,0,development,5,1099,0.00012202155157368972,0.024015797183696296,0.012068909367634993,0.001729895800843166,0.01816978712340366,0.14406022867096455,0.06890805265776262
neg_547,RDSNVTILPLRNMKD,15,0,development,2,970,2.9636609504315145e-09,1.3036125472770217e-06,6.532881041137266e-07,1.1417585442963739e-06,9.913524414773133e-07,0.004844055454774043,8.242576493193695e-05
neg_548,FGTYGHPRPRFYYNP,15,0,development,1,1100,0.0006007229052802009,0.020082779063413908,0.010341750984347054,0.003497543817854354,0.013951183139385431,0.15652850414283714,0.015387688695711589
neg_549,GLLASLGKVLGGYLAEKLKP,20,0,development,2,1101,1.5370761887021635e-10,4.269913417727959e-07,2.1357252469583306e-07,1.0000000000000008e-06,3.245160571657135e-07,0.004462528399727788,1.290195132561027e-05
neg_550,AHQLPMGTLCNFYEWYRRDD,20,0,development,3,1102,5.879711843707394e-07,1.4656734948503824e-07,3.672692669278888e-07,1.0000000000000008e-06,2.76758852086158e-07,0.007700307922887247,1.6580036340777312e-05
neg_551,SPAFNSWG,8,0,development,5,954,1.0949936570100137e-05,5.393716187552515e-09,5.477665143143844e-06,3.309077659025901e-06,2.6831583614393514e-06,0.00659923902878139,3.8778652295812735e-06
neg_552,MKATFVLHGWWRTS,14,0,development,4,1103,1.0632390372171601e-07,1.8845976049726198e-09,5.4104250663344316e-08,1.0000000000000008e-06,2.6207879237098448e-08,0.006074063854684677,3.956906458507081e-06
neg_553,SLSIMEPIR,9,0,development,4,1104,0.5894789670377832,0.8434479842742882,0.7164634756560357,0.7355489440263633,0.7843001388723606,0.6784794631446751,0.8992945923211774
neg_554,AKSDVAELKPR,11,0,development,5,1105,0.019721421218923674,0.4345918507873119,0.22715663600311778,0.11059911751712385,0.3330868922442961,0.43594626849376233,0.11700444687992442
neg_555,EYYDDTDEEERIVSTVDAR,19,0,development,1,1106,7.704382006412486e-09,5.310372556075618e-06,2.6590384690410154e-06,2.30442652124887e-06,3.641461518211484e-06,0.01030256700833333,4.669984286675094e-05
neg_556,IPLDTIAGYKE,11,0,development,3,1107,0.10300520313710577,1.2401456737022369e-05,0.0515088022969214,0.0011919435846463797,0.03038999799786916,0.053682354296237945,0.003973030353717543
neg_557,MMRLVIILIVLLLISFSAY,19,0,development,4,1108,5.184365129145733e-11,9.538067263890455e-11,7.361216196518093e-11,1.0000000000000008e-06,8.524116414318444e-11,0.006074063854684677,8.976668547416756e-09
neg_558,GAVSGLLTNLGL,12,0,development,2,1109,5.2838366626056796e-05,1.1680243163063553e-07,2.6477584528843714e-05,7.269143229425683e-06,1.2774208582012597e-05,0.00642490768424785,4.783430062934269e-05
neg_559,GLFDIIKNIFSGL,13,0,development,4,839,6.291027389161766e-10,6.082088083931549e-09,3.3555954114238627e-09,1.0000000000000008e-06,4.812120834873005e-09,0.006074063854684677,9.374088894186232e-07
neg_560,FRGHAKGDKKNQKK,14,0,development,3,1110,0.004733784277397357,1.1153841266815664e-10,0.002366892194467885,6.896120903425745e-05,0.0013962237617070861,0.020373191407287203,1.0471897786995839e-06
neg_563,MRWQLNKQQLHARLSMK,17,0,development,2,1111,1.603280261062416e-07,0.0025467092048305157,0.001273434766428311,5.052678537543522e-05,0.0019353331216656667,0.04885203187045361,0.0014265330319085954
neg_564,DLSNLLSRVPNERSN,15,0,development,3,1112,7.050353981616727e-05,0.14728872613008986,0.07367961483495301,0.0034776954383130593,0.103866897649019,0.20872574691708112,0.08504421553955621
neg_565,GSSGLIAMPRV,11,0,development,5,45,2.096045453595167e-05,0.00018017346173419723,0.00010056695813507445,6.14557818336786e-05,0.00014121934848978056,0.031920580486662464,0.0006737051598407845
neg_566,FLPLFASLIGKLL,13,0,development,4,839,0.00016719311776823922,8.134794155404166e-08,8.363723285489663e-05,1.2931238087479353e-05,3.900066666044593e-05,0.009776464192120058,3.005446922206034e-05
neg_568,VIGGAEENINEHRSL,15,0,development,5,1113,3.680721848545854e-05,7.783757448926079e-08,1.8442528029973902e-05,6.066973173084188e-06,9.064292190108002e-06,0.007434507456336427,2.6310344612940866e-05
neg_569,GFGSVLGKALKIGANLL,17,0,development,3,1114,7.494802895545542e-12,7.910523465991862e-12,7.702663180768703e-12,1.0000000000000008e-06,7.787907209740677e-12,0.007700307922887247,1.3890196532675695e-07
neg_570,HECCKKGFCDPGCDCCDQ,18,0,development,4,1115,7.141352070157145e-08,7.434671732461557e-10,3.6078493937408804e-08,1.0000000000000008e-06,1.720209447401956e-08,0.006074063854684677,7.64653765621274e-08
neg_571,KPSGCGEQNMINFYPNVL,18,0,development,5,1116,8.306271471206378e-06,0.00046973745080417374,0.00023902186113769006,6.247515613123208e-05,0.00035684062955476507,0.038423822700251575,0.015088991329627082
neg_572,MDPEPTPLPRWRIFLFR,17,0,development,2,992,0.00024816152624998066,5.88063021829846e-11,0.0001240807925281414,1.5754858060821762e-05,5.957872518891893e-05,0.007404503818346203,3.824229616025746e-08
neg_573,LVPMFLSKLICFITKKC,17,0,development,4,935,7.928447463355622e-12,1.3668039035305297e-13,4.0325639268543376e-12,1.0000000000000008e-06,1.951335733971644e-12,0.006074063854684677,2.1417237818883886e-09
neg_575,WFDPLRITETTTGSVTLK,18,0,development,1,1117,5.647473635872577e-09,0.02140645290115681,0.010703229274315221,0.00014787922649320663,0.01466919253894317,0.08636895334824601,0.15961445423432183
neg_576,QNAHPSPK,8,0,development,2,1118,0.9999875166591832,0.9069323408964627,0.9534599287778229,0.9988694525181206,0.9292730504717763,0.871442702798838,0.8644077083337701
neg_577,AWQDLNAGW,9,0,development,3,1119,0.3232637384958378,0.9684579241180462,0.645860831306942,0.7929475221073464,0.7781587154185748,0.7303224195401092,0.5683787225112584
neg_579,LAKRADICQPGKTSQRACET,20,0,development,4,1120,1.4234214116363614e-10,1.0198419713439195e-05,5.099281027790179e-06,3.1935041541826182e-06,7.82330270158028e-06,0.011879144056257321,0.0007914987003803388
neg_580,SCCARNPACRHNHPCV,16,0,development,3,854,7.810333887788936e-06,2.395626531544229e-10,3.905286725221045e-06,2.794701959878559e-06,2.303817001913966e-06,0.009761936770400452,6.585900192514155e-07
neg_581,SAQGQDFMRF,10,0,development,1,53,0.0002909308028269313,1.6882209100925052e-09,0.00014546624552392069,1.7058893002706136e-05,9.156593374099789e-05,0.012198104601408041,1.4595308658114967e-06
neg_582,GTLIGQDYK,9,0,development,5,1121,0.012906524910790218,0.4222445308252713,0.21757552786803075,0.08904927558250435,0.3220931718487912,0.4218418792153322,0.600317251173367
neg_583,LFSLVLAG,8,0,development,1,1122,0.010345254970015165,0.028362900475813958,0.019354077722914562,0.017168450823555167,0.022692199147000568,0.2172492178525126,0.13425018311229361
neg_585,FLGALVNALRGLL,13,0,development,2,1123,1.3459525752254952e-08,6.830447938753811e-06,3.4219537322530328e-06,2.6135159692243132e-06,5.193823677235205e-06,0.008079676753962345,0.0001519664151311635
neg_587,KSPPQALNKPLPAPSAPSL,19,0,development,2,1124,0.0015071189239566282,0.9039577316142134,0.452732425269085,0.10649760768994192,0.6872971656765804,0.564650723921824,0.19154382347337273
neg_588,KDGYLVGNDGCKYSCNTYPK,20,0,development,2,805,8.494277584163495e-09,0.030104259253586497,0.01505213387393204,0.0001761469620258369,0.022876823297621404,0.1004356133169848,0.013685797425921475
neg_589,ISDDIQSIIQGIF,13,0,development,3,1125,0.0002942772599530621,0.0001980815503596097,0.0002461794051563359,0.00024143622165761418,0.00022645435318991474,0.05377072184701128,0.0019478725876049504
neg_590,GVDSSFLRL,9,0,development,5,45,3.5726607651083406e-08,2.3003470770377507e-11,1.787480556092689e-08,1.0000000000000008e-06,8.758484729170152e-09,0.005214380949955825,2.671118726710551e-07
neg_591,FPPWF,5,0,development,3,900,0.9999497663052815,0.0916460795128213,0.5457979229090514,0.9781729658897795,0.3595491026758807,0.6894938121822584,0.5299319780867138
neg_592,QVNFSPGWGT,10,0,development,3,800,2.9873089927334442e-05,0.0030885896426080853,0.0015592313662677099,0.000304134913152931,0.0021864250655206654,0.07994466133522914,0.15790910643275247
neg_594,QNCCNGGCSSKWCKGHARCC,20,0,development,4,1126,9.413744245516084e-11,6.111465282094805e-11,7.762604763805444e-11,1.0000000000000008e-06,6.880546045283285e-11,0.006074063854684677,4.54109551055944e-09
neg_595,DCLPCGHDVCC,11,0,development,4,1127,6.88051873088597e-06,1.4316474831501987e-10,3.4403309478171425e-06,2.623077745095337e-06,1.6025409482312309e-06,0.00726846718988064,8.790288054699431e-06
neg_597,VDFFA,5,0,development,5,1128,0.33417721043825915,0.943515768312313,0.6388464893752861,0.74329199989511,0.7944309441178925,0.7255901487300213,0.9070587928541514
neg_598,FLPIASLLGKYL,12,0,development,4,839,0.8959621154647022,7.796265785321816e-06,0.44798495586524373,0.00812736912420008,0.20867012892275325,0.047290140706342396,0.0071374380516349015
neg_599,GFFALIPGIE,10,0,development,1,1129,6.133007710144004e-06,0.011777299416866734,0.0058917162122884385,0.0002702813844039889,0.008072555144003514,0.08918000199205268,0.045084676170253066
neg_600,DPNATIIMLGTGTGIAPFR,19,0,development,2,1130,4.706501469581231e-09,1.8350252439491884e-13,2.3533424860528126e-09,1.0000000000000008e-06,1.1300774821908055e-09,0.004462528399727788,1.5520468167765685e-07
neg_601,ASGENQAELKLATHNVYML,19,0,development,3,1131,1.33370331905119e-07,0.0035462086767475216,0.0017731710235397134,5.96523931863385e-05,0.002500298251890154,0.05712119205263718,0.022599509717181752
neg_602,MADAEDIQPLVCD,13,0,development,4,1132,0.00044205283595247805,0.09126637140017234,0.045854212118062405,0.006620418194651904,0.07011393788042042,0.23665024196988774,0.05195140841956573
neg_603,EKSCITWRNSCVHND,15,0,development,5,1133,3.196947965231238e-10,0.000751230018697148,0.00037561516919597227,2.7418138452549197e-05,0.0005674291642162767,0.035903135129029484,0.005454992336946811
neg_604,NEQSGKSQTVIVGSWGAKVS,20,0,development,5,919,0.00804080812528061,9.352339975495006e-12,0.004020404067316475,9.002519366294602e-05,0.0019673176012779963,0.012615615645592729,4.433975310479266e-08
neg_605,SCSCQKHFSCCD,12,0,development,3,1134,3.954471656026917e-09,1.3262835315456946e-09,2.640377593786306e-09,1.0000000000000008e-06,2.1014642934736724e-09,0.007700307922887247,5.809542183219388e-07
neg_606,VIDVNDEW,8,0,development,1,1135,0.5167503967004969,0.17429245336943225,0.3455214250349646,0.32207774262495326,0.2820743893435396,0.43609067671402085,0.06892757031640019
neg_607,VSTLLPVVAAEEPA,14,0,development,2,1136,0.056333983251443794,9.608223695035258e-07,0.028167472036906647,0.00024427003321039796,0.013525406757506476,0.012226800555359112,0.0008387699135925593
neg_608,MGIFSIFVISTVHYQPNKK,19,0,development,3,1137,4.211211581617292e-10,3.0982005853581707e-12,2.1210967937354368e-10,1.0000000000000008e-06,1.2639354300739306e-10,0.007700307922887247,1.0186875041374853e-08
neg_609,VSGSGIMAKRVVVDA,15,0,development,4,1138,6.791495148989234e-06,5.450224901146913e-07,3.668258819551963e-06,2.6060530821595918e-06,1.999788127099536e-06,0.007259667513101995,7.117750412789851e-05
neg_611,MAPPRTSTS,9,0,development,5,1139,0.040527651486966666,0.6175699158740036,0.3290487836804851,0.20708670898484313,0.47638691764221736,0.5088986183445091,0.846205701207193
neg_612,QPSKDAFIGLM,11,0,development,1,53,8.641761501310975e-06,1.49981203516761e-10,4.3209557412572465e-06,2.9396928436792395e-06,2.7199280961848013e-06,0.008372376260552015,8.202718154997349e-07
neg_613,GSPKYCHLPADPGPC,15,0,development,1,1140,2.5612796403680777e-05,0.9980204526948495,0.4990230327456266,0.10204155710973048,0.6839211069762524,0.6580109367333608,0.9428567992499282
neg_614,MLHCKGNNL,9,0,development,2,1141,0.042121593155459984,0.8419231876496007,0.44202239040253033,0.32612227054136117,0.6499066233477072,0.5973672397765997,0.594673983856042
neg_616,VDKPDYRPRPRPPNM,15,0,development,4,934,0.0015919760683457964,0.00017851894020740953,0.0008852475042766029,0.0005332900584997201,0.0005077045416917349,0.05235260936983736,0.004900260763504137
neg_617,FGETSGETKGMWFGPRL,17,0,development,2,785,9.89137656856332e-06,8.978343826383686e-09,4.9501774561948515e-06,3.1450631284218337e-06,2.381546949890871e-06,0.005508735205390734,8.46903661145248e-06
neg_618,SGLDSLSGATFGGNR,15,0,development,3,1142,4.38209491865446e-07,0.015478273152599146,0.007739355681045505,0.00012537021396289824,0.010913105319888662,0.0808825133709187,0.022790990067986457
neg_619,MEKGYYDLES,10,0,development,4,1143,0.04112525748010631,0.004749185361762806,0.022937221420934555,0.014104175141848576,0.013220952167796217,0.16380166364487508,0.01145879202004842
neg_620,STRTPEFLGLDNQCGVWA,18,0,development,5,1144,4.802202247846586e-08,0.00016490034123505586,8.247418162876716e-05,1.284225317888563e-05,0.00012456647640694254,0.023214297721382823,0.0017086729974105615
neg_621,GSPMFV,6,0,development,3,1088,0.9998532776060027,0.9353145284270147,0.9675839030165088,0.9968244184713353,0.9543501508379189,0.8722177679898968,0.6510850648828926
neg_622,GHNKKDKKMQKK,12,0,development,3,1110,0.9204226524792641,9.373822274883341e-08,0.46021137310874344,0.0033894141074432404,0.271477562848778,0.04902105274926115,4.273133247376269e-05
neg_623,GLLDIVKKVVGAFGSL,16,0,development,4,839,2.923439596446374e-11,3.466404678846876e-08,1.7346640592216612e-08,1.0000000000000008e-06,2.6597808822879025e-08,0.006074063854684677,7.232526498722726e-06
neg_624,AIGGLSRSFPVEAFE,15,0,development,1,1145,0.00015832474449310846,0.19808196904566844,0.09912014689508078,0.006215249846045721,0.13578937524471693,0.23709112475115457,0.365029025615496
neg_625,NQCPQAYSYAK,11,0,development,2,1146,0.9545309112559749,0.9288323457237797,0.9416816284898772,0.9430281349370121,0.9350020636825195,0.7760618960671368,0.9436929028202623
neg_626,SCCNAGFCRFGCTPCCY,17,0,development,2,787,1.9906344183829582e-08,9.616933166871942e-11,1.000125675774915e-08,1.0000000000000008e-06,4.8522010019201176e-09,0.004462528399727788,6.999278495697582e-08
neg_627,MKQGINGFARRGRL,14,0,development,3,1147,6.055305475678972e-08,1.3011859743500109e-08,3.678245725014492e-08,1.0000000000000008e-06,2.70340750598572e-08,0.007700307922887247,4.419001093543004e-07
neg_629,FDLGMLVKKVLAGL,14,0,development,5,1148,5.76812796007024e-10,2.4456446640039397e-08,1.251662971802321e-08,1.0000000000000008e-06,1.8613896603675958e-08,0.005214380949955825,9.10140926988312e-05
neg_630,FYSAPTRDNVFEL,13,0,development,4,1149,0.06325663366755072,0.3940424232737177,0.2286495284706342,0.1732480428754655,0.31700441699376175,0.4611470017177246,0.5101399958658063
neg_631,FFPIGVFCKIFKTC,14,0,development,5,1150,7.332348404163615e-10,0.00013788827522604136,6.894450423044088e-05,1.174326147137136e-05,0.00010415179213184672,0.022042930245162844,0.0038113121696783255
neg_632,KPCCSIHDSSCCGI,14,0,development,5,840,5.400567598598818e-10,4.011340933576993e-09,2.2756988467184376e-09,1.0000000000000008e-06,3.1620334606130767e-09,0.005214380949955825,1.5998633323652985e-07
neg_633,GLFDIAKKVIGVIGSL,16,0,development,4,839,9.148882990343671e-11,2.139173594816656e-10,1.5270309469255117e-10,1.0000000000000008e-06,1.8540449669598585e-10,0.006074063854684677,5.033816976620171e-08
neg_634,DGAETPGAAASLWFGPRV,18,0,development,5,1005,4.668430668015708e-07,1.4889444660459707e-07,3.0786875670308394e-07,1.0000000000000008e-06,2.2668587065349492e-07,0.005214380949955825,7.194387062243254e-05
neg_635,SLRKMHALGET,11,0,development,1,1151,0.651895952167965,0.8888015436072897,0.7703487478876274,0.7946148457858697,0.8142401447971103,0.6828249058555466,0.8795425118605492
neg_636,KDGYPVDNANCKYE,14,0,development,5,1069,0.030968450979149454,1.0933286413617278e-06,0.015484772153895408,0.000186889632634383,0.007577773010950247,0.014804576723205133,0.0004464626807260007
neg_637,SGLQFAVLDGQGFLPFSRV,19,0,development,5,855,1.0832049848911353e-09,9.94807099393504e-11,5.913428474152428e-10,1.0000000000000008e-06,3.4016523366069987e-10,0.005214380949955825,1.8927120281737318e-07
neg_638,SVDFDSESPRKPEIQ,15,0,development,2,1152,0.0009112692895790408,1.700887450503661e-05,0.0004641390820420387,0.00012453996191308172,0.00023170313577654676,0.019895966683391414,0.00019209693400739386
neg_639,GGCCSYPPCAVSNPQHC,17,0,development,3,854,3.9673803345711424e-08,4.631839886094568e-10,2.006849366716044e-08,1.0000000000000008e-06,1.2028306555665396e-08,0.007700307922887247,7.0115699752778945e-06
neg_640,DGVTDPLEVNVVK,13,0,development,2,1153,1.3875480938966164e-05,7.035142599348954e-06,1.045531176915756e-05,9.880085998865908e-06,8.677372717015265e-06,0.010372416278931639,0.0001270292386146035
neg_641,GLVPNLLNNLGL,12,0,development,2,1109,0.0001606518288913679,9.409447156456594e-09,8.033061916926217e-05,1.2675714155038677e-05,3.8576481174902485e-05,0.007115018242592704,8.162272104226944e-05
neg_642,MMKLLIIVVLLVISFPAY,18,0,development,4,1108,4.404711658489221e-09,8.585449981694844e-11,2.2452830791530845e-09,1.0000000000000008e-06,1.0916901655756215e-09,0.006074063854684677,3.499088105970944e-08
neg_643,EPFKISIHL,9,0,development,3,1154,2.4536003023497407e-05,2.9356088905012633e-05,2.694604596425502e-05,2.683805584811071e-05,2.7934410673006774e-05,0.025658855402655164,0.0008137318569881065
neg_644,GSSGLISFPRT,11,0,development,5,45,2.8975274490705518e-05,6.530329459324195e-06,1.7752801975014855e-05,1.3755711588135827e-05,1.202185898887114e-05,0.012588865158445822,0.00012367624535556489
neg_645,RCLFWSVCP,9,0,development,4,1155,2.5762267236118344e-06,0.29466349222066296,0.1473330342236933,0.0010363519496286674,0.2260387501365929,0.22479193760983898,0.00966343029575947
neg_648,DDASDRAKKFYGLM,14,0,development,5,1156,1.358807104634309e-11,1.9063155356050265e-10,1.0210981230342287e-10,1.0000000000000008e-06,1.4731491763731363e-10,0.005214380949955825,2.2529617130280816e-07
neg_649,INWLKLGKKILGAI,14,0,development,2,788,4.3172855184109466e-07,4.244681958376976e-05,2.1439274067805427e-05,6.515221463489773e-06,3.235982615399942e-05,0.014169536870815326,1.353211061192301e-05
neg_650,ATLTVFFRDN,10,0,development,1,1157,2.0068236456302653e-05,0.996628955936001,0.49832451208622863,0.07151824863807359,0.6829658115497839,0.6193032140405578,0.730779637119418
neg_651,FLSLIPKIAGGIASLVKNL,19,0,development,4,839,1.3272555600854117e-10,5.779571357856906e-09,2.9561484569327234e-09,1.0000000000000008e-06,4.464455182936956e-09,0.006074063854684677,4.298434022802754e-07
neg_652,EWEPVQNGGSSYYMVPRIWA,20,0,development,2,1158,4.116873821926674e-07,1.59631930329715e-10,2.0592350706149856e-07,1.0000000000000008e-06,9.8959315832236e-08,0.004462528399727788,7.902370966736626e-07
neg_654,GLFDIIKKVASVVGLASP,18,0,development,4,1159,1.6502568156719142e-11,5.529503093567486e-10,2.8472643875673386e-10,1.0000000000000008e-06,4.2801488058684957e-10,0.006074063854684677,1.0370063194595621e-07
neg_655,QLWPRPHIPP,10,0,development,1,53,2.8241240080145545e-05,0.007659970280434786,0.003844105760257466,0.0004666900834220452,0.005258032913182531,0.09332394286687126,0.0024904630439464754
neg_656,GLFDIIKNIVSTL,13,0,development,4,839,3.7007756673066363e-11,1.938026324860702e-09,9.87517040766884e-10,1.0000000000000008e-06,1.4952906179589153e-09,0.006074063854684677,1.2695186919841644e-06
neg_657,KYPLEKFQNIG,11,0,development,3,1160,0.01676628348304336,0.17141246768161225,0.0940893755823278,0.05606406056180391,0.12579977132260872,0.3433711191257255,0.12302198712258902
neg_658,AQGDNPDKDTDGN,13,0,development,4,1161,0.0014500778557664752,0.9756802649030346,0.48856517137940053,0.1944390587670163,0.748787956871218,0.6649800844735011,0.718112791437694
neg_659,FAQLLNDLK,9,0,development,5,1162,0.8475912667269857,5.272925798519092e-06,0.4237982698263921,0.005386043218558186,0.2073812993443029,0.03837033244753019,0.0005193612291506443
neg_660,GLFDIVKKIAGHIVSSI,17,0,development,4,839,4.162772026764496e-11,1.81675016922158e-07,9.085832232121282e-08,1.0000000000000008e-06,1.393737010323655e-07,0.006074063854684677,1.4155517876850684e-07
neg_661,SPGALEDEHNDNFLRF,16,0,development,2,1163,1.0197797245462726e-06,7.2965813922594495e-09,5.13538152969266e-07,1.009841435397183e-06,2.5037378441406464e-07,0.004470572868889514,3.29289222554929e-07
neg_662,SAPRGCWTKSYPPKPCK,17,0,development,1,1164,5.604297473136243e-09,4.570621605085798e-12,2.8044340473706646e-09,1.0000000000000008e-06,1.7669750649464718e-09,0.006642723419556829,9.879419830967533e-08
neg_663,SNPNFILTLVNNVPYTIWPA,20,0,development,2,1165,2.48537225356422e-05,4.1151559304926064e-06,1.4484439233067404e-05,1.0113250607835968e-05,9.094076122050166e-06,0.00927574065951019,0.0006050826317376262
neg_664,ATDYEDEEFPGAVPPSVGAR,20,0,development,3,1166,0.0001971884266118624,8.145894630654865e-09,9.859828625324652e-05,1.4043574162735335e-05,5.8166220204371066e-05,0.014153713309977065,2.45171998767167e-05
neg_665,MTYQTAIDAVRELKA,15,0,development,4,1167,2.4898457351333446e-09,6.331932353384528e-05,3.166090668979021e-05,7.957536594661683e-06,4.857321658318377e-05,0.02005555354000826,0.0002206002579895457
neg_666,LVPFLGKTLGGLLARF,16,0,development,3,1168,3.183946144809872e-10,4.0064765415938095e-12,1.612005455112905e-10,1.0000000000000008e-06,9.673486003852574e-11,0.007700307922887247,5.419301037647735e-07
neg_667,QGWAWPRPQIPP,12,0,development,1,53,1.5678678994295045e-06,0.0015587405699931316,0.0007801542189462805,4.9471975017392156e-05,0.0010686509349121902,0.04698022268597053,0.0009689963476835827
neg_668,GFLDIVKGVGLVALGAVSKS,20,0,development,5,1169,1.5033766923373548e-10,1.308507275646922e-12,7.58230882546912e-11,1.0000000000000008e-06,3.777097321228597e-11,0.005214380949955825,2.5223718519912043e-08
neg_670,GVGYKVVVTTTAAADDDDVV,20,0,development,1,1170,3.9217455260626165e-10,1.291325988277354e-06,6.458590814149801e-07,1.1363652635883465e-06,8.850298331807829e-07,0.00710518143554211,0.0001329633217010698
neg_671,DCCIIAGCPFGCTICC,16,0,development,2,787,1.730256681123455e-09,4.642815535247438e-15,8.651306619694952e-10,1.0000000000000008e-06,4.15403979425221e-10,0.004462528399727788,2.2771847303584373e-10
neg_672,GFGSLFKFLAKKVAK,15,0,development,5,1171,3.0546380311960594e-11,0.0020623741119833,0.00103118707126484,4.545822773316047e-05,0.0015577799526593067,0.04783536205410252,0.005677530708689303
neg_673,LRLDLSNLR,9,0,development,2,1172,0.0027709705733258974,0.23839222575756625,0.12058159816544607,0.02864679486745087,0.1818242166307615,0.32266026063428044,0.4254759957711959
neg_674,MVLNVVLAGDFDCVRRP,17,0,development,3,1173,3.412071214775759e-09,1.1010724569675343e-05,5.5070683204450595e-06,3.3182501027635563e-06,7.764131675561162e-06,0.013981994464006494,4.2250659358979705e-05
neg_675,QGLIPFPRV,9,0,development,5,45,0.040282237228986384,0.004797876528348363,0.022540056878667374,0.014025539551262765,0.013479716218853336,0.15624869075690506,0.004667825335287171
neg_676,FLNPFRWVINKYR,13,0,development,4,1174,3.92491518778217e-05,9.342143731982509e-05,6.63352945988234e-05,6.055373304991471e-05,8.080504025195412e-05,0.03131677289275049,0.00022108352789519577
neg_677,NLYQFKEMIRYTIP,14,0,development,5,1175,5.822975491524551e-08,0.39466207171188117,0.19733106497081804,0.0008067954522701651,0.29810143865186034,0.2163034155870075,0.056785689219451194
neg_678,SLLEFGMMILEE,12,0,development,1,1176,0.20668155661863294,0.1563230681076966,0.18150231236316478,0.18013322389431438,0.17217241688215734,0.39072766342519527,0.47178380572370754
neg_679,TSAEVPATAQGVTHALEGTQ,20,0,development,2,1177,0.0004247706470583884,0.0003444295303153994,0.0003846000886868939,0.00038249728133428555,0.00036371784546176174,0.045979684688010274,0.11180998992428261
neg_680,CYIQSCPIG,9,0,development,2,904,0.0030744053749613073,6.916089877160673e-07,0.0015375484919745116,5.552969557514978e-05,0.000738629568917611,0.009326644851352544,0.003235639679057749
neg_681,AAKLLLNPKFRCKAAFC,17,0,development,3,1178,2.590512394628864e-09,0.00014588531005596303,7.294395028417883e-05,1.2079040391773416e-05,0.00010285738650873571,0.026429238689807556,2.9169642985473514e-05
neg_682,AVVFDPQPALWAEADTQLEP,20,0,development,4,1179,2.9206411764051216e-08,0.011887675141625944,0.005943852174018854,0.00010967253713109403,0.009119114426544218,0.08625669113485789,0.0016249648818440386
neg_683,GWFDVVKHIASAV,13,0,development,5,1180,7.564614770091854e-07,0.00019065199824262017,9.570422985981468e-05,1.3808811596903538e-05,0.00014419089324906777,0.024208894447668456,0.0012018096369213337
neg_685,TNVKESEFIAEGAAGR,16,0,development,3,885,0.0006965507562567628,4.6894365868806666e-11,0.00034827540157556435,2.6400760790418275e-05,0.00020544679729074295,0.01635813275578002,1.0025232948890671e-06
neg_686,AYGGDGGAYYEWSPA,15,0,development,1,1181,4.5803721028924915e-06,2.151995445644266e-05,1.3050163279667575e-05,9.9282432743879e-06,1.618855240777292e-05,0.017471245110271677,0.004765466190490115
neg_687,DSGSSRDPGASSGGC,15,0,development,2,1182,0.0005411897302386456,4.009717666261738e-10,0.0002705950656052061,2.326925261171936e-05,0.0001299292687785356,0.007953235634511295,4.61613006811627e-07
neg_688,KIKEKLIEA,9,0,development,3,1183,0.0005583145354430839,0.03644487745409118,0.018501595994767132,0.004575609786749665,0.025860181127702813,0.18643575856784161,0.13749368815155796
neg_689,TKATEGEFLAEGGGVR,16,0,development,3,885,8.626250149545102e-05,7.824505505346567e-11,4.3131289870253036e-05,9.288079837522683e-06,2.544307083684104e-05,0.0128713807481867,2.213646026006887e-06
neg_690,AVFVILTNVYT,11,0,development,4,1184,1.8772589451063787e-07,3.007578776235638e-07,2.442418860671008e-07,1.0000000000000008e-06,2.744334135791533e-07,0.006074063854684677,0.00014389913944132251
neg_691,SDNRNQGY,8,0,development,5,1185,0.9999730926135731,0.7843453392889592,0.8921592159512661,0.9972873879176994,0.8371022595271866,0.8363023321701495,0.7847625514736072
neg_692,DDPTSTFTCPGGSDYK,16,0,development,1,1186,1.0852890913793731e-05,0.020280720910768362,0.010145786900841077,0.0004737619109780511,0.013901176620252286,0.10758666440327246,0.07305973664854526
neg_694,MKAIMLVNFCDERGSGR,17,0,development,2,1187,2.9868415971977206e-10,0.0001927097089225758,9.635500380336776e-05,1.3883144241368804e-05,0.00014644398612662573,0.022487753692876904,0.0001579500046179987
neg_695,SVDFDSESPR,10,0,development,3,1188,0.002780602304633504,0.5937335526457707,0.2982570774752021,0.060005324905143764,0.41943272766222717,0.4090706247947104,0.5377827920346796
neg_696,QDSGDGWPQQPFVPRL,16,0,development,4,1189,0.0018137696540156299,8.94008296438914e-11,0.0009068848717082297,4.262525432824972e-05,0.0004224160319827323,0.01219552878183657,2.929090771113472e-07
neg_697,GSSGLISFPRN,11,0,development,5,45,0.006081307620854951,2.238031774963718e-06,0.0030417728263149573,0.00011700538486366213,0.0014895836284751864,0.015528120954285613,0.00015289309738942265
neg_698,ALGDQLLSVFVDHTLVDEVA,20,0,development,5,1190,2.3817175811601596e-09,7.21564274886777e-05,3.607940460312943e-05,8.494732520364685e-06,5.450273876392197e-05,0.018266822916568618,0.00017518169507047728
neg_699,ARTDNFVRL,9,0,development,1,53,0.0006002051527514924,8.950378677702477e-08,0.0003001473282691347,2.4505851984407107e-05,0.00018896416040773648,0.01317886928616863,3.791682740465344e-05
neg_700,SGHTKIKVAVDT,12,0,development,1,1191,0.0034355141843747015,2.720509132827167e-05,0.0017313596378514865,0.0003061548824293593,0.001099903679871641,0.03727879903988578,0.0018716344527730936
neg_701,FLPLIAGLLGKLF,13,0,development,4,839,0.0034061098901676363,2.720153585203133e-09,0.0017030563051606106,5.8458147116707944e-05,0.0007932644435975039,0.012929636945571496,1.5615713123454367e-05
neg_702,LEIADLAQYVVDLTAR,16,0,development,2,1192,8.229611591246321e-07,1.7137264997415413e-08,4.2004921206102375e-07,1.0000000000000008e-06,2.1059966448230974e-07,0.004462528399727788,2.3105280334924084e-05
neg_703,KPNPERFYGLM,11,0,development,1,53,0.07248412521046525,9.328032278276693e-07,0.03624252900684654,0.0002794728359104749,0.022813599162329622,0.022106580875477226,0.00024693045622259916
neg_704,FVQWFSKFLGRIL,13,0,development,3,1193,3.2111846618598747e-07,2.1380724973749897e-07,2.674628579617432e-07,1.0000000000000008e-06,2.4545855725049425e-07,0.007700307922887247,8.296518819942668e-05
neg_705,KECCTHPACHVSHPELCG,18,0,development,3,854,9.446367653522595e-08,8.766394670776333e-11,4.727567024096686e-08,1.0000000000000008e-06,2.7923749447829444e-08,0.007700307922887247,1.2223199406551324e-06
neg_706,SKGKKANKDVELARG,15,0,development,4,1194,2.264316468873732e-08,6.2296765877362e-09,1.443642063823676e-08,1.0000000000000008e-06,1.005227852268139e-08,0.006074063854684677,1.222465616483551e-06
neg_707,ATDYDEEEDDRVKVRLDAR,19,0,development,4,943,1.2415070114676295e-10,5.376913172193717e-11,8.895991643435006e-11,1.0000000000000008e-06,7.016057282283324e-11,0.006074063854684677,1.7052778760143208e-09
neg_708,SKVENIVDELKTLTL,15,0,development,5,1195,1.1006186785558041e-07,1.925048562099298e-07,1.5128336203275512e-07,1.0000000000000008e-06,1.7233380636244698e-07,0.005214380949955825,7.230559754113153e-05
neg_710,QTCCGSKVFCC,11,0,development,1,1196,8.023971765527794e-09,8.9187058355869e-09,8.471338800557347e-09,1.0000000000000008e-06,8.637105796426077e-09,0.006642723419556829,8.784713880344102e-06
neg_711,GLLDVVGNVLHSLGL,15,0,development,4,839,1.6141160711173093e-06,1.3589317583449166e-09,8.077375014378271e-07,1.2704787244200998e-06,3.7696029836452204e-07,0.006350997300979508,5.055535983055938e-06
neg_712,ADPPIHIASL,10,0,development,2,1197,0.03370211553455319,0.9763089909565161,0.5050055532455346,0.5452225756205782,0.7500076995464323,0.7328508547903911,0.9274102275845829
neg_713,LENGLLRKPPMG,12,0,development,3,1198,0.005017734041262462,0.00783724404785583,0.006427489044559146,0.006271969167413129,0.007005633138874182,0.16648323677466537,0.0098719640946633
neg_714,SGQYSFGL,8,0,development,1,53,0.8941233774303432,0.0002236625839891571,0.4471735200071662,0.041654877762758294,0.281561104769413,0.13596795059183214,0.0084820511785246
neg_715,SGYLPGKEYVYKYKGKVF,18,0,development,4,1199,1.3897913235048121e-09,6.816928912237818e-06,3.4091593517806615e-06,2.610928302883772e-06,5.229631144025305e-06,0.010577530385119362,0.0001341105453280382
neg_716,IVSYPDDAGEHAHKMG,16,0,development,5,1200,0.0011410053496920724,0.001621124093045683,0.0013810647213688778,0.0013600695378779433,0.0015036550480946266,0.08585092557067157,0.027159821982486832
neg_717,CCNWPCSFGCIPCCY,15,0,development,2,787,0.000204166817523048,1.085186772148369e-10,0.00010208346302086261,1.4289957246524251e-05,4.9016502431518976e-05,0.007273170382944317,9.857599215926797e-07
neg_718,GVLDAFKKIATVVKNLV,17,0,development,2,834,1.0948666139013791e-09,4.5990851403600234e-08,2.3542859008750806e-08,1.0000000000000008e-06,3.5212212289082696e-08,0.004462528399727788,1.8660990273489204e-06
neg_720,SPTLDDEHNDNFVRL,15,0,development,2,1163,4.1076060242222024e-08,2.8380435985823904e-09,2.195705192040221e-08,1.0000000000000008e-06,1.2018236076535862e-08,0.004462528399727788,2.325185789778569e-06
neg_721,ALFEESTVSAEPR,13,0,development,1,1201,2.147870422274657e-05,3.0470352321681453e-09,1.074087562898937e-05,4.634542906761276e-06,6.762089869723747e-06,0.009230430776293642,9.370531617175255e-06
neg_722,FIGAILPAIAGLVGGLINR,19,0,development,2,1202,1.5859090308254466e-09,0.00010053230833938028,5.026694712420555e-05,1.0026988599566965e-05,7.639686767415862e-05,0.0184450128899199,0.0025278190184006735
neg_723,QGGWPRPGPEIPP,13,0,development,1,53,0.04830907663634518,2.6548513698592066e-08,0.02415455159242944,0.00022525206706600943,0.015204354685539802,0.021120304609873655,3.6012771465911675e-05
neg_724,AQENETNESGSID,13,0,development,2,1203,0.025486367533462468,1.6538996081646067e-10,0.012743183849426215,0.00016169254646461657,0.006118773536488843,0.011339556199653763,4.100434281153904e-06
neg_726,IVPFLLGMVPKLVCLITKKC,20,0,development,4,935,9.943166123137868e-11,2.7954433342021358e-11,6.369304728670002e-11,1.0000000000000008e-06,4.460104666108243e-11,0.006074063854684677,7.81866284667461e-08
neg_727,NFQRDVEITWGDMRR,15,0,development,3,1204,1.818444659625789e-08,0.008828849326266899,0.004414433755356747,9.437065225223441e-05,0.006224796751909939,0.0708835226534695,0.015616016106976133
neg_728,IVRRACCSDRRCRWRCG,17,0,development,4,1205,8.880404198748132e-10,7.121513253748945e-16,4.440205660130693e-10,1.0000000000000008e-06,2.0681977974762233e-10,0.006074063854684677,2.5774717994299047e-12
neg_729,QCGQAWC,7,0,development,5,1206,0.9285742107087016,0.003419385281205773,0.4659967979949537,0.17437407198381227,0.22977391794478041,0.22805967191112395,0.025689051659394037
neg_731,FLLSLPHLASGLASLVLSK,19,0,development,1,1207,5.202459254139631e-06,3.0608249494582597e-10,2.6013826683172884e-06,2.2808918847108765e-06,1.6375819903621573e-06,0.00792894276970881,8.888072538576988e-07
neg_732,SANAKNDFMRF,11,0,development,1,53,0.0011108455416176401,3.535719878900098e-06,0.0005571906307482701,6.270189266305993e-05,0.0003520398169054004,0.019560015024451875,0.00026192080317266245
neg_733,CIIRNCPRG,9,0,development,2,904,0.0028098141166579267,2.20534079356459e-06,0.0014060097287257457,7.88231701905721e-05,0.0006762567489884869,0.01179754700285897,0.0002364884457074723
neg_734,ALAGTIIAGASLTFKILDEV,20,0,development,2,1208,3.4353919604995884e-11,4.7772703923108874e-11,4.1063311764052376e-11,1.0000000000000008e-06,4.4551118870503606e-11,0.004462528399727788,4.1590173903994976e-08
neg_735,RQRHPDCDKPPDTGN,15,0,development,3,1209,3.1649365383869585e-05,4.3722828496948475e-09,1.582686883335964e-05,5.6258370603253705e-06,9.338022958292224e-06,0.011469376965257027,1.6545597461248297e-06
neg_736,QGGAPWNPIPP,11,0,development,1,53,0.002242087686870999,2.25653146929452e-05,0.0011323265007819722,0.0002251342232769455,0.0007211165466610945,0.033987903808757346,0.00010353583867847991
neg_737,DYMGWMDF,8,0,development,3,927,0.0008771460174391529,0.00016973997558203415,0.0005234429965105935,0.0003859115698094564,0.00037838849256271957,0.05845064013903405,0.047579783968642514
neg_738,FFFLPSLIGGLVSAIK,16,0,development,4,839,2.8866554756788737e-08,5.152868329681431e-11,1.4459041720042776e-08,1.0000000000000008e-06,6.762373675307256e-09,0.006074063854684677,3.9382284307851657e-07
neg_739,ILGTILGLLKSL,12,0,development,4,1210,5.049296385747323e-06,1.9659700187515683e-06,3.5076332022494453e-06,3.1506780852760783e-06,2.684058048792337e-06,0.00858639350859148,7.99275376404089e-05
neg_740,DHLSHDVYSPRL,12,0,development,4,1211,0.1877709336152324,2.3911818820724515e-10,0.0938854669271753,0.00048058075204310627,0.04373071298178127,0.019070728553796053,2.2833698187674483e-06
neg_741,TNDSAGDGTTTASVLAR,17,0,development,5,1212,2.6497841573455272e-06,9.308444545571558e-09,1.3295463009455494e-06,1.627816083520199e-06,6.553447938713995e-07,0.005739432006538181,1.2671052153866532e-05
neg_743,SDYLQLAR,8,0,development,5,1213,0.9943329900736089,7.127976992040721e-05,0.4972021349217646,0.10058801365851551,0.2433339625074655,0.10825852277669222,0.0011534501237729455
neg_744,QCCPTMPECCRI,12,0,development,1,1214,2.633259208072436e-05,4.87222138878588e-07,1.3409907109801475e-05,5.131573011832761e-06,8.621546550230181e-06,0.009434076132054747,0.00031488403050030126
neg_745,GRGGASNYVRL,11,0,development,4,892,0.0002360720744642834,1.2403946457710634e-07,0.00011809805696443026,1.5366222601516933e-05,5.507490728659603e-05,0.010094478741973832,5.9895407532418905e-05
neg_747,IVGGFTIGIDTVPY,14,0,development,2,1215,0.007621278214284165,2.5056522026062435e-05,0.0038231673681551137,0.00043848076806388126,0.0018487593016453666,0.027121810413909684,0.003136492839263127
neg_748,SRDIVSVYDD,10,0,development,3,1216,0.11493303118366648,0.5666703408002961,0.3408016859919813,0.29182904221716777,0.43343099290200393,0.512860876177223,0.22901766018684322
neg_749,EGFQLMDRGTFDEIGR,16,0,development,4,1217,1.432802715310253e-09,0.000947730938747001,0.00047386618577485815,3.079890421228062e-05,0.0007270104787853972,0.04309322527719597,0.0004562839407086735
neg_750,GGPYSYGL,8,0,development,1,53,0.9999871044660391,5.309555569540803e-06,0.4999962070108043,0.39086200892892414,0.3147300104807251,0.13538017854917106,0.011315001220566496
neg_751,GLEETYCSMRIKENI,15,0,development,3,1218,6.700277191982684e-06,3.370424952910971e-06,5.035351072446828e-06,4.752135754688281e-06,4.352560657637475e-06,0.012971404460002741,3.4649874220712585e-05
neg_753,VIGGDICNINEHNFLVALYE,20,0,development,4,1035,4.999979918965152e-11,2.03622986526985e-06,1.01813993253452e-06,1.4269653942803938e-06,1.5620159111274739e-06,0.007461963955264685,0.00014141197632278762
neg_754,ALVSADGDSWFAR,13,0,development,5,1219,5.080508805850286e-07,0.007845473509177352,0.003922990780028968,8.89163282947983e-05,0.005926072084389762,0.06954668505972156,0.01436101597968787
neg_755,DMCCHPACMNHFNC,14,0,development,2,804,7.13817541790012e-08,2.4882628438123635e-07,1.6010401928011878e-07,1.0000000000000008e-06,2.062253577537434e-07,0.004462528399727788,6.269242175273095e-05
neg_756,RPPGFTPFR,9,0,development,3,830,0.006346016965255982,1.0321617275252895e-08,0.0031730136434366288,7.990952277255271e-05,0.001871756951697982,0.021069420042613127,1.2790570362229292e-05
neg_757,APSMGFMGMR,10,0,development,1,53,0.00953121952856533,1.4376146938452678e-06,0.004766328571629587,0.00011760460467436487,0.0030007499801691473,0.01945982772041964,7.428404164925873e-05
neg_759,VQGMVYCDTCRSANALGFMR,20,0,development,1,1220,1.1097473829119959e-10,3.7224995086771802e-09,1.91673712348419e-09,1.0000000000000008e-06,2.5858427624958315e-09,0.006642723419556829,2.896609926770494e-07
neg_760,YVVPAAKLEAIYPKGLRVSI,20,0,development,2,1221,3.2490363711210763e-07,0.0008056114257316125,0.0004029681646843623,2.8393942660068477e-05,0.0006122780386570264,0.03464987913907252,0.004060799820650197
neg_761,MDLSFTLSVVTA,12,0,development,3,1222,1.6962833591632319e-09,0.0002974469230636351,0.00014872430967349714,1.724892626631651e-05,0.00020971582977559765,0.031449272284295005,0.007292659162686939
neg_762,FLSLIPHAINAISAIAHHL,19,0,development,2,875,1.780356082995894e-08,2.2450916525348908e-05,1.1234360043089434e-05,4.7382729206047485e-06,1.706516922539807e-05,0.011653964759053285,0.0004804721742724633
neg_764,VDKPDYRPRPWPRPNM,16,0,development,4,934,0.008097953331106205,0.2737016003680529,0.14089977684957955,0.05255205742487549,0.21184412017589282,0.3745712395562747,0.44178588202871183
neg_765,MIERELGNWKDFIEVMLRK,19,0,development,4,1223,5.7536783361022655e-12,3.0069220494082105e-13,3.0271852705215434e-12,1.0000000000000008e-06,1.570659637088022e-12,0.006074063854684677,2.5753488389761742e-11
neg_767,SVQFKPRL,8,0,development,3,223,7.025105541141801e-06,9.842659589631282e-08,3.5617660685190572e-06,2.650495176092968e-06,2.14144178662424e-06,0.009643403613566684,2.781492300899485e-05
neg_768,TKCPTCQNDTCSNKI,15,0,development,5,1224,2.0169217998650882e-11,0.0009504716063924813,0.00047523581328084963,3.084344544535573e-05,0.0007179229066544028,0.03839569344595117,0.000852105944680538
neg_769,EQPGGDKVNLGYFTN,15,0,development,1,1225,2.9794010017408357e-06,0.06545765278042512,0.03273031609071343,0.00045661218688639027,0.04485707524157388,0.12649628381265185,0.033031209282997326
neg_770,GYNRSFLRF,9,0,development,5,45,2.5820128337449496e-09,1.096415993816484e-07,5.6111806107696677e-08,1.0000000000000008e-06,8.344768889860205e-08,0.005214380949955825,8.797194172416206e-05
neg_771,RGSNLTHPLRNIGDLFYVGN,20,0,development,2,970,6.073304772963081e-10,8.676302694087046e-11,3.470467521185893e-10,1.0000000000000008e-06,2.1174098896640117e-10,0.004462528399727788,1.949375525378532e-07
neg_772,ADGSDPASSEFLAEGGGVR,19,0,development,3,885,1.0883593636286939e-07,5.427124065246003e-12,5.4420681743467316e-08,1.0000000000000008e-06,3.210484812323686e-08,0.007700307922887247,2.5192502199055733e-08
neg_773,KLSYDDKVFENVEFTPRL,18,0,development,2,1226,2.327617912266101e-09,0.0013347584483352558,0.000667380387976584,3.655743462986355e-05,0.0010143098692808848,0.04030732869330992,0.00023502575586790563
neg_774,YEYSVYREIIGSGHIIAR,18,0,development,3,1227,7.564233149418002e-09,0.00209018171976196,0.0010450946419975548,4.576428866382262e-05,0.0014736874972394328,0.050355558880714676,0.011645257689549415
neg_775,RPPGWSPFR,9,0,development,3,830,0.027942872047268173,0.010775192554690326,0.01935903230097925,0.017387491677894447,0.015838777899144573,0.20959524496129878,0.005097554854092482
neg_776,FLSLALAALPKFLCLVFKKC,20,0,development,5,1004,1.1752745160214296e-11,5.043984459074274e-11,3.109629487547852e-11,1.0000000000000008e-06,4.097440154161843e-11,0.005214380949955825,6.039918601902732e-08
neg_778,VDWKKIGQHILSVL,14,0,development,4,1228,9.374388709226787e-07,6.8121629724298046e-09,4.7212551694755423e-07,1.0000000000000008e-06,2.23549484901296e-07,0.006074063854684677,4.724724095574881e-06
neg_779,AEPRDQFK,8,0,development,5,1229,0.8929156997815902,0.8556348149492917,0.874275257365441,0.8754669964264181,0.8647562041822778,0.7198626303556512,0.5334626667666168
neg_780,GFGSLFKFLGKKVLK,15,0,development,5,1171,6.784384834385124e-12,0.004501650157085744,0.0022508250819350643,6.724137906787826e-05,0.0034002464914716893,0.059572705405981356,0.014390934802718056
neg_781,DVNWPLGWPVGGYPG,15,0,development,1,1230,0.13701395101633723,0.0002732553669884379,0.06864360319166284,0.006544442349166531,0.043309713392098874,0.09746414838160967,0.04104788751915241
neg_782,GLVGTLLGHIGKAILS,16,0,development,2,1231,3.185069231750834e-08,9.086422947689301e-10,1.6379667306138636e-08,1.0000000000000008e-06,8.337217304776957e-09,0.004462528399727788,6.445841729689161e-06
neg_783,CCKYGWTCLLGCSPCGC,17,0,development,3,1232,2.342862873615841e-10,4.2491489777887875e-12,1.1926771816968647e-10,1.0000000000000008e-06,7.209831188323367e-11,0.007700307922887247,1.0383213730376411e-08
neg_784,DRNFLRF,7,0,development,1,53,0.013587797966919495,1.9665084232440835e-12,0.0067938989844430015,0.00011735310119357468,0.004276493506664903,0.018393667586611043,4.0086190118988886e-08
neg_785,QARPPHPPIPPAP,13,0,development,1,53,0.0042518152283276284,3.304818987258037e-05,0.0021424317091001044,0.0003755176280051689,0.0013608225565744712,0.040054687575058166,7.817755557553326e-05
neg_786,NGRCCHPACARKYNC,15,0,development,2,804,4.385372337884973e-07,1.6365092855105156e-09,2.200868715370039e-07,1.0000000000000008e-06,1.0652774310848359e-07,0.004462528399727788,4.268779045801601e-06
neg_787,AFSSWG,6,0,development,4,1233,0.9433591328430376,0.002116625953262957,0.4727378793981503,0.15821784418410384,0.2213263031376062,0.2128526242785714,0.001367889282414054
neg_788,AGPVSKLVSGIGL,13,0,development,5,1234,0.0004903492436393823,2.1441488131910354e-06,0.0002462466962262867,3.24319529503074e-05,0.00012159165429671413,0.011986099072172384,0.0027038038921440408
neg_790,QWPDPSSDIPP,11,0,development,1,53,0.0013614744549934666,1.3474580986667871e-07,0.0006808046004016667,3.692196211173844e-05,0.0004285897787024469,0.014382710034941513,2.9388066673375964e-05
neg_791,SGSAKVAFSAIRSTNH,16,0,development,1,1235,5.041667480648603e-06,9.088740542176507e-06,7.065204011412555e-06,6.769227042778357e-06,7.815003494767896e-06,0.014095978663507626,0.0002994201415135811
neg_792,ADRELHRSKA,10,0,development,2,1236,0.0016182670213488238,1.960501186059772e-06,0.0008101137612674418,5.636847401392122e-05,0.00039000376966278537,0.010818158647768342,0.00031826955712649304
neg_793,KIMAKPSKFYEQLRGR,16,0,development,3,1237,8.764284019286172e-09,0.0019093331864430579,0.0009546709753635385,4.37358011028181e-05,0.0013461803639528147,0.04927692622042537,0.0034676959067440473
neg_794,MRWQEMGYIFYPRKLR,16,0,development,4,1238,3.5418714725090667e-09,0.0006983502618403613,0.0003491769018559169,2.6434864244906273e-05,0.0005357095418063986,0.03956731985701589,0.0002839533821031199
neg_795,LNFKALAALAKKIL,14,0,development,4,1001,3.9809389649073874e-08,1.7111760414407198e-08,2.8460575031740534e-08,1.0000000000000008e-06,2.23979007458955e-08,0.006074063854684677,4.437688975755692e-06
neg_796,GLFDIIKKVASVIGGL,16,0,development,4,839,1.0257936529377764e-11,5.46541921801571e-11,3.245606435476743e-11,1.0000000000000008e-06,4.431457322100123e-11,0.006074063854684677,9.532322288282942e-08
neg_797,VIGGDECNIN,10,0,development,3,1062,0.3169394287056577,1.2731106400818034e-07,0.15846977800836087,0.0006807113847594364,0.09348097324117711,0.03423512059985799,2.699453233247252e-05
neg_798,AVPPRYGYTRG,11,0,development,5,1239,2.4287157008984417e-05,0.00038960022897321163,0.00020694369299109803,9.728493221102286e-05,0.00030022030314063767,0.04034581643879607,0.0008328879263389859
neg_799,DCQPCGHNVCC,11,0,development,4,1127,3.90756134278571e-05,5.56523611849133e-09,1.9540589331987798e-05,6.251135170217769e-06,9.104742747754942e-06,0.008542075286475725,7.439819838383169e-05
neg_800,AHRFAAEDFGALDTA,15,0,development,1,1240,1.3470336853346513e-07,4.8940043968933905e-09,6.979868646517926e-08,1.0000000000000008e-06,4.5748961470211824e-08,0.006642723419556829,6.508519191513926e-06
neg_801,PKPPDRG,7,0,development,2,1241,0.764676546394938,0.028600844939497393,0.3966386956672177,0.23624013498841193,0.20531808110476663,0.3049417111539782,0.005533279882771458
neg_802,DVPKSDQFVGLM,12,0,development,1,53,0.14376900084317842,7.833807424408544e-10,0.07188450081327959,0.00040959952809950425,0.04524848008212598,0.023966514004949046,1.5404840665283483e-05
neg_803,CCAPSACRLGCRPCCR,16,0,development,2,787,0.000158463405030072,5.599891702023588e-14,7.923170254303545e-05,1.2589070169165448e-05,3.804393345168809e-05,0.007106072783993803,5.536978707980995e-09
neg_804,VNWKKILGKIIKVAK,15,0,development,5,792,1.6271200068628655e-09,7.523083883525816e-09,4.57510194519434e-09,1.0000000000000008e-06,6.080538148235858e-09,0.005214380949955825,7.396583526595482e-07
neg_805,LDSLSFSYNNFEEDD,15,0,development,3,1242,1.764716634379178e-07,2.8628858715366367e-09,8.966727465472721e-08,1.0000000000000008e-06,5.4068575151430366e-08,0.007700307922887247,2.722109221398749e-06
neg_806,ESGGSGEANGMWFGPRL,17,0,development,2,785,0.00010719234698266234,1.7679211323029067e-12,5.359617437529174e-05,1.0353826620482588e-05,2.573476647618017e-05,0.006855776439134513,1.792227135351212e-07
neg_807,FLPLLAASFACTVTKKC,17,0,development,5,1004,4.3551422193392424e-11,2.8918516757604934e-11,3.623496947549868e-11,1.0000000000000008e-06,3.249870072291847e-11,0.005214380949955825,1.1871123311175314e-07
neg_808,NNQLNASHK,9,0,development,4,1243,0.9984429262531839,0.9498340792365247,0.9741385027448544,0.9910060638328272,0.9611547852021265,0.8435271310021448,0.983336511969703
neg_809,RGSNLTHPLRNIRDLFYVG,19,0,development,2,970,4.649602138653408e-11,3.4287565509949436e-10,1.9468583824301423e-10,1.0000000000000008e-06,2.717207594523925e-10,0.004462528399727788,2.6703877929322538e-08
neg_810,DDAVADGEHAISGVVDS,17,0,development,4,811,0.00019057130621892202,1.494036818440202e-07,9.536035495038302e-05,1.3805888533069514e-05,4.449751108076925e-05,0.009895920985676387,3.880186149223804e-05
neg_811,SPATMGFAGVR,11,0,development,1,53,0.01762298238302334,0.016759637343534264,0.017191309863278804,0.017185984161841462,0.01703135829958701,0.20327028203352462,0.01146810724668337
neg_812,TSSGCPNFESLVR,13,0,development,5,1244,0.013019150382559633,3.2139955413422922e-06,0.006511182189050488,0.0002058594834667413,0.003187779559149523,0.01859212794714873,0.00028408492446563966
neg_813,GYSSASKIIFGSGTRLSIRP,20,0,development,1,1245,1.2510357868201649e-10,1.5999742068604866e-08,8.062422823643441e-09,1.0000000000000008e-06,1.1003510260721557e-08,0.006642723419556829,9.632886378945849e-09
neg_814,DLYGNIVLSGGSTMF,15,0,development,2,1246,9.832342825126735e-07,1.889491222976492e-09,4.92561886867825e-07,1.0000000000000008e-06,2.3749099104017497e-07,0.004462528399727788,3.67335327462275e-05
neg_815,APVMGFQGMR,10,0,development,1,53,0.3779190617970149,1.237655970045207e-05,0.18896571917835767,0.0027345720696758703,0.1189511103389282,0.05210567243239112,0.0008042170110200193
neg_816,QDGKSSFQKEGGGVR,15,0,development,3,885,3.574799414483815e-05,7.728497624775323e-10,1.7874383497300314e-05,5.979036742431316e-06,1.0544370540584008e-05,0.01163124881792167,8.393359322211801e-07
neg_817,MAATFALHGWWRTS,14,0,development,4,1103,0.00023632653671077383,2.3657975709268462e-08,0.00011817509734324155,1.5374503831075295e-05,5.505716675381485e-05,0.010095487734605694,1.3577136639721777e-05
neg_818,PAPESGFIRDP,11,0,development,3,878,0.0011449840602919677,1.0668666006280697e-06,0.000573025463446298,3.496943350970185e-05,0.00033846379550700174,0.017595613727320287,7.696751529265109e-05
neg_819,AYVSQSGAPWGLGRISHK,18,0,development,3,1247,3.773233768884221e-08,0.0015335208927272843,0.0007667793125324865,3.9188740104334546e-05,0.0010812219748523807,0.04675523892005317,0.009363787593655477
neg_820,SCSCKRNFLCC,11,0,development,3,1134,3.838954879387195e-09,1.1023901236192792e-06,5.531145392493332e-07,1.049947677919949e-06,7.783738463717165e-07,0.007889771564328175,1.0224323094427908e-05
neg_821,MTDTPLSAAEF,11,0,development,4,1248,3.378151444400042e-07,0.018613577362519357,0.0093069575888319,0.0001377004349908998,0.014278666643264385,0.09730026356478866,0.019835990203307
neg_822,MKVFVLNGPNLGRLGKREPA,20,0,development,5,1249,7.30877708935517e-11,3.704528454362702e-12,3.83961496739572e-11,1.0000000000000008e-06,2.068029400771109e-11,0.005214380949955825,2.3428637994843443e-08
neg_823,GKPSRPRPAPIQPRPPHPRL,20,0,development,3,894,6.56941145882591e-05,1.8733271154366323e-15,3.284705729506621e-05,8.105395194976422e-06,1.9376395977831263e-05,0.01247457749265155,4.86145208847938e-10
neg_824,ASSGLISMPRV,11,0,development,5,45,0.000312910824362375,2.9968427916756905e-05,0.00017143962613956593,9.684443705642512e-05,9.919499644118273e-05,0.02470919450655097,0.00017738821961810243
neg_825,SDLTWTYQSPGDPTNSKN,18,0,development,1,1250,3.0374672759256693e-07,7.371329068136022e-09,1.5555902833035147e-07,1.0000000000000008e-06,1.0064968587114816e-07,0.006642723419556829,1.3953994156727742e-05
neg_826,VDPGESTFIDEGATGR,16,0,development,3,885,6.107729571643952e-05,1.9610802977896268e-07,3.063670187310924e-05,7.815377964090976e-06,1.8152937306351903e-05,0.012370488820368538,0.00012289427359542165
neg_827,GSSGMISFPRT,11,0,development,5,45,0.00016312762934351233,0.0016682429431773885,0.0009156852862604504,0.0005218728305326814,0.0012999914201847582,0.07245752538710025,0.0026983323592392854
neg_828,AKEKEVTFQSGGPT,14,0,development,2,1251,0.005374878015735853,2.576995954755695e-07,0.0026875678576656643,7.350601632262542e-05,0.001290597872254374,0.009817734548272257,0.0009726172829306184
neg_829,GLVDVLGKVGGLIKKLLP,18,0,development,5,1252,5.162381110319334e-10,1.5024875420044348e-07,7.538249615573771e-08,1.0000000000000008e-06,1.1361420096412566e-07,0.005214380949955825,5.358700875651771e-06
neg_830,MFLGPGGAGGQAFDQAR,17,0,development,3,1253,1.9125768968286144e-06,0.0741794489119925,0.037090680744444667,0.0003913076017751957,0.05230087842513673,0.12502785325584612,0.1116597325285561
neg_831,FIGGIISFFKRLF,13,0,development,2,928,1.3965104475943626e-09,1.5235875359126976e-13,6.983314031739769e-10,1.0000000000000008e-06,3.3539035352646526e-10,0.004462528399727788,6.840031916310781e-09
neg_832,MRRAVILVLDRAGPV,15,0,development,4,1254,1.1821116386532764e-06,0.0031111005533329314,0.0015561413324857924,6.073468310239836e-05,0.0023868193902072707,0.06078501876347076,0.009239299371047744
neg_833,NGCCIVRECC,10,0,development,5,979,0.00010659827967109326,1.0400320684480127e-06,5.381915586977064e-05,1.052973071599367e-05,2.686661497995356e-05,0.008348708936663668,1.9250184060710833e-05
neg_834,KTGVNKPELLPKEETTVIDV,20,0,development,5,1255,7.425462932745514e-10,6.664663014522441e-09,3.703604653898496e-09,1.0000000000000008e-06,5.215718550337444e-09,0.005214380949955825,3.039502461701495e-06
neg_835,TDAVADGVHAISGVVDT,17,0,development,4,811,1.6512971350049268e-06,2.6609919009875966e-08,8.389535270074014e-07,1.2850281199873169e-06,4.049897281842947e-07,0.006364477835897161,3.639580024759761e-05
neg_836,KSTDFDYNNKKANYD,15,0,development,1,1256,5.3871458224622424e-09,0.001803056533337577,0.0009015309602416997,4.2498961105948176e-05,0.0012355814696652777,0.04653622876684272,0.001211851941193072
neg_837,GRTFFVGGNW,10,0,development,2,1257,1.321332205400708e-06,0.022044023743297485,0.011022672537751443,0.00017255086283941232,0.016752006305417805,0.09396972660094507,0.051384324702423746
neg_838,CCDRIACRFGCVPCCT,16,0,development,2,787,2.6428548266598906e-09,1.8538943432372147e-14,1.3214366828016616e-09,1.0000000000000008e-06,6.345113274963844e-10,0.004462528399727788,1.8913387981205876e-09
neg_839,RRWCFRVCYKGFCYRKCR,18,0,development,3,827,8.217739474583083e-10,1.060059887803524e-14,4.108922740285932e-10,1.0000000000000008e-06,2.423886599962503e-10,0.007700307922887247,2.8774182096101645e-11
neg_840,QANQDFMRF,9,0,development,1,53,0.05699249740976863,4.131154523038279e-07,0.02849645526261047,0.0002457789777995829,0.01793755634738072,0.021513806958125974,3.955558576372239e-05
neg_842,ALAGDHFFRF,10,0,development,1,53,1.2516816884726698e-05,2.8619602838961103e-09,6.259839422505297e-06,3.5379227671439365e-06,3.941384382423346e-06,0.008711538542707871,1.9255287772644887e-05
neg_843,STHTSDFLKL,10,0,development,3,1258,1.755322003892104e-05,8.85322097629416e-09,8.781036629948667e-06,4.189677627971107e-06,5.183542015433445e-06,0.010716757060653654,7.240947884306087e-05
neg_844,IFFEV,5,0,development,4,1259,0.6542268197525136,0.9942434690795826,0.8242351444160481,0.9475817845743405,0.9150556514972883,0.8560608682872126,0.9985835609156571
neg_845,APQPYAFGL,9,0,development,1,53,0.9976948949214689,3.440536303352675e-06,0.4988491677288861,0.03715553086432601,0.31400730160166157,0.07377268117087302,0.0010005851732526932
neg_846,PSATYFVR,8,0,development,1,53,0.20720659271682873,1.20602719280517e-07,0.103603356659774,0.0005109754282061311,0.06521430279861448,0.025111413986443277,6.054752911449498e-05
neg_847,VPPGFTPFRQ,10,0,development,3,830,0.0273213012406882,7.720343312479794e-07,0.013661036637509725,0.0001675689020742271,0.008058927555690563,0.024936028295363222,0.0002544314401643264
neg_848,APEESPKRAPSGFLGVR,17,0,development,2,1056,0.00020118654168892877,0.024126867747576244,0.012164027144632586,0.0022255089340534615,0.018382784295676448,0.14514941078603813,0.011417499253819715
neg_849,GLFDVIKKVASVIGGL,16,0,development,4,839,8.664635964160293e-12,8.279450752341173e-10,4.183048555991388e-10,1.0000000000000008e-06,6.371396246714752e-10,0.006074063854684677,5.078917348779487e-07
neg_850,DEPDGVPTRQKQ,12,0,development,4,1006,0.9957814650084673,4.619728323978408e-08,0.49789075560287527,0.015131420164673304,0.23191150553528517,0.03587663135645882,9.383144565031815e-05
neg_851,FLSAITSLLGKLL,13,0,development,4,839,1.5252753983227512e-08,2.7986255830965163e-09,9.025689783162014e-09,1.0000000000000008e-06,5.699116632131539e-09,0.006074063854684677,1.5091404450691496e-06
neg_852,FLPILINLIHKGLL,14,0,development,5,1260,1.4905197514183177e-07,1.304074400266208e-06,7.265631877040199e-07,1.1419607815275744e-06,1.021478931843754e-06,0.005638397507991865,0.0009513781866393533
neg_853,LVALDTEFANR,11,0,development,1,1261,0.49563862282509713,0.00010576613313160705,0.24787219447911438,0.010092587365494683,0.15606503550656045,0.09276931191587252,0.0032619293305625424
neg_854,GIGSALAKAAKLVAGIV,17,0,development,2,973,1.5034539826351914e-08,1.7694735176661152e-10,7.605743589059262e-09,1.0000000000000008e-06,3.7439618218639665e-09,0.004462528399727788,1.5605622796409261e-06
neg_855,GLLDGLLGGLGL,12,0,development,4,839,0.00464810374976368,4.408776806661759e-05,0.0023460957589151485,0.0004535458483279701,0.0011163351960268159,0.0390601841151191,0.0008437442288025916
neg_856,QFNEYGHMRF,10,0,development,2,912,7.156361068582761e-06,1.991169409459729e-06,4.573765239021245e-06,3.7748576146830616e-06,3.2312298984274928e-06,0.006615526830703019,0.0006019622561425385
neg_857,GSSGLIPMPRV,11,0,development,5,45,1.2016374409285974e-05,1.6678288110902925e-05,1.4347331260094449e-05,1.4156716810468532e-05,1.5537673298933683e-05,0.015190314071802671,0.00131575142437765
neg_859,VEIIANDQGNR,11,0,development,2,1262,0.9915775097740618,0.0003568322469404821,0.49596717101050114,0.17012407866262205,0.2383293372706814,0.13424107084083792,0.007362672592925002
neg_860,GLFDIIKKIAESF,13,0,development,4,839,3.3458739165845095e-10,1.7156820264537794e-10,2.530777971519144e-10,1.0000000000000008e-06,2.0953438408834371e-10,0.006074063854684677,5.376117835137544e-07
neg_861,MLGFLPLP,8,0,development,3,1263,0.6709374579602178,0.2819535739304363,0.476445515945327,0.4722331339856612,0.39668387835239605,0.5174233957547135,0.6987862007595189
neg_862,GDCPWKPWC,9,0,development,4,1264,1.1744559439074681e-07,1.8334664974386444e-10,5.881447052024534e-08,1.0000000000000008e-06,2.7493013696289562e-08,0.006074063854684677,7.884756718627525e-07
neg_863,LECNKLVDIAYITCPAGKNL,20,0,development,4,977,1.5076282986390986e-11,1.8893157420967083e-11,1.6984720203679034e-11,1.0000000000000008e-06,1.8004230490306712e-11,0.006074063854684677,4.9558179598831906e-08
neg_864,MKTNPL,6,0,development,5,1265,0.8260417762601222,8.749293851410962e-05,0.41306463459931814,0.019976550261613737,0.202170961201624,0.08276961156344916,0.0025296271212628366
neg_865,QTSFTPRL,8,0,development,4,991,5.245707602361687e-07,1.219240535069752e-06,8.719056476529604e-07,1.1041922605714423e-06,1.0574561532804339e-06,0.0064328848998748646,0.00027515756471062195
neg_866,GMASLLAKVLPHVVKLIK,18,0,development,1,1266,6.002009978096916e-08,3.166131751874391e-11,3.002588054924395e-08,1.0000000000000008e-06,1.891184838739123e-08,0.006642723419556829,4.866845336192846e-07
neg_867,QNPNRFIGLM,10,0,development,1,53,0.004877021955895022,2.0470014740618593e-05,0.00244874598531782,0.0003166394076087763,0.0015489746985125371,0.035960904499883733,0.0006075258755501102
neg_868,GCCSYPPCFATNSGYC,16,0,development,3,854,3.4981719637526e-08,6.061640865063559e-09,2.052168025129478e-08,1.0000000000000008e-06,1.4591581507071335e-08,0.007700307922887247,1.6366933703008098e-06
neg_870,DGCPPHPVPGMHPCMCTNTC,20,0,development,2,1267,7.810480721941776e-07,1.9446255951663006e-08,4.0024716407292026e-07,1.0000000000000008e-06,2.0229180805819983e-07,0.004462528399727788,6.174491178121056e-05
neg_871,GCCSDPRCKHEC,12,0,development,3,1003,1.7724148558601962e-09,2.1454004762683584e-11,8.969344303114399e-10,1.0000000000000008e-06,5.378976923422207e-10,0.007700307922887247,2.799378706909462e-07
neg_872,SGLQFAVMDGQGFLPFPRV,19,0,development,5,855,1.5334776196440034e-05,3.4567689473707025e-09,7.669116482693702e-06,3.915980922747845e-06,3.754519346524611e-06,0.006821444620715544,1.8861955619805075e-06
neg_873,SATAAREEYQRKRSQFIEIG,20,0,development,3,1268,1.6329808866058957e-07,0.0006379618030891436,0.0003190625505889021,2.5265340680188605e-05,0.00044984394103146056,0.03784853004704402,0.0010322668663905546
neg_874,GLWSTIKNVAAAAGKAAIKL,20,0,development,4,1269,1.938479271222868e-10,8.544248598876624e-09,4.369048262999456e-09,1.0000000000000008e-06,6.599490874680948e-09,0.006074063854684677,8.474623371168976e-07
neg_875,IKITTMLAKLGKVLAHV,17,0,development,2,853,7.33769153859195e-06,1.9809038754889114e-07,3.767890963070421e-06,2.708821323968903e-06,1.9121675948795595e-06,0.0053596615000199,1.17097640270348e-05
neg_876,FHGGSWYRFPWGY,13,0,development,5,1270,0.16599675105023326,1.2671359533360019e-08,0.0829983818607964,0.0004459358924257992,0.04061387870406964,0.017237923271424864,6.218783120806937e-05
neg_877,QLWPRPQIPP,10,0,development,1,53,0.0002167740405312008,0.005469771993551036,0.0028432730170411184,0.0010908181015558869,0.003816493685746801,0.10496887085952533,0.0020996250835970407
neg_878,QGRAPHPPIPPAP,13,0,development,1,53,0.010974333079854915,2.2323706463207234e-07,0.005487278158459774,0.00010532701084930285,0.003454109553566229,0.017976244908876282,6.629002013891802e-06
neg_879,AEPLASQLKEPIAGGGWWAA,20,0,development,1,1271,7.393929190142874e-08,0.038446655587626034,0.01922336476345897,0.0001999198773129485,0.026346346389547203,0.09984674162033783,0.6715411446294642
neg_880,LAAGKVEDSD,10,0,development,2,1272,0.28362520602836633,1.729361738871043e-07,0.1418126894822701,0.0006288242771262996,0.06809294091673661,0.01452754558995973,0.0013300170805013148
neg_881,ITCPQVTQSLAPCVPYLISG,20,0,development,3,1273,4.1354131959569835e-05,0.00261887144812289,0.00133011279004123,0.0003294214407972605,0.0018586359769956354,0.07967204895996724,0.029399677601085607
neg_882,IVGGQEATPHTWVHQVALFI,20,0,development,4,1274,2.348632852908174e-06,1.7890168560017964e-06,2.068824854454985e-06,2.049815582474956e-06,1.9193480311570715e-06,0.007781808765696305,6.829183385605991e-05
neg_883,GLLDMVTGLLGNL,13,0,development,4,839,2.0997850552192932e-07,0.00024472877087429045,0.00012246937468990619,1.564548698096521e-05,0.00018778182558833962,0.029454071519421927,0.004322884661887539
neg_884,GSTGLIPFGRP,11,0,development,5,45,3.372159673261924e-08,8.705962848062629e-05,4.3546675038679454e-05,9.330898711383415e-06,6.576729130535929e-05,0.01929096949300835,0.0011806436686450615
neg_885,ALSVPVFAVAPLNKK,15,0,development,5,1275,4.0779403210355746e-08,0.2192503316610382,0.1096251862202207,0.0005296443696151203,0.16560709729112283,0.17701286669670666,0.22034287169462743
neg_886,GKWMSLLKHILK,12,0,development,2,1276,1.4805318513851236e-05,4.096617806232585e-07,7.6074901472372475e-06,3.847783593603007e-06,3.865774603869332e-06,0.005716630168883258,3.4766578490243154e-05
neg_887,GVCDMADLA,9,0,development,1,1277,0.0003379713301230099,0.6850517016441882,0.3426948364871556,0.026401894668235497,0.4695514544504524,0.3751757298168723,0.8127185242817357
neg_889,FLSLIPHAINAVGVHAKHF,19,0,development,2,875,5.843314779355876e-10,2.672395345397149e-07,1.3391193300882525e-07,1.0000000000000008e-06,2.0322088754322942e-07,0.004462528399727788,0.00026109537746683083
neg_890,GLTDQKSAPPGL,12,0,development,2,1278,0.01819106989318938,0.999965373051809,0.5090782214724991,0.9585601325248719,0.7642607559190598,0.952005452987537,0.9931229024338283
neg_891,HTAGFIPRL,9,0,development,5,45,0.9612177916097886,8.623262886541529e-07,0.48060932696803865,0.004953795759627896,0.23517858916324852,0.027500722393639442,0.009302850646925579
neg_892,QQWPPGHHIPP,11,0,development,1,53,0.0020705056861673745,0.0005406253309455316,0.001305565508556453,0.0010582641039436741,0.0010221252339428397,0.07490012948296526,0.0036303009889394884
neg_893,EQWQPQLHR,9,0,development,3,1279,0.9110978605024413,0.9996118512629624,0.9553548558827019,0.9938822473085586,0.9735047616829232,0.9217490733280458,0.9921110451076035
neg_894,QSAPGNEAIPP,11,0,development,4,1280,4.059464102371422e-05,0.9569661772105916,0.47850338592580766,0.029169560347639022,0.7341040067188804,0.5444980017197167,0.35568505267092027
neg_895,DYPKLTFTTS,10,0,development,5,1281,0.9972602952944005,0.8246661351402861,0.9109632152173432,0.9764022705856072,0.8668941702630499,0.7771535566123533,0.8869229812527414
neg_897,AGDVIYIVR,9,0,development,1,1282,0.9837343414122859,1.308724203128337e-06,0.4918678250682445,0.008818216418328669,0.30961202971805146,0.04746648696185112,0.0001607054405713123
neg_898,SPALADEHNDNFLRF,15,0,development,2,1163,9.345533891179267e-08,1.5011215572933758e-10,4.680272553376101e-08,1.0000000000000008e-06,2.2550854035270115e-08,0.004462528399727788,2.2937161194538408e-07
neg_899,GCIGRNESQKKDNVYKFKE,19,0,development,2,1283,1.305212149609452e-08,6.082996483966375e-05,3.042150848057992e-05,7.799536988630799e-06,4.6229025416710106e-05,0.01582007459883168,0.0006340637034816863
neg_900,QKNDKKDRFYGLM,13,0,development,1,53,1.7523135992738242e-08,3.643076790085519e-11,8.779783380319549e-09,1.0000000000000008e-06,5.540029033453319e-09,0.006642723419556829,5.378000010003503e-07
neg_901,GSGFSSWG,8,0,development,5,954,1.95738800662025e-06,7.034475379613698e-06,4.4959316931169745e-06,3.710689877289043e-06,5.79228141594385e-06,0.009882763315204941,0.0001477095719078948
neg_902,FFSLIPSLIGGLVSAIK,17,0,development,4,839,8.081370761398802e-10,9.335483109128475e-07,4.6717822399449365e-07,1.0000000000000008e-06,7.163187755838007e-07,0.006074063854684677,2.3551423864402533e-05
neg_903,NTFYCCELCCNPACAGCY,18,0,development,3,1284,1.1545631237889838e-08,2.366686693901967e-06,1.1891161625699284e-06,1.5384041666465731e-06,1.672040817376605e-06,0.00954389487404758,2.0074592236027663e-05
neg_904,PIFTFASNVPADTITGFFL,19,0,development,4,1285,1.1547128238519819e-07,0.0750354248215918,0.03751777014643709,0.0002847391351796618,0.05756015588748821,0.14134577435090467,0.04750353319061635
neg_905,ADYLQLAR,8,0,development,5,1213,0.9947006111957262,0.00016090311674520744,0.4974307571562357,0.14806631313165505,0.24349160263891745,0.13459923965242093,0.002300416657670235
neg_906,TDAVANGVHAISGVVDS,17,0,development,4,811,3.2692149901324744e-07,2.76601639314138e-06,1.5464689460773137e-06,1.6631348741134576e-06,2.1979659699506844e-06,0.008152863475821283,0.00024633108835522653
neg_907,FRPALIVRTKGK,12,0,development,4,799,6.492531194030977e-08,0.00016015907286014402,8.011199908604216e-05,1.2656256690904872e-05,0.00012287411585250847,0.026120072475051742,0.0010846856371026033
neg_908,VVGGDECNINEHPFLV,16,0,development,4,1035,4.5223322984890756e-05,2.4713967694406657e-07,2.2735231330917412e-05,6.7249390463770255e-06,1.0721820273868508e-05,0.008658814221685483,0.00021844102127408307
neg_909,VVGGDECNINEHRSL,15,0,development,5,1113,5.022616430815281e-06,2.3394649788277825e-08,2.523005540301779e-06,2.241121185382427e-06,1.246537499854527e-06,0.006112217013072105,2.543022290943561e-05
neg_910,VAAGRPRF,8,0,development,5,1286,0.9494459655149067,2.0738081403602697e-05,0.4747333517981551,0.019353455121997057,0.23231342871879448,0.06324390425046755,0.006875081348840925
neg_911,GHADNFMRF,9,0,development,1,53,0.027721336925730755,1.6661011089606327e-09,0.013860669295915931,0.00016882571549293099,0.008724749449748548,0.019868802739917937,1.929325742607252e-06
neg_913,ADDINPKEECFFEDDYYEFE,20,0,development,4,1287,8.699695623708606e-08,7.793922356519309e-06,3.940459656378198e-06,2.7917642053548307e-06,5.99902612445026e-06,0.010993839735286665,8.667661907869266e-06
neg_914,FLSLIPHAISAISAIANHL,19,0,development,2,875,7.987223913791883e-09,3.6140071093167735e-07,1.8469396742273462e-07,1.0000000000000008e-06,2.7655311369970744e-07,0.004462528399727788,7.05023764190929e-05
neg_915,ECCHPACGKHFSC,13,0,development,2,804,4.275102930259084e-09,1.8391612295311253e-09,3.0571320798951047e-09,1.0000000000000008e-06,2.4239827145512085e-09,0.004462528399727788,6.81890594920448e-06
neg_916,PGGGVSGALSSLVQSLVR,18,0,development,1,1288,0.0013180686679181034,6.054409745984666e-10,0.000659034636679539,3.632786390178091e-05,0.000414836734331955,0.014333070780768602,1.2471137100027748e-05
neg_917,SGFVLKGYTKTSQ,13,0,development,1,1289,7.444850995906436e-05,1.5825166402405608e-09,3.72250462378523e-05,8.628606060156421e-06,2.343229604899154e-05,0.010544181962699151,2.8485497372336356e-06
neg_918,TDSIKETIKETVNHQAEWPY,20,0,development,2,1290,1.1844921971524996e-05,0.0032873291410792844,0.0016495870315254048,0.00019761479120719813,0.0025009500809375753,0.06531603254967457,0.07757958812271797
neg_919,RLRSKGKK,8,0,development,3,1291,0.0021400964818942894,1.844018061272319e-05,0.0010792683312535064,0.0001988300952928699,0.0006442200221913697,0.03793419277002453,0.0006197716387004785
neg_920,AGVDPAIPAYVKTNG,15,0,development,4,1292,0.0006082356721001219,0.2152556330780169,0.1079319343750585,0.012755745181266402,0.16526555469822626,0.2997535532776256,0.031062674908182528
neg_921,LPPWIG,6,0,development,5,1293,0.32758632441981334,0.10063939229725324,0.21411285835853328,0.18928983877572134,0.15616573810245055,0.37456783363544754,0.034254207776334
neg_922,MREIEHIPPP,10,0,development,1,1294,0.003123498804734051,0.11844410026471432,0.06078379953472418,0.02010532867322814,0.08214919770776243,0.2674941223637668,0.013182344851672299
neg_923,CCGVPNAACHPCVCTGKC,18,0,development,2,1098,7.487437037218164e-06,1.014263512685848e-09,3.7442256503654246e-06,2.736322278255734e-06,1.7983564916531285e-06,0.005369618224196979,7.445933111338417e-06
neg_924,RVSNLTIHPLRNIIDLRYVG,20,0,development,2,970,8.80538057549933e-12,5.923941881976991e-11,3.402239969763462e-11,1.0000000000000008e-06,4.713120246436217e-11,0.004462528399727788,1.0750338067704219e-08
neg_925,DSSNLPPNQKQIVD,14,0,development,2,1295,0.00018678255198817332,0.0029808104288868075,0.0015837964904374905,0.0007467920509775091,0.002310019526269121,0.08041444779651938,0.04138133041593065
neg_926,NYDKNFYEDTLP,12,0,development,3,1296,0.020325643157895444,6.075916357023645e-09,0.0101628246169059,0.00014401871918196576,0.005995027015671264,0.024092648065023294,2.8913908598045162e-05
neg_927,LKLKDILGKIKVILSHLNK,19,0,development,4,1297,1.4538882447332832e-11,6.020416338321594e-14,7.299543305358023e-12,1.0000000000000008e-06,3.4322006142959834e-12,0.006074063854684677,5.811562606425751e-10
neg_928,AMRNALVRF,9,0,development,5,1298,1.5497887489643618e-05,3.252200822587122e-07,7.911553785951166e-06,3.9367526149803555e-06,4.0374658014241405e-06,0.006828544506806566,0.0001329503021180597
neg_929,DPWDWV,6,0,development,1,1299,0.0336192083508099,0.9779084081998044,0.5057638082753072,0.5537611931480486,0.6807118617007379,0.6877358970620625,0.7049926048133519
neg_930,SQISLRGSNLTI,12,0,development,2,1300,0.20370719022087908,0.8634447305856149,0.533575960403247,0.5598266490383214,0.7050547789852541,0.6480529440586232,0.10207452071550259
neg_931,FLPPCAYKGTC,11,0,development,3,1301,8.725897925523974e-06,0.904614668102484,0.4523116970002048,0.009014986092526798,0.6378022900269527,0.36141164752413296,0.5266223849417588
neg_932,RPPGFSPFRVAPAS,14,0,development,3,996,3.3648401909403843e-06,2.269676433385852e-11,1.682431443852359e-06,1.8343507116542122e-06,9.924713592431048e-07,0.008858372366826009,1.6394268722715897e-07
neg_933,SFKKGLFLGTILGGA,15,0,development,4,1302,1.107218601566352e-09,9.99886295021091e-07,5.004967568113287e-07,1.0000000000000008e-06,7.67276699387901e-07,0.006074063854684677,0.00012033372087606636
neg_934,AEYFQHWGQGTLVTVSS,17,0,development,5,1303,4.333381903012882e-05,0.032147376522843385,0.016095355170936756,0.0011983131149331842,0.02429258791546061,0.1423822073885287,0.02797066165367976
neg_935,NNNARLMFGDGTQLVVKP,18,0,development,1,1304,3.464591733446098e-08,7.175455264937739e-09,2.0910686299699358e-08,1.0000000000000008e-06,1.582124562143177e-08,0.006642723419556829,7.015817961523869e-08
neg_936,INWKALLDAAKKVL,14,0,development,4,1001,8.776005031142525e-09,1.9032894769030845e-10,4.483166989416417e-09,1.0000000000000008e-06,2.1898808898162054e-09,0.006074063854684677,8.112436245128523e-07
neg_937,ILTGKLKCK,9,0,development,2,1305,0.9049939802949316,0.9346403719448214,0.9198171761198766,0.9210807515129711,0.9275228589169052,0.7682182353028405,0.8025147007193278
neg_938,FKGGGPYGQGVTRG,14,0,development,3,1306,0.013231876215218423,0.28278272082928463,0.14800729852225153,0.06778306596651891,0.20327904026703172,0.3742080266869301,0.756492611690795
neg_939,HKTDSFVGLM,10,0,development,1,53,0.2087471848660966,1.4857071267372798e-09,0.10437359317590186,0.0005133692907567935,0.065699092401901,0.02513617963930777,0.0003107348372066579
neg_940,LDYDHEEEDGRTKVTFDAR,19,0,development,4,943,6.167737641083557e-10,1.2811102781604858e-07,6.436390079007847e-08,1.0000000000000008e-06,9.841838849195423e-08,0.006074063854684677,5.442189805675176e-06
neg_941,TQSTGTSQTIAVGLWGGPDN,20,0,development,4,1307,3.084505466735399e-06,1.3432293626144565e-10,1.5423198948358303e-06,1.7562765246204726e-06,7.184656751645888e-07,0.006745634149445663,7.4701980999671075e-06
neg_942,FLAKKLAKHLAKKQAES,17,0,development,2,976,2.8772678426322315e-08,5.864750600666501e-10,1.4679576743194482e-08,1.0000000000000008e-06,7.35342572428232e-09,0.004462528399727788,6.05475519962555e-07
neg_943,MMKLVIILIVLLLVSFAAY,19,0,development,4,1108,3.6991679414334957e-10,9.501561407052084e-10,6.60036467424279e-10,1.0000000000000008e-06,8.150219123650783e-10,0.006074063854684677,1.1551968326429272e-07
neg_944,QETQYFGPGTRLLVL,15,0,development,5,1308,9.741935015218158e-05,5.8584163302807005e-08,4.873896715774219e-05,9.870512433401827e-06,2.387951670288823e-05,0.008180396747202754,2.0306710194698445e-05
neg_945,GLEETYCSMKIK,12,0,development,3,1218,0.17539719930994555,1.0397329598027208e-06,0.08769911952145268,0.00047005195897256003,0.0517339150753468,0.03165517586662054,0.001331950301087136
neg_946,VPPKGVSM,8,0,development,1,1309,0.9999842893701792,0.9999281763015092,0.9999562328358442,0.9999664080589321,0.9999458367917751,0.97962516653605,0.9996395872639865
neg_948,TAANVKIFNTEEVQNFINLL,20,0,development,2,1310,3.1675757906237243e-11,3.1177252106201265e-10,1.7172413948412495e-10,1.0000000000000008e-06,2.4452682099902385e-10,0.004462528399727788,8.569806691457998e-07
neg_949,FPLPCAYKGTYC,12,0,development,3,1311,0.00016042635559778887,0.0017562500659120655,0.0009583382107549272,0.0005310273520583514,0.0012855638817149831,0.08396975139021566,0.15403524414594502
neg_950,MGQEQDTPWIL,11,0,development,3,1312,0.00736001978870228,0.9873807469709677,0.49737038337983497,0.43235807619709327,0.6983248734869054,0.6783873439243345,0.9481347076150177
neg_951,FLPIVGKSLSGLSGKL,16,0,development,4,1313,4.444367447412972e-05,3.4305498834106673e-09,2.2223552512006565e-05,6.6667159558625985e-06,1.0353294111419652e-05,0.008644837606101649,7.626066592905499e-05
neg_952,IINDFTNLVNQVEPLK,16,0,development,5,1314,9.701583689581111e-08,0.002895483296301053,0.0014477901560689744,5.388489051486992e-05,0.0021870788321162074,0.05263668874175195,0.002891687279262426
neg_953,GCCRFPCPDSCRSLCC,16,0,development,1,1315,1.7208929544535817e-09,3.5555117453760364e-12,8.622242330994789e-10,1.0000000000000008e-06,5.440538646101923e-10,0.006642723419556829,2.294471328912782e-08
neg_954,PKVSPRWPPIPP,12,0,development,2,1316,2.4393842604480893e-06,0.0011005089702140443,0.0005514741772372462,5.1838690469650396e-05,0.0008368841528709765,0.04117906544878212,0.003954979186347408
neg_955,SIYVGNLSYD,10,0,development,3,1317,0.23822349525691836,1.6624665007632879e-06,0.11911257886170956,0.0007205137843614357,0.07026489063126776,0.03704526585454851,0.0005787956218558538
neg_956,AGPSATTGVWFGPRL,15,0,development,2,785,0.00044468404033267414,4.884752936860062e-12,0.00022234202260871353,2.1091788699720285e-05,0.00010675985792132597,0.007811303836340395,2.267635505984144e-06
neg_957,PAASESGFRRDP,12,0,development,3,878,0.0015227063551700396,1.5066153087912418e-08,0.0007613607106615638,3.9050108168567e-05,0.0004491309352213443,0.01789138795787638,4.292297612330697e-06
neg_958,APPGFTPFRSK,11,0,development,3,830,3.7489030218650695e-05,4.892313307408483e-06,2.1190671763029587e-05,1.3542927558531248e-05,1.4506673716481196e-05,0.017330109692830577,0.0006012321454488772
neg_959,INWKKIFEKVKNLV,14,0,development,4,1318,4.4695526823864234e-07,2.3757311101174248e-07,3.422641896251924e-07,1.0000000000000008e-06,2.863369468541511e-07,0.006074063854684677,3.8425122523509715e-06
neg_961,PYLLNLPPEK,10,0,development,5,1319,0.9999782643226277,6.138874333736912e-05,0.5000198265329825,0.6269502857300587,0.24470770182891924,0.1677614993552276,0.003604783437948592
neg_962,QHWSYGLQPG,10,0,development,5,1320,0.0004036204387137892,0.0062723702620119,0.0033379953503628445,0.0015939093582476008,0.004836482898015021,0.11241099770457154,0.0029334810335762355
neg_963,IVGGTEVTPGEIPYQLSFQD,20,0,development,1,1321,7.409237251452132e-07,4.550854791657794e-10,3.7068940531218946e-07,1.0000000000000008e-06,2.3350309930247582e-07,0.006642723419556829,1.988286404676798e-06
neg_964,GVVPHDFRI,9,0,development,2,1322,0.0024148259754912583,0.0023220514553699747,0.0023684387154306163,0.002367985489364405,0.0023443247850695897,0.09296486099392025,0.0065046803143090585
neg_965,SGGGEGSGMWFGPRL,15,0,development,2,785,0.0001366866950935164,7.152243381687794e-13,6.834334790437037e-05,1.1691976775078083e-05,3.2815776053735316e-05,0.007010363442240285,2.169231739638054e-07
neg_966,MSRLFFVCRKVR,12,0,development,3,1323,4.920255177624486e-09,0.0019077271254313443,0.000953866022843261,4.3717368389860976e-05,0.0013450468748129499,0.049267000608212895,0.0026374633825672405
neg_967,GPMEDPLEIIRI,12,0,development,4,1324,0.0020001166071687768,0.9883480841765547,0.49517410039186177,0.2919376976645224,0.7586336184786742,0.7178658117323403,0.5715243011955764
neg_968,GRREDDYDNLQL,12,0,development,5,1325,0.004116752930134091,0.0008419423766821455,0.002479347653408118,0.0018628911410515992,0.001643179306993601,0.08074488914030079,0.013331939519073972
neg_969,PCCSKLHDNSCCGL,14,0,development,5,840,1.3091360560883176e-10,2.8199593416620632e-11,7.95565995127262e-11,1.0000000000000008e-06,5.333028677600011e-11,0.005214380949955825,7.410355278265406e-07
neg_970,LNWGAILKHIIK,12,0,development,2,1276,0.21234065699758664,0.0015289383054269713,0.1069347976515068,0.019913114072927895,0.05214066778497142,0.12208807754930118,0.00543430190790224
neg_971,FPPWM,5,0,development,3,900,0.9999663052118933,0.9996856840408204,0.9998259946263568,0.9998970810226815,0.9997684529001647,0.9691545872205217,0.9816326835803183
neg_972,ATKGSSDNRVLTGV,14,0,development,1,1326,0.00021880823006826695,1.8061153457207754e-09,0.00010940501809180633,1.4793574995820861e-05,6.886684614865096e-05,0.01183241235024318,4.978771440548106e-06
neg_973,SESNTCG,7,0,development,2,1327,0.09428909399931078,0.0018869072044459397,0.04808800060187836,0.013834740800658238,0.024070847027113696,0.1197096436285243,0.008927262655482044
neg_974,GLFDAIGNLLGGLGL,15,0,development,4,839,2.1709703894717705e-07,3.5964617517271303e-09,1.1034675034945209e-07,1.0000000000000008e-06,5.331945265269615e-08,0.006074063854684677,3.4281611023861413e-06
neg_976,MLTYTGTVINVQTFAAKPDP,20,0,development,3,1328,5.6994960112362274e-09,0.0023516703701100656,0.0011758380348030385,4.854881298804662e-05,0.0016580498510212567,0.051794380283622786,0.0004247349837968689
neg_979,LHSNLEYQYRYSGRVASGIP,20,0,development,4,1329,2.0479876270410274e-08,5.811299175980966e-07,3.0080489693425343e-07,1.0000000000000008e-06,4.5055791976202435e-07,0.006074063854684677,2.5412612459586488e-05
neg_980,QPFSLERW,8,0,development,5,1330,0.001015960854712585,0.8900256354766676,0.44552079816569007,0.08317647101398296,0.6725146158054854,0.5359119006630869,0.3310795569072355
neg_981,GLLAFPRV,8,0,development,5,45,0.00109777411099946,1.8886525408910058e-06,0.0005498313817701755,4.55566373393731e-05,0.00027001527738724964,0.012497219737845415,0.00012092513428847374
neg_982,AYERQFYPGATSVAENNIGH,20,0,development,1,1331,3.7667687671057445e-08,8.690720548207894e-09,2.317920410963267e-08,1.0000000000000008e-06,1.781065388886776e-08,0.006642723419556829,1.101068070280068e-05
neg_983,PAPDSSFLRDP,11,0,development,3,878,8.096642962664295e-07,4.4862376969657324e-10,4.05056460018063e-07,1.0000000000000008e-06,2.3912576249008345e-07,0.007700307922887247,8.075431766791564e-07
neg_984,QRWPSPKVPP,10,0,development,1,53,0.00026111522998234905,1.0511903456472629e-08,0.00013056287094290276,1.6160917309030924e-05,8.21881122615549e-05,0.012058014845500783,1.7501270271418046e-05
neg_985,VDDTTPLSEETMMRIGGYMV,20,0,development,2,1332,8.603436700221153e-10,5.486268419564604e-11,4.5760317710888067e-10,1.0000000000000008e-06,2.4824275817102224e-10,0.004462528399727788,4.36836395003364e-07
neg_986,INVLGILGLLGKALSHL,17,0,development,3,1333,1.631754173841905e-09,8.824153373691998e-10,1.2570847556055524e-09,1.0000000000000008e-06,1.1034318790651237e-09,0.007700307922887247,1.1626535393142728e-06
neg_988,IIDYYDEGEEDRDVGVVDAR,20,0,development,4,1334,1.6627591759556613e-08,1.001552084685631e-06,5.090898382225938e-07,1.0007757414557133e-06,7.721691376078259e-07,0.006076792473651898,0.00012241256966976367
neg_989,YCCHPACGPNFSC,13,0,development,2,804,0.0007115562190852274,2.772847152376506e-09,0.0003557794959661899,2.6683807886021545e-05,0.00017083269992453353,0.008155314669359086,4.732919706347495e-05
neg_990,VTLTLPPAES,10,0,development,5,1335,0.9999757423004655,0.9585054453187843,0.9792405938096249,0.9989762745276867,0.9686518439914288,0.8992180846183847,0.9016000341900736
neg_992,VIGGDECNINEHPFLA,16,0,development,4,1035,3.085311422118297e-07,1.5472360236536076e-06,9.278835829327186e-07,1.2438794618768148e-06,1.2587491616601119e-06,0.006892098857394638,0.00044314524229665175
neg_993,QRLGHQWAVGHLM,13,0,development,5,1336,5.5748879720512076e-05,3.7462422806480406e-06,2.9747561000580058e-05,1.4451823403331544e-05,1.6469553418904895e-05,0.011407418977111857,0.0003685054392907652
neg_994,VPASGFFGMR,10,0,development,1,53,6.3251902780974746e-06,1.4305349684515222e-06,3.877862623274498e-06,3.008059443514126e-06,2.97103194179689e-06,0.00889576741816388,0.005660698265026629
neg_995,IVGGVSVAIE,10,0,development,1,1337,0.9995050755156563,0.11133178389633178,0.555418429705994,0.940849635073314,0.3908669464335955,0.6035394642674579,0.09308870920758253
neg_997,YNPASNQCQGF,11,0,development,2,1338,0.9722087965272463,0.9995317432087509,0.9858702698679986,0.996353877413961,0.9929720434225751,0.9465715029677414,0.9950458903886111
neg_998,GSTCLEPKVVGPCKA,15,0,development,3,1339,1.981622798655705e-07,0.00021127191427318967,0.00010573503827652762,1.4536527345436656e-05,0.00014901597818966488,0.02893287785849649,0.07365940916659662
neg_1000,EQSAGFREYIDFFDGYSLTY,20,0,development,4,1340,1.0606376250797855e-08,2.406947373549557e-06,1.2087768749001774e-06,1.5514342091929295e-06,1.848854073899009e-06,0.007831697229803014,6.674684959590107e-06
neg_1001,VIEVVYLRTPFSAGNATT,18,0,development,5,1341,1.6407603136751894e-07,0.011495158912458586,0.005747661494244977,0.00010782549884653894,0.008682717024186123,0.07730890244637625,0.04518782037282161
neg_1002,QWAQWPRPQIPP,12,0,development,1,53,2.284993107100168e-05,7.98069411906116e-06,1.541531259503142e-05,1.3504036715547994e-05,1.2660495467948452e-05,0.016004574254915575,5.874105939832923e-05
neg_1003,SQCCYQICSPC,11,0,development,3,983,3.325614446786293e-05,1.5713168337418178e-06,1.7413730650802374e-05,7.228900614927742e-06,1.0916716654320807e-05,0.012904344847249699,0.0001275088835259866
neg_1006,HPIQNLFQPSLVLDM,15,0,development,1,1342,0.0015612337474603284,2.3544730047024224e-06,0.0007817941102325154,6.067283188770805e-05,0.0004929812183399975,0.018245152565997118,0.0009786640154622371
neg_1007,DDDDLEGFSE,10,0,development,2,1343,0.11938811791913372,0.001437777414993175,0.06041294766706345,0.013779096713895232,0.029755324288812834,0.11350482604302634,0.026794293457549283
neg_1008,TNSKEGEFIAEGGGVR,16,0,development,3,885,0.0003441308739787265,4.691832687265095e-07,0.0001723000286237265,1.8553622584712954e-05,0.00010183176411617609,0.01508770317892,8.915323577455066e-05
neg_1009,MKDTE,5,0,development,3,1344,0.999427800046221,0.9992477179705298,0.9993377590083754,0.9993439047017342,0.9993008329509011,0.9477576072502124,0.9751634062192259
neg_1010,AIKVFHIVAETGIHARPAT,19,0,development,4,1345,4.217823481767567e-08,7.709902389808055e-06,3.8760403123128655e-06,2.7766754809886277e-06,5.924135890260379e-06,0.010959555639883649,0.00012603973513680445
neg_1011,QVTFSRDWSP,10,0,development,3,800,4.350851478921743e-07,1.685564006264761e-07,3.0182077425932516e-07,1.0000000000000008e-06,2.4716871739962015e-07,0.007700307922887247,0.0001236850897433048
neg_1012,CHYIFNTC,8,0,development,5,1346,7.902428821747095e-05,0.6775661872510101,0.3388226057696138,0.012723072961901567,0.5118076720888016,0.3756069920006813,0.7037240700711609
neg_1013,FLSLIPHAINAVSALANHG,19,0,development,2,875,4.663075098609915e-09,1.046822754743545e-06,5.257429149210775e-07,1.0231435653437166e-06,7.966208015129449e-07,0.004526170526805078,6.227337097647445e-05
neg_1014,MIYSTEVSNMAGV,13,0,development,1,1347,0.0009192416109927775,4.793090604241679e-09,0.0004596232020416909,3.0332037489082568e-05,0.00028931659263147023,0.013792343445565203,2.103422458182049e-05
neg_1015,YSQVSRPRF,9,0,development,5,1064,0.04157666148896749,1.1038506033234247e-06,0.02078888266978541,0.00021877942708857105,0.010173256295585577,0.01529497907247289,0.0005666740509932436
neg_1016,VIGGDECNINEHRFLAALYD,20,0,development,4,1035,3.9586225966085596e-11,5.944686658522108e-07,2.9725412603908843e-07,1.0000000000000008e-06,4.560297346521828e-07,0.006074063854684677,1.5752387165251594e-05
neg_1017,GGGGTSGLFAFPRV,14,0,development,5,45,3.084516753948341e-05,3.266467259381888e-08,1.5438916106038617e-05,5.5539001798212774e-06,7.5714565536252404e-06,0.0073065195260954416,2.3194186624265434e-05
neg_1018,PFDRISSSAFSDF,13,0,development,2,999,1.186988821316257e-08,0.00017633007826396826,8.817097407609072e-05,1.3279934800362365e-05,0.00013399955925870032,0.02188860314699513,0.002025070171357018
neg_1019,FLPGLLAGLL,10,0,development,4,839,0.8277693156559714,4.3855376155111405e-05,0.4139065855160633,0.014310683964003961,0.19281610016646486,0.07213199797661307,0.015695236012657078
neg_1020,QGRLGTQWAVGHLM,14,0,development,5,1336,8.667491171475091e-07,8.895727702335213e-07,8.781609436905152e-07,1.0000000000000008e-06,8.839885834725944e-07,0.005214380949955825,1.1644498164588664e-05
neg_1022,KQRSGESQNIIVGSWGAKVS,20,0,development,5,919,0.0016538702885335581,7.143629095870802e-13,0.0008269351446239605,4.0699839292798805e-05,0.00040464690499062903,0.010800432877927202,9.111170462649567e-09
neg_1023,QDPYVDFLK,9,0,development,5,887,0.6057289533734653,0.07761716517829775,0.34167305927588154,0.26446506480503584,0.2068285076752734,0.3814580824446097,0.07610496399990908
neg_1024,FIGAILPAIAGLVHGLINR,19,0,development,2,1202,2.827821099369984e-09,7.952015148156655e-05,3.9761489651332956e-05,8.917686728407322e-06,6.042961278187603e-05,0.017170609158724925,0.0012397696205765376
neg_1025,PFNVGGLDKFGTLN,14,0,development,2,1348,9.576728300027553e-08,0.025497317623884824,0.012748706695583912,0.00016172818079694017,0.019375938304499515,0.09573851905830108,0.013918591144845966
neg_1026,NSTMNSLLQLGR,12,0,development,4,1020,0.5488197215651273,6.977707159763389e-08,0.2744098956710994,0.0011016947859712558,0.1278168415656963,0.022209838876837876,3.142547635669921e-05
neg_1027,GKTKGVTSGLIAFPRL,16,0,development,3,1349,1.7594628028054118e-11,9.587640146882504e-11,5.673551474843958e-11,1.0000000000000008e-06,7.278729144064994e-11,0.007700307922887247,1.7605308958984918e-07
neg_1028,AVVNGVNYVGETTAA,15,0,development,4,1350,1.5152348928713515e-06,5.065207674308335e-07,1.0108778301510924e-06,1.2309488103451142e-06,7.41444175787908e-07,0.0063137253850764725,0.00036356230096474965
neg_1029,QKKDKKDRFYGLF,13,0,development,1,53,1.8180800135963685e-09,3.5401690121040116e-12,9.108100913042363e-10,1.0000000000000008e-06,5.746310756767506e-10,0.006642723419556829,2.463894184586512e-08
neg_1030,QQDYTGAHMDF,11,0,development,3,927,0.00010856543419492504,0.00021301198317265406,0.00016078870868378956,0.00015207281707917835,0.00018220560570555953,0.04900397352339822,0.19904914024414957
neg_1031,ALTEQASKVALTADL,15,0,development,5,1351,8.354591595326344e-07,0.00026239037397455584,0.00013161291656704424,1.6200339484565446e-05,0.0001983966089510004,0.026546659767370653,0.0008241586144750577
neg_1032,ITCCTRGTCAQHC,13,0,development,1,1352,0.000138466573865756,4.048519485824891e-13,6.923328713530398e-05,1.1767864234933603e-05,4.357964469679209e-05,0.011267655095800647,8.051135121245991e-08
neg_1033,MAVKAISGCDKDQELI,16,0,development,2,1353,3.892742859776671e-10,0.0004402107541704091,0.00022010557172234753,2.0985389714696345e-05,0.0003345249410645993,0.02888352401812321,0.0003734186383132469
neg_1035,GVCCGVSFCYPC,12,0,development,3,983,1.9300664891802203e-08,1.5370802942689906e-08,1.7335733917246054e-08,1.0000000000000008e-06,1.652991075221399e-08,0.007700307922887247,1.4976261663445665e-05
neg_1036,CCGPTACIAGCKPCC,15,0,development,2,787,6.0635085325323675e-06,5.717478420628816e-10,3.0320401401872153e-06,2.4624218770219093e-06,1.4561631082370438e-06,0.005266557611786259,1.5215915263060954e-05
neg_1038,YCCHPACGKNFDC,13,0,development,2,804,1.266086821550932e-06,4.973853796790967e-11,6.3306828004445e-07,1.1252052441215232e-06,3.040002340514166e-07,0.004560394143100825,2.437088375872119e-06
neg_1039,GGCCSHPACFASNPDYC,17,0,development,3,854,9.684945347873683e-10,5.490254303693242e-10,7.587599825783463e-10,1.0000000000000008e-06,6.727473119725332e-10,0.007700307922887247,1.5041259986096498e-06
neg_1040,GCPWEPWC,8,0,development,5,838,6.846331063405106e-06,6.124384564460775e-07,3.7293847599255916e-06,2.6165528763147704e-06,2.13766408240668e-06,0.006301350928212167,0.0003141888074188406
neg_1041,AYGESANVFGAP,12,0,development,3,1354,1.129953311796609e-07,0.00100857630771057,0.0005043446515208749,3.1773124106217926e-05,0.0007111313297103839,0.04227427340245797,0.001583671615229689
neg_1042,CCAIRLCNVYLCGSCCP,17,0,development,4,1355,4.298625136907837e-06,2.0182469467747287e-12,2.1493135775773918e-06,2.073313794132401e-06,1.0011252986781796e-06,0.006957234736597887,9.905463060132158e-10
neg_1043,KFCPEGKCV,9,0,development,5,1356,1.1721341313261109e-06,0.13341004478972482,0.06670560846192808,0.0004246116490103689,0.10076934272217905,0.15460051051133705,0.13585992117666373
neg_1044,KETNAKPPA,9,0,development,2,1357,0.0002594482774247759,1.625734872628523e-09,0.00012972495157982425,1.6109236688324228e-05,6.22896419379839e-05,0.007434766487286049,2.76678240137067e-06
neg_1045,KCGVSIPYKISPSTDCSSVK,20,0,development,1,1358,4.079462623232675e-09,4.656390205549157e-05,2.32839907590574e-05,6.823890488390862e-06,3.1910109041208996e-05,0.018172501782723942,0.00011632224375459066
neg_1047,NRNFLRF,7,0,development,1,53,0.0051931228973344295,1.9764381208036516e-08,0.0025965713308578188,7.22459906829565e-05,0.0016344473496739198,0.01659226256137612,4.6044771184341534e-06
neg_1049,GSSGGMIPFPRV,12,0,development,5,45,0.003083895964873389,5.145826860911676e-05,0.001567677116741253,0.000398828393516026,0.0007933946436932888,0.0359604761132326,0.0019952828214446217
neg_1050,QASTDYDDEDESTVPEAR,18,0,development,2,1359,6.918302969597419e-05,4.199497420408737e-06,3.6691263558191464e-05,1.7045391493535175e-05,1.9800759895569626e-05,0.010250106330565372,0.000559770324996013
neg_1051,QGLIAFPRV,9,0,development,5,45,0.6004237759762394,6.897541437112911e-05,0.30024637569530527,0.010078410762425489,0.1469557737950873,0.06980980820547067,0.0003010183489970164
neg_1052,VDFDSESPRRPEIQ,14,0,development,2,1152,0.019233482840065822,9.782646074013982e-08,0.009616790333263282,0.0001400185433794036,0.004617653649844423,0.011045288914039813,1.7011205768664555e-05
neg_1053,APPQPSDNFIRF,12,0,development,4,1360,1.2682148544250618e-06,3.838444345178717e-10,6.342993494297898e-07,1.126150467125676e-06,2.9565400530165056e-07,0.006209965523721087,2.1814515859395866e-07
neg_1054,MATPLVDPAK,10,0,development,3,1361,0.022897859639128913,0.0028597957329600716,0.012878827686044493,0.008131505333048846,0.008769997328369666,0.15623456712797298,0.01001191832888136
neg_1055,GLFDIIKKVASVVGLASQ,18,0,development,4,1159,1.414277276414508e-12,2.80165245287245e-10,1.4078976128182976e-10,1.0000000000000008e-06,2.1524583369544246e-10,0.006074063854684677,5.175463709884038e-07
neg_1056,GGETGGEGKGMWFGPRL,17,0,development,2,785,0.0012186479017581532,1.4273524359367455e-10,0.0006093240222466984,3.492922560411289e-05,0.0002925733976432709,0.008567683086574176,5.140013720116253e-06
neg_1057,AEKLEPVLPLIV,12,0,development,4,1362,0.00042382546173560577,0.5812971052008756,0.2908604653313056,0.023687568945800833,0.4460152376645436,0.39894695905807787,0.47346826273762876
neg_1058,QAIVSKARRPYIL,13,0,development,5,810,7.179609221992142e-07,1.4807845257509052e-13,3.589805351388334e-07,1.0000000000000008e-06,1.75661206130859e-07,0.005214380949955825,1.2298776978119089e-08
neg_1059,VAVKATTTEEETEIPAK,17,0,development,5,1363,7.809636957965055e-07,5.666474118748267e-06,3.223718907272386e-06,2.3804379674427656e-06,4.4711526458269385e-06,0.008684051858447615,0.0011960716556366456
neg_1060,NPYAFGL,7,0,development,1,53,0.9999969562323057,6.898115170222391e-07,0.49999882302191134,0.3643463108225863,0.31472994536134696,0.10520996620950393,0.001991221145763425
neg_1061,DEGCLPDDSSRT,12,0,development,1,1364,0.20767677902226042,0.9973659056130254,0.6025213423176429,0.9087772660363328,0.7488267067445323,0.8287511144484032,0.9819664090193579
neg_1062,MRFYFYSQAVDESGVTR,17,0,development,2,1365,1.5323464296461806e-08,6.749764848228424e-12,7.665107030655018e-09,1.0000000000000008e-06,3.683990371768362e-09,0.004462528399727788,1.4344940545724107e-08
neg_1063,SGPGFMGVR,9,0,development,1,53,0.999690887641577,1.5841343836426237e-06,0.49984623588798033,0.06679559412874497,0.3146342291142331,0.07458692566086116,0.00046158588722028837
neg_1064,INWKGIAAMAKKLL,14,0,development,4,1001,7.942936318661196e-06,8.969317380325477e-05,4.881805506095798e-05,2.6691921949027635e-05,7.065403879015687e-05,0.02676959611053921,0.0003129619321849024
neg_1065,TEEGEFLHEGGGVR,14,0,development,3,885,0.0014186550085355228,9.720984411998591e-06,0.0007141879964737606,0.00011750406023197847,0.0004252842921344661,0.031005816923244996,0.0036454884827458608
neg_1066,AVPDKIDRRESGYV,14,0,development,3,1366,0.0005444016163410857,1.037945322895532e-06,0.00027271978083199063,2.3776892141066254e-05,0.00016130237258378852,0.016049645467585992,0.00013698642710045433
neg_1067,GGPYAFGL,8,0,development,1,53,0.9999830467622096,1.1607425556336092e-05,0.49999732709388295,0.45278866751615593,0.3147330491365053,0.15756403916659822,0.03420418035287425
neg_1068,GLFDIIKKVASVVGGL,16,0,development,4,839,8.664635964160293e-12,1.8925972932694315e-11,1.3795304448427304e-11,1.0000000000000008e-06,1.653616972269593e-11,0.006074063854684677,1.2912032317989144e-07
neg_1069,KFNRPETT,8,0,development,4,1367,0.0012955175341393668,0.5101296624454159,0.25571258998977764,0.03545089528361324,0.3916252729497188,0.4039902471526247,0.7775066052125922
neg_1070,VPPGFTPFRQS,11,0,development,3,830,0.0001834572443263374,4.502378797621807e-05,0.00011424051615127773,9.088633542885655e-05,8.5854560769924e-05,0.03573845773576734,0.0017103103356458794
neg_1071,TRTPVNVTVTGAAGQIGYAL,20,0,development,4,985,0.0005433511856589848,3.717308723689367e-10,0.00027167577869492856,2.331569792199219e-05,0.00012654348431575686,0.010905941790613275,0.00022367824919340088
neg_1072,ESNFKIGMAIR,11,0,development,5,1368,3.0254405462337495e-07,0.8266671952121754,0.41333374887811497,0.0021791031156644697,0.6244093752068833,0.3322184440694934,0.49910093304947223
neg_1073,KMYDFGL,7,0,development,1,1369,0.9921531778108044,0.9948895404451159,0.9935213591279601,0.993666544042113,0.9940283238548842,0.8878015778557223,0.9173522080145197
neg_1074,ALIFATLSAAYIGEALE,17,0,development,2,1370,6.366046944014963e-08,5.910450565017275e-10,3.212575724832568e-08,1.0000000000000008e-06,1.5732768036318637e-08,0.004462528399727788,1.2054494419768646e-05
neg_1075,QKIQEIDLQTYLQPQ,15,0,development,3,1371,0.0001522676257725676,0.00024355858153030292,0.00019791310365143525,0.00019257851069418892,0.00021663242963796713,0.05252395324882863,0.0021825759140097017
neg_1076,EFSPTRKFGGHGDDKKKKK,19,0,development,4,1372,2.8895139242743284e-09,3.8681004989420035e-05,1.9341947251672154e-05,6.219490234747687e-06,2.9673106232808654e-05,0.017419490267471686,9.486803601632973e-05
neg_1077,DASNAQKQHDVNFLL,15,0,development,5,1373,4.5294046496026915e-06,1.11698897579208e-12,2.2647028832958335e-06,2.128241155324022e-06,1.1081951097034098e-06,0.006050371328817407,3.5430165220131406e-07
neg_1078,GCEWVSWC,8,0,development,5,838,1.6747944678362686e-06,2.2696420272607315e-06,1.9722182475485e-06,1.9496625561112653e-06,2.1241026671245784e-06,0.006982181582320522,0.00020746050967231043
neg_1079,GSSGLISMTRV,11,0,development,5,45,3.1928002883235046e-07,2.528530328259615e-05,1.280229165571425e-05,5.02849019402926e-06,1.9176949987824816e-05,0.013456911543659297,0.0002824202423870867
neg_1080,SNRSPSLRLRF,11,0,development,5,829,1.1910939779641261e-08,4.4332488386034087e-10,6.1771323317508005e-09,1.0000000000000008e-06,3.24906781375415e-09,0.005214380949955825,1.931795602983562e-06
neg_1081,SPPFAPRL,8,0,development,3,223,0.0007859836305038102,0.0006327398281043401,0.0007093617293040752,0.0007052143491839019,0.0006779388937261019,0.07861291921051844,0.0011019491823615008
neg_1082,TDPDADKGEFLAEGGGVR,18,0,development,3,885,1.9524704980822282e-07,5.608564499869926e-07,3.780517498976077e-07,1.0000000000000008e-06,4.5302042000167623e-07,0.007700307922887247,1.165258707630004e-05
neg_1083,FLPLVTGLLSGLL,13,0,development,4,839,0.0003658283261829964,1.8957376920651813e-08,0.00018292364177995853,1.912978227926171e-05,8.521374305650413e-05,0.010513089696869135,6.940953158229888e-05
neg_1084,FLSLIPTAINAVSAIAKHF,19,0,development,2,875,4.878782387379097e-10,9.068327844404848e-09,4.778103041571379e-09,1.0000000000000008e-06,7.00833138429805e-09,0.004462528399727788,1.7188555348382564e-05
neg_1085,SCNCVCGFCCSCSP,14,0,development,1,1374,1.554562649220158e-10,3.236874199106773e-14,7.774431683200343e-11,1.0000000000000008e-06,4.894899851549632e-11,0.006642723419556829,2.319351074442713e-09
neg_1086,FFGSVLKLIPKIL,13,0,development,1,1375,6.041816677051164e-10,9.912419037677805e-07,4.959230427177428e-07,1.0000000000000008e-06,6.794580669019927e-07,0.006642723419556829,0.00014282517319965944
neg_1087,GSLTGLISMPRT,12,0,development,5,45,1.365573571145197e-07,7.000027120364322e-09,7.177869211744201e-08,1.0000000000000008e-06,3.8698385144294684e-08,0.005214380949955825,2.3041072047848573e-06
neg_1088,VKTPITEAIAAADTQG,16,0,development,2,1376,2.1026598187436597e-06,1.3841519371213818e-11,1.0513368301315154e-06,1.4500552557186476e-06,5.048176069396751e-07,0.0047781084520207365,2.4580564425087936e-06
neg_1089,RCCGYKFCYIC,11,0,development,3,983,7.558436950002771e-08,3.816847968909999e-11,3.7811268989858405e-08,1.0000000000000008e-06,2.2320424883716412e-08,0.007700307922887247,9.786461335764004e-08
neg_1090,FIGDIWSGIQG,11,0,development,4,946,0.0035068993923913325,0.00011925340700597907,0.0018130763996986557,0.0006474474522592108,0.0009082156323999533,0.05024151610066592,0.0038658940922888406
neg_1091,DEPDGVPTHQKQ,12,0,development,4,1006,0.999271882173077,3.125294745337985e-07,0.4996360973512758,0.035722611597708245,0.2327246068507022,0.042039607819139,0.0006000783467078925
neg_1092,GLLDILKKVGKVA,13,0,development,3,1377,2.9806065038873824e-10,1.0478067413437058e-13,1.490827155314363e-10,1.0000000000000008e-06,8.798648744954677e-11,0.007700307922887247,1.2052940932265042e-07
neg_1093,ETLFDPCSTQDIKKVGV,17,0,development,4,1378,3.698742564271779e-10,0.012706861818581232,0.006353431094227744,0.00011343499191983225,0.009747510773757002,0.08781872287147488,0.0010381673978804371
neg_1094,MNRLKEIFQKEITPALVSKF,20,0,development,5,1379,1.027109748571771e-12,8.939235086234525e-12,4.9831724174031485e-12,1.0000000000000008e-06,7.003401878690351e-12,0.005214380949955825,7.637233153979558e-09
neg_1095,INWKKLGKALNALL,14,0,development,2,788,1.1507018553413475e-07,1.8842351589498674e-09,5.847721034654231e-08,1.0000000000000008e-06,2.9057946074134634e-08,0.004462528399727788,3.0636179386303046e-06
neg_1096,MKHIPFFFAFFFTFP,15,0,development,1,1380,1.171406832129043e-05,5.231258811240165e-09,5.859649790050835e-06,3.422592156636952e-06,3.6903585895543664e-06,0.008649871949621607,8.395622296178156e-07
neg_1097,AGQDGFMRF,9,0,development,1,53,0.000581138449291866,1.9361609456007376e-08,0.000290578905450661,2.411325168411387e-05,0.00018291522231772065,0.013133529357847064,7.613916039479148e-05
neg_1098,FLPIIAKVLSGLL,13,0,development,4,839,0.00025248241666776247,1.7634835979482052e-08,0.00012625002575187096,1.5891457015840157e-05,5.8815152925801334e-05,0.010157612840163588,4.0944846161894234e-05
neg_1100,TDMLAVSVSSTDAIGHKYGT,20,0,development,2,1381,2.9554480541505007e-10,0.03608882994795189,0.01804441512174835,0.00019345683849933374,0.027424614813554245,0.10582578074523115,0.14651505205786527
neg_1101,ISEALKSIIVG,11,0,development,3,1382,8.821891017737486e-05,9.657312477265713e-06,4.8938111327320285e-05,2.9188888918220918e-05,3.282895631667725e-05,0.02259256333300245,0.00019530640774060982
neg_1102,KKIEEEAAAAGATAE,15,0,development,4,1383,3.0374151782309375e-05,7.029720735345404e-05,5.03356795678817e-05,4.620861036848e-05,6.099936959123738e-05,0.028231737999093218,0.0030744870475165257
neg_1103,RPPGFTPF,8,0,development,3,830,0.4499748578617683,8.19864346972312e-09,0.22498743303020588,0.0009036711834062994,0.13271952076365065,0.03648655571486515,4.8543460382606033e-05
neg_1104,ELPVNFYALNLTADNINIGY,20,0,development,5,1384,1.8056730398448237e-09,3.306644179444598e-06,1.6542249262422213e-06,1.8184186520895415e-06,2.4980604104520213e-06,0.007413429065192684,0.0004526968538845054
neg_1105,NGRRYTTYGCSPPVT,15,0,development,1,1385,0.022692789565049793,0.35994162318511475,0.19131720637508226,0.1025519562335176,0.25379915255350144,0.3985851994009821,0.24667966065113883
neg_1106,TQAGSQNPNDLSPGP,15,0,development,2,1386,0.3300528453242433,0.839301517503639,0.5846771814139411,0.6159864354087748,0.7170409705375687,0.6483054392096335,0.8532105982783901
neg_1107,HKLDSFIGLM,10,0,development,1,53,0.004771278598702539,1.9552807286659853e-08,0.002385649075754913,6.923506197781621e-05,0.001501679966925396,0.016442726789256023,0.00038617950382882133
neg_1108,VARSLLIFEVQQPFLFLL,18,0,development,3,1387,6.037791440359315e-10,0.03361638600046937,0.01680819330212426,0.000186474717063996,0.02370127566177754,0.09701558139592358,0.0037669815138376
neg_1109,MKEPKSNIRKLIDIGGLIGR,20,0,development,4,1388,5.3307942095584076e-11,7.788356022454294e-06,3.894204665198195e-06,2.7907670985848833e-06,5.974507506938733e-06,0.01099157660558184,6.340749708368105e-06
neg_1110,INWKKIKSIIKAAMN,15,0,development,5,792,1.6477493248171628e-07,6.042546147549165e-10,8.268959354823559e-08,1.0000000000000008e-06,4.0771344537749195e-08,0.005214380949955825,5.831997453550288e-07
neg_1111,DYCCRRPTCIPIC,13,0,development,5,1389,4.052630054757571e-08,4.08486158711965e-10,2.0467393353143838e-08,1.0000000000000008e-06,1.0223977445026341e-08,0.005214380949955825,3.492834642009943e-06
neg_1112,AGLFAQPRL,9,0,development,5,45,0.0065683642483887975,0.002743500774558682,0.00465593251147374,0.004246786653179818,0.0036793173106943874,0.11552932817730084,0.0018041257687807474
neg_1113,MHIVVCIKQVPDSAQIRV,18,0,development,1,1390,9.62671018003629e-09,4.1689430186999264e-13,4.8135635371690795e-09,1.0000000000000008e-06,3.0301043254034e-09,0.006642723419556829,2.4288210973618553e-09
neg_1114,ILGPVLSLVGNALGGLLKNE,20,0,development,2,1391,2.478638207900283e-07,1.0792807823744085e-09,1.2447155078620136e-07,1.0000000000000008e-06,6.032737408614442e-08,0.004462528399727788,1.34596626961176e-05
neg_1115,FTAASQTLEAGR,12,0,development,3,1392,0.2559337893567048,5.892659394430882e-06,0.12796984100804962,0.0014216644730469493,0.07549150197041209,0.05074958700261902,0.001117385337630313
neg_1116,TNEKLFFGSGTQLSVL,16,0,development,4,867,1.82728009214544e-07,2.3790417725657328e-11,9.137589981613483e-08,1.0000000000000008e-06,4.2574496032382236e-08,0.006074063854684677,5.958471422871576e-07
neg_1117,TPSDGFMGMR,10,0,development,1,53,0.01528475531733315,1.549404547034658e-10,0.007642377736136802,0.00012457188254031215,0.004810577729134153,0.018628204653748096,8.509490565273526e-06
neg_1118,AIEVQTVTLIPGD,13,0,development,4,1393,6.811291836986022e-05,0.8883016094273981,0.44418486117288397,0.02274542285919006,0.6814374095970496,0.4818478782998415,0.6879269182449405
neg_1120,SGLQFAVLDGQGFIPFSRV,19,0,development,5,855,1.0914540814784633e-10,8.931963373201906e-11,9.92325209399327e-11,1.0000000000000008e-06,9.417033955902956e-11,0.005214380949955825,7.379718076633213e-08
neg_1121,GAQFSSWG,8,0,development,5,954,2.4178481437215626e-06,1.2164368733163164e-07,1.269745915526597e-06,1.5549433714216136e-06,6.834483413645294e-07,0.00568791728520216,1.1675153051854655e-05
neg_1122,PPPPPGPPPNP,11,0,development,1,53,0.5288715313513171,0.0006985680581699925,0.2647850497047436,0.02724977178315534,0.16693067223769828,0.14612071794019704,0.00022572947371801786
neg_1123,NYDKNFLRF,9,0,development,5,45,6.774057001942732e-09,1.340119800321177e-05,6.703986030106857e-06,3.6607776332730494e-06,1.0124029156104324e-05,0.011176649283000727,8.148178138368143e-05
neg_1125,LAKTVPLNDGTNFPIFGG,18,0,development,5,1394,4.995146409875752e-09,0.0001149223461897946,5.746367066810224e-05,1.0720690529196597e-05,8.68059027843985e-05,0.020909478377692133,0.008313493203070847
neg_1126,RICTPIPFPMCY,12,0,development,5,880,0.0038132817779021155,0.0019263547566941675,0.0028698182672981416,0.002710734983397801,0.0023880228713888457,0.10024498474758091,0.11349260222291399
neg_1127,ISVDELSNYNF,11,0,development,1,1395,0.008843548299023295,0.0756081556789134,0.042225851988968346,0.026304001743336275,0.054595302048010406,0.26390102986217107,0.07997857337987435
neg_1128,SNTSHQDFHLFYGDNGMPVH,20,0,development,3,1396,2.5492709510144875e-09,2.478793612940086e-09,2.514032281977287e-09,1.0000000000000008e-06,2.4995808146317286e-09,0.007700307922887247,2.921554411723054e-06
neg_1129,ARPPGFSPFRIV,12,0,development,3,830,2.429797542263893e-07,1.8576870513524457e-05,9.409925133875424e-06,4.310112998249081e-06,1.3169312631532162e-05,0.01591491486876764,7.877823010931452e-05
neg_1130,VVYTDCTESGQNLCLCE,17,0,development,2,1397,9.68520838582577e-07,0.02358179070600007,0.011791379613419325,0.0001553828866136415,0.01792050109295248,0.09360549152850708,0.11800232194923298
neg_1131,GNFFRF,6,0,development,1,53,0.005262015944047529,5.649218597480553e-06,0.0026338325813225045,0.00017283913182423576,0.001659987781599339,0.026040989442383467,0.0007651288478784669
neg_1132,KPRPQQFIGLM,11,0,development,1,53,0.00019044624042953458,2.381935369834318e-08,9.523502989161646e-05,1.3801356809681751e-05,5.995554993875595e-05,0.011658166606918695,1.1776227160004642e-05
neg_1133,LNPFRWMINKYREWKNKKN,19,0,development,2,923,4.3180671704924973e-10,8.67607895992126e-12,2.202413980045855e-10,1.0000000000000008e-06,1.102613870364432e-10,0.004462528399727788,9.399812914295327e-09
neg_1134,CWFPWC,6,0,development,3,1398,0.695896057941949,0.003266784089052821,0.3495814210155009,0.07970050904685742,0.20755691204360746,0.24608931598110909,0.13212030427145127
neg_1135,GLLGPLLKIAAKVGSNLL,18,0,development,3,1114,2.0014869238064236e-09,1.6645067969867164e-12,1.0015757153017052e-09,1.0000000000000008e-06,5.915095983632624e-10,0.007700307922887247,1.328540935753659e-07
neg_1136,VAGRSVVKIAEGYL,14,0,development,2,1010,1.1619942288489722e-05,1.0243281465872449e-06,6.3221352175384836e-06,3.4500293216049945e-06,3.568125806159895e-06,0.0056325318246648924,0.001858273736981572
neg_1137,VVNTPGHAVSYHVY,14,0,development,4,1399,0.999678047247908,0.2729167356689647,0.6362973914584363,0.9715419880036685,0.44217504193450036,0.6659960038256797,0.27074651075208744
neg_1138,GVIAWELQHNEPGRKDSTAG,20,0,development,5,1400,1.1168396550194819e-08,3.464182563914688e-13,5.584371484225605e-09,1.0000000000000008e-06,2.73279584066543e-09,0.005214380949955825,8.77474105086596e-08
neg_1139,EAAGLISFPRV,11,0,development,5,45,0.009318623178671315,0.0002596403557582535,0.004789131767214784,0.0015605335156184893,0.002476071343231427,0.06301139383998289,0.0014474217630228666
neg_1140,YDPSPLQDFCVAD,13,0,development,3,911,0.01234536562874763,3.756366832704834e-08,0.006172701596207979,0.00011178951972294705,0.0036412764561954795,0.02274380044811137,1.9790114148305156e-05
neg_1141,IVPFLLGMVPKLICLITKKC,20,0,development,4,935,1.2125400755373692e-10,8.44301785082441e-12,6.484851270228066e-11,1.0000000000000008e-06,3.471601386896713e-11,0.006074063854684677,2.269477025969693e-08
neg_1142,SSGGGEGSGMWFGPRL,16,0,development,2,785,9.54437346971474e-05,4.623629638176081e-14,4.772186737169185e-05,9.76990662199945e-06,2.291415542923584e-05,0.006783146757561581,5.2307606534129415e-08
neg_1143,ARARLGVRRFRRKR,14,0,development,1,1401,1.5824486155244785e-06,0.14584661661713572,0.07292409953287562,0.0005195408567832752,0.09994474620936872,0.14622597131998022,0.010357713978831446
neg_1144,TLNKVYKFDRDRRFL,15,0,development,2,1402,2.4322892399336665e-11,0.00022416534743338644,0.00011208268587813941,1.4973614073650789e-05,0.0001703476813076705,0.02354467909363802,0.0005183920202436412
neg_1145,LPDSSFLRL,9,0,development,5,45,9.925936766235443e-06,9.850698016857368e-11,4.963017636607806e-06,3.1505527566634353e-06,2.428620110842283e-06,0.006535825017834221,1.456206830365631e-06
neg_1146,GCCHIIACRMGCSPCCW,17,0,development,2,787,6.612023132213211e-09,4.8993984266976746e-15,3.306014015805819e-09,1.0000000000000008e-06,1.5874198694443176e-09,0.004462528399727788,4.5644644541713663e-10
neg_1149,GCCSRPPCIANNPDIC,16,0,development,3,854,9.415024662221596e-10,6.640769815521657e-11,5.03955082188688e-10,1.0000000000000008e-06,3.2451579275868813e-10,0.007700307922887247,5.8028656381494864e-08
neg_1150,MGQGAVEGQLFYNVQ,15,0,development,3,1403,1.6956141573534473e-05,1.2696408081602994e-05,1.4826274827568733e-05,1.4672496690077989e-05,1.3952811085302496e-05,0.02002508010355238,0.0003290104613517685
neg_1152,FDAFTTGF,8,0,development,4,1404,0.001912577452600425,7.530174369547472e-07,0.0009566652350186898,4.377301194777891e-05,0.00044600534528831657,0.012255662475657271,0.000753582269903437
neg_1153,LLGMLPVALSALSALSKL,18,0,development,2,875,8.05091581492815e-07,1.7947534671233573e-07,4.922834641025753e-07,1.0000000000000008e-06,3.29673446842423e-07,0.004462528399727788,3.874051249572747e-05
neg_1154,INWLKLGKKVSAIL,14,0,development,2,788,8.812431755296792e-10,1.2968751725632263e-06,6.48878207869378e-07,1.1388042841286055e-06,9.857326299748602e-07,0.00483629691939369,2.3154589225181852e-05
neg_1155,GASGLIPVMRN,11,0,development,5,45,9.633802901217942e-05,5.3468364960088e-07,4.843635633089015e-05,9.815575167480912e-06,2.3974567300570382e-05,0.008171435805221278,0.00030756411407932875
neg_1157,SPHYNFGL,8,0,development,1,53,0.999755683224784,7.41689697357555e-05,0.4999149260972599,0.35522615690711523,0.3147043624349034,0.1864395835865901,0.004791361312311194
neg_1158,QDKPFWPPPIYPM,13,0,development,3,956,0.0002619609545501632,9.824850703905637e-09,0.00013098538970043354,1.6187074324231963e-05,7.727197911464314e-05,0.01462274349701327,1.932412814128133e-06
neg_1159,AGCKNFFWKTFTSC,14,0,development,5,1405,1.7202451919588797e-10,4.3064445063352415e-09,2.2392345127655646e-09,1.0000000000000008e-06,3.2948898148365132e-09,0.005214380949955825,2.437395021072544e-06
neg_1160,YFDPFSLDVWDPFQA,15,0,development,1,1406,7.1429817575426e-08,7.108899748734686e-08,7.125940753138643e-08,1.0000000000000008e-06,7.119626394043223e-08,0.006642723419556829,1.6065691336950834e-05
neg_1161,MSQNTKGKLSLVGLSLMI,18,0,development,2,1407,4.26953488536015e-11,1.7779869028689028e-08,8.911282188771314e-09,1.0000000000000008e-06,1.3521523991777599e-08,0.004462528399727788,8.747129273669768e-07
neg_1162,ARAVGIDLGTTNAVVAVLEG,20,0,development,3,1408,4.4656631160658075e-07,2.8545502177502877e-11,2.2329742855437913e-07,1.0000000000000008e-06,1.3173429462040485e-07,0.007700307922887247,1.1084651059375899e-06
neg_1163,KIKETNA,7,0,development,4,1409,0.8194195420940168,9.358327640551236e-06,0.4097144502108287,0.006474377388011343,0.19084502559742061,0.04698353139530823,0.0009042851020236959
neg_1164,FISAIASFLGKFL,13,0,development,4,839,5.388023303748155e-07,6.885074876023513e-11,2.694355905617879e-07,1.0000000000000008e-06,1.255366141495639e-07,0.006074063854684677,2.4900037728124767e-07
neg_1165,DADIAVWAPPVNAQN,15,0,development,5,1410,5.042008646219699e-05,4.293457624316111e-09,2.5212189959910654e-05,7.1008424228201394e-06,1.2339356682463872e-05,0.00766796666009527,6.431482899710971e-05
neg_1166,KPNQDFMRF,9,0,development,1,53,0.0009841032073137606,5.021008058544733e-11,0.0004920516287619206,3.1384897221675864e-05,0.00030972726062063313,0.013893065754526267,5.487816480516623e-07
neg_1167,NAPWAQIDEV,10,0,development,1,1411,0.09155992116327405,3.8844836512488734e-07,0.04578015480581959,0.00031737076944575747,0.02881695960716973,0.022709056625450506,0.000496450890868291
neg_1168,EDDLEDFNPTVS,12,0,development,5,1412,0.0018654096936602277,1.1235045491402436e-10,0.0009327049030053413,4.322888203442123e-05,0.0004564036270901824,0.010928703771158253,1.3156704951627724e-06
neg_1170,QKKDKDRFYGLM,12,0,development,1,53,4.3853987013732094e-08,3.2786828462681287e-11,2.1943386921097386e-08,1.0000000000000008e-06,1.3824652033093808e-08,0.006642723419556829,1.300877537470292e-06
neg_1171,QQWPRDPAPIPP,12,0,development,1,53,0.018557413823779997,3.213885644981082e-07,0.009278867606172247,0.0001374886283844013,0.005840803081770287,0.019022272014980753,2.3439632950493013e-05
neg_1172,QKKDKKDRFY,10,0,development,3,961,5.092878766382671e-05,3.5826172600933237e-09,2.5466185140543402e-05,7.136575195384253e-06,1.5023907411219889e-05,0.012114648906605376,2.1198361773174326e-06
neg_1173,TTAIEPFISLGDK,13,0,development,2,1413,0.0006987276671911651,6.730531017016679e-06,0.00035272909910409085,6.859652006604166e-05,0.0001728653743451928,0.014630866916550127,9.393453541898558e-05
neg_1174,SNSKCPDGPDCFVGLM,16,0,development,3,1414,5.2566115105763435e-09,4.3006423723882014e-08,2.413151761722918e-08,1.0000000000000008e-06,3.187216437556213e-08,0.007700307922887247,2.1599514831021298e-05
neg_1175,GSNDFMRF,8,0,development,1,53,4.39992649562564e-05,9.27100427093645e-09,2.200426798026367e-05,6.633299422841684e-06,1.3854260743786717e-05,0.009967137885278114,7.1498259157847775e-06
neg_1176,GLEVLGKILSGIL,13,0,development,4,839,3.1058109387839875e-07,1.9247490434270832e-08,1.649142921563348e-07,1.0000000000000008e-06,8.709732158455218e-08,0.006074063854684677,2.444164029416951e-06
neg_1177,EPRTPWDWV,9,0,development,4,1415,2.7874789349887077e-06,0.007287088142105549,0.003644937810520269,0.00014302417762474535,0.005590618650769338,0.08255622503572288,0.011174743119024812
neg_1178,FSGSVNQACSGFGWK,15,0,development,5,1416,2.3313585000460642e-06,2.1581413038686827e-07,1.2735863152164662e-06,1.5268788908210816e-06,7.334172860554242e-07,0.005667559348459614,7.944072806976688e-05
neg_1179,DTRPPGFTPFR,11,0,development,3,830,0.013479832876105545,4.908595051752837e-11,0.006739916462595748,0.00011687960198610241,0.003975859685683845,0.02297541951940047,9.356866717130372e-07
neg_1180,GPETAFLRL,9,0,development,5,45,0.005261949417495305,9.225902547156206e-10,0.00263097517004278,7.272564818793869e-05,0.0012874242378322894,0.012099985236325076,4.5745701897325645e-05
neg_1181,ADTGEGDFLAEGGGVR,16,0,development,3,885,5.403825167152613e-05,5.55022051140097e-08,2.7046876938320068e-05,7.3512197265671764e-06,1.5977645857064542e-05,0.01219750913781116,7.449031528474751e-06
neg_1182,FQFVNPSDIVFGS,13,0,development,1,1417,0.00020138320109490794,7.716366897378754e-07,0.00010107741889232291,1.4192189705173657e-05,6.3910200742494e-05,0.01172794561761126,6.598619922633316e-05
neg_1184,MTRVQFKQHHHHHHPD,16,0,development,5,990,0.0011706187194794272,0.0010790608856021198,0.0011248398025407735,0.0011239089060975293,0.0011014620341768038,0.07702207650254192,0.10181804868383316
neg_1185,IEMAEGGNDNIGNESIK,17,0,development,2,1418,0.0016022483647229746,0.9465452989099725,0.47407377363734776,0.1442562408079842,0.7196831379994162,0.6135308537036345,0.9167552375571449
neg_1186,EPVKKKDLKKATVPL,15,0,development,3,1419,7.140074498145771e-06,0.002360653694387788,0.0011838968844429668,0.0001299648265055472,0.0016664878300495787,0.064316237606011,0.011713302105235425
neg_1187,GVDSSFVRL,9,0,development,5,45,4.1506861449505596e-08,1.2766423199919134e-08,2.7136642324712365e-08,1.0000000000000008e-06,1.9798249970671147e-08,0.005214380949955825,1.0280337321295021e-05
neg_1188,PRLRRLTGLSPLRAP,15,0,development,4,1420,0.00016457681921538156,0.0008433165822060289,0.0005039467007107053,0.00037259476410976625,0.0006852422036603718,0.06560931567014432,0.002524630042720298
neg_1189,MMKHVIILVILLVISFQAY,19,0,development,4,1108,1.0147011308274144e-09,1.8281714547121553e-11,5.164914226872679e-10,1.0000000000000008e-06,2.503417596302678e-10,0.006074063854684677,4.303253178287257e-08
neg_1190,AYRKPPFNGSIF,12,0,development,2,1421,1.076650337153789e-08,5.06458775079232e-11,5.4085746245229065e-09,1.0000000000000008e-06,2.623311590751142e-09,0.004462528399727788,5.625549122863685e-08
neg_1191,EQFEDYGHMRF,11,0,development,2,912,1.513393697564252e-06,8.218568293391946e-08,7.977896902490857e-07,1.230200706292531e-06,4.2579045649587544e-07,0.004635821681592256,4.5563339918768226e-05
neg_1192,ASNVPKELVEKGQNRV,16,0,development,5,1422,1.4894537124857877e-06,0.02822071073009352,0.014111100091903002,0.00020793311969827065,0.021316408370546654,0.10256172002755684,0.017271253677431916
neg_1193,NFLGTLINLAKKIM,14,0,development,4,1001,1.604415210112806e-09,2.1942432826153446e-12,8.033047266977107e-10,1.0000000000000008e-06,3.7534179914195007e-10,0.006074063854684677,3.026555644764072e-07
neg_1194,QHWSHGWLPG,10,0,development,5,1320,0.16143434028397455,8.36136215501276e-09,0.08071717432266835,0.00043857021285608334,0.03949760568656041,0.017182124383867865,1.852652869978735e-05
neg_1195,KETNAKPP,8,0,development,2,1357,0.0007707328072152525,3.626640242616663e-13,0.00038536640378895827,2.7772022319389387e-05,0.0001850377229495913,0.00821526218388209,3.561597296719629e-08
neg_1196,AESGFQPVVDRKGD,14,0,development,1,1423,1.0796507801758735e-05,2.5053744886920998e-12,5.3982551535666116e-06,3.285812565091123e-06,3.3979912665054976e-06,0.008574578256368603,7.604971976337028e-08
neg_1197,PAPESSFIRDP,11,0,development,3,878,0.0002991319932113397,1.0038928873977805e-07,0.00014961619125003972,1.7297729548436196e-05,8.829938250769813e-05,0.014847082097856302,2.3881527323127906e-05
neg_1199,IECEVCMKPGDRCNGSMMT,19,0,development,2,1424,0.003185985874447189,5.668942253797904e-08,0.0015930212819348635,5.6531501490319396e-05,0.0007649353548676675,0.009357214684318127,6.631883629109947e-05
neg_1200,FCTMIPIPRCY,11,0,development,5,880,1.4689562432231169e-05,0.254750863056374,0.12738277630940312,0.002235849702950698,0.1924254166349228,0.22925982232415987,0.5293035980480345
neg_1202,ATSGPMGWLPVFYRF,15,0,development,3,1425,3.4301238081964085e-05,1.7585291624540528e-08,1.7159411686794314e-05,5.8567949593666226e-06,1.0129505303794705e-05,0.011576082002323757,4.573089292895923e-05
neg_1203,DGCCIAKQCC,10,0,development,5,979,0.000712200616896019,2.513101630597433e-08,0.0003561128739561625,2.6695896099059113e-05,0.00017427072197051993,0.009943852197387488,1.1176140667430072e-05
neg_1204,TPLWSLMQDLMM,12,0,development,4,1426,0.010664298844294587,4.232653080921429e-09,0.0053321515384738335,0.0001038124504146813,0.002483653836347006,0.014377752262052604,4.783987789724725e-06
neg_1205,QWAQWPRPTPQIPP,14,0,development,1,53,0.0031767897372454203,5.039404975088106e-06,0.0015909145711102543,0.00012671290715767278,0.0010032857528722678,0.023968364988725236,0.0001270545580973627
neg_1206,MVDKFNNSDC,10,0,development,5,1427,2.307321986183807e-06,3.5912839229502946e-05,1.9110080607843376e-05,9.10297435079651e-06,2.7690689875188907e-05,0.016173760136386998,0.0023049111012378148
neg_1207,SCNCVCGVCCSCSP,14,0,development,1,1374,1.1169318999578996e-08,8.028724993168715e-13,5.585060936039156e-09,1.0000000000000008e-06,3.5158747625707097e-09,0.006642723419556829,1.1198637161322672e-08
neg_1208,QSPGCCWNPACVKNRC,16,0,development,1,1428,3.969319457355163e-09,3.9860411504283985e-09,3.9776803038917805e-09,1.0000000000000008e-06,3.980778324766749e-09,0.006642723419556829,5.734667463523044e-07
neg_1209,SASGSGESSGMWFGPRL,17,0,development,2,785,1.841088721291947e-05,1.6360403208457897e-12,9.205444424479894e-06,4.290814210968799e-06,4.4200915915543025e-06,0.005832204923651298,1.3497049758916732e-07
neg_1210,SIVLRGKAPFR,11,0,development,2,1429,3.172288439389167e-06,3.85244240102442e-06,3.5123654202067933e-06,3.495863111670221e-06,3.6891508699639876e-06,0.007527160263749735,0.00018506376747658173
neg_1211,CCSQDCRVCIPCCPY,15,0,development,2,787,7.2688647751524865e-09,1.7601530700790848e-06,8.837109674271187e-07,1.3267076761496216e-06,1.3393201972284146e-06,0.005315443874367039,0.000496052681010398
neg_1214,AYSNLNYLRF,10,0,development,1,53,1.1641197770421316e-05,0.0017535488990341795,0.0008825950484023004,0.00014298132397462459,0.001205317538113709,0.0594184976952775,0.014228255305110174
neg_1215,PVVDTTGNNPLQQQEEYYV,19,0,development,3,1430,0.0008198048119370053,1.452019865765402e-08,0.0004099096660678315,2.8643171302172425e-05,0.00024181062948452916,0.016666405291053524,3.0370888057750698e-05
neg_1216,GLGPRPLRF,9,0,development,4,1431,0.0011712228288922818,4.697631897480527e-07,0.0005858462960410149,3.42420365933328e-05,0.00027313105899466313,0.011710886525592509,0.0006579679962668056
neg_1217,SPTEQPYSSAAPLI,14,0,development,5,1432,0.43916625777962043,0.2375195106311765,0.3383428842053985,0.330607924404697,0.28685574491263854,0.4594479801514642,0.27096811015019096
neg_1218,TGVNYGQLGNNLP,13,0,development,1,1433,0.6227146123704959,0.5984289608094089,0.6105717865899524,0.6106403990473258,0.606072394383137,0.5763789084992612,0.8753890702995852
neg_1219,GLVDVLGKVGGLIKKLLPG,19,0,development,5,1252,9.02531944696056e-10,2.0863309488432992e-10,5.55582519790193e-10,1.0000000000000008e-06,3.7840700250281704e-10,0.005214380949955825,8.973881622187122e-08
neg_1220,EDKYTDKYDNINLDE,15,0,development,2,1434,6.905793806871434e-07,2.5306156628973855e-12,3.4529095565140313e-07,1.0000000000000008e-06,1.6579639130559795e-07,0.004462528399727788,1.5246494869757248e-08
neg_1221,AKEKEVTFQ,9,0,development,3,1435,0.8138094620768508,6.297736424059597e-06,0.4069078799066374,0.005219195541273005,0.24003651137165744,0.06811039194379313,0.0010171635944452202
neg_1222,DFKCPSEWYAYDQHCYRIIN,20,0,development,4,1436,4.254129238519304e-10,2.1922507278466635e-09,1.308831825849297e-09,1.0000000000000008e-06,1.780764907969496e-09,0.006074063854684677,1.7286853152092082e-07
neg_1223,PYDRISGSAFSDF,13,0,development,2,999,1.2779450773249982e-07,4.644214548318187e-05,2.3284969995457186e-05,6.814962646246392e-06,3.532298466455089e-05,0.014565518204717192,0.0013527270036193739
neg_1224,GRGASSNYVRL,11,0,development,4,892,5.392165492891992e-06,2.7039310164620932e-06,4.048048254677043e-06,3.8183831943945416e-06,3.3300045389183303e-06,0.009471667179751536,0.00012588255506032977
neg_1225,DTHKSEIAHRQPDLG,15,0,development,5,1437,5.2775897132550284e-05,0.011918893385007158,0.005985834641069854,0.000797268407867471,0.009015650160547077,0.11144953905702183,0.052004835038253386
neg_1226,DHMSHDVYSPRL,12,0,development,4,1211,0.1845588153086141,2.5200175286149904e-09,0.09227940891431581,0.00047551555715229536,0.04298263183900096,0.019033600872011364,8.846749742041943e-06
neg_1227,SPALDDERNDNFIRL,15,0,development,2,1163,6.009924857797726e-08,2.991096411766316e-12,3.005111983719451e-08,1.0000000000000008e-06,1.4430915432209907e-08,0.004462528399727788,5.235344374269024e-09
neg_1229,FISAIASMLGKFL,13,0,development,4,839,1.4716589929967977e-09,1.961065348551536e-08,1.0541156239256078e-08,1.0000000000000008e-06,1.53861915662459e-08,0.006074063854684677,1.0387102731929474e-05
neg_1230,FLSALLGMLKNL,12,0,development,1,1438,1.0144406140439165e-06,1.0344303958003467e-05,5.679372286023692e-06,3.239403227156922e-06,7.407912050125647e-06,0.01228858844948466,0.0001394201522177099
neg_1231,QPNPDEFVGLM,11,0,development,1,53,0.059446647905627856,4.297498854107358e-08,0.029723345440308198,0.00025134081267420865,0.018709698543754587,0.021615924378235868,2.207082371564316e-05
neg_1232,GTLKGIPTDDEQATGLERRT,20,0,development,2,1439,5.474916959190249e-08,0.0009702442784489113,0.0004851495138092516,3.1162910787152136e-05,0.0007373209366897433,0.0366380115373366,0.02226377342400308
neg_1233,WLNALLHHGLNCAKGVLA,18,0,development,4,1440,3.266726552269773e-07,1.671970687338159e-07,2.469348619803966e-07,1.0000000000000008e-06,2.043379666193845e-07,0.006074063854684677,8.238468548877135e-05
neg_1234,CCDDSECSTSCWPCCY,16,0,development,3,1441,6.683346203104809e-10,1.580287409251966e-13,3.3424632452570304e-10,1.0000000000000008e-06,1.9723586899544156e-10,0.007700307922887247,2.5367756630255998e-08
neg_1235,NSMERVEELRKKLQD,15,0,development,4,1442,3.060529994351352e-07,1.759991651680025e-08,1.6182645797596775e-07,1.0000000000000008e-06,8.477889188872491e-08,0.006074063854684677,4.52857742665246e-06
neg_1236,GYPRKTVDVFTFTN,14,0,development,5,1443,0.0003383701951650738,0.00011512389819773192,0.00022674704668140285,0.00019737473320284083,0.0001697448219934502,0.036639057627793625,0.01331643834271184
neg_1237,GFKNVQLSTARGF,13,0,development,1,1444,0.0034336311793371874,0.009459560794425462,0.006446595986881324,0.00570346806553059,0.007563017371777959,0.15473725394218343,0.03177588593811962
neg_1238,LMCTHPLDCSN,11,0,development,2,1445,0.06842614558535616,0.8892210019035364,0.4788235737444463,0.43434236153092126,0.6921643701190422,0.6386264290186489,0.9191069280668569
neg_1241,ASLFNAPRV,9,0,development,5,45,7.3182639078385376e-06,8.062708126950154e-06,7.690486017394345e-06,7.681472967376941e-06,7.880567453108622e-06,0.01170357558102926,0.0006100277737715322
neg_1242,FMRF,4,0,development,4,108,0.9999153504833733,0.7242867216245252,0.8621010360539493,0.9943552362780258,0.788478959345029,0.7993488887727632,0.5455941319675831
neg_1243,SADIVKKLWDNPAL,14,0,development,3,1446,7.105834017295249e-07,0.002550754008816753,0.0012757322961092412,5.056699446571864e-05,0.0017986219270036078,0.05280908699767244,0.00364668321390244
neg_1244,MRELIRLVSSAGTGHFYT,18,0,development,4,1447,9.986013788756498e-10,1.6208976168297185e-14,4.99308793925909e-10,1.0000000000000008e-06,2.325806449556543e-10,0.006074063854684677,2.6671264344098747e-10
neg_1245,WKEMSVW,7,0,development,3,1037,0.9999979891918321,0.9933988696284954,0.9966984294101637,0.9998844199487782,0.995345271593983,0.9529747596781247,0.9524274847131556
neg_1246,GSGADCFWKYCV,12,0,development,4,790,1.196496971965583e-09,8.641728159540783e-12,6.02569350062562e-10,1.0000000000000008e-06,2.85286017628445e-10,0.006074063854684677,1.44257350416343e-08
neg_1248,LVPFLGRTLGGLLARL,16,0,development,3,1168,3.5897796262086385e-09,9.27469847768237e-12,1.7995271623431604e-09,1.0000000000000008e-06,1.0653400965789785e-09,0.007700307922887247,7.476367776514206e-07
neg_1249,TDTEFEAAGGGVR,13,0,development,3,885,0.003302410748218652,3.2135512748549216e-05,0.0016672731304836006,0.0003262058485820364,0.0009966990556442101,0.045520647654790254,0.0035996869881921465
neg_1250,AEGDGSVDTP,10,0,development,5,1448,0.026657513152682576,3.241197601796858e-05,0.013344962564350272,0.0009412993844537986,0.006546686309699883,0.038802752168577544,0.00029478147493575943
neg_1252,TSHGGGKAGKSKLLDVNY,18,0,development,1,1449,1.808520340452653e-06,0.0003138869919863762,0.00015784775616341443,2.382904141461741e-05,0.00021566640021776642,0.031688895005292615,0.011099082790814105
neg_1254,GCVLYPWC,8,0,development,5,838,0.011253689569818918,0.010823696640304255,0.011038693105061587,0.011036622571435189,0.010928901570261744,0.1717999439339065,0.008706432676568268
neg_1255,PASDSGFLRDP,11,0,development,3,878,3.10509400532466e-07,8.016294531262279e-09,1.5926284753186415e-07,1.0000000000000008e-06,9.723625340854353e-08,0.007700307922887247,3.8388324023959515e-06
neg_1256,DLDVNVFNR,9,0,development,1,53,0.9523768415642214,1.2137172299511496e-07,0.4761884814679722,0.0044520263440846666,0.299742056631155,0.039541462677843336,9.127734729250565e-05
neg_1257,YLTCNLR,7,0,development,2,1450,0.9995457707998502,0.9774658892843142,0.9885058300420821,0.9967737191734729,0.9827668326907694,0.88553485261791,0.9302504056511637
neg_1258,GVYVIEEDVATYTIK,15,0,development,3,1451,2.6893668718077454e-07,0.07127814203900744,0.03563920548784731,0.0002769588649125589,0.05025482355377962,0.11588736390040084,0.15450325897384337
neg_1259,QHWSHGLSPG,10,0,development,5,1320,0.022208608738026474,3.1301630633383597e-06,0.011105869450544906,0.00026656673266236343,0.005436070236725323,0.01944973671673678,3.748450239281497e-05
neg_1261,QHWSDYFKPG,10,0,development,5,1320,2.9763936772351696e-06,2.752723816540769e-08,1.5019604577002887e-06,1.7252232442983367e-06,7.490165136437059e-07,0.0058054688138037295,5.735727221648118e-06
neg_1262,GSHWAVGHLM,10,0,development,4,1452,0.7078297222368597,1.2588859476262491e-05,0.353921155548168,0.005492252284216634,0.16485891079824277,0.04823497454424293,0.0003458393150857359
neg_1264,KPNFIRF,7,0,development,1,53,3.686615558787883e-05,2.494255554664814e-12,1.8433079041067194e-05,6.0718287124562086e-06,1.1602902732744791e-05,0.009780186571394265,1.7709022152826543e-07
neg_1265,SSSGLISMPRV,11,0,development,5,45,0.0011759365841813385,0.0005281480475635853,0.000852042315872462,0.0007881295166255788,0.0006866402992828343,0.06328307244871256,0.0007854718330838777
neg_1266,ADKNFLRF,8,0,development,1,53,2.3377066962630648e-05,1.0161210456941671e-13,1.1688533532121377e-05,4.8350192117718475e-06,7.35747442143224e-06,0.009314548292762672,2.3540609753413066e-08
neg_1268,RPLSWLPK,8,0,development,5,1453,0.9864862662876095,9.021870982582843e-08,0.49324317825315966,0.00847155700036353,0.24136035903638808,0.030509776585983254,0.00017993824080961697
neg_1269,QERRQSPE,8,0,development,1,1454,0.8420705021558533,0.9698923169080498,0.9059814095319516,0.9291075026376946,0.9296629021083559,0.7771890948507694,0.9697140116821222
neg_1270,KHFGKDSNFPFGT,13,0,development,2,1455,0.029476694836153262,5.654842925451242e-10,0.014738347700818777,0.0001742452489214779,0.007076772604693609,0.011495475626795986,3.6355374658566057e-06
neg_1271,DDFLCAGGCL,10,0,development,3,1456,1.2488155912996718e-07,2.4968534948038174e-10,6.256562223972378e-08,1.0000000000000008e-06,3.7009698827107505e-08,0.007700307922887247,1.0480375990378188e-06
neg_1272,NRPTYVPPPPRPPHPRL,17,0,development,3,894,3.927191322922166e-05,8.084135466902926e-15,1.9635956618652898e-05,6.266817582181747e-06,1.1583201122783605e-05,0.011757762588453138,2.1872737970869957e-10
neg_1273,VSHNNFLRF,9,0,development,1,53,0.2774606168708722,3.1086040883088246e-06,0.13873186273748025,0.0010913876906196826,0.08732742965987374,0.03500004061347542,9.753197415343198e-05
neg_1274,DVPASIDWREYGYVTEVKD,19,0,development,4,1457,1.0874426206116174e-07,3.0660609060376128e-12,5.437366406103389e-08,1.0000000000000008e-06,2.532823178320477e-08,0.006074063854684677,3.345874691428064e-08
neg_1275,FLFPLITSFLSKVL,14,0,development,5,1458,9.20607786042358e-08,1.2303958676767516e-09,4.664558723595628e-08,1.0000000000000008e-06,2.345356140809009e-08,0.005214380949955825,4.060197080966257e-06
neg_1276,EQCQDMAGGAR,11,0,development,1,1459,0.9998710446849645,0.9999878794919741,0.9999294620884693,0.9999604639296775,0.9999511080228525,0.9839664245468558,0.9985590743083843
neg_1277,IIGHLIKTALGMLGL,15,0,development,2,1460,4.9084196239513395e-05,1.3102524507820326e-05,3.109336037366686e-05,2.5360091858503586e-05,2.1741013142152352e-05,0.014089148485379534,0.0002588411328268646
neg_1278,CCDWDWCDHICTCCGG,16,0,development,3,1461,1.315230238229857e-10,8.425345573840807e-12,6.997418469841325e-11,1.0000000000000008e-06,4.4732850020681985e-11,0.007700307922887247,2.258411955407038e-08
neg_1279,GVLSLLKKLPMILKHLHGK,19,0,development,3,874,2.052159879900098e-09,4.322583641604864e-10,1.2422091220302923e-09,1.0000000000000008e-06,9.100462666026617e-10,0.007700307922887247,1.1699045129712253e-07
neg_1280,LDLTPGSHVDSYVEA,15,0,development,4,1462,0.0013095187062317185,2.713581295739803e-07,0.0006548950321806462,3.62096968779411e-05,0.00030518713321530115,0.01183269686730679,0.0002893090329919843
neg_1281,SDAVADGVHAISGVVDS,17,0,development,4,811,9.847982224558153e-07,1.0410606664619525e-07,5.444521445510053e-07,1.0000000000000008e-06,3.092139339180866e-07,0.006074063854684677,1.625212070671147e-05
neg_1282,MLLLKHGRIEILDQNTMYG,19,0,development,5,1463,2.1027101596110528e-10,1.9685379598239056e-10,2.0356240597174793e-10,1.0000000000000008e-06,2.0013654225842384e-10,0.005214380949955825,5.664584181808965e-09
neg_1283,ISGKPARTPT,10,0,development,2,1021,0.10209617940607461,4.1899711731790714e-07,0.05104829920159597,0.00033708826391712566,0.0245115943666994,0.012966826261739759,0.0008033742150927593
neg_1285,FLGGLMKAFPAIICAVTKKC,20,0,development,5,1093,3.6635506932471326e-13,2.2528621401837592e-10,1.1282628454385031e-10,1.0000000000000008e-06,1.7025582541758756e-10,0.005214380949955825,2.7517999073821888e-08
neg_1286,SPSQDFMRF,9,0,development,1,53,1.3451504034604529e-05,2.0790067703989203e-13,6.725752121252603e-06,3.667642261704841e-06,4.233597799776827e-06,0.008779035095904242,9.734720392532221e-09
neg_1287,QPHPNEFVGLM,11,0,development,1,53,0.6986428125453191,5.986297863182477e-05,0.34935133776197547,0.011643739987477475,0.21992517552011992,0.08799499584554289,0.011457197563283698
neg_1288,MVKLRLKRCGRK,12,0,development,1,1464,1.304880738828896e-07,1.9661556517402663e-08,7.507481520014612e-08,1.0000000000000008e-06,5.454203405204847e-08,0.006642723419556829,2.077353032339771e-06
neg_1289,GPDSSFLRL,9,0,development,5,45,3.487581175529152e-07,6.270760104406598e-10,1.7469259678167793e-07,1.0000000000000008e-06,8.580313200476346e-08,0.005214380949955825,2.2111872201034096e-05
neg_1290,RCCGYKFCHIC,11,0,development,3,983,1.5653862979826031e-07,7.531477892372077e-11,7.830697228859202e-08,1.0000000000000008e-06,4.6223971574337636e-08,0.007700307922887247,8.208078714652847e-08
neg_1291,SMPSLRLRF,9,0,development,1,1465,8.104856040166372e-07,8.620387690765017e-10,4.0567382139285684e-07,1.0000000000000008e-06,2.5567521210020714e-07,0.006642723419556829,1.1325022519357433e-06
neg_1292,WTFGQGTKVEIK,12,0,development,2,1466,0.0009839610588400763,0.0003239231051144765,0.0006539420819772763,0.0005646102559509644,0.00048238518002869486,0.04861757233800984,0.0016143153147337263
neg_1293,GILDAIKAIAKAAG,14,0,development,3,1467,5.87699057742634e-10,4.968606583108845e-09,2.7781528204257396e-09,1.0000000000000008e-06,3.6764634515665686e-09,0.007700307922887247,7.667508679106769e-06
neg_1294,ANAKVPSHTISNPF,14,0,development,4,1468,0.011726416867463835,0.02969125214569895,0.020708834506581394,0.018698459793670654,0.025507350852264278,0.22984523105536622,0.06576298424454534
neg_1295,GADFQECMKEHSQKQHQHQG,20,0,development,5,1469,0.640727461615874,4.290793396036649e-06,0.320365876204635,0.0027586377487003825,0.15676788312641976,0.03245344004048245,0.00018070667746871566
neg_1296,APSSMGFMGMR,11,0,development,1,53,0.00013896159537248384,9.403803772379002e-07,6.995098787486087e-05,1.1788883344867423e-05,4.437985680750084e-05,0.011271954785656178,3.744101696633434e-05
neg_1297,SDIGISEPNFLRF,13,0,development,1,1470,2.4010636745230254e-06,4.583711585802819e-09,1.202823693054414e-06,1.549536833903192e-06,7.588288822952086e-07,0.007297707334055001,2.2658127569547612e-06
neg_1298,YGLAADHVLDAR,12,0,development,2,1471,0.023469766449403167,2.3033546717925995e-09,0.011734884376378919,0.00015500454457518584,0.005634629074948348,0.0112523911610611,2.1455630101777974e-06
neg_1299,FLPIIAGMAAKVICAITKKC,20,0,development,4,935,9.798027797105654e-09,3.5937767705390077e-13,4.899193587391354e-09,1.0000000000000008e-06,2.2821769917998426e-09,0.006074063854684677,1.8759984439449744e-08
neg_1300,VGVCCGYKLCHPC,13,0,development,3,983,9.337404957591815e-06,4.0901747976981853e-10,4.668906987535793e-06,3.0557232233115754e-06,2.7543441561233053e-06,0.009964985781115461,1.3319061030797602e-05
neg_1301,HEEQITQPSATNDEA,15,0,development,3,1472,0.994591938873201,3.1406652656838514e-08,0.4972959851399268,0.013379868999099638,0.29335365607897507,0.0664114867755796,0.0005389080310603342
neg_1303,VCCPFGRCHQICQCCER,17,0,development,4,1473,2.73727281459734e-08,7.6361363012486e-15,1.368636789105485e-08,1.0000000000000008e-06,6.374948400813562e-09,0.006074063854684677,1.321076095461781e-10
neg_1304,LNLKGIFKKVASLLT,15,0,development,4,1094,3.5763332388558534e-11,9.926042203509276e-08,4.964809268374066e-08,1.0000000000000008e-06,7.615160019191011e-08,0.006074063854684677,8.769497123105624e-06
neg_1305,SQTQSFNFNKFEQNK,15,0,development,3,1474,0.00113268351864302,5.771962230232817e-10,0.0005663420479196216,3.367332344282644e-05,0.0003340839776175174,0.017295219980904785,6.765746900061769e-07
neg_1306,GLIDVRCYDSSQCE,14,0,development,5,1475,2.151438132516171e-09,0.0007434491650414928,0.00037172565823981264,2.7275675080762283e-05,0.0005615524741318835,0.03579650751680863,0.0042341468869634
neg_1307,IMYDCCSGSCSGYTGRC,17,0,development,1,1476,6.813400036170366e-09,6.723875567251686e-12,3.410061955868809e-09,1.0000000000000008e-06,2.1489919946903593e-09,0.006642723419556829,2.0032310558680317e-08
neg_1308,GCCGVPSCMAGCRPCC,16,0,development,2,787,1.331810176382748e-07,4.760022424251734e-09,6.897052003126327e-08,1.0000000000000008e-06,3.559136666634835e-08,0.004462528399727788,1.2233568799049588e-05
neg_1309,NRPTYVPAPPRPPHPRL,17,0,development,3,894,5.423686470714972e-05,4.3502491627958654e-14,2.7118432375326108e-05,7.364717362160706e-06,1.5997094651351233e-05,0.012202656898530714,2.0883500619350196e-08
neg_1310,AHSDAVTPLPARSKV,15,0,development,2,1477,3.5888449649424e-05,0.0017610372786371034,0.0008984628641432637,0.00025156075705741015,0.0013468631217811613,0.05991275261522952,0.00299882809915298
neg_1311,MGQEQGIPWIL,11,0,development,3,1312,0.0006124943256550586,0.9988585857652996,0.4997355400454773,0.4227470576542882,0.70442716415367,0.7432446255573218,0.9200166359073924
neg_1313,QWPRPTPQIPP,11,0,development,1,53,0.004963335663203402,1.3568532969768734e-05,0.0024884520980865852,0.00026009003003848004,0.0015714108733409949,0.03242729334659318,0.0008136081611459197
neg_1314,GIAEFLNYIKSKA,13,0,development,3,1478,1.2940456633307141e-05,9.926097191188729e-08,6.519858802609514e-06,3.5972967529901285e-06,3.88675538456223e-06,0.010346887552907939,0.00011305363560803528
neg_1316,GTTGT,5,0,development,4,1479,0.9999999265883902,0.9942380831480452,0.9971190048682177,0.9999238788302968,0.9955799815762392,0.9533560753483878,0.8953250361167908
neg_1317,CSVVDLAR,8,0,development,5,1480,0.03304378587734336,0.021082090037816255,0.027062937957579806,0.02641194752660157,0.024008718097469798,0.2203526125537689,0.16455835658522733
neg_1319,KVPVDDQFRRVNNGGATDTR,20,0,development,1,1481,3.139252009363742e-08,0.00010541733928555456,5.27243659028241e-05,1.0267735567647485e-05,7.224917487867792e-05,0.022468650648788065,0.0016665736120200106
neg_1320,GIIDIAKKLVGGIRNVLGI,19,0,development,3,937,2.342899075925729e-10,3.010506816591951e-13,1.1729547913711605e-10,1.0000000000000008e-06,6.931576796665641e-11,0.007700307922887247,1.9436617381486728e-10
neg_1321,VVAFERAK,8,0,development,2,1482,0.6197116556556447,0.9939490549590215,0.806830355307333,0.9423994986983536,0.9041020477234831,0.8574238616330904,0.9625183394096989
neg_1322,QHWSLCHAPG,10,0,development,5,1320,0.2963859374878817,1.543370029592425e-07,0.14819304591244234,0.0006486045366549946,0.07251587126281003,0.018541301473153377,4.170323743816608e-05
neg_1323,GILDVAKTLVGKLRNVLGI,19,0,development,3,937,5.295171261780347e-11,1.1081485365153076e-11,3.201659899147827e-11,1.0000000000000008e-06,2.3431055915858528e-11,0.007700307922887247,7.2996592194330325e-09
neg_1324,EATVDMPLD,9,0,development,3,1483,0.14035961331452743,0.143109053241876,0.14173433327820173,0.1417287671816975,0.1422981094141095,0.3919619819703845,0.10728423728830935
neg_1325,GLLGFVGSLLGGLGI,15,0,development,4,839,7.428839099910758e-08,6.274970480829979e-08,6.851904790370368e-08,1.0000000000000008e-06,6.543699491313843e-08,0.006074063854684677,2.4908943291786005e-06
neg_1326,VTAKAVAAAEAASSAR,16,0,development,4,1484,3.8253812966549047e-07,5.163755001221431e-06,2.7731465654434607e-06,2.2723915510420285e-06,4.0502385596134115e-06,0.009763291926385507,0.00029814781090066103
neg_1327,SADPNFLRF,9,0,development,1,53,0.0007976675352897023,5.0702718227272464e-06,0.00040136890355621475,6.36170214991598e-05,0.0002545247498625741,0.02073854382304715,0.00016694650646162246
neg_1329,ETISFNFNQFQQND,14,0,development,3,1474,3.0023230375448276e-07,2.9029845468223477e-12,1.501176033695148e-07,1.0000000000000008e-06,8.855518486808134e-08,0.007700307922887247,3.216458683989231e-08
neg_1330,DRVYIHPFHLLVYS,14,0,development,5,1485,0.3187568943135552,7.827023446923365e-08,0.15937848629189483,0.0006835684016021866,0.07798924089009635,0.018731543409245724,0.00021884586225694614
neg_1331,MLSKGVLSARLFNLIYG,17,0,development,1,1486,1.0017948306393455e-11,3.9572992720547295e-06,1.978654645001518e-06,1.989297148518142e-06,2.7118199210186595e-06,0.009537309093615448,1.3179607181056758e-05
neg_1332,GYEEREVAETVRELDAA,17,0,development,2,1487,1.4972768814632646e-07,2.32046824360678e-10,7.497986748534357e-08,1.0000000000000008e-06,3.6122997308033836e-08,0.004462528399727788,3.1965333703109407e-06
neg_1333,TEVTFKVGEGSSGKS,15,0,development,3,1488,4.483650102037091e-05,2.9162013677059544e-09,2.241970861086931e-05,6.696114976211553e-06,1.3226525316798751e-05,0.011938394080225064,1.1072471542965704e-05
neg_1334,CCSQDCLVCIPCCPN,15,0,development,2,787,6.467930963901673e-07,2.1094561973567093e-08,3.3394382918186724e-07,1.0000000000000008e-06,1.713124206206166e-07,0.004462528399727788,7.882730384883528e-05
neg_1335,RGDKDIFTVHDILKARGEI,19,0,development,4,1489,1.2949321919933703e-11,0.00010732494539416941,5.366247917174567e-05,1.0360229175049911e-05,8.232961887326294e-05,0.023311212686044556,3.7607653541224708e-06
neg_1336,AELPQGLWVRPRLG,14,0,development,3,881,0.00727025367740818,0.00022853935814719594,0.003749396517777688,0.0012921943653290652,0.002305484086889303,0.07888424593578401,0.01772073210539995
neg_1337,AADIFAKFKTSMEVK,15,0,development,5,1490,2.556493707611161e-09,0.0015309084878492583,0.000765455522171483,3.915529628837115e-05,0.001156346860844009,0.04396673106908528,0.0006867476505101534
neg_1338,ITAKPAKTPT,10,0,development,2,1021,0.9985280957913878,0.20591751778774067,0.6022228067895642,0.9298903903516875,0.3962076610749121,0.5855898141790288,0.39196801911795925
neg_1339,CVQSCSFGPLTWSCDGNTK,19,0,development,4,1491,2.992956724497032e-10,2.114083769588829e-12,1.5070487810964601e-10,1.0000000000000008e-06,7.132587525036503e-11,0.006074063854684677,3.450501721907797e-08
neg_1340,SDYLQLART,9,0,development,5,1213,0.007542088872621977,1.0201642439702582e-06,0.0037715545184329735,8.804137298885948e-05,0.0018460681890219417,0.012609666922333389,0.0001017397288194853
neg_1341,GLFDIVKKVVGAFGSL,16,0,development,4,839,2.4912243365181027e-12,1.7601217408770468e-09,8.813064826067824e-10,1.0000000000000008e-06,1.3507802424641202e-09,0.006074063854684677,1.483615498878933e-06
neg_1342,GGCCSHPACAANNQDYC,17,0,development,3,854,1.1853010564954713e-09,1.5748251135670615e-10,6.713917839260887e-10,1.0000000000000008e-06,4.6063629076952606e-10,0.007700307922887247,3.1845369361608053e-06
neg_1343,RTCIPIPLVMC,11,0,development,5,880,0.004076871064565823,1.2371049209322744e-08,0.0020384417178075163,6.397687319854256e-05,0.000997483733618139,0.011800349028873322,4.358943129596458e-05
neg_1344,TDRNFLRL,8,0,development,1,53,0.011084009348366786,3.9763390267702045e-08,0.005542024555878527,0.00010585782906476377,0.003488502283858031,0.01799544561182717,8.307777178210951e-05
neg_1345,KEGYLLGSRG,10,0,development,4,889,0.0003339845572490636,6.879032403941268e-06,0.00017043179482650243,4.793801873514649e-05,8.305992731853048e-05,0.018142055325374093,0.00024758166996107503
neg_1346,APAAGFFGMR,10,0,development,1,53,0.0012821691474867282,2.5940962951024616e-08,0.0006410975442248397,3.582910137345038e-05,0.00040355542446974206,0.014290899586260775,1.170906682690814e-05
neg_1347,LGIYSDAGTQTCSK,14,0,development,1,1492,0.03304749641980202,0.617164315615138,0.32510590601746997,0.19010361276913207,0.4333249775769245,0.47740913597837054,0.374221967927424
neg_1348,GFTPFRIY,8,0,development,3,830,2.1358438138366855e-06,0.16922713443344345,0.08461463513862864,0.0006591628044804273,0.11931443521604493,0.15468618628932462,0.6731409789307424
neg_1349,DVNGGGHTLPQPLYQTTVVL,20,0,development,2,888,9.169545169987281e-07,3.936038505771481e-08,4.781574510282215e-07,1.0000000000000008e-06,2.50053400959236e-07,0.004462528399727788,1.7469650934744733e-05
neg_1350,FLSLIPHAISAISAIADHL,19,0,development,2,875,3.3325462920469745e-09,6.030905322463022e-08,3.1820799758338595e-08,1.0000000000000008e-06,4.6630119370994604e-08,0.004462528399727788,1.6329516272429117e-05
neg_1351,FFPIIAGMAAKVICAITKKC,20,0,development,4,935,3.4557790008328426e-09,1.889955306831657e-13,1.7279839981817628e-09,1.0000000000000008e-06,8.049749715134244e-10,0.006074063854684677,5.131174558864675e-09
neg_1352,FENEDEGYFQDPEDCS,16,0,development,2,1493,0.0006864923925710128,3.81563481923934e-06,0.0003451540136951261,5.119516905090682e-05,0.0001677128393942821,0.01227376327839059,0.0003180500712786092
neg_1354,MELGLEPADDFKEKLIKLSA,20,0,development,3,1494,9.847289214507516e-12,4.1336310336114715e-09,2.0717391614129896e-09,1.0000000000000008e-06,2.9173262359330947e-09,0.007700307922887247,1.6648825059200486e-07
neg_1355,NAKPP,5,0,development,4,4,0.9999944736509361,0.9999588242981733,0.9999766489745547,0.9999849150716494,0.9999671268164443,0.9865946711374322,0.9764426699059795
neg_1356,VIGGDECNINEHRSLALVY,19,0,development,4,1035,5.864193727214807e-10,3.0382458229882646e-06,1.5194161211804931e-06,1.7430569412694493e-06,2.3307933520380472e-06,0.008377035317600786,4.445594533830823e-05
neg_1357,GGETSGETKGMWFGPRL,17,0,development,2,785,5.7930086027216576e-05,1.1356012040032496e-09,2.896561081421029e-05,7.611347985035288e-06,1.390873232392988e-05,0.006479384010841927,5.0749093800915355e-06
neg_1358,QKVAVRLKEVVYTLSPHQQN,20,0,development,4,1495,7.352762702901824e-09,0.00742629331124218,0.0037131503320024413,8.649028319740524e-05,0.005696756304869446,0.0759554400786306,0.00626225810003592
neg_1359,MRVKLFQLRGMLSGSRIL,18,0,development,5,1496,3.267929142529539e-13,0.0023620329219924503,0.0011810164611596216,4.865590720618369e-05,0.0017841222378293393,0.04970263364016391,0.0008018625751944608
neg_1360,SLVSLNEPKDEIYMESQP,18,0,development,1,1497,1.0013246757887404e-07,0.004654080370749193,0.002327090251608386,6.837548820191301e-05,0.00318933116625402,0.059091108290568,0.008937909436159509
neg_1361,FDLLGLLKKVVSGL,14,0,development,5,1148,1.2551629905093306e-10,9.713550885100846e-07,4.857403024045678e-07,1.0000000000000008e-06,7.33727601861796e-07,0.005214380949955825,2.2511797079010602e-05
neg_1362,APLTNEYLNHLCHKC,15,0,development,2,1498,1.4042410931055487e-09,0.12308722249723511,0.061543611950738104,0.0003745120751535402,0.09353641206318888,0.15144522636072527,0.04329399140723044
neg_1363,NSGGGEGSGMWFGPRL,16,0,development,2,785,0.000715386205555678,3.5990029459454215e-13,0.0003576931029577891,2.6755574319936522e-05,0.0001717500971542734,0.008159329165266484,1.0467163294341859e-07
neg_1364,GIGGKPVQTAFVDNDGIYD,19,0,development,3,1499,5.1952369387327797e-11,1.3804158536272918e-05,6.902105244321153e-06,3.715408499822768e-06,9.732654765378453e-06,0.014787392966207968,0.00022202009002942095
neg_1365,GGSSGLISMPRV,12,0,development,5,45,5.785932277847484e-05,2.462817256689204e-07,2.9052802252071882e-05,7.606697591657963e-06,1.434227152587263e-05,0.007772338603956436,5.190824240199307e-05
neg_1366,MADEALQHTFFA,12,0,development,4,1500,1.9675527359580084e-05,0.4155606760774483,0.20779017580240394,0.0037264352325831317,0.31878369467183565,0.2905930281924155,0.11199688401787761
neg_1368,EPYAFGL,7,0,development,1,53,0.9994053380078444,9.950350494585013e-06,0.49970764417916946,0.11450937850119568,0.3145500910683565,0.10890509073111278,0.010034173298943901
neg_1369,WVDADLNGLR,10,0,development,5,1501,0.8234985406433459,0.9697784679849863,0.8966385043141661,0.9244478030510198,0.9339886480743799,0.8000127081052498,0.9716086304462614
neg_1370,GHAKKDKKIQKK,12,0,development,3,1110,0.8808683516721536,4.8676663232359827e-08,0.44043420017440843,0.002711832189641341,0.2598110401021849,0.04664888077117231,1.165079607950858e-05
neg_1371,TVAACNSPKVGLDSDAELVR,20,0,development,1,1502,5.890735992953745e-08,0.0010349635664694407,0.0005175112369146851,3.218649049106886e-05,0.0007092475774564083,0.040418344517325164,0.0030136987394259055
neg_1372,DASFSSWG,8,0,development,5,954,8.172484675770381e-07,9.659527780732285e-10,4.0910721017755566e-07,1.0000000000000008e-06,2.0068306182886254e-07,0.005214380949955825,1.4906277434682859e-06
neg_1373,QGGAGWPPIPP,11,0,development,1,53,0.05148239532999558,1.6426975250673107e-06,0.025742019013760324,0.0002985081362919604,0.016204202142226575,0.024188916833062058,2.346083751244644e-05
neg_1374,RVCFAIPLPICH,12,0,development,5,880,0.0002981379271259671,9.685409116198216e-06,0.00015391166812108267,5.374166423513939e-05,8.026012062955187e-05,0.017727039848652457,0.0018425179469896322
neg_1375,TYKKPPFNGSIF,12,0,development,2,1421,1.0747184182343407e-05,2.036592870479973e-12,5.373593109468139e-06,3.2782983340749752e-06,2.5801881799561887e-06,0.005550884375525815,1.2625815152974053e-07
neg_1376,NQDCRPGWSFYEQNCYKVF,19,0,development,5,1503,1.5968844067276495e-09,3.762025978887188e-13,7.986303046627691e-10,1.0000000000000008e-06,3.909885179715557e-10,0.005214380949955825,6.603704677745129e-09
neg_1377,ECCNPACGRHYSCGK,15,0,development,2,804,3.1853549805010024e-06,8.40490301772147e-10,1.5930977354013873e-06,1.7847568299862121e-06,7.653795154638828e-07,0.004964054754367936,6.693408076404615e-07
neg_1378,GFIGDIWSGIQG,12,0,development,4,946,7.831061040118541e-07,1.399093911791885e-07,4.615077475955213e-07,1.0000000000000008e-06,2.897060086863818e-07,0.006074063854684677,6.5803822654453065e-06
neg_1379,NSELINAILGSPTLMGEV,18,0,development,3,807,1.8761268328540014e-08,1.5549350478685683e-08,1.7155309403612847e-08,1.0000000000000008e-06,1.649670158453227e-08,0.007700307922887247,3.003263499511187e-06
neg_1380,QGRPPGPPIPP,11,0,development,1,53,0.09618627361217788,2.0831129541510927e-06,0.04809417836256601,0.0004706190581728832,0.030274174807690096,0.027608868820030854,3.1864750182394635e-06
neg_1381,MPDPAKTAPKKKSKKAVT,18,0,development,2,1504,1.0818813805930427e-07,1.5306944088068742e-13,5.409414556437258e-08,1.0000000000000008e-06,2.5973951220765495e-08,0.004462528399727788,4.272928364607953e-09
neg_1382,MNNSTKFCFSRFRTGN,16,0,development,3,1505,9.856083475889759e-09,1.786135893373915e-14,4.928050668624346e-09,1.0000000000000008e-06,2.907051943705018e-09,0.007700307922887247,5.69575733739184e-10
neg_1383,SGGGNVIMNQMNKRNHAKD,19,0,development,4,1506,9.77025646432469e-10,0.4677360599593719,0.23386803046819876,0.0009365483284119275,0.3588031656771078,0.24787672033817773,0.14666749075771995
neg_1385,DVSLPAEGFR,10,0,development,5,1507,0.9914364692906892,0.994897488823689,0.9931669790571891,0.9933882591565376,0.9940506927659917,0.9036555913715402,0.9847903293622282
neg_1386,ATFDIVNQCTFT,12,0,development,1,1508,1.0286860953396703e-05,0.4361020300139574,0.2180561584374554,0.0028126404728860146,0.29885068790122715,0.23834998254501516,0.3701834158530417
neg_1387,GNALGKEGLKAI,12,0,development,2,1509,0.00113777054124316,0.06967958490428054,0.03540867772276185,0.00915204331239831,0.05322404918690953,0.21951454780620805,0.1737473763832879
neg_1388,KEQPEFVPY,9,0,development,3,1510,0.9997568513640358,5.947388413916405e-05,0.4999081626240875,0.3308906220473021,0.2949189504770614,0.22189424824994863,0.012641011876975744
neg_1389,AIVGRPRF,8,0,development,5,1064,0.34634469817882796,3.4166760750797136e-09,0.173172350797752,0.0007273845647219848,0.08473899992698421,0.018959144225114685,2.8869118924422726e-05
neg_1390,TNDFMRF,7,0,development,1,53,0.02499871313891862,2.982863121791844e-09,0.01249935806089087,0.0001600983712972331,0.007867857795243606,0.019646490850294473,4.557987610290361e-06
neg_1391,DEGPKSDCKP,10,0,development,4,1511,0.061811292039051925,0.44612477626125496,0.25396803415015345,0.18723113536969596,0.3566204942114378,0.47609785213202027,0.7847316762395037
neg_1392,DPSFNSWG,8,0,development,5,954,1.4148304347412886e-06,2.108594886784866e-10,7.075206471149835e-07,1.1894664709567374e-06,3.4632109320560077e-07,0.0053956341282180775,1.2472934444496746e-06
neg_1393,LPLDDLSDT,9,0,development,5,1512,0.00011388053689212249,0.0005310822807113973,0.00032248140880175986,0.00024594552040488413,0.0004290069273185168,0.05096309336247864,0.007304010458791057
neg_1394,DCCPCPAGAVRCRFACC,17,0,development,1,1513,1.7672942651797386e-09,8.288185493096978e-11,9.250880600553542e-10,1.0000000000000008e-06,6.13017698151623e-10,0.006642723419556829,4.1731386469754927e-07
neg_1395,EITVEPVRHPKKDPSEAE,18,0,development,2,1514,0.03744845681632238,0.7930459068330733,0.41524718182469783,0.27855934458892995,0.6116418844526815,0.5697558344873245,0.35269446721248293
neg_1396,CKQSCSFGPFTFVCDGNTK,19,0,development,4,1491,1.3043157747949327e-11,2.8167939341120145e-14,6.535662843645223e-12,1.0000000000000008e-06,3.059280212340737e-12,0.006074063854684677,3.06657604251609e-09
neg_1397,APPGFTPFRS,10,0,development,3,830,8.236044243370833e-05,1.6675857022402927e-10,4.1180304596139275e-05,9.075561335249388e-06,2.4292225860334108e-05,0.012803078674757265,6.746397309417605e-06
neg_1398,ESLPLAAFHQVDVYTAK,17,0,development,3,1515,1.5708967408999845e-06,0.000636031766863646,0.000318801331802273,3.16182616240729e-05,0.0004488983359901166,0.039781542403088864,0.018058214353195618
neg_1399,DEPPQTPWDRVKDLVTVYVE,20,0,development,4,1516,6.628132975670746e-07,0.0008162245301751083,0.0004084436717363377,2.8580507694350337e-05,0.0006262851475271775,0.04133220682227613,0.003043287278988192
neg_1400,MLLHRLSKFCKIERDIVYIS,20,0,development,5,1517,4.654751917737995e-13,6.651587339670859e-06,3.3257939025730255e-06,2.5790703606485304e-06,5.024165856262381e-06,0.009102269755490751,1.8664142675505812e-05
neg_1401,KRRPPGFTPFR,11,0,development,3,830,5.2849732011099646e-05,3.827750043426504e-11,2.642488514430004e-05,7.2699250092217744e-06,1.5587988574687922e-05,0.012166349320884255,6.38884420720479e-07
neg_1402,AVPDVAFNAYG,11,0,development,1,1518,0.0017294738512721823,5.166526177939219e-06,0.0008673201887250607,9.460023785584852e-05,0.0005478585131274896,0.022619750768881865,0.000401710579076795
neg_1403,GLLGLGYGGY,10,0,development,2,1519,0.9555235815787638,0.009124260776522022,0.48232392117764294,0.30785299944551653,0.23633604340997522,0.26683548549193226,0.02695790634244253
neg_1404,TDPLWQLPGAHLEQYLS,17,0,development,3,1520,0.0004148943099684117,0.9920263640495856,0.496220629179777,0.18516605346031786,0.6995518157137403,0.628850897976518,0.9796151293537299
neg_1405,APQEPNQFQLLKYH,14,0,development,4,1521,0.7932612428218132,0.9543426084472425,0.8738019256345279,0.8995538302558671,0.9168277343306418,0.7745010175747749,0.882327793834785
neg_1406,EKDCYHERDC,10,0,development,5,1522,0.0007016642139461549,6.019376620041184e-05,0.0003809289900732834,0.00020554959869229864,0.00021714019227551522,0.032638424420856,0.0005183751720015231
neg_1407,MKITPLGDNVVIKKLLATA,19,0,development,1,1523,1.85267238564042e-12,5.354677738136584e-13,1.1940700797270391e-12,1.0000000000000008e-06,9.50032148509629e-13,0.006642723419556829,1.0142541976041648e-07
neg_1409,GHGGASNYVRL,11,0,development,4,892,0.0017309774619826176,1.1965026123493153e-05,0.0008714712440530554,0.00014401866539173126,0.0004123126075196218,0.024707279785781362,0.000988763521723535
neg_1410,MTSDYRVSPIKKSRPAMSK,19,0,development,2,1524,2.6639201424539245e-08,2.6640413016055214e-05,1.3333526108739877e-05,5.161479862686217e-06,2.025097162687514e-05,0.012282776863537577,2.9553811821821294e-05
neg_1411,GSNIEVMLGLPNSDVK,16,0,development,3,1525,6.55876753657091e-07,0.01561762887694211,0.0078091423768478834,0.00012594216454796958,0.011011422450343812,0.08105277255059809,0.20648712347294393
neg_1412,GPVEIYYLQSADAKG,15,0,development,4,1526,2.512539324683361e-05,0.004708029814353054,0.0023665776037999436,0.0003446327488341332,0.0036174097468128588,0.08865898377326797,0.04597344006226504
neg_1413,EEEDKKEDVGTVVGI,15,0,development,5,1527,7.1263746374708346e-06,0.9980333626133985,0.499020244494018,0.056726241453455256,0.7538496259232466,0.706427492037098,0.3606292874376334
neg_1414,KRTKAPFSRVVKFSIDEIRN,20,0,development,1,1528,1.5573594770600611e-10,6.030210352309152e-06,3.015183044128429e-06,2.4556512638929175e-06,4.132368666234633e-06,0.01065186206741734,4.466382158658156e-06
neg_1415,DFIGSSTNVIMVASTTLMLF,20,0,development,2,1529,8.048000703467181e-12,7.551413710561634e-09,3.779730855632551e-09,1.0000000000000008e-06,5.740400608248683e-09,0.004462528399727788,7.036618298640811e-06
neg_1416,QEYTGWMDF,9,0,development,3,927,2.28710373753505e-05,1.194260912495711e-08,1.1441489992237729e-05,4.782401549596197e-06,6.754203687320908e-06,0.011048387173817715,0.0003181137059555128
neg_1417,SRLPPATRDKLADEITFFPA,20,0,development,3,1530,3.15902182990378e-06,1.5322544838031762e-06,2.345638156853478e-06,2.2000969915599393e-06,2.0120674542231445e-06,0.009779888376171497,3.102339456111848e-05
neg_1418,YYTVLFGVSRALGLPLERPK,20,0,development,4,1531,9.609293775231839e-10,4.6461942002129166e-07,2.3279017469940742e-07,1.0000000000000008e-06,3.5663616670047365e-07,0.006074063854684677,0.0004175904704590677
neg_1419,NFSCPPDWYAYD,12,0,development,5,1532,6.974084778247667e-05,0.00036921497321138776,0.00021947791049693223,0.000160475559280233,0.00029594364192370767,0.04391564079567654,0.006892798594778903
neg_1420,SKSLFYQKQYDNINE,15,0,development,1,1533,1.8922935277229506e-07,1.4749868199211267e-07,1.6836401738220386e-07,1.0000000000000008e-06,1.6063259397685526e-07,0.006642723419556829,2.4446723040335174e-05
neg_1421,VDPAQVSGSWRTAAIASD,18,0,development,2,1534,0.00011610259108373086,0.0028942378663073852,0.001505170228695558,0.000580217212438974,0.0022272624634242025,0.0765733884455211,0.030620706138914856
neg_1422,IDWLKLGKMVMDVL,14,0,development,2,788,2.3708195461504095e-09,1.36064254441397e-10,1.2534419002959033e-09,1.0000000000000008e-06,6.725848567050675e-10,0.004462528399727788,8.21424039856298e-07
neg_1423,LTCYKGYHDTVVCKP,15,0,development,3,1535,1.4332872934655085e-07,0.00746453813475182,0.0037323407317405833,8.671435743888262e-05,0.005262924331247595,0.06813310059998336,0.01960205730060353
neg_1424,VKVYNQFGTKVELGVSMRIF,20,0,development,4,1536,1.668067705930851e-10,0.0033341390555680977,0.0016670696111874342,5.7835189387798464e-05,0.0025576383087964416,0.06104599908325392,0.0010450726206264783
neg_1425,DVLELTDENFESRVSSDTG,19,0,development,5,1537,1.7191639473654415e-08,3.557891648475834e-09,1.0374765561065125e-08,1.0000000000000008e-06,6.8936150675212e-09,0.005214380949955825,3.11420528180967e-06
neg_1426,AGGTSGLYAFPRV,13,0,development,5,45,1.8596350847284117e-05,1.823312465703727e-07,9.389341046927245e-06,4.312372303398845e-06,4.6876277511326955e-06,0.00695200686481927,2.8690712486116636e-05
neg_1427,AMAGTATVQGQGTR,14,0,development,1,1538,0.990364840667783,0.03664048905343377,0.5135026648606084,0.6641159824108698,0.336806564930583,0.4457913839018807,0.6181056384890418
neg_1428,FLFVGDL,7,0,development,2,1539,0.786886436107517,0.0018266078478659947,0.3943565219776915,0.07595611546627562,0.19030396527198531,0.1576681598583233,0.30952708620445957
neg_1429,MDSVSVNQIL,10,0,development,3,1540,0.0005583702041319689,4.431047057527221e-11,0.00027918512422121973,2.3635911335209086e-05,0.00016469061645652404,0.01594875928491079,1.7133842443821143e-07
neg_1430,QLASDDYGHMRF,12,0,development,4,1541,1.8763743976058822e-08,2.5728944464555106e-07,1.3802659431080495e-07,1.0000000000000008e-06,2.0173825410624424e-07,0.006074063854684677,1.3672990529255993e-05
neg_1431,QQGEGGPYGGLSPLRFS,17,0,development,5,1542,0.00021585503174316963,1.5499960547597327e-06,0.00010870251389896469,1.829303031657973e-05,5.3983291398904634e-05,0.010058024919339105,8.312791997191693e-05
neg_1432,EQYMVAFWM,9,0,development,1,1543,0.010257174525064312,0.6999181208451662,0.3550876476851153,0.13455394284517172,0.48286083422747633,0.4696560720523537,0.7284576845023948
neg_1433,VERYAFGL,8,0,development,1,53,0.5041679351669419,0.0011809508314705567,0.2526744429992062,0.03351117405820092,0.15948626100804256,0.16290671009652546,0.017987838540487022
neg_1434,FFTTFDKDNDDQQNDN,16,0,development,2,1544,1.04460608180787e-08,3.27872339729934e-06,1.6445847290587092e-06,1.8107251454390503e-06,2.494074567318203e-06,0.006442085553207189,0.0015956387809730808
neg_1435,ESGINLQGDATLANN,15,0,development,3,1545,8.724725562475996e-06,2.230398929514389e-08,4.37351477588557e-06,2.95377027994586e-06,2.5890722213251034e-06,0.009887331576722535,2.1986197249302963e-06
neg_1436,SPPSQDFMRF,10,0,development,1,53,2.2757643699417834e-06,8.712543185257788e-14,1.1378822285336077e-06,1.50856387287371e-06,7.162523598477105e-07,0.007255849468656481,5.080747909392427e-09
neg_1437,ARDGYIVDEKGCKFACFIN,19,0,development,4,1546,4.325509276854106e-11,6.694816196821813e-09,3.369035644795177e-09,1.0000000000000008e-06,5.145707915248844e-09,0.006074063854684677,1.9572237402895597e-07
neg_1438,MRNIKVKPFLN,11,0,development,5,1547,3.0973655461433273e-07,0.016347384496481435,0.008173847116518024,0.00012889839120217334,0.012347800463625155,0.08519498498905949,0.029139151160313036
neg_1439,RTCIPIPPVCF,11,0,development,5,880,1.916064261110901e-05,1.2946591940893587e-08,9.586794601524952e-06,4.377312093300842e-06,4.697749248620821e-06,0.006972466631714393,2.214839070299163e-05
neg_1440,QKKDKKDKFYGLM,13,0,development,1,53,2.5255800962289935e-08,2.198964500260083e-12,1.2628999963395097e-08,1.0000000000000008e-06,7.950275995991478e-09,0.006642723419556829,8.504182478037951e-08
neg_1441,MFYLSDLLLHVIGFG,15,0,development,1,1548,5.817331093507454e-12,0.02194734467232586,0.010973672339071596,0.00014977696939073892,0.015039847434452008,0.08690393712912654,0.006047815113803255
neg_1442,GLLGSIGNAIGAFIANKLKP,20,0,development,2,1549,2.0105573445401626e-10,3.875175632330632e-08,1.9476406028880166e-08,1.0000000000000008e-06,2.949649460657486e-08,0.004462528399727788,4.1942552680453905e-06
neg_1444,MADQLTEEQIAEF,13,0,development,3,1550,0.00739517974199626,1.040650934576723e-08,0.0036975950742528033,8.630757408948606e-05,0.00218120624506855,0.02144256347101975,3.0690898715195104e-05
neg_1445,VVSLSIPR,8,0,development,4,1551,0.9999871589670385,0.24038507778803225,0.6201861183775353,0.9936702284178479,0.4172918003222971,0.7195651519489359,0.0724362312783581
neg_1446,APSSGFFGTR,10,0,development,1,53,0.00020373874597632598,2.306110710618972e-07,0.00010198467852369394,1.4274965842877221e-05,6.428081400463617e-05,0.011742529472854079,9.737155923956784e-05
neg_1447,MDETIVTDKGVAEFSFFKF,19,0,development,5,1552,1.086602067936126e-10,0.0008909550307273347,0.00044547756969377073,2.9861298939578296e-05,0.0006729680738786496,0.03769438974757576,0.0005217668245679039
neg_1448,CCPPVIWCC,9,0,development,2,836,2.741600378293625e-05,1.8974312567323603e-09,1.3708950607096491e-05,5.236076369344133e-06,6.583482853558338e-06,0.0060493809349165505,6.00993847122337e-06
neg_1449,IWSGIQSAF,9,0,development,2,1553,0.010047059265199393,7.232778255723148e-07,0.005023891271512483,0.00010073228242733766,0.0024126501024252247,0.010400101375355707,2.586888866491182e-05
neg_1450,AKLDFDRSKEHVNVGTIGVH,20,0,development,1,1554,6.712318136167872e-11,8.551485684723797e-08,4.279099001429983e-08,1.0000000000000008e-06,5.862185483500334e-08,0.006642723419556829,5.530402424038686e-06
neg_1451,INLKALAALAKKIL,14,0,development,4,1001,1.7946408728495654e-07,8.273833611732989e-08,1.3110121170114322e-07,1.0000000000000008e-06,1.052651775356293e-07,0.006074063854684677,1.4876448491620376e-05
neg_1452,AAGQDNFMRF,10,0,development,1,53,0.0006213415212089698,2.0861208078506455e-09,0.00031067180366488886,2.493386140283003e-05,0.00019555651408780393,0.013227649765188532,1.966053510925763e-05
neg_1453,IGGIISFFKRLF,12,0,development,2,928,2.4568775345670004e-08,1.2666386848108056e-06,6.456037300782378e-07,1.1254504452640064e-06,9.684422342409555e-07,0.004801129852327603,0.00010393977623496738
neg_1454,ILGKFCDEIKRIV,13,0,development,2,1555,1.030847329072005e-06,0.009875991570474795,0.0049385112089019335,0.0001013908870693333,0.007505208561628875,0.07293391223405342,0.0009465356367468857
neg_1456,MKVYTDIFTRDEFLSDSYPM,20,0,development,3,1556,7.245132878358559e-07,2.75639097790292e-05,1.4144211533432527e-05,5.250181682114945e-06,1.9647663743240908e-05,0.017544935416372046,6.735767972971086e-05
neg_1457,DEPKPDQFVGLM,12,0,development,1,53,0.003611128193180937,1.5074095759102464e-08,0.001805571633638348,6.0197865389849177e-05,0.0011365422610859401,0.015960670168255503,5.6226817142013003e-05
neg_1458,PTHIKWGD,8,0,development,4,1557,0.9573527437443853,7.117433196381656e-08,0.47867640745935863,0.004715609730886908,0.2229617083395622,0.028984130936966324,0.0001433085742962516
neg_1459,LVPFRPRL,8,0,development,3,223,0.006948499995990738,0.8933453305791883,0.45014691528758954,0.19490628009514224,0.631903706936795,0.5444037753816948,0.9390797257492244
neg_1460,RPPGFSPF,8,0,development,3,830,0.9882526599038257,6.398113551600745e-08,0.4941263619424806,0.009088647214508815,0.29148391673458635,0.06098366757868781,3.867808645609207e-05
neg_1461,GVGCSSGCHKVGGQCRCG,18,0,development,5,1558,2.3824097393904445e-05,1.244733352047657e-12,1.1912049319318898e-05,4.881030243938948e-06,5.828963059298643e-06,0.0071233801075213975,9.963657989804336e-08
neg_1462,LIPNDQLRSI,10,0,development,1,1559,0.00010095222956287146,0.2520517998109716,0.12607637602026722,0.005799134183620056,0.1727552010563935,0.24323650003708785,0.48398572765250936
neg_1463,ANDPQCLYGNVAAKF,15,0,development,2,1560,7.338261793566854e-06,0.03548861962443215,0.01774797894311286,0.0005193539731608897,0.02697026483346458,0.12396363114674495,0.019274689516151102
neg_1464,SIPLPSLNFEQFGNMIQCTI,20,0,development,3,1561,2.2543899591114743e-07,1.3934371828592767e-11,1.1272646514148802e-07,1.0000000000000008e-06,6.650277104755299e-08,0.007700307922887247,2.6908144990218257e-08
neg_1465,RPSFNSWG,8,0,development,5,954,4.807419921166632e-06,2.677178685877046e-11,2.4037233464767454e-06,2.1925844929132905e-06,1.1762355530090768e-06,0.006085938679253454,2.2381241162831446e-07
neg_1467,QADPKTFYGLM,11,0,development,1,53,0.004673253688424237,7.016885265823311e-11,0.002336626879296545,6.851683621532134e-05,0.0014708151938426887,0.016406298735640562,8.312394232774685e-07
neg_1469,LAEQAERYEEMVEFMEK,17,0,development,4,1562,1.565973554160726e-06,5.304905537495433e-09,7.856392298491108e-07,1.2513886898659912e-06,3.687751782378839e-07,0.006333117545118301,1.5940312340172413e-05
neg_1470,DEVKIVLD,8,0,development,5,1563,0.999896194251471,0.33747487782055086,0.6686855360360109,0.9859247069537781,0.4995472827694475,0.7140840924075635,0.37475133299021324
neg_1471,DGYTPRL,7,0,development,1,1564,0.9997713631767227,1.477851329947449e-05,0.49989307084501106,0.2026865500712975,0.31466859892042187,0.13081823554681762,0.001971412131430404
neg_1472,GFGSLLGKALKIGTNLL,17,0,development,3,1114,1.5684699145396459e-12,4.7341178943267774e-14,8.079055467414569e-13,1.0000000000000008e-06,4.959961748571899e-13,0.007700307922887247,5.7737493246775386e-09
neg_1473,METTNESLGYTDQIIGPVLD,20,0,development,2,1565,4.84773015342202e-08,0.0002596558040961344,0.00012985214069883433,1.6115679672076806e-05,0.00019732921297421185,0.02461849335061791,0.005380514198222759
neg_1474,SIYERCELARELINR,15,0,development,3,1566,2.6403086979914724e-08,8.984716873694923e-08,5.812512785843198e-08,1.0000000000000008e-06,7.113441709709215e-08,0.007700307922887247,1.2765309531741764e-05
neg_1475,QIPWFHR,7,0,development,4,1567,0.897280181516201,0.6497693572531771,0.7735247693846891,0.8010220278603501,0.7074131286395898,0.6468808884099951,0.7761544701647343
neg_1476,VDKGSYLPRPTPPRPIYNRN,20,0,development,5,1568,1.1443553778212296e-08,0.0009308342324563572,0.0004654228380050677,3.05228692656428e-05,0.0007030929381521417,0.038167912231142284,0.00850236006302827
neg_1477,ADDKNPLEECFCEDDDYCEG,20,0,development,4,1287,5.85434859292685e-10,1.2756411467824218e-11,2.9909563538025464e-10,1.0000000000000008e-06,1.4612975230103801e-10,0.006074063854684677,1.060558139820691e-09
neg_1478,AAKIKKGDNVVVLTG,15,0,development,1,1569,7.038451382352082e-11,2.532954851338189e-10,1.6183999947866987e-10,1.0000000000000008e-06,1.957278363680558e-10,0.006642723419556829,5.731099142242325e-07
neg_1479,LPTGPNNPTTLDNSSII,17,0,development,2,1570,0.0018076095118420151,0.9401443457482811,0.47097597763006155,0.14431281198823048,0.7148682304082873,0.6073219781227605,0.742713123525567
neg_1480,SDRNFLRF,8,0,development,1,53,3.7305942885561e-05,1.4952753841072597e-11,1.865297891915742e-05,6.10793878794905e-06,1.1741325715755624e-05,0.009792611210233596,1.2976084952943225e-07
neg_1481,AVREYHWFVE,10,0,development,3,1571,0.016079405175625942,0.13497688783316572,0.07552814650439583,0.04807017965730331,0.09990822576165477,0.32648448401561203,0.4272303503173592
neg_1482,QHWSHDWKPG,10,0,development,5,1320,0.0007852423038210856,3.8200250112491483e-07,0.00039281215316110525,2.8032411976622605e-05,0.00019241114381742344,0.010039528515341548,4.9580746993291356e-05
neg_1483,VVGGAECKIDGHRCLALLY,19,0,development,4,1035,1.5132512967872813e-09,3.3187480970984674e-07,1.66694030503317e-07,1.0000000000000008e-06,2.549356043044921e-07,0.006074063854684677,3.358369250512704e-05
neg_1484,VRDAYIAEDYDCVYHCARDA,20,0,development,4,1572,7.761822255357852e-10,0.0032044527107028993,0.0016022267434425625,5.669561657144406e-05,0.0024581552698444598,0.060384629889876876,0.0008817141451548275
neg_1485,GDGTGPGPGP,10,0,development,5,1573,0.9999999971390725,0.9956457609874129,0.9978228790632426,0.9999338735503934,0.9967110973636895,0.960188118625004,0.9971856421887431
neg_1486,HYQEVPRQIQEKLIKGQ,17,0,development,1,1574,0.02128646517750187,0.0006517425703472533,0.01096910387392456,0.0037520707903506046,0.007146117702238255,0.09884407233127206,0.032903995849266676
neg_1487,QSSFHSWG,8,0,development,5,954,6.947210288523972e-07,4.7430106655788905e-08,3.710755677540931e-07,1.0000000000000008e-06,2.0580060872119703e-07,0.005214380949955825,8.393026986289569e-06
neg_1488,CCTPFYFCCNN,11,0,development,2,1575,0.0001086792681402585,6.14411375708623e-08,5.437035463891468e-05,1.042539797861668e-05,2.61384358654756e-05,0.0068644465874288735,3.698973523362617e-05
neg_1489,KMLGVVAKKPMSDYE,15,0,development,3,1576,1.8592668852287447e-05,0.5187373921927433,0.2593779924307978,0.0044567446942562995,0.3657419385964882,0.2635371380217279,0.30805466729726316
neg_1491,TRRFDDVLDEVKGFFEVH,18,0,development,4,1577,1.8013450473307788e-09,1.965781906732308e-09,1.8835634770315435e-09,1.0000000000000008e-06,1.9274855584450564e-09,0.006074063854684677,1.2873811080394796e-06
neg_1492,SDAVADGDHAISGVVDS,17,0,development,4,811,4.693804931799619e-05,1.383451985677005e-06,2.4160750651836597e-05,8.058450774748528e-06,1.1992841704462683e-05,0.00954239436008946,0.0001062087937473781
neg_1493,GLGNNAFLGVR,11,0,development,1,588,0.0002510706920960101,3.5127075175605517e-07,0.0001257109814238831,1.584695668565395e-05,7.926030219643667e-05,0.012007585126953465,5.641200383679903e-05
neg_1495,LSLHEYMSMELLQEAGVSIP,20,0,development,5,1578,2.0648637676319884e-07,0.03676865053893722,0.01838442851265699,0.00019533897985561722,0.027772638475293328,0.10644628982066155,0.12118295486496541
neg_1496,MIFNDLIGNNNIGD,14,0,development,1,1579,1.644082325923139e-07,7.291892402515772e-05,3.6541666128875016e-05,8.539500514525378e-06,5.002086394015414e-05,0.02041991047484025,0.00047756589240203015
neg_1497,ALLHHGLNCAKGVLA,15,0,development,4,1440,2.038412585709348e-05,0.0462709054346827,0.023145644780269897,0.00099348262738703,0.035499439238136886,0.1582306300753433,0.04810713934928699
neg_1498,QKKDKKDRFYGLM,13,0,development,1,53,5.518925230503679e-08,7.480132746272597e-12,2.759836621889153e-08,1.0000000000000008e-06,1.737486305095141e-08,0.006642723419556829,1.0281342858197748e-07
neg_1499,MKNSVAEH,8,0,development,2,1580,0.20650593580277274,0.041160720059760646,0.1238333279312667,0.09559316436038809,0.08085684028418853,0.28093074015480535,0.4393190013765851
neg_1500,GANDFMRF,8,0,development,1,53,0.0002460642072119859,7.925784024678129e-10,0.0001230324998951942,1.5688125873202736e-05,7.744443702606028e-05,0.011981772170101743,2.3794788588288967e-06
neg_1501,FKSLTKYSPGRQN,13,0,development,3,1581,0.003775832917087328,0.00018269777179805074,0.0019792653444426897,0.0008315203341949573,0.0012424884365874415,0.069748039428332,0.0038576754405524635
neg_1502,MRNYSFGL,8,0,development,1,53,0.005980987969587102,0.000145254423020803,0.0030631211963039525,0.00093407015204035,0.001981937355119996,0.060251013525788155,0.022283570730069705
neg_1503,AMPMLRL,7,0,development,4,1582,0.9981596783843703,0.0005846189466659948,0.4993721486655181,0.36031521271939126,0.23291380631952202,0.20476867752277114,0.0065358406557993335
neg_1504,EAAGLIPFPRVG,12,0,development,5,45,0.03770874215527567,2.565125070085987e-09,0.01885437236020037,0.00019791650236897283,0.009226073588768997,0.01471394639121967,4.036332272506297e-05
neg_1505,RGSNLTHPLRNI,12,0,development,2,970,0.5053206008496914,3.970899682946123e-06,0.2526622858746872,0.002009986336868341,0.12132051219637918,0.02410679249607966,0.00021968287652044603
neg_1506,GPSSGFFGMR,10,0,development,1,53,2.0462305899208126e-05,1.4589366254858425e-08,1.0238447632731493e-05,4.523556117497734e-06,6.45010799588376e-06,0.009182622190618113,0.0001685426049529839
neg_1507,ASGQDFMRF,9,0,development,1,53,1.4987828914940696e-05,5.733649162322883e-11,7.4939431257161596e-06,3.871427707082839e-06,4.717165139423431e-06,0.008881368025285292,1.760682585800934e-07
neg_1508,GGETGNDAKAMWFGPRL,17,0,development,2,785,1.3003316869690254e-06,2.063720655287601e-11,6.501761620877891e-07,1.1403208814068587e-06,3.121996351205256e-07,0.004571598345887216,1.7629957663250874e-06
neg_1509,QRWPSPK,7,0,development,5,1583,0.015880194731508996,1.4022235884911329e-05,0.007947108483696954,0.00047545461653888894,0.0038959455223436354,0.029025133175921664,0.003140751495948031
neg_1510,GPSSGFFGTR,10,0,development,1,53,0.0002668499382075101,8.365729683008961e-10,0.0001334253873902392,1.6337463434039113e-05,8.398636924118738e-05,0.012086033785684779,6.242023087062587e-05
neg_1511,DPGFSSWG,8,0,development,5,954,2.278515788556208e-05,1.863304144044969e-09,1.1393510594853062e-05,4.773414115270953e-06,5.576175684918188e-06,0.007092228774532091,3.0152341020932407e-06
neg_1512,TKTEGSFLAEGGGVR,15,0,development,3,885,1.598178220422106e-05,2.0739221998788986e-11,7.99090147172153e-06,3.997740089573333e-06,4.713821061957487e-06,0.01060160455328745,1.5531361530313057e-06
neg_1514,FFVPPAFFPP,10,0,development,1,1584,0.33977249880289895,1.5876580603002043e-07,0.1698863287843525,0.0007168628635538318,0.10693685365872495,0.026968422417318474,5.7059271632859e-06
neg_1515,FLAKKVAKKLVSHVAQKQLE,20,0,development,2,976,9.214289507191297e-09,4.251987668478234e-10,4.81974413701956e-09,1.0000000000000008e-06,2.53528584208771e-09,0.004462528399727788,1.1938778633967394e-06
neg_1516,GKPNRPRPAPIQPRPPHPRL,20,0,development,3,894,2.9365552024071857e-05,2.9657510217010787e-15,1.4682776013518804e-05,5.4190520827697335e-06,8.661332416013617e-06,0.011370929330214843,8.767043946386211e-10
neg_1519,DNSCTPKPSCFF,12,0,development,2,1585,1.326027057735664e-07,1.0204024095347049e-12,6.630186308798797e-08,1.0000000000000008e-06,3.183606576977248e-08,0.004462528399727788,3.766740092772355e-08
neg_1520,AEIDFSGIPEDIIKQI,16,0,development,3,1586,7.73544519396597e-10,0.00018409796820781853,9.204937087616897e-05,1.3569342414965816e-05,0.00012979873357594885,0.027976269889526655,0.0002773623524736532
neg_1522,LRPDDLSDT,9,0,development,4,1587,1.014972610708213e-05,1.4073660012382303e-05,1.2111693059732217e-05,1.1951729588246224e-05,1.3159799579627452e-05,0.01614237615547473,0.0020818963226755857
neg_1523,KDFCHLPPKPGPCRAAI,17,0,development,5,1588,1.1871413665547326e-08,0.04952906364186787,0.024764537756640767,0.00022822421785584314,0.03741095642495884,0.11553465409478314,0.009507268424269301
neg_1524,SDPEVPGMWFGPRL,14,0,development,2,785,0.009192118892743753,3.339984655861993e-09,0.004596061116364204,9.631002121058164e-05,0.0022068487117085714,0.010315084685814917,2.4205495977098855e-05
neg_1526,GLLSSLGLNL,10,0,development,4,839,2.8809603699978952e-05,3.0039010213181286e-06,1.590675236064854e-05,9.302813608798364e-06,9.013892827145949e-06,0.011404707140794106,8.28107092369653e-05
neg_1527,GFGALFKFL,9,0,development,4,848,3.308897590100593e-08,5.147552679096933e-07,2.7392212190534966e-07,1.0000000000000008e-06,4.02578106754169e-07,0.006074063854684677,9.02850837210079e-06
0_neg_519,APSLGFHGVR,10,0,released_test,1,53,0.007920774187317545,1.804460484829398e-05,0.00396940939608292,0.0003794228066078452,0.0025052740894187576,0.03663716681748539,7.62300820094743e-05
1_pos_524,RHQ,3,1,released_test,2,23,0.9999999999989408,0.9999999999999909,0.9999999999994659,0.999999,0.9999999999997389,0.9967757690249403,0.9999999988845789
0_neg_766,FLPMIAKLLGGLL,13,0,released_test,4,839,0.0001181442436556524,6.131094579447238e-07,5.937867655679856e-05,1.0869947230325639e-05,2.7985398531164775e-05,0.009466407888636362,0.0005457355870099123
0_neg_402,LRPAVIRPKGK,11,0,released_test,4,799,0.005423595765375617,1.693116325941418e-08,0.0027118063482694382,7.384017686445964e-05,0.0012631355820198929,0.013500434535675713,9.510552067580005e-05
0_neg_539,TKQTLKVLITGAAGQIGYSL,20,0,released_test,4,985,2.8234313708582464e-09,8.727151148164132e-10,1.8480732428373298e-09,1.0000000000000008e-06,1.3270251121179453e-09,0.006074063854684677,2.742278023820728e-05
1_pos_1368,YFYPQL,6,1,released_test,5,48,0.9999993754837294,0.040246248993944855,0.5201228122388372,0.9951403860169832,0.275065832103848,0.653751645366538,0.6110839396560253
0_neg_1198,SLDFPALW,8,0,released_test,3,325,0.9968619166359045,0.8674623233646486,0.9321621200002765,0.9785396147487045,0.9056285696735891,0.7965013362285193,0.6819007669225493
0_neg_1183,KNWAVLVAGSNGWPNYRHHA,20,0,released_test,1,1589,2.510430750748651e-06,0.0001637207095686022,8.311557015967543e-05,2.0274643495260813e-05,0.00011298292909575622,0.027741514761072766,0.004244527929429151
0_neg_514,YPCKLNLKLGKVPFH,15,0,released_test,2,1590,7.096349786402411e-05,0.010210245607713931,0.005140604552788978,0.0008548858008837669,0.007776004255078948,0.10516179437970263,0.0522649660930404
1_pos_219,GEPGPPGAP,9,1,released_test,1,53,0.03764244231590657,0.06982523657428576,0.05373383944509616,0.05140163905887892,0.059696331878764726,0.291367815163766,0.04532037200145379
0_neg_653,ENGQLDGVIDPK,12,0,released_test,3,1591,0.6678339049912537,0.628114435980155,0.6479741704857044,0.6482305152767157,0.6398296431088213,0.6070028542607723,0.09552670067596507
1_pos_972,YSTA,4,1,released_test,1,628,0.9999999999476712,0.9999975816669274,0.9999987908072994,0.9999984449007049,0.9999983427734671,0.9937538553988707,0.9999301093523117
1_pos_1308,NLPLL,5,1,released_test,1,606,0.9999995700961474,0.9999995133884062,0.9999995417422768,0.999999,0.999999531236058,0.9950509313796162,0.9998038737041001
0_neg_410,QHWSHGWYPG,10,0,released_test,5,1320,0.23982853300679255,2.423055105057214e-06,0.1199154780309488,0.0008735690983639456,0.05867987416557505,0.02330243916169736,0.00015875390133448028
1_pos_39,YYT,3,1,released_test,2,23,0.9999999999929214,0.9999845560137915,0.9999922780033565,0.9999960700993925,0.9999882638081147,0.9924822884132158,0.9998779470211713
0_neg_114,FGVLNFF,7,0,released_test,4,1592,0.18530034521774452,5.1379545883611565e-05,0.09267586238181406,0.003406932254803243,0.043194741289976205,0.05764328605763228,0.001184718359331156
1_pos_786,MK,2,1,released_test,1,1593,0.9999999910786795,0.999676982855446,0.9998384869670628,0.9999820247329594,0.9997786433726383,0.9775128870098284,0.997942779695489
1_pos_1430,NWDDMEK,7,1,released_test,5,194,0.9014351558167637,0.9998959716573101,0.9506655637370369,0.9966385250794625,0.975805893604739,0.9585638971001004,0.9937847476529685
0_neg_584,VQPPHSHGDNFYIWT,15,0,released_test,5,1594,4.98283129781567e-05,0.8295183124204932,0.4147840703667357,0.015332488309382601,0.6265750364206487,0.42426074065005515,0.2948094223561301
0_neg_1251,RGSNLTIHPLRNIIDLFYVG,20,0,released_test,2,970,1.953555434062431e-12,1.9778422387104786e-11,1.086598891058361e-11,1.0000000000000008e-06,1.549902392750766e-11,0.004462528399727788,3.1547450209083066e-09
0_neg_488,GPSMGFHGMR,10,0,released_test,1,53,0.021169129607609118,2.0807302720372898e-07,0.01058466884031816,0.00014703950299875982,0.006662711863384581,0.019295194885265918,0.0002707889315370846
1_pos_63,NEN,3,1,released_test,2,1595,0.9999999998904723,0.9999999995733353,0.9999999997319038,0.999999,0.9999999996494736,0.9967757690249403,0.9999957654488393
1_pos_45,SLVYPFPGPIPN,12,1,released_test,4,4,0.9777363578166037,0.9927166773515383,0.9852265175840711,0.9872396690668175,0.9892278516925459,0.8816982366882085,0.9967970167092359
1_pos_333,AAPFPGQKSLQR,12,1,released_test,3,1596,0.0393453070452106,0.9995628251351264,0.5194540660901685,0.9063406404921999,0.7163478831162943,0.8573555480028767,0.9884168283240967
0_neg_200,MNKKSIRNVNLKGKRVFDRV,20,0,released_test,4,1597,7.455713090703169e-13,1.357730566559192e-05,6.788653205581615e-06,3.684752845106709e-06,1.0415233610021597e-05,0.01289875931426388,2.6017149325714495e-06
1_pos_535,PHCKRM,6,1,released_test,4,1598,0.9999997880358359,0.9782551848202248,0.9891274864280304,0.999850931028977,0.9833193711659376,0.9325014119313062,0.994918617328681
1_pos_1411,LTSGSANATGSR,12,1,released_test,1,1599,0.912590205939297,0.9953024754301006,0.9539463406846989,0.9791808945055783,0.9692704072356344,0.8607193645230293,0.930499361276452
0_neg_1034,KPSPDRFYGLM,11,0,released_test,1,53,3.760332844624334e-05,4.86627885165566e-10,1.8801907537064252e-05,6.132236045126204e-06,1.183524522594372e-05,0.009800938794139713,3.4520672089751014e-06
0_neg_328,QVSLKYPEGKMYSFGL,16,0,released_test,2,1600,2.6702498386382687e-05,0.9933297014848165,0.49667820199160145,0.059319561980884214,0.7548572722109351,0.6782610176796998,0.855589055313372
0_neg_543,QSAREQG,7,0,released_test,3,1601,0.2570978507570632,0.9039428173798064,0.5805203340684348,0.6434471516504361,0.7131567129129237,0.6596078041527024,0.39201076353125225
0_neg_858,MSSSHIFIGETIGT,14,0,released_test,5,1602,2.812730058383289e-07,0.00035151172137900844,0.0001758964971924234,1.8751599654801485e-05,0.00026557734389576925,0.02887876887845374,0.006130764640671463
1_pos_602,QQPVLGPVRGPFPIIV,16,1,released_test,3,17,0.002151183101675708,0.12978283482691394,0.06596700896429482,0.017615007804636994,0.09213804064003445,0.274616169463257,0.8420548564515616
1_pos_909,YYH,3,1,released_test,2,23,0.9999999999994695,0.9999999999937468,0.9999999999966082,0.999999,0.9999999999951207,0.9967757690249403,0.999999887003275
0_neg_94,LQPGLEYQYRYSARV,15,0,released_test,1,1603,0.001169304725748912,6.3668166533217335e-06,0.0005878357712011168,8.632626955084197e-05,0.0003723787655682563,0.022908815643827744,0.00012441778435610197
0_neg_277,GFGMLFKFL,9,0,released_test,4,848,1.476967179352175e-08,6.6148889140456765e-06,3.314829292919599e-06,2.5719458119374776e-06,5.077761130417331e-06,0.010486180963368884,2.314574138769561e-05
0_neg_1260,DAQEKRQPWIPFV,13,0,released_test,5,883,0.017622844304768803,5.316144412141911e-06,0.008814080224590471,0.0003087196819773703,0.004315737755824275,0.022165159622179496,0.00021416616209536614
0_neg_334,FLPLIGRVLSGIL,13,0,released_test,4,839,8.823808247741866e-05,1.3247830200078194e-05,5.074295633874842e-05,3.4190668841026986e-05,3.0712605614872894e-05,0.019359749624812444,0.0015585431132788769
0_neg_1408,VLADVYNVEPETLR,14,0,released_test,2,1604,0.0005141793348986018,0.9474114752112995,0.4739628272730991,0.08781629802647693,0.7200801385990767,0.5896355597230317,0.76823555782
0_neg_567,ADGSDPAGGEFLAEGGGVR,19,0,released_test,3,885,1.9663686971087907e-05,2.340539880540599e-12,9.831844655813894e-06,4.434401752973774e-06,5.799781242298855e-06,0.010857813118098603,4.1411881520174995e-08
0_neg_896,RSVCSNGCRPKPFGGCSC,18,0,released_test,3,1605,3.5650500495868075e-10,8.559191803389544e-13,1.7868046206950984e-10,1.0000000000000008e-06,1.0575416703581258e-10,0.007700307922887247,1.3370195320035458e-09
0_neg_1267,STEQEDP,7,0,released_test,4,1606,0.9614801730540545,0.0003578093117059263,0.48091899118288023,0.08635891080011683,0.22419738471167874,0.14327656472241856,0.001574410107349844
1_pos_470,YLKT,4,1,released_test,5,1607,0.9999999983795747,0.9989582816160011,0.9994791399977878,0.9999677085399943,0.9992131549676886,0.9735943207228517,0.9977294830222561
0_neg_175,GAVSGLLTNL,10,0,released_test,2,1109,1.213731349878895e-05,0.0003397440655075237,0.00017594068950315634,6.422228520029846e-05,0.0002610921555890314,0.03340203744381715,0.0013150058008850453
0_neg_1525,AVTSSVADTTTVVRDDF,17,0,released_test,5,1608,1.3088940300287426e-09,0.0022906011015738693,0.0011453012052339497,4.7912861524745374e-05,0.0017301677218401117,0.049273960574551884,0.004682951387740988
0_neg_1156,AFVKGSAQRVAHGY,14,0,released_test,1,1609,1.557013650725521e-05,0.07506570189182458,0.03754063601416592,0.0011228635819250491,0.05144514160632406,0.15258397435560328,0.09837685366115957
0_neg_278,QPEESVFFA,9,0,released_test,3,1610,0.00944942525618479,0.0018168125155793786,0.005633118885882084,0.0041496206309134896,0.004068041986046444,0.1294952355183932,0.021243893266205304
0_neg_593,KKDGYPIQENGCKY,14,0,released_test,5,1069,0.03726991170830437,0.01578370482901043,0.0265268082686574,0.024310710232992486,0.021040663105835213,0.207746890591633,0.1483406665173533
0_neg_1048,GVLDAFRKIATVVKNLV,17,0,released_test,2,834,2.0852197117822493e-10,1.9272705813620848e-10,2.006245146572167e-10,1.0000000000000008e-06,1.9651910475958813e-10,0.004462528399727788,1.0650032737837813e-07
0_neg_610,GALVAAYGLYDGFLTL,16,0,released_test,2,1611,2.0814659973488447e-06,0.013033929455516048,0.006518005460756699,0.00016576761382254348,0.009905240172226241,0.08391328169177426,0.07449754717994317
0_neg_742,RGSNLTTHPLRNIKDLVVYM,20,0,released_test,2,970,8.719997188591709e-10,9.3391056425964e-11,4.826953876425674e-10,1.0000000000000008e-06,2.803196163654784e-10,0.004462528399727788,1.1333557756376332e-07
0_neg_574,NDWRNAMYPVVPGHE,15,0,released_test,4,1612,0.5269047945130757,0.10240007397991431,0.314652434246495,0.26278237904944757,0.2012646514614342,0.40126377990581874,0.5279200310100007
0_neg_841,LLPIVGNLLNSLL,13,0,released_test,4,839,0.003402306874605742,9.241612897822815e-05,0.001747361501791985,0.0005614057729354302,0.0008632696301253242,0.04668584834056866,0.01383884956399222
0_neg_1046,VRPYLVAF,8,0,released_test,1,1613,0.9254887748617564,2.8953980909315386e-07,0.46274453220078277,0.0035119396339679757,0.2912796790597987,0.03763164315216243,0.00011914127274155447
1_pos_147,AGAPDERGPGPAAR,14,1,released_test,1,53,0.9956087946317057,0.6814830450394068,0.8385459198355563,0.9565687383268766,0.7803479774776798,0.7182901187689855,0.9570366500728084
1_pos_613,LPTSEAAKY,9,1,released_test,2,1614,0.9767036506573199,0.9998394059395412,0.9882715282984306,0.9980465022229245,0.9942849680984523,0.9617266781150584,0.996115967916796
1_pos_1338,PEILPDGDHD,10,1,released_test,3,1615,0.9984407427996084,0.999873762949711,0.9991572528746597,0.9995561606894209,0.9994510954696066,0.9619516311763951,0.9991303785226299
0_neg_709,AEYDVSDADIEAFYQ,15,0,released_test,5,1616,1.8353648312611888e-07,0.05306032435652192,0.026530253946502526,0.00023665801597322906,0.04007827740796543,0.11774912042436522,0.03829317042327084
0_neg_37,AIGFDGLNDPDIVAR,15,0,released_test,5,1040,3.400636889879511e-08,6.794363832956322e-05,3.398882234923101e-05,8.243009325291679e-06,5.132841611666647e-05,0.01795011597815348,0.0003603945516301929
1_pos_103,VEVGGGARAP,10,1,released_test,4,1617,0.9990808006230186,0.9878060576650863,0.9934434291440525,0.9966412349022746,0.9904318769901311,0.8963841017938207,0.9764394338026955
0_neg_532,DGDALLKPCKLGDMQKLSSA,20,0,released_test,1,1618,1.2874515901686472e-09,2.2837873664721685e-05,1.1419580558155927e-05,4.778932914104457e-06,1.5650505051953256e-05,0.01509260556767444,0.00017555396210923246
1_pos_135,EPLRY,5,1,released_test,1,13,0.9999332756490772,0.9996734363500912,0.9998033559995843,0.9998523792534081,0.9997552156845533,0.9649408327302996,0.9977097607190764
0_neg_987,EDDLEDFNPTIA,12,0,released_test,5,1412,3.516089496003042e-05,1.9569055720665414e-08,1.7590232007875544e-05,5.9297343490940394e-06,8.617479571479834e-06,0.007401153396424269,5.4237955461006514e-06
0_neg_1312,DPLNEERRANRYGFGL,16,0,released_test,2,1619,2.561156525742309e-06,2.9800319157563547e-07,1.4295798586589722e-06,1.600361661897538e-06,8.413416028848958e-07,0.004865534280044591,2.2013714279376376e-05
1_pos_1292,HQTSEFK,7,1,released_test,3,1620,0.9999625452449418,0.9752659130108458,0.9876142291278938,0.99902630048215,0.982550153440195,0.911476963159316,0.9902054835316935
0_neg_561,AQPSMRLRF,9,0,released_test,1,1465,0.0021415693941138495,1.3349108480936562e-12,0.0010707846977243802,4.6324603253812686e-05,0.0006740170585286004,0.015094953584339656,1.8956921507283833e-07
0_neg_1148,TPPQPADNFIRF,12,0,released_test,4,1360,7.769183792080154e-07,2.593547675574667e-09,3.8975596344179506e-07,1.0000000000000008e-06,1.8292910956698512e-07,0.006074063854684677,4.71995879979065e-07
1_pos_462,HRH,3,1,released_test,2,23,0.999999999985467,0.9999999999994418,0.9999999999924544,0.999999,0.9999999999960867,0.9967757690249403,0.9999999987665886
1_pos_1442,VGPWQK,6,1,released_test,4,1621,0.9999933962234616,0.9999880038088415,0.9999907000161515,0.9999910994253552,0.9999892596695357,0.9904465293633592,0.999954672071056
0_neg_491,HDRPKFCYLPADPGECMA,18,0,released_test,5,1622,4.2944165893389765e-06,0.04412773233145347,0.022066013374021407,0.000445056925904478,0.033332198552429755,0.12708161618514918,0.02611948930773293
1_pos_352,IPAGV,5,1,released_test,4,4,0.9999999995200755,0.999999803412926,0.9999999014665008,0.999999,0.999999849085093,0.9960967849721714,0.999803798923781
0_neg_1004,QHWSYGWLPG,10,0,released_test,5,1320,0.0027707003771651954,1.910987770620051e-07,0.0013854457379711288,5.270776400478707e-05,0.0006780423250946297,0.011361257635778792,4.968705516927499e-05
1_pos_832,GKHQQEEENEGGSI,14,1,released_test,1,1623,0.159208305118325,0.9703658451619599,0.5647870751401425,0.7134721248908055,0.7150698832826992,0.7094730978573209,0.6149496756064662
1_pos_775,LHY,3,1,released_test,3,3,0.9999999999994498,0.9999999999999978,0.9999999999997238,0.999999,0.9999999999998361,0.9950438641312124,0.9999999917555836
1_pos_1215,HYH,3,1,released_test,2,23,0.9999999999998717,0.9999999999326772,0.9999999999662744,0.999999,0.9999999999488092,0.9967757690249403,0.999999986795507
1_pos_217,GGE,3,1,released_test,1,260,0.9999999998734306,0.9999999999953704,0.9999999999344005,0.999999,0.9999999999569922,0.9950509313796162,0.9999998567613545
1_pos_505,TVM,3,1,released_test,2,1624,0.9999999999780143,0.9999999999997378,0.999999999988876,0.999999,0.9999999999945224,0.9967757690249403,0.9999999809385599
0_neg_1518,LNLKGLIKKVASLLN,15,0,released_test,4,1094,1.6587339440883763e-09,4.697237830813231e-06,2.3494482823786596e-06,2.1673126750343577e-06,3.603665908079429e-06,0.009500137562998843,5.2717834123922064e-05
1_pos_343,FGHPY,5,1,released_test,4,139,0.999999998536208,0.9999999899994579,0.999999994267833,0.999999,0.9999999919876152,0.9960967849721714,0.9999966195907407
1_pos_1380,GALAAH,6,1,released_test,5,1625,0.9999999745658508,0.9999982541875624,0.9999991143767066,0.9999986787079741,0.9999986751067564,0.9959300805237689,0.9994216248083593
1_pos_329,LLPF,4,1,released_test,3,1626,0.9999999816683117,0.9999717081205226,0.9999858448944172,0.9999946809392518,0.9999800473676692,0.9885938813622057,0.9998873327318931
1_pos_1425,WYSL,4,1,released_test,1,628,0.999999999980254,0.9999999496595563,0.9999999748199051,0.999999,0.9999999654970111,0.9950509313796162,0.9999975584427008
1_pos_1449,YPVEPF,6,1,released_test,4,4,0.9999999317415071,0.9987095337456487,0.9993547327435779,0.9999640550127057,0.9990100596207987,0.9693712656932008,0.9982162769713279
1_pos_713,LHE,3,1,released_test,3,3,0.9999999999997682,0.9999999998239977,0.9999999999118829,0.999999,0.9999999998758411,0.9950438641312124,0.999983557291153
0_neg_523,KPEEDWGHR,9,0,released_test,2,951,0.019797025122891904,0.9996977658093239,0.5097473954661079,0.8909895601229055,0.764442954017538,0.9106726344769315,0.9760205878895593
1_pos_706,PHV,3,1,released_test,4,116,0.9999999999497158,0.9999999999541489,0.9999999999519323,0.999999,0.9999999999531164,0.9960967849721714,0.9999997661222965
0_neg_888,KVLAPAEEAPAEAPAAAE,18,0,released_test,4,1627,0.020748212901447766,0.9999465961848214,0.5103474045431345,0.952194250417701,0.771897225350238,0.9386214637150755,0.9653310132944508
0_neg_719,EAAGLLAFPRV,11,0,released_test,5,45,0.16001612830972842,0.001973973314903116,0.08099505081231577,0.019041310249956554,0.04064161807205784,0.1417953183538746,0.0060759519308023315
1_pos_1057,APGAGVY,7,1,released_test,1,1628,0.9999999999221001,0.9999847441486706,0.9999923720353854,0.9999960941095569,0.9999895456048113,0.9898623665096277,0.9962898196146215
0_neg_1455,ITKDFDALMKYIKRI,15,0,released_test,3,1629,1.2674769968017813e-10,6.710649767302131e-10,3.989063382051956e-10,1.0000000000000008e-06,5.10519284576804e-10,0.007700307922887247,1.6713990304018988e-07
0_neg_1253,GPDSTFLRL,9,0,released_test,5,45,1.161555793552609e-06,3.1452438893320324e-12,5.807794693982491e-07,1.0777549816981567e-06,2.841963415022197e-07,0.005291850048307894,1.8870187808783353e-06
0_neg_139,AQSFLRL,7,0,released_test,2,613,1.654005050950176e-05,1.7187157398668475e-08,8.278618833450215e-06,4.066965218677405e-06,3.984000270977357e-06,0.005775095382823385,4.12045966436956e-06
1_pos_472,QWDRQ,5,1,released_test,4,79,0.9999711839108609,0.930559894836376,0.9652655393736185,0.9985357325550913,0.9467253635222784,0.8763140913137505,0.9403083512677287
1_pos_603,FPQY,4,1,released_test,4,1630,0.9999992783995393,0.9999997646344835,0.9999995215170114,0.999999,0.9999996513933109,0.9960967849721714,0.9999914505978773
1_pos_1201,WYSLAMA,7,1,released_test,1,628,0.9999998635006815,0.986357866846365,0.9931788651735232,0.999882409285054,0.9906514183279058,0.9413836377898984,0.9917200280355529
1_pos_1077,DHHK,4,1,released_test,1,503,0.9999999996661753,0.9999999991526394,0.9999999994094073,0.999999,0.9999999993142648,0.9950509313796162,0.9999987183436405
0_neg_187,KWCFRVCYRGICYRKCR,17,0,released_test,3,827,6.990519057527224e-10,8.05204908371242e-11,3.897861982949233e-10,1.0000000000000008e-06,2.6295554905248944e-10,0.007700307922887247,6.506360247071134e-09
1_pos_119,REGGGGGYGGGGGGYGGR,18,1,released_test,4,413,0.9980511840654303,0.99999989377038,0.9990255389179051,0.9999558134564478,0.9995460510866707,0.9920931119416603,0.9997583206683308
0_neg_1147,GSLGEKYAQKAAEVLTSIIP,20,0,released_test,2,1631,1.353579050763616e-09,7.349683927991792e-11,7.13537945021767e-10,1.0000000000000008e-06,3.8081929270479693e-10,0.004462528399727788,3.1352783802989737e-07
1_pos_509,LLPHH,5,1,released_test,3,44,0.9999999999562084,0.9999995443575218,0.9999997721568651,0.999999,0.999999678735778,0.9950438641312124,0.9999959521331274
1_pos_1194,RWG,3,1,released_test,2,692,0.9999999990285695,0.9999999999988978,0.9999999995137336,0.999999,0.9999999997659412,0.9967757690249403,0.9999995551390205
1_pos_482,IVQNNDSTEYG,11,1,released_test,5,1632,0.000882079228244435,0.9994503506824497,0.5001662149553471,0.5588921306271167,0.7551339960514873,0.8498007603619724,0.9552535499247338
1_pos_1138,YYY,3,1,released_test,2,23,0.9999999999887641,0.9999999999859297,0.9999999999873469,0.999999,0.9999999999866102,0.9967757690249403,0.9999998824567036
0_neg_76,INKYREWKNKKN,12,0,released_test,1,1633,0.0001810399970442541,0.029287436007375777,0.014734238002210015,0.0023318898081429117,0.020126767457223936,0.15296947568862035,0.023881207479427232
1_pos_1101,RENIDKPSRA,10,1,released_test,2,1634,0.006789240207936578,0.903584291494959,0.4551867658514478,0.20198212477120417,0.6882815141355474,0.5982638776880559,0.48851265327209914
1_pos_200,QWPAQ,5,1,released_test,4,79,0.9999994005396297,0.999999995000584,0.9999996977701069,0.999999,0.9999998565542294,0.9960967849721714,0.9999728797350711
1_pos_1363,YYL,3,1,released_test,1,15,0.9999999999988658,0.9999999999999998,0.9999999999994328,0.999999,0.9999999999996428,0.9950509313796162,0.9999999983598806
0_neg_306,AVNVNTNVSAMTAQRYLNQA,20,0,released_test,3,1635,1.4702466117020865e-07,0.012113244109865955,0.0060566955672635625,0.00011072068964943875,0.00854050145101612,0.07635888349892443,0.04851305998117997
1_pos_386,QQPVLGPVRGPFP,13,1,released_test,3,17,0.0028653815177778837,0.9588661758208269,0.4808657786693024,0.2056037275148528,0.6768949511476047,0.58217264225031,0.9774252232023378
0_neg_1005,RPPGFDPFR,9,0,released_test,3,830,0.22600196314120177,9.565173633231553e-10,0.11300098204885957,0.000540072146454978,0.06665899374765283,0.032496336935371094,6.902692702192386e-07
1_pos_921,KAI,3,1,released_test,5,444,0.9999999993320059,0.9999999997422748,0.9999999995371404,0.999999,0.9999999996418958,0.9965469298198019,0.999995573478116
1_pos_216,GTVFEKKALPGPM,13,1,released_test,4,1636,0.009291828762758449,0.0026911852875814934,0.005991507025169971,0.005005590733621029,0.004228435161881875,0.1257862277323717,0.1650658138585743
0_neg_996,DTARLQWH,8,0,released_test,5,1637,0.9943764912188362,0.9721318741534815,0.9832541826861588,0.9874274105665716,0.9775743901105073,0.854573420422985,0.962976297043786
1_pos_1353,IHH,3,1,released_test,3,3,0.9999999999956544,0.9999999999999847,0.9999999999978195,0.999999,0.9999999999987075,0.9950438641312124,0.9999999968519633
0_neg_669,AAGQDFMRF,9,0,released_test,1,53,4.7176759074233554e-05,9.995849142379826e-12,2.3588384535041347e-05,6.86865226186055e-06,1.4847968548579579e-05,0.01004180578450348,3.527220842051528e-07
0_neg_684,IPLDPVAGYKEPA,13,0,released_test,3,1107,0.8518909528170214,0.0048277721082232525,0.42835936246262235,0.14313274844557933,0.2546679854881516,0.28623899161406585,0.029626628252407812
0_neg_1021,GKPNKPRPAPIKPRPPHPRL,20,0,released_test,3,894,9.552675597382065e-07,3.3015690298621192e-15,4.776337815198878e-07,1.0000000000000008e-06,2.817549603938427e-07,0.007700307922887247,1.1578682021912307e-09
1_pos_1321,RWY,3,1,released_test,2,23,0.9999999999539617,0.9999999999999991,0.9999999999769804,0.999999,0.9999999999889464,0.9967757690249403,0.9999999998347375
0_neg_169,PSPPGFSPFR,10,0,released_test,3,830,0.06261849121433495,5.772718243328341e-07,0.03130953424307964,0.0002583932071441802,0.01846965176011929,0.02750968325640016,5.7772256407567936e-05
1_pos_383,RDRHQKIG,8,1,released_test,1,1638,0.14055880305645116,0.9963656149083681,0.5684622089824096,0.870062211498825,0.7270171684859806,0.8084885883003973,0.8511770365955287
1_pos_571,FKK,3,1,released_test,2,1639,0.9999999997256876,0.9999999999964335,0.9999999998610606,0.999999,0.9999999999314327,0.9967757690249403,0.9999996568807967
1_pos_1156,PEW,3,1,released_test,5,11,0.9999999044981729,0.9999999980537895,0.9999999512759812,0.999999,0.9999999751638501,0.9965469298198019,0.9999965061977834
0_neg_628,GVGSFIHKVVSAIKNVA,17,0,released_test,5,971,1.2536126468407547e-09,9.921203795454846e-08,5.02328253006946e-08,1.0000000000000008e-06,7.524487811107038e-08,0.005214380949955825,1.5654360174784802e-05
1_pos_1394,DDGGK,5,1,released_test,1,13,0.9999999615124077,0.9999981321015264,0.999999046806967,0.9999986332890852,0.9999987078728009,0.9941647216262957,0.9998950614283867
0_neg_472,MMIPGHFDYHRPKSV,15,0,released_test,4,1640,3.824186943695936e-08,0.02978277988593425,0.014891409063901843,0.00017517505380295953,0.022846559800599013,0.1103371857178065,0.06427746251102559
0_neg_758,SASGGAGESSGMWFGPRL,18,0,released_test,2,785,3.340203917559512e-05,1.330668450698632e-10,1.6701086121220095e-05,5.779515741382031e-06,8.019270933397046e-06,0.006160059043936802,3.2714107084757615e-06
1_pos_1158,PGEKGSPGADGPIGAP,16,1,released_test,1,53,0.8676262908499979,0.3468200126044381,0.607223151727218,0.6510238346048165,0.5107335968266913,0.5457428958649543,0.7980270558560574
1_pos_1413,RADHPF,6,1,released_test,1,13,0.999999865524105,0.9999999958388284,0.9999999306814666,0.999999,0.9999999548248193,0.9950509313796162,0.9999834875012948
0_neg_578,NFLGTLVNLAKKIL,14,0,released_test,4,1001,7.350440620428107e-09,2.7333595430224966e-12,3.676586989985565e-09,1.0000000000000008e-06,1.7139698633277968e-09,0.006074063854684677,3.3204298005153365e-07
0_neg_246,MKLAILGAGCYRTDAASGI,19,0,released_test,3,1641,1.0429957036909399e-10,6.223462131957711e-11,8.326709584433555e-11,1.0000000000000008e-06,7.464162481789119e-11,0.007700307922887247,3.6087054525260676e-08
0_neg_977,GFVDLAKKVVGGIRNALGI,19,0,released_test,3,937,9.470859537144337e-11,6.661822803456352e-14,4.7387606799738965e-11,1.0000000000000008e-06,2.7981149638102218e-11,0.007700307922887247,5.783468911842753e-10
1_pos_1107,VKLFPVKLFP,10,1,released_test,5,1642,0.5096510226341222,0.9995761053872225,0.7546135640106724,0.9802005938768179,0.8797077762181043,0.9248383996842211,0.8987813598173351
1_pos_1217,SCH,3,1,released_test,2,23,0.9999999999994784,0.9999996626057593,0.9999998313026188,0.999999,0.9999997436073267,0.9967757690249403,0.9999602700714805
1_pos_1406,LVYIIQGR,8,1,released_test,3,1643,0.9998601143381564,0.9981983093381526,0.9990292118381545,0.9994977378016011,0.998688456620259,0.944930289753296,0.9891900641898973
1_pos_400,IIGATNPAESAPGTIR,16,1,released_test,1,1644,6.229210084074701e-05,0.7121794334797842,0.35612086279031246,0.012263234622855477,0.48805449892111985,0.34101580149794414,0.04733432593404839
1_pos_1388,KLSDW,5,1,released_test,2,1645,0.9999807836828916,0.9998233646835333,0.9999020741832124,0.9999417372369215,0.9998611578757708,0.9792120053913492,0.9946470486555987
1_pos_1115,LWI,3,1,released_test,1,121,0.9999999899233497,0.999999925431132,0.9999999576772409,0.999999,0.9999999457287954,0.9950509313796162,0.9999506938905278
0_neg_777,GRDAYIADSENCTYT,15,0,released_test,4,1646,2.007149743337139e-06,0.0002803521216472412,0.00014117963569528917,2.3724268432436705e-05,0.00021552726408894857,0.032605083077769235,0.001887092698947693
1_pos_21,AQGTFLQPHQ,10,1,released_test,2,217,0.007584259286697803,0.9999578199897798,0.5037710396382388,0.9308440335164674,0.7617085304884718,0.9450256839257988,0.9904989192062547
1_pos_471,EDIVCW,6,1,released_test,5,1647,0.8714431960391236,0.9999998256551064,0.935721510847115,0.9996160617026325,0.968546305641217,0.9888690310855788,0.9998786293345926
1_pos_52,YLG,3,1,released_test,2,323,0.9999999999967293,0.9999981679703535,0.9999990839835413,0.9999986464750185,0.9999986078036981,0.996110709523755,0.9997980380493404
1_pos_1055,LGPVRGPFPI,10,1,released_test,3,17,0.9580799484076443,0.9926340122696953,0.9753569803386698,0.9822999268982607,0.982442334854069,0.8603631159850975,0.9984045658159942
1_pos_803,IPAVFK,6,1,released_test,2,516,0.999998039540198,0.9999975064919796,0.9999977730160887,0.9999977890222985,0.9999976344663275,0.9954480027637089,0.9998710794450435
1_pos_741,MFAEWQPR,8,1,released_test,3,1648,2.194251518382149e-05,0.9998959518772254,0.4999589471962046,0.31469614551875685,0.7049843779341529,0.7820108447146532,0.9851479826540924
1_pos_957,FDYDPR,6,1,released_test,5,48,0.9998297639020649,0.9999999994344395,0.9999148816682522,0.9999869515974112,0.9999583484768761,0.9942709741051684,0.9999375902234935
1_pos_1270,GDLAYLDQGHR,11,1,released_test,4,1649,0.00016770673467161193,0.012806367227511445,0.006487036981091528,0.0014729340969430072,0.009862899772102125,0.13490220106266967,0.004759136007905614
0_neg_1284,QTPQWATGHFM,11,0,released_test,1,1650,3.0227963637219286e-05,0.050995651175829375,0.025512939569733297,0.0012728883704384876,0.03495528158148365,0.14779014550194847,0.025721876728380548
0_neg_1302,MFTFAILLLCVQGCLIQ,17,0,released_test,2,1651,1.1285599652596372e-10,5.381645580484915e-09,2.7472507885054393e-09,1.0000000000000008e-06,4.116713276141013e-09,0.004462528399727788,1.2963827009579669e-07
0_neg_297,APSMGFQGMR,10,0,released_test,1,53,0.0029668733364157985,1.6531937384394276e-05,0.0014917026369000964,0.0002217501176602881,0.0009450941563799892,0.03231804991701632,0.0005402761062601694
1_pos_384,LSGYGP,6,1,released_test,5,1652,0.999999997639007,0.9999950998159601,0.9999975487274836,0.9999977863624375,0.9999962981499215,0.9944835487971769,0.9996435778015842
1_pos_543,TSKT,4,1,released_test,1,1653,0.9999999014992956,0.9999958380172271,0.9999978697582614,0.9999979599050817,0.9999971169186883,0.9927940773442411,0.9998226569288033
0_neg_213,VTLDVED,7,0,released_test,5,1654,0.9997241332113992,0.6938397692096875,0.8467819512105433,0.9890858876328801,0.7686794721001832,0.7791085850401387,0.6657551521417606
1_pos_594,QIESW,5,1,released_test,2,1655,0.9999044068192326,0.9999999994728725,0.9999522031460526,0.99999022244684,0.9999770495649819,0.9950952166245425,0.9999880048409802
0_neg_647,LPRHTLHCVAYHGYCFHSKV,20,0,released_test,3,1656,3.063264267518345e-09,0.0025487720708505784,0.001274387567057423,5.054729612682886e-05,0.0017970158769635195,0.05279929174581077,0.0055347404992292714
0_neg_85,ADSRNPLEEEFRETNYEEF,19,0,released_test,4,1657,1.1553781952129592e-07,5.7640149889865273e-11,5.7797729835592896e-08,1.0000000000000008e-06,2.6952274270106502e-08,0.006074063854684677,1.227353705265581e-08
1_pos_721,PGAEGAPGRDGAAGPK,16,1,released_test,3,1658,0.9999811133217464,0.9359521116685664,0.9679666124951565,0.998864429678503,0.9548373846917055,0.8967915125435623,0.9944281707161967
1_pos_1344,LVNPHDHQN,9,1,released_test,1,741,0.9998473631253826,0.9999999010368292,0.9999236320811059,0.9999876445738028,0.9999518927142735,0.9915069542565519,0.9998822061148465
1_pos_1177,PW,2,1,released_test,4,1659,0.9999999987025785,0.9999996995692669,0.9999998491359228,0.999999,0.9999997692356029,0.9960967849721714,0.9999939140108787
1_pos_1455,YNY,3,1,released_test,2,23,0.9999999999875455,0.9999999999953884,0.9999999999914669,0.999999,0.9999999999935054,0.9967757690249403,0.9999999806054206
0_neg_869,VIGGDECNINEHPFLVLVYY,20,0,released_test,4,1035,4.929690230270244e-10,7.726463380326969e-07,3.86569653527862e-07,1.0000000000000008e-06,5.928164966066821e-07,0.006074063854684677,0.0002308218833257709
0_neg_947,VIGGSDTTIGQYPHQLSLR,19,0,released_test,1,1660,9.975736978871878e-05,9.996788950864296e-09,4.9883683288834825e-05,9.988264568229314e-06,3.140353044646366e-05,0.010879448874211226,2.3529950920670014e-05
1_pos_1340,QDAHVPDNFIPK,12,1,released_test,2,1661,0.001731080247245783,0.9225614003545544,0.46214624030090007,0.12566936371640458,0.7014882297217175,0.5856804748212668,0.7163336587497855
1_pos_201,WLLYLDGPPMGLT,13,1,released_test,5,1662,0.013967152574057033,0.8531751759457489,0.43357116425990294,0.22293767248706878,0.6478489594932265,0.5760442579950302,0.7200257796917813
0_neg_1213,ATSAAQGAALDESVRKVLKP,20,0,released_test,5,1663,3.994062265225976e-09,7.068171544978274e-06,3.53608280362175e-06,2.6586069640651115e-06,5.339802899207889e-06,0.009265929332965385,4.355012455712277e-06
1_pos_750,DDLPR,5,1,released_test,5,48,0.999999850777132,0.9999999999953153,0.9999999253862237,0.999999,0.9999999634866021,0.9965469298198019,0.9999999716774178
0_neg_1037,FLGALVNALTRVL,13,0,released_test,2,1123,1.5104813416905727e-07,5.100854941516014e-08,1.010283417921087e-07,1.0000000000000008e-06,7.502607762574204e-08,0.004462528399727788,1.9923666241565886e-05
0_neg_217,DASFHSWG,8,0,released_test,5,954,1.2582345035811787e-05,2.7397955436791464e-10,6.291309507683077e-06,3.547171643887166e-06,3.0786871657613668e-06,0.006690037143284241,1.8090857258885005e-06
0_neg_746,NYYKKLFGSGTTLVVT,16,0,released_test,2,1664,1.701688199336919e-06,3.0635384428575494e-05,1.6168536313956206e-05,7.220305060766012e-06,2.3688975493235787e-05,0.013457642400439661,6.468048339565891e-05
0_neg_1315,DPHHDFMRF,9,0,released_test,1,53,0.059673297523830326,2.824318889925464e-11,0.029836648776036756,0.00025184971323016905,0.018781002645593802,0.021625178233271175,1.4498656297023858e-06
0_neg_327,SDRELHRSKAAYFF,14,0,released_test,3,1665,5.9614927672263195e-09,2.931309918986613e-06,1.4686357058769197e-06,1.7121072996299018e-06,2.0684821020512593e-06,0.010065809263037812,0.00036033692152933065
0_neg_542,VNDGYLDNGLQEGDFE,16,0,released_test,1,1666,9.349589128012773e-08,6.580889066487652e-06,3.33719247888389e-06,2.5653275017682347e-06,4.539109018848e-06,0.010898752785528784,0.0006133066932832767
0_neg_92,SNTSHQDFHSFYGTNLMIGG,20,0,released_test,3,1396,7.429885041291957e-11,8.916304746511178e-10,4.829646625320187e-10,1.0000000000000008e-06,6.505595462335182e-10,0.007700307922887247,7.541598403956954e-07
0_neg_615,QVNFTPSW,8,0,released_test,3,800,0.28775823671504774,0.009021415970781339,0.14838982634291453,0.05717876106575159,0.09123448856982629,0.2564037876212272,0.060566749272534526
1_pos_1391,PWG,3,1,released_test,3,640,0.9999991917280857,0.9999999999992606,0.9999995958636732,0.999999,0.9999997616007003,0.9950438641312124,0.999999799525682
1_pos_779,GSPGPQGPPGSIGPQ,15,1,released_test,1,53,0.9922236163400482,0.40823969664172854,0.7002316564908884,0.9036804901643307,0.5920372071640168,0.639647764180197,0.9373717414232371
0_neg_562,SLLSLIRKLIT,11,0,released_test,4,1667,1.4223460108378878e-07,0.07711272941071397,0.038556435822657525,0.00028897708613464146,0.05915367505650515,0.14239417363583054,0.051248412264147294
0_neg_596,ISALFDEYEPLNDAD,15,0,released_test,2,1668,2.2191005188199872e-06,2.8416369487217073e-09,1.1109710778843545e-06,1.4896647444635715e-06,5.349216165712104e-07,0.0048018405472826115,5.774747865858184e-06
0_neg_1099,FEDGKKVRFFKSNKETIK,18,0,released_test,5,1669,3.484526014018482e-09,6.203684128825404e-05,3.102016290713403e-05,7.876533171974573e-06,4.6859347647682776e-05,0.017481512844417818,9.945446440956682e-05
0_neg_77,AGFVLKGYTKTSQ,13,0,released_test,1,1289,0.0008926334325778736,3.343910250923343e-08,0.0004463334358401914,2.9889436675609875e-05,0.0002809618194211544,0.013749176048487695,6.868652678542816e-05
0_neg_24,NQDCLSDWSFYEQYCYKVF,19,0,released_test,5,1503,3.961331125179377e-10,1.1358323760795552e-10,2.548581750629466e-10,1.0000000000000008e-06,1.827137692028672e-10,0.005214380949955825,8.789824183318627e-08
0_neg_380,EPPPWVPV,8,0,released_test,1,53,0.003868233180443774,5.005060995876766e-06,0.0019366191207198255,0.0001393937044659998,0.0012208805106161853,0.024430063369464627,0.0001106831557733452
1_pos_357,IYIEQGNGITGM,12,1,released_test,1,1670,0.7516491893156148,0.9463307616592105,0.8489899754874126,0.8795938632573302,0.8850585465615717,0.7366051657728184,0.8979677467907649
0_neg_1263,QGPSPRHPIPP,11,0,released_test,1,53,0.07081494757380917,1.1447270031764705e-06,0.03540804615040617,0.00029528019328006766,0.022288403390876482,0.02283387989102411,0.0022143296062102904
1_pos_284,RWE,3,1,released_test,2,23,0.999999999797204,0.9999999939445596,0.9999999968708818,0.999999,0.999999995349664,0.9967757690249403,0.9999873988719973
1_pos_903,PPK,3,1,released_test,5,11,0.9999999834034521,0.9999999992482667,0.9999999913258594,0.999999,0.999999995371569,0.9965469298198019,0.9999919544006564
1_pos_1452,LCPVHRAADL,10,1,released_test,3,1671,0.9679999850188445,0.8607616816166005,0.9143808333177226,0.9318565087121177,0.8923914835188613,0.7458211303955696,0.8214527539660686
0_neg_586,QKKDKKDR,8,0,released_test,3,961,0.0471569612232132,0.020167058470028847,0.03366200984662102,0.030928806924888273,0.028127696137359177,0.2489547008916077,0.0953737841125218
1_pos_1086,YQQPVLGPVRGPFPIIV,17,1,released_test,3,17,0.3287231240183833,0.3331696174258394,0.3309463707221113,0.3309425968063185,0.3318581298213591,0.4910493261001665,0.9244315916586615
1_pos_390,GFFKWHPRCGEEHSMWT,17,1,released_test,4,1672,6.189945313689767e-09,1.8592120959409355e-06,9.327010206273127e-07,1.363529369556359e-06,1.4276544638948886e-06,0.007268247113475274,9.216748970400322e-05
1_pos_84,GDMNP,5,1,released_test,1,1673,0.9989379534837919,0.9999846092752218,0.9994612813795068,0.9998720972625921,0.9996551948472732,0.9786586368543552,0.9985796607386482
0_neg_19,GPIPWQRRI,9,0,released_test,2,1674,3.762720615357692e-05,1.3684961640716373e-08,1.882044555760882e-05,6.13418274926828e-06,9.043948417341994e-06,0.006227782159956815,4.189634642943298e-05
0_neg_1517,QLTFTPNWGT,10,0,released_test,3,800,0.0025922618309974013,6.086150884478613e-05,0.0013265616699210938,0.00039757122363629513,0.0008074948309393865,0.05162375896666605,0.03299979979919678
0_neg_1513,SVDMVMKGIKLWPL,14,0,released_test,3,1675,1.1930168383609495e-07,2.0341117565304336e-06,1.0767067201832643e-06,1.4262230281621078e-06,1.469340948355675e-06,0.00919078950895282,0.0019326888337392965
1_pos_139,VYY,3,1,released_test,3,3,0.9999999999936235,0.9999999999999656,0.9999999999967946,0.999999,0.9999999999980951,0.9950438641312124,0.9999999655074064
0_neg_1212,ITCLSDINSK,10,0,released_test,4,1087,0.010267016150083068,0.15337043331102446,0.08181872473055377,0.041548683337030275,0.12004251446948838,0.33100760539109947,0.3466696839750938
1_pos_1469,INYW,4,1,released_test,4,1676,0.9999999995272055,0.999999999814061,0.9999999996706332,0.999999,0.999999999747254,0.9960967849721714,0.9999997129272684
0_neg_420,VPPGFTPF,8,0,released_test,3,830,0.44461285528367583,2.6171560265269937e-07,0.22230655849963923,0.0008939328761009411,0.13113818363011726,0.036397885026737305,0.0009312717790911504
0_neg_1124,FLGKKVLKAVGKQAAKKQME,20,0,released_test,5,1677,2.4071566501721805e-09,2.3162616404385333e-10,1.319391407108017e-09,1.0000000000000008e-06,7.639059219269616e-10,0.005214380949955825,1.0230495678037333e-07
0_neg_1468,MVPYRNPRHQHVASVLRSGG,20,0,released_test,1,1678,1.388452106165814e-07,0.004033001418311326,0.0020165701317609716,6.363034752311301e-05,0.00276373684404474,0.05700636021178924,0.00283880526345922
1_pos_1170,KALNEINQF,9,1,released_test,2,1679,0.9350564457484423,0.9859633557436303,0.9605099007460363,0.9695137269965394,0.9737416122214957,0.8495683271153577,0.9259654847154346
1_pos_80,YNI,3,1,released_test,1,15,0.9999999999765932,0.999999999951102,0.9999999999638476,0.999999,0.9999999999591248,0.9950509313796162,0.9999991344567167
1_pos_1352,QITEGEDGGG,10,1,released_test,3,1680,0.8194965124971079,0.9961316905490812,0.9078141015230945,0.9715847069030955,0.9440333682751991,0.8572797500577807,0.9285381653015046
0_neg_991,LLPLVGNLLNDLL,13,0,released_test,4,839,0.0009199321755243802,1.1942588676270887e-06,0.0004605632171960037,3.315987253406574e-05,0.00021516275333440711,0.012052177219996987,0.0010533533506716468
1_pos_1291,PSHDAHPE,8,1,released_test,5,383,0.9999987338862067,0.9999957926757819,0.9999972632809944,0.9999976919801142,0.9999965122918859,0.9946017435208666,0.9998807967559704
0_neg_752,MPGLDSPAAVRRAAMDLLAR,20,0,released_test,4,1681,7.443323957796852e-10,3.081592060643427e-10,5.26245800922014e-10,1.0000000000000008e-06,4.097412993230808e-10,0.006074063854684677,1.731041940671695e-08
1_pos_896,DYDD,4,1,released_test,5,1682,0.9999999989553883,0.999999999999452,0.9999999994774201,0.999999,0.9999999997440044,0.9965469298198019,0.9999999846865792
0_neg_999,DKNKKPIWMAGFPGFTPIR,19,0,released_test,3,1683,7.374025556969519e-08,1.43493491931517e-10,3.6941874530813354e-08,1.0000000000000008e-06,2.1850765346427922e-08,0.007700307922887247,1.573298232669849e-06
0_neg_1328,TETTEGDFIAEGGGVR,16,0,released_test,3,885,0.00021039391298184167,4.551979153146976e-12,0.00010519695876691041,1.450628460425756e-05,6.205542163665186e-05,0.01425942822376909,4.927023649735483e-07
1_pos_1375,MVPYPQR,7,1,released_test,4,79,0.6218713405218291,0.9999971462497812,0.8109342433858051,0.9986844528626712,0.911933937032222,0.9818114619479159,0.9997816357448551
0_neg_191,LGSPFGGFDTLGSNR,15,0,released_test,1,1684,2.3395869552017825e-06,0.6358670719961267,0.31793470579154093,0.0020171879100721593,0.4357410909483938,0.24862315691922748,0.4867233824813763
1_pos_41,AEYVRLY,7,1,released_test,2,1685,0.5393158563333668,0.9995397655527212,0.7694278109430439,0.9805535260700389,0.8890490957838272,0.9286468767664153,0.9912502163190463
1_pos_700,CHI,3,1,released_test,4,1686,0.9999999999479876,0.9999999999675357,0.9999999999577617,0.999999,0.999999999962983,0.9960967849721714,0.9999993262232266
1_pos_1275,PHHADS,6,1,released_test,5,1687,0.9999999325949046,0.9998124146897717,0.9999061736423381,0.999986302717315,0.9998582940675966,0.9839403616153304,0.9973895626925062
1_pos_187,PC,2,1,released_test,1,1688,0.9999999997617952,0.9999948157223911,0.9999974077420932,0.9999977230972656,0.999996447297345,0.9923654100836351,0.9835257007201899
0_neg_56,FDKNQPWGVIRDLNVVNFKR,20,0,released_test,2,1689,1.1249248932933265e-09,3.5652985286846205e-06,1.7832117267889569e-06,1.8882005564431586e-06,2.7096108497817468e-06,0.006610968320120077,3.6403464835844306e-06
0_neg_389,GAVPAAQFSPRL,12,0,released_test,4,1690,1.4091417120639553e-06,0.013008987582830997,0.006505198362271531,0.00013626477668985879,0.009979601372416661,0.09099956610543602,0.018027555027561246
0_neg_176,GLGSLVGNALRIGAKLL,17,0,released_test,3,1114,2.6384298236868746e-08,4.582151026566656e-12,1.3194440193947657e-08,1.0000000000000008e-06,7.785246032879887e-09,0.007700307922887247,2.7002430625212664e-08
1_pos_305,PPQ,3,1,released_test,5,11,0.9999999992988504,0.9999999981223364,0.9999999987105934,0.999999,0.9999999984101902,0.9965469298198019,0.9999985420047658
0_neg_789,QPDPNAFYGLM,11,0,released_test,1,53,0.5246016846322643,1.1826381598189179e-07,0.26230090144804014,0.0010493739086061616,0.16510819515131592,0.02921899934329324,2.392285054215593e-05
0_neg_975,FLSLIPHAINAISAIANHF,19,0,released_test,2,875,5.3211809564149806e-08,1.7403560761047723e-07,1.1362370858731352e-07,1.0000000000000008e-06,1.4502820034038385e-07,0.004462528399727788,7.025551251249742e-05
1_pos_696,HVCYMF,6,1,released_test,3,1691,0.9999813001014604,0.9999966831698122,0.9999889916356363,0.9999921244189667,0.9999921459532657,0.9906211704080792,0.999841138813016
0_neg_1353,QGGPPRPQIPP,11,0,released_test,1,53,0.33990146797780607,2.932300194707888e-09,0.16995073545505313,0.0007170687942403187,0.10697733739472085,0.026970053357612857,1.95435915455459e-06
1_pos_1407,VEGGLS,6,1,released_test,1,13,0.9999999920323278,0.9999997067081569,0.9999998493702423,0.999999,0.999999796508356,0.9950509313796162,0.9999130033722129
1_pos_1125,QYP,3,1,released_test,5,373,0.999999999074008,0.9999999994916513,0.9999999992828297,0.999999,0.9999999993894679,0.9965469298198019,0.9999981442879071
1_pos_958,LNGDVW,6,1,released_test,5,1692,0.9999999152564153,0.9999755829502823,0.9999877491033489,0.9999950586004991,0.9999815362541316,0.9911547085212453,0.9996160437007381
1_pos_268,DQAKAFLEKDNK,12,1,released_test,1,1693,7.827824668298346e-05,0.010133181368089208,0.005105729807386096,0.0008944034376494448,0.00696859737883837,0.11020429968686486,0.0143844014369386
1_pos_1231,HDH,3,1,released_test,2,23,0.9999999999989515,0.9999999990597244,0.9999999995293379,0.999999,0.9999999992852143,0.9967757690249403,0.9999998267993744
0_neg_185,FLPIPRPILLGLL,13,0,released_test,4,839,0.011630768776152845,0.0005162129613278696,0.006073490868740357,0.0024592451636617236,0.003104725671262747,0.08323222513608093,0.1756271785041636
1_pos_1129,GVPY,4,1,released_test,4,139,0.9999999993375435,0.999995678304579,0.9999978388210613,0.9999979211300061,0.9999966846469768,0.994033384280829,0.9998434781996335
1_pos_277,RW,2,1,released_test,2,1694,0.9999999998437696,0.9999915932821128,0.9999957965629412,0.9999971005607063,0.9999936115315113,0.993769249613632,0.9999540478369355
1_pos_538,YTY,3,1,released_test,2,23,0.999999999973489,0.999999966784888,0.9999999833791885,0.999999,0.9999999747528155,0.9967757690249403,0.9999926846398787
1_pos_1045,MILMR,5,1,released_test,3,1695,0.9999335427603231,0.9999999466234821,0.9999667446919026,0.9999918476604973,0.9999803608880627,0.9919464833377498,0.9999549254167726
0_neg_912,LGSLDEYAR,9,0,released_test,5,1696,0.8801854419940102,0.14174103757926942,0.5109632397866398,0.5241416204880696,0.3224137568531418,0.46783812009489173,0.4891020723422737
0_neg_432,ESIASFQGVLDGKYD,15,0,released_test,4,1697,6.939407222600723e-09,3.302048063867403e-06,1.654493735545002e-06,1.8171544427438593e-06,2.5346372216846983e-06,0.00858097933665725,6.964442504556335e-05
1_pos_773,ALGGA,5,1,released_test,4,4,0.999999999929235,0.9999861873139557,0.9999930936215954,0.9999962834440704,0.9999894041883683,0.9916494526156321,0.9876166410226439
0_neg_646,CYFNNCPVG,9,0,released_test,2,904,0.00025283164762652214,0.00016589500088240493,0.00020936332425446354,0.00020480207322219634,0.00018676677250007838,0.03531244735101867,0.029438883250346704
0_neg_1443,ATQRLPPLSTEPNR,14,0,released_test,1,1698,0.3753662318268924,2.6230767809994205e-12,0.18768311591475773,0.0007746018901169234,0.118139175785191,0.027411791737739805,9.032983461945632e-07
0_neg_262,CRQSCSFGPLTFVCDGNTK,19,0,released_test,4,1491,1.2460192258427023e-11,4.936172103128947e-13,6.4769047343699586e-12,1.0000000000000008e-06,3.280560037584195e-12,0.006074063854684677,1.1776206417932505e-08
1_pos_1349,DEQIPSHPPR,10,1,released_test,4,1699,0.9389898902824839,0.370664755149883,0.6548273227161835,0.7506720046420587,0.50302423583232,0.5803284971994493,0.5973199027198791
1_pos_433,FY,2,1,released_test,2,1700,0.9999999998294116,0.9999753709690564,0.999987685399234,0.9999950371965872,0.9999812838719321,0.9913187138323717,0.9994434477729796
0_neg_1169,CSTCLDKP,8,0,released_test,3,1701,6.686659189184208e-05,0.033001745595973755,0.016534306093932798,0.0015084090772028856,0.023287644705486922,0.1485124848407608,0.21829904105168435
1_pos_1056,YYPFKGFA,8,1,released_test,5,1702,0.9926885287095616,0.9996875159100861,0.9961880223098238,0.9984849769389365,0.9979750971523274,0.9561705104059202,0.9857608906482782
0_neg_1201,NCCPIDEESCCS,12,0,released_test,5,1703,0.0005149541035542489,7.406988180017968e-11,0.0002574770888120654,2.269794141611498e-05,0.0001259921518102724,0.009632543620356896,4.673491479075966e-06
1_pos_783,LY,2,1,released_test,1,1704,0.9999999999996854,0.9999999001109414,0.9999999500553134,0.999999,0.9999999315489687,0.9950509313796162,0.9999680500190573
1_pos_176,YASVV,5,1,released_test,4,137,0.9999999995430837,0.9999999847425705,0.9999999921428271,0.999999,0.9999999881895203,0.9960967849721714,0.9998927195594003
0_neg_12,GNVAELTEVR,10,0,released_test,2,1705,0.019936101722962403,0.008015938432501138,0.013976020077731771,0.01265858373434492,0.010877734178731915,0.15519473025404149,0.025592907645978668
0_neg_1494,VGQDATISFK,10,0,released_test,3,1706,5.977898518396423e-07,1.2448247693142764e-06,9.213073105769594e-07,1.1157171621800347e-06,1.053982639083969e-06,0.008132433591373075,0.0002557127321530995
0_neg_725,MIEIRFHGRGGQGAV,15,0,released_test,4,1707,2.6105872684445064e-06,0.00019592091898352947,9.9265753125987e-05,2.2617406543264948e-05,0.00015090011392906275,0.03017977999449547,0.0012011727895643155
0_neg_512,PKDSMLLLQVPVY,13,0,released_test,1,1708,0.013170209028574178,0.020975037730598823,0.0170726233795865,0.0166282832584341,0.018518620632288846,0.20794654173570726,0.16840534892400424
0_neg_1151,YAIVARPRF,9,0,released_test,5,1064,0.8623817219914847,1.0068037943587418e-06,0.4311913643976395,0.002505502618529064,0.21099680815432947,0.024132462741809572,0.00045083331016672443
1_pos_1244,CSQAPLA,7,1,released_test,3,1709,0.9999999572044114,0.795281111289467,0.8976405342469391,0.999492894230222,0.8556626758658945,0.8976366419546689,0.9439250456808579
0_neg_978,GKPFYPPPIYPEDM,14,0,released_test,2,1710,0.47609778571342554,0.9386227509704893,0.7073602683419574,0.788489811089703,0.8275796430998602,0.7314739006032847,0.956329807899873
0_neg_46,WLRMASGLTDYR,12,0,released_test,5,1711,0.0004800065947414051,0.02105729672318865,0.010768651658965027,0.003203737551810271,0.016022720063703356,0.15628020009329885,0.12390424306033253
1_pos_841,LEEAF,5,1,released_test,5,62,0.9999971623946966,0.9999999846577754,0.999998573526236,0.9999983154802959,0.99999929414412,0.9961727925017402,0.999993885519138
1_pos_703,KAVPYPQ,7,1,released_test,4,79,0.999999674524761,0.9999999920071542,0.9999998332659576,0.999999,0.9999999180674284,0.9960967849721714,0.9999841749763324
0_neg_340,EGCCSNPPCRHTHPEVC,17,0,released_test,3,854,1.265015519229821e-07,6.078711336143132e-12,6.325381531715912e-08,1.0000000000000008e-06,3.7315758483212904e-08,0.007700307922887247,3.103063380164295e-07
0_neg_1490,LSAGPNGGSIAKLSVK,16,0,released_test,4,1712,7.823567654402767e-05,0.0018839559255610576,0.0009810958010525426,0.0003841469562925567,0.0014634146198137922,0.07646548812043577,0.1646629311482497
0_neg_960,DMDDFGLGDFDDGR,14,0,released_test,1,1713,6.252675089117723e-10,4.746356668133876e-07,2.3763046716114968e-07,1.0000000000000008e-06,3.254501697215417e-07,0.006642723419556829,1.5790176899870027e-05
0_neg_282,CFPGNCPDS,9,0,released_test,2,1714,0.9147781511073313,4.29904726623166e-10,0.45738907576861804,0.0032655931990572045,0.21962016473154777,0.019603065102363818,0.0018147035990637827
1_pos_756,LEQQVDDLEGSLEQEKK,17,1,released_test,4,1715,9.483285172490443e-06,0.3257996087170825,0.1629045460011275,0.002136158774067629,0.2499250623562699,0.25475257789070305,0.06109194296690847
0_neg_413,EVRPFPEVYERIA,13,0,released_test,3,1716,0.8967491495538207,0.8437004709811928,0.8702248102675068,0.8725636976968079,0.8593471116048808,0.7103493217952247,0.9362887543272866
0_neg_462,FIGGIISFIKKLF,13,0,released_test,2,928,2.1648841145983148e-09,3.2621569472368806e-10,1.2455499046610015e-09,1.0000000000000008e-06,7.676436629912652e-10,0.004462528399727788,2.556130857770871e-07
0_neg_1239,MARIAGVNIPTGKRVPI,17,0,released_test,5,1717,7.695261303384212e-07,8.801761781194716e-10,3.8520315325827034e-07,1.0000000000000008e-06,1.8894220747899582e-07,0.005214380949955825,1.276394388854341e-06
1_pos_1420,AGGF,4,1,released_test,4,94,0.9999999973234006,0.9999999770441902,0.9999999871837955,0.999999,0.9999999817670954,0.9960967849721714,0.9999943156301662
0_neg_1521,IRCTGSKECYSPSY,14,0,released_test,1,1718,8.831067841691674e-07,0.041011225487561205,0.02050605429717269,0.0002067545268980806,0.028104022770151862,0.10146017341650763,0.08172969714199838
1_pos_918,KFPE,4,1,released_test,2,1719,0.9999999998801021,0.9999993127897668,0.9999996563349345,0.999999,0.9999994777465843,0.9967757690249403,0.9999748485346688
0_neg_1247,APYQKRNI,8,0,released_test,3,1720,0.5746021239423359,0.9999968162707917,0.7872994701065639,0.9984670903705916,0.8745271900109209,0.9688603018941655,0.9978193733815253
0_neg_1466,GVIDAAKKVVNVLKNLF,17,0,released_test,2,834,3.789861495593064e-10,5.167658054137844e-08,2.6027783345468873e-08,1.0000000000000008e-06,3.936104141282854e-08,0.004462528399727788,7.007467975245196e-06
0_neg_164,TPQQDFMRF,9,0,released_test,1,53,0.0017401756977273013,5.323529496583147e-11,0.0008700878754812981,4.1750034443206444e-05,0.0005476862831821322,0.014764319879058279,3.998293719092102e-07
1_pos_861,APSFSDIPNPIGSENSE,17,1,released_test,3,705,1.880209382752689e-05,0.7096756493945447,0.35484722574418615,0.006733813162865134,0.5003632601961638,0.3056400845522564,0.19665097307024895
1_pos_1174,FIKK,4,1,released_test,4,1721,0.9999999992298332,0.9999999985915495,0.9999999989106914,0.999999,0.999999998740202,0.9960967849721714,0.9999987579792379
0_neg_1240,SGETSGEGNGMWFGPRL,17,0,released_test,2,785,1.2145756004444891e-05,1.164220673481675e-10,6.07293621325612e-06,3.485086944761136e-06,2.9160445721384535e-06,0.005613609501132176,1.0730238549948786e-06
1_pos_781,LFSPR,5,1,released_test,5,45,0.8624638315950728,0.9999999649346366,0.9312318982648546,0.999600823618211,0.966349459818321,0.9887838567228109,0.9999168241532245
0_neg_1367,GMWSKILGHLIR,12,0,released_test,5,1722,4.302196836624416e-08,1.310234559013825e-08,2.8062156978191205e-08,1.0000000000000008e-06,2.042267948973877e-08,0.005214380949955825,5.588838841523448e-06
0_neg_493,ELVSNASDALDKLR,14,0,released_test,2,1723,3.206941116527878e-06,4.682993375770135e-12,1.603472899760627e-06,1.7907939920624565e-06,7.699267738480895e-07,0.004967137014979685,1.763389272654192e-08
1_pos_891,VLSLSQSKVLPVPQK,15,1,released_test,5,173,0.6383311772369398,0.07537830681735824,0.356854742027149,0.27500640625278944,0.2131141002144913,0.38248505237499547,0.2710337591759362
0_neg_1384,AGLLDILGL,9,0,released_test,4,839,0.92852569829478,0.00495850032067929,0.46674209930772964,0.20282826324051953,0.22005170514728598,0.2530834967518609,0.032269702617529136
1_pos_1079,YIPIQY,6,1,released_test,1,289,0.9999999997810236,0.9993854060115691,0.9996927028962963,0.9999752019746421,0.9995788373732863,0.9734415557850342,0.9935079605994079
0_neg_1119,IWSGIQGAF,9,0,released_test,2,1553,0.22026745307672851,0.0001387943737283613,0.11020312372522843,0.006223107450567372,0.052987337111715924,0.062107832864679795,0.0009749096941705081
1_pos_1312,KILIYG,6,1,released_test,3,391,0.9999994096148466,0.9999838800646116,0.999991644839729,0.9999959850178181,0.9999884604858043,0.9900826504820269,0.9986765345436956
1_pos_867,EAPLNPKA,8,1,released_test,1,426,0.917674984639872,0.9533257132805815,0.9355003489602267,0.9378457178777765,0.9421053441035447,0.7700008889471075,0.8326498759173947
0_neg_484,EYDDMYTEKRPKVYAFGL,18,0,released_test,4,1724,4.292686990608624e-11,0.00046341118376459024,0.00023170561334573007,2.1531524143095392e-05,0.00035548553671499195,0.03526582087649973,0.0006766812286761771
1_pos_422,QCH,3,1,released_test,2,23,0.999999999998952,0.9999999995201276,0.9999999997595398,0.999999,0.9999999996350839,0.9967757690249403,0.9999999527633454
1_pos_30,PWI,3,1,released_test,4,116,0.9999998339994995,0.9999843748799989,0.9999921044397493,0.9999960471205123,0.9999879752152689,0.9913466631036364,0.9992213206004933
1_pos_1017,NKGPR,5,1,released_test,1,1725,0.9999988869515702,0.9999975636868944,0.9999982253192323,0.9999983532653004,0.9999979801585557,0.9936692299983408,0.9999581113873367
0_neg_763,AVPAVRKTNETLD,13,0,released_test,3,1726,0.00019029419436163305,6.637580154533893e-06,9.846588725808346e-05,3.554225592333898e-05,6.0806866138304017e-05,0.02248860157333432,0.0008523490161118071
1_pos_1190,IGINAENNQRN,11,1,released_test,5,1727,0.9998411999829205,0.8356393675227074,0.9177402837528139,0.9944418710767049,0.8758140799356915,0.8255470114067646,0.945418806407764
1_pos_1133,QFLLAGR,7,1,released_test,3,1728,0.004792333712487568,0.9999823102412783,0.502387321976883,0.9428531641412686,0.7064522858557709,0.9129663599985445,0.9954777601016435
1_pos_851,TTYY,4,1,released_test,1,1729,0.999999999836517,0.999868290473878,0.9999341451551975,0.9999885228930534,0.9999097434182982,0.9821879427079645,0.9997071773476405
0_neg_1318,GECCTDCAQTAAANYC,16,0,released_test,2,1730,2.37915902336841e-08,4.194819823819635e-05,2.098599491421502e-05,6.47684000946705e-06,3.188297633772135e-05,0.014118315774286405,0.0035235012037632737
1_pos_1268,QTVAVGVIK,9,1,released_test,4,1731,0.9915631291533635,0.998414388009298,0.9949887585813308,0.9963374797993806,0.9968187713312131,0.9273536663786858,0.9668307640754191
1_pos_890,NFHPQ,5,1,released_test,5,1732,0.9999999737680334,0.9999996858680565,0.999999829818045,0.999999,0.9999997563075796,0.9965469298198019,0.9999843924586846
1_pos_1357,IYVFVR,6,1,released_test,2,1733,0.9999822780384211,0.9999971015331345,0.9999896897857778,0.9999928329335611,0.9999935427048633,0.9941618749811006,0.9998934806410026
0_neg_1228,YEDAYALQYCPR,12,0,released_test,1,1734,0.9930808135209993,0.015842616967043918,0.5044617152440216,0.6031759114017313,0.32340921538758666,0.3990327837709608,0.07959437077534613
1_pos_751,HHPL,4,1,released_test,5,458,0.9999999999950042,0.9999999999999993,0.9999999999975018,0.999999,0.9999999999987772,0.9965469298198019,0.999999999617806
0_neg_64,APPGFTPFR,9,0,released_test,3,830,0.011088790850747687,1.940738479310054e-07,0.005544492462297809,0.0001058809129996323,0.0032707616630405683,0.02246441385664898,0.00021057501512759455
0_neg_730,MAIVGTIIKIIKAIIDIFAK,20,0,released_test,4,1735,2.3305677874634918e-11,2.8511695134137627e-09,1.4372375956441988e-09,1.0000000000000008e-06,2.1925771591880896e-09,0.006074063854684677,3.841752023353318e-09
1_pos_1164,LHPH,4,1,released_test,3,44,0.9999999999988785,0.9999999999987847,0.9999999999988316,0.999999,0.9999999999988125,0.9950438641312124,0.999999986178596
0_neg_693,GCCGSFACRFGCVPCCV,17,0,released_test,2,787,4.373401194333366e-11,3.844721399898662e-14,2.1886229578666323e-11,1.0000000000000008e-06,1.0528889184003469e-11,0.004462528399727788,1.87838107644123e-09
0_neg_196,QGGWPRNPIPP,11,0,released_test,1,53,0.005801465205656519,4.694403878604401e-08,0.002900756074847653,7.638346043694322e-05,0.001825929811729241,0.016789906135399234,5.819886207976914e-06
1_pos_1459,AWEEREQGSR,10,1,released_test,3,1736,0.20678754058141063,0.9996305751356157,0.6032090578585132,0.9637152120301515,0.7657825252604442,0.8860808312106315,0.9961961545562074
1_pos_233,PHL,3,1,released_test,4,116,0.9999999999556559,0.9999999999999538,0.9999999999778049,0.999999,0.9999999999896371,0.9960967849721714,0.9999999904381388
1_pos_849,LHF,3,1,released_test,3,3,0.9999999999556624,0.9999999999282694,0.9999999999419659,0.999999,0.9999999999363489,0.9950438641312124,0.9999995894444678
