index,record_id,sequence,length,group_index,group_id,label,original_split,source,strict_fold
0,pos_0,FLQL,4,0,SW60C80_00000,1,development,remaining_positive,3
1,pos_1,ECA,3,1,SW60C80_00001,1,development,remaining_positive,4
2,pos_2,YQEPVLGP,8,2,SW60C80_00002,1,development,remaining_positive,3
3,pos_3,LWD,3,3,SW60C80_00003,1,development,remaining_positive,3
4,pos_4,LANAK,5,4,SW60C80_00004,1,development,remaining_positive,4
5,pos_5,VTGRFAGHPAAQ,12,5,SW60C80_00005,1,development,remaining_positive,1
6,pos_6,YLYP,4,6,SW60C80_00006,1,development,remaining_positive,2
7,pos_7,AGLQFPVGR,9,7,SW60C80_00007,1,development,remaining_positive,3
8,pos_8,VVLYR,5,8,SW60C80_00008,1,development,remaining_positive,3
9,pos_9,AMRLTGNRPGLYAT,14,9,SW60C80_00009,1,development,remaining_positive,5
10,pos_10,YFYP,4,6,SW60C80_00006,1,development,remaining_positive,2
11,pos_11,PSLPA,5,10,SW60C80_00010,1,development,remaining_positive,4
12,pos_12,VIPMGL,6,4,SW60C80_00004,1,development,remaining_positive,4
13,pos_13,PHN,3,11,SW60C80_00011,1,development,remaining_positive,5
14,pos_14,TYQTF,5,12,SW60C80_00012,1,development,remaining_positive,5
15,pos_15,VLVPK,5,13,SW60C80_00013,1,development,remaining_positive,1
16,pos_16,EFIQ,4,14,SW60C80_00014,1,development,remaining_positive,3
17,pos_17,YLL,3,15,SW60C80_00015,1,development,remaining_positive,1
18,pos_18,PAEGPA,6,4,SW60C80_00004,1,development,remaining_positive,4
19,pos_19,LWS,3,3,SW60C80_00003,1,development,remaining_positive,3
20,pos_20,PVDENDEG,8,16,SW60C80_00016,1,development,remaining_positive,5
21,pos_22,EPVLGPVRGPFPI,13,17,SW60C80_00017,1,development,remaining_positive,3
22,pos_23,LGLNGDDVN,9,18,SW60C80_00018,1,development,remaining_positive,2
23,pos_24,AMRLTYNRPGLYAT,14,9,SW60C80_00009,1,development,remaining_positive,5
24,pos_25,LWN,3,3,SW60C80_00003,1,development,remaining_positive,3
25,pos_26,GGVLPNINPVL,11,19,SW60C80_00019,1,development,remaining_positive,4
26,pos_27,IQYVLSR,7,20,SW60C80_00020,1,development,remaining_positive,1
27,pos_28,REGAAPGAA,9,21,SW60C80_00021,1,development,remaining_positive,3
28,pos_29,YRGGLEPINF,10,22,SW60C80_00022,1,development,remaining_positive,5
29,pos_31,PHS,3,11,SW60C80_00011,1,development,remaining_positive,5
30,pos_32,AHH,3,23,SW60C80_00023,1,development,remaining_positive,2
31,pos_33,KAQYPYV,7,24,SW60C80_00024,1,development,remaining_positive,5
32,pos_34,GAGLPGSRER,10,25,SW60C80_00025,1,development,remaining_positive,2
33,pos_35,PGVPWP,6,26,SW60C80_00026,1,development,remaining_positive,4
34,pos_36,FGF,3,27,SW60C80_00027,1,development,remaining_positive,1
35,pos_37,YGKHVAVHAR,10,28,SW60C80_00028,1,development,remaining_positive,5
36,pos_38,ESYHLPR,7,29,SW60C80_00029,1,development,remaining_positive,3
37,pos_40,PHK,3,11,SW60C80_00011,1,development,remaining_positive,5
38,pos_42,DLVKVEA,7,30,SW60C80_00030,1,development,remaining_positive,5
39,pos_43,WNMNAH,6,31,SW60C80_00031,1,development,remaining_positive,4
40,pos_44,AIEWEGIESGSVEQA,15,32,SW60C80_00032,1,development,remaining_positive,4
41,pos_46,WPP,3,33,SW60C80_00033,1,development,remaining_positive,1
42,pos_47,KYL,3,34,SW60C80_00034,1,development,remaining_positive,3
43,pos_48,LQGM,4,35,SW60C80_00035,1,development,remaining_positive,2
44,pos_49,VYPFPGPIPN,10,4,SW60C80_00004,1,development,remaining_positive,4
45,pos_50,KCHKP,5,36,SW60C80_00036,1,development,remaining_positive,2
46,pos_51,ISELWG,6,37,SW60C80_00037,1,development,remaining_positive,1
47,pos_53,MEPVW,5,38,SW60C80_00038,1,development,remaining_positive,3
48,pos_54,MYVVELMMSF,10,39,SW60C80_00039,1,development,remaining_positive,4
49,pos_55,YSY,3,23,SW60C80_00023,1,development,remaining_positive,2
50,pos_56,YLGYLE,6,40,SW60C80_00040,1,development,remaining_positive,4
51,pos_57,WLMSA,5,31,SW60C80_00031,1,development,remaining_positive,4
52,pos_58,HDHPVC,6,41,SW60C80_00041,1,development,remaining_positive,5
53,pos_59,AGWNI,5,42,SW60C80_00042,1,development,remaining_positive,5
54,pos_60,QLNEPDNRLQ,10,43,SW60C80_00043,1,development,remaining_positive,4
55,pos_61,FLLPH,5,44,SW60C80_00044,1,development,remaining_positive,3
56,pos_62,LYTPH,5,45,SW60C80_00045,1,development,remaining_positive,5
57,pos_64,ERF,3,46,SW60C80_00046,1,development,remaining_positive,1
58,pos_65,YYI,3,15,SW60C80_00015,1,development,remaining_positive,1
59,pos_66,DHG,3,47,SW60C80_00047,1,development,remaining_positive,3
60,pos_67,AFGPE,5,48,SW60C80_00048,1,development,remaining_positive,5
61,pos_68,RDKVYR,6,48,SW60C80_00048,1,development,remaining_positive,5
62,pos_69,QQRQQQGL,8,49,SW60C80_00049,1,development,remaining_positive,5
63,pos_70,YKY,3,23,SW60C80_00023,1,development,remaining_positive,2
64,pos_71,CQC,3,50,SW60C80_00050,1,development,remaining_positive,2
65,pos_72,FEQL,4,0,SW60C80_00000,1,development,remaining_positive,3
66,pos_73,DEDTQAMP,8,51,SW60C80_00051,1,development,remaining_positive,4
67,pos_74,CSGD,4,52,SW60C80_00052,1,development,remaining_positive,1
68,pos_75,GAPGPAGQVGAP,12,53,SW60C80_00053,1,development,remaining_positive,1
69,pos_76,KTFCGRH,7,54,SW60C80_00054,1,development,remaining_positive,3
70,pos_77,DHH,3,23,SW60C80_00023,1,development,remaining_positive,2
71,pos_78,RYLG,4,55,SW60C80_00055,1,development,remaining_positive,4
72,pos_79,WSVPQPK,7,56,SW60C80_00056,1,development,remaining_positive,5
73,pos_81,GHH,3,57,SW60C80_00057,1,development,remaining_positive,3
74,pos_82,LTEQESGVPVMK,12,58,SW60C80_00058,1,development,remaining_positive,2
75,pos_83,SYY,3,23,SW60C80_00023,1,development,remaining_positive,2
76,pos_85,RYPS,4,59,SW60C80_00059,1,development,remaining_positive,1
77,pos_86,LLPHHH,6,44,SW60C80_00044,1,development,remaining_positive,3
78,pos_87,GWNIP,5,42,SW60C80_00042,1,development,remaining_positive,5
79,pos_88,VSYT,4,60,SW60C80_00060,1,development,remaining_positive,4
80,pos_89,KPKL,4,61,SW60C80_00061,1,development,remaining_positive,1
81,pos_90,RHL,3,34,SW60C80_00034,1,development,remaining_positive,3
82,pos_91,IVEYF,5,62,SW60C80_00062,1,development,remaining_positive,5
83,pos_92,AMRLTGNRPCLGAT,14,9,SW60C80_00009,1,development,remaining_positive,5
84,pos_93,YGLN,4,63,SW60C80_00063,1,development,remaining_positive,3
85,pos_94,LVPK,4,13,SW60C80_00013,1,development,remaining_positive,1
86,pos_95,AMRLTGNRPCIYAT,14,9,SW60C80_00009,1,development,remaining_positive,5
87,pos_96,RWAEK,5,64,SW60C80_00064,1,development,remaining_positive,5
88,pos_97,FWIIE,5,65,SW60C80_00065,1,development,remaining_positive,2
89,pos_98,PPHMLP,6,4,SW60C80_00004,1,development,remaining_positive,4
90,pos_99,YLLLK,5,13,SW60C80_00013,1,development,remaining_positive,1
91,pos_100,VKL,3,66,SW60C80_00066,1,development,remaining_positive,1
92,pos_101,MPACGSS,7,67,SW60C80_00067,1,development,remaining_positive,3
93,pos_102,YDY,3,23,SW60C80_00023,1,development,remaining_positive,2
94,pos_104,SQW,3,68,SW60C80_00068,1,development,remaining_positive,5
95,pos_105,LHK,3,3,SW60C80_00003,1,development,remaining_positive,3
96,pos_106,LLNDEVKEGQ,10,69,SW60C80_00069,1,development,remaining_positive,4
97,pos_107,PHW,3,11,SW60C80_00011,1,development,remaining_positive,5
98,pos_108,RPSYT,5,70,SW60C80_00070,1,development,remaining_positive,1
99,pos_109,SYPTECRMR,9,71,SW60C80_00071,1,development,remaining_positive,3
100,pos_110,TPSPR,5,72,SW60C80_00072,1,development,remaining_positive,1
101,pos_111,YQIGL,5,73,SW60C80_00073,1,development,remaining_positive,3
102,pos_112,FDTADLPSGKGYL,13,74,SW60C80_00074,1,development,remaining_positive,5
103,pos_113,EAK,3,75,SW60C80_00075,1,development,remaining_positive,2
104,pos_114,VLLHLK,6,76,SW60C80_00076,1,development,remaining_positive,4
105,pos_115,TVFDGELR,8,77,SW60C80_00077,1,development,remaining_positive,1
106,pos_116,DIDDLELTLAK,11,78,SW60C80_00078,1,development,remaining_positive,3
107,pos_117,PYPQ,4,79,SW60C80_00079,1,development,remaining_positive,4
108,pos_118,NPYVPR,6,79,SW60C80_00079,1,development,remaining_positive,4
109,pos_120,VLVSGSIHYPR,11,80,SW60C80_00080,1,development,remaining_positive,5
110,pos_121,EAGPSIVHR,9,81,SW60C80_00081,1,development,remaining_positive,2
111,pos_122,YAVT,4,82,SW60C80_00082,1,development,remaining_positive,2
112,pos_123,DLGLGLPGAH,10,83,SW60C80_00083,1,development,remaining_positive,3
113,pos_124,FPFPRPPHQ,9,4,SW60C80_00004,1,development,remaining_positive,4
114,pos_125,HQP,3,84,SW60C80_00084,1,development,remaining_positive,5
115,pos_126,FD,2,85,SW60C80_00085,1,development,remaining_positive,4
116,pos_127,SVYT,4,86,SW60C80_00086,1,development,remaining_positive,1
117,pos_128,ALPMHIR,7,87,SW60C80_00087,1,development,remaining_positive,3
118,pos_129,RWT,3,23,SW60C80_00023,1,development,remaining_positive,2
119,pos_130,RYL,3,34,SW60C80_00034,1,development,remaining_positive,3
120,pos_131,NHRYDR,6,88,SW60C80_00088,1,development,remaining_positive,5
121,pos_132,WHMHKTF,7,89,SW60C80_00089,1,development,remaining_positive,2
122,pos_133,EEKNPKATE,9,90,SW60C80_00090,1,development,remaining_positive,4
123,pos_134,PHQ,3,11,SW60C80_00011,1,development,remaining_positive,5
124,pos_136,IIENGEKWS,9,91,SW60C80_00091,1,development,remaining_positive,1
125,pos_137,GTQY,4,92,SW60C80_00092,1,development,remaining_positive,3
126,pos_138,YGGFM,5,40,SW60C80_00040,1,development,remaining_positive,4
127,pos_140,AAGAAAAARSAGQCGR,16,93,SW60C80_00093,1,development,remaining_positive,5
128,pos_141,ADGF,4,94,SW60C80_00094,1,development,remaining_positive,4
129,pos_142,YWDAW,5,95,SW60C80_00095,1,development,remaining_positive,2
130,pos_143,VEP,3,96,SW60C80_00096,1,development,remaining_positive,4
131,pos_144,QEAE,4,97,SW60C80_00097,1,development,remaining_positive,4
132,pos_145,SPFWNINAHS,10,98,SW60C80_00098,1,development,remaining_positive,1
133,pos_146,YYDPL,5,99,SW60C80_00099,1,development,remaining_positive,3
134,pos_148,FPKYPVEPF,9,100,SW60C80_00100,1,development,remaining_positive,4
135,pos_149,VIESPPEINTVQ,12,101,SW60C80_00101,1,development,remaining_positive,5
136,pos_150,WV,2,102,SW60C80_00102,1,development,remaining_positive,2
137,pos_151,LHQ,3,3,SW60C80_00003,1,development,remaining_positive,3
138,pos_152,VGGRP,5,103,SW60C80_00103,1,development,remaining_positive,1
139,pos_153,FL,2,104,SW60C80_00104,1,development,remaining_positive,4
140,pos_154,LADGVAAPA,9,105,SW60C80_00105,1,development,remaining_positive,1
141,pos_155,VECYG,5,106,SW60C80_00106,1,development,remaining_positive,3
142,pos_156,HPH,3,23,SW60C80_00023,1,development,remaining_positive,2
143,pos_157,VLPVPQK,7,79,SW60C80_00079,1,development,remaining_positive,4
144,pos_158,QVVPYPQ,7,79,SW60C80_00079,1,development,remaining_positive,4
145,pos_159,VLNPWDQVKR,10,107,SW60C80_00107,1,development,remaining_positive,5
146,pos_160,FLPF,4,108,SW60C80_00108,1,development,remaining_positive,4
147,pos_161,DFTPVCTTELGR,12,109,SW60C80_00109,1,development,remaining_positive,2
148,pos_162,CGN,3,110,SW60C80_00110,1,development,remaining_positive,2
149,pos_163,LYPY,4,111,SW60C80_00111,1,development,remaining_positive,1
150,pos_164,PHF,3,11,SW60C80_00011,1,development,remaining_positive,5
151,pos_165,IESPPEIN,8,112,SW60C80_00112,1,development,remaining_positive,3
152,pos_166,EEYFPVGGDRPESF,14,113,SW60C80_00113,1,development,remaining_positive,5
153,pos_167,HWH,3,23,SW60C80_00023,1,development,remaining_positive,2
154,pos_168,LWG,3,114,SW60C80_00114,1,development,remaining_positive,4
155,pos_169,SPYCYG,6,115,SW60C80_00115,1,development,remaining_positive,3
156,pos_170,LHDELT,6,13,SW60C80_00013,1,development,remaining_positive,1
157,pos_171,SVW,3,68,SW60C80_00068,1,development,remaining_positive,5
158,pos_172,PWL,3,116,SW60C80_00116,1,development,remaining_positive,4
159,pos_173,SHNPF,5,117,SW60C80_00117,1,development,remaining_positive,5
160,pos_174,FGERR,5,118,SW60C80_00118,1,development,remaining_positive,1
161,pos_175,TGNLPGAAHPLLL,13,119,SW60C80_00119,1,development,remaining_positive,2
162,pos_177,RWWQLR,6,120,SW60C80_00120,1,development,remaining_positive,1
163,pos_178,YEA,3,23,SW60C80_00023,1,development,remaining_positive,2
164,pos_179,LPL,3,121,SW60C80_00121,1,development,remaining_positive,1
165,pos_180,YGFLP,5,122,SW60C80_00122,1,development,remaining_positive,2
166,pos_181,IGSLI,5,123,SW60C80_00123,1,development,remaining_positive,3
167,pos_182,IKGTIAGGGVIPH,13,124,SW60C80_00124,1,development,remaining_positive,3
168,pos_183,AWVDY,5,125,SW60C80_00125,1,development,remaining_positive,5
169,pos_184,VVFVDRL,7,126,SW60C80_00126,1,development,remaining_positive,5
170,pos_185,ADASVLPK,8,127,SW60C80_00127,1,development,remaining_positive,2
171,pos_186,DHW,3,128,SW60C80_00128,1,development,remaining_positive,4
172,pos_188,VEGNLQVLRPR,11,129,SW60C80_00129,1,development,remaining_positive,1
173,pos_189,LFV,3,121,SW60C80_00121,1,development,remaining_positive,1
174,pos_190,AYY,3,23,SW60C80_00023,1,development,remaining_positive,2
175,pos_191,TVQVTSTAV,9,130,SW60C80_00130,1,development,remaining_positive,3
176,pos_192,LHL,3,121,SW60C80_00121,1,development,remaining_positive,1
177,pos_193,QKW,3,131,SW60C80_00131,1,development,remaining_positive,5
178,pos_194,GY,2,132,SW60C80_00132,1,development,remaining_positive,2
179,pos_195,LYEGY,5,55,SW60C80_00055,1,development,remaining_positive,4
180,pos_196,LWHTH,5,133,SW60C80_00133,1,development,remaining_positive,4
181,pos_197,IREADIDGDGQVN,13,134,SW60C80_00134,1,development,remaining_positive,1
182,pos_198,VLDTGLAGA,9,83,SW60C80_00083,1,development,remaining_positive,3
183,pos_199,DVFRELRVQ,9,135,SW60C80_00135,1,development,remaining_positive,3
184,pos_202,SAEHGSLH,8,136,SW60C80_00136,1,development,remaining_positive,5
185,pos_203,LPYPY,5,79,SW60C80_00079,1,development,remaining_positive,4
186,pos_204,YPFVVN,6,137,SW60C80_00137,1,development,remaining_positive,4
187,pos_205,ASPAPAGLSY,10,138,SW60C80_00138,1,development,remaining_positive,2
188,pos_206,GVPFW,5,139,SW60C80_00139,1,development,remaining_positive,4
189,pos_207,IRGCRL,6,140,SW60C80_00140,1,development,remaining_positive,2
190,pos_208,YQL,3,15,SW60C80_00015,1,development,remaining_positive,1
191,pos_209,VEVLPPAEL,9,141,SW60C80_00141,1,development,remaining_positive,4
192,pos_210,NAPVSIPQ,8,142,SW60C80_00142,1,development,remaining_positive,1
193,pos_211,IPAGM,5,4,SW60C80_00004,1,development,remaining_positive,4
194,pos_212,KGVITQ,6,143,SW60C80_00143,1,development,remaining_positive,5
195,pos_213,VFPW,4,144,SW60C80_00144,1,development,remaining_positive,3
196,pos_214,VDTR,4,145,SW60C80_00145,1,development,remaining_positive,2
197,pos_215,WPL,3,146,SW60C80_00146,1,development,remaining_positive,4
198,pos_218,GKDAVIV,7,147,SW60C80_00147,1,development,remaining_positive,1
199,pos_220,RADHP,5,13,SW60C80_00013,1,development,remaining_positive,1
200,pos_221,EWPAQ,5,79,SW60C80_00079,1,development,remaining_positive,4
201,pos_222,FYY,3,23,SW60C80_00023,1,development,remaining_positive,2
202,pos_223,VGDI,4,148,SW60C80_00148,1,development,remaining_positive,3
203,pos_224,LPHSGY,6,149,SW60C80_00149,1,development,remaining_positive,5
204,pos_225,IDLAY,5,150,SW60C80_00150,1,development,remaining_positive,2
205,pos_226,VVALALI,7,151,SW60C80_00151,1,development,remaining_positive,4
206,pos_227,LGNTDYAVH,9,152,SW60C80_00152,1,development,remaining_positive,1
207,pos_228,GGIF,4,40,SW60C80_00040,1,development,remaining_positive,4
208,pos_229,VW,2,153,SW60C80_00153,1,development,remaining_positive,3
209,pos_230,LLGPGLTNHA,10,154,SW60C80_00154,1,development,remaining_positive,5
210,pos_231,YWY,3,23,SW60C80_00023,1,development,remaining_positive,2
211,pos_232,KD,2,155,SW60C80_00155,1,development,remaining_positive,2
212,pos_234,FSWF,4,156,SW60C80_00156,1,development,remaining_positive,4
213,pos_235,VFL,3,66,SW60C80_00066,1,development,remaining_positive,1
214,pos_236,VPSGK,5,157,SW60C80_00157,1,development,remaining_positive,1
215,pos_237,HGGEGGRPYHLGEES,15,158,SW60C80_00158,1,development,remaining_positive,1
216,pos_238,VSLPEW,6,159,SW60C80_00159,1,development,remaining_positive,3
217,pos_239,FVSACSVAG,9,160,SW60C80_00160,1,development,remaining_positive,5
218,pos_240,QAEP,4,161,SW60C80_00161,1,development,remaining_positive,2
219,pos_241,AGTGAGAGGGAGTKTSS,17,162,SW60C80_00162,1,development,remaining_positive,2
220,pos_242,YVL,3,15,SW60C80_00015,1,development,remaining_positive,1
221,pos_243,KEFLLAGNNNRA,12,163,SW60C80_00163,1,development,remaining_positive,4
222,pos_244,EFLQ,4,14,SW60C80_00014,1,development,remaining_positive,3
223,pos_245,WNIP,4,42,SW60C80_00042,1,development,remaining_positive,5
224,pos_246,VKEAMAPK,8,164,SW60C80_00164,1,development,remaining_positive,3
225,pos_247,SGAF,4,165,SW60C80_00165,1,development,remaining_positive,1
226,pos_248,MEMK,4,166,SW60C80_00166,1,development,remaining_positive,3
227,pos_249,QNGRFY,6,73,SW60C80_00073,1,development,remaining_positive,3
228,pos_250,YPW,3,23,SW60C80_00023,1,development,remaining_positive,2
229,pos_251,AEDKKLIQ,8,167,SW60C80_00167,1,development,remaining_positive,5
230,pos_252,APYMM,5,168,SW60C80_00168,1,development,remaining_positive,2
231,pos_253,WEN,3,169,SW60C80_00169,1,development,remaining_positive,5
232,pos_254,DW,2,170,SW60C80_00170,1,development,remaining_positive,4
233,pos_255,WY,2,171,SW60C80_00171,1,development,remaining_positive,1
234,pos_256,IKW,3,3,SW60C80_00003,1,development,remaining_positive,3
235,pos_257,NSKKTVD,7,172,SW60C80_00172,1,development,remaining_positive,5
236,pos_258,RHPHP,5,13,SW60C80_00013,1,development,remaining_positive,1
237,pos_259,SQSKVLPVPQKAVPYPQ,17,173,SW60C80_00173,1,development,remaining_positive,5
238,pos_260,FRDEHKK,7,174,SW60C80_00174,1,development,remaining_positive,3
239,pos_261,VGAPSVS,7,175,SW60C80_00175,1,development,remaining_positive,2
240,pos_262,EEGGSV,6,176,SW60C80_00176,1,development,remaining_positive,4
241,pos_263,YPFPGPIPN,9,4,SW60C80_00004,1,development,remaining_positive,4
242,pos_264,VTYDYYKN,8,177,SW60C80_00177,1,development,remaining_positive,1
243,pos_265,ARHPHPHLSFM,11,178,SW60C80_00178,1,development,remaining_positive,3
244,pos_266,DAQEKLE,7,179,SW60C80_00179,1,development,remaining_positive,3
245,pos_267,NAVPITPTL,9,180,SW60C80_00180,1,development,remaining_positive,4
246,pos_269,FVLPH,5,44,SW60C80_00044,1,development,remaining_positive,3
247,pos_270,IVAGPQ,6,4,SW60C80_00004,1,development,remaining_positive,4
248,pos_271,YPI,3,15,SW60C80_00015,1,development,remaining_positive,1
249,pos_272,VECYGPNRPQF,11,181,SW60C80_00181,1,development,remaining_positive,5
250,pos_273,LDIQKEV,7,182,SW60C80_00182,1,development,remaining_positive,2
251,pos_274,SLGGEMKQTAK,11,183,SW60C80_00183,1,development,remaining_positive,4
252,pos_275,TSQLLSDQ,8,184,SW60C80_00184,1,development,remaining_positive,1
253,pos_276,YGKPVAVPAR,10,28,SW60C80_00028,1,development,remaining_positive,5
254,pos_278,IPSEVLA,7,185,SW60C80_00185,1,development,remaining_positive,1
255,pos_279,EHH,3,23,SW60C80_00023,1,development,remaining_positive,2
256,pos_280,LPAGV,5,4,SW60C80_00004,1,development,remaining_positive,4
257,pos_281,AVPYPQR,7,79,SW60C80_00079,1,development,remaining_positive,4
258,pos_282,GP,2,186,SW60C80_00186,1,development,remaining_positive,3
259,pos_283,KDHCH,5,187,SW60C80_00187,1,development,remaining_positive,5
260,pos_285,DTETGVPT,8,188,SW60C80_00188,1,development,remaining_positive,2
261,pos_286,FEQI,4,0,SW60C80_00000,1,development,remaining_positive,3
262,pos_287,GQW,3,189,SW60C80_00189,1,development,remaining_positive,1
263,pos_288,PHD,3,11,SW60C80_00011,1,development,remaining_positive,5
264,pos_289,VE,2,190,SW60C80_00190,1,development,remaining_positive,4
265,pos_290,LPHH,4,44,SW60C80_00044,1,development,remaining_positive,3
266,pos_291,WLSF,4,191,SW60C80_00191,1,development,remaining_positive,1
267,pos_292,PWR,3,11,SW60C80_00011,1,development,remaining_positive,5
268,pos_293,TNGIIR,6,192,SW60C80_00192,1,development,remaining_positive,3
269,pos_294,TYY,3,23,SW60C80_00023,1,development,remaining_positive,2
270,pos_295,WL,2,193,SW60C80_00193,1,development,remaining_positive,5
271,pos_296,WDDMEK,6,194,SW60C80_00194,1,development,remaining_positive,5
272,pos_297,KFTPAP,6,195,SW60C80_00195,1,development,remaining_positive,1
273,pos_298,LHV,3,121,SW60C80_00121,1,development,remaining_positive,1
274,pos_299,VAW,3,196,SW60C80_00196,1,development,remaining_positive,1
275,pos_300,HIQKEDVPSER,11,197,SW60C80_00197,1,development,remaining_positive,2
276,pos_301,ENLQNYRLL,9,198,SW60C80_00198,1,development,remaining_positive,2
277,pos_302,ESTVPERTHPACPDFN,16,199,SW60C80_00199,1,development,remaining_positive,4
278,pos_303,VHDY,4,200,SW60C80_00200,1,development,remaining_positive,1
279,pos_304,YGLF,4,40,SW60C80_00040,1,development,remaining_positive,4
280,pos_306,EL,2,201,SW60C80_00201,1,development,remaining_positive,3
281,pos_307,VLPVPEK,7,79,SW60C80_00079,1,development,remaining_positive,4
282,pos_308,LSGNK,5,4,SW60C80_00004,1,development,remaining_positive,4
283,pos_309,FDPFPK,6,195,SW60C80_00195,1,development,remaining_positive,1
284,pos_310,PSDHDHE,7,202,SW60C80_00202,1,development,remaining_positive,5
285,pos_311,VAGTWY,6,203,SW60C80_00203,1,development,remaining_positive,2
286,pos_312,SC,2,204,SW60C80_00204,1,development,remaining_positive,4
287,pos_313,RGQVIYVL,8,205,SW60C80_00205,1,development,remaining_positive,1
288,pos_314,LLAPPER,7,206,SW60C80_00206,1,development,remaining_positive,3
289,pos_315,DWDPK,5,48,SW60C80_00048,1,development,remaining_positive,5
290,pos_316,AGDDAPR,7,207,SW60C80_00207,1,development,remaining_positive,3
291,pos_317,IEWEGIESGSVEQA,14,32,SW60C80_00032,1,development,remaining_positive,4
292,pos_318,AEHNH,5,13,SW60C80_00013,1,development,remaining_positive,1
293,pos_319,IRW,3,3,SW60C80_00003,1,development,remaining_positive,3
294,pos_320,GAWA,4,208,SW60C80_00208,1,development,remaining_positive,3
295,pos_321,LGFEYY,6,209,SW60C80_00209,1,development,remaining_positive,4
296,pos_322,IITQ,4,210,SW60C80_00210,1,development,remaining_positive,5
297,pos_323,YPPAK,5,211,SW60C80_00211,1,development,remaining_positive,5
298,pos_324,HYFL,4,212,SW60C80_00212,1,development,remaining_positive,2
299,pos_325,RVQVVNNNGK,10,213,SW60C80_00213,1,development,remaining_positive,4
300,pos_326,IY,2,214,SW60C80_00214,1,development,remaining_positive,1
301,pos_327,GNRGFACRHA,10,215,SW60C80_00215,1,development,remaining_positive,5
302,pos_328,NYPSD,5,48,SW60C80_00048,1,development,remaining_positive,5
303,pos_330,LLMQ,4,4,SW60C80_00004,1,development,remaining_positive,4
304,pos_331,PLFQNKLAHAK,11,216,SW60C80_00216,1,development,remaining_positive,5
305,pos_332,YYM,3,15,SW60C80_00015,1,development,remaining_positive,1
306,pos_334,GTFLQPHQ,8,217,SW60C80_00217,1,development,remaining_positive,2
307,pos_335,NQLDQ,5,218,SW60C80_00218,1,development,remaining_positive,3
308,pos_336,HMPVTK,6,219,SW60C80_00219,1,development,remaining_positive,2
309,pos_337,TFD,3,220,SW60C80_00220,1,development,remaining_positive,4
310,pos_338,PLPLHMLP,8,221,SW60C80_00221,1,development,remaining_positive,1
311,pos_339,SGE,3,222,SW60C80_00222,1,development,remaining_positive,4
312,pos_340,DTVPWFPR,8,223,SW60C80_00223,1,development,remaining_positive,3
313,pos_341,APAPAAK,7,224,SW60C80_00224,1,development,remaining_positive,1
314,pos_342,TEVWDSNEQ,9,225,SW60C80_00225,1,development,remaining_positive,2
315,pos_344,RHI,3,34,SW60C80_00034,1,development,remaining_positive,3
316,pos_345,MQFHT,5,226,SW60C80_00226,1,development,remaining_positive,5
317,pos_346,ELLI,4,227,SW60C80_00227,1,development,remaining_positive,3
318,pos_347,YYV,3,15,SW60C80_00015,1,development,remaining_positive,1
319,pos_348,GA,2,228,SW60C80_00228,1,development,remaining_positive,2
320,pos_349,YYC,3,229,SW60C80_00229,1,development,remaining_positive,4
321,pos_350,YYW,3,23,SW60C80_00023,1,development,remaining_positive,2
322,pos_351,HPHPHLSF,8,178,SW60C80_00178,1,development,remaining_positive,3
323,pos_353,TWYFITPYIPDK,12,230,SW60C80_00230,1,development,remaining_positive,1
324,pos_354,HKEMPFPKYPVEPFTESQ,18,231,SW60C80_00231,1,development,remaining_positive,5
325,pos_355,MHQPPQPLPPTVMFPPQSVL,20,232,SW60C80_00232,1,development,remaining_positive,3
326,pos_356,YSEEQQPSTR,10,233,SW60C80_00233,1,development,remaining_positive,3
327,pos_358,NAGPFTPTVNR,11,180,SW60C80_00180,1,development,remaining_positive,4
328,pos_359,PHC,3,234,SW60C80_00234,1,development,remaining_positive,2
329,pos_360,YRY,3,23,SW60C80_00023,1,development,remaining_positive,2
330,pos_361,WDTRGQ,6,235,SW60C80_00235,1,development,remaining_positive,4
331,pos_362,IYVVDLR,7,236,SW60C80_00236,1,development,remaining_positive,5
332,pos_363,AGLAPY,6,237,SW60C80_00237,1,development,remaining_positive,4
333,pos_364,EVGA,4,238,SW60C80_00238,1,development,remaining_positive,1
334,pos_365,KVLPVPE,7,79,SW60C80_00079,1,development,remaining_positive,4
335,pos_366,AGPSIVH,7,239,SW60C80_00239,1,development,remaining_positive,5
336,pos_367,QDYD,4,240,SW60C80_00240,1,development,remaining_positive,3
337,pos_368,PWQ,3,11,SW60C80_00011,1,development,remaining_positive,5
338,pos_369,SAGNPN,6,241,SW60C80_00241,1,development,remaining_positive,2
339,pos_370,QDHKA,5,242,SW60C80_00242,1,development,remaining_positive,4
340,pos_371,LHD,3,3,SW60C80_00003,1,development,remaining_positive,3
341,pos_372,AGGKPFQ,7,243,SW60C80_00243,1,development,remaining_positive,1
342,pos_373,YQKFPQY,7,244,SW60C80_00244,1,development,remaining_positive,5
343,pos_374,HPVPPKKK,8,245,SW60C80_00245,1,development,remaining_positive,3
344,pos_375,VEIPHD,6,79,SW60C80_00079,1,development,remaining_positive,4
345,pos_376,MCYPAST,7,246,SW60C80_00246,1,development,remaining_positive,2
346,pos_377,YY,2,247,SW60C80_00247,1,development,remaining_positive,4
347,pos_378,RHW,3,23,SW60C80_00023,1,development,remaining_positive,2
348,pos_379,YVY,3,23,SW60C80_00023,1,development,remaining_positive,2
349,pos_380,ACA,3,248,SW60C80_00248,1,development,remaining_positive,1
350,pos_381,QAC,3,249,SW60C80_00249,1,development,remaining_positive,5
351,pos_382,YPYY,4,250,SW60C80_00250,1,development,remaining_positive,3
352,pos_385,MDGAP,5,251,SW60C80_00251,1,development,remaining_positive,2
353,pos_387,YNLRQ,5,252,SW60C80_00252,1,development,remaining_positive,4
354,pos_388,FGER,4,118,SW60C80_00118,1,development,remaining_positive,1
355,pos_389,GGNYVGVP,8,253,SW60C80_00253,1,development,remaining_positive,1
356,pos_391,PLMW,4,254,SW60C80_00254,1,development,remaining_positive,5
357,pos_392,VLEANPRSF,9,255,SW60C80_00255,1,development,remaining_positive,3
358,pos_393,MPFPKYPVQPF,11,100,SW60C80_00100,1,development,remaining_positive,4
359,pos_394,FVLGL,5,256,SW60C80_00256,1,development,remaining_positive,1
360,pos_395,ARHPHP,6,13,SW60C80_00013,1,development,remaining_positive,1
361,pos_396,VAPFPQPVVPYPQR,14,173,SW60C80_00173,1,development,remaining_positive,5
362,pos_397,GSGGL,5,257,SW60C80_00257,1,development,remaining_positive,2
363,pos_398,TVQVT,5,258,SW60C80_00258,1,development,remaining_positive,4
364,pos_399,IGFLIIWV,8,259,SW60C80_00259,1,development,remaining_positive,1
365,pos_401,YHH,3,23,SW60C80_00023,1,development,remaining_positive,2
366,pos_402,RWN,3,23,SW60C80_00023,1,development,remaining_positive,2
367,pos_403,GPE,3,260,SW60C80_00260,1,development,remaining_positive,1
368,pos_404,CAAP,4,261,SW60C80_00261,1,development,remaining_positive,5
369,pos_405,FVAPFPEV,8,53,SW60C80_00053,1,development,remaining_positive,1
370,pos_406,YGYTGA,6,4,SW60C80_00004,1,development,remaining_positive,4
371,pos_407,VLNSNAAPLPN,11,262,SW60C80_00262,1,development,remaining_positive,3
372,pos_408,AYPS,4,263,SW60C80_00263,1,development,remaining_positive,2
373,pos_409,VLPVPQKKVLPVPQK,15,173,SW60C80_00173,1,development,remaining_positive,5
374,pos_410,WCTSVS,6,264,SW60C80_00264,1,development,remaining_positive,4
375,pos_411,IPSEVLS,7,185,SW60C80_00185,1,development,remaining_positive,1
376,pos_412,QHGV,4,265,SW60C80_00265,1,development,remaining_positive,1
377,pos_413,HFH,3,23,SW60C80_00023,1,development,remaining_positive,2
378,pos_414,WYQQVPGSGL,10,266,SW60C80_00266,1,development,remaining_positive,3
379,pos_415,DRVYIHPFHL,10,267,SW60C80_00267,1,development,remaining_positive,2
380,pos_416,YVHPFHL,7,268,SW60C80_00268,1,development,remaining_positive,5
381,pos_417,MYPGLA,6,269,SW60C80_00269,1,development,remaining_positive,3
382,pos_418,YGGFL,5,40,SW60C80_00040,1,development,remaining_positive,4
383,pos_419,LQPGQGQQ,8,270,SW60C80_00270,1,development,remaining_positive,3
384,pos_420,AEAQKQLR,8,271,SW60C80_00271,1,development,remaining_positive,2
385,pos_421,YNL,3,15,SW60C80_00015,1,development,remaining_positive,1
386,pos_423,MPACGS,6,67,SW60C80_00067,1,development,remaining_positive,3
387,pos_424,PTTAPSATIN,10,272,SW60C80_00272,1,development,remaining_positive,4
388,pos_425,GFGPEL,6,48,SW60C80_00048,1,development,remaining_positive,5
389,pos_426,IVGGFPHYL,9,273,SW60C80_00273,1,development,remaining_positive,1
390,pos_427,HNPI,4,274,SW60C80_00274,1,development,remaining_positive,5
391,pos_428,EDDQMDPMAK,10,275,SW60C80_00275,1,development,remaining_positive,3
392,pos_429,RADHPFL,7,13,SW60C80_00013,1,development,remaining_positive,1
393,pos_430,LYSPH,5,45,SW60C80_00045,1,development,remaining_positive,5
394,pos_431,VVYFDQTQAQA,11,276,SW60C80_00276,1,development,remaining_positive,2
395,pos_432,IYLGQ,5,277,SW60C80_00277,1,development,remaining_positive,5
396,pos_434,ESGAVTE,7,278,SW60C80_00278,1,development,remaining_positive,4
397,pos_435,FGPEMEQ,7,279,SW60C80_00279,1,development,remaining_positive,1
398,pos_436,DHPFLF,6,48,SW60C80_00048,1,development,remaining_positive,5
399,pos_437,AYI,3,280,SW60C80_00280,1,development,remaining_positive,5
400,pos_438,TELAL,5,281,SW60C80_00281,1,development,remaining_positive,5
401,pos_439,MFIF,4,282,SW60C80_00282,1,development,remaining_positive,3
402,pos_440,HVRETALV,8,283,SW60C80_00283,1,development,remaining_positive,2
403,pos_441,RWA,3,23,SW60C80_00023,1,development,remaining_positive,2
404,pos_442,LGTFQN,6,284,SW60C80_00284,1,development,remaining_positive,4
405,pos_443,QFAAD,5,285,SW60C80_00285,1,development,remaining_positive,1
406,pos_444,TVQVTST,7,286,SW60C80_00286,1,development,remaining_positive,4
407,pos_445,HVH,3,23,SW60C80_00023,1,development,remaining_positive,2
408,pos_446,WPPLSPFRCPR,11,287,SW60C80_00287,1,development,remaining_positive,1
409,pos_447,QVVRSDQGSVR,11,288,SW60C80_00288,1,development,remaining_positive,5
410,pos_448,VHH,3,3,SW60C80_00003,1,development,remaining_positive,3
411,pos_449,IPIQY,5,289,SW60C80_00289,1,development,remaining_positive,1
412,pos_450,LWW,3,3,SW60C80_00003,1,development,remaining_positive,3
413,pos_451,HTVQCMFQ,8,290,SW60C80_00290,1,development,remaining_positive,3
414,pos_452,AY,2,291,SW60C80_00291,1,development,remaining_positive,2
415,pos_453,KVALMSAGSMH,11,292,SW60C80_00292,1,development,remaining_positive,4
416,pos_454,RNR,3,23,SW60C80_00023,1,development,remaining_positive,2
417,pos_455,LFWSPSVYLK,10,293,SW60C80_00293,1,development,remaining_positive,1
418,pos_456,LTC,3,294,SW60C80_00294,1,development,remaining_positive,5
419,pos_457,PLGG,4,295,SW60C80_00295,1,development,remaining_positive,5
420,pos_458,WDVK,4,48,SW60C80_00048,1,development,remaining_positive,5
421,pos_459,YYQ,3,23,SW60C80_00023,1,development,remaining_positive,2
422,pos_460,GEQQQQPGMTR,11,296,SW60C80_00296,1,development,remaining_positive,3
423,pos_461,GIISHR,6,277,SW60C80_00277,1,development,remaining_positive,5
424,pos_463,KY,2,297,SW60C80_00297,1,development,remaining_positive,2
425,pos_464,FFGT,4,298,SW60C80_00298,1,development,remaining_positive,4
426,pos_465,RHV,3,34,SW60C80_00034,1,development,remaining_positive,3
427,pos_466,WYS,3,23,SW60C80_00023,1,development,remaining_positive,2
428,pos_467,SWN,3,299,SW60C80_00299,1,development,remaining_positive,1
429,pos_468,WP,2,300,SW60C80_00300,1,development,remaining_positive,5
430,pos_469,YDDGSYKPH,9,301,SW60C80_00301,1,development,remaining_positive,3
431,pos_473,DYY,3,23,SW60C80_00023,1,development,remaining_positive,2
432,pos_474,QIGLF,5,73,SW60C80_00073,1,development,remaining_positive,3
433,pos_475,YQETSSSSSQEQ,12,302,SW60C80_00302,1,development,remaining_positive,4
434,pos_476,AWIRGCRL,8,140,SW60C80_00140,1,development,remaining_positive,2
435,pos_477,KHQGLPQEVLNENLL,15,303,SW60C80_00303,1,development,remaining_positive,2
436,pos_478,AQQQEQAQQQEQ,12,304,SW60C80_00304,1,development,remaining_positive,4
437,pos_479,FHH,3,23,SW60C80_00023,1,development,remaining_positive,2
438,pos_480,WHH,3,23,SW60C80_00023,1,development,remaining_positive,2
439,pos_481,NTGNLLG,7,305,SW60C80_00305,1,development,remaining_positive,1
440,pos_483,MLELDPLNNLPRM,13,306,SW60C80_00306,1,development,remaining_positive,2
441,pos_484,IKK,3,307,SW60C80_00307,1,development,remaining_positive,5
442,pos_485,HKEMPFPKYPVQPF,14,308,SW60C80_00308,1,development,remaining_positive,3
443,pos_486,PWS,3,11,SW60C80_00011,1,development,remaining_positive,5
444,pos_487,ELIN,4,309,SW60C80_00309,1,development,remaining_positive,2
445,pos_488,LMGQW,5,310,SW60C80_00310,1,development,remaining_positive,3
446,pos_489,MWHP,4,311,SW60C80_00311,1,development,remaining_positive,4
447,pos_490,PPFH,4,312,SW60C80_00312,1,development,remaining_positive,1
448,pos_491,LLTC,4,313,SW60C80_00313,1,development,remaining_positive,5
449,pos_492,YFY,3,23,SW60C80_00023,1,development,remaining_positive,2
450,pos_493,VLEESKGAPKPN,12,314,SW60C80_00314,1,development,remaining_positive,3
451,pos_494,GW,2,315,SW60C80_00315,1,development,remaining_positive,2
452,pos_495,AAAAAGGGEGEG,12,316,SW60C80_00316,1,development,remaining_positive,4
453,pos_496,GMPGFDVR,8,317,SW60C80_00317,1,development,remaining_positive,1
454,pos_497,TKMDEGVVTKK,11,318,SW60C80_00318,1,development,remaining_positive,5
455,pos_498,FSDIPNPIGSE,11,319,SW60C80_00319,1,development,remaining_positive,5
456,pos_499,HL,2,320,SW60C80_00320,1,development,remaining_positive,3
457,pos_500,VPKVK,5,157,SW60C80_00157,1,development,remaining_positive,1
458,pos_501,LLPGANH,7,321,SW60C80_00321,1,development,remaining_positive,2
459,pos_502,GLAGA,5,4,SW60C80_00004,1,development,remaining_positive,4
460,pos_503,YQEP,4,322,SW60C80_00322,1,development,remaining_positive,4
461,pos_504,YGG,3,323,SW60C80_00323,1,development,remaining_positive,2
462,pos_506,HHY,3,23,SW60C80_00023,1,development,remaining_positive,2
463,pos_507,RY,2,324,SW60C80_00324,1,development,remaining_positive,1
464,pos_508,TSLDLPVLRW,10,325,SW60C80_00325,1,development,remaining_positive,3
465,pos_510,AGVL,4,326,SW60C80_00326,1,development,remaining_positive,5
466,pos_511,PHH,3,11,SW60C80_00011,1,development,remaining_positive,5
467,pos_512,SV,2,327,SW60C80_00327,1,development,remaining_positive,2
468,pos_513,VNP,3,96,SW60C80_00096,1,development,remaining_positive,4
469,pos_514,LGF,3,3,SW60C80_00003,1,development,remaining_positive,3
470,pos_515,GSH,3,57,SW60C80_00057,1,development,remaining_positive,3
471,pos_516,DSAI,4,328,SW60C80_00328,1,development,remaining_positive,4
472,pos_517,NHAV,4,329,SW60C80_00329,1,development,remaining_positive,5
473,pos_518,LDIQK,5,330,SW60C80_00330,1,development,remaining_positive,4
474,pos_519,DLQGK,5,331,SW60C80_00331,1,development,remaining_positive,1
475,pos_520,SSC,3,332,SW60C80_00332,1,development,remaining_positive,2
476,pos_521,LLPHHADADY,10,333,SW60C80_00333,1,development,remaining_positive,4
477,pos_522,SVDGKEDLIW,10,334,SW60C80_00334,1,development,remaining_positive,1
478,pos_523,SDF,3,335,SW60C80_00335,1,development,remaining_positive,1
479,pos_525,PHM,3,116,SW60C80_00116,1,development,remaining_positive,4
480,pos_526,HH,2,336,SW60C80_00336,1,development,remaining_positive,5
481,pos_527,NIQFNEQKAL,10,337,SW60C80_00337,1,development,remaining_positive,2
482,pos_528,WEGPK,5,48,SW60C80_00048,1,development,remaining_positive,5
483,pos_529,LRTLPM,6,338,SW60C80_00338,1,development,remaining_positive,3
484,pos_530,VLPVP,5,79,SW60C80_00079,1,development,remaining_positive,4
485,pos_531,AGWNIP,6,42,SW60C80_00042,1,development,remaining_positive,5
486,pos_532,IPDWFLNRQ,9,339,SW60C80_00339,1,development,remaining_positive,4
487,pos_533,RHK,3,23,SW60C80_00023,1,development,remaining_positive,2
488,pos_534,HVAGTVA,7,340,SW60C80_00340,1,development,remaining_positive,1
489,pos_536,CLV,3,341,SW60C80_00341,1,development,remaining_positive,5
490,pos_537,LDSCKDYVME,10,342,SW60C80_00342,1,development,remaining_positive,2
491,pos_539,HHQDPPW,7,343,SW60C80_00343,1,development,remaining_positive,3
492,pos_540,FDGEVK,6,344,SW60C80_00344,1,development,remaining_positive,4
493,pos_541,AELQVVDHLGQTV,13,345,SW60C80_00345,1,development,remaining_positive,1
494,pos_542,IPNPIGSENSGKIT,14,346,SW60C80_00346,1,development,remaining_positive,5
495,pos_544,PYY,3,11,SW60C80_00011,1,development,remaining_positive,5
496,pos_545,AMTGLDA,7,347,SW60C80_00347,1,development,remaining_positive,2
497,pos_546,IYY,3,3,SW60C80_00003,1,development,remaining_positive,3
498,pos_547,VHLKP,5,13,SW60C80_00013,1,development,remaining_positive,1
499,pos_548,KVLPVPQK,8,79,SW60C80_00079,1,development,remaining_positive,4
500,pos_549,YQQPVLGPVRGPFPII,16,17,SW60C80_00017,1,development,remaining_positive,3
501,pos_550,LLLRW,5,13,SW60C80_00013,1,development,remaining_positive,1
502,pos_551,YLGAK,5,211,SW60C80_00211,1,development,remaining_positive,5
503,pos_552,KTKK,4,348,SW60C80_00348,1,development,remaining_positive,3
504,pos_553,YL,2,349,SW60C80_00349,1,development,remaining_positive,4
505,pos_554,WEEPAM,6,350,SW60C80_00350,1,development,remaining_positive,1
506,pos_555,DSGVT,5,351,SW60C80_00351,1,development,remaining_positive,5
507,pos_556,WSVWEQELEDR,11,352,SW60C80_00352,1,development,remaining_positive,2
508,pos_557,LDQW,4,353,SW60C80_00353,1,development,remaining_positive,3
509,pos_558,LDK,3,3,SW60C80_00003,1,development,remaining_positive,3
510,pos_559,RHH,3,23,SW60C80_00023,1,development,remaining_positive,2
511,pos_560,NHK,3,354,SW60C80_00354,1,development,remaining_positive,4
512,pos_561,YPELF,5,48,SW60C80_00048,1,development,remaining_positive,5
513,pos_562,ETTL,4,355,SW60C80_00355,1,development,remaining_positive,1
514,pos_563,YCY,3,23,SW60C80_00023,1,development,remaining_positive,2
515,pos_564,LVGDEQAVPAVCVP,14,356,SW60C80_00356,1,development,remaining_positive,5
516,pos_565,TERGY,5,37,SW60C80_00037,1,development,remaining_positive,1
517,pos_566,DHNPQIR,7,357,SW60C80_00357,1,development,remaining_positive,1
518,pos_567,VVPPFLQPE,9,358,SW60C80_00358,1,development,remaining_positive,2
519,pos_568,TVGGAPAGRIVME,13,359,SW60C80_00359,1,development,remaining_positive,3
520,pos_569,VVGGDGDV,8,360,SW60C80_00360,1,development,remaining_positive,2
521,pos_570,IHKAGGGGGGGGGGGK,16,361,SW60C80_00361,1,development,remaining_positive,3
522,pos_572,FYKA,4,362,SW60C80_00362,1,development,remaining_positive,4
523,pos_573,VKP,3,96,SW60C80_00096,1,development,remaining_positive,4
524,pos_574,KGHLFPN,7,363,SW60C80_00363,1,development,remaining_positive,1
525,pos_575,HHLP,4,13,SW60C80_00013,1,development,remaining_positive,1
526,pos_576,GIFE,4,364,SW60C80_00364,1,development,remaining_positive,5
527,pos_577,LLY,3,3,SW60C80_00003,1,development,remaining_positive,3
528,pos_578,AIGVGAIER,9,365,SW60C80_00365,1,development,remaining_positive,2
529,pos_579,ALPQYLKTVYQHQK,14,366,SW60C80_00366,1,development,remaining_positive,3
530,pos_580,SSDEEVREEKELDLSSNE,18,367,SW60C80_00367,1,development,remaining_positive,4
531,pos_581,YQEPVLGPVRGPFPI,15,17,SW60C80_00017,1,development,remaining_positive,3
532,pos_582,QGPIGPR,7,45,SW60C80_00045,1,development,remaining_positive,5
533,pos_583,ALELDSNLYR,10,306,SW60C80_00306,1,development,remaining_positive,2
534,pos_584,WALKGYK,7,368,SW60C80_00368,1,development,remaining_positive,1
535,pos_585,YYE,3,23,SW60C80_00023,1,development,remaining_positive,2
536,pos_586,NYKQM,5,369,SW60C80_00369,1,development,remaining_positive,5
537,pos_587,LTTLDS,6,370,SW60C80_00370,1,development,remaining_positive,3
538,pos_588,VIPAGYP,7,371,SW60C80_00371,1,development,remaining_positive,2
539,pos_589,PAGLPGPA,8,372,SW60C80_00372,1,development,remaining_positive,3
540,pos_590,LHW,3,3,SW60C80_00003,1,development,remaining_positive,3
541,pos_591,RHY,3,23,SW60C80_00023,1,development,remaining_positive,2
542,pos_592,RWI,3,34,SW60C80_00034,1,development,remaining_positive,3
543,pos_593,GTIAGGGVIPH,11,124,SW60C80_00124,1,development,remaining_positive,3
544,pos_595,QEP,3,373,SW60C80_00373,1,development,remaining_positive,5
545,pos_596,MAPKHEMPFPKYP,13,374,SW60C80_00374,1,development,remaining_positive,4
546,pos_597,PSKYEPFV,8,375,SW60C80_00375,1,development,remaining_positive,1
547,pos_598,LMSYMWSTSM,10,376,SW60C80_00376,1,development,remaining_positive,5
548,pos_599,MPDAHL,6,4,SW60C80_00004,1,development,remaining_positive,4
549,pos_600,AEM,3,377,SW60C80_00377,1,development,remaining_positive,2
550,pos_601,YWVTSGPK,8,378,SW60C80_00378,1,development,remaining_positive,3
551,pos_604,MWL,3,379,SW60C80_00379,1,development,remaining_positive,4
552,pos_605,MWKVW,5,38,SW60C80_00038,1,development,remaining_positive,3
553,pos_606,CYY,3,380,SW60C80_00380,1,development,remaining_positive,1
554,pos_607,DEAGPSIVHR,10,81,SW60C80_00081,1,development,remaining_positive,2
555,pos_608,SNAAC,5,381,SW60C80_00381,1,development,remaining_positive,5
556,pos_609,VGGDGDV,7,360,SW60C80_00360,1,development,remaining_positive,2
557,pos_610,HHH,3,23,SW60C80_00023,1,development,remaining_positive,2
558,pos_611,HLPLPL,6,13,SW60C80_00013,1,development,remaining_positive,1
559,pos_612,VSPHLP,6,382,SW60C80_00382,1,development,remaining_positive,2
560,pos_614,SHDAHPE,7,383,SW60C80_00383,1,development,remaining_positive,5
561,pos_615,EPDRY,5,13,SW60C80_00013,1,development,remaining_positive,1
562,pos_616,ELQDKIHPF,9,384,SW60C80_00384,1,development,remaining_positive,4
563,pos_617,LSRVP,5,59,SW60C80_00059,1,development,remaining_positive,1
564,pos_618,CME,3,385,SW60C80_00385,1,development,remaining_positive,3
565,pos_619,IQY,3,3,SW60C80_00003,1,development,remaining_positive,3
566,pos_620,LWY,3,3,SW60C80_00003,1,development,remaining_positive,3
567,pos_621,GGVPRSGEQEQQ,12,386,SW60C80_00386,1,development,remaining_positive,4
568,pos_622,YPFPGPIP,8,4,SW60C80_00004,1,development,remaining_positive,4
569,pos_623,IAAEVYEHTEGSTTSY,16,387,SW60C80_00387,1,development,remaining_positive,1
570,pos_624,NP,2,388,SW60C80_00388,1,development,remaining_positive,1
571,pos_625,HNAVDSQIAGKA,12,389,SW60C80_00389,1,development,remaining_positive,5
572,pos_626,NFWWP,5,44,SW60C80_00044,1,development,remaining_positive,3
573,pos_627,AHLLT,5,390,SW60C80_00390,1,development,remaining_positive,2
574,pos_628,KIIIYN,6,391,SW60C80_00391,1,development,remaining_positive,3
575,pos_629,SGP,3,392,SW60C80_00392,1,development,remaining_positive,2
576,pos_630,FLQEFLHV,8,393,SW60C80_00393,1,development,remaining_positive,5
577,pos_631,LHI,3,121,SW60C80_00121,1,development,remaining_positive,1
578,pos_632,VVVVPH,6,79,SW60C80_00079,1,development,remaining_positive,4
579,pos_633,SRYPS,5,59,SW60C80_00059,1,development,remaining_positive,1
580,pos_634,YQKFP,5,12,SW60C80_00012,1,development,remaining_positive,5
581,pos_635,WSY,3,23,SW60C80_00023,1,development,remaining_positive,2
582,pos_636,YETGNGIK,8,394,SW60C80_00394,1,development,remaining_positive,3
583,pos_637,KLF,3,395,SW60C80_00395,1,development,remaining_positive,4
584,pos_638,CVHWMTNTARTACIAP,16,396,SW60C80_00396,1,development,remaining_positive,1
585,pos_639,AMRLTYNRPCIYAT,14,9,SW60C80_00009,1,development,remaining_positive,5
586,pos_640,VLSRYPS,7,397,SW60C80_00397,1,development,remaining_positive,5
587,pos_641,LSNGK,5,4,SW60C80_00004,1,development,remaining_positive,4
588,pos_642,VFGKEKVNEL,10,398,SW60C80_00398,1,development,remaining_positive,2
589,pos_643,MLKMLPFK,8,399,SW60C80_00399,1,development,remaining_positive,3
590,pos_644,LLAQA,5,4,SW60C80_00004,1,development,remaining_positive,4
591,pos_645,EAAVYPL,7,400,SW60C80_00400,1,development,remaining_positive,4
592,pos_646,PWH,3,11,SW60C80_00011,1,development,remaining_positive,5
593,pos_647,SVEIQALCDM,10,401,SW60C80_00401,1,development,remaining_positive,1
594,pos_648,LAF,3,3,SW60C80_00003,1,development,remaining_positive,3
595,pos_649,YPFPG,5,402,SW60C80_00402,1,development,remaining_positive,5
596,pos_650,SGQYFL,6,40,SW60C80_00040,1,development,remaining_positive,4
597,pos_651,FKGPACA,7,403,SW60C80_00403,1,development,remaining_positive,2
598,pos_652,HGPLGPL,7,13,SW60C80_00013,1,development,remaining_positive,1
599,pos_653,VGPLSPT,7,404,SW60C80_00404,1,development,remaining_positive,3
600,pos_654,PHYL,4,405,SW60C80_00405,1,development,remaining_positive,4
601,pos_655,TGC,3,406,SW60C80_00406,1,development,remaining_positive,1
602,pos_656,DHHQVYSPGEQ,11,407,SW60C80_00407,1,development,remaining_positive,5
603,pos_657,LH,2,408,SW60C80_00408,1,development,remaining_positive,2
604,pos_658,QQQTED,6,409,SW60C80_00409,1,development,remaining_positive,3
605,pos_659,VLSPPFTGE,9,410,SW60C80_00410,1,development,remaining_positive,4
606,pos_660,CAQ,3,411,SW60C80_00411,1,development,remaining_positive,1
607,pos_661,LPYY,4,412,SW60C80_00412,1,development,remaining_positive,5
608,pos_662,EGGGGGYGGGGGGYGGR,17,413,SW60C80_00413,1,development,remaining_positive,4
609,pos_663,PHE,3,11,SW60C80_00011,1,development,remaining_positive,5
610,pos_664,YYF,3,23,SW60C80_00023,1,development,remaining_positive,2
611,pos_665,AWFS,4,414,SW60C80_00414,1,development,remaining_positive,2
612,pos_666,VKV,3,66,SW60C80_00066,1,development,remaining_positive,1
613,pos_667,QEPVLGPVRGPFPI,14,17,SW60C80_00017,1,development,remaining_positive,3
614,pos_668,VSKSVLVK,8,415,SW60C80_00415,1,development,remaining_positive,3
615,pos_669,RYY,3,23,SW60C80_00023,1,development,remaining_positive,2
616,pos_670,VCDADPSSPVPEA,13,416,SW60C80_00416,1,development,remaining_positive,4
617,pos_671,FPWLLS,6,417,SW60C80_00417,1,development,remaining_positive,1
618,pos_672,TMAEYHHQDQ,10,418,SW60C80_00418,1,development,remaining_positive,5
619,pos_673,PWW,3,11,SW60C80_00011,1,development,remaining_positive,5
620,pos_674,SEGFEW,6,419,SW60C80_00419,1,development,remaining_positive,2
621,pos_675,SWMHQPHQPLPPT,13,420,SW60C80_00420,1,development,remaining_positive,3
622,pos_676,MHI,3,121,SW60C80_00121,1,development,remaining_positive,1
623,pos_677,GC,2,421,SW60C80_00421,1,development,remaining_positive,4
624,pos_678,YQK,3,23,SW60C80_00023,1,development,remaining_positive,2
625,pos_679,WYY,3,23,SW60C80_00023,1,development,remaining_positive,2
626,pos_680,NHH,3,23,SW60C80_00023,1,development,remaining_positive,2
627,pos_681,TSTA,4,422,SW60C80_00422,1,development,remaining_positive,1
628,pos_682,QLL,3,34,SW60C80_00034,1,development,remaining_positive,3
629,pos_683,SGYYMH,6,423,SW60C80_00423,1,development,remaining_positive,5
630,pos_684,GPAGPAG,7,53,SW60C80_00053,1,development,remaining_positive,1
631,pos_685,QTPRY,5,424,SW60C80_00424,1,development,remaining_positive,2
632,pos_686,YVEEL,5,40,SW60C80_00040,1,development,remaining_positive,4
633,pos_687,YQETSSSSSQ,10,302,SW60C80_00302,1,development,remaining_positive,4
634,pos_688,KVLPVPQ,7,79,SW60C80_00079,1,development,remaining_positive,4
635,pos_689,VPYPQ,5,79,SW60C80_00079,1,development,remaining_positive,4
636,pos_690,YGNWLYK,7,425,SW60C80_00425,1,development,remaining_positive,3
637,pos_691,TEAPLNPK,8,426,SW60C80_00426,1,development,remaining_positive,1
638,pos_692,APKGVQGPNG,10,427,SW60C80_00427,1,development,remaining_positive,4
639,pos_693,ACGNLPRMC,9,428,SW60C80_00428,1,development,remaining_positive,2
640,pos_694,GPGGFI,6,4,SW60C80_00004,1,development,remaining_positive,4
641,pos_695,IAY,3,3,SW60C80_00003,1,development,remaining_positive,3
642,pos_697,LT,2,429,SW60C80_00429,1,development,remaining_positive,1
643,pos_698,VPNSYP,6,430,SW60C80_00430,1,development,remaining_positive,5
644,pos_699,KEFFP,5,195,SW60C80_00195,1,development,remaining_positive,1
645,pos_701,YF,2,431,SW60C80_00431,1,development,remaining_positive,2
646,pos_702,YFPVGGDRPESF,12,113,SW60C80_00113,1,development,remaining_positive,5
647,pos_704,NRYHE,5,432,SW60C80_00432,1,development,remaining_positive,3
648,pos_705,HK,2,433,SW60C80_00433,1,development,remaining_positive,4
649,pos_707,VEEPPKEEKNPK,12,434,SW60C80_00434,1,development,remaining_positive,1
650,pos_708,RWL,3,34,SW60C80_00034,1,development,remaining_positive,3
651,pos_709,IPIGP,5,4,SW60C80_00004,1,development,remaining_positive,4
652,pos_710,NPADLPDAG,9,435,SW60C80_00435,1,development,remaining_positive,5
653,pos_711,LLNDE,5,436,SW60C80_00436,1,development,remaining_positive,2
654,pos_712,PWV,3,116,SW60C80_00116,1,development,remaining_positive,4
655,pos_714,PYFNK,5,437,SW60C80_00437,1,development,remaining_positive,3
656,pos_715,VIEPR,5,45,SW60C80_00045,1,development,remaining_positive,5
657,pos_716,IIAPPER,7,206,SW60C80_00206,1,development,remaining_positive,3
658,pos_717,VAMVPPFET,9,438,SW60C80_00438,1,development,remaining_positive,4
659,pos_718,CAGVSAIR,8,439,SW60C80_00439,1,development,remaining_positive,1
660,pos_719,IIAEK,5,440,SW60C80_00440,1,development,remaining_positive,5
661,pos_720,YA,2,441,SW60C80_00441,1,development,remaining_positive,2
662,pos_722,KFL,3,34,SW60C80_00034,1,development,remaining_positive,3
663,pos_723,VLYEE,5,442,SW60C80_00442,1,development,remaining_positive,3
664,pos_724,VGINYWLAHK,10,443,SW60C80_00443,1,development,remaining_positive,3
665,pos_725,AMRLTYNRPCLGAT,14,9,SW60C80_00009,1,development,remaining_positive,5
666,pos_726,KVI,3,444,SW60C80_00444,1,development,remaining_positive,5
667,pos_727,SDGFQF,6,445,SW60C80_00445,1,development,remaining_positive,4
668,pos_728,PKLPPVKK,8,446,SW60C80_00446,1,development,remaining_positive,1
669,pos_729,WVAPLK,6,266,SW60C80_00266,1,development,remaining_positive,3
670,pos_730,ISW,3,3,SW60C80_00003,1,development,remaining_positive,3
671,pos_731,QYY,3,23,SW60C80_00023,1,development,remaining_positive,2
672,pos_732,SFYPDY,6,447,SW60C80_00447,1,development,remaining_positive,5
673,pos_733,KVLPVPEK,8,79,SW60C80_00079,1,development,remaining_positive,4
674,pos_734,PWN,3,11,SW60C80_00011,1,development,remaining_positive,5
675,pos_735,GEY,3,448,SW60C80_00448,1,development,remaining_positive,4
676,pos_736,ATVY,4,449,SW60C80_00449,1,development,remaining_positive,2
677,pos_737,FDEQE,5,450,SW60C80_00450,1,development,remaining_positive,3
678,pos_738,LPVPQ,5,79,SW60C80_00079,1,development,remaining_positive,4
679,pos_739,PR,2,451,SW60C80_00451,1,development,remaining_positive,4
680,pos_740,DRVYIHPF,8,267,SW60C80_00267,1,development,remaining_positive,2
681,pos_742,YGFL,4,122,SW60C80_00122,1,development,remaining_positive,2
682,pos_743,IEAEGE,6,452,SW60C80_00452,1,development,remaining_positive,1
683,pos_744,SSHWSS,6,453,SW60C80_00453,1,development,remaining_positive,5
684,pos_745,PH,2,454,SW60C80_00454,1,development,remaining_positive,2
685,pos_746,IGGIGTVPVGR,11,455,SW60C80_00455,1,development,remaining_positive,3
686,pos_747,PPMHLP,6,4,SW60C80_00004,1,development,remaining_positive,4
687,pos_748,HEQKEEHEWHRKEE,14,456,SW60C80_00456,1,development,remaining_positive,4
688,pos_749,AEERYP,6,457,SW60C80_00457,1,development,remaining_positive,1
689,pos_752,HIH,3,23,SW60C80_00023,1,development,remaining_positive,2
690,pos_753,HPHL,4,458,SW60C80_00458,1,development,remaining_positive,5
691,pos_754,IYPF,4,459,SW60C80_00459,1,development,remaining_positive,1
692,pos_755,LQL,3,121,SW60C80_00121,1,development,remaining_positive,1
693,pos_757,YWDHNNPQIR,10,357,SW60C80_00357,1,development,remaining_positive,1
694,pos_758,VPPSKLSP,8,460,SW60C80_00460,1,development,remaining_positive,5
695,pos_759,TEFHLL,6,281,SW60C80_00281,1,development,remaining_positive,5
696,pos_760,YLAGKPQQEH,10,461,SW60C80_00461,1,development,remaining_positive,4
697,pos_761,RWR,3,23,SW60C80_00023,1,development,remaining_positive,2
698,pos_762,HEKVC,5,462,SW60C80_00462,1,development,remaining_positive,2
699,pos_763,ACNLPRMC,8,428,SW60C80_00428,1,development,remaining_positive,2
700,pos_764,FAGDDAPRR,9,207,SW60C80_00207,1,development,remaining_positive,3
701,pos_765,TW,2,463,SW60C80_00463,1,development,remaining_positive,3
702,pos_766,FC,2,464,SW60C80_00464,1,development,remaining_positive,4
703,pos_767,LWF,3,3,SW60C80_00003,1,development,remaining_positive,3
704,pos_768,FMPLH,5,465,SW60C80_00465,1,development,remaining_positive,2
705,pos_769,LPENAKVDQVK,11,466,SW60C80_00466,1,development,remaining_positive,1
706,pos_770,VNPESQQGSPR,11,467,SW60C80_00467,1,development,remaining_positive,5
707,pos_771,TGIIT,5,468,SW60C80_00468,1,development,remaining_positive,2
708,pos_772,RYQKF,5,12,SW60C80_00012,1,development,remaining_positive,5
709,pos_774,RDMPIQ,6,469,SW60C80_00469,1,development,remaining_positive,3
710,pos_776,GANSLLN,7,470,SW60C80_00470,1,development,remaining_positive,4
711,pos_777,RHN,3,23,SW60C80_00023,1,development,remaining_positive,2
712,pos_778,KFFPS,5,195,SW60C80_00195,1,development,remaining_positive,1
713,pos_780,VAPFPGVFGK,10,53,SW60C80_00053,1,development,remaining_positive,1
714,pos_782,HVPNA,5,471,SW60C80_00471,1,development,remaining_positive,4
715,pos_784,VPW,3,196,SW60C80_00196,1,development,remaining_positive,1
716,pos_785,EELDNALN,8,472,SW60C80_00472,1,development,remaining_positive,1
717,pos_787,YFPTQALNFAFK,12,473,SW60C80_00473,1,development,remaining_positive,5
718,pos_788,KEMPFPKYPVE,11,100,SW60C80_00100,1,development,remaining_positive,4
719,pos_789,LAN,3,3,SW60C80_00003,1,development,remaining_positive,3
720,pos_790,KGAIG,5,4,SW60C80_00004,1,development,remaining_positive,4
721,pos_791,RWH,3,23,SW60C80_00023,1,development,remaining_positive,2
722,pos_792,LWE,3,3,SW60C80_00003,1,development,remaining_positive,3
723,pos_793,FFAPGRNPTSFS,12,474,SW60C80_00474,1,development,remaining_positive,2
724,pos_794,CNW,3,475,SW60C80_00475,1,development,remaining_positive,3
725,pos_795,FYPEL,5,48,SW60C80_00048,1,development,remaining_positive,5
726,pos_796,AGFAGDDAPR,10,207,SW60C80_00207,1,development,remaining_positive,3
727,pos_797,THH,3,23,SW60C80_00023,1,development,remaining_positive,2
728,pos_798,GPTGPAGP,8,53,SW60C80_00053,1,development,remaining_positive,1
729,pos_799,WYT,3,23,SW60C80_00023,1,development,remaining_positive,2
730,pos_800,MKW,3,3,SW60C80_00003,1,development,remaining_positive,3
731,pos_801,PK,2,476,SW60C80_00476,1,development,remaining_positive,4
732,pos_802,VAGL,4,256,SW60C80_00256,1,development,remaining_positive,1
733,pos_804,TQTPVVVPPFLQPE,14,477,SW60C80_00477,1,development,remaining_positive,1
734,pos_805,LQGMP,5,35,SW60C80_00035,1,development,remaining_positive,2
735,pos_806,ISELGF,6,37,SW60C80_00037,1,development,remaining_positive,1
736,pos_807,FILR,4,478,SW60C80_00478,1,development,remaining_positive,3
737,pos_808,PWE,3,11,SW60C80_00011,1,development,remaining_positive,5
738,pos_809,WDR,3,479,SW60C80_00479,1,development,remaining_positive,5
739,pos_810,GVRGPFPII,9,17,SW60C80_00017,1,development,remaining_positive,3
740,pos_811,KGPPGEIGR,9,53,SW60C80_00053,1,development,remaining_positive,1
741,pos_812,FRADHPFL,8,13,SW60C80_00013,1,development,remaining_positive,1
742,pos_813,FVAGK,5,256,SW60C80_00256,1,development,remaining_positive,1
743,pos_814,PVSHDHAPEY,10,480,SW60C80_00480,1,development,remaining_positive,4
744,pos_815,LLAH,4,44,SW60C80_00044,1,development,remaining_positive,3
745,pos_816,MTEEY,5,481,SW60C80_00481,1,development,remaining_positive,5
746,pos_817,YINQMPQKSRE,11,482,SW60C80_00482,1,development,remaining_positive,1
747,pos_818,GLTSK,5,13,SW60C80_00013,1,development,remaining_positive,1
748,pos_819,AAAPVAVAK,9,483,SW60C80_00483,1,development,remaining_positive,2
749,pos_820,ANLGPA,6,237,SW60C80_00237,1,development,remaining_positive,4
750,pos_821,HAH,3,23,SW60C80_00023,1,development,remaining_positive,2
751,pos_822,LWR,3,3,SW60C80_00003,1,development,remaining_positive,3
752,pos_823,YPEL,4,48,SW60C80_00048,1,development,remaining_positive,5
753,pos_824,LQSGDALRVPSGTTYY,16,484,SW60C80_00484,1,development,remaining_positive,3
754,pos_825,IILHQQQ,7,277,SW60C80_00277,1,development,remaining_positive,5
755,pos_826,GPAGSPGFQGLPGPAG,16,53,SW60C80_00053,1,development,remaining_positive,1
756,pos_827,MLLFPM,6,485,SW60C80_00485,1,development,remaining_positive,4
757,pos_828,LDYE,4,486,SW60C80_00486,1,development,remaining_positive,1
758,pos_829,LDY,3,3,SW60C80_00003,1,development,remaining_positive,3
759,pos_830,YLAGNQEQE,9,461,SW60C80_00461,1,development,remaining_positive,4
760,pos_831,WIQP,4,487,SW60C80_00487,1,development,remaining_positive,5
761,pos_833,GKGIFG,6,4,SW60C80_00004,1,development,remaining_positive,4
762,pos_834,VKCFR,5,488,SW60C80_00488,1,development,remaining_positive,2
763,pos_835,YYD,3,23,SW60C80_00023,1,development,remaining_positive,2
764,pos_836,LWK,3,3,SW60C80_00003,1,development,remaining_positive,3
765,pos_837,PFPEVFGKE,9,53,SW60C80_00053,1,development,remaining_positive,1
766,pos_838,HEH,3,23,SW60C80_00023,1,development,remaining_positive,2
767,pos_839,YPQ,3,23,SW60C80_00023,1,development,remaining_positive,2
768,pos_840,GFPSG,5,48,SW60C80_00048,1,development,remaining_positive,5
769,pos_842,PLHH,4,489,SW60C80_00489,1,development,remaining_positive,3
770,pos_843,TTTAATS,7,490,SW60C80_00490,1,development,remaining_positive,4
771,pos_844,WVWWW,5,491,SW60C80_00491,1,development,remaining_positive,1
772,pos_845,RHM,3,34,SW60C80_00034,1,development,remaining_positive,3
773,pos_846,VMTVHNTPY,9,492,SW60C80_00492,1,development,remaining_positive,5
774,pos_847,APGIIPR,7,493,SW60C80_00493,1,development,remaining_positive,2
775,pos_848,CF,2,494,SW60C80_00494,1,development,remaining_positive,3
776,pos_850,WIR,3,479,SW60C80_00479,1,development,remaining_positive,5
777,pos_852,RNDDLNYIQ,9,495,SW60C80_00495,1,development,remaining_positive,4
778,pos_853,QRNNPY,6,496,SW60C80_00496,1,development,remaining_positive,1
779,pos_854,FPFF,4,497,SW60C80_00497,1,development,remaining_positive,5
780,pos_855,WVRQAPGKGL,10,266,SW60C80_00266,1,development,remaining_positive,3
781,pos_856,HLHP,4,13,SW60C80_00013,1,development,remaining_positive,1
782,pos_857,RHF,3,23,SW60C80_00023,1,development,remaining_positive,2
783,pos_858,RYLGYLE,7,40,SW60C80_00040,1,development,remaining_positive,4
784,pos_859,LTADILPR,8,498,SW60C80_00498,1,development,remaining_positive,2
785,pos_860,TGGGNV,6,499,SW60C80_00499,1,development,remaining_positive,3
786,pos_862,LHM,3,121,SW60C80_00121,1,development,remaining_positive,1
787,pos_863,LLR,3,3,SW60C80_00003,1,development,remaining_positive,3
788,pos_864,FRAL,4,500,SW60C80_00500,1,development,remaining_positive,4
789,pos_865,SKVLPVPQKAVPYPQ,15,173,SW60C80_00173,1,development,remaining_positive,5
790,pos_866,QYVLSRYPSYGLN,13,501,SW60C80_00501,1,development,remaining_positive,1
791,pos_868,LLES,4,502,SW60C80_00502,1,development,remaining_positive,5
792,pos_869,LAC,3,294,SW60C80_00294,1,development,remaining_positive,5
793,pos_870,DHHQ,4,503,SW60C80_00503,1,development,remaining_positive,1
794,pos_871,EFFDVSNEQ,9,225,SW60C80_00225,1,development,remaining_positive,2
795,pos_872,RPDFDLEPPY,10,504,SW60C80_00504,1,development,remaining_positive,2
796,pos_873,ASPKPSSA,8,505,SW60C80_00505,1,development,remaining_positive,3
797,pos_874,IAYKPAG,7,506,SW60C80_00506,1,development,remaining_positive,4
798,pos_875,LHALLL,6,507,SW60C80_00507,1,development,remaining_positive,1
799,pos_876,EERYP,5,457,SW60C80_00457,1,development,remaining_positive,1
800,pos_877,IFVPH,5,79,SW60C80_00079,1,development,remaining_positive,4
801,pos_878,QWFH,4,508,SW60C80_00508,1,development,remaining_positive,5
802,pos_879,MHIRL,5,509,SW60C80_00509,1,development,remaining_positive,2
803,pos_880,KHFLA,5,510,SW60C80_00510,1,development,remaining_positive,3
804,pos_881,AYFYPEL,7,48,SW60C80_00048,1,development,remaining_positive,5
805,pos_882,LPF,3,3,SW60C80_00003,1,development,remaining_positive,3
806,pos_883,LRIPVA,6,511,SW60C80_00511,1,development,remaining_positive,4
807,pos_884,LWT,3,3,SW60C80_00003,1,development,remaining_positive,3
808,pos_885,KLL,3,34,SW60C80_00034,1,development,remaining_positive,3
809,pos_886,GVSKVKEAMAPKH,13,512,SW60C80_00512,1,development,remaining_positive,1
810,pos_887,WPRGYFL,7,513,SW60C80_00513,1,development,remaining_positive,5
811,pos_888,PSYV,4,514,SW60C80_00514,1,development,remaining_positive,2
812,pos_889,LAGNPHQQQQN,11,515,SW60C80_00515,1,development,remaining_positive,3
813,pos_892,PYSFK,5,516,SW60C80_00516,1,development,remaining_positive,2
814,pos_893,VTAGLVGGGAGK,12,517,SW60C80_00517,1,development,remaining_positive,4
815,pos_894,RHPHPHLSFM,10,178,SW60C80_00178,1,development,remaining_positive,3
816,pos_895,AMRLTGNRPCIGAT,14,9,SW60C80_00009,1,development,remaining_positive,5
817,pos_897,GSPGADGPIGAPG,13,53,SW60C80_00053,1,development,remaining_positive,1
818,pos_898,CW,2,518,SW60C80_00518,1,development,remaining_positive,1
819,pos_899,HYY,3,23,SW60C80_00023,1,development,remaining_positive,2
820,pos_900,HQIYPV,6,519,SW60C80_00519,1,development,remaining_positive,5
821,pos_901,NVPGEIVE,8,520,SW60C80_00520,1,development,remaining_positive,3
822,pos_902,GEPGPPGPPGPPGPPG,16,53,SW60C80_00053,1,development,remaining_positive,1
823,pos_904,PAW,3,11,SW60C80_00011,1,development,remaining_positive,5
824,pos_905,YVM,3,15,SW60C80_00015,1,development,remaining_positive,1
825,pos_906,QCL,3,34,SW60C80_00034,1,development,remaining_positive,3
826,pos_907,LLPH,4,44,SW60C80_00044,1,development,remaining_positive,3
827,pos_908,GGWFL,5,40,SW60C80_00040,1,development,remaining_positive,4
828,pos_910,LPWRPATNVF,10,521,SW60C80_00521,1,development,remaining_positive,2
829,pos_911,PKYPVEPF,8,100,SW60C80_00100,1,development,remaining_positive,4
830,pos_912,NWEKIR,6,522,SW60C80_00522,1,development,remaining_positive,3
831,pos_913,GYLEQ,5,277,SW60C80_00277,1,development,remaining_positive,5
832,pos_914,LAQGTFLQPHQ,11,217,SW60C80_00217,1,development,remaining_positive,2
833,pos_915,YGL,3,15,SW60C80_00015,1,development,remaining_positive,1
834,pos_916,KDVPP,5,523,SW60C80_00523,1,development,remaining_positive,4
835,pos_917,YEGS,4,524,SW60C80_00524,1,development,remaining_positive,1
836,pos_919,YYS,3,23,SW60C80_00023,1,development,remaining_positive,2
837,pos_920,SALAM,5,525,SW60C80_00525,1,development,remaining_positive,5
838,pos_922,LHA,3,3,SW60C80_00003,1,development,remaining_positive,3
839,pos_923,YQGPIVLNPWDQVK,14,526,SW60C80_00526,1,development,remaining_positive,5
840,pos_924,YIY,3,23,SW60C80_00023,1,development,remaining_positive,2
841,pos_925,LTEIIP,6,527,SW60C80_00527,1,development,remaining_positive,2
842,pos_926,VEEPPKEE,8,528,SW60C80_00528,1,development,remaining_positive,3
843,pos_927,AMRLTGNRPCLYAT,14,9,SW60C80_00009,1,development,remaining_positive,5
844,pos_928,LLCVAV,6,4,SW60C80_00004,1,development,remaining_positive,4
845,pos_929,TVYQ,4,529,SW60C80_00529,1,development,remaining_positive,4
846,pos_930,KHH,3,23,SW60C80_00023,1,development,remaining_positive,2
847,pos_931,VHHANEN,7,530,SW60C80_00530,1,development,remaining_positive,1
848,pos_932,HQPPQPLPPTVMFPPQSVL,19,232,SW60C80_00232,1,development,remaining_positive,3
849,pos_933,NGPLLPSDEMDRA,13,531,SW60C80_00531,1,development,remaining_positive,5
850,pos_934,FYQL,4,0,SW60C80_00000,1,development,remaining_positive,3
851,pos_935,GNPIPREPGQVPAY,14,532,SW60C80_00532,1,development,remaining_positive,2
852,pos_936,TPCPPQ,6,533,SW60C80_00533,1,development,remaining_positive,4
853,pos_937,TF,2,534,SW60C80_00534,1,development,remaining_positive,3
854,pos_938,WYGPD,5,48,SW60C80_00048,1,development,remaining_positive,5
855,pos_939,WYSLAMAASDI,11,535,SW60C80_00535,1,development,remaining_positive,4
856,pos_940,LVSK,4,13,SW60C80_00013,1,development,remaining_positive,1
857,pos_941,ICNIMC,6,536,SW60C80_00536,1,development,remaining_positive,1
858,pos_942,ETW,3,23,SW60C80_00023,1,development,remaining_positive,2
859,pos_943,LHS,3,3,SW60C80_00003,1,development,remaining_positive,3
860,pos_944,GSIFVPH,7,537,SW60C80_00537,1,development,remaining_positive,5
861,pos_945,MRWRD,5,538,SW60C80_00538,1,development,remaining_positive,2
862,pos_946,PQIPEQF,7,539,SW60C80_00539,1,development,remaining_positive,3
863,pos_947,PAGSAAGAAP,10,540,SW60C80_00540,1,development,remaining_positive,4
864,pos_948,RYQ,3,23,SW60C80_00023,1,development,remaining_positive,2
865,pos_949,WK,2,541,SW60C80_00541,1,development,remaining_positive,1
866,pos_950,DVFNPR,6,45,SW60C80_00045,1,development,remaining_positive,5
867,pos_951,FSGGE,5,542,SW60C80_00542,1,development,remaining_positive,5
868,pos_952,GVPLT,5,67,SW60C80_00067,1,development,remaining_positive,3
869,pos_953,DGDPLLDQ,8,543,SW60C80_00543,1,development,remaining_positive,2
870,pos_954,LVP,3,544,SW60C80_00544,1,development,remaining_positive,2
871,pos_955,YHY,3,23,SW60C80_00023,1,development,remaining_positive,2
872,pos_956,FDRR,4,545,SW60C80_00545,1,development,remaining_positive,3
873,pos_959,SEALGVSSQVARQ,13,546,SW60C80_00546,1,development,remaining_positive,4
874,pos_960,RGWYE,5,547,SW60C80_00547,1,development,remaining_positive,1
875,pos_961,WIRGCRL,7,140,SW60C80_00140,1,development,remaining_positive,2
876,pos_962,RGY,3,23,SW60C80_00023,1,development,remaining_positive,2
877,pos_963,FVAPAGTINY,10,548,SW60C80_00548,1,development,remaining_positive,5
878,pos_964,HHW,3,23,SW60C80_00023,1,development,remaining_positive,2
879,pos_965,HLH,3,23,SW60C80_00023,1,development,remaining_positive,2
880,pos_966,YVNDAATLLPR,11,549,SW60C80_00549,1,development,remaining_positive,2
881,pos_967,RWW,3,23,SW60C80_00023,1,development,remaining_positive,2
882,pos_968,YDYD,4,550,SW60C80_00550,1,development,remaining_positive,3
883,pos_969,DLGSTGGRGPSAGM,14,551,SW60C80_00551,1,development,remaining_positive,4
884,pos_970,AMRLTYNKPCLYGT,14,9,SW60C80_00009,1,development,remaining_positive,5
885,pos_971,QGPPGPAGPA,10,53,SW60C80_00053,1,development,remaining_positive,1
886,pos_973,NALEPDHRVESEGG,14,552,SW60C80_00552,1,development,remaining_positive,1
887,pos_974,DFYNPKA,7,553,SW60C80_00553,1,development,remaining_positive,5
888,pos_975,HLLPK,5,13,SW60C80_00013,1,development,remaining_positive,1
889,pos_976,WG,2,554,SW60C80_00554,1,development,remaining_positive,2
890,pos_977,EVR,3,555,SW60C80_00555,1,development,remaining_positive,1
891,pos_978,RLKKY,5,48,SW60C80_00048,1,development,remaining_positive,5
892,pos_979,NGDPLLDQ,8,543,SW60C80_00543,1,development,remaining_positive,2
893,pos_980,LER,3,3,SW60C80_00003,1,development,remaining_positive,3
894,pos_981,KKY,3,556,SW60C80_00556,1,development,remaining_positive,3
895,pos_982,EYW,3,23,SW60C80_00023,1,development,remaining_positive,2
896,pos_983,HHF,3,23,SW60C80_00023,1,development,remaining_positive,2
897,pos_984,TDY,3,23,SW60C80_00023,1,development,remaining_positive,2
898,pos_985,VIYVVDLR,8,236,SW60C80_00236,1,development,remaining_positive,5
899,pos_986,VY,2,557,SW60C80_00557,1,development,remaining_positive,4
900,pos_987,FALPQYLK,8,558,SW60C80_00558,1,development,remaining_positive,1
901,pos_988,TY,2,559,SW60C80_00559,1,development,remaining_positive,5
902,pos_989,YP,2,560,SW60C80_00560,1,development,remaining_positive,2
903,pos_990,VAAV,4,561,SW60C80_00561,1,development,remaining_positive,3
904,pos_991,HNLDTQTESDV,11,562,SW60C80_00562,1,development,remaining_positive,4
905,pos_992,LMCH,4,563,SW60C80_00563,1,development,remaining_positive,1
906,pos_993,KEFFPA,6,195,SW60C80_00195,1,development,remaining_positive,1
907,pos_994,APGPAGARGN,10,53,SW60C80_00053,1,development,remaining_positive,1
908,pos_995,LKYPI,5,79,SW60C80_00079,1,development,remaining_positive,4
909,pos_996,HYEG,4,564,SW60C80_00564,1,development,remaining_positive,5
910,pos_997,FWG,3,565,SW60C80_00565,1,development,remaining_positive,2
911,pos_998,PWT,3,11,SW60C80_00011,1,development,remaining_positive,5
912,pos_999,VLWEE,5,442,SW60C80_00442,1,development,remaining_positive,3
913,pos_1000,MFLG,4,566,SW60C80_00566,1,development,remaining_positive,3
914,pos_1001,LWM,3,121,SW60C80_00121,1,development,remaining_positive,1
915,pos_1002,CGFPGHC,7,567,SW60C80_00567,1,development,remaining_positive,4
916,pos_1003,VKRP,4,568,SW60C80_00568,1,development,remaining_positive,1
917,pos_1004,KVR,3,555,SW60C80_00555,1,development,remaining_positive,1
918,pos_1005,PWY,3,11,SW60C80_00011,1,development,remaining_positive,5
919,pos_1006,QTFQYSRGWTN,11,569,SW60C80_00569,1,development,remaining_positive,5
920,pos_1007,IKL,3,66,SW60C80_00066,1,development,remaining_positive,1
921,pos_1008,FLWLKKTPLPL,11,570,SW60C80_00570,1,development,remaining_positive,2
922,pos_1009,ASGLCPEEAVPRR,13,571,SW60C80_00571,1,development,remaining_positive,3
923,pos_1010,TIIPLPV,7,572,SW60C80_00572,1,development,remaining_positive,4
924,pos_1011,LLW,3,3,SW60C80_00003,1,development,remaining_positive,3
925,pos_1012,VVKL,4,573,SW60C80_00573,1,development,remaining_positive,1
926,pos_1013,YGGVSLPEW,9,574,SW60C80_00574,1,development,remaining_positive,5
927,pos_1014,HAEIN,5,13,SW60C80_00013,1,development,remaining_positive,1
928,pos_1015,WVSPLAGRT,9,575,SW60C80_00575,1,development,remaining_positive,2
929,pos_1016,FVDAQPQQKEEG,12,576,SW60C80_00576,1,development,remaining_positive,3
930,pos_1018,FPLEMMPF,8,577,SW60C80_00577,1,development,remaining_positive,4
931,pos_1019,WRNRCKGTD,9,578,SW60C80_00578,1,development,remaining_positive,2
932,pos_1020,KGLFG,5,4,SW60C80_00004,1,development,remaining_positive,4
933,pos_1021,ARW,3,579,SW60C80_00579,1,development,remaining_positive,1
934,pos_1022,GPAGPTGARGAP,12,53,SW60C80_00053,1,development,remaining_positive,1
935,pos_1023,PHT,3,11,SW60C80_00011,1,development,remaining_positive,5
936,pos_1024,AGGGGGGGGGGGKNL,15,361,SW60C80_00361,1,development,remaining_positive,3
937,pos_1025,HHLGGAKQAGDV,12,580,SW60C80_00580,1,development,remaining_positive,5
938,pos_1026,VVLY,4,8,SW60C80_00008,1,development,remaining_positive,3
939,pos_1027,LSDLHAHKL,9,581,SW60C80_00581,1,development,remaining_positive,3
940,pos_1028,GGRP,4,103,SW60C80_00103,1,development,remaining_positive,1
941,pos_1029,FVPH,4,79,SW60C80_00079,1,development,remaining_positive,4
942,pos_1030,HPLH,4,582,SW60C80_00582,1,development,remaining_positive,2
943,pos_1031,MM,2,583,SW60C80_00583,1,development,remaining_positive,3
944,pos_1032,AVFPSIVGRPR,11,584,SW60C80_00584,1,development,remaining_positive,4
945,pos_1033,RVPSLM,6,585,SW60C80_00585,1,development,remaining_positive,5
946,pos_1034,YLAGMN,6,586,SW60C80_00586,1,development,remaining_positive,1
947,pos_1035,MN,2,587,SW60C80_00587,1,development,remaining_positive,5
948,pos_1036,FLPE,4,48,SW60C80_00048,1,development,remaining_positive,5
949,pos_1037,RDY,3,23,SW60C80_00023,1,development,remaining_positive,2
950,pos_1038,NMGPLLPQ,8,543,SW60C80_00543,1,development,remaining_positive,2
951,pos_1039,QHH,3,23,SW60C80_00023,1,development,remaining_positive,2
952,pos_1040,PHA,3,11,SW60C80_00011,1,development,remaining_positive,5
953,pos_1041,QLGNLGV,7,588,SW60C80_00588,1,development,remaining_positive,1
954,pos_1042,AIILHQQ,7,277,SW60C80_00277,1,development,remaining_positive,5
955,pos_1043,MHH,3,3,SW60C80_00003,1,development,remaining_positive,3
956,pos_1044,YGVSGYPTLK,10,589,SW60C80_00589,1,development,remaining_positive,2
957,pos_1046,YGY,3,23,SW60C80_00023,1,development,remaining_positive,2
958,pos_1047,VFD,3,590,SW60C80_00590,1,development,remaining_positive,3
959,pos_1048,PSIVGRP,7,591,SW60C80_00591,1,development,remaining_positive,4
960,pos_1049,ACGSDGK,7,592,SW60C80_00592,1,development,remaining_positive,5
961,pos_1050,MWC,3,593,SW60C80_00593,1,development,remaining_positive,2
962,pos_1051,LVYLVR,6,8,SW60C80_00008,1,development,remaining_positive,3
963,pos_1052,WAFAPA,6,4,SW60C80_00004,1,development,remaining_positive,4
964,pos_1053,LHN,3,3,SW60C80_00003,1,development,remaining_positive,3
965,pos_1054,PYVRYL,6,40,SW60C80_00040,1,development,remaining_positive,4
966,pos_1058,AEEEYPDL,8,594,SW60C80_00594,1,development,remaining_positive,4
967,pos_1059,LW,2,595,SW60C80_00595,1,development,remaining_positive,3
968,pos_1060,LAYLQYTDFETR,12,596,SW60C80_00596,1,development,remaining_positive,4
969,pos_1061,CGWKY,5,597,SW60C80_00597,1,development,remaining_positive,5
970,pos_1062,YLMSR,5,31,SW60C80_00031,1,development,remaining_positive,4
971,pos_1063,ISELGW,6,37,SW60C80_00037,1,development,remaining_positive,1
972,pos_1064,PTGPNNGLSY,10,598,SW60C80_00598,1,development,remaining_positive,2
973,pos_1065,YYIVS,5,599,SW60C80_00599,1,development,remaining_positive,3
974,pos_1066,VGALAVVVWLWLWLW,15,600,SW60C80_00600,1,development,remaining_positive,4
975,pos_1067,LHSMK,5,601,SW60C80_00601,1,development,remaining_positive,1
976,pos_1068,INNQFLPYPYYAKPA,15,602,SW60C80_00602,1,development,remaining_positive,1
977,pos_1069,TAAIVNTA,8,603,SW60C80_00603,1,development,remaining_positive,5
978,pos_1070,PEL,3,116,SW60C80_00116,1,development,remaining_positive,4
979,pos_1071,LGY,3,3,SW60C80_00003,1,development,remaining_positive,3
980,pos_1072,VKEAMPK,7,164,SW60C80_00164,1,development,remaining_positive,3
981,pos_1073,VPVTST,6,286,SW60C80_00286,1,development,remaining_positive,4
982,pos_1074,QAY,3,23,SW60C80_00023,1,development,remaining_positive,2
983,pos_1075,RPEELGPNK,9,604,SW60C80_00604,1,development,remaining_positive,2
984,pos_1076,NM,2,605,SW60C80_00605,1,development,remaining_positive,3
985,pos_1078,YQETSSSSSQE,11,302,SW60C80_00302,1,development,remaining_positive,4
986,pos_1080,YQLD,4,48,SW60C80_00048,1,development,remaining_positive,5
987,pos_1081,TSNLLT,6,390,SW60C80_00390,1,development,remaining_positive,2
988,pos_1082,QLPLL,5,606,SW60C80_00606,1,development,remaining_positive,1
989,pos_1083,KYY,3,23,SW60C80_00023,1,development,remaining_positive,2
990,pos_1084,IGPSSSPDIYNPEAGRIK,18,607,SW60C80_00607,1,development,remaining_positive,4
991,pos_1085,LHR,3,3,SW60C80_00003,1,development,remaining_positive,3
992,pos_1087,NPPADLHK,8,608,SW60C80_00608,1,development,remaining_positive,1
993,pos_1088,YYA,3,23,SW60C80_00023,1,development,remaining_positive,2
994,pos_1089,VKVLLEHPVL,10,609,SW60C80_00609,1,development,remaining_positive,5
995,pos_1090,LLRSVGVPL,9,610,SW60C80_00610,1,development,remaining_positive,2
996,pos_1091,AFWYGLPCKL,10,611,SW60C80_00611,1,development,remaining_positive,3
997,pos_1092,GPPGPPGPPGPPG,13,53,SW60C80_00053,1,development,remaining_positive,1
998,pos_1093,SGGY,4,612,SW60C80_00612,1,development,remaining_positive,4
999,pos_1094,TCSP,4,72,SW60C80_00072,1,development,remaining_positive,1
1000,pos_1095,AMRLTYNRPGIYAT,14,9,SW60C80_00009,1,development,remaining_positive,5
1001,pos_1096,YLGY,4,55,SW60C80_00055,1,development,remaining_positive,4
1002,pos_1097,DHTKE,5,503,SW60C80_00503,1,development,remaining_positive,1
1003,pos_1098,DAQEFKR,7,613,SW60C80_00613,1,development,remaining_positive,2
1004,pos_1099,DVPPYM,6,585,SW60C80_00585,1,development,remaining_positive,5
1005,pos_1100,PIGSENS,7,614,SW60C80_00614,1,development,remaining_positive,1
1006,pos_1102,HLQDFGSEILPR,12,615,SW60C80_00615,1,development,remaining_positive,5
1007,pos_1103,AQIPQQ,6,79,SW60C80_00079,1,development,remaining_positive,4
1008,pos_1104,RHT,3,23,SW60C80_00023,1,development,remaining_positive,2
1009,pos_1105,NGRFY,5,73,SW60C80_00073,1,development,remaining_positive,3
1010,pos_1106,QGLQGLPGT,9,616,SW60C80_00616,1,development,remaining_positive,2
1011,pos_1108,VDHDHPE,7,480,SW60C80_00480,1,development,remaining_positive,4
1012,pos_1109,KNILE,5,617,SW60C80_00617,1,development,remaining_positive,3
1013,pos_1110,VAWRNRCKGTD,11,578,SW60C80_00578,1,development,remaining_positive,2
1014,pos_1111,DLSDGEQGVL,10,618,SW60C80_00618,1,development,remaining_positive,4
1015,pos_1112,GLDIQK,6,330,SW60C80_00330,1,development,remaining_positive,4
1016,pos_1113,PLPPHMLP,8,221,SW60C80_00221,1,development,remaining_positive,1
1017,pos_1114,VAITLTMK,8,619,SW60C80_00619,1,development,remaining_positive,1
1018,pos_1116,EYY,3,23,SW60C80_00023,1,development,remaining_positive,2
1019,pos_1117,YPFVE,5,4,SW60C80_00004,1,development,remaining_positive,4
1020,pos_1118,LPGPILSSFPQ,11,620,SW60C80_00620,1,development,remaining_positive,5
1021,pos_1119,YPFPGPIN,8,4,SW60C80_00004,1,development,remaining_positive,4
1022,pos_1120,LMRWMR,6,621,SW60C80_00621,1,development,remaining_positive,3
1023,pos_1121,HC,2,622,SW60C80_00622,1,development,remaining_positive,2
1024,pos_1122,KYIPIQYVLS,10,185,SW60C80_00185,1,development,remaining_positive,1
1025,pos_1123,YPFVEP,6,4,SW60C80_00004,1,development,remaining_positive,4
1026,pos_1124,FSEY,4,623,SW60C80_00623,1,development,remaining_positive,4
1027,pos_1126,AH,2,624,SW60C80_00624,1,development,remaining_positive,1
1028,pos_1127,EQEEEESTGRMK,12,625,SW60C80_00625,1,development,remaining_positive,5
1029,pos_1128,PKAV,4,626,SW60C80_00626,1,development,remaining_positive,2
1030,pos_1130,VAPEEHPV,8,627,SW60C80_00627,1,development,remaining_positive,3
1031,pos_1131,YPFPGPI,7,4,SW60C80_00004,1,development,remaining_positive,4
1032,pos_1132,WYSLA,5,628,SW60C80_00628,1,development,remaining_positive,1
1033,pos_1134,NQNGRFY,7,73,SW60C80_00073,1,development,remaining_positive,3
1034,pos_1135,PAGY,4,629,SW60C80_00629,1,development,remaining_positive,4
1035,pos_1136,IPP,3,96,SW60C80_00096,1,development,remaining_positive,4
1036,pos_1137,AHK,3,630,SW60C80_00630,1,development,remaining_positive,2
1037,pos_1139,FFGFN,5,631,SW60C80_00631,1,development,remaining_positive,1
1038,pos_1140,YLLF,4,40,SW60C80_00040,1,development,remaining_positive,4
1039,pos_1141,ISELGY,6,37,SW60C80_00037,1,development,remaining_positive,1
1040,pos_1142,DGVVYY,6,209,SW60C80_00209,1,development,remaining_positive,4
1041,pos_1143,VAPFPQ,6,79,SW60C80_00079,1,development,remaining_positive,4
1042,pos_1144,PGCPST,6,67,SW60C80_00067,1,development,remaining_positive,3
1043,pos_1145,GQVPP,5,632,SW60C80_00632,1,development,remaining_positive,5
1044,pos_1146,SDEEVEH,7,633,SW60C80_00633,1,development,remaining_positive,2
1045,pos_1147,SCQDQPTTLAR,11,634,SW60C80_00634,1,development,remaining_positive,3
1046,pos_1148,DDDY,4,635,SW60C80_00635,1,development,remaining_positive,4
1047,pos_1149,YQY,3,23,SW60C80_00023,1,development,remaining_positive,2
1048,pos_1150,GKPVAVPA,8,28,SW60C80_00028,1,development,remaining_positive,5
1049,pos_1151,SRGLPGME,8,636,SW60C80_00636,1,development,remaining_positive,1
1050,pos_1152,EGGDGGYGGGGGGSRW,16,361,SW60C80_00361,1,development,remaining_positive,3
1051,pos_1153,GWNI,4,42,SW60C80_00042,1,development,remaining_positive,5
1052,pos_1154,GKGEGGGGLA,10,637,SW60C80_00637,1,development,remaining_positive,5
1053,pos_1155,NIPPLTQTPVVVPFLQPEVM,20,638,SW60C80_00638,1,development,remaining_positive,2
1054,pos_1157,RHD,3,23,SW60C80_00023,1,development,remaining_positive,2
1055,pos_1159,YYK,3,23,SW60C80_00023,1,development,remaining_positive,2
1056,pos_1160,ESTLHLVLR,9,639,SW60C80_00639,1,development,remaining_positive,3
1057,pos_1161,PHG,3,640,SW60C80_00640,1,development,remaining_positive,3
1058,pos_1162,GPVRGPFPII,10,17,SW60C80_00017,1,development,remaining_positive,3
1059,pos_1163,APFPEVFGKEKVNEL,15,641,SW60C80_00641,1,development,remaining_positive,4
1060,pos_1165,EIVPN,5,642,SW60C80_00642,1,development,remaining_positive,1
1061,pos_1166,LALPA,5,10,SW60C80_00010,1,development,remaining_positive,4
1062,pos_1167,YMY,3,23,SW60C80_00023,1,development,remaining_positive,2
1063,pos_1168,GPSGPPGPKGN,11,53,SW60C80_00053,1,development,remaining_positive,1
1064,pos_1169,ALEPDHR,7,643,SW60C80_00643,1,development,remaining_positive,5
1065,pos_1171,TWKVV,5,644,SW60C80_00644,1,development,remaining_positive,5
1066,pos_1172,QGAR,4,645,SW60C80_00645,1,development,remaining_positive,2
1067,pos_1173,LWQ,3,3,SW60C80_00003,1,development,remaining_positive,3
1068,pos_1175,LSNLHAYNL,9,581,SW60C80_00581,1,development,remaining_positive,3
1069,pos_1176,VLSTSFPPK,9,646,SW60C80_00646,1,development,remaining_positive,3
1070,pos_1178,NPFMAP,6,4,SW60C80_00004,1,development,remaining_positive,4
1071,pos_1179,ADF,3,335,SW60C80_00335,1,development,remaining_positive,1
1072,pos_1180,KGALG,5,4,SW60C80_00004,1,development,remaining_positive,4
1073,pos_1181,YPWT,4,647,SW60C80_00647,1,development,remaining_positive,3
1074,pos_1182,WAFS,4,648,SW60C80_00648,1,development,remaining_positive,4
1075,pos_1183,ANSLLN,6,470,SW60C80_00470,1,development,remaining_positive,4
1076,pos_1184,NSGPLVNP,8,649,SW60C80_00649,1,development,remaining_positive,1
1077,pos_1185,KYP,3,373,SW60C80_00373,1,development,remaining_positive,5
1078,pos_1186,LAPSTIK,7,650,SW60C80_00650,1,development,remaining_positive,5
1079,pos_1187,PWA,3,11,SW60C80_00011,1,development,remaining_positive,5
1080,pos_1188,CTN,3,110,SW60C80_00110,1,development,remaining_positive,2
1081,pos_1189,KGIFG,5,4,SW60C80_00004,1,development,remaining_positive,4
1082,pos_1191,RWQ,3,23,SW60C80_00023,1,development,remaining_positive,2
1083,pos_1192,YAKP,4,10,SW60C80_00010,1,development,remaining_positive,4
1084,pos_1193,TSVLR,5,651,SW60C80_00651,1,development,remaining_positive,2
1085,pos_1195,VCSV,4,652,SW60C80_00652,1,development,remaining_positive,3
1086,pos_1196,AGWNIPIGT,9,653,SW60C80_00653,1,development,remaining_positive,4
1087,pos_1197,WDHHAPQLR,9,357,SW60C80_00357,1,development,remaining_positive,1
1088,pos_1198,SLPGGYGL,8,654,SW60C80_00654,1,development,remaining_positive,1
1089,pos_1199,YEY,3,23,SW60C80_00023,1,development,remaining_positive,2
1090,pos_1200,RYLGY,5,55,SW60C80_00055,1,development,remaining_positive,4
1091,pos_1202,WGN,3,169,SW60C80_00169,1,development,remaining_positive,5
1092,pos_1203,GLPQEVLN,8,655,SW60C80_00655,1,development,remaining_positive,5
1093,pos_1204,VVVNIPPTLK,10,656,SW60C80_00656,1,development,remaining_positive,2
1094,pos_1205,GRW,3,189,SW60C80_00189,1,development,remaining_positive,1
1095,pos_1206,RGLSK,5,657,SW60C80_00657,1,development,remaining_positive,3
1096,pos_1207,GTPGLQGMPGER,12,53,SW60C80_00053,1,development,remaining_positive,1
1097,pos_1208,SVL,3,658,SW60C80_00658,1,development,remaining_positive,4
1098,pos_1209,VLPPQQQY,8,659,SW60C80_00659,1,development,remaining_positive,1
1099,pos_1210,WPWQMSLY,8,660,SW60C80_00660,1,development,remaining_positive,5
1100,pos_1211,YVEELKPTPEGDL,13,661,SW60C80_00661,1,development,remaining_positive,2
1101,pos_1212,FWKVV,5,644,SW60C80_00644,1,development,remaining_positive,5
1102,pos_1213,LSPLYE,6,662,SW60C80_00662,1,development,remaining_positive,3
1103,pos_1214,HANENIF,7,663,SW60C80_00663,1,development,remaining_positive,4
1104,pos_1216,YAEERYPIL,9,594,SW60C80_00594,1,development,remaining_positive,4
1105,pos_1218,YGIKVGYAIP,10,664,SW60C80_00664,1,development,remaining_positive,1
1106,pos_1219,YIPIQYVLSR,10,185,SW60C80_00185,1,development,remaining_positive,1
1107,pos_1220,PVLGPVRGPFPI,12,17,SW60C80_00017,1,development,remaining_positive,3
1108,pos_1221,YFYPEL,6,48,SW60C80_00048,1,development,remaining_positive,5
1109,pos_1222,KVEGDLK,7,665,SW60C80_00665,1,development,remaining_positive,5
1110,pos_1223,IRWWW,5,666,SW60C80_00666,1,development,remaining_positive,2
1111,pos_1224,YGPQQQE,7,667,SW60C80_00667,1,development,remaining_positive,3
1112,pos_1225,YFLWP,5,44,SW60C80_00044,1,development,remaining_positive,3
1113,pos_1226,EDELQDKIHPF,11,384,SW60C80_00384,1,development,remaining_positive,4
1114,pos_1227,SVMPVVA,7,668,SW60C80_00668,1,development,remaining_positive,4
1115,pos_1228,AAAAG,5,669,SW60C80_00669,1,development,remaining_positive,1
1116,pos_1229,RHS,3,23,SW60C80_00023,1,development,remaining_positive,2
1117,pos_1230,LVYPFPGPIPN,11,4,SW60C80_00004,1,development,remaining_positive,4
1118,pos_1232,VPP,3,96,SW60C80_00096,1,development,remaining_positive,4
1119,pos_1233,PNRPQF,6,533,SW60C80_00533,1,development,remaining_positive,4
1120,pos_1234,RHR,3,23,SW60C80_00023,1,development,remaining_positive,2
1121,pos_1235,PKAVHE,6,670,SW60C80_00670,1,development,remaining_positive,5
1122,pos_1236,EPVLGPVRGPFP,12,17,SW60C80_00017,1,development,remaining_positive,3
1123,pos_1237,RNPIYS,6,48,SW60C80_00048,1,development,remaining_positive,5
1124,pos_1238,GYY,3,448,SW60C80_00448,1,development,remaining_positive,4
1125,pos_1239,LVSGM,5,671,SW60C80_00671,1,development,remaining_positive,2
1126,pos_1240,LTPTSN,6,672,SW60C80_00672,1,development,remaining_positive,3
1127,pos_1241,VKELY,5,40,SW60C80_00040,1,development,remaining_positive,4
1128,pos_1242,MWTD,4,673,SW60C80_00673,1,development,remaining_positive,4
1129,pos_1243,GPAGDY,6,674,SW60C80_00674,1,development,remaining_positive,1
1130,pos_1245,KHNRGDEF,8,675,SW60C80_00675,1,development,remaining_positive,4
1131,pos_1246,PQGPIGVP,8,53,SW60C80_00053,1,development,remaining_positive,1
1132,pos_1247,GPPGPPGPPG,10,53,SW60C80_00053,1,development,remaining_positive,1
1133,pos_1248,NTVPAKSCQAQPTTM,15,676,SW60C80_00676,1,development,remaining_positive,5
1134,pos_1249,LHH,3,3,SW60C80_00003,1,development,remaining_positive,3
1135,pos_1250,PQFYW,5,677,SW60C80_00677,1,development,remaining_positive,1
1136,pos_1251,FHNMEK,6,678,SW60C80_00678,1,development,remaining_positive,2
1137,pos_1252,MY,2,679,SW60C80_00679,1,development,remaining_positive,3
1138,pos_1253,EDVPSER,7,680,SW60C80_00680,1,development,remaining_positive,4
1139,pos_1254,LASSGIDHEGRLPR,14,681,SW60C80_00681,1,development,remaining_positive,1
1140,pos_1255,WISELG,6,37,SW60C80_00037,1,development,remaining_positive,1
1141,pos_1256,GFGPGL,6,48,SW60C80_00048,1,development,remaining_positive,5
1142,pos_1257,AFDEGPWPK,9,195,SW60C80_00195,1,development,remaining_positive,1
1143,pos_1258,WVYY,4,125,SW60C80_00125,1,development,remaining_positive,5
1144,pos_1259,YIQKEDVPSER,11,197,SW60C80_00197,1,development,remaining_positive,2
1145,pos_1260,FIGP,4,682,SW60C80_00682,1,development,remaining_positive,5
1146,pos_1261,PAR,3,11,SW60C80_00011,1,development,remaining_positive,5
1147,pos_1262,NLNQCQRYM,9,683,SW60C80_00683,1,development,remaining_positive,2
1148,pos_1263,SY,2,684,SW60C80_00684,1,development,remaining_positive,3
1149,pos_1264,LELPLK,6,13,SW60C80_00013,1,development,remaining_positive,1
1150,pos_1265,FLNDFLHV,8,393,SW60C80_00393,1,development,remaining_positive,5
1151,pos_1266,SVLGTGC,7,685,SW60C80_00685,1,development,remaining_positive,4
1152,pos_1267,QAGTGAGAGGGAGTKTSS,18,162,SW60C80_00162,1,development,remaining_positive,2
1153,pos_1269,PMRGGGGGYHY,11,686,SW60C80_00686,1,development,remaining_positive,1
1154,pos_1271,TETWNPNHPEL,11,687,SW60C80_00687,1,development,remaining_positive,5
1155,pos_1272,YSK,3,23,SW60C80_00023,1,development,remaining_positive,2
1156,pos_1273,YIEAVNKVSPRAGQF,15,688,SW60C80_00688,1,development,remaining_positive,2
1157,pos_1274,PMDYMVT,7,689,SW60C80_00689,1,development,remaining_positive,3
1158,pos_1276,FAGDDAPR,8,207,SW60C80_00207,1,development,remaining_positive,3
1159,pos_1277,SSGFTY,6,690,SW60C80_00690,1,development,remaining_positive,4
1160,pos_1278,AFK,3,630,SW60C80_00630,1,development,remaining_positive,2
1161,pos_1279,PHR,3,11,SW60C80_00011,1,development,remaining_positive,5
1162,pos_1280,PWF,3,11,SW60C80_00011,1,development,remaining_positive,5
1163,pos_1281,WYSLAM,6,628,SW60C80_00628,1,development,remaining_positive,1
1164,pos_1282,RIY,3,23,SW60C80_00023,1,development,remaining_positive,2
1165,pos_1283,SLHFME,6,601,SW60C80_00601,1,development,remaining_positive,1
1166,pos_1284,SPW,3,68,SW60C80_00068,1,development,remaining_positive,5
1167,pos_1285,FLVPPQE,7,691,SW60C80_00691,1,development,remaining_positive,1
1168,pos_1286,LPM,3,121,SW60C80_00121,1,development,remaining_positive,1
1169,pos_1287,RHG,3,692,SW60C80_00692,1,development,remaining_positive,2
1170,pos_1288,IQW,3,3,SW60C80_00003,1,development,remaining_positive,3
1171,pos_1289,PIAAEVYEHTEGSTTSY,17,387,SW60C80_00387,1,development,remaining_positive,1
1172,pos_1290,YLY,3,23,SW60C80_00023,1,development,remaining_positive,2
1173,pos_1293,PGRW,4,693,SW60C80_00693,1,development,remaining_positive,5
1174,pos_1294,YPLDL,5,48,SW60C80_00048,1,development,remaining_positive,5
1175,pos_1295,PHY,3,11,SW60C80_00011,1,development,remaining_positive,5
1176,pos_1296,LHT,3,3,SW60C80_00003,1,development,remaining_positive,3
1177,pos_1297,GGGGYGGGGGGYGGGGGGY,19,694,SW60C80_00694,1,development,remaining_positive,3
1178,pos_1298,QQFQQSGQAQLTE,13,695,SW60C80_00695,1,development,remaining_positive,2
1179,pos_1299,KLLHA,5,696,SW60C80_00696,1,development,remaining_positive,4
1180,pos_1300,CYGPNR,6,697,SW60C80_00697,1,development,remaining_positive,1
1181,pos_1301,MYGAVTPVK,9,698,SW60C80_00698,1,development,remaining_positive,5
1182,pos_1302,PGWNQWFL,8,699,SW60C80_00699,1,development,remaining_positive,2
1183,pos_1303,DWMKGQ,6,700,SW60C80_00700,1,development,remaining_positive,3
1184,pos_1304,FFNPVH,6,465,SW60C80_00465,1,development,remaining_positive,2
1185,pos_1305,HKH,3,23,SW60C80_00023,1,development,remaining_positive,2
1186,pos_1306,VTSLDLPVLRW,11,325,SW60C80_00325,1,development,remaining_positive,3
1187,pos_1307,LLFAMTKPK,9,701,SW60C80_00701,1,development,remaining_positive,4
1188,pos_1309,IVPK,4,13,SW60C80_00013,1,development,remaining_positive,1
1189,pos_1310,VPYPQR,6,79,SW60C80_00079,1,development,remaining_positive,4
1190,pos_1311,HPIKHQGLPQ,10,702,SW60C80_00702,1,development,remaining_positive,1
1191,pos_1313,HYVPV,5,41,SW60C80_00041,1,development,remaining_positive,5
1192,pos_1314,FIGR,4,478,SW60C80_00478,1,development,remaining_positive,3
1193,pos_1315,STW,3,68,SW60C80_00068,1,development,remaining_positive,5
1194,pos_1316,YDTQA,5,703,SW60C80_00703,1,development,remaining_positive,5
1195,pos_1317,VAPFPEVF,8,53,SW60C80_00053,1,development,remaining_positive,1
1196,pos_1318,NYY,3,23,SW60C80_00023,1,development,remaining_positive,2
1197,pos_1319,VKAGFAWTANQQLS,14,704,SW60C80_00704,1,development,remaining_positive,2
1198,pos_1320,TDAPSFSDIPNPIGSENSGK,20,705,SW60C80_00705,1,development,remaining_positive,3
1199,pos_1322,YPAGP,5,4,SW60C80_00004,1,development,remaining_positive,4
1200,pos_1323,VVH,3,706,SW60C80_00706,1,development,remaining_positive,3
1201,pos_1324,EFQI,4,707,SW60C80_00707,1,development,remaining_positive,5
1202,pos_1325,YPIL,4,48,SW60C80_00048,1,development,remaining_positive,5
1203,pos_1326,AIILHQQQ,8,277,SW60C80_00277,1,development,remaining_positive,5
1204,pos_1327,KEEKFE,6,708,SW60C80_00708,1,development,remaining_positive,4
1205,pos_1328,LPILR,5,606,SW60C80_00606,1,development,remaining_positive,1
1206,pos_1329,YPLDLF,6,48,SW60C80_00048,1,development,remaining_positive,5
1207,pos_1330,LARL,4,709,SW60C80_00709,1,development,remaining_positive,1
1208,pos_1331,TDRHQKLR,8,710,SW60C80_00710,1,development,remaining_positive,5
1209,pos_1332,GPRGLPGERGRPGA,14,53,SW60C80_00053,1,development,remaining_positive,1
1210,pos_1333,DVCGRDVNGY,10,711,SW60C80_00711,1,development,remaining_positive,2
1211,pos_1334,NVPGEIVESL,10,520,SW60C80_00520,1,development,remaining_positive,3
1212,pos_1335,LSW,3,3,SW60C80_00003,1,development,remaining_positive,3
1213,pos_1336,HHP,3,84,SW60C80_00084,1,development,remaining_positive,5
1214,pos_1337,LNLPTAVYMVT,11,712,SW60C80_00712,1,development,remaining_positive,3
1215,pos_1339,HPERPIPEH,9,713,SW60C80_00713,1,development,remaining_positive,4
1216,pos_1341,NMAVPDALAGPL,12,714,SW60C80_00714,1,development,remaining_positive,1
1217,pos_1342,VPLSPT,6,13,SW60C80_00013,1,development,remaining_positive,1
1218,pos_1343,TA,2,715,SW60C80_00715,1,development,remaining_positive,5
1219,pos_1345,KHDRGDEF,8,675,SW60C80_00675,1,development,remaining_positive,4
1220,pos_1346,YYN,3,23,SW60C80_00023,1,development,remaining_positive,2
1221,pos_1347,YQKF,4,12,SW60C80_00012,1,development,remaining_positive,5
1222,pos_1348,QEPVLGPVRGPFPIIV,16,17,SW60C80_00017,1,development,remaining_positive,3
1223,pos_1350,NVIDPPIYAR,10,716,SW60C80_00716,1,development,remaining_positive,2
1224,pos_1351,YNILSGFDTEL,11,717,SW60C80_00717,1,development,remaining_positive,3
1225,pos_1354,QEPVLGPVRGPFPILV,16,17,SW60C80_00017,1,development,remaining_positive,3
1226,pos_1355,DLEE,4,718,SW60C80_00718,1,development,remaining_positive,4
1227,pos_1356,YFYPKDFTPGCT,12,719,SW60C80_00719,1,development,remaining_positive,1
1228,pos_1358,ADVFNPR,7,45,SW60C80_00045,1,development,remaining_positive,5
1229,pos_1359,LLHH,4,44,SW60C80_00044,1,development,remaining_positive,3
1230,pos_1360,FNVVLK,6,720,SW60C80_00720,1,development,remaining_positive,5
1231,pos_1361,LWA,3,3,SW60C80_00003,1,development,remaining_positive,3
1232,pos_1362,VVNE,4,721,SW60C80_00721,1,development,remaining_positive,2
1233,pos_1364,DYK,3,722,SW60C80_00722,1,development,remaining_positive,3
1234,pos_1365,HHPLL,5,458,SW60C80_00458,1,development,remaining_positive,5
1235,pos_1366,YPFPGPIHNS,10,4,SW60C80_00004,1,development,remaining_positive,4
1236,pos_1367,WLP,3,33,SW60C80_00033,1,development,remaining_positive,1
1237,pos_1369,IPIQYVL,7,723,SW60C80_00723,1,development,remaining_positive,4
1238,pos_1370,VIAPW,5,45,SW60C80_00045,1,development,remaining_positive,5
1239,pos_1371,ACFL,4,724,SW60C80_00724,1,development,remaining_positive,1
1240,pos_1372,TEFTK,5,725,SW60C80_00725,1,development,remaining_positive,5
1241,pos_1373,YQGPIVLNPWDQVKR,15,526,SW60C80_00526,1,development,remaining_positive,5
1242,pos_1374,FPGLADR,7,726,SW60C80_00726,1,development,remaining_positive,2
1243,pos_1376,LQPGQGQQG,9,270,SW60C80_00270,1,development,remaining_positive,3
1244,pos_1377,SHH,3,23,SW60C80_00023,1,development,remaining_positive,2
1245,pos_1378,NQE,3,727,SW60C80_00727,1,development,remaining_positive,3
1246,pos_1379,LWH,3,3,SW60C80_00003,1,development,remaining_positive,3
1247,pos_1381,YFE,3,23,SW60C80_00023,1,development,remaining_positive,2
1248,pos_1382,YSQ,3,23,SW60C80_00023,1,development,remaining_positive,2
1249,pos_1383,RDPIYS,6,48,SW60C80_00048,1,development,remaining_positive,5
1250,pos_1384,ADHP,4,13,SW60C80_00013,1,development,remaining_positive,1
1251,pos_1385,PSIPA,5,10,SW60C80_00010,1,development,remaining_positive,4
1252,pos_1386,YVGD,4,728,SW60C80_00728,1,development,remaining_positive,4
1253,pos_1387,RPNYTDA,7,729,SW60C80_00729,1,development,remaining_positive,1
1254,pos_1389,AREGETVVPG,10,730,SW60C80_00730,1,development,remaining_positive,5
1255,pos_1390,FND,3,731,SW60C80_00731,1,development,remaining_positive,2
1256,pos_1392,YYG,3,323,SW60C80_00323,1,development,remaining_positive,2
1257,pos_1393,YYQQKPV,7,732,SW60C80_00732,1,development,remaining_positive,3
1258,pos_1395,LYY,3,3,SW60C80_00003,1,development,remaining_positive,3
1259,pos_1396,FDSGPAGVL,9,733,SW60C80_00733,1,development,remaining_positive,4
1260,pos_1397,EFFDVSNELFQ,11,734,SW60C80_00734,1,development,remaining_positive,1
1261,pos_1398,YYR,3,23,SW60C80_00023,1,development,remaining_positive,2
1262,pos_1399,HGPL,4,458,SW60C80_00458,1,development,remaining_positive,5
1263,pos_1400,HLPH,4,735,SW60C80_00735,1,development,remaining_positive,5
1264,pos_1401,PHI,3,116,SW60C80_00116,1,development,remaining_positive,4
1265,pos_1402,VETGVIKPGM,10,736,SW60C80_00736,1,development,remaining_positive,2
1266,pos_1403,YQEPVLGPVRGPFPIIV,17,17,SW60C80_00017,1,development,remaining_positive,3
1267,pos_1404,YAY,3,23,SW60C80_00023,1,development,remaining_positive,2
1268,pos_1405,NLGDPS,6,737,SW60C80_00737,1,development,remaining_positive,4
1269,pos_1408,KGLWE,5,4,SW60C80_00004,1,development,remaining_positive,4
1270,pos_1409,NYVADGLG,8,738,SW60C80_00738,1,development,remaining_positive,3
1271,pos_1410,LAGNPQDE,8,461,SW60C80_00461,1,development,remaining_positive,4
1272,pos_1412,QFAW,4,677,SW60C80_00677,1,development,remaining_positive,1
1273,pos_1414,VDYP,4,79,SW60C80_00079,1,development,remaining_positive,4
1274,pos_1415,GEC,3,739,SW60C80_00739,1,development,remaining_positive,4
1275,pos_1416,QYDQGV,6,740,SW60C80_00740,1,development,remaining_positive,1
1276,pos_1417,VNPHDHQN,8,741,SW60C80_00741,1,development,remaining_positive,1
1277,pos_1418,STTTGHLIYK,10,742,SW60C80_00742,1,development,remaining_positive,5
1278,pos_1419,LGFEY,5,209,SW60C80_00209,1,development,remaining_positive,4
1279,pos_1421,GTW,3,189,SW60C80_00189,1,development,remaining_positive,1
1280,pos_1422,PVMGA,5,743,SW60C80_00743,1,development,remaining_positive,2
1281,pos_1423,DLTDFL,6,13,SW60C80_00013,1,development,remaining_positive,1
1282,pos_1424,PWD,3,11,SW60C80_00011,1,development,remaining_positive,5
1283,pos_1426,YSNQNGRF,8,744,SW60C80_00744,1,development,remaining_positive,3
1284,pos_1427,YQEPVLGPVR,10,2,SW60C80_00002,1,development,remaining_positive,3
1285,pos_1428,DEVPR,5,48,SW60C80_00048,1,development,remaining_positive,5
1286,pos_1429,LFC,3,294,SW60C80_00294,1,development,remaining_positive,5
1287,pos_1431,YQQND,5,745,SW60C80_00745,1,development,remaining_positive,4
1288,pos_1432,IEQI,4,746,SW60C80_00746,1,development,remaining_positive,1
1289,pos_1433,WHNVSGSP,8,747,SW60C80_00747,1,development,remaining_positive,5
1290,pos_1434,DKIHPF,6,748,SW60C80_00748,1,development,remaining_positive,2
1291,pos_1435,GPLGLLGFLGPLGLS,15,749,SW60C80_00749,1,development,remaining_positive,3
1292,pos_1436,WSRRGEREEEDERRR,15,750,SW60C80_00750,1,development,remaining_positive,4
1293,pos_1437,LVDTGRGPIMY,11,751,SW60C80_00751,1,development,remaining_positive,1
1294,pos_1438,EQC,3,752,SW60C80_00752,1,development,remaining_positive,5
1295,pos_1439,GEGSGA,6,48,SW60C80_00048,1,development,remaining_positive,5
1296,pos_1440,FQRL,4,753,SW60C80_00753,1,development,remaining_positive,2
1297,pos_1441,SSAPGGGRP,9,754,SW60C80_00754,1,development,remaining_positive,3
1298,pos_1443,RHE,3,23,SW60C80_00023,1,development,remaining_positive,2
1299,pos_1444,GNQEKVLELVQR,12,755,SW60C80_00755,1,development,remaining_positive,4
1300,pos_1445,YVAQGEGVVA,10,756,SW60C80_00756,1,development,remaining_positive,1
1301,pos_1446,LQAE,4,757,SW60C80_00757,1,development,remaining_positive,5
1302,pos_1447,AGWACLVG,8,758,SW60C80_00758,1,development,remaining_positive,2
1303,pos_1448,APLEEPSSPH,10,759,SW60C80_00759,1,development,remaining_positive,3
1304,pos_1450,EFQL,4,707,SW60C80_00707,1,development,remaining_positive,5
1305,pos_1451,IEEAF,5,62,SW60C80_00062,1,development,remaining_positive,5
1306,pos_1453,VPSIDDQEELM,11,760,SW60C80_00760,1,development,remaining_positive,4
1307,pos_1454,NLGNPE,6,737,SW60C80_00737,1,development,remaining_positive,4
1308,pos_1456,YINQMPQKSREA,12,482,SW60C80_00482,1,development,remaining_positive,1
1309,pos_1457,RELEEL,6,761,SW60C80_00761,1,development,remaining_positive,1
1310,pos_1458,PVRGLHP,7,762,SW60C80_00762,1,development,remaining_positive,5
1311,pos_1460,AP,2,763,SW60C80_00763,1,development,remaining_positive,3
1312,pos_1461,YVPR,4,764,SW60C80_00764,1,development,remaining_positive,2
1313,pos_1462,FSDIPNPIGSEN,12,319,SW60C80_00319,1,development,remaining_positive,5
1314,pos_1463,LHG,3,114,SW60C80_00114,1,development,remaining_positive,4
1315,pos_1464,AYFYPE,6,48,SW60C80_00048,1,development,remaining_positive,5
1316,pos_1465,IDDVLK,6,194,SW60C80_00194,1,development,remaining_positive,5
1317,pos_1466,LWV,3,121,SW60C80_00121,1,development,remaining_positive,1
1318,pos_1467,YSEMPPGK,8,765,SW60C80_00765,1,development,remaining_positive,4
1319,pos_1468,FLHRP,5,766,SW60C80_00766,1,development,remaining_positive,1
1320,pos_1470,DNLLN,5,470,SW60C80_00470,1,development,remaining_positive,4
1321,pos_1471,LAGNPENE,8,461,SW60C80_00461,1,development,remaining_positive,4
1322,pos_1472,QL,2,767,SW60C80_00767,1,development,remaining_positive,5
1323,pos_1473,AEFAES,6,768,SW60C80_00768,1,development,remaining_positive,2
1324,pos_1474,AMRLTYNRPGLGAT,14,9,SW60C80_00009,1,development,remaining_positive,5
1325,pos_1475,DAHK,4,503,SW60C80_00503,1,development,remaining_positive,1
1326,pos_1476,ACQ,3,769,SW60C80_00769,1,development,remaining_positive,3
1327,pos_1477,QETTGVEGPKGDT,13,770,SW60C80_00770,1,development,remaining_positive,4
1328,pos_1478,SNLCRPCG,8,771,SW60C80_00771,1,development,remaining_positive,1
1329,pos_1479,NGLEGLK,7,772,SW60C80_00772,1,development,remaining_positive,5
1330,pos_1480,GGLEPINFN,9,22,SW60C80_00022,1,development,remaining_positive,5
1331,pos_1481,WISELGW,7,37,SW60C80_00037,1,development,remaining_positive,1
1332,pos_1482,NGPLQAGQPGER,12,773,SW60C80_00773,1,development,remaining_positive,2
1333,pos_1483,TFE,3,220,SW60C80_00220,1,development,remaining_positive,4
1334,pos_1484,DTGSDKKQL,9,774,SW60C80_00774,1,development,remaining_positive,3
1335,pos_1485,RHA,3,23,SW60C80_00023,1,development,remaining_positive,2
1336,pos_1486,LEDGLK,6,13,SW60C80_00013,1,development,remaining_positive,1
1337,pos_1487,INY,3,3,SW60C80_00003,1,development,remaining_positive,3
1338,pos_1488,NWDLKEVGGGALP,13,775,SW60C80_00775,1,development,remaining_positive,4
1339,pos_1489,AWDPE,5,48,SW60C80_00048,1,development,remaining_positive,5
1340,pos_1490,QLPEPDNRLQ,10,43,SW60C80_00043,1,development,remaining_positive,4
1341,pos_1491,PYK,3,11,SW60C80_00011,1,development,remaining_positive,5
1342,pos_1492,LTTLDSE,7,370,SW60C80_00370,1,development,remaining_positive,3
1343,pos_1493,MYY,3,3,SW60C80_00003,1,development,remaining_positive,3
1344,pos_1494,HLPLPLL,7,13,SW60C80_00013,1,development,remaining_positive,1
1345,pos_1495,AW,2,776,SW60C80_00776,1,development,remaining_positive,1
1346,pos_1496,TIL,3,777,SW60C80_00777,1,development,remaining_positive,5
1347,pos_1497,GPPGPPGPP,9,53,SW60C80_00053,1,development,remaining_positive,1
1348,pos_1498,EAVQ,4,778,SW60C80_00778,1,development,remaining_positive,2
1349,pos_1499,SKKGL,5,779,SW60C80_00779,1,development,remaining_positive,3
1350,pos_1500,MMGW,4,310,SW60C80_00310,1,development,remaining_positive,3
1351,pos_1501,FIMGPY,6,780,SW60C80_00780,1,development,remaining_positive,4
1352,pos_1502,HFGDPFH,7,781,SW60C80_00781,1,development,remaining_positive,1
1353,pos_1503,GAH,3,57,SW60C80_00057,1,development,remaining_positive,3
1354,pos_1504,AIILHQ,6,277,SW60C80_00277,1,development,remaining_positive,5
1355,pos_1505,YAKPA,5,10,SW60C80_00010,1,development,remaining_positive,4
1356,pos_1506,RNF,3,23,SW60C80_00023,1,development,remaining_positive,2
1357,pos_1507,GWFK,4,782,SW60C80_00782,1,development,remaining_positive,5
1358,pos_1508,VIESPPEIN,9,112,SW60C80_00112,1,development,remaining_positive,3
1359,neg_0,EDAYKFTTW,9,783,SW60C80_00783,0,development,remaining_negative,5
1360,neg_1,LVTLVFV,7,784,SW60C80_00784,0,development,remaining_negative,2
1361,neg_2,GGSGSGETSGMWFGPRL,17,785,SW60C80_00785,0,development,remaining_negative,2
1362,neg_3,QPSQDFMRF,9,53,SW60C80_00053,0,development,remaining_negative,1
1363,neg_4,QGIGVGDNDGKRGKR,15,786,SW60C80_00786,0,development,remaining_negative,3
1364,neg_5,ECCTHAHCSQGCRPCC,16,787,SW60C80_00787,0,development,remaining_negative,2
1365,neg_6,INWLKLGKAVIDAL,14,788,SW60C80_00788,0,development,remaining_negative,2
1366,neg_7,MIKSDQET,8,789,SW60C80_00789,0,development,remaining_negative,4
1367,neg_8,AGTADCFWKYCV,12,790,SW60C80_00790,0,development,remaining_negative,4
1368,neg_9,MKYNPRVSSNRRKS,14,791,SW60C80_00791,0,development,remaining_negative,5
1369,neg_10,INLLKIAKGIIKSL,14,792,SW60C80_00792,0,development,remaining_negative,5
1370,neg_11,MKYLAFLIKGKTTHFDVGK,19,793,SW60C80_00793,0,development,remaining_negative,1
1371,neg_13,MYKLLIINP,9,794,SW60C80_00794,0,development,remaining_negative,2
1372,neg_14,SVFAFQDESTSTIAQARLFI,20,795,SW60C80_00795,0,development,remaining_negative,5
1373,neg_15,GFLSILKKVLPKVMAHMK,18,796,SW60C80_00796,0,development,remaining_negative,3
1374,neg_16,NLVQFGKMIE,10,797,SW60C80_00797,0,development,remaining_negative,4
1375,neg_17,GDDVLSACCD,10,798,SW60C80_00798,0,development,remaining_negative,5
1376,neg_18,LGPALITRKPLKGKP,15,799,SW60C80_00799,0,development,remaining_negative,4
1377,neg_20,QLTFTSSWG,9,800,SW60C80_00800,0,development,remaining_negative,3
1378,neg_21,SAEVAGAVIEGAKLTFNVLQ,20,801,SW60C80_00801,0,development,remaining_negative,4
1379,neg_22,QDLDHVFMRF,10,53,SW60C80_00053,0,development,remaining_negative,1
1380,neg_23,TYNNNLIR,8,802,SW60C80_00802,0,development,remaining_negative,1
1381,neg_25,LRQSQFVGSR,10,803,SW60C80_00803,0,development,remaining_negative,2
1382,neg_26,VNWKKILGKIIKVVK,15,792,SW60C80_00792,0,development,remaining_negative,5
1383,neg_27,GRCCHPACGKNYSC,14,804,SW60C80_00804,0,development,remaining_negative,2
1384,neg_28,KDGYLVGSDGCKYSCLTRPG,20,805,SW60C80_00805,0,development,remaining_negative,2
1385,neg_29,RCKTCSKGRCRPKPNCG,17,806,SW60C80_00806,0,development,remaining_negative,3
1386,neg_30,NSELINSILGLPKVMNEA,18,807,SW60C80_00807,0,development,remaining_negative,3
1387,neg_31,KPDPEAVLIV,10,808,SW60C80_00808,0,development,remaining_negative,5
1388,neg_32,MKRQDLPRSRSLRSCE,16,809,SW60C80_00809,0,development,remaining_negative,1
1389,neg_33,QLYENKSRRPYIL,13,810,SW60C80_00810,0,development,remaining_negative,5
1390,neg_34,DDAVANGVHAISGVVDS,17,811,SW60C80_00811,0,development,remaining_negative,4
1391,neg_35,LKCNKLVPLF,10,812,SW60C80_00812,0,development,remaining_negative,2
1392,neg_36,AAQEGETLTVEETV,14,813,SW60C80_00813,0,development,remaining_negative,3
1393,neg_38,VVGGEVARAHSWPWQISLQY,20,814,SW60C80_00814,0,development,remaining_negative,4
1394,neg_39,SGDTSSQAKGMWFGPRL,17,785,SW60C80_00785,0,development,remaining_negative,2
1395,neg_40,CCQLFVWCC,9,815,SW60C80_00815,0,development,remaining_negative,5
1396,neg_41,EYIPFIHEWV,10,816,SW60C80_00816,0,development,remaining_negative,4
1397,neg_42,MQVNLRCSE,9,817,SW60C80_00817,0,development,remaining_negative,1
1398,neg_43,IDASTATGDSPVFTATIK,18,818,SW60C80_00818,0,development,remaining_negative,2
1399,neg_44,MGQFFAYATVITVKENDHVA,20,819,SW60C80_00819,0,development,remaining_negative,3
1400,neg_45,NEEEKVKWEPDVP,13,820,SW60C80_00820,0,development,remaining_negative,5
1401,neg_47,GNTKKAVPGFYGTR,14,821,SW60C80_00821,0,development,remaining_negative,1
1402,neg_48,GLLKRIKTLL,10,822,SW60C80_00822,0,development,remaining_negative,2
1403,neg_49,QSVPTFTPRL,10,223,SW60C80_00223,0,development,remaining_negative,3
1404,neg_50,APQAGFYGVR,10,53,SW60C80_00053,0,development,remaining_negative,1
1405,neg_51,EDSLSDWERVYLPIDPGVVL,20,823,SW60C80_00823,0,development,remaining_negative,3
1406,neg_52,QVNFSPNW,8,800,SW60C80_00800,0,development,remaining_negative,3
1407,neg_53,AIANAPLLDTTITDRVFFD,19,824,SW60C80_00824,0,development,remaining_negative,4
1408,neg_54,NTESTKGESLLGK,13,825,SW60C80_00825,0,development,remaining_negative,5
1409,neg_55,AEVFKSEEGSVDFYGQLRPA,20,826,SW60C80_00826,0,development,remaining_negative,1
1410,neg_57,RRWCFRVCYRGFCYRKCR,18,827,SW60C80_00827,0,development,remaining_negative,3
1411,neg_58,INWKKMAATALKMI,14,828,SW60C80_00828,0,development,remaining_negative,2
1412,neg_59,ARGPQLRLRF,10,829,SW60C80_00829,0,development,remaining_negative,5
1413,neg_60,TSGLIAFPRL,10,45,SW60C80_00045,0,development,remaining_negative,5
1414,neg_61,KRPPGWSPLR,10,830,SW60C80_00830,0,development,remaining_negative,3
1415,neg_62,QTLIPMPRL,9,45,SW60C80_00045,0,development,remaining_negative,5
1416,neg_63,DSVGSTTAHKQQNINHLLDK,20,831,SW60C80_00831,0,development,remaining_negative,2
1417,neg_65,TPVVNPPFLQQT,12,832,SW60C80_00832,0,development,remaining_negative,3
1418,neg_66,GFIMEFAENLILRRMEDPK,19,833,SW60C80_00833,0,development,remaining_negative,4
1419,neg_67,DPYAFGL,7,53,SW60C80_00053,0,development,remaining_negative,1
1420,neg_68,GVLDAFRKIATVVKNVV,17,834,SW60C80_00834,0,development,remaining_negative,2
1421,neg_69,ASEDTAEAAAPSA,13,835,SW60C80_00835,0,development,remaining_negative,5
1422,neg_70,RLCIPYIIPC,10,836,SW60C80_00836,0,development,remaining_negative,2
1423,neg_71,LSLQEFLGLWR,11,837,SW60C80_00837,0,development,remaining_negative,4
1424,neg_72,GCEWDSWC,8,838,SW60C80_00838,0,development,remaining_negative,5
1425,neg_73,FLSLIPKIAGGIASLVKDL,19,839,SW60C80_00839,0,development,remaining_negative,4
1426,neg_74,KPCCSIHDNSCCGI,14,840,SW60C80_00840,0,development,remaining_negative,5
1427,neg_75,EGKAIGLAKPRMDST,15,841,SW60C80_00841,0,development,remaining_negative,1
1428,neg_78,AKAGVNKPELLP,12,842,SW60C80_00842,0,development,remaining_negative,2
1429,neg_79,DVTFSMLGANGATYYQFF,18,843,SW60C80_00843,0,development,remaining_negative,3
1430,neg_80,FLSAIASMLGKFL,13,839,SW60C80_00839,0,development,remaining_negative,4
1431,neg_81,TPNRDFMRF,9,53,SW60C80_00053,0,development,remaining_negative,1
1432,neg_82,FLPFLASLLTKVL,13,839,SW60C80_00839,0,development,remaining_negative,4
1433,neg_83,TPQIQKPAPQFSKTALLPDE,20,844,SW60C80_00844,0,development,remaining_negative,5
1434,neg_84,PAQPFRFPKHPQGPQTRPPI,20,845,SW60C80_00845,0,development,remaining_negative,1
1435,neg_86,YDDGSYKPHIYGF,13,846,SW60C80_00846,0,development,remaining_negative,2
1436,neg_87,HTAADLLR,8,847,SW60C80_00847,0,development,remaining_negative,3
1437,neg_88,VYGMLFKFL,9,848,SW60C80_00848,0,development,remaining_negative,4
1438,neg_89,MKKVHVLGAGTMGAGI,16,849,SW60C80_00849,0,development,remaining_negative,4
1439,neg_90,DLVFYCPKCTAERQTACPKL,20,850,SW60C80_00850,0,development,remaining_negative,5
1440,neg_91,MDTPSRYWLTILSSRINS,18,851,SW60C80_00851,0,development,remaining_negative,4
1441,neg_93,DVVASSTAHKQQDINHLLDK,20,831,SW60C80_00831,0,development,remaining_negative,2
1442,neg_95,VVKQGLLAGRIPGL,14,852,SW60C80_00852,0,development,remaining_negative,1
1443,neg_96,RLCIPVIFPC,10,836,SW60C80_00836,0,development,remaining_negative,2
1444,neg_97,IKIMDILAKLGKVLAHV,17,853,SW60C80_00853,0,development,remaining_negative,2
1445,neg_98,CCRLACGLGCHPCC,14,787,SW60C80_00787,0,development,remaining_negative,2
1446,neg_99,GCCSHPPCNVNNPHICG,17,854,SW60C80_00854,0,development,remaining_negative,3
1447,neg_100,SGLQFAVLDGQGFLPFPRV,19,855,SW60C80_00855,0,development,remaining_negative,5
1448,neg_101,LRLKSIVSYAKKVL,14,856,SW60C80_00856,0,development,remaining_negative,2
1449,neg_102,GRPNPVNNKPTPHPRL,16,857,SW60C80_00857,0,development,remaining_negative,3
1450,neg_103,GPSAFLRL,8,45,SW60C80_00045,0,development,remaining_negative,5
1451,neg_104,DITEVIAAGR,10,858,SW60C80_00858,0,development,remaining_negative,5
1452,neg_105,QKKDKKDKFYGLF,13,53,SW60C80_00053,0,development,remaining_negative,1
1453,neg_106,GLLDFLKAAGKGLVTNL,17,859,SW60C80_00859,0,development,remaining_negative,1
1454,neg_107,APPGFTPFRIY,11,830,SW60C80_00830,0,development,remaining_negative,3
1455,neg_108,APIVSGGYDF,10,860,SW60C80_00860,0,development,remaining_negative,2
1456,neg_109,IDCGTVMIPSECDPKSS,17,861,SW60C80_00861,0,development,remaining_negative,3
1457,neg_110,FLVMFLSG,8,862,SW60C80_00862,0,development,remaining_negative,4
1458,neg_111,RPKPQQFFGLM,11,53,SW60C80_00053,0,development,remaining_negative,1
1459,neg_112,VVGCPWQPWC,10,838,SW60C80_00838,0,development,remaining_negative,5
1460,neg_113,GCPWMPWC,8,838,SW60C80_00838,0,development,remaining_negative,5
1461,neg_115,AKITFTNNHPRTIWP,15,863,SW60C80_00863,0,development,remaining_negative,5
1462,neg_116,GTSGLISFPRT,11,45,SW60C80_00045,0,development,remaining_negative,5
1463,neg_117,GSTTAESAALR,11,864,SW60C80_00864,0,development,remaining_negative,1
1464,neg_118,IANVFAVDIHPAAR,14,865,SW60C80_00865,0,development,remaining_negative,2
1465,neg_119,LRCTFGRTVK,10,866,SW60C80_00866,0,development,remaining_negative,3
1466,neg_120,SYNEQFFGPGTRLTVL,16,867,SW60C80_00867,0,development,remaining_negative,4
1467,neg_121,DLAGEIHGLSNVK,13,868,SW60C80_00868,0,development,remaining_negative,4
1468,neg_122,LQVDYLVLEVA,11,869,SW60C80_00869,0,development,remaining_negative,5
1469,neg_123,SDCACLHALGHVAR,14,870,SW60C80_00870,0,development,remaining_negative,1
1470,neg_124,YDKKVDSIILFGVNG,15,871,SW60C80_00871,0,development,remaining_negative,2
1471,neg_125,TSFTLYMR,8,872,SW60C80_00872,0,development,remaining_negative,3
1472,neg_126,AWKLFDDGV,9,873,SW60C80_00873,0,development,remaining_negative,4
1473,neg_127,PPGFTPFRIY,10,830,SW60C80_00830,0,development,remaining_negative,3
1474,neg_128,GVLSLLKKFTMILKHVHVN,19,874,SW60C80_00874,0,development,remaining_negative,3
1475,neg_129,EGGSSGEASGMWFGPRL,17,785,SW60C80_00785,0,development,remaining_negative,2
1476,neg_130,LLGMIPVAISAINLMKL,17,875,SW60C80_00875,0,development,remaining_negative,2
1477,neg_131,FLFQPQRF,8,876,SW60C80_00876,0,development,remaining_negative,5
1478,neg_132,KPNPERFYAPM,11,53,SW60C80_00053,0,development,remaining_negative,1
1479,neg_133,FLSLIPHAINAVSALVHHF,19,875,SW60C80_00875,0,development,remaining_negative,2
1480,neg_134,GPETAFFRL,9,45,SW60C80_00045,0,development,remaining_negative,5
1481,neg_135,GYIAYVHQNELVKR,14,877,SW60C80_00877,0,development,remaining_negative,1
1482,neg_136,PAPETNYLRDP,11,878,SW60C80_00878,0,development,remaining_negative,3
1483,neg_137,PDMYAFGL,8,53,SW60C80_00053,0,development,remaining_negative,1
1484,neg_138,NNRSPQLRLRF,11,829,SW60C80_00829,0,development,remaining_negative,5
1485,neg_140,FLSLIPHAINAISAIADHF,19,875,SW60C80_00875,0,development,remaining_negative,2
1486,neg_141,DRPYSFGL,8,53,SW60C80_00053,0,development,remaining_negative,1
1487,neg_142,GSSGIIPFPRV,11,45,SW60C80_00045,0,development,remaining_negative,5
1488,neg_143,SSEAAPEEKVAILGA,15,879,SW60C80_00879,0,development,remaining_negative,2
1489,neg_144,AQRSPSLRLRF,11,829,SW60C80_00829,0,development,remaining_negative,5
1490,neg_145,RICTAIPLPMCL,12,880,SW60C80_00880,0,development,remaining_negative,5
1491,neg_146,AELPQGLWVRPRL,13,881,SW60C80_00881,0,development,remaining_negative,3
1492,neg_147,SGCCSNPACRVNNPNIC,17,854,SW60C80_00854,0,development,remaining_negative,3
1493,neg_148,MCKYFIKIVSKSAKK,15,882,SW60C80_00882,0,development,remaining_negative,3
1494,neg_149,DAQEKRQPWLPFG,13,883,SW60C80_00883,0,development,remaining_negative,5
1495,neg_150,SDYSRKRDPPQKYEEE,16,884,SW60C80_00884,0,development,remaining_negative,4
1496,neg_151,GASGLIAFPRL,11,45,SW60C80_00045,0,development,remaining_negative,5
1497,neg_152,AEVQDKGEFLAEGGGVR,17,885,SW60C80_00885,0,development,remaining_negative,3
1498,neg_153,RPPGFSPFRVD,11,830,SW60C80_00830,0,development,remaining_negative,3
1499,neg_154,GLSLSFAPK,9,646,SW60C80_00646,0,development,remaining_negative,3
1500,neg_155,ADTGDGDFITEGGGVR,16,885,SW60C80_00885,0,development,remaining_negative,3
1501,neg_156,LKDAQSRITK,10,886,SW60C80_00886,0,development,remaining_negative,5
1502,neg_157,AQPPQQADFL,10,887,SW60C80_00887,0,development,remaining_negative,5
1503,neg_158,QNWPHPPMPP,10,53,SW60C80_00053,0,development,remaining_negative,1
1504,neg_159,DINGGGATLPQALYQTSGVL,20,888,SW60C80_00888,0,development,remaining_negative,2
1505,neg_160,KEGYLFGSRG,10,889,SW60C80_00889,0,development,remaining_negative,4
1506,neg_161,GFVALLKKLPLILKHLH,17,874,SW60C80_00874,0,development,remaining_negative,3
1507,neg_162,QPNPDEFFGLM,11,53,SW60C80_00053,0,development,remaining_negative,1
1508,neg_163,PALIPFPRV,9,287,SW60C80_00287,0,development,remaining_negative,1
1509,neg_165,TESLVLSPAPAKPKRA,16,890,SW60C80_00890,0,development,remaining_negative,1
1510,neg_166,ILGKLLSTAAGLLSNL,16,891,SW60C80_00891,0,development,remaining_negative,2
1511,neg_167,GRGGSSNYVRL,11,892,SW60C80_00892,0,development,remaining_negative,4
1512,neg_168,AKEKIHINIVVIGHV,15,893,SW60C80_00893,0,development,remaining_negative,3
1513,neg_170,ANRPVYIPPPRPPHPRL,17,894,SW60C80_00894,0,development,remaining_negative,3
1514,neg_171,FCCPFIRYCCW,11,895,SW60C80_00895,0,development,remaining_negative,4
1515,neg_172,AKELLDSDGIILRNGANYYI,20,896,SW60C80_00896,0,development,remaining_negative,5
1516,neg_173,CCELPCHGCVPCCWP,15,787,SW60C80_00787,0,development,remaining_negative,2
1517,neg_174,EDGSDAVSGEFLAEGGGVR,19,885,SW60C80_00885,0,development,remaining_negative,3
1518,neg_177,GPPYDFGM,8,53,SW60C80_00053,0,development,remaining_negative,1
1519,neg_178,LPLRF,5,13,SW60C80_00013,0,development,remaining_negative,1
1520,neg_179,FKCMSEWYW,9,897,SW60C80_00897,0,development,remaining_negative,1
1521,neg_180,FLRF,4,108,SW60C80_00108,0,development,remaining_negative,4
1522,neg_181,GVFTFEDESTSTVAPAKLYK,20,795,SW60C80_00795,0,development,remaining_negative,5
1523,neg_182,PDNFMRF,7,53,SW60C80_00053,0,development,remaining_negative,1
1524,neg_183,ARYGKSPYLYPLGY,14,898,SW60C80_00898,0,development,remaining_negative,2
1525,neg_184,ADEGFSATVRNGAV,14,899,SW60C80_00899,0,development,remaining_negative,3
1526,neg_186,VPPIGWF,7,900,SW60C80_00900,0,development,remaining_negative,3
1527,neg_188,ATFFDPQPRLLAD,13,901,SW60C80_00901,0,development,remaining_negative,4
1528,neg_189,SNSLFEEVRPIVNGMDCKLG,20,902,SW60C80_00902,0,development,remaining_negative,5
1529,neg_190,EDPVRFNLG,9,903,SW60C80_00903,0,development,remaining_negative,1
1530,neg_192,CYISNCPIG,9,904,SW60C80_00904,0,development,remaining_negative,2
1531,neg_193,EEVQETVNLKYEYSVYR,17,905,SW60C80_00905,0,development,remaining_negative,2
1532,neg_194,AMTEELEAVENNGVR,15,906,SW60C80_00906,0,development,remaining_negative,3
1533,neg_195,MKCNECNRVQLKEGSVSLTL,20,907,SW60C80_00907,0,development,remaining_negative,4
1534,neg_197,MHLQLIKDNIHSVVICYT,18,908,SW60C80_00908,0,development,remaining_negative,5
1535,neg_198,MLVGKKVQTF,10,909,SW60C80_00909,0,development,remaining_negative,1
1536,neg_199,ADPRNPLEECFRETD,15,910,SW60C80_00910,0,development,remaining_negative,2
1537,neg_201,YDPSPLQDFCIAD,13,911,SW60C80_00911,0,development,remaining_negative,3
1538,neg_202,FDDYGHMRF,9,912,SW60C80_00912,0,development,remaining_negative,2
1539,neg_203,KCCMRPICTCPCCIG,15,913,SW60C80_00913,0,development,remaining_negative,5
1540,neg_204,SKDNQKNYIPLIVPFAT,17,914,SW60C80_00914,0,development,remaining_negative,3
1541,neg_205,FLSAITSILGKFF,13,839,SW60C80_00839,0,development,remaining_negative,4
1542,neg_206,VQIFVRDNNVDQALKALK,18,915,SW60C80_00915,0,development,remaining_negative,4
1543,neg_207,TDAVADGEHAISGVVDS,17,811,SW60C80_00811,0,development,remaining_negative,4
1544,neg_208,APSLRLRF,8,916,SW60C80_00916,0,development,remaining_negative,5
1545,neg_209,APGDRIYVHPF,11,917,SW60C80_00917,0,development,remaining_negative,1
1546,neg_210,GGSSGLIAFPRL,12,45,SW60C80_00045,0,development,remaining_negative,5
1547,neg_211,ISAVKEMTVRDALNSA,16,918,SW60C80_00918,0,development,remaining_negative,2
1548,neg_212,TSMGFQGVR,9,53,SW60C80_00053,0,development,remaining_negative,1
1549,neg_214,DCCPIAGCPFGCTICC,16,787,SW60C80_00787,0,development,remaining_negative,2
1550,neg_215,GPNGKSQSIIVGPWGDRVTN,20,919,SW60C80_00919,0,development,remaining_negative,5
1551,neg_216,SKQCCHLAACRFGCTPCCW,19,787,SW60C80_00787,0,development,remaining_negative,2
1552,neg_218,AGPYSFGL,8,53,SW60C80_00053,0,development,remaining_negative,1
1553,neg_219,QDVDHVFLRF,10,53,SW60C80_00053,0,development,remaining_negative,1
1554,neg_220,LSPTQDFMRF,10,53,SW60C80_00053,0,development,remaining_negative,1
1555,neg_221,PSYKLHYFDLRAAGE,15,920,SW60C80_00920,0,development,remaining_negative,3
1556,neg_222,AGDKPGDALLDEWLG,15,921,SW60C80_00921,0,development,remaining_negative,4
1557,neg_223,FPPWE,5,900,SW60C80_00900,0,development,remaining_negative,3
1558,neg_224,GGNDFMRF,8,53,SW60C80_00053,0,development,remaining_negative,1
1559,neg_225,KLQLPTLDDPVPIGIAPAIT,20,922,SW60C80_00922,0,development,remaining_negative,5
1560,neg_226,LNPFRWVINKYREWKNKKDS,20,923,SW60C80_00923,0,development,remaining_negative,2
1561,neg_227,SPVAASYRATAGLAGKALDF,20,924,SW60C80_00924,0,development,remaining_negative,1
1562,neg_228,SCLEYGHSCWGAH,13,925,SW60C80_00925,0,development,remaining_negative,2
1563,neg_229,QNWPSPKVPP,10,53,SW60C80_00053,0,development,remaining_negative,1
1564,neg_230,MLNAVDAKLTTDFGQR,16,926,SW60C80_00926,0,development,remaining_negative,3
1565,neg_231,TDVDHVFLRF,10,53,SW60C80_00053,0,development,remaining_negative,1
1566,neg_232,GSGGSGEANGMWFGPRL,17,785,SW60C80_00785,0,development,remaining_negative,2
1567,neg_233,QQDYGTGWMDF,11,927,SW60C80_00927,0,development,remaining_negative,3
1568,neg_234,FIGPIISALASLFG,14,928,SW60C80_00928,0,development,remaining_negative,2
1569,neg_235,MALNLQDKQAIVAEVSEVAK,20,929,SW60C80_00929,0,development,remaining_negative,4
1570,neg_236,GTLGNLPAPFPG,12,930,SW60C80_00930,0,development,remaining_negative,5
1571,neg_237,TKSPDCGGILSPSGLSYFA,19,931,SW60C80_00931,0,development,remaining_negative,1
1572,neg_238,QQDYTGWFDF,10,927,SW60C80_00927,0,development,remaining_negative,3
1573,neg_239,DSPAGVSDAQKQ,12,932,SW60C80_00932,0,development,remaining_negative,2
1574,neg_240,SASSGESSGMWFGPRL,16,785,SW60C80_00785,0,development,remaining_negative,2
1575,neg_241,SGLLINQPKYSWLKELGL,18,933,SW60C80_00933,0,development,remaining_negative,3
1576,neg_242,VDKPDYRPRPWPRNMI,16,934,SW60C80_00934,0,development,remaining_negative,4
1577,neg_243,KCCMRPICMCPCC,13,913,SW60C80_00913,0,development,remaining_negative,5
1578,neg_244,FFPIILGLVPKLVCLITKKC,20,935,SW60C80_00935,0,development,remaining_negative,4
1579,neg_245,INWKKIAEVGGKILSSL,17,936,SW60C80_00936,0,development,remaining_negative,4
1580,neg_247,GILDIAKKLVGGIRNVLGI,19,937,SW60C80_00937,0,development,remaining_negative,3
1581,neg_248,KWCFRVCYRGICYRRCR,17,827,SW60C80_00827,0,development,remaining_negative,3
1582,neg_249,GSTSECFWKYCV,12,790,SW60C80_00790,0,development,remaining_negative,4
1583,neg_250,GPESAFLRL,9,45,SW60C80_00045,0,development,remaining_negative,5
1584,neg_251,SVNTKNDFMRF,11,53,SW60C80_00053,0,development,remaining_negative,1
1585,neg_252,SFYACTNGCWVKPGGGCQC,19,938,SW60C80_00938,0,development,remaining_negative,5
1586,neg_253,EVEMLGDELRTLNQNLGLMR,20,939,SW60C80_00939,0,development,remaining_negative,1
1587,neg_254,CFISDCAPG,9,940,SW60C80_00940,0,development,remaining_negative,4
1588,neg_255,GCPWDSWC,8,838,SW60C80_00838,0,development,remaining_negative,5
1589,neg_256,MEVGKLGKPYPLLNLAYVGV,20,941,SW60C80_00941,0,development,remaining_negative,2
1590,neg_257,EAYAFGL,7,53,SW60C80_00053,0,development,remaining_negative,1
1591,neg_258,FESFFL,6,942,SW60C80_00942,0,development,remaining_negative,3
1592,neg_259,APPGFTPF,8,830,SW60C80_00830,0,development,remaining_negative,3
1593,neg_260,LSDYDEEEDERAKATLDAR,19,943,SW60C80_00943,0,development,remaining_negative,4
1594,neg_261,GRNGKSQSIIVGPWGDRVTN,20,919,SW60C80_00919,0,development,remaining_negative,5
1595,neg_263,APGQDFMRF,9,53,SW60C80_00053,0,development,remaining_negative,1
1596,neg_264,GGNTECFWKYCV,12,790,SW60C80_00790,0,development,remaining_negative,4
1597,neg_265,FLSLIPAAISAVSALADHF,19,875,SW60C80_00875,0,development,remaining_negative,2
1598,neg_266,QNWPHPQIPP,10,53,SW60C80_00053,0,development,remaining_negative,1
1599,neg_267,QLNYSPDW,8,800,SW60C80_00800,0,development,remaining_negative,3
1600,neg_268,VNSTYIGYAPIDDPK,15,944,SW60C80_00944,0,development,remaining_negative,4
1601,neg_269,GLLDALSGILGL,12,839,SW60C80_00839,0,development,remaining_negative,4
1602,neg_270,LVVELAPMEIR,11,945,SW60C80_00945,0,development,remaining_negative,5
1603,neg_271,GLGNNAFVGVR,11,588,SW60C80_00588,0,development,remaining_negative,1
1604,neg_272,APACVGFQGMR,11,53,SW60C80_00053,0,development,remaining_negative,1
1605,neg_273,IGDIWSGIQG,10,946,SW60C80_00946,0,development,remaining_negative,4
1606,neg_274,DMHDFFVGLM,10,947,SW60C80_00947,0,development,remaining_negative,1
1607,neg_275,CFIRNCPP,8,940,SW60C80_00940,0,development,remaining_negative,4
1608,neg_276,AVGNEVFANR,10,215,SW60C80_00215,0,development,remaining_negative,5
1609,neg_279,TDVKESEFIAEGAVGR,16,885,SW60C80_00885,0,development,remaining_negative,3
1610,neg_280,VPPGFTPFRVD,11,830,SW60C80_00830,0,development,remaining_negative,3
1611,neg_281,SNDIYFNFQR,10,948,SW60C80_00948,0,development,remaining_negative,2
1612,neg_283,GKPRPQQVPPRPPHPRL,17,894,SW60C80_00894,0,development,remaining_negative,3
1613,neg_284,QGGGPQWAVGHFM,13,949,SW60C80_00949,0,development,remaining_negative,3
1614,neg_285,QFRPSYQIPP,10,53,SW60C80_00053,0,development,remaining_negative,1
1615,neg_286,QGPWMEEEEAAYGWMDF,17,950,SW60C80_00950,0,development,remaining_negative,4
1616,neg_287,KPEEDWGHK,9,951,SW60C80_00951,0,development,remaining_negative,2
1617,neg_288,FLSLIPHAINAVSAIAKHS,19,875,SW60C80_00875,0,development,remaining_negative,2
1618,neg_289,SDPAGGEFLAEGGGVR,16,885,SW60C80_00885,0,development,remaining_negative,3
1619,neg_290,MQLTPPEVEK,10,952,SW60C80_00952,0,development,remaining_negative,5
1620,neg_291,SLEDIEHEVEELLR,14,953,SW60C80_00953,0,development,remaining_negative,1
1621,neg_292,DPAFSSWG,8,954,SW60C80_00954,0,development,remaining_negative,5
1622,neg_293,AGVPFNTKTPYGPT,14,955,SW60C80_00955,0,development,remaining_negative,2
1623,neg_294,QEKPYWPPPIYPM,13,956,SW60C80_00956,0,development,remaining_negative,3
1624,neg_295,INIKDILAKLVKVLGHV,17,853,SW60C80_00853,0,development,remaining_negative,2
1625,neg_296,SPVISYDKT,9,957,SW60C80_00957,0,development,remaining_negative,3
1626,neg_298,PRGSPRTEYEAARR,14,958,SW60C80_00958,0,development,remaining_negative,4
1627,neg_299,VDEQLPRTIMNIFEK,15,959,SW60C80_00959,0,development,remaining_negative,5
1628,neg_300,KVHGSLARAGK,11,960,SW60C80_00960,0,development,remaining_negative,1
1629,neg_301,QNGPRPIGIPP,11,53,SW60C80_00053,0,development,remaining_negative,1
1630,neg_302,QKKDKKDKF,9,961,SW60C80_00961,0,development,remaining_negative,3
1631,neg_303,EDTGTFEEGHGGVR,14,962,SW60C80_00962,0,development,remaining_negative,2
1632,neg_304,ASLVTSFEEA,10,963,SW60C80_00963,0,development,remaining_negative,3
1633,neg_305,DPAFNSWG,8,954,SW60C80_00954,0,development,remaining_negative,5
1634,neg_307,SLSINTNTSEMIALQTLDA,19,964,SW60C80_00964,0,development,remaining_negative,4
1635,neg_308,GSFFATPDDRH,11,965,SW60C80_00965,0,development,remaining_negative,5
1636,neg_309,GSPGLIPFGRS,11,45,SW60C80_00045,0,development,remaining_negative,5
1637,neg_310,KQTENLADTY,10,966,SW60C80_00966,0,development,remaining_negative,1
1638,neg_311,GPPYQPLVPR,10,967,SW60C80_00967,0,development,remaining_negative,2
1639,neg_312,EWEEWLLA,8,968,SW60C80_00968,0,development,remaining_negative,3
1640,neg_313,DSSVLTSEYPR,11,45,SW60C80_00045,0,development,remaining_negative,5
1641,neg_314,FFSMIPKIATGIASLVKDL,19,839,SW60C80_00839,0,development,remaining_negative,4
1642,neg_315,ECCHRQLLCCLRFV,14,969,SW60C80_00969,0,development,remaining_negative,4
1643,neg_316,RGSNLTIHPLRNTNDIDY,18,970,SW60C80_00970,0,development,remaining_negative,2
1644,neg_317,FLSLIPHAINAVSAIAKHN,19,875,SW60C80_00875,0,development,remaining_negative,2
1645,neg_318,GVGDLIRKAVAAIKNIV,17,971,SW60C80_00971,0,development,remaining_negative,5
1646,neg_319,GPLTILHINDVHAAFEQFNT,20,972,SW60C80_00972,0,development,remaining_negative,5
1647,neg_320,GIGSALAKAAKLIEGMV,17,973,SW60C80_00973,0,development,remaining_negative,2
1648,neg_321,EYPVVFVKGLFPGKG,15,974,SW60C80_00974,0,development,remaining_negative,1
1649,neg_322,EEGGSPPPVVI,11,975,SW60C80_00975,0,development,remaining_negative,2
1650,neg_323,FLAKNVAKKLVSHVAKKQLE,20,976,SW60C80_00976,0,development,remaining_negative,2
1651,neg_324,LKCNKLVPLFYKTCPAGKNL,20,977,SW60C80_00977,0,development,remaining_negative,4
1652,neg_325,AEYPNDVNLTVYWDP,15,978,SW60C80_00978,0,development,remaining_negative,3
1653,neg_326,DSCCIEQHCCD,11,979,SW60C80_00979,0,development,remaining_negative,5
1654,neg_329,VGEAFWSAEEQK,12,980,SW60C80_00980,0,development,remaining_negative,4
1655,neg_330,TPGQDFMRF,9,53,SW60C80_00053,0,development,remaining_negative,1
1656,neg_331,FLPIIAKLVSGLL,13,839,SW60C80_00839,0,development,remaining_negative,4
1657,neg_332,AIDYDEDEDGRPKVHVDAR,19,943,SW60C80_00943,0,development,remaining_negative,4
1658,neg_333,HNPASFIGLM,10,53,SW60C80_00053,0,development,remaining_negative,1
1659,neg_335,CYIQNCPRG,9,904,SW60C80_00904,0,development,remaining_negative,2
1660,neg_336,VRPYLVAFYESH,12,981,SW60C80_00981,0,development,remaining_negative,5
1661,neg_337,QPWLPFV,7,982,SW60C80_00982,0,development,remaining_negative,3
1662,neg_338,CCEWPCHHGCIPCCY,15,787,SW60C80_00787,0,development,remaining_negative,2
1663,neg_339,QTCCGYRMCVPC,12,983,SW60C80_00983,0,development,remaining_negative,3
1664,neg_341,GPIPWQR,7,984,SW60C80_00984,0,development,remaining_negative,1
1665,neg_342,TVKVTVTGAAGQIGYALLFR,20,985,SW60C80_00985,0,development,remaining_negative,4
1666,neg_343,AGPYAFGL,8,53,SW60C80_00053,0,development,remaining_negative,1
1667,neg_344,ANDPDFPYTVQANRP,15,986,SW60C80_00986,0,development,remaining_negative,2
1668,neg_345,AAAPDIPIANVNA,13,987,SW60C80_00987,0,development,remaining_negative,3
1669,neg_346,GLVSNLGI,8,839,SW60C80_00839,0,development,remaining_negative,4
1670,neg_347,CCKQSCTTCMPCCW,14,787,SW60C80_00787,0,development,remaining_negative,2
1671,neg_348,AGQNTES,7,988,SW60C80_00988,0,development,remaining_negative,4
1672,neg_349,APPGFTPFRIA,11,830,SW60C80_00830,0,development,remaining_negative,3
1673,neg_350,YVMGHFRWDKF,11,989,SW60C80_00989,0,development,remaining_negative,5
1674,neg_351,EGCCSNPACRTNHPEVCD,18,854,SW60C80_00854,0,development,remaining_negative,3
1675,neg_352,GSSGLIAFPRL,11,45,SW60C80_00045,0,development,remaining_negative,5
1676,neg_353,MNRVQFNHHHHHHPD,15,990,SW60C80_00990,0,development,remaining_negative,5
1677,neg_354,RQQPFVPRL,9,991,SW60C80_00991,0,development,remaining_negative,4
1678,neg_355,MEPDPTPLPRRRLKLFR,17,992,SW60C80_00992,0,development,remaining_negative,2
1679,neg_356,GAYFDGFDVPCVPRRDDC,18,993,SW60C80_00993,0,development,remaining_negative,1
1680,neg_357,DRTPALRLRF,10,829,SW60C80_00829,0,development,remaining_negative,5
1681,neg_358,AVNVDDPSK,9,994,SW60C80_00994,0,development,remaining_negative,2
1682,neg_359,MKLIAKTRILNTLVFSAAGK,20,995,SW60C80_00995,0,development,remaining_negative,3
1683,neg_360,QARPRHPKIPP,11,53,SW60C80_00053,0,development,remaining_negative,1
1684,neg_361,GPSGFYGVR,9,53,SW60C80_00053,0,development,remaining_negative,1
1685,neg_362,FLSLIPHAINAVSALAKHF,19,875,SW60C80_00875,0,development,remaining_negative,2
1686,neg_363,APVPGLSPFRVV,12,830,SW60C80_00830,0,development,remaining_negative,3
1687,neg_364,QPWLPFR,7,982,SW60C80_00982,0,development,remaining_negative,3
1688,neg_365,SLNTKNDFMRF,11,53,SW60C80_00053,0,development,remaining_negative,1
1689,neg_366,RPPGFSPFRIAPASSL,16,996,SW60C80_00996,0,development,remaining_negative,3
1690,neg_367,CYFRNCPIG,9,904,SW60C80_00904,0,development,remaining_negative,2
1691,neg_368,INWKAILGKIGKAAAAVI,18,997,SW60C80_00997,0,development,remaining_negative,4
1692,neg_369,MRLSANRQGNTCAGRSVNA,19,998,SW60C80_00998,0,development,remaining_negative,5
1693,neg_370,EGANSNEAKGMWFGPRL,17,785,SW60C80_00785,0,development,remaining_negative,2
1694,neg_371,KPRPHQFFGLM,11,53,SW60C80_00053,0,development,remaining_negative,1
1695,neg_372,PAPDSSFIRDP,11,878,SW60C80_00878,0,development,remaining_negative,3
1696,neg_373,PFDRISNSAFSDF,13,999,SW60C80_00999,0,development,remaining_negative,2
1697,neg_374,NVRFDLSGATSSSYKTFIKN,20,1000,SW60C80_01000,0,development,remaining_negative,1
1698,neg_375,SRPYSFGL,8,53,SW60C80_00053,0,development,remaining_negative,1
1699,neg_376,IDWKKLLDAAKQIL,14,1001,SW60C80_01001,0,development,remaining_negative,4
1700,neg_377,MLRNRARRLDYKIMR,15,1002,SW60C80_01002,0,development,remaining_negative,2
1701,neg_378,GCCSDPRCKHQC,12,1003,SW60C80_01003,0,development,remaining_negative,3
1702,neg_379,FLPLLLAGLPKLLCLFFKKC,20,1004,SW60C80_01004,0,development,remaining_negative,5
1703,neg_381,KNEFIRF,7,53,SW60C80_00053,0,development,remaining_negative,1
1704,neg_382,YKSDSFYGLM,10,53,SW60C80_00053,0,development,remaining_negative,1
1705,neg_383,DGGEPAAPLWFGPRV,15,1005,SW60C80_01005,0,development,remaining_negative,5
1706,neg_384,DEPDGVPTTQKQ,12,1006,SW60C80_01006,0,development,remaining_negative,4
1707,neg_385,DLLGTLGNLPLPFI,14,1007,SW60C80_01007,0,development,remaining_negative,3
1708,neg_386,VDKPDYRPRPWPRPN,15,934,SW60C80_00934,0,development,remaining_negative,4
1709,neg_387,MADAEDIQPLVCDNGTG,17,1008,SW60C80_01008,0,development,remaining_negative,4
1710,neg_388,QLGPPPRPQIPP,12,53,SW60C80_00053,0,development,remaining_negative,1
1711,neg_390,LLGMIPLAISAISALSKL,18,875,SW60C80_00875,0,development,remaining_negative,2
1712,neg_391,AAGLFQFPRV,10,45,SW60C80_00045,0,development,remaining_negative,5
1713,neg_392,QESGEVIIEIPR,12,1009,SW60C80_01009,0,development,remaining_negative,5
1714,neg_393,VAGKSFVPIAAGRQ,14,1010,SW60C80_01010,0,development,remaining_negative,2
1715,neg_394,GYFLFRPRN,9,1011,SW60C80_01011,0,development,remaining_negative,1
1716,neg_395,SESILIVHQQQSRSSGS,17,1012,SW60C80_01012,0,development,remaining_negative,2
1717,neg_396,APLSGFYGVR,10,53,SW60C80_00053,0,development,remaining_negative,1
1718,neg_397,DQGFNSWG,8,954,SW60C80_00954,0,development,remaining_negative,5
1719,neg_398,FLPILGKILGGLL,13,839,SW60C80_00839,0,development,remaining_negative,4
1720,neg_399,MIGINVAIFTNVQRRTVS,18,1013,SW60C80_01013,0,development,remaining_negative,3
1721,neg_400,EKGKEILGKI,10,1014,SW60C80_01014,0,development,remaining_negative,4
1722,neg_401,RIISSVAVAVAGTA,14,1015,SW60C80_01015,0,development,remaining_negative,5
1723,neg_403,MERQVFIRLRHRLEADP,17,1016,SW60C80_01016,0,development,remaining_negative,1
1724,neg_404,KGFMTPERAAEFNFR,15,1017,SW60C80_01017,0,development,remaining_negative,2
1725,neg_405,PAPESNFVRDP,11,878,SW60C80_00878,0,development,remaining_negative,3
1726,neg_406,GFFFP,5,1018,SW60C80_01018,0,development,remaining_negative,3
1727,neg_407,EPNSIWS,7,1019,SW60C80_01019,0,development,remaining_negative,4
1728,neg_408,GYLDYDEVDDNRAKLPLDAR,20,943,SW60C80_00943,0,development,remaining_negative,4
1729,neg_409,NSTMDSLLQLGR,12,1020,SW60C80_01020,0,development,remaining_negative,4
1730,neg_411,VSAKPARTPT,10,1021,SW60C80_01021,0,development,remaining_negative,2
1731,neg_412,AGQDNFMRF,9,53,SW60C80_00053,0,development,remaining_negative,1
1732,neg_414,GLLDVVGNLLGGLGL,15,839,SW60C80_00839,0,development,remaining_negative,4
1733,neg_415,KPWERL,6,1022,SW60C80_01022,0,development,remaining_negative,5
1734,neg_416,IDPKLLESLA,10,1023,SW60C80_01023,0,development,remaining_negative,1
1735,neg_417,MANIKSAIKRAKTSEK,16,1024,SW60C80_01024,0,development,remaining_negative,2
1736,neg_418,AKKTILDLKD,10,1025,SW60C80_01025,0,development,remaining_negative,3
1737,neg_419,GRADNFLRL,9,53,SW60C80_00053,0,development,remaining_negative,1
1738,neg_421,NPVVRITNGAIRGQN,15,1026,SW60C80_01026,0,development,remaining_negative,4
1739,neg_422,AKFDKFYGLM,10,53,SW60C80_00053,0,development,remaining_negative,1
1740,neg_423,SYSMEHFRWGKPV,13,1027,SW60C80_01027,0,development,remaining_negative,5
1741,neg_424,TATTRRRGRPPGFSPFR,17,1028,SW60C80_01028,0,development,remaining_negative,4
1742,neg_425,SVFAFENEQSSTIAPARLYK,20,795,SW60C80_00795,0,development,remaining_negative,5
1743,neg_426,QGGLPRPGPEIPP,13,53,SW60C80_00053,0,development,remaining_negative,1
1744,neg_427,QGRPLGPPIPP,11,53,SW60C80_00053,0,development,remaining_negative,1
1745,neg_428,AIFILAS,7,1029,SW60C80_01029,0,development,remaining_negative,1
1746,neg_429,MLMTICNRYTF,11,1030,SW60C80_01030,0,development,remaining_negative,2
1747,neg_430,CCSALCSRYHCLPCC,15,1031,SW60C80_01031,0,development,remaining_negative,3
1748,neg_431,GCCSPWNCIQLRACPCCPN,19,1032,SW60C80_01032,0,development,remaining_negative,5
1749,neg_433,YQTSSPGSNITIGPL,15,1033,SW60C80_01033,0,development,remaining_negative,1
1750,neg_434,AQPPQADFL,9,887,SW60C80_00887,0,development,remaining_negative,5
1751,neg_435,NAKPPA,6,4,SW60C80_00004,0,development,remaining_negative,4
1752,neg_436,VELQNRLSDESQ,12,1034,SW60C80_01034,0,development,remaining_negative,2
1753,neg_437,VVGGDECNINEHRSLALMYA,20,1035,SW60C80_01035,0,development,remaining_negative,4
1754,neg_438,HKINSFVGLM,10,53,SW60C80_00053,0,development,remaining_negative,1
1755,neg_439,GLADFLNKAVGKVVDFVKS,19,1036,SW60C80_01036,0,development,remaining_negative,3
1756,neg_440,WREMSVW,7,1037,SW60C80_01037,0,development,remaining_negative,3
1757,neg_441,CFVRNCPTG,9,904,SW60C80_00904,0,development,remaining_negative,2
1758,neg_442,NRQPSKYGLEETI,13,1038,SW60C80_01038,0,development,remaining_negative,4
1759,neg_443,AGPRFIRF,8,53,SW60C80_00053,0,development,remaining_negative,1
1760,neg_444,NVTELIGNTPLVELI,15,1039,SW60C80_01039,0,development,remaining_negative,5
1761,neg_445,SIGFDGLNDPDIVAR,15,1040,SW60C80_01040,0,development,remaining_negative,5
1762,neg_446,VKMELDGGVASNSR,14,1041,SW60C80_01041,0,development,remaining_negative,4
1763,neg_447,RPRPQQFFGLM,11,53,SW60C80_00053,0,development,remaining_negative,1
1764,neg_448,QARPRPGPKIPP,12,53,SW60C80_00053,0,development,remaining_negative,1
1765,neg_449,TEFATNDGGQR,11,1042,SW60C80_01042,0,development,remaining_negative,1
1766,neg_450,GMYTHEGSDP,10,1043,SW60C80_01043,0,development,remaining_negative,2
1767,neg_451,FLPFLAKILTGVL,13,839,SW60C80_00839,0,development,remaining_negative,4
1768,neg_452,MIVKRDKSIVICGSYE,16,1044,SW60C80_01044,0,development,remaining_negative,3
1769,neg_453,SVQDNFIRF,9,53,SW60C80_00053,0,development,remaining_negative,1
1770,neg_454,MDFIIDIIKKIVGLFTGK,18,1045,SW60C80_01045,0,development,remaining_negative,5
1771,neg_455,LKLLGIVKKVLGAI,14,1046,SW60C80_01046,0,development,remaining_negative,1
1772,neg_456,NQEGLFHGR,9,1047,SW60C80_01047,0,development,remaining_negative,2
1773,neg_457,GCCSHPACNVNNPHICG,17,854,SW60C80_00854,0,development,remaining_negative,3
1774,neg_458,APASGFFGMR,10,53,SW60C80_00053,0,development,remaining_negative,1
1775,neg_459,FQYDSQYDGF,10,1048,SW60C80_01048,0,development,remaining_negative,3
1776,neg_460,QSDDYGHMRF,10,912,SW60C80_00912,0,development,remaining_negative,2
1777,neg_461,TIEEVLNLPPYVVAA,15,1049,SW60C80_01049,0,development,remaining_negative,4
1778,neg_463,RPPGFTPFRKA,11,830,SW60C80_00830,0,development,remaining_negative,3
1779,neg_464,GSNTECFWKYCV,12,790,SW60C80_00790,0,development,remaining_negative,4
1780,neg_465,SMIGGVMSKG,10,1050,SW60C80_01050,0,development,remaining_negative,5
1781,neg_466,DTLKSEKNADFKDLY,15,1051,SW60C80_01051,0,development,remaining_negative,1
1782,neg_467,LGYLGTCPTNIGTGLR,16,1052,SW60C80_01052,0,development,remaining_negative,2
1783,neg_468,VLDELTADR,9,1053,SW60C80_01053,0,development,remaining_negative,3
1784,neg_469,RDCGKMCEEETWKG,14,1054,SW60C80_01054,0,development,remaining_negative,4
1785,neg_470,SVAALAAQGLLYNAPK,16,1055,SW60C80_01055,0,development,remaining_negative,5
1786,neg_471,NGERAPGSKKAPSGFLGTR,19,1056,SW60C80_01056,0,development,remaining_negative,2
1787,neg_473,SCKRECSGSKRQK,13,1057,SW60C80_01057,0,development,remaining_negative,1
1788,neg_474,RAGLKFPVGRVHRLLR,16,1058,SW60C80_01058,0,development,remaining_negative,2
1789,neg_475,TSSLFPHPRL,10,45,SW60C80_00045,0,development,remaining_negative,5
1790,neg_476,ATGQYAFGL,9,53,SW60C80_00053,0,development,remaining_negative,1
1791,neg_477,MKKSEDYSS,9,1059,SW60C80_01059,0,development,remaining_negative,3
1792,neg_478,MKKAWWKEGVVYQIY,15,1060,SW60C80_01060,0,development,remaining_negative,4
1793,neg_479,AGIGKIGDFIKKAIAKYKN,19,1061,SW60C80_01061,0,development,remaining_negative,5
1794,neg_480,VVGGDECNINE,11,1062,SW60C80_01062,0,development,remaining_negative,3
1795,neg_481,FLIGMTHGLICLISRKC,17,935,SW60C80_00935,0,development,remaining_negative,4
1796,neg_482,MQTLPKERRY,10,1063,SW60C80_01063,0,development,remaining_negative,1
1797,neg_483,YAIAGRPRF,9,1064,SW60C80_01064,0,development,remaining_negative,5
1798,neg_485,DGDDYKFGHFRWSVPL,16,1065,SW60C80_01065,0,development,remaining_negative,2
1799,neg_486,STIEVRNNSPYYSVD,15,1066,SW60C80_01066,0,development,remaining_negative,3
1800,neg_487,QRPEYPVWREKGAV,14,1067,SW60C80_01067,0,development,remaining_negative,4
1801,neg_489,MRLTQGAFSYLPDLTDAQII,20,1068,SW60C80_01068,0,development,remaining_negative,5
1802,neg_490,GGETSGEGKGMWFGPRL,17,785,SW60C80_00785,0,development,remaining_negative,2
1803,neg_492,KDGYLPGNEGCKY,13,1069,SW60C80_01069,0,development,remaining_negative,5
1804,neg_494,ADREPNHFVA,10,1070,SW60C80_01070,0,development,remaining_negative,1
1805,neg_495,NDPEVPGMWFGPRL,14,785,SW60C80_00785,0,development,remaining_negative,2
1806,neg_496,KPEEDWGRES,10,951,SW60C80_00951,0,development,remaining_negative,2
1807,neg_497,MRKYEIMYIIRPDMD,15,1071,SW60C80_01071,0,development,remaining_negative,2
1808,neg_498,AGEGLSSPFWSLAAPQRF,18,1072,SW60C80_01072,0,development,remaining_negative,3
1809,neg_499,SCTTCVCTCSCCTT,14,1073,SW60C80_01073,0,development,remaining_negative,4
1810,neg_500,SGANVLTFGAGSRLTVL,17,1074,SW60C80_01074,0,development,remaining_negative,5
1811,neg_501,DISVVGGTGDFLMAR,15,1075,SW60C80_01075,0,development,remaining_negative,1
1812,neg_502,YGETAAVYVAVESR,14,1076,SW60C80_01076,0,development,remaining_negative,2
1813,neg_503,SPLEQFSILMLIPM,14,1077,SW60C80_01077,0,development,remaining_negative,3
1814,neg_504,TSTVFSDGQR,10,1078,SW60C80_01078,0,development,remaining_negative,4
1815,neg_505,GLLSGLGL,8,839,SW60C80_00839,0,development,remaining_negative,4
1816,neg_506,MRTGNAN,7,1079,SW60C80_01079,0,development,remaining_negative,5
1817,neg_507,AEFGPSQPFKGAK,13,1080,SW60C80_01080,0,development,remaining_negative,1
1818,neg_508,GSSGMIPFPRV,11,45,SW60C80_00045,0,development,remaining_negative,5
1819,neg_509,VVGADNCNFN,10,1062,SW60C80_01062,0,development,remaining_negative,3
1820,neg_510,PHWLFFGVSVLC,12,1081,SW60C80_01081,0,development,remaining_negative,2
1821,neg_511,MSVSCWEFNAG,11,1082,SW60C80_01082,0,development,remaining_negative,3
1822,neg_513,FLSLIPSLVSGAVSLVKK,18,839,SW60C80_00839,0,development,remaining_negative,4
1823,neg_515,QPPTPPEHRFPGLM,14,1083,SW60C80_01083,0,development,remaining_negative,4
1824,neg_516,INWKGIAAMKKLL,13,1001,SW60C80_01001,0,development,remaining_negative,4
1825,neg_517,EGGGNRGDPSGVC,13,1084,SW60C80_01084,0,development,remaining_negative,5
1826,neg_518,KRKCGLCKYRCCSGG,15,1085,SW60C80_01085,0,development,remaining_negative,1
1827,neg_520,CCEWPCSHGCIPCCY,15,787,SW60C80_00787,0,development,remaining_negative,2
1828,neg_521,MVQLVDLARCVSF,13,1086,SW60C80_01086,0,development,remaining_negative,2
1829,neg_522,FLAKKVGKQLASHLAKKQLE,20,976,SW60C80_00976,0,development,remaining_negative,2
1830,neg_524,NACSSDLNSK,10,1087,SW60C80_01087,0,development,remaining_negative,4
1831,neg_525,GAPMFV,6,1088,SW60C80_01088,0,development,remaining_negative,3
1832,neg_526,SDMYSFGL,8,53,SW60C80_00053,0,development,remaining_negative,1
1833,neg_527,IGSFIINPR,9,1089,SW60C80_01089,0,development,remaining_negative,3
1834,neg_528,APLMGFQGVR,10,53,SW60C80_00053,0,development,remaining_negative,1
1835,neg_529,KAVVLGKAGGTAELPCQASQ,20,1090,SW60C80_01090,0,development,remaining_negative,4
1836,neg_530,FIGGIISLIKKLF,13,928,SW60C80_00928,0,development,remaining_negative,2
1837,neg_531,VVGGDECNINEHRSLVAIF,19,1035,SW60C80_01035,0,development,remaining_negative,4
1838,neg_533,LLSTLTDTSIKEAVATDKAP,20,1091,SW60C80_01091,0,development,remaining_negative,5
1839,neg_534,ELLSEINR,8,1092,SW60C80_01092,0,development,remaining_negative,1
1840,neg_535,GPDSAFLRL,9,45,SW60C80_00045,0,development,remaining_negative,5
1841,neg_536,FLGGLMKAFPALICAVTKKC,20,1093,SW60C80_01093,0,development,remaining_negative,5
1842,neg_537,FDIMGLIKKVAGAL,14,1094,SW60C80_01094,0,development,remaining_negative,4
1843,neg_538,LRHKVYGYCVLGP,13,1095,SW60C80_01095,0,development,remaining_negative,2
1844,neg_540,FIGLLISAGKAIHDLIRRRH,20,1096,SW60C80_01096,0,development,remaining_negative,3
1845,neg_541,DFFFDFDR,8,1097,SW60C80_01097,0,development,remaining_negative,4
1846,neg_544,CCGVPNAACHPCVCKNTC,18,1098,SW60C80_01098,0,development,remaining_negative,2
1847,neg_545,GCCSDPRCRYRC,12,1003,SW60C80_01003,0,development,remaining_negative,3
1848,neg_546,PVQSVFSATRCGAN,14,1099,SW60C80_01099,0,development,remaining_negative,5
1849,neg_547,RDSNVTILPLRNMKD,15,970,SW60C80_00970,0,development,remaining_negative,2
1850,neg_548,FGTYGHPRPRFYYNP,15,1100,SW60C80_01100,0,development,remaining_negative,1
1851,neg_549,GLLASLGKVLGGYLAEKLKP,20,1101,SW60C80_01101,0,development,remaining_negative,2
1852,neg_550,AHQLPMGTLCNFYEWYRRDD,20,1102,SW60C80_01102,0,development,remaining_negative,3
1853,neg_551,SPAFNSWG,8,954,SW60C80_00954,0,development,remaining_negative,5
1854,neg_552,MKATFVLHGWWRTS,14,1103,SW60C80_01103,0,development,remaining_negative,4
1855,neg_553,SLSIMEPIR,9,1104,SW60C80_01104,0,development,remaining_negative,4
1856,neg_554,AKSDVAELKPR,11,1105,SW60C80_01105,0,development,remaining_negative,5
1857,neg_555,EYYDDTDEEERIVSTVDAR,19,1106,SW60C80_01106,0,development,remaining_negative,1
1858,neg_556,IPLDTIAGYKE,11,1107,SW60C80_01107,0,development,remaining_negative,3
1859,neg_557,MMRLVIILIVLLLISFSAY,19,1108,SW60C80_01108,0,development,remaining_negative,4
1860,neg_558,GAVSGLLTNLGL,12,1109,SW60C80_01109,0,development,remaining_negative,2
1861,neg_559,GLFDIIKNIFSGL,13,839,SW60C80_00839,0,development,remaining_negative,4
1862,neg_560,FRGHAKGDKKNQKK,14,1110,SW60C80_01110,0,development,remaining_negative,3
1863,neg_563,MRWQLNKQQLHARLSMK,17,1111,SW60C80_01111,0,development,remaining_negative,2
1864,neg_564,DLSNLLSRVPNERSN,15,1112,SW60C80_01112,0,development,remaining_negative,3
1865,neg_565,GSSGLIAMPRV,11,45,SW60C80_00045,0,development,remaining_negative,5
1866,neg_566,FLPLFASLIGKLL,13,839,SW60C80_00839,0,development,remaining_negative,4
1867,neg_568,VIGGAEENINEHRSL,15,1113,SW60C80_01113,0,development,remaining_negative,5
1868,neg_569,GFGSVLGKALKIGANLL,17,1114,SW60C80_01114,0,development,remaining_negative,3
1869,neg_570,HECCKKGFCDPGCDCCDQ,18,1115,SW60C80_01115,0,development,remaining_negative,4
1870,neg_571,KPSGCGEQNMINFYPNVL,18,1116,SW60C80_01116,0,development,remaining_negative,5
1871,neg_572,MDPEPTPLPRWRIFLFR,17,992,SW60C80_00992,0,development,remaining_negative,2
1872,neg_573,LVPMFLSKLICFITKKC,17,935,SW60C80_00935,0,development,remaining_negative,4
1873,neg_575,WFDPLRITETTTGSVTLK,18,1117,SW60C80_01117,0,development,remaining_negative,1
1874,neg_576,QNAHPSPK,8,1118,SW60C80_01118,0,development,remaining_negative,2
1875,neg_577,AWQDLNAGW,9,1119,SW60C80_01119,0,development,remaining_negative,3
1876,neg_579,LAKRADICQPGKTSQRACET,20,1120,SW60C80_01120,0,development,remaining_negative,4
1877,neg_580,SCCARNPACRHNHPCV,16,854,SW60C80_00854,0,development,remaining_negative,3
1878,neg_581,SAQGQDFMRF,10,53,SW60C80_00053,0,development,remaining_negative,1
1879,neg_582,GTLIGQDYK,9,1121,SW60C80_01121,0,development,remaining_negative,5
1880,neg_583,LFSLVLAG,8,1122,SW60C80_01122,0,development,remaining_negative,1
1881,neg_585,FLGALVNALRGLL,13,1123,SW60C80_01123,0,development,remaining_negative,2
1882,neg_587,KSPPQALNKPLPAPSAPSL,19,1124,SW60C80_01124,0,development,remaining_negative,2
1883,neg_588,KDGYLVGNDGCKYSCNTYPK,20,805,SW60C80_00805,0,development,remaining_negative,2
1884,neg_589,ISDDIQSIIQGIF,13,1125,SW60C80_01125,0,development,remaining_negative,3
1885,neg_590,GVDSSFLRL,9,45,SW60C80_00045,0,development,remaining_negative,5
1886,neg_591,FPPWF,5,900,SW60C80_00900,0,development,remaining_negative,3
1887,neg_592,QVNFSPGWGT,10,800,SW60C80_00800,0,development,remaining_negative,3
1888,neg_594,QNCCNGGCSSKWCKGHARCC,20,1126,SW60C80_01126,0,development,remaining_negative,4
1889,neg_595,DCLPCGHDVCC,11,1127,SW60C80_01127,0,development,remaining_negative,4
1890,neg_597,VDFFA,5,1128,SW60C80_01128,0,development,remaining_negative,5
1891,neg_598,FLPIASLLGKYL,12,839,SW60C80_00839,0,development,remaining_negative,4
1892,neg_599,GFFALIPGIE,10,1129,SW60C80_01129,0,development,remaining_negative,1
1893,neg_600,DPNATIIMLGTGTGIAPFR,19,1130,SW60C80_01130,0,development,remaining_negative,2
1894,neg_601,ASGENQAELKLATHNVYML,19,1131,SW60C80_01131,0,development,remaining_negative,3
1895,neg_602,MADAEDIQPLVCD,13,1132,SW60C80_01132,0,development,remaining_negative,4
1896,neg_603,EKSCITWRNSCVHND,15,1133,SW60C80_01133,0,development,remaining_negative,5
1897,neg_604,NEQSGKSQTVIVGSWGAKVS,20,919,SW60C80_00919,0,development,remaining_negative,5
1898,neg_605,SCSCQKHFSCCD,12,1134,SW60C80_01134,0,development,remaining_negative,3
1899,neg_606,VIDVNDEW,8,1135,SW60C80_01135,0,development,remaining_negative,1
1900,neg_607,VSTLLPVVAAEEPA,14,1136,SW60C80_01136,0,development,remaining_negative,2
1901,neg_608,MGIFSIFVISTVHYQPNKK,19,1137,SW60C80_01137,0,development,remaining_negative,3
1902,neg_609,VSGSGIMAKRVVVDA,15,1138,SW60C80_01138,0,development,remaining_negative,4
1903,neg_611,MAPPRTSTS,9,1139,SW60C80_01139,0,development,remaining_negative,5
1904,neg_612,QPSKDAFIGLM,11,53,SW60C80_00053,0,development,remaining_negative,1
1905,neg_613,GSPKYCHLPADPGPC,15,1140,SW60C80_01140,0,development,remaining_negative,1
1906,neg_614,MLHCKGNNL,9,1141,SW60C80_01141,0,development,remaining_negative,2
1907,neg_616,VDKPDYRPRPRPPNM,15,934,SW60C80_00934,0,development,remaining_negative,4
1908,neg_617,FGETSGETKGMWFGPRL,17,785,SW60C80_00785,0,development,remaining_negative,2
1909,neg_618,SGLDSLSGATFGGNR,15,1142,SW60C80_01142,0,development,remaining_negative,3
1910,neg_619,MEKGYYDLES,10,1143,SW60C80_01143,0,development,remaining_negative,4
1911,neg_620,STRTPEFLGLDNQCGVWA,18,1144,SW60C80_01144,0,development,remaining_negative,5
1912,neg_621,GSPMFV,6,1088,SW60C80_01088,0,development,remaining_negative,3
1913,neg_622,GHNKKDKKMQKK,12,1110,SW60C80_01110,0,development,remaining_negative,3
1914,neg_623,GLLDIVKKVVGAFGSL,16,839,SW60C80_00839,0,development,remaining_negative,4
1915,neg_624,AIGGLSRSFPVEAFE,15,1145,SW60C80_01145,0,development,remaining_negative,1
1916,neg_625,NQCPQAYSYAK,11,1146,SW60C80_01146,0,development,remaining_negative,2
1917,neg_626,SCCNAGFCRFGCTPCCY,17,787,SW60C80_00787,0,development,remaining_negative,2
1918,neg_627,MKQGINGFARRGRL,14,1147,SW60C80_01147,0,development,remaining_negative,3
1919,neg_629,FDLGMLVKKVLAGL,14,1148,SW60C80_01148,0,development,remaining_negative,5
1920,neg_630,FYSAPTRDNVFEL,13,1149,SW60C80_01149,0,development,remaining_negative,4
1921,neg_631,FFPIGVFCKIFKTC,14,1150,SW60C80_01150,0,development,remaining_negative,5
1922,neg_632,KPCCSIHDSSCCGI,14,840,SW60C80_00840,0,development,remaining_negative,5
1923,neg_633,GLFDIAKKVIGVIGSL,16,839,SW60C80_00839,0,development,remaining_negative,4
1924,neg_634,DGAETPGAAASLWFGPRV,18,1005,SW60C80_01005,0,development,remaining_negative,5
1925,neg_635,SLRKMHALGET,11,1151,SW60C80_01151,0,development,remaining_negative,1
1926,neg_636,KDGYPVDNANCKYE,14,1069,SW60C80_01069,0,development,remaining_negative,5
1927,neg_637,SGLQFAVLDGQGFLPFSRV,19,855,SW60C80_00855,0,development,remaining_negative,5
1928,neg_638,SVDFDSESPRKPEIQ,15,1152,SW60C80_01152,0,development,remaining_negative,2
1929,neg_639,GGCCSYPPCAVSNPQHC,17,854,SW60C80_00854,0,development,remaining_negative,3
1930,neg_640,DGVTDPLEVNVVK,13,1153,SW60C80_01153,0,development,remaining_negative,2
1931,neg_641,GLVPNLLNNLGL,12,1109,SW60C80_01109,0,development,remaining_negative,2
1932,neg_642,MMKLLIIVVLLVISFPAY,18,1108,SW60C80_01108,0,development,remaining_negative,4
1933,neg_643,EPFKISIHL,9,1154,SW60C80_01154,0,development,remaining_negative,3
1934,neg_644,GSSGLISFPRT,11,45,SW60C80_00045,0,development,remaining_negative,5
1935,neg_645,RCLFWSVCP,9,1155,SW60C80_01155,0,development,remaining_negative,4
1936,neg_648,DDASDRAKKFYGLM,14,1156,SW60C80_01156,0,development,remaining_negative,5
1937,neg_649,INWLKLGKKILGAI,14,788,SW60C80_00788,0,development,remaining_negative,2
1938,neg_650,ATLTVFFRDN,10,1157,SW60C80_01157,0,development,remaining_negative,1
1939,neg_651,FLSLIPKIAGGIASLVKNL,19,839,SW60C80_00839,0,development,remaining_negative,4
1940,neg_652,EWEPVQNGGSSYYMVPRIWA,20,1158,SW60C80_01158,0,development,remaining_negative,2
1941,neg_654,GLFDIIKKVASVVGLASP,18,1159,SW60C80_01159,0,development,remaining_negative,4
1942,neg_655,QLWPRPHIPP,10,53,SW60C80_00053,0,development,remaining_negative,1
1943,neg_656,GLFDIIKNIVSTL,13,839,SW60C80_00839,0,development,remaining_negative,4
1944,neg_657,KYPLEKFQNIG,11,1160,SW60C80_01160,0,development,remaining_negative,3
1945,neg_658,AQGDNPDKDTDGN,13,1161,SW60C80_01161,0,development,remaining_negative,4
1946,neg_659,FAQLLNDLK,9,1162,SW60C80_01162,0,development,remaining_negative,5
1947,neg_660,GLFDIVKKIAGHIVSSI,17,839,SW60C80_00839,0,development,remaining_negative,4
1948,neg_661,SPGALEDEHNDNFLRF,16,1163,SW60C80_01163,0,development,remaining_negative,2
1949,neg_662,SAPRGCWTKSYPPKPCK,17,1164,SW60C80_01164,0,development,remaining_negative,1
1950,neg_663,SNPNFILTLVNNVPYTIWPA,20,1165,SW60C80_01165,0,development,remaining_negative,2
1951,neg_664,ATDYEDEEFPGAVPPSVGAR,20,1166,SW60C80_01166,0,development,remaining_negative,3
1952,neg_665,MTYQTAIDAVRELKA,15,1167,SW60C80_01167,0,development,remaining_negative,4
1953,neg_666,LVPFLGKTLGGLLARF,16,1168,SW60C80_01168,0,development,remaining_negative,3
1954,neg_667,QGWAWPRPQIPP,12,53,SW60C80_00053,0,development,remaining_negative,1
1955,neg_668,GFLDIVKGVGLVALGAVSKS,20,1169,SW60C80_01169,0,development,remaining_negative,5
1956,neg_670,GVGYKVVVTTTAAADDDDVV,20,1170,SW60C80_01170,0,development,remaining_negative,1
1957,neg_671,DCCIIAGCPFGCTICC,16,787,SW60C80_00787,0,development,remaining_negative,2
1958,neg_672,GFGSLFKFLAKKVAK,15,1171,SW60C80_01171,0,development,remaining_negative,5
1959,neg_673,LRLDLSNLR,9,1172,SW60C80_01172,0,development,remaining_negative,2
1960,neg_674,MVLNVVLAGDFDCVRRP,17,1173,SW60C80_01173,0,development,remaining_negative,3
1961,neg_675,QGLIPFPRV,9,45,SW60C80_00045,0,development,remaining_negative,5
1962,neg_676,FLNPFRWVINKYR,13,1174,SW60C80_01174,0,development,remaining_negative,4
1963,neg_677,NLYQFKEMIRYTIP,14,1175,SW60C80_01175,0,development,remaining_negative,5
1964,neg_678,SLLEFGMMILEE,12,1176,SW60C80_01176,0,development,remaining_negative,1
1965,neg_679,TSAEVPATAQGVTHALEGTQ,20,1177,SW60C80_01177,0,development,remaining_negative,2
1966,neg_680,CYIQSCPIG,9,904,SW60C80_00904,0,development,remaining_negative,2
1967,neg_681,AAKLLLNPKFRCKAAFC,17,1178,SW60C80_01178,0,development,remaining_negative,3
1968,neg_682,AVVFDPQPALWAEADTQLEP,20,1179,SW60C80_01179,0,development,remaining_negative,4
1969,neg_683,GWFDVVKHIASAV,13,1180,SW60C80_01180,0,development,remaining_negative,5
1970,neg_685,TNVKESEFIAEGAAGR,16,885,SW60C80_00885,0,development,remaining_negative,3
1971,neg_686,AYGGDGGAYYEWSPA,15,1181,SW60C80_01181,0,development,remaining_negative,1
1972,neg_687,DSGSSRDPGASSGGC,15,1182,SW60C80_01182,0,development,remaining_negative,2
1973,neg_688,KIKEKLIEA,9,1183,SW60C80_01183,0,development,remaining_negative,3
1974,neg_689,TKATEGEFLAEGGGVR,16,885,SW60C80_00885,0,development,remaining_negative,3
1975,neg_690,AVFVILTNVYT,11,1184,SW60C80_01184,0,development,remaining_negative,4
1976,neg_691,SDNRNQGY,8,1185,SW60C80_01185,0,development,remaining_negative,5
1977,neg_692,DDPTSTFTCPGGSDYK,16,1186,SW60C80_01186,0,development,remaining_negative,1
1978,neg_694,MKAIMLVNFCDERGSGR,17,1187,SW60C80_01187,0,development,remaining_negative,2
1979,neg_695,SVDFDSESPR,10,1188,SW60C80_01188,0,development,remaining_negative,3
1980,neg_696,QDSGDGWPQQPFVPRL,16,1189,SW60C80_01189,0,development,remaining_negative,4
1981,neg_697,GSSGLISFPRN,11,45,SW60C80_00045,0,development,remaining_negative,5
1982,neg_698,ALGDQLLSVFVDHTLVDEVA,20,1190,SW60C80_01190,0,development,remaining_negative,5
1983,neg_699,ARTDNFVRL,9,53,SW60C80_00053,0,development,remaining_negative,1
1984,neg_700,SGHTKIKVAVDT,12,1191,SW60C80_01191,0,development,remaining_negative,1
1985,neg_701,FLPLIAGLLGKLF,13,839,SW60C80_00839,0,development,remaining_negative,4
1986,neg_702,LEIADLAQYVVDLTAR,16,1192,SW60C80_01192,0,development,remaining_negative,2
1987,neg_703,KPNPERFYGLM,11,53,SW60C80_00053,0,development,remaining_negative,1
1988,neg_704,FVQWFSKFLGRIL,13,1193,SW60C80_01193,0,development,remaining_negative,3
1989,neg_705,KECCTHPACHVSHPELCG,18,854,SW60C80_00854,0,development,remaining_negative,3
1990,neg_706,SKGKKANKDVELARG,15,1194,SW60C80_01194,0,development,remaining_negative,4
1991,neg_707,ATDYDEEEDDRVKVRLDAR,19,943,SW60C80_00943,0,development,remaining_negative,4
1992,neg_708,SKVENIVDELKTLTL,15,1195,SW60C80_01195,0,development,remaining_negative,5
1993,neg_710,QTCCGSKVFCC,11,1196,SW60C80_01196,0,development,remaining_negative,1
1994,neg_711,GLLDVVGNVLHSLGL,15,839,SW60C80_00839,0,development,remaining_negative,4
1995,neg_712,ADPPIHIASL,10,1197,SW60C80_01197,0,development,remaining_negative,2
1996,neg_713,LENGLLRKPPMG,12,1198,SW60C80_01198,0,development,remaining_negative,3
1997,neg_714,SGQYSFGL,8,53,SW60C80_00053,0,development,remaining_negative,1
1998,neg_715,SGYLPGKEYVYKYKGKVF,18,1199,SW60C80_01199,0,development,remaining_negative,4
1999,neg_716,IVSYPDDAGEHAHKMG,16,1200,SW60C80_01200,0,development,remaining_negative,5
2000,neg_717,CCNWPCSFGCIPCCY,15,787,SW60C80_00787,0,development,remaining_negative,2
2001,neg_718,GVLDAFKKIATVVKNLV,17,834,SW60C80_00834,0,development,remaining_negative,2
2002,neg_720,SPTLDDEHNDNFVRL,15,1163,SW60C80_01163,0,development,remaining_negative,2
2003,neg_721,ALFEESTVSAEPR,13,1201,SW60C80_01201,0,development,remaining_negative,1
2004,neg_722,FIGAILPAIAGLVGGLINR,19,1202,SW60C80_01202,0,development,remaining_negative,2
2005,neg_723,QGGWPRPGPEIPP,13,53,SW60C80_00053,0,development,remaining_negative,1
2006,neg_724,AQENETNESGSID,13,1203,SW60C80_01203,0,development,remaining_negative,2
2007,neg_726,IVPFLLGMVPKLVCLITKKC,20,935,SW60C80_00935,0,development,remaining_negative,4
2008,neg_727,NFQRDVEITWGDMRR,15,1204,SW60C80_01204,0,development,remaining_negative,3
2009,neg_728,IVRRACCSDRRCRWRCG,17,1205,SW60C80_01205,0,development,remaining_negative,4
2010,neg_729,QCGQAWC,7,1206,SW60C80_01206,0,development,remaining_negative,5
2011,neg_731,FLLSLPHLASGLASLVLSK,19,1207,SW60C80_01207,0,development,remaining_negative,1
2012,neg_732,SANAKNDFMRF,11,53,SW60C80_00053,0,development,remaining_negative,1
2013,neg_733,CIIRNCPRG,9,904,SW60C80_00904,0,development,remaining_negative,2
2014,neg_734,ALAGTIIAGASLTFKILDEV,20,1208,SW60C80_01208,0,development,remaining_negative,2
2015,neg_735,RQRHPDCDKPPDTGN,15,1209,SW60C80_01209,0,development,remaining_negative,3
2016,neg_736,QGGAPWNPIPP,11,53,SW60C80_00053,0,development,remaining_negative,1
2017,neg_737,DYMGWMDF,8,927,SW60C80_00927,0,development,remaining_negative,3
2018,neg_738,FFFLPSLIGGLVSAIK,16,839,SW60C80_00839,0,development,remaining_negative,4
2019,neg_739,ILGTILGLLKSL,12,1210,SW60C80_01210,0,development,remaining_negative,4
2020,neg_740,DHLSHDVYSPRL,12,1211,SW60C80_01211,0,development,remaining_negative,4
2021,neg_741,TNDSAGDGTTTASVLAR,17,1212,SW60C80_01212,0,development,remaining_negative,5
2022,neg_743,SDYLQLAR,8,1213,SW60C80_01213,0,development,remaining_negative,5
2023,neg_744,QCCPTMPECCRI,12,1214,SW60C80_01214,0,development,remaining_negative,1
2024,neg_745,GRGGASNYVRL,11,892,SW60C80_00892,0,development,remaining_negative,4
2025,neg_747,IVGGFTIGIDTVPY,14,1215,SW60C80_01215,0,development,remaining_negative,2
2026,neg_748,SRDIVSVYDD,10,1216,SW60C80_01216,0,development,remaining_negative,3
2027,neg_749,EGFQLMDRGTFDEIGR,16,1217,SW60C80_01217,0,development,remaining_negative,4
2028,neg_750,GGPYSYGL,8,53,SW60C80_00053,0,development,remaining_negative,1
2029,neg_751,GLEETYCSMRIKENI,15,1218,SW60C80_01218,0,development,remaining_negative,3
2030,neg_753,VIGGDICNINEHNFLVALYE,20,1035,SW60C80_01035,0,development,remaining_negative,4
2031,neg_754,ALVSADGDSWFAR,13,1219,SW60C80_01219,0,development,remaining_negative,5
2032,neg_755,DMCCHPACMNHFNC,14,804,SW60C80_00804,0,development,remaining_negative,2
2033,neg_756,RPPGFTPFR,9,830,SW60C80_00830,0,development,remaining_negative,3
2034,neg_757,APSMGFMGMR,10,53,SW60C80_00053,0,development,remaining_negative,1
2035,neg_759,VQGMVYCDTCRSANALGFMR,20,1220,SW60C80_01220,0,development,remaining_negative,1
2036,neg_760,YVVPAAKLEAIYPKGLRVSI,20,1221,SW60C80_01221,0,development,remaining_negative,2
2037,neg_761,MDLSFTLSVVTA,12,1222,SW60C80_01222,0,development,remaining_negative,3
2038,neg_762,FLSLIPHAINAISAIAHHL,19,875,SW60C80_00875,0,development,remaining_negative,2
2039,neg_764,VDKPDYRPRPWPRPNM,16,934,SW60C80_00934,0,development,remaining_negative,4
2040,neg_765,MIERELGNWKDFIEVMLRK,19,1223,SW60C80_01223,0,development,remaining_negative,4
2041,neg_767,SVQFKPRL,8,223,SW60C80_00223,0,development,remaining_negative,3
2042,neg_768,TKCPTCQNDTCSNKI,15,1224,SW60C80_01224,0,development,remaining_negative,5
2043,neg_769,EQPGGDKVNLGYFTN,15,1225,SW60C80_01225,0,development,remaining_negative,1
2044,neg_770,GYNRSFLRF,9,45,SW60C80_00045,0,development,remaining_negative,5
2045,neg_771,RGSNLTHPLRNIGDLFYVGN,20,970,SW60C80_00970,0,development,remaining_negative,2
2046,neg_772,ADGSDPASSEFLAEGGGVR,19,885,SW60C80_00885,0,development,remaining_negative,3
2047,neg_773,KLSYDDKVFENVEFTPRL,18,1226,SW60C80_01226,0,development,remaining_negative,2
2048,neg_774,YEYSVYREIIGSGHIIAR,18,1227,SW60C80_01227,0,development,remaining_negative,3
2049,neg_775,RPPGWSPFR,9,830,SW60C80_00830,0,development,remaining_negative,3
2050,neg_776,FLSLALAALPKFLCLVFKKC,20,1004,SW60C80_01004,0,development,remaining_negative,5
2051,neg_778,VDWKKIGQHILSVL,14,1228,SW60C80_01228,0,development,remaining_negative,4
2052,neg_779,AEPRDQFK,8,1229,SW60C80_01229,0,development,remaining_negative,5
2053,neg_780,GFGSLFKFLGKKVLK,15,1171,SW60C80_01171,0,development,remaining_negative,5
2054,neg_781,DVNWPLGWPVGGYPG,15,1230,SW60C80_01230,0,development,remaining_negative,1
2055,neg_782,GLVGTLLGHIGKAILS,16,1231,SW60C80_01231,0,development,remaining_negative,2
2056,neg_783,CCKYGWTCLLGCSPCGC,17,1232,SW60C80_01232,0,development,remaining_negative,3
2057,neg_784,DRNFLRF,7,53,SW60C80_00053,0,development,remaining_negative,1
2058,neg_785,QARPPHPPIPPAP,13,53,SW60C80_00053,0,development,remaining_negative,1
2059,neg_786,NGRCCHPACARKYNC,15,804,SW60C80_00804,0,development,remaining_negative,2
2060,neg_787,AFSSWG,6,1233,SW60C80_01233,0,development,remaining_negative,4
2061,neg_788,AGPVSKLVSGIGL,13,1234,SW60C80_01234,0,development,remaining_negative,5
2062,neg_790,QWPDPSSDIPP,11,53,SW60C80_00053,0,development,remaining_negative,1
2063,neg_791,SGSAKVAFSAIRSTNH,16,1235,SW60C80_01235,0,development,remaining_negative,1
2064,neg_792,ADRELHRSKA,10,1236,SW60C80_01236,0,development,remaining_negative,2
2065,neg_793,KIMAKPSKFYEQLRGR,16,1237,SW60C80_01237,0,development,remaining_negative,3
2066,neg_794,MRWQEMGYIFYPRKLR,16,1238,SW60C80_01238,0,development,remaining_negative,4
2067,neg_795,LNFKALAALAKKIL,14,1001,SW60C80_01001,0,development,remaining_negative,4
2068,neg_796,GLFDIIKKVASVIGGL,16,839,SW60C80_00839,0,development,remaining_negative,4
2069,neg_797,VIGGDECNIN,10,1062,SW60C80_01062,0,development,remaining_negative,3
2070,neg_798,AVPPRYGYTRG,11,1239,SW60C80_01239,0,development,remaining_negative,5
2071,neg_799,DCQPCGHNVCC,11,1127,SW60C80_01127,0,development,remaining_negative,4
2072,neg_800,AHRFAAEDFGALDTA,15,1240,SW60C80_01240,0,development,remaining_negative,1
2073,neg_801,PKPPDRG,7,1241,SW60C80_01241,0,development,remaining_negative,2
2074,neg_802,DVPKSDQFVGLM,12,53,SW60C80_00053,0,development,remaining_negative,1
2075,neg_803,CCAPSACRLGCRPCCR,16,787,SW60C80_00787,0,development,remaining_negative,2
2076,neg_804,VNWKKILGKIIKVAK,15,792,SW60C80_00792,0,development,remaining_negative,5
2077,neg_805,LDSLSFSYNNFEEDD,15,1242,SW60C80_01242,0,development,remaining_negative,3
2078,neg_806,ESGGSGEANGMWFGPRL,17,785,SW60C80_00785,0,development,remaining_negative,2
2079,neg_807,FLPLLAASFACTVTKKC,17,1004,SW60C80_01004,0,development,remaining_negative,5
2080,neg_808,NNQLNASHK,9,1243,SW60C80_01243,0,development,remaining_negative,4
2081,neg_809,RGSNLTHPLRNIRDLFYVG,19,970,SW60C80_00970,0,development,remaining_negative,2
2082,neg_810,DDAVADGEHAISGVVDS,17,811,SW60C80_00811,0,development,remaining_negative,4
2083,neg_811,SPATMGFAGVR,11,53,SW60C80_00053,0,development,remaining_negative,1
2084,neg_812,TSSGCPNFESLVR,13,1244,SW60C80_01244,0,development,remaining_negative,5
2085,neg_813,GYSSASKIIFGSGTRLSIRP,20,1245,SW60C80_01245,0,development,remaining_negative,1
2086,neg_814,DLYGNIVLSGGSTMF,15,1246,SW60C80_01246,0,development,remaining_negative,2
2087,neg_815,APVMGFQGMR,10,53,SW60C80_00053,0,development,remaining_negative,1
2088,neg_816,QDGKSSFQKEGGGVR,15,885,SW60C80_00885,0,development,remaining_negative,3
2089,neg_817,MAATFALHGWWRTS,14,1103,SW60C80_01103,0,development,remaining_negative,4
2090,neg_818,PAPESGFIRDP,11,878,SW60C80_00878,0,development,remaining_negative,3
2091,neg_819,AYVSQSGAPWGLGRISHK,18,1247,SW60C80_01247,0,development,remaining_negative,3
2092,neg_820,SCSCKRNFLCC,11,1134,SW60C80_01134,0,development,remaining_negative,3
2093,neg_821,MTDTPLSAAEF,11,1248,SW60C80_01248,0,development,remaining_negative,4
2094,neg_822,MKVFVLNGPNLGRLGKREPA,20,1249,SW60C80_01249,0,development,remaining_negative,5
2095,neg_823,GKPSRPRPAPIQPRPPHPRL,20,894,SW60C80_00894,0,development,remaining_negative,3
2096,neg_824,ASSGLISMPRV,11,45,SW60C80_00045,0,development,remaining_negative,5
2097,neg_825,SDLTWTYQSPGDPTNSKN,18,1250,SW60C80_01250,0,development,remaining_negative,1
2098,neg_826,VDPGESTFIDEGATGR,16,885,SW60C80_00885,0,development,remaining_negative,3
2099,neg_827,GSSGMISFPRT,11,45,SW60C80_00045,0,development,remaining_negative,5
2100,neg_828,AKEKEVTFQSGGPT,14,1251,SW60C80_01251,0,development,remaining_negative,2
2101,neg_829,GLVDVLGKVGGLIKKLLP,18,1252,SW60C80_01252,0,development,remaining_negative,5
2102,neg_830,MFLGPGGAGGQAFDQAR,17,1253,SW60C80_01253,0,development,remaining_negative,3
2103,neg_831,FIGGIISFFKRLF,13,928,SW60C80_00928,0,development,remaining_negative,2
2104,neg_832,MRRAVILVLDRAGPV,15,1254,SW60C80_01254,0,development,remaining_negative,4
2105,neg_833,NGCCIVRECC,10,979,SW60C80_00979,0,development,remaining_negative,5
2106,neg_834,KTGVNKPELLPKEETTVIDV,20,1255,SW60C80_01255,0,development,remaining_negative,5
2107,neg_835,TDAVADGVHAISGVVDT,17,811,SW60C80_00811,0,development,remaining_negative,4
2108,neg_836,KSTDFDYNNKKANYD,15,1256,SW60C80_01256,0,development,remaining_negative,1
2109,neg_837,GRTFFVGGNW,10,1257,SW60C80_01257,0,development,remaining_negative,2
2110,neg_838,CCDRIACRFGCVPCCT,16,787,SW60C80_00787,0,development,remaining_negative,2
2111,neg_839,RRWCFRVCYKGFCYRKCR,18,827,SW60C80_00827,0,development,remaining_negative,3
2112,neg_840,QANQDFMRF,9,53,SW60C80_00053,0,development,remaining_negative,1
2113,neg_842,ALAGDHFFRF,10,53,SW60C80_00053,0,development,remaining_negative,1
2114,neg_843,STHTSDFLKL,10,1258,SW60C80_01258,0,development,remaining_negative,3
2115,neg_844,IFFEV,5,1259,SW60C80_01259,0,development,remaining_negative,4
2116,neg_845,APQPYAFGL,9,53,SW60C80_00053,0,development,remaining_negative,1
2117,neg_846,PSATYFVR,8,53,SW60C80_00053,0,development,remaining_negative,1
2118,neg_847,VPPGFTPFRQ,10,830,SW60C80_00830,0,development,remaining_negative,3
2119,neg_848,APEESPKRAPSGFLGVR,17,1056,SW60C80_01056,0,development,remaining_negative,2
2120,neg_849,GLFDVIKKVASVIGGL,16,839,SW60C80_00839,0,development,remaining_negative,4
2121,neg_850,DEPDGVPTRQKQ,12,1006,SW60C80_01006,0,development,remaining_negative,4
2122,neg_851,FLSAITSLLGKLL,13,839,SW60C80_00839,0,development,remaining_negative,4
2123,neg_852,FLPILINLIHKGLL,14,1260,SW60C80_01260,0,development,remaining_negative,5
2124,neg_853,LVALDTEFANR,11,1261,SW60C80_01261,0,development,remaining_negative,1
2125,neg_854,GIGSALAKAAKLVAGIV,17,973,SW60C80_00973,0,development,remaining_negative,2
2126,neg_855,GLLDGLLGGLGL,12,839,SW60C80_00839,0,development,remaining_negative,4
2127,neg_856,QFNEYGHMRF,10,912,SW60C80_00912,0,development,remaining_negative,2
2128,neg_857,GSSGLIPMPRV,11,45,SW60C80_00045,0,development,remaining_negative,5
2129,neg_859,VEIIANDQGNR,11,1262,SW60C80_01262,0,development,remaining_negative,2
2130,neg_860,GLFDIIKKIAESF,13,839,SW60C80_00839,0,development,remaining_negative,4
2131,neg_861,MLGFLPLP,8,1263,SW60C80_01263,0,development,remaining_negative,3
2132,neg_862,GDCPWKPWC,9,1264,SW60C80_01264,0,development,remaining_negative,4
2133,neg_863,LECNKLVDIAYITCPAGKNL,20,977,SW60C80_00977,0,development,remaining_negative,4
2134,neg_864,MKTNPL,6,1265,SW60C80_01265,0,development,remaining_negative,5
2135,neg_865,QTSFTPRL,8,991,SW60C80_00991,0,development,remaining_negative,4
2136,neg_866,GMASLLAKVLPHVVKLIK,18,1266,SW60C80_01266,0,development,remaining_negative,1
2137,neg_867,QNPNRFIGLM,10,53,SW60C80_00053,0,development,remaining_negative,1
2138,neg_868,GCCSYPPCFATNSGYC,16,854,SW60C80_00854,0,development,remaining_negative,3
2139,neg_870,DGCPPHPVPGMHPCMCTNTC,20,1267,SW60C80_01267,0,development,remaining_negative,2
2140,neg_871,GCCSDPRCKHEC,12,1003,SW60C80_01003,0,development,remaining_negative,3
2141,neg_872,SGLQFAVMDGQGFLPFPRV,19,855,SW60C80_00855,0,development,remaining_negative,5
2142,neg_873,SATAAREEYQRKRSQFIEIG,20,1268,SW60C80_01268,0,development,remaining_negative,3
2143,neg_874,GLWSTIKNVAAAAGKAAIKL,20,1269,SW60C80_01269,0,development,remaining_negative,4
2144,neg_875,IKITTMLAKLGKVLAHV,17,853,SW60C80_00853,0,development,remaining_negative,2
2145,neg_876,FHGGSWYRFPWGY,13,1270,SW60C80_01270,0,development,remaining_negative,5
2146,neg_877,QLWPRPQIPP,10,53,SW60C80_00053,0,development,remaining_negative,1
2147,neg_878,QGRAPHPPIPPAP,13,53,SW60C80_00053,0,development,remaining_negative,1
2148,neg_879,AEPLASQLKEPIAGGGWWAA,20,1271,SW60C80_01271,0,development,remaining_negative,1
2149,neg_880,LAAGKVEDSD,10,1272,SW60C80_01272,0,development,remaining_negative,2
2150,neg_881,ITCPQVTQSLAPCVPYLISG,20,1273,SW60C80_01273,0,development,remaining_negative,3
2151,neg_882,IVGGQEATPHTWVHQVALFI,20,1274,SW60C80_01274,0,development,remaining_negative,4
2152,neg_883,GLLDMVTGLLGNL,13,839,SW60C80_00839,0,development,remaining_negative,4
2153,neg_884,GSTGLIPFGRP,11,45,SW60C80_00045,0,development,remaining_negative,5
2154,neg_885,ALSVPVFAVAPLNKK,15,1275,SW60C80_01275,0,development,remaining_negative,5
2155,neg_886,GKWMSLLKHILK,12,1276,SW60C80_01276,0,development,remaining_negative,2
2156,neg_887,GVCDMADLA,9,1277,SW60C80_01277,0,development,remaining_negative,1
2157,neg_889,FLSLIPHAINAVGVHAKHF,19,875,SW60C80_00875,0,development,remaining_negative,2
2158,neg_890,GLTDQKSAPPGL,12,1278,SW60C80_01278,0,development,remaining_negative,2
2159,neg_891,HTAGFIPRL,9,45,SW60C80_00045,0,development,remaining_negative,5
2160,neg_892,QQWPPGHHIPP,11,53,SW60C80_00053,0,development,remaining_negative,1
2161,neg_893,EQWQPQLHR,9,1279,SW60C80_01279,0,development,remaining_negative,3
2162,neg_894,QSAPGNEAIPP,11,1280,SW60C80_01280,0,development,remaining_negative,4
2163,neg_895,DYPKLTFTTS,10,1281,SW60C80_01281,0,development,remaining_negative,5
2164,neg_897,AGDVIYIVR,9,1282,SW60C80_01282,0,development,remaining_negative,1
2165,neg_898,SPALADEHNDNFLRF,15,1163,SW60C80_01163,0,development,remaining_negative,2
2166,neg_899,GCIGRNESQKKDNVYKFKE,19,1283,SW60C80_01283,0,development,remaining_negative,2
2167,neg_900,QKNDKKDRFYGLM,13,53,SW60C80_00053,0,development,remaining_negative,1
2168,neg_901,GSGFSSWG,8,954,SW60C80_00954,0,development,remaining_negative,5
2169,neg_902,FFSLIPSLIGGLVSAIK,17,839,SW60C80_00839,0,development,remaining_negative,4
2170,neg_903,NTFYCCELCCNPACAGCY,18,1284,SW60C80_01284,0,development,remaining_negative,3
2171,neg_904,PIFTFASNVPADTITGFFL,19,1285,SW60C80_01285,0,development,remaining_negative,4
2172,neg_905,ADYLQLAR,8,1213,SW60C80_01213,0,development,remaining_negative,5
2173,neg_906,TDAVANGVHAISGVVDS,17,811,SW60C80_00811,0,development,remaining_negative,4
2174,neg_907,FRPALIVRTKGK,12,799,SW60C80_00799,0,development,remaining_negative,4
2175,neg_908,VVGGDECNINEHPFLV,16,1035,SW60C80_01035,0,development,remaining_negative,4
2176,neg_909,VVGGDECNINEHRSL,15,1113,SW60C80_01113,0,development,remaining_negative,5
2177,neg_910,VAAGRPRF,8,1286,SW60C80_01286,0,development,remaining_negative,5
2178,neg_911,GHADNFMRF,9,53,SW60C80_00053,0,development,remaining_negative,1
2179,neg_913,ADDINPKEECFFEDDYYEFE,20,1287,SW60C80_01287,0,development,remaining_negative,4
2180,neg_914,FLSLIPHAISAISAIANHL,19,875,SW60C80_00875,0,development,remaining_negative,2
2181,neg_915,ECCHPACGKHFSC,13,804,SW60C80_00804,0,development,remaining_negative,2
2182,neg_916,PGGGVSGALSSLVQSLVR,18,1288,SW60C80_01288,0,development,remaining_negative,1
2183,neg_917,SGFVLKGYTKTSQ,13,1289,SW60C80_01289,0,development,remaining_negative,1
2184,neg_918,TDSIKETIKETVNHQAEWPY,20,1290,SW60C80_01290,0,development,remaining_negative,2
2185,neg_919,RLRSKGKK,8,1291,SW60C80_01291,0,development,remaining_negative,3
2186,neg_920,AGVDPAIPAYVKTNG,15,1292,SW60C80_01292,0,development,remaining_negative,4
2187,neg_921,LPPWIG,6,1293,SW60C80_01293,0,development,remaining_negative,5
2188,neg_922,MREIEHIPPP,10,1294,SW60C80_01294,0,development,remaining_negative,1
2189,neg_923,CCGVPNAACHPCVCTGKC,18,1098,SW60C80_01098,0,development,remaining_negative,2
2190,neg_924,RVSNLTIHPLRNIIDLRYVG,20,970,SW60C80_00970,0,development,remaining_negative,2
2191,neg_925,DSSNLPPNQKQIVD,14,1295,SW60C80_01295,0,development,remaining_negative,2
2192,neg_926,NYDKNFYEDTLP,12,1296,SW60C80_01296,0,development,remaining_negative,3
2193,neg_927,LKLKDILGKIKVILSHLNK,19,1297,SW60C80_01297,0,development,remaining_negative,4
2194,neg_928,AMRNALVRF,9,1298,SW60C80_01298,0,development,remaining_negative,5
2195,neg_929,DPWDWV,6,1299,SW60C80_01299,0,development,remaining_negative,1
2196,neg_930,SQISLRGSNLTI,12,1300,SW60C80_01300,0,development,remaining_negative,2
2197,neg_931,FLPPCAYKGTC,11,1301,SW60C80_01301,0,development,remaining_negative,3
2198,neg_932,RPPGFSPFRVAPAS,14,996,SW60C80_00996,0,development,remaining_negative,3
2199,neg_933,SFKKGLFLGTILGGA,15,1302,SW60C80_01302,0,development,remaining_negative,4
2200,neg_934,AEYFQHWGQGTLVTVSS,17,1303,SW60C80_01303,0,development,remaining_negative,5
2201,neg_935,NNNARLMFGDGTQLVVKP,18,1304,SW60C80_01304,0,development,remaining_negative,1
2202,neg_936,INWKALLDAAKKVL,14,1001,SW60C80_01001,0,development,remaining_negative,4
2203,neg_937,ILTGKLKCK,9,1305,SW60C80_01305,0,development,remaining_negative,2
2204,neg_938,FKGGGPYGQGVTRG,14,1306,SW60C80_01306,0,development,remaining_negative,3
2205,neg_939,HKTDSFVGLM,10,53,SW60C80_00053,0,development,remaining_negative,1
2206,neg_940,LDYDHEEEDGRTKVTFDAR,19,943,SW60C80_00943,0,development,remaining_negative,4
2207,neg_941,TQSTGTSQTIAVGLWGGPDN,20,1307,SW60C80_01307,0,development,remaining_negative,4
2208,neg_942,FLAKKLAKHLAKKQAES,17,976,SW60C80_00976,0,development,remaining_negative,2
2209,neg_943,MMKLVIILIVLLLVSFAAY,19,1108,SW60C80_01108,0,development,remaining_negative,4
2210,neg_944,QETQYFGPGTRLLVL,15,1308,SW60C80_01308,0,development,remaining_negative,5
2211,neg_945,GLEETYCSMKIK,12,1218,SW60C80_01218,0,development,remaining_negative,3
2212,neg_946,VPPKGVSM,8,1309,SW60C80_01309,0,development,remaining_negative,1
2213,neg_948,TAANVKIFNTEEVQNFINLL,20,1310,SW60C80_01310,0,development,remaining_negative,2
2214,neg_949,FPLPCAYKGTYC,12,1311,SW60C80_01311,0,development,remaining_negative,3
2215,neg_950,MGQEQDTPWIL,11,1312,SW60C80_01312,0,development,remaining_negative,3
2216,neg_951,FLPIVGKSLSGLSGKL,16,1313,SW60C80_01313,0,development,remaining_negative,4
2217,neg_952,IINDFTNLVNQVEPLK,16,1314,SW60C80_01314,0,development,remaining_negative,5
2218,neg_953,GCCRFPCPDSCRSLCC,16,1315,SW60C80_01315,0,development,remaining_negative,1
2219,neg_954,PKVSPRWPPIPP,12,1316,SW60C80_01316,0,development,remaining_negative,2
2220,neg_955,SIYVGNLSYD,10,1317,SW60C80_01317,0,development,remaining_negative,3
2221,neg_956,AGPSATTGVWFGPRL,15,785,SW60C80_00785,0,development,remaining_negative,2
2222,neg_957,PAASESGFRRDP,12,878,SW60C80_00878,0,development,remaining_negative,3
2223,neg_958,APPGFTPFRSK,11,830,SW60C80_00830,0,development,remaining_negative,3
2224,neg_959,INWKKIFEKVKNLV,14,1318,SW60C80_01318,0,development,remaining_negative,4
2225,neg_961,PYLLNLPPEK,10,1319,SW60C80_01319,0,development,remaining_negative,5
2226,neg_962,QHWSYGLQPG,10,1320,SW60C80_01320,0,development,remaining_negative,5
2227,neg_963,IVGGTEVTPGEIPYQLSFQD,20,1321,SW60C80_01321,0,development,remaining_negative,1
2228,neg_964,GVVPHDFRI,9,1322,SW60C80_01322,0,development,remaining_negative,2
2229,neg_965,SGGGEGSGMWFGPRL,15,785,SW60C80_00785,0,development,remaining_negative,2
2230,neg_966,MSRLFFVCRKVR,12,1323,SW60C80_01323,0,development,remaining_negative,3
2231,neg_967,GPMEDPLEIIRI,12,1324,SW60C80_01324,0,development,remaining_negative,4
2232,neg_968,GRREDDYDNLQL,12,1325,SW60C80_01325,0,development,remaining_negative,5
2233,neg_969,PCCSKLHDNSCCGL,14,840,SW60C80_00840,0,development,remaining_negative,5
2234,neg_970,LNWGAILKHIIK,12,1276,SW60C80_01276,0,development,remaining_negative,2
2235,neg_971,FPPWM,5,900,SW60C80_00900,0,development,remaining_negative,3
2236,neg_972,ATKGSSDNRVLTGV,14,1326,SW60C80_01326,0,development,remaining_negative,1
2237,neg_973,SESNTCG,7,1327,SW60C80_01327,0,development,remaining_negative,2
2238,neg_974,GLFDAIGNLLGGLGL,15,839,SW60C80_00839,0,development,remaining_negative,4
2239,neg_976,MLTYTGTVINVQTFAAKPDP,20,1328,SW60C80_01328,0,development,remaining_negative,3
2240,neg_979,LHSNLEYQYRYSGRVASGIP,20,1329,SW60C80_01329,0,development,remaining_negative,4
2241,neg_980,QPFSLERW,8,1330,SW60C80_01330,0,development,remaining_negative,5
2242,neg_981,GLLAFPRV,8,45,SW60C80_00045,0,development,remaining_negative,5
2243,neg_982,AYERQFYPGATSVAENNIGH,20,1331,SW60C80_01331,0,development,remaining_negative,1
2244,neg_983,PAPDSSFLRDP,11,878,SW60C80_00878,0,development,remaining_negative,3
2245,neg_984,QRWPSPKVPP,10,53,SW60C80_00053,0,development,remaining_negative,1
2246,neg_985,VDDTTPLSEETMMRIGGYMV,20,1332,SW60C80_01332,0,development,remaining_negative,2
2247,neg_986,INVLGILGLLGKALSHL,17,1333,SW60C80_01333,0,development,remaining_negative,3
2248,neg_988,IIDYYDEGEEDRDVGVVDAR,20,1334,SW60C80_01334,0,development,remaining_negative,4
2249,neg_989,YCCHPACGPNFSC,13,804,SW60C80_00804,0,development,remaining_negative,2
2250,neg_990,VTLTLPPAES,10,1335,SW60C80_01335,0,development,remaining_negative,5
2251,neg_992,VIGGDECNINEHPFLA,16,1035,SW60C80_01035,0,development,remaining_negative,4
2252,neg_993,QRLGHQWAVGHLM,13,1336,SW60C80_01336,0,development,remaining_negative,5
2253,neg_994,VPASGFFGMR,10,53,SW60C80_00053,0,development,remaining_negative,1
2254,neg_995,IVGGVSVAIE,10,1337,SW60C80_01337,0,development,remaining_negative,1
2255,neg_997,YNPASNQCQGF,11,1338,SW60C80_01338,0,development,remaining_negative,2
2256,neg_998,GSTCLEPKVVGPCKA,15,1339,SW60C80_01339,0,development,remaining_negative,3
2257,neg_1000,EQSAGFREYIDFFDGYSLTY,20,1340,SW60C80_01340,0,development,remaining_negative,4
2258,neg_1001,VIEVVYLRTPFSAGNATT,18,1341,SW60C80_01341,0,development,remaining_negative,5
2259,neg_1002,QWAQWPRPQIPP,12,53,SW60C80_00053,0,development,remaining_negative,1
2260,neg_1003,SQCCYQICSPC,11,983,SW60C80_00983,0,development,remaining_negative,3
2261,neg_1006,HPIQNLFQPSLVLDM,15,1342,SW60C80_01342,0,development,remaining_negative,1
2262,neg_1007,DDDDLEGFSE,10,1343,SW60C80_01343,0,development,remaining_negative,2
2263,neg_1008,TNSKEGEFIAEGGGVR,16,885,SW60C80_00885,0,development,remaining_negative,3
2264,neg_1009,MKDTE,5,1344,SW60C80_01344,0,development,remaining_negative,3
2265,neg_1010,AIKVFHIVAETGIHARPAT,19,1345,SW60C80_01345,0,development,remaining_negative,4
2266,neg_1011,QVTFSRDWSP,10,800,SW60C80_00800,0,development,remaining_negative,3
2267,neg_1012,CHYIFNTC,8,1346,SW60C80_01346,0,development,remaining_negative,5
2268,neg_1013,FLSLIPHAINAVSALANHG,19,875,SW60C80_00875,0,development,remaining_negative,2
2269,neg_1014,MIYSTEVSNMAGV,13,1347,SW60C80_01347,0,development,remaining_negative,1
2270,neg_1015,YSQVSRPRF,9,1064,SW60C80_01064,0,development,remaining_negative,5
2271,neg_1016,VIGGDECNINEHRFLAALYD,20,1035,SW60C80_01035,0,development,remaining_negative,4
2272,neg_1017,GGGGTSGLFAFPRV,14,45,SW60C80_00045,0,development,remaining_negative,5
2273,neg_1018,PFDRISSSAFSDF,13,999,SW60C80_00999,0,development,remaining_negative,2
2274,neg_1019,FLPGLLAGLL,10,839,SW60C80_00839,0,development,remaining_negative,4
2275,neg_1020,QGRLGTQWAVGHLM,14,1336,SW60C80_01336,0,development,remaining_negative,5
2276,neg_1022,KQRSGESQNIIVGSWGAKVS,20,919,SW60C80_00919,0,development,remaining_negative,5
2277,neg_1023,QDPYVDFLK,9,887,SW60C80_00887,0,development,remaining_negative,5
2278,neg_1024,FIGAILPAIAGLVHGLINR,19,1202,SW60C80_01202,0,development,remaining_negative,2
2279,neg_1025,PFNVGGLDKFGTLN,14,1348,SW60C80_01348,0,development,remaining_negative,2
2280,neg_1026,NSTMNSLLQLGR,12,1020,SW60C80_01020,0,development,remaining_negative,4
2281,neg_1027,GKTKGVTSGLIAFPRL,16,1349,SW60C80_01349,0,development,remaining_negative,3
2282,neg_1028,AVVNGVNYVGETTAA,15,1350,SW60C80_01350,0,development,remaining_negative,4
2283,neg_1029,QKKDKKDRFYGLF,13,53,SW60C80_00053,0,development,remaining_negative,1
2284,neg_1030,QQDYTGAHMDF,11,927,SW60C80_00927,0,development,remaining_negative,3
2285,neg_1031,ALTEQASKVALTADL,15,1351,SW60C80_01351,0,development,remaining_negative,5
2286,neg_1032,ITCCTRGTCAQHC,13,1352,SW60C80_01352,0,development,remaining_negative,1
2287,neg_1033,MAVKAISGCDKDQELI,16,1353,SW60C80_01353,0,development,remaining_negative,2
2288,neg_1035,GVCCGVSFCYPC,12,983,SW60C80_00983,0,development,remaining_negative,3
2289,neg_1036,CCGPTACIAGCKPCC,15,787,SW60C80_00787,0,development,remaining_negative,2
2290,neg_1038,YCCHPACGKNFDC,13,804,SW60C80_00804,0,development,remaining_negative,2
2291,neg_1039,GGCCSHPACFASNPDYC,17,854,SW60C80_00854,0,development,remaining_negative,3
2292,neg_1040,GCPWEPWC,8,838,SW60C80_00838,0,development,remaining_negative,5
2293,neg_1041,AYGESANVFGAP,12,1354,SW60C80_01354,0,development,remaining_negative,3
2294,neg_1042,CCAIRLCNVYLCGSCCP,17,1355,SW60C80_01355,0,development,remaining_negative,4
2295,neg_1043,KFCPEGKCV,9,1356,SW60C80_01356,0,development,remaining_negative,5
2296,neg_1044,KETNAKPPA,9,1357,SW60C80_01357,0,development,remaining_negative,2
2297,neg_1045,KCGVSIPYKISPSTDCSSVK,20,1358,SW60C80_01358,0,development,remaining_negative,1
2298,neg_1047,NRNFLRF,7,53,SW60C80_00053,0,development,remaining_negative,1
2299,neg_1049,GSSGGMIPFPRV,12,45,SW60C80_00045,0,development,remaining_negative,5
2300,neg_1050,QASTDYDDEDESTVPEAR,18,1359,SW60C80_01359,0,development,remaining_negative,2
2301,neg_1051,QGLIAFPRV,9,45,SW60C80_00045,0,development,remaining_negative,5
2302,neg_1052,VDFDSESPRRPEIQ,14,1152,SW60C80_01152,0,development,remaining_negative,2
2303,neg_1053,APPQPSDNFIRF,12,1360,SW60C80_01360,0,development,remaining_negative,4
2304,neg_1054,MATPLVDPAK,10,1361,SW60C80_01361,0,development,remaining_negative,3
2305,neg_1055,GLFDIIKKVASVVGLASQ,18,1159,SW60C80_01159,0,development,remaining_negative,4
2306,neg_1056,GGETGGEGKGMWFGPRL,17,785,SW60C80_00785,0,development,remaining_negative,2
2307,neg_1057,AEKLEPVLPLIV,12,1362,SW60C80_01362,0,development,remaining_negative,4
2308,neg_1058,QAIVSKARRPYIL,13,810,SW60C80_00810,0,development,remaining_negative,5
2309,neg_1059,VAVKATTTEEETEIPAK,17,1363,SW60C80_01363,0,development,remaining_negative,5
2310,neg_1060,NPYAFGL,7,53,SW60C80_00053,0,development,remaining_negative,1
2311,neg_1061,DEGCLPDDSSRT,12,1364,SW60C80_01364,0,development,remaining_negative,1
2312,neg_1062,MRFYFYSQAVDESGVTR,17,1365,SW60C80_01365,0,development,remaining_negative,2
2313,neg_1063,SGPGFMGVR,9,53,SW60C80_00053,0,development,remaining_negative,1
2314,neg_1064,INWKGIAAMAKKLL,14,1001,SW60C80_01001,0,development,remaining_negative,4
2315,neg_1065,TEEGEFLHEGGGVR,14,885,SW60C80_00885,0,development,remaining_negative,3
2316,neg_1066,AVPDKIDRRESGYV,14,1366,SW60C80_01366,0,development,remaining_negative,3
2317,neg_1067,GGPYAFGL,8,53,SW60C80_00053,0,development,remaining_negative,1
2318,neg_1068,GLFDIIKKVASVVGGL,16,839,SW60C80_00839,0,development,remaining_negative,4
2319,neg_1069,KFNRPETT,8,1367,SW60C80_01367,0,development,remaining_negative,4
2320,neg_1070,VPPGFTPFRQS,11,830,SW60C80_00830,0,development,remaining_negative,3
2321,neg_1071,TRTPVNVTVTGAAGQIGYAL,20,985,SW60C80_00985,0,development,remaining_negative,4
2322,neg_1072,ESNFKIGMAIR,11,1368,SW60C80_01368,0,development,remaining_negative,5
2323,neg_1073,KMYDFGL,7,1369,SW60C80_01369,0,development,remaining_negative,1
2324,neg_1074,ALIFATLSAAYIGEALE,17,1370,SW60C80_01370,0,development,remaining_negative,2
2325,neg_1075,QKIQEIDLQTYLQPQ,15,1371,SW60C80_01371,0,development,remaining_negative,3
2326,neg_1076,EFSPTRKFGGHGDDKKKKK,19,1372,SW60C80_01372,0,development,remaining_negative,4
2327,neg_1077,DASNAQKQHDVNFLL,15,1373,SW60C80_01373,0,development,remaining_negative,5
2328,neg_1078,GCEWVSWC,8,838,SW60C80_00838,0,development,remaining_negative,5
2329,neg_1079,GSSGLISMTRV,11,45,SW60C80_00045,0,development,remaining_negative,5
2330,neg_1080,SNRSPSLRLRF,11,829,SW60C80_00829,0,development,remaining_negative,5
2331,neg_1081,SPPFAPRL,8,223,SW60C80_00223,0,development,remaining_negative,3
2332,neg_1082,TDPDADKGEFLAEGGGVR,18,885,SW60C80_00885,0,development,remaining_negative,3
2333,neg_1083,FLPLVTGLLSGLL,13,839,SW60C80_00839,0,development,remaining_negative,4
2334,neg_1084,FLSLIPTAINAVSAIAKHF,19,875,SW60C80_00875,0,development,remaining_negative,2
2335,neg_1085,SCNCVCGFCCSCSP,14,1374,SW60C80_01374,0,development,remaining_negative,1
2336,neg_1086,FFGSVLKLIPKIL,13,1375,SW60C80_01375,0,development,remaining_negative,1
2337,neg_1087,GSLTGLISMPRT,12,45,SW60C80_00045,0,development,remaining_negative,5
2338,neg_1088,VKTPITEAIAAADTQG,16,1376,SW60C80_01376,0,development,remaining_negative,2
2339,neg_1089,RCCGYKFCYIC,11,983,SW60C80_00983,0,development,remaining_negative,3
2340,neg_1090,FIGDIWSGIQG,11,946,SW60C80_00946,0,development,remaining_negative,4
2341,neg_1091,DEPDGVPTHQKQ,12,1006,SW60C80_01006,0,development,remaining_negative,4
2342,neg_1092,GLLDILKKVGKVA,13,1377,SW60C80_01377,0,development,remaining_negative,3
2343,neg_1093,ETLFDPCSTQDIKKVGV,17,1378,SW60C80_01378,0,development,remaining_negative,4
2344,neg_1094,MNRLKEIFQKEITPALVSKF,20,1379,SW60C80_01379,0,development,remaining_negative,5
2345,neg_1095,INWKKLGKALNALL,14,788,SW60C80_00788,0,development,remaining_negative,2
2346,neg_1096,MKHIPFFFAFFFTFP,15,1380,SW60C80_01380,0,development,remaining_negative,1
2347,neg_1097,AGQDGFMRF,9,53,SW60C80_00053,0,development,remaining_negative,1
2348,neg_1098,FLPIIAKVLSGLL,13,839,SW60C80_00839,0,development,remaining_negative,4
2349,neg_1100,TDMLAVSVSSTDAIGHKYGT,20,1381,SW60C80_01381,0,development,remaining_negative,2
2350,neg_1101,ISEALKSIIVG,11,1382,SW60C80_01382,0,development,remaining_negative,3
2351,neg_1102,KKIEEEAAAAGATAE,15,1383,SW60C80_01383,0,development,remaining_negative,4
2352,neg_1103,RPPGFTPF,8,830,SW60C80_00830,0,development,remaining_negative,3
2353,neg_1104,ELPVNFYALNLTADNINIGY,20,1384,SW60C80_01384,0,development,remaining_negative,5
2354,neg_1105,NGRRYTTYGCSPPVT,15,1385,SW60C80_01385,0,development,remaining_negative,1
2355,neg_1106,TQAGSQNPNDLSPGP,15,1386,SW60C80_01386,0,development,remaining_negative,2
2356,neg_1107,HKLDSFIGLM,10,53,SW60C80_00053,0,development,remaining_negative,1
2357,neg_1108,VARSLLIFEVQQPFLFLL,18,1387,SW60C80_01387,0,development,remaining_negative,3
2358,neg_1109,MKEPKSNIRKLIDIGGLIGR,20,1388,SW60C80_01388,0,development,remaining_negative,4
2359,neg_1110,INWKKIKSIIKAAMN,15,792,SW60C80_00792,0,development,remaining_negative,5
2360,neg_1111,DYCCRRPTCIPIC,13,1389,SW60C80_01389,0,development,remaining_negative,5
2361,neg_1112,AGLFAQPRL,9,45,SW60C80_00045,0,development,remaining_negative,5
2362,neg_1113,MHIVVCIKQVPDSAQIRV,18,1390,SW60C80_01390,0,development,remaining_negative,1
2363,neg_1114,ILGPVLSLVGNALGGLLKNE,20,1391,SW60C80_01391,0,development,remaining_negative,2
2364,neg_1115,FTAASQTLEAGR,12,1392,SW60C80_01392,0,development,remaining_negative,3
2365,neg_1116,TNEKLFFGSGTQLSVL,16,867,SW60C80_00867,0,development,remaining_negative,4
2366,neg_1117,TPSDGFMGMR,10,53,SW60C80_00053,0,development,remaining_negative,1
2367,neg_1118,AIEVQTVTLIPGD,13,1393,SW60C80_01393,0,development,remaining_negative,4
2368,neg_1120,SGLQFAVLDGQGFIPFSRV,19,855,SW60C80_00855,0,development,remaining_negative,5
2369,neg_1121,GAQFSSWG,8,954,SW60C80_00954,0,development,remaining_negative,5
2370,neg_1122,PPPPPGPPPNP,11,53,SW60C80_00053,0,development,remaining_negative,1
2371,neg_1123,NYDKNFLRF,9,45,SW60C80_00045,0,development,remaining_negative,5
2372,neg_1125,LAKTVPLNDGTNFPIFGG,18,1394,SW60C80_01394,0,development,remaining_negative,5
2373,neg_1126,RICTPIPFPMCY,12,880,SW60C80_00880,0,development,remaining_negative,5
2374,neg_1127,ISVDELSNYNF,11,1395,SW60C80_01395,0,development,remaining_negative,1
2375,neg_1128,SNTSHQDFHLFYGDNGMPVH,20,1396,SW60C80_01396,0,development,remaining_negative,3
2376,neg_1129,ARPPGFSPFRIV,12,830,SW60C80_00830,0,development,remaining_negative,3
2377,neg_1130,VVYTDCTESGQNLCLCE,17,1397,SW60C80_01397,0,development,remaining_negative,2
2378,neg_1131,GNFFRF,6,53,SW60C80_00053,0,development,remaining_negative,1
2379,neg_1132,KPRPQQFIGLM,11,53,SW60C80_00053,0,development,remaining_negative,1
2380,neg_1133,LNPFRWMINKYREWKNKKN,19,923,SW60C80_00923,0,development,remaining_negative,2
2381,neg_1134,CWFPWC,6,1398,SW60C80_01398,0,development,remaining_negative,3
2382,neg_1135,GLLGPLLKIAAKVGSNLL,18,1114,SW60C80_01114,0,development,remaining_negative,3
2383,neg_1136,VAGRSVVKIAEGYL,14,1010,SW60C80_01010,0,development,remaining_negative,2
2384,neg_1137,VVNTPGHAVSYHVY,14,1399,SW60C80_01399,0,development,remaining_negative,4
2385,neg_1138,GVIAWELQHNEPGRKDSTAG,20,1400,SW60C80_01400,0,development,remaining_negative,5
2386,neg_1139,EAAGLISFPRV,11,45,SW60C80_00045,0,development,remaining_negative,5
2387,neg_1140,YDPSPLQDFCVAD,13,911,SW60C80_00911,0,development,remaining_negative,3
2388,neg_1141,IVPFLLGMVPKLICLITKKC,20,935,SW60C80_00935,0,development,remaining_negative,4
2389,neg_1142,SSGGGEGSGMWFGPRL,16,785,SW60C80_00785,0,development,remaining_negative,2
2390,neg_1143,ARARLGVRRFRRKR,14,1401,SW60C80_01401,0,development,remaining_negative,1
2391,neg_1144,TLNKVYKFDRDRRFL,15,1402,SW60C80_01402,0,development,remaining_negative,2
2392,neg_1145,LPDSSFLRL,9,45,SW60C80_00045,0,development,remaining_negative,5
2393,neg_1146,GCCHIIACRMGCSPCCW,17,787,SW60C80_00787,0,development,remaining_negative,2
2394,neg_1149,GCCSRPPCIANNPDIC,16,854,SW60C80_00854,0,development,remaining_negative,3
2395,neg_1150,MGQGAVEGQLFYNVQ,15,1403,SW60C80_01403,0,development,remaining_negative,3
2396,neg_1152,FDAFTTGF,8,1404,SW60C80_01404,0,development,remaining_negative,4
2397,neg_1153,LLGMLPVALSALSALSKL,18,875,SW60C80_00875,0,development,remaining_negative,2
2398,neg_1154,INWLKLGKKVSAIL,14,788,SW60C80_00788,0,development,remaining_negative,2
2399,neg_1155,GASGLIPVMRN,11,45,SW60C80_00045,0,development,remaining_negative,5
2400,neg_1157,SPHYNFGL,8,53,SW60C80_00053,0,development,remaining_negative,1
2401,neg_1158,QDKPFWPPPIYPM,13,956,SW60C80_00956,0,development,remaining_negative,3
2402,neg_1159,AGCKNFFWKTFTSC,14,1405,SW60C80_01405,0,development,remaining_negative,5
2403,neg_1160,YFDPFSLDVWDPFQA,15,1406,SW60C80_01406,0,development,remaining_negative,1
2404,neg_1161,MSQNTKGKLSLVGLSLMI,18,1407,SW60C80_01407,0,development,remaining_negative,2
2405,neg_1162,ARAVGIDLGTTNAVVAVLEG,20,1408,SW60C80_01408,0,development,remaining_negative,3
2406,neg_1163,KIKETNA,7,1409,SW60C80_01409,0,development,remaining_negative,4
2407,neg_1164,FISAIASFLGKFL,13,839,SW60C80_00839,0,development,remaining_negative,4
2408,neg_1165,DADIAVWAPPVNAQN,15,1410,SW60C80_01410,0,development,remaining_negative,5
2409,neg_1166,KPNQDFMRF,9,53,SW60C80_00053,0,development,remaining_negative,1
2410,neg_1167,NAPWAQIDEV,10,1411,SW60C80_01411,0,development,remaining_negative,1
2411,neg_1168,EDDLEDFNPTVS,12,1412,SW60C80_01412,0,development,remaining_negative,5
2412,neg_1170,QKKDKDRFYGLM,12,53,SW60C80_00053,0,development,remaining_negative,1
2413,neg_1171,QQWPRDPAPIPP,12,53,SW60C80_00053,0,development,remaining_negative,1
2414,neg_1172,QKKDKKDRFY,10,961,SW60C80_00961,0,development,remaining_negative,3
2415,neg_1173,TTAIEPFISLGDK,13,1413,SW60C80_01413,0,development,remaining_negative,2
2416,neg_1174,SNSKCPDGPDCFVGLM,16,1414,SW60C80_01414,0,development,remaining_negative,3
2417,neg_1175,GSNDFMRF,8,53,SW60C80_00053,0,development,remaining_negative,1
2418,neg_1176,GLEVLGKILSGIL,13,839,SW60C80_00839,0,development,remaining_negative,4
2419,neg_1177,EPRTPWDWV,9,1415,SW60C80_01415,0,development,remaining_negative,4
2420,neg_1178,FSGSVNQACSGFGWK,15,1416,SW60C80_01416,0,development,remaining_negative,5
2421,neg_1179,DTRPPGFTPFR,11,830,SW60C80_00830,0,development,remaining_negative,3
2422,neg_1180,GPETAFLRL,9,45,SW60C80_00045,0,development,remaining_negative,5
2423,neg_1181,ADTGEGDFLAEGGGVR,16,885,SW60C80_00885,0,development,remaining_negative,3
2424,neg_1182,FQFVNPSDIVFGS,13,1417,SW60C80_01417,0,development,remaining_negative,1
2425,neg_1184,MTRVQFKQHHHHHHPD,16,990,SW60C80_00990,0,development,remaining_negative,5
2426,neg_1185,IEMAEGGNDNIGNESIK,17,1418,SW60C80_01418,0,development,remaining_negative,2
2427,neg_1186,EPVKKKDLKKATVPL,15,1419,SW60C80_01419,0,development,remaining_negative,3
2428,neg_1187,GVDSSFVRL,9,45,SW60C80_00045,0,development,remaining_negative,5
2429,neg_1188,PRLRRLTGLSPLRAP,15,1420,SW60C80_01420,0,development,remaining_negative,4
2430,neg_1189,MMKHVIILVILLVISFQAY,19,1108,SW60C80_01108,0,development,remaining_negative,4
2431,neg_1190,AYRKPPFNGSIF,12,1421,SW60C80_01421,0,development,remaining_negative,2
2432,neg_1191,EQFEDYGHMRF,11,912,SW60C80_00912,0,development,remaining_negative,2
2433,neg_1192,ASNVPKELVEKGQNRV,16,1422,SW60C80_01422,0,development,remaining_negative,5
2434,neg_1193,NFLGTLINLAKKIM,14,1001,SW60C80_01001,0,development,remaining_negative,4
2435,neg_1194,QHWSHGWLPG,10,1320,SW60C80_01320,0,development,remaining_negative,5
2436,neg_1195,KETNAKPP,8,1357,SW60C80_01357,0,development,remaining_negative,2
2437,neg_1196,AESGFQPVVDRKGD,14,1423,SW60C80_01423,0,development,remaining_negative,1
2438,neg_1197,PAPESSFIRDP,11,878,SW60C80_00878,0,development,remaining_negative,3
2439,neg_1199,IECEVCMKPGDRCNGSMMT,19,1424,SW60C80_01424,0,development,remaining_negative,2
2440,neg_1200,FCTMIPIPRCY,11,880,SW60C80_00880,0,development,remaining_negative,5
2441,neg_1202,ATSGPMGWLPVFYRF,15,1425,SW60C80_01425,0,development,remaining_negative,3
2442,neg_1203,DGCCIAKQCC,10,979,SW60C80_00979,0,development,remaining_negative,5
2443,neg_1204,TPLWSLMQDLMM,12,1426,SW60C80_01426,0,development,remaining_negative,4
2444,neg_1205,QWAQWPRPTPQIPP,14,53,SW60C80_00053,0,development,remaining_negative,1
2445,neg_1206,MVDKFNNSDC,10,1427,SW60C80_01427,0,development,remaining_negative,5
2446,neg_1207,SCNCVCGVCCSCSP,14,1374,SW60C80_01374,0,development,remaining_negative,1
2447,neg_1208,QSPGCCWNPACVKNRC,16,1428,SW60C80_01428,0,development,remaining_negative,1
2448,neg_1209,SASGSGESSGMWFGPRL,17,785,SW60C80_00785,0,development,remaining_negative,2
2449,neg_1210,SIVLRGKAPFR,11,1429,SW60C80_01429,0,development,remaining_negative,2
2450,neg_1211,CCSQDCRVCIPCCPY,15,787,SW60C80_00787,0,development,remaining_negative,2
2451,neg_1214,AYSNLNYLRF,10,53,SW60C80_00053,0,development,remaining_negative,1
2452,neg_1215,PVVDTTGNNPLQQQEEYYV,19,1430,SW60C80_01430,0,development,remaining_negative,3
2453,neg_1216,GLGPRPLRF,9,1431,SW60C80_01431,0,development,remaining_negative,4
2454,neg_1217,SPTEQPYSSAAPLI,14,1432,SW60C80_01432,0,development,remaining_negative,5
2455,neg_1218,TGVNYGQLGNNLP,13,1433,SW60C80_01433,0,development,remaining_negative,1
2456,neg_1219,GLVDVLGKVGGLIKKLLPG,19,1252,SW60C80_01252,0,development,remaining_negative,5
2457,neg_1220,EDKYTDKYDNINLDE,15,1434,SW60C80_01434,0,development,remaining_negative,2
2458,neg_1221,AKEKEVTFQ,9,1435,SW60C80_01435,0,development,remaining_negative,3
2459,neg_1222,DFKCPSEWYAYDQHCYRIIN,20,1436,SW60C80_01436,0,development,remaining_negative,4
2460,neg_1223,PYDRISGSAFSDF,13,999,SW60C80_00999,0,development,remaining_negative,2
2461,neg_1224,GRGASSNYVRL,11,892,SW60C80_00892,0,development,remaining_negative,4
2462,neg_1225,DTHKSEIAHRQPDLG,15,1437,SW60C80_01437,0,development,remaining_negative,5
2463,neg_1226,DHMSHDVYSPRL,12,1211,SW60C80_01211,0,development,remaining_negative,4
2464,neg_1227,SPALDDERNDNFIRL,15,1163,SW60C80_01163,0,development,remaining_negative,2
2465,neg_1229,FISAIASMLGKFL,13,839,SW60C80_00839,0,development,remaining_negative,4
2466,neg_1230,FLSALLGMLKNL,12,1438,SW60C80_01438,0,development,remaining_negative,1
2467,neg_1231,QPNPDEFVGLM,11,53,SW60C80_00053,0,development,remaining_negative,1
2468,neg_1232,GTLKGIPTDDEQATGLERRT,20,1439,SW60C80_01439,0,development,remaining_negative,2
2469,neg_1233,WLNALLHHGLNCAKGVLA,18,1440,SW60C80_01440,0,development,remaining_negative,4
2470,neg_1234,CCDDSECSTSCWPCCY,16,1441,SW60C80_01441,0,development,remaining_negative,3
2471,neg_1235,NSMERVEELRKKLQD,15,1442,SW60C80_01442,0,development,remaining_negative,4
2472,neg_1236,GYPRKTVDVFTFTN,14,1443,SW60C80_01443,0,development,remaining_negative,5
2473,neg_1237,GFKNVQLSTARGF,13,1444,SW60C80_01444,0,development,remaining_negative,1
2474,neg_1238,LMCTHPLDCSN,11,1445,SW60C80_01445,0,development,remaining_negative,2
2475,neg_1241,ASLFNAPRV,9,45,SW60C80_00045,0,development,remaining_negative,5
2476,neg_1242,FMRF,4,108,SW60C80_00108,0,development,remaining_negative,4
2477,neg_1243,SADIVKKLWDNPAL,14,1446,SW60C80_01446,0,development,remaining_negative,3
2478,neg_1244,MRELIRLVSSAGTGHFYT,18,1447,SW60C80_01447,0,development,remaining_negative,4
2479,neg_1245,WKEMSVW,7,1037,SW60C80_01037,0,development,remaining_negative,3
2480,neg_1246,GSGADCFWKYCV,12,790,SW60C80_00790,0,development,remaining_negative,4
2481,neg_1248,LVPFLGRTLGGLLARL,16,1168,SW60C80_01168,0,development,remaining_negative,3
2482,neg_1249,TDTEFEAAGGGVR,13,885,SW60C80_00885,0,development,remaining_negative,3
2483,neg_1250,AEGDGSVDTP,10,1448,SW60C80_01448,0,development,remaining_negative,5
2484,neg_1252,TSHGGGKAGKSKLLDVNY,18,1449,SW60C80_01449,0,development,remaining_negative,1
2485,neg_1254,GCVLYPWC,8,838,SW60C80_00838,0,development,remaining_negative,5
2486,neg_1255,PASDSGFLRDP,11,878,SW60C80_00878,0,development,remaining_negative,3
2487,neg_1256,DLDVNVFNR,9,53,SW60C80_00053,0,development,remaining_negative,1
2488,neg_1257,YLTCNLR,7,1450,SW60C80_01450,0,development,remaining_negative,2
2489,neg_1258,GVYVIEEDVATYTIK,15,1451,SW60C80_01451,0,development,remaining_negative,3
2490,neg_1259,QHWSHGLSPG,10,1320,SW60C80_01320,0,development,remaining_negative,5
2491,neg_1261,QHWSDYFKPG,10,1320,SW60C80_01320,0,development,remaining_negative,5
2492,neg_1262,GSHWAVGHLM,10,1452,SW60C80_01452,0,development,remaining_negative,4
2493,neg_1264,KPNFIRF,7,53,SW60C80_00053,0,development,remaining_negative,1
2494,neg_1265,SSSGLISMPRV,11,45,SW60C80_00045,0,development,remaining_negative,5
2495,neg_1266,ADKNFLRF,8,53,SW60C80_00053,0,development,remaining_negative,1
2496,neg_1268,RPLSWLPK,8,1453,SW60C80_01453,0,development,remaining_negative,5
2497,neg_1269,QERRQSPE,8,1454,SW60C80_01454,0,development,remaining_negative,1
2498,neg_1270,KHFGKDSNFPFGT,13,1455,SW60C80_01455,0,development,remaining_negative,2
2499,neg_1271,DDFLCAGGCL,10,1456,SW60C80_01456,0,development,remaining_negative,3
2500,neg_1272,NRPTYVPPPPRPPHPRL,17,894,SW60C80_00894,0,development,remaining_negative,3
2501,neg_1273,VSHNNFLRF,9,53,SW60C80_00053,0,development,remaining_negative,1
2502,neg_1274,DVPASIDWREYGYVTEVKD,19,1457,SW60C80_01457,0,development,remaining_negative,4
2503,neg_1275,FLFPLITSFLSKVL,14,1458,SW60C80_01458,0,development,remaining_negative,5
2504,neg_1276,EQCQDMAGGAR,11,1459,SW60C80_01459,0,development,remaining_negative,1
2505,neg_1277,IIGHLIKTALGMLGL,15,1460,SW60C80_01460,0,development,remaining_negative,2
2506,neg_1278,CCDWDWCDHICTCCGG,16,1461,SW60C80_01461,0,development,remaining_negative,3
2507,neg_1279,GVLSLLKKLPMILKHLHGK,19,874,SW60C80_00874,0,development,remaining_negative,3
2508,neg_1280,LDLTPGSHVDSYVEA,15,1462,SW60C80_01462,0,development,remaining_negative,4
2509,neg_1281,SDAVADGVHAISGVVDS,17,811,SW60C80_00811,0,development,remaining_negative,4
2510,neg_1282,MLLLKHGRIEILDQNTMYG,19,1463,SW60C80_01463,0,development,remaining_negative,5
2511,neg_1283,ISGKPARTPT,10,1021,SW60C80_01021,0,development,remaining_negative,2
2512,neg_1285,FLGGLMKAFPAIICAVTKKC,20,1093,SW60C80_01093,0,development,remaining_negative,5
2513,neg_1286,SPSQDFMRF,9,53,SW60C80_00053,0,development,remaining_negative,1
2514,neg_1287,QPHPNEFVGLM,11,53,SW60C80_00053,0,development,remaining_negative,1
2515,neg_1288,MVKLRLKRCGRK,12,1464,SW60C80_01464,0,development,remaining_negative,1
2516,neg_1289,GPDSSFLRL,9,45,SW60C80_00045,0,development,remaining_negative,5
2517,neg_1290,RCCGYKFCHIC,11,983,SW60C80_00983,0,development,remaining_negative,3
2518,neg_1291,SMPSLRLRF,9,1465,SW60C80_01465,0,development,remaining_negative,1
2519,neg_1292,WTFGQGTKVEIK,12,1466,SW60C80_01466,0,development,remaining_negative,2
2520,neg_1293,GILDAIKAIAKAAG,14,1467,SW60C80_01467,0,development,remaining_negative,3
2521,neg_1294,ANAKVPSHTISNPF,14,1468,SW60C80_01468,0,development,remaining_negative,4
2522,neg_1295,GADFQECMKEHSQKQHQHQG,20,1469,SW60C80_01469,0,development,remaining_negative,5
2523,neg_1296,APSSMGFMGMR,11,53,SW60C80_00053,0,development,remaining_negative,1
2524,neg_1297,SDIGISEPNFLRF,13,1470,SW60C80_01470,0,development,remaining_negative,1
2525,neg_1298,YGLAADHVLDAR,12,1471,SW60C80_01471,0,development,remaining_negative,2
2526,neg_1299,FLPIIAGMAAKVICAITKKC,20,935,SW60C80_00935,0,development,remaining_negative,4
2527,neg_1300,VGVCCGYKLCHPC,13,983,SW60C80_00983,0,development,remaining_negative,3
2528,neg_1301,HEEQITQPSATNDEA,15,1472,SW60C80_01472,0,development,remaining_negative,3
2529,neg_1303,VCCPFGRCHQICQCCER,17,1473,SW60C80_01473,0,development,remaining_negative,4
2530,neg_1304,LNLKGIFKKVASLLT,15,1094,SW60C80_01094,0,development,remaining_negative,4
2531,neg_1305,SQTQSFNFNKFEQNK,15,1474,SW60C80_01474,0,development,remaining_negative,3
2532,neg_1306,GLIDVRCYDSSQCE,14,1475,SW60C80_01475,0,development,remaining_negative,5
2533,neg_1307,IMYDCCSGSCSGYTGRC,17,1476,SW60C80_01476,0,development,remaining_negative,1
2534,neg_1308,GCCGVPSCMAGCRPCC,16,787,SW60C80_00787,0,development,remaining_negative,2
2535,neg_1309,NRPTYVPAPPRPPHPRL,17,894,SW60C80_00894,0,development,remaining_negative,3
2536,neg_1310,AHSDAVTPLPARSKV,15,1477,SW60C80_01477,0,development,remaining_negative,2
2537,neg_1311,MGQEQGIPWIL,11,1312,SW60C80_01312,0,development,remaining_negative,3
2538,neg_1313,QWPRPTPQIPP,11,53,SW60C80_00053,0,development,remaining_negative,1
2539,neg_1314,GIAEFLNYIKSKA,13,1478,SW60C80_01478,0,development,remaining_negative,3
2540,neg_1316,GTTGT,5,1479,SW60C80_01479,0,development,remaining_negative,4
2541,neg_1317,CSVVDLAR,8,1480,SW60C80_01480,0,development,remaining_negative,5
2542,neg_1319,KVPVDDQFRRVNNGGATDTR,20,1481,SW60C80_01481,0,development,remaining_negative,1
2543,neg_1320,GIIDIAKKLVGGIRNVLGI,19,937,SW60C80_00937,0,development,remaining_negative,3
2544,neg_1321,VVAFERAK,8,1482,SW60C80_01482,0,development,remaining_negative,2
2545,neg_1322,QHWSLCHAPG,10,1320,SW60C80_01320,0,development,remaining_negative,5
2546,neg_1323,GILDVAKTLVGKLRNVLGI,19,937,SW60C80_00937,0,development,remaining_negative,3
2547,neg_1324,EATVDMPLD,9,1483,SW60C80_01483,0,development,remaining_negative,3
2548,neg_1325,GLLGFVGSLLGGLGI,15,839,SW60C80_00839,0,development,remaining_negative,4
2549,neg_1326,VTAKAVAAAEAASSAR,16,1484,SW60C80_01484,0,development,remaining_negative,4
2550,neg_1327,SADPNFLRF,9,53,SW60C80_00053,0,development,remaining_negative,1
2551,neg_1329,ETISFNFNQFQQND,14,1474,SW60C80_01474,0,development,remaining_negative,3
2552,neg_1330,DRVYIHPFHLLVYS,14,1485,SW60C80_01485,0,development,remaining_negative,5
2553,neg_1331,MLSKGVLSARLFNLIYG,17,1486,SW60C80_01486,0,development,remaining_negative,1
2554,neg_1332,GYEEREVAETVRELDAA,17,1487,SW60C80_01487,0,development,remaining_negative,2
2555,neg_1333,TEVTFKVGEGSSGKS,15,1488,SW60C80_01488,0,development,remaining_negative,3
2556,neg_1334,CCSQDCLVCIPCCPN,15,787,SW60C80_00787,0,development,remaining_negative,2
2557,neg_1335,RGDKDIFTVHDILKARGEI,19,1489,SW60C80_01489,0,development,remaining_negative,4
2558,neg_1336,AELPQGLWVRPRLG,14,881,SW60C80_00881,0,development,remaining_negative,3
2559,neg_1337,AADIFAKFKTSMEVK,15,1490,SW60C80_01490,0,development,remaining_negative,5
2560,neg_1338,ITAKPAKTPT,10,1021,SW60C80_01021,0,development,remaining_negative,2
2561,neg_1339,CVQSCSFGPLTWSCDGNTK,19,1491,SW60C80_01491,0,development,remaining_negative,4
2562,neg_1340,SDYLQLART,9,1213,SW60C80_01213,0,development,remaining_negative,5
2563,neg_1341,GLFDIVKKVVGAFGSL,16,839,SW60C80_00839,0,development,remaining_negative,4
2564,neg_1342,GGCCSHPACAANNQDYC,17,854,SW60C80_00854,0,development,remaining_negative,3
2565,neg_1343,RTCIPIPLVMC,11,880,SW60C80_00880,0,development,remaining_negative,5
2566,neg_1344,TDRNFLRL,8,53,SW60C80_00053,0,development,remaining_negative,1
2567,neg_1345,KEGYLLGSRG,10,889,SW60C80_00889,0,development,remaining_negative,4
2568,neg_1346,APAAGFFGMR,10,53,SW60C80_00053,0,development,remaining_negative,1
2569,neg_1347,LGIYSDAGTQTCSK,14,1492,SW60C80_01492,0,development,remaining_negative,1
2570,neg_1348,GFTPFRIY,8,830,SW60C80_00830,0,development,remaining_negative,3
2571,neg_1349,DVNGGGHTLPQPLYQTTVVL,20,888,SW60C80_00888,0,development,remaining_negative,2
2572,neg_1350,FLSLIPHAISAISAIADHL,19,875,SW60C80_00875,0,development,remaining_negative,2
2573,neg_1351,FFPIIAGMAAKVICAITKKC,20,935,SW60C80_00935,0,development,remaining_negative,4
2574,neg_1352,FENEDEGYFQDPEDCS,16,1493,SW60C80_01493,0,development,remaining_negative,2
2575,neg_1354,MELGLEPADDFKEKLIKLSA,20,1494,SW60C80_01494,0,development,remaining_negative,3
2576,neg_1355,NAKPP,5,4,SW60C80_00004,0,development,remaining_negative,4
2577,neg_1356,VIGGDECNINEHRSLALVY,19,1035,SW60C80_01035,0,development,remaining_negative,4
2578,neg_1357,GGETSGETKGMWFGPRL,17,785,SW60C80_00785,0,development,remaining_negative,2
2579,neg_1358,QKVAVRLKEVVYTLSPHQQN,20,1495,SW60C80_01495,0,development,remaining_negative,4
2580,neg_1359,MRVKLFQLRGMLSGSRIL,18,1496,SW60C80_01496,0,development,remaining_negative,5
2581,neg_1360,SLVSLNEPKDEIYMESQP,18,1497,SW60C80_01497,0,development,remaining_negative,1
2582,neg_1361,FDLLGLLKKVVSGL,14,1148,SW60C80_01148,0,development,remaining_negative,5
2583,neg_1362,APLTNEYLNHLCHKC,15,1498,SW60C80_01498,0,development,remaining_negative,2
2584,neg_1363,NSGGGEGSGMWFGPRL,16,785,SW60C80_00785,0,development,remaining_negative,2
2585,neg_1364,GIGGKPVQTAFVDNDGIYD,19,1499,SW60C80_01499,0,development,remaining_negative,3
2586,neg_1365,GGSSGLISMPRV,12,45,SW60C80_00045,0,development,remaining_negative,5
2587,neg_1366,MADEALQHTFFA,12,1500,SW60C80_01500,0,development,remaining_negative,4
2588,neg_1368,EPYAFGL,7,53,SW60C80_00053,0,development,remaining_negative,1
2589,neg_1369,WVDADLNGLR,10,1501,SW60C80_01501,0,development,remaining_negative,5
2590,neg_1370,GHAKKDKKIQKK,12,1110,SW60C80_01110,0,development,remaining_negative,3
2591,neg_1371,TVAACNSPKVGLDSDAELVR,20,1502,SW60C80_01502,0,development,remaining_negative,1
2592,neg_1372,DASFSSWG,8,954,SW60C80_00954,0,development,remaining_negative,5
2593,neg_1373,QGGAGWPPIPP,11,53,SW60C80_00053,0,development,remaining_negative,1
2594,neg_1374,RVCFAIPLPICH,12,880,SW60C80_00880,0,development,remaining_negative,5
2595,neg_1375,TYKKPPFNGSIF,12,1421,SW60C80_01421,0,development,remaining_negative,2
2596,neg_1376,NQDCRPGWSFYEQNCYKVF,19,1503,SW60C80_01503,0,development,remaining_negative,5
2597,neg_1377,ECCNPACGRHYSCGK,15,804,SW60C80_00804,0,development,remaining_negative,2
2598,neg_1378,GFIGDIWSGIQG,12,946,SW60C80_00946,0,development,remaining_negative,4
2599,neg_1379,NSELINAILGSPTLMGEV,18,807,SW60C80_00807,0,development,remaining_negative,3
2600,neg_1380,QGRPPGPPIPP,11,53,SW60C80_00053,0,development,remaining_negative,1
2601,neg_1381,MPDPAKTAPKKKSKKAVT,18,1504,SW60C80_01504,0,development,remaining_negative,2
2602,neg_1382,MNNSTKFCFSRFRTGN,16,1505,SW60C80_01505,0,development,remaining_negative,3
2603,neg_1383,SGGGNVIMNQMNKRNHAKD,19,1506,SW60C80_01506,0,development,remaining_negative,4
2604,neg_1385,DVSLPAEGFR,10,1507,SW60C80_01507,0,development,remaining_negative,5
2605,neg_1386,ATFDIVNQCTFT,12,1508,SW60C80_01508,0,development,remaining_negative,1
2606,neg_1387,GNALGKEGLKAI,12,1509,SW60C80_01509,0,development,remaining_negative,2
2607,neg_1388,KEQPEFVPY,9,1510,SW60C80_01510,0,development,remaining_negative,3
2608,neg_1389,AIVGRPRF,8,1064,SW60C80_01064,0,development,remaining_negative,5
2609,neg_1390,TNDFMRF,7,53,SW60C80_00053,0,development,remaining_negative,1
2610,neg_1391,DEGPKSDCKP,10,1511,SW60C80_01511,0,development,remaining_negative,4
2611,neg_1392,DPSFNSWG,8,954,SW60C80_00954,0,development,remaining_negative,5
2612,neg_1393,LPLDDLSDT,9,1512,SW60C80_01512,0,development,remaining_negative,5
2613,neg_1394,DCCPCPAGAVRCRFACC,17,1513,SW60C80_01513,0,development,remaining_negative,1
2614,neg_1395,EITVEPVRHPKKDPSEAE,18,1514,SW60C80_01514,0,development,remaining_negative,2
2615,neg_1396,CKQSCSFGPFTFVCDGNTK,19,1491,SW60C80_01491,0,development,remaining_negative,4
2616,neg_1397,APPGFTPFRS,10,830,SW60C80_00830,0,development,remaining_negative,3
2617,neg_1398,ESLPLAAFHQVDVYTAK,17,1515,SW60C80_01515,0,development,remaining_negative,3
2618,neg_1399,DEPPQTPWDRVKDLVTVYVE,20,1516,SW60C80_01516,0,development,remaining_negative,4
2619,neg_1400,MLLHRLSKFCKIERDIVYIS,20,1517,SW60C80_01517,0,development,remaining_negative,5
2620,neg_1401,KRRPPGFTPFR,11,830,SW60C80_00830,0,development,remaining_negative,3
2621,neg_1402,AVPDVAFNAYG,11,1518,SW60C80_01518,0,development,remaining_negative,1
2622,neg_1403,GLLGLGYGGY,10,1519,SW60C80_01519,0,development,remaining_negative,2
2623,neg_1404,TDPLWQLPGAHLEQYLS,17,1520,SW60C80_01520,0,development,remaining_negative,3
2624,neg_1405,APQEPNQFQLLKYH,14,1521,SW60C80_01521,0,development,remaining_negative,4
2625,neg_1406,EKDCYHERDC,10,1522,SW60C80_01522,0,development,remaining_negative,5
2626,neg_1407,MKITPLGDNVVIKKLLATA,19,1523,SW60C80_01523,0,development,remaining_negative,1
2627,neg_1409,GHGGASNYVRL,11,892,SW60C80_00892,0,development,remaining_negative,4
2628,neg_1410,MTSDYRVSPIKKSRPAMSK,19,1524,SW60C80_01524,0,development,remaining_negative,2
2629,neg_1411,GSNIEVMLGLPNSDVK,16,1525,SW60C80_01525,0,development,remaining_negative,3
2630,neg_1412,GPVEIYYLQSADAKG,15,1526,SW60C80_01526,0,development,remaining_negative,4
2631,neg_1413,EEEDKKEDVGTVVGI,15,1527,SW60C80_01527,0,development,remaining_negative,5
2632,neg_1414,KRTKAPFSRVVKFSIDEIRN,20,1528,SW60C80_01528,0,development,remaining_negative,1
2633,neg_1415,DFIGSSTNVIMVASTTLMLF,20,1529,SW60C80_01529,0,development,remaining_negative,2
2634,neg_1416,QEYTGWMDF,9,927,SW60C80_00927,0,development,remaining_negative,3
2635,neg_1417,SRLPPATRDKLADEITFFPA,20,1530,SW60C80_01530,0,development,remaining_negative,3
2636,neg_1418,YYTVLFGVSRALGLPLERPK,20,1531,SW60C80_01531,0,development,remaining_negative,4
2637,neg_1419,NFSCPPDWYAYD,12,1532,SW60C80_01532,0,development,remaining_negative,5
2638,neg_1420,SKSLFYQKQYDNINE,15,1533,SW60C80_01533,0,development,remaining_negative,1
2639,neg_1421,VDPAQVSGSWRTAAIASD,18,1534,SW60C80_01534,0,development,remaining_negative,2
2640,neg_1422,IDWLKLGKMVMDVL,14,788,SW60C80_00788,0,development,remaining_negative,2
2641,neg_1423,LTCYKGYHDTVVCKP,15,1535,SW60C80_01535,0,development,remaining_negative,3
2642,neg_1424,VKVYNQFGTKVELGVSMRIF,20,1536,SW60C80_01536,0,development,remaining_negative,4
2643,neg_1425,DVLELTDENFESRVSSDTG,19,1537,SW60C80_01537,0,development,remaining_negative,5
2644,neg_1426,AGGTSGLYAFPRV,13,45,SW60C80_00045,0,development,remaining_negative,5
2645,neg_1427,AMAGTATVQGQGTR,14,1538,SW60C80_01538,0,development,remaining_negative,1
2646,neg_1428,FLFVGDL,7,1539,SW60C80_01539,0,development,remaining_negative,2
2647,neg_1429,MDSVSVNQIL,10,1540,SW60C80_01540,0,development,remaining_negative,3
2648,neg_1430,QLASDDYGHMRF,12,1541,SW60C80_01541,0,development,remaining_negative,4
2649,neg_1431,QQGEGGPYGGLSPLRFS,17,1542,SW60C80_01542,0,development,remaining_negative,5
2650,neg_1432,EQYMVAFWM,9,1543,SW60C80_01543,0,development,remaining_negative,1
2651,neg_1433,VERYAFGL,8,53,SW60C80_00053,0,development,remaining_negative,1
2652,neg_1434,FFTTFDKDNDDQQNDN,16,1544,SW60C80_01544,0,development,remaining_negative,2
2653,neg_1435,ESGINLQGDATLANN,15,1545,SW60C80_01545,0,development,remaining_negative,3
2654,neg_1436,SPPSQDFMRF,10,53,SW60C80_00053,0,development,remaining_negative,1
2655,neg_1437,ARDGYIVDEKGCKFACFIN,19,1546,SW60C80_01546,0,development,remaining_negative,4
2656,neg_1438,MRNIKVKPFLN,11,1547,SW60C80_01547,0,development,remaining_negative,5
2657,neg_1439,RTCIPIPPVCF,11,880,SW60C80_00880,0,development,remaining_negative,5
2658,neg_1440,QKKDKKDKFYGLM,13,53,SW60C80_00053,0,development,remaining_negative,1
2659,neg_1441,MFYLSDLLLHVIGFG,15,1548,SW60C80_01548,0,development,remaining_negative,1
2660,neg_1442,GLLGSIGNAIGAFIANKLKP,20,1549,SW60C80_01549,0,development,remaining_negative,2
2661,neg_1444,MADQLTEEQIAEF,13,1550,SW60C80_01550,0,development,remaining_negative,3
2662,neg_1445,VVSLSIPR,8,1551,SW60C80_01551,0,development,remaining_negative,4
2663,neg_1446,APSSGFFGTR,10,53,SW60C80_00053,0,development,remaining_negative,1
2664,neg_1447,MDETIVTDKGVAEFSFFKF,19,1552,SW60C80_01552,0,development,remaining_negative,5
2665,neg_1448,CCPPVIWCC,9,836,SW60C80_00836,0,development,remaining_negative,2
2666,neg_1449,IWSGIQSAF,9,1553,SW60C80_01553,0,development,remaining_negative,2
2667,neg_1450,AKLDFDRSKEHVNVGTIGVH,20,1554,SW60C80_01554,0,development,remaining_negative,1
2668,neg_1451,INLKALAALAKKIL,14,1001,SW60C80_01001,0,development,remaining_negative,4
2669,neg_1452,AAGQDNFMRF,10,53,SW60C80_00053,0,development,remaining_negative,1
2670,neg_1453,IGGIISFFKRLF,12,928,SW60C80_00928,0,development,remaining_negative,2
2671,neg_1454,ILGKFCDEIKRIV,13,1555,SW60C80_01555,0,development,remaining_negative,2
2672,neg_1456,MKVYTDIFTRDEFLSDSYPM,20,1556,SW60C80_01556,0,development,remaining_negative,3
2673,neg_1457,DEPKPDQFVGLM,12,53,SW60C80_00053,0,development,remaining_negative,1
2674,neg_1458,PTHIKWGD,8,1557,SW60C80_01557,0,development,remaining_negative,4
2675,neg_1459,LVPFRPRL,8,223,SW60C80_00223,0,development,remaining_negative,3
2676,neg_1460,RPPGFSPF,8,830,SW60C80_00830,0,development,remaining_negative,3
2677,neg_1461,GVGCSSGCHKVGGQCRCG,18,1558,SW60C80_01558,0,development,remaining_negative,5
2678,neg_1462,LIPNDQLRSI,10,1559,SW60C80_01559,0,development,remaining_negative,1
2679,neg_1463,ANDPQCLYGNVAAKF,15,1560,SW60C80_01560,0,development,remaining_negative,2
2680,neg_1464,SIPLPSLNFEQFGNMIQCTI,20,1561,SW60C80_01561,0,development,remaining_negative,3
2681,neg_1465,RPSFNSWG,8,954,SW60C80_00954,0,development,remaining_negative,5
2682,neg_1467,QADPKTFYGLM,11,53,SW60C80_00053,0,development,remaining_negative,1
2683,neg_1469,LAEQAERYEEMVEFMEK,17,1562,SW60C80_01562,0,development,remaining_negative,4
2684,neg_1470,DEVKIVLD,8,1563,SW60C80_01563,0,development,remaining_negative,5
2685,neg_1471,DGYTPRL,7,1564,SW60C80_01564,0,development,remaining_negative,1
2686,neg_1472,GFGSLLGKALKIGTNLL,17,1114,SW60C80_01114,0,development,remaining_negative,3
2687,neg_1473,METTNESLGYTDQIIGPVLD,20,1565,SW60C80_01565,0,development,remaining_negative,2
2688,neg_1474,SIYERCELARELINR,15,1566,SW60C80_01566,0,development,remaining_negative,3
2689,neg_1475,QIPWFHR,7,1567,SW60C80_01567,0,development,remaining_negative,4
2690,neg_1476,VDKGSYLPRPTPPRPIYNRN,20,1568,SW60C80_01568,0,development,remaining_negative,5
2691,neg_1477,ADDKNPLEECFCEDDDYCEG,20,1287,SW60C80_01287,0,development,remaining_negative,4
2692,neg_1478,AAKIKKGDNVVVLTG,15,1569,SW60C80_01569,0,development,remaining_negative,1
2693,neg_1479,LPTGPNNPTTLDNSSII,17,1570,SW60C80_01570,0,development,remaining_negative,2
2694,neg_1480,SDRNFLRF,8,53,SW60C80_00053,0,development,remaining_negative,1
2695,neg_1481,AVREYHWFVE,10,1571,SW60C80_01571,0,development,remaining_negative,3
2696,neg_1482,QHWSHDWKPG,10,1320,SW60C80_01320,0,development,remaining_negative,5
2697,neg_1483,VVGGAECKIDGHRCLALLY,19,1035,SW60C80_01035,0,development,remaining_negative,4
2698,neg_1484,VRDAYIAEDYDCVYHCARDA,20,1572,SW60C80_01572,0,development,remaining_negative,4
2699,neg_1485,GDGTGPGPGP,10,1573,SW60C80_01573,0,development,remaining_negative,5
2700,neg_1486,HYQEVPRQIQEKLIKGQ,17,1574,SW60C80_01574,0,development,remaining_negative,1
2701,neg_1487,QSSFHSWG,8,954,SW60C80_00954,0,development,remaining_negative,5
2702,neg_1488,CCTPFYFCCNN,11,1575,SW60C80_01575,0,development,remaining_negative,2
2703,neg_1489,KMLGVVAKKPMSDYE,15,1576,SW60C80_01576,0,development,remaining_negative,3
2704,neg_1491,TRRFDDVLDEVKGFFEVH,18,1577,SW60C80_01577,0,development,remaining_negative,4
2705,neg_1492,SDAVADGDHAISGVVDS,17,811,SW60C80_00811,0,development,remaining_negative,4
2706,neg_1493,GLGNNAFLGVR,11,588,SW60C80_00588,0,development,remaining_negative,1
2707,neg_1495,LSLHEYMSMELLQEAGVSIP,20,1578,SW60C80_01578,0,development,remaining_negative,5
2708,neg_1496,MIFNDLIGNNNIGD,14,1579,SW60C80_01579,0,development,remaining_negative,1
2709,neg_1497,ALLHHGLNCAKGVLA,15,1440,SW60C80_01440,0,development,remaining_negative,4
2710,neg_1498,QKKDKKDRFYGLM,13,53,SW60C80_00053,0,development,remaining_negative,1
2711,neg_1499,MKNSVAEH,8,1580,SW60C80_01580,0,development,remaining_negative,2
2712,neg_1500,GANDFMRF,8,53,SW60C80_00053,0,development,remaining_negative,1
2713,neg_1501,FKSLTKYSPGRQN,13,1581,SW60C80_01581,0,development,remaining_negative,3
2714,neg_1502,MRNYSFGL,8,53,SW60C80_00053,0,development,remaining_negative,1
2715,neg_1503,AMPMLRL,7,1582,SW60C80_01582,0,development,remaining_negative,4
2716,neg_1504,EAAGLIPFPRVG,12,45,SW60C80_00045,0,development,remaining_negative,5
2717,neg_1505,RGSNLTHPLRNI,12,970,SW60C80_00970,0,development,remaining_negative,2
2718,neg_1506,GPSSGFFGMR,10,53,SW60C80_00053,0,development,remaining_negative,1
2719,neg_1507,ASGQDFMRF,9,53,SW60C80_00053,0,development,remaining_negative,1
2720,neg_1508,GGETGNDAKAMWFGPRL,17,785,SW60C80_00785,0,development,remaining_negative,2
2721,neg_1509,QRWPSPK,7,1583,SW60C80_01583,0,development,remaining_negative,5
2722,neg_1510,GPSSGFFGTR,10,53,SW60C80_00053,0,development,remaining_negative,1
2723,neg_1511,DPGFSSWG,8,954,SW60C80_00954,0,development,remaining_negative,5
2724,neg_1512,TKTEGSFLAEGGGVR,15,885,SW60C80_00885,0,development,remaining_negative,3
2725,neg_1514,FFVPPAFFPP,10,1584,SW60C80_01584,0,development,remaining_negative,1
2726,neg_1515,FLAKKVAKKLVSHVAQKQLE,20,976,SW60C80_00976,0,development,remaining_negative,2
2727,neg_1516,GKPNRPRPAPIQPRPPHPRL,20,894,SW60C80_00894,0,development,remaining_negative,3
2728,neg_1519,DNSCTPKPSCFF,12,1585,SW60C80_01585,0,development,remaining_negative,2
2729,neg_1520,AEIDFSGIPEDIIKQI,16,1586,SW60C80_01586,0,development,remaining_negative,3
2730,neg_1522,LRPDDLSDT,9,1587,SW60C80_01587,0,development,remaining_negative,4
2731,neg_1523,KDFCHLPPKPGPCRAAI,17,1588,SW60C80_01588,0,development,remaining_negative,5
2732,neg_1524,SDPEVPGMWFGPRL,14,785,SW60C80_00785,0,development,remaining_negative,2
2733,neg_1526,GLLSSLGLNL,10,839,SW60C80_00839,0,development,remaining_negative,4
2734,neg_1527,GFGALFKFL,9,848,SW60C80_00848,0,development,remaining_negative,4
2735,0_neg_519,APSLGFHGVR,10,53,SW60C80_00053,0,released_test,published_independent_test,1
2736,1_pos_524,RHQ,3,23,SW60C80_00023,1,released_test,published_independent_test,2
2737,0_neg_766,FLPMIAKLLGGLL,13,839,SW60C80_00839,0,released_test,published_independent_test,4
2738,0_neg_402,LRPAVIRPKGK,11,799,SW60C80_00799,0,released_test,published_independent_test,4
2739,0_neg_539,TKQTLKVLITGAAGQIGYSL,20,985,SW60C80_00985,0,released_test,published_independent_test,4
2740,1_pos_1368,YFYPQL,6,48,SW60C80_00048,1,released_test,published_independent_test,5
2741,0_neg_1198,SLDFPALW,8,325,SW60C80_00325,0,released_test,published_independent_test,3
2742,0_neg_1183,KNWAVLVAGSNGWPNYRHHA,20,1589,SW60C80_01589,0,released_test,published_independent_test,1
2743,0_neg_514,YPCKLNLKLGKVPFH,15,1590,SW60C80_01590,0,released_test,published_independent_test,2
2744,1_pos_219,GEPGPPGAP,9,53,SW60C80_00053,1,released_test,published_independent_test,1
2745,0_neg_653,ENGQLDGVIDPK,12,1591,SW60C80_01591,0,released_test,published_independent_test,3
2746,1_pos_972,YSTA,4,628,SW60C80_00628,1,released_test,published_independent_test,1
2747,1_pos_1308,NLPLL,5,606,SW60C80_00606,1,released_test,published_independent_test,1
2748,0_neg_410,QHWSHGWYPG,10,1320,SW60C80_01320,0,released_test,published_independent_test,5
2749,1_pos_39,YYT,3,23,SW60C80_00023,1,released_test,published_independent_test,2
2750,0_neg_114,FGVLNFF,7,1592,SW60C80_01592,0,released_test,published_independent_test,4
2751,1_pos_786,MK,2,1593,SW60C80_01593,1,released_test,published_independent_test,1
2752,1_pos_1430,NWDDMEK,7,194,SW60C80_00194,1,released_test,published_independent_test,5
2753,0_neg_584,VQPPHSHGDNFYIWT,15,1594,SW60C80_01594,0,released_test,published_independent_test,5
2754,0_neg_1251,RGSNLTIHPLRNIIDLFYVG,20,970,SW60C80_00970,0,released_test,published_independent_test,2
2755,0_neg_488,GPSMGFHGMR,10,53,SW60C80_00053,0,released_test,published_independent_test,1
2756,1_pos_63,NEN,3,1595,SW60C80_01595,1,released_test,published_independent_test,2
2757,1_pos_45,SLVYPFPGPIPN,12,4,SW60C80_00004,1,released_test,published_independent_test,4
2758,1_pos_333,AAPFPGQKSLQR,12,1596,SW60C80_01596,1,released_test,published_independent_test,3
2759,0_neg_200,MNKKSIRNVNLKGKRVFDRV,20,1597,SW60C80_01597,0,released_test,published_independent_test,4
2760,1_pos_535,PHCKRM,6,1598,SW60C80_01598,1,released_test,published_independent_test,4
2761,1_pos_1411,LTSGSANATGSR,12,1599,SW60C80_01599,1,released_test,published_independent_test,1
2762,0_neg_1034,KPSPDRFYGLM,11,53,SW60C80_00053,0,released_test,published_independent_test,1
2763,0_neg_328,QVSLKYPEGKMYSFGL,16,1600,SW60C80_01600,0,released_test,published_independent_test,2
2764,0_neg_543,QSAREQG,7,1601,SW60C80_01601,0,released_test,published_independent_test,3
2765,0_neg_858,MSSSHIFIGETIGT,14,1602,SW60C80_01602,0,released_test,published_independent_test,5
2766,1_pos_602,QQPVLGPVRGPFPIIV,16,17,SW60C80_00017,1,released_test,published_independent_test,3
2767,1_pos_909,YYH,3,23,SW60C80_00023,1,released_test,published_independent_test,2
2768,0_neg_94,LQPGLEYQYRYSARV,15,1603,SW60C80_01603,0,released_test,published_independent_test,1
2769,0_neg_277,GFGMLFKFL,9,848,SW60C80_00848,0,released_test,published_independent_test,4
2770,0_neg_1260,DAQEKRQPWIPFV,13,883,SW60C80_00883,0,released_test,published_independent_test,5
2771,0_neg_334,FLPLIGRVLSGIL,13,839,SW60C80_00839,0,released_test,published_independent_test,4
2772,0_neg_1408,VLADVYNVEPETLR,14,1604,SW60C80_01604,0,released_test,published_independent_test,2
2773,0_neg_567,ADGSDPAGGEFLAEGGGVR,19,885,SW60C80_00885,0,released_test,published_independent_test,3
2774,0_neg_896,RSVCSNGCRPKPFGGCSC,18,1605,SW60C80_01605,0,released_test,published_independent_test,3
2775,0_neg_1267,STEQEDP,7,1606,SW60C80_01606,0,released_test,published_independent_test,4
2776,1_pos_470,YLKT,4,1607,SW60C80_01607,1,released_test,published_independent_test,5
2777,0_neg_175,GAVSGLLTNL,10,1109,SW60C80_01109,0,released_test,published_independent_test,2
2778,0_neg_1525,AVTSSVADTTTVVRDDF,17,1608,SW60C80_01608,0,released_test,published_independent_test,5
2779,0_neg_1156,AFVKGSAQRVAHGY,14,1609,SW60C80_01609,0,released_test,published_independent_test,1
2780,0_neg_278,QPEESVFFA,9,1610,SW60C80_01610,0,released_test,published_independent_test,3
2781,0_neg_593,KKDGYPIQENGCKY,14,1069,SW60C80_01069,0,released_test,published_independent_test,5
2782,0_neg_1048,GVLDAFRKIATVVKNLV,17,834,SW60C80_00834,0,released_test,published_independent_test,2
2783,0_neg_610,GALVAAYGLYDGFLTL,16,1611,SW60C80_01611,0,released_test,published_independent_test,2
2784,0_neg_742,RGSNLTTHPLRNIKDLVVYM,20,970,SW60C80_00970,0,released_test,published_independent_test,2
2785,0_neg_574,NDWRNAMYPVVPGHE,15,1612,SW60C80_01612,0,released_test,published_independent_test,4
2786,0_neg_841,LLPIVGNLLNSLL,13,839,SW60C80_00839,0,released_test,published_independent_test,4
2787,0_neg_1046,VRPYLVAF,8,1613,SW60C80_01613,0,released_test,published_independent_test,1
2788,1_pos_147,AGAPDERGPGPAAR,14,53,SW60C80_00053,1,released_test,published_independent_test,1
2789,1_pos_613,LPTSEAAKY,9,1614,SW60C80_01614,1,released_test,published_independent_test,2
2790,1_pos_1338,PEILPDGDHD,10,1615,SW60C80_01615,1,released_test,published_independent_test,3
2791,0_neg_709,AEYDVSDADIEAFYQ,15,1616,SW60C80_01616,0,released_test,published_independent_test,5
2792,0_neg_37,AIGFDGLNDPDIVAR,15,1040,SW60C80_01040,0,released_test,published_independent_test,5
2793,1_pos_103,VEVGGGARAP,10,1617,SW60C80_01617,1,released_test,published_independent_test,4
2794,0_neg_532,DGDALLKPCKLGDMQKLSSA,20,1618,SW60C80_01618,0,released_test,published_independent_test,1
2795,1_pos_135,EPLRY,5,13,SW60C80_00013,1,released_test,published_independent_test,1
2796,0_neg_987,EDDLEDFNPTIA,12,1412,SW60C80_01412,0,released_test,published_independent_test,5
2797,0_neg_1312,DPLNEERRANRYGFGL,16,1619,SW60C80_01619,0,released_test,published_independent_test,2
2798,1_pos_1292,HQTSEFK,7,1620,SW60C80_01620,1,released_test,published_independent_test,3
2799,0_neg_561,AQPSMRLRF,9,1465,SW60C80_01465,0,released_test,published_independent_test,1
2800,0_neg_1148,TPPQPADNFIRF,12,1360,SW60C80_01360,0,released_test,published_independent_test,4
2801,1_pos_462,HRH,3,23,SW60C80_00023,1,released_test,published_independent_test,2
2802,1_pos_1442,VGPWQK,6,1621,SW60C80_01621,1,released_test,published_independent_test,4
2803,0_neg_491,HDRPKFCYLPADPGECMA,18,1622,SW60C80_01622,0,released_test,published_independent_test,5
2804,1_pos_352,IPAGV,5,4,SW60C80_00004,1,released_test,published_independent_test,4
2805,0_neg_1004,QHWSYGWLPG,10,1320,SW60C80_01320,0,released_test,published_independent_test,5
2806,1_pos_832,GKHQQEEENEGGSI,14,1623,SW60C80_01623,1,released_test,published_independent_test,1
2807,1_pos_775,LHY,3,3,SW60C80_00003,1,released_test,published_independent_test,3
2808,1_pos_1215,HYH,3,23,SW60C80_00023,1,released_test,published_independent_test,2
2809,1_pos_217,GGE,3,260,SW60C80_00260,1,released_test,published_independent_test,1
2810,1_pos_505,TVM,3,1624,SW60C80_01624,1,released_test,published_independent_test,2
2811,0_neg_1518,LNLKGLIKKVASLLN,15,1094,SW60C80_01094,0,released_test,published_independent_test,4
2812,1_pos_343,FGHPY,5,139,SW60C80_00139,1,released_test,published_independent_test,4
2813,1_pos_1380,GALAAH,6,1625,SW60C80_01625,1,released_test,published_independent_test,5
2814,1_pos_329,LLPF,4,1626,SW60C80_01626,1,released_test,published_independent_test,3
2815,1_pos_1425,WYSL,4,628,SW60C80_00628,1,released_test,published_independent_test,1
2816,1_pos_1449,YPVEPF,6,4,SW60C80_00004,1,released_test,published_independent_test,4
2817,1_pos_713,LHE,3,3,SW60C80_00003,1,released_test,published_independent_test,3
2818,0_neg_523,KPEEDWGHR,9,951,SW60C80_00951,0,released_test,published_independent_test,2
2819,1_pos_706,PHV,3,116,SW60C80_00116,1,released_test,published_independent_test,4
2820,0_neg_888,KVLAPAEEAPAEAPAAAE,18,1627,SW60C80_01627,0,released_test,published_independent_test,4
2821,0_neg_719,EAAGLLAFPRV,11,45,SW60C80_00045,0,released_test,published_independent_test,5
2822,1_pos_1057,APGAGVY,7,1628,SW60C80_01628,1,released_test,published_independent_test,1
2823,0_neg_1455,ITKDFDALMKYIKRI,15,1629,SW60C80_01629,0,released_test,published_independent_test,3
2824,0_neg_1253,GPDSTFLRL,9,45,SW60C80_00045,0,released_test,published_independent_test,5
2825,0_neg_139,AQSFLRL,7,613,SW60C80_00613,0,released_test,published_independent_test,2
2826,1_pos_472,QWDRQ,5,79,SW60C80_00079,1,released_test,published_independent_test,4
2827,1_pos_603,FPQY,4,1630,SW60C80_01630,1,released_test,published_independent_test,4
2828,1_pos_1201,WYSLAMA,7,628,SW60C80_00628,1,released_test,published_independent_test,1
2829,1_pos_1077,DHHK,4,503,SW60C80_00503,1,released_test,published_independent_test,1
2830,0_neg_187,KWCFRVCYRGICYRKCR,17,827,SW60C80_00827,0,released_test,published_independent_test,3
2831,1_pos_119,REGGGGGYGGGGGGYGGR,18,413,SW60C80_00413,1,released_test,published_independent_test,4
2832,0_neg_1147,GSLGEKYAQKAAEVLTSIIP,20,1631,SW60C80_01631,0,released_test,published_independent_test,2
2833,1_pos_509,LLPHH,5,44,SW60C80_00044,1,released_test,published_independent_test,3
2834,1_pos_1194,RWG,3,692,SW60C80_00692,1,released_test,published_independent_test,2
2835,1_pos_482,IVQNNDSTEYG,11,1632,SW60C80_01632,1,released_test,published_independent_test,5
2836,1_pos_1138,YYY,3,23,SW60C80_00023,1,released_test,published_independent_test,2
2837,0_neg_76,INKYREWKNKKN,12,1633,SW60C80_01633,0,released_test,published_independent_test,1
2838,1_pos_1101,RENIDKPSRA,10,1634,SW60C80_01634,1,released_test,published_independent_test,2
2839,1_pos_200,QWPAQ,5,79,SW60C80_00079,1,released_test,published_independent_test,4
2840,1_pos_1363,YYL,3,15,SW60C80_00015,1,released_test,published_independent_test,1
2841,0_neg_306,AVNVNTNVSAMTAQRYLNQA,20,1635,SW60C80_01635,0,released_test,published_independent_test,3
2842,1_pos_386,QQPVLGPVRGPFP,13,17,SW60C80_00017,1,released_test,published_independent_test,3
2843,0_neg_1005,RPPGFDPFR,9,830,SW60C80_00830,0,released_test,published_independent_test,3
2844,1_pos_921,KAI,3,444,SW60C80_00444,1,released_test,published_independent_test,5
2845,1_pos_216,GTVFEKKALPGPM,13,1636,SW60C80_01636,1,released_test,published_independent_test,4
2846,0_neg_996,DTARLQWH,8,1637,SW60C80_01637,0,released_test,published_independent_test,5
2847,1_pos_1353,IHH,3,3,SW60C80_00003,1,released_test,published_independent_test,3
2848,0_neg_669,AAGQDFMRF,9,53,SW60C80_00053,0,released_test,published_independent_test,1
2849,0_neg_684,IPLDPVAGYKEPA,13,1107,SW60C80_01107,0,released_test,published_independent_test,3
2850,0_neg_1021,GKPNKPRPAPIKPRPPHPRL,20,894,SW60C80_00894,0,released_test,published_independent_test,3
2851,1_pos_1321,RWY,3,23,SW60C80_00023,1,released_test,published_independent_test,2
2852,0_neg_169,PSPPGFSPFR,10,830,SW60C80_00830,0,released_test,published_independent_test,3
2853,1_pos_383,RDRHQKIG,8,1638,SW60C80_01638,1,released_test,published_independent_test,1
2854,1_pos_571,FKK,3,1639,SW60C80_01639,1,released_test,published_independent_test,2
2855,1_pos_1156,PEW,3,11,SW60C80_00011,1,released_test,published_independent_test,5
2856,0_neg_628,GVGSFIHKVVSAIKNVA,17,971,SW60C80_00971,0,released_test,published_independent_test,5
2857,1_pos_1394,DDGGK,5,13,SW60C80_00013,1,released_test,published_independent_test,1
2858,0_neg_472,MMIPGHFDYHRPKSV,15,1640,SW60C80_01640,0,released_test,published_independent_test,4
2859,0_neg_758,SASGGAGESSGMWFGPRL,18,785,SW60C80_00785,0,released_test,published_independent_test,2
2860,1_pos_1158,PGEKGSPGADGPIGAP,16,53,SW60C80_00053,1,released_test,published_independent_test,1
2861,1_pos_1413,RADHPF,6,13,SW60C80_00013,1,released_test,published_independent_test,1
2862,0_neg_578,NFLGTLVNLAKKIL,14,1001,SW60C80_01001,0,released_test,published_independent_test,4
2863,0_neg_246,MKLAILGAGCYRTDAASGI,19,1641,SW60C80_01641,0,released_test,published_independent_test,3
2864,0_neg_977,GFVDLAKKVVGGIRNALGI,19,937,SW60C80_00937,0,released_test,published_independent_test,3
2865,1_pos_1107,VKLFPVKLFP,10,1642,SW60C80_01642,1,released_test,published_independent_test,5
2866,1_pos_1217,SCH,3,23,SW60C80_00023,1,released_test,published_independent_test,2
2867,1_pos_1406,LVYIIQGR,8,1643,SW60C80_01643,1,released_test,published_independent_test,3
2868,1_pos_400,IIGATNPAESAPGTIR,16,1644,SW60C80_01644,1,released_test,published_independent_test,1
2869,1_pos_1388,KLSDW,5,1645,SW60C80_01645,1,released_test,published_independent_test,2
2870,1_pos_1115,LWI,3,121,SW60C80_00121,1,released_test,published_independent_test,1
2871,0_neg_777,GRDAYIADSENCTYT,15,1646,SW60C80_01646,0,released_test,published_independent_test,4
2872,1_pos_21,AQGTFLQPHQ,10,217,SW60C80_00217,1,released_test,published_independent_test,2
2873,1_pos_471,EDIVCW,6,1647,SW60C80_01647,1,released_test,published_independent_test,5
2874,1_pos_52,YLG,3,323,SW60C80_00323,1,released_test,published_independent_test,2
2875,1_pos_1055,LGPVRGPFPI,10,17,SW60C80_00017,1,released_test,published_independent_test,3
2876,1_pos_803,IPAVFK,6,516,SW60C80_00516,1,released_test,published_independent_test,2
2877,1_pos_741,MFAEWQPR,8,1648,SW60C80_01648,1,released_test,published_independent_test,3
2878,1_pos_957,FDYDPR,6,48,SW60C80_00048,1,released_test,published_independent_test,5
2879,1_pos_1270,GDLAYLDQGHR,11,1649,SW60C80_01649,1,released_test,published_independent_test,4
2880,0_neg_1284,QTPQWATGHFM,11,1650,SW60C80_01650,0,released_test,published_independent_test,1
2881,0_neg_1302,MFTFAILLLCVQGCLIQ,17,1651,SW60C80_01651,0,released_test,published_independent_test,2
2882,0_neg_297,APSMGFQGMR,10,53,SW60C80_00053,0,released_test,published_independent_test,1
2883,1_pos_384,LSGYGP,6,1652,SW60C80_01652,1,released_test,published_independent_test,5
2884,1_pos_543,TSKT,4,1653,SW60C80_01653,1,released_test,published_independent_test,1
2885,0_neg_213,VTLDVED,7,1654,SW60C80_01654,0,released_test,published_independent_test,5
2886,1_pos_594,QIESW,5,1655,SW60C80_01655,1,released_test,published_independent_test,2
2887,0_neg_647,LPRHTLHCVAYHGYCFHSKV,20,1656,SW60C80_01656,0,released_test,published_independent_test,3
2888,0_neg_85,ADSRNPLEEEFRETNYEEF,19,1657,SW60C80_01657,0,released_test,published_independent_test,4
2889,1_pos_721,PGAEGAPGRDGAAGPK,16,1658,SW60C80_01658,1,released_test,published_independent_test,3
2890,1_pos_1344,LVNPHDHQN,9,741,SW60C80_00741,1,released_test,published_independent_test,1
2891,1_pos_1177,PW,2,1659,SW60C80_01659,1,released_test,published_independent_test,4
2892,1_pos_1455,YNY,3,23,SW60C80_00023,1,released_test,published_independent_test,2
2893,0_neg_869,VIGGDECNINEHPFLVLVYY,20,1035,SW60C80_01035,0,released_test,published_independent_test,4
2894,0_neg_947,VIGGSDTTIGQYPHQLSLR,19,1660,SW60C80_01660,0,released_test,published_independent_test,1
2895,1_pos_1340,QDAHVPDNFIPK,12,1661,SW60C80_01661,1,released_test,published_independent_test,2
2896,1_pos_201,WLLYLDGPPMGLT,13,1662,SW60C80_01662,1,released_test,published_independent_test,5
2897,0_neg_1213,ATSAAQGAALDESVRKVLKP,20,1663,SW60C80_01663,0,released_test,published_independent_test,5
2898,1_pos_750,DDLPR,5,48,SW60C80_00048,1,released_test,published_independent_test,5
2899,0_neg_1037,FLGALVNALTRVL,13,1123,SW60C80_01123,0,released_test,published_independent_test,2
2900,0_neg_217,DASFHSWG,8,954,SW60C80_00954,0,released_test,published_independent_test,5
2901,0_neg_746,NYYKKLFGSGTTLVVT,16,1664,SW60C80_01664,0,released_test,published_independent_test,2
2902,0_neg_1315,DPHHDFMRF,9,53,SW60C80_00053,0,released_test,published_independent_test,1
2903,0_neg_327,SDRELHRSKAAYFF,14,1665,SW60C80_01665,0,released_test,published_independent_test,3
2904,0_neg_542,VNDGYLDNGLQEGDFE,16,1666,SW60C80_01666,0,released_test,published_independent_test,1
2905,0_neg_92,SNTSHQDFHSFYGTNLMIGG,20,1396,SW60C80_01396,0,released_test,published_independent_test,3
2906,0_neg_615,QVNFTPSW,8,800,SW60C80_00800,0,released_test,published_independent_test,3
2907,1_pos_1391,PWG,3,640,SW60C80_00640,1,released_test,published_independent_test,3
2908,1_pos_779,GSPGPQGPPGSIGPQ,15,53,SW60C80_00053,1,released_test,published_independent_test,1
2909,0_neg_562,SLLSLIRKLIT,11,1667,SW60C80_01667,0,released_test,published_independent_test,4
2910,0_neg_596,ISALFDEYEPLNDAD,15,1668,SW60C80_01668,0,released_test,published_independent_test,2
2911,0_neg_1099,FEDGKKVRFFKSNKETIK,18,1669,SW60C80_01669,0,released_test,published_independent_test,5
2912,0_neg_77,AGFVLKGYTKTSQ,13,1289,SW60C80_01289,0,released_test,published_independent_test,1
2913,0_neg_24,NQDCLSDWSFYEQYCYKVF,19,1503,SW60C80_01503,0,released_test,published_independent_test,5
2914,0_neg_380,EPPPWVPV,8,53,SW60C80_00053,0,released_test,published_independent_test,1
2915,1_pos_357,IYIEQGNGITGM,12,1670,SW60C80_01670,1,released_test,published_independent_test,1
2916,0_neg_1263,QGPSPRHPIPP,11,53,SW60C80_00053,0,released_test,published_independent_test,1
2917,1_pos_284,RWE,3,23,SW60C80_00023,1,released_test,published_independent_test,2
2918,1_pos_903,PPK,3,11,SW60C80_00011,1,released_test,published_independent_test,5
2919,1_pos_1452,LCPVHRAADL,10,1671,SW60C80_01671,1,released_test,published_independent_test,3
2920,0_neg_586,QKKDKKDR,8,961,SW60C80_00961,0,released_test,published_independent_test,3
2921,1_pos_1086,YQQPVLGPVRGPFPIIV,17,17,SW60C80_00017,1,released_test,published_independent_test,3
2922,1_pos_390,GFFKWHPRCGEEHSMWT,17,1672,SW60C80_01672,1,released_test,published_independent_test,4
2923,1_pos_84,GDMNP,5,1673,SW60C80_01673,1,released_test,published_independent_test,1
2924,0_neg_19,GPIPWQRRI,9,1674,SW60C80_01674,0,released_test,published_independent_test,2
2925,0_neg_1517,QLTFTPNWGT,10,800,SW60C80_00800,0,released_test,published_independent_test,3
2926,0_neg_1513,SVDMVMKGIKLWPL,14,1675,SW60C80_01675,0,released_test,published_independent_test,3
2927,1_pos_139,VYY,3,3,SW60C80_00003,1,released_test,published_independent_test,3
2928,0_neg_1212,ITCLSDINSK,10,1087,SW60C80_01087,0,released_test,published_independent_test,4
2929,1_pos_1469,INYW,4,1676,SW60C80_01676,1,released_test,published_independent_test,4
2930,0_neg_420,VPPGFTPF,8,830,SW60C80_00830,0,released_test,published_independent_test,3
2931,0_neg_1124,FLGKKVLKAVGKQAAKKQME,20,1677,SW60C80_01677,0,released_test,published_independent_test,5
2932,0_neg_1468,MVPYRNPRHQHVASVLRSGG,20,1678,SW60C80_01678,0,released_test,published_independent_test,1
2933,1_pos_1170,KALNEINQF,9,1679,SW60C80_01679,1,released_test,published_independent_test,2
2934,1_pos_80,YNI,3,15,SW60C80_00015,1,released_test,published_independent_test,1
2935,1_pos_1352,QITEGEDGGG,10,1680,SW60C80_01680,1,released_test,published_independent_test,3
2936,0_neg_991,LLPLVGNLLNDLL,13,839,SW60C80_00839,0,released_test,published_independent_test,4
2937,1_pos_1291,PSHDAHPE,8,383,SW60C80_00383,1,released_test,published_independent_test,5
2938,0_neg_752,MPGLDSPAAVRRAAMDLLAR,20,1681,SW60C80_01681,0,released_test,published_independent_test,4
2939,1_pos_896,DYDD,4,1682,SW60C80_01682,1,released_test,published_independent_test,5
2940,0_neg_999,DKNKKPIWMAGFPGFTPIR,19,1683,SW60C80_01683,0,released_test,published_independent_test,3
2941,0_neg_1328,TETTEGDFIAEGGGVR,16,885,SW60C80_00885,0,released_test,published_independent_test,3
2942,1_pos_1375,MVPYPQR,7,79,SW60C80_00079,1,released_test,published_independent_test,4
2943,0_neg_191,LGSPFGGFDTLGSNR,15,1684,SW60C80_01684,0,released_test,published_independent_test,1
2944,1_pos_41,AEYVRLY,7,1685,SW60C80_01685,1,released_test,published_independent_test,2
2945,1_pos_700,CHI,3,1686,SW60C80_01686,1,released_test,published_independent_test,4
2946,1_pos_1275,PHHADS,6,1687,SW60C80_01687,1,released_test,published_independent_test,5
2947,1_pos_187,PC,2,1688,SW60C80_01688,1,released_test,published_independent_test,1
2948,0_neg_56,FDKNQPWGVIRDLNVVNFKR,20,1689,SW60C80_01689,0,released_test,published_independent_test,2
2949,0_neg_389,GAVPAAQFSPRL,12,1690,SW60C80_01690,0,released_test,published_independent_test,4
2950,0_neg_176,GLGSLVGNALRIGAKLL,17,1114,SW60C80_01114,0,released_test,published_independent_test,3
2951,1_pos_305,PPQ,3,11,SW60C80_00011,1,released_test,published_independent_test,5
2952,0_neg_789,QPDPNAFYGLM,11,53,SW60C80_00053,0,released_test,published_independent_test,1
2953,0_neg_975,FLSLIPHAINAISAIANHF,19,875,SW60C80_00875,0,released_test,published_independent_test,2
2954,1_pos_696,HVCYMF,6,1691,SW60C80_01691,1,released_test,published_independent_test,3
2955,0_neg_1353,QGGPPRPQIPP,11,53,SW60C80_00053,0,released_test,published_independent_test,1
2956,1_pos_1407,VEGGLS,6,13,SW60C80_00013,1,released_test,published_independent_test,1
2957,1_pos_1125,QYP,3,373,SW60C80_00373,1,released_test,published_independent_test,5
2958,1_pos_958,LNGDVW,6,1692,SW60C80_01692,1,released_test,published_independent_test,5
2959,1_pos_268,DQAKAFLEKDNK,12,1693,SW60C80_01693,1,released_test,published_independent_test,1
2960,1_pos_1231,HDH,3,23,SW60C80_00023,1,released_test,published_independent_test,2
2961,0_neg_185,FLPIPRPILLGLL,13,839,SW60C80_00839,0,released_test,published_independent_test,4
2962,1_pos_1129,GVPY,4,139,SW60C80_00139,1,released_test,published_independent_test,4
2963,1_pos_277,RW,2,1694,SW60C80_01694,1,released_test,published_independent_test,2
2964,1_pos_538,YTY,3,23,SW60C80_00023,1,released_test,published_independent_test,2
2965,1_pos_1045,MILMR,5,1695,SW60C80_01695,1,released_test,published_independent_test,3
2966,0_neg_912,LGSLDEYAR,9,1696,SW60C80_01696,0,released_test,published_independent_test,5
2967,0_neg_432,ESIASFQGVLDGKYD,15,1697,SW60C80_01697,0,released_test,published_independent_test,4
2968,1_pos_773,ALGGA,5,4,SW60C80_00004,1,released_test,published_independent_test,4
2969,0_neg_646,CYFNNCPVG,9,904,SW60C80_00904,0,released_test,published_independent_test,2
2970,0_neg_1443,ATQRLPPLSTEPNR,14,1698,SW60C80_01698,0,released_test,published_independent_test,1
2971,0_neg_262,CRQSCSFGPLTFVCDGNTK,19,1491,SW60C80_01491,0,released_test,published_independent_test,4
2972,1_pos_1349,DEQIPSHPPR,10,1699,SW60C80_01699,1,released_test,published_independent_test,4
2973,1_pos_433,FY,2,1700,SW60C80_01700,1,released_test,published_independent_test,2
2974,0_neg_1169,CSTCLDKP,8,1701,SW60C80_01701,0,released_test,published_independent_test,3
2975,1_pos_1056,YYPFKGFA,8,1702,SW60C80_01702,1,released_test,published_independent_test,5
2976,0_neg_1201,NCCPIDEESCCS,12,1703,SW60C80_01703,0,released_test,published_independent_test,5
2977,1_pos_783,LY,2,1704,SW60C80_01704,1,released_test,published_independent_test,1
2978,1_pos_176,YASVV,5,137,SW60C80_00137,1,released_test,published_independent_test,4
2979,0_neg_12,GNVAELTEVR,10,1705,SW60C80_01705,0,released_test,published_independent_test,2
2980,0_neg_1494,VGQDATISFK,10,1706,SW60C80_01706,0,released_test,published_independent_test,3
2981,0_neg_725,MIEIRFHGRGGQGAV,15,1707,SW60C80_01707,0,released_test,published_independent_test,4
2982,0_neg_512,PKDSMLLLQVPVY,13,1708,SW60C80_01708,0,released_test,published_independent_test,1
2983,0_neg_1151,YAIVARPRF,9,1064,SW60C80_01064,0,released_test,published_independent_test,5
2984,1_pos_1244,CSQAPLA,7,1709,SW60C80_01709,1,released_test,published_independent_test,3
2985,0_neg_978,GKPFYPPPIYPEDM,14,1710,SW60C80_01710,0,released_test,published_independent_test,2
2986,0_neg_46,WLRMASGLTDYR,12,1711,SW60C80_01711,0,released_test,published_independent_test,5
2987,1_pos_841,LEEAF,5,62,SW60C80_00062,1,released_test,published_independent_test,5
2988,1_pos_703,KAVPYPQ,7,79,SW60C80_00079,1,released_test,published_independent_test,4
2989,0_neg_340,EGCCSNPPCRHTHPEVC,17,854,SW60C80_00854,0,released_test,published_independent_test,3
2990,0_neg_1490,LSAGPNGGSIAKLSVK,16,1712,SW60C80_01712,0,released_test,published_independent_test,4
2991,0_neg_960,DMDDFGLGDFDDGR,14,1713,SW60C80_01713,0,released_test,published_independent_test,1
2992,0_neg_282,CFPGNCPDS,9,1714,SW60C80_01714,0,released_test,published_independent_test,2
2993,1_pos_756,LEQQVDDLEGSLEQEKK,17,1715,SW60C80_01715,1,released_test,published_independent_test,4
2994,0_neg_413,EVRPFPEVYERIA,13,1716,SW60C80_01716,0,released_test,published_independent_test,3
2995,0_neg_462,FIGGIISFIKKLF,13,928,SW60C80_00928,0,released_test,published_independent_test,2
2996,0_neg_1239,MARIAGVNIPTGKRVPI,17,1717,SW60C80_01717,0,released_test,published_independent_test,5
2997,1_pos_1420,AGGF,4,94,SW60C80_00094,1,released_test,published_independent_test,4
2998,0_neg_1521,IRCTGSKECYSPSY,14,1718,SW60C80_01718,0,released_test,published_independent_test,1
2999,1_pos_918,KFPE,4,1719,SW60C80_01719,1,released_test,published_independent_test,2
3000,0_neg_1247,APYQKRNI,8,1720,SW60C80_01720,0,released_test,published_independent_test,3
3001,0_neg_1466,GVIDAAKKVVNVLKNLF,17,834,SW60C80_00834,0,released_test,published_independent_test,2
3002,0_neg_164,TPQQDFMRF,9,53,SW60C80_00053,0,released_test,published_independent_test,1
3003,1_pos_861,APSFSDIPNPIGSENSE,17,705,SW60C80_00705,1,released_test,published_independent_test,3
3004,1_pos_1174,FIKK,4,1721,SW60C80_01721,1,released_test,published_independent_test,4
3005,0_neg_1240,SGETSGEGNGMWFGPRL,17,785,SW60C80_00785,0,released_test,published_independent_test,2
3006,1_pos_781,LFSPR,5,45,SW60C80_00045,1,released_test,published_independent_test,5
3007,0_neg_1367,GMWSKILGHLIR,12,1722,SW60C80_01722,0,released_test,published_independent_test,5
3008,0_neg_493,ELVSNASDALDKLR,14,1723,SW60C80_01723,0,released_test,published_independent_test,2
3009,1_pos_891,VLSLSQSKVLPVPQK,15,173,SW60C80_00173,1,released_test,published_independent_test,5
3010,0_neg_1384,AGLLDILGL,9,839,SW60C80_00839,0,released_test,published_independent_test,4
3011,1_pos_1079,YIPIQY,6,289,SW60C80_00289,1,released_test,published_independent_test,1
3012,0_neg_1119,IWSGIQGAF,9,1553,SW60C80_01553,0,released_test,published_independent_test,2
3013,1_pos_1312,KILIYG,6,391,SW60C80_00391,1,released_test,published_independent_test,3
3014,1_pos_867,EAPLNPKA,8,426,SW60C80_00426,1,released_test,published_independent_test,1
3015,0_neg_484,EYDDMYTEKRPKVYAFGL,18,1724,SW60C80_01724,0,released_test,published_independent_test,4
3016,1_pos_422,QCH,3,23,SW60C80_00023,1,released_test,published_independent_test,2
3017,1_pos_30,PWI,3,116,SW60C80_00116,1,released_test,published_independent_test,4
3018,1_pos_1017,NKGPR,5,1725,SW60C80_01725,1,released_test,published_independent_test,1
3019,0_neg_763,AVPAVRKTNETLD,13,1726,SW60C80_01726,0,released_test,published_independent_test,3
3020,1_pos_1190,IGINAENNQRN,11,1727,SW60C80_01727,1,released_test,published_independent_test,5
3021,1_pos_1133,QFLLAGR,7,1728,SW60C80_01728,1,released_test,published_independent_test,3
3022,1_pos_851,TTYY,4,1729,SW60C80_01729,1,released_test,published_independent_test,1
3023,0_neg_1318,GECCTDCAQTAAANYC,16,1730,SW60C80_01730,0,released_test,published_independent_test,2
3024,1_pos_1268,QTVAVGVIK,9,1731,SW60C80_01731,1,released_test,published_independent_test,4
3025,1_pos_890,NFHPQ,5,1732,SW60C80_01732,1,released_test,published_independent_test,5
3026,1_pos_1357,IYVFVR,6,1733,SW60C80_01733,1,released_test,published_independent_test,2
3027,0_neg_1228,YEDAYALQYCPR,12,1734,SW60C80_01734,0,released_test,published_independent_test,1
3028,1_pos_751,HHPL,4,458,SW60C80_00458,1,released_test,published_independent_test,5
3029,0_neg_64,APPGFTPFR,9,830,SW60C80_00830,0,released_test,published_independent_test,3
3030,0_neg_730,MAIVGTIIKIIKAIIDIFAK,20,1735,SW60C80_01735,0,released_test,published_independent_test,4
3031,1_pos_1164,LHPH,4,44,SW60C80_00044,1,released_test,published_independent_test,3
3032,0_neg_693,GCCGSFACRFGCVPCCV,17,787,SW60C80_00787,0,released_test,published_independent_test,2
3033,0_neg_196,QGGWPRNPIPP,11,53,SW60C80_00053,0,released_test,published_independent_test,1
3034,1_pos_1459,AWEEREQGSR,10,1736,SW60C80_01736,1,released_test,published_independent_test,3
3035,1_pos_233,PHL,3,116,SW60C80_00116,1,released_test,published_independent_test,4
3036,1_pos_849,LHF,3,3,SW60C80_00003,1,released_test,published_independent_test,3
