left_index,right_index,left_id,right_id,identity,coverage,score,matches,alignment_columns
6,10,pos_6,pos_10,0.75,1.0,21,3,4
9,23,pos_9,pos_24,0.9285714285714286,1.0,64,13,14
3,24,pos_3,pos_25,0.6666666666666666,1.0,16,2,3
19,24,pos_19,pos_25,0.6666666666666666,1.0,16,2,3
13,29,pos_13,pos_31,0.6666666666666666,1.0,16,2,3
39,51,pos_43,pos_57,0.6,0.8333333333333334,18,3,5
49,63,pos_55,pos_70,0.6666666666666666,1.0,14,2,3
0,65,pos_0,pos_72,0.75,1.0,12,3,4
53,78,pos_59,pos_87,1.0,0.8,27,4,4
9,83,pos_9,pos_92,0.8571428571428571,1.0,54,12,14
23,83,pos_24,pos_92,0.7857142857142857,1.0,45,11,14
15,85,pos_15,pos_94,1.0,0.8,20,4,4
9,86,pos_9,pos_95,0.8571428571428571,1.0,62,12,14
23,86,pos_24,pos_95,0.7857142857142857,1.0,53,11,14
83,86,pos_92,pos_95,0.8571428571428571,1.0,64,12,14
49,93,pos_55,pos_102,0.6666666666666666,1.0,14,2,3
63,93,pos_70,pos_102,0.6666666666666666,1.0,13,2,3
42,119,pos_47,pos_130,0.6666666666666666,1.0,13,2,3
81,119,pos_90,pos_130,0.6666666666666666,1.0,11,2,3
37,123,pos_40,pos_134,0.6666666666666666,1.0,16,2,3
95,137,pos_105,pos_151,0.6666666666666666,1.0,13,2,3
143,144,pos_157,pos_158,0.6666666666666666,0.8571428571428571,23,4,6
97,150,pos_107,pos_164,0.6666666666666666,1.0,16,2,3
142,153,pos_156,pos_167,0.6666666666666666,1.0,12,2,3
94,157,pos_104,pos_171,0.6666666666666666,1.0,13,2,3
75,174,pos_83,pos_190,0.6666666666666666,1.0,15,2,3
164,176,pos_179,pos_192,0.6666666666666666,1.0,6,2,3
112,182,pos_123,pos_198,0.625,0.8,21,5,8
17,190,pos_17,pos_208,0.6666666666666666,1.0,9,2,3
12,193,pos_12,pos_211,0.6,0.8333333333333334,18,3,5
49,210,pos_55,pos_231,0.6666666666666666,1.0,11,2,3
63,210,pos_70,pos_231,0.6666666666666666,1.0,11,2,3
93,210,pos_102,pos_231,0.6666666666666666,1.0,10,2,3
91,213,pos_100,pos_235,0.6666666666666666,1.0,5,2,3
17,220,pos_17,pos_242,0.6666666666666666,1.0,12,2,3
190,220,pos_208,pos_242,0.6666666666666666,1.0,9,2,3
16,222,pos_16,pos_244,0.75,1.0,18,3,4
78,223,pos_87,pos_245,1.0,0.8,28,4,4
199,236,pos_220,pos_258,0.6,1.0,17,3,5
44,241,pos_49,pos_263,1.0,0.9,57,9,9
55,246,pos_61,pos_269,0.8,1.0,26,4,5
58,248,pos_65,pos_271,0.6666666666666666,1.0,8,2,3
35,253,pos_37,pos_276,0.8,1.0,35,8,10
70,255,pos_77,pos_279,0.6666666666666666,1.0,18,2,3
193,256,pos_211,pos_280,0.6,1.0,20,3,5
65,261,pos_72,pos_286,0.75,1.0,18,3,4
13,263,pos_13,pos_288,0.6666666666666666,1.0,16,2,3
75,269,pos_83,pos_294,0.6666666666666666,1.0,15,2,3
173,273,pos_189,pos_298,0.6666666666666666,1.0,7,2,3
176,273,pos_192,pos_298,0.6666666666666666,1.0,13,2,3
126,279,pos_138,pos_304,0.75,0.8,15,3,4
143,281,pos_157,pos_307,0.8571428571428571,1.0,33,6,7
272,283,pos_297,pos_309,0.6,0.8333333333333334,17,3,5
40,291,pos_44,pos_317,1.0,0.9333333333333333,72,14,14
234,293,pos_256,pos_319,0.6666666666666666,1.0,17,2,3
58,305,pos_65,pos_332,0.6666666666666666,1.0,15,2,3
81,315,pos_90,pos_344,0.6666666666666666,1.0,15,2,3
58,318,pos_65,pos_347,0.6666666666666666,1.0,17,2,3
305,318,pos_332,pos_347,0.6666666666666666,1.0,15,2,3
228,321,pos_250,pos_350,0.6666666666666666,1.0,15,2,3
245,327,pos_267,pos_358,0.6666666666666666,0.8181818181818182,32,6,9
49,329,pos_55,pos_360,0.6666666666666666,1.0,13,2,3
63,329,pos_70,pos_360,0.6666666666666666,1.0,16,2,3
93,329,pos_102,pos_360,0.6666666666666666,1.0,12,2,3
210,329,pos_231,pos_360,0.6666666666666666,1.0,11,2,3
143,334,pos_157,pos_365,0.8333333333333334,0.8571428571428571,28,5,6
281,334,pos_307,pos_365,1.0,0.8571428571428571,31,6,6
123,337,pos_134,pos_368,0.6666666666666666,1.0,10,2,3
267,337,pos_292,pos_368,0.6666666666666666,1.0,19,2,3
3,340,pos_3,pos_371,0.6666666666666666,1.0,8,2,3
49,348,pos_55,pos_379,0.6666666666666666,1.0,12,2,3
63,348,pos_70,pos_379,0.6666666666666666,1.0,12,2,3
93,348,pos_102,pos_379,0.6666666666666666,1.0,11,2,3
210,348,pos_231,pos_379,0.6666666666666666,1.0,11,2,3
329,348,pos_360,pos_379,0.6666666666666666,1.0,11,2,3
160,354,pos_174,pos_388,1.0,0.8,22,4,4
134,358,pos_148,pos_393,0.8888888888888888,0.8181818181818182,51,8,9
236,360,pos_258,pos_395,1.0,0.8333333333333334,35,5,5
292,360,pos_318,pos_395,0.6,0.8333333333333334,18,3,5
254,375,pos_278,pos_411,0.8571428571428571,1.0,29,6,7
142,377,pos_156,pos_413,0.6666666666666666,1.0,12,2,3
153,377,pos_167,pos_413,0.6666666666666666,1.0,17,2,3
50,382,pos_56,pos_418,0.6,0.8333333333333334,16,3,5
126,382,pos_138,pos_418,0.8,1.0,27,4,5
279,382,pos_304,pos_418,0.75,0.8,15,3,4
17,385,pos_17,pos_421,0.6666666666666666,1.0,8,2,3
190,385,pos_208,pos_421,0.6666666666666666,1.0,11,2,3
220,385,pos_242,pos_421,0.6666666666666666,1.0,8,2,3
92,386,pos_101,pos_423,1.0,0.8571428571428571,35,6,6
56,393,pos_62,pos_430,0.8,1.0,27,4,5
142,407,pos_156,pos_445,0.6666666666666666,1.0,14,2,3
153,407,pos_167,pos_445,0.6666666666666666,1.0,13,2,3
377,407,pos_413,pos_445,0.6666666666666666,1.0,15,2,3
289,420,pos_315,pos_458,0.75,0.8,20,3,4
81,426,pos_90,pos_465,0.6666666666666666,1.0,14,2,3
315,426,pos_344,pos_465,0.6666666666666666,1.0,16,2,3
101,432,pos_111,pos_474,1.0,0.8,19,4,4
227,432,pos_249,pos_474,0.6,0.8333333333333334,12,3,5
365,437,pos_401,pos_479,0.6666666666666666,1.0,19,2,3
365,438,pos_401,pos_480,0.6666666666666666,1.0,18,2,3
437,438,pos_479,pos_480,0.6666666666666666,1.0,17,2,3
29,443,pos_31,pos_486,0.6666666666666666,1.0,9,2,3
49,449,pos_55,pos_492,0.6666666666666666,1.0,12,2,3
63,449,pos_70,pos_492,0.6666666666666666,1.0,11,2,3
93,449,pos_102,pos_492,0.6666666666666666,1.0,11,2,3
210,449,pos_231,pos_492,0.6666666666666666,1.0,15,2,3
329,449,pos_360,pos_492,0.6666666666666666,1.0,11,2,3
348,449,pos_379,pos_492,0.6666666666666666,1.0,13,2,3
214,457,pos_236,pos_500,0.6,1.0,13,3,5
4,459,pos_4,pos_502,0.75,0.8,12,3,4
370,459,pos_406,pos_502,0.6,0.8333333333333334,15,3,5
13,466,pos_13,pos_511,0.6666666666666666,1.0,16,2,3
130,468,pos_143,pos_513,0.6666666666666666,1.0,11,2,3
73,470,pos_81,pos_515,0.6666666666666666,1.0,13,2,3
289,482,pos_315,pos_528,0.6,0.8,15,3,5
185,484,pos_203,pos_530,0.75,0.8,17,3,4
53,485,pos_59,pos_531,1.0,0.8333333333333334,31,5,5
78,485,pos_87,pos_531,1.0,0.8333333333333334,34,5,5
143,499,pos_157,pos_548,1.0,0.875,36,7,7
281,499,pos_307,pos_548,0.8571428571428571,0.875,33,6,7
334,499,pos_365,pos_548,0.8571428571428571,0.875,33,6,7
21,500,pos_22,pos_549,0.9230769230769231,0.8125,69,12,13
90,501,pos_99,pos_550,0.75,0.8,14,3,4
297,502,pos_323,pos_551,0.6,1.0,11,3,5
95,509,pos_105,pos_558,0.6666666666666666,1.0,8,2,3
398,512,pos_436,pos_561,0.6,0.8333333333333334,16,3,5
49,514,pos_55,pos_563,0.6666666666666666,1.0,13,2,3
63,514,pos_70,pos_563,0.6666666666666666,1.0,11,2,3
93,514,pos_102,pos_563,0.6666666666666666,1.0,11,2,3
210,514,pos_231,pos_563,0.6666666666666666,1.0,12,2,3
329,514,pos_360,pos_563,0.6666666666666666,1.0,11,2,3
348,514,pos_379,pos_563,0.6666666666666666,1.0,13,2,3
449,514,pos_492,pos_563,0.6666666666666666,1.0,12,2,3
130,523,pos_143,pos_573,0.6666666666666666,1.0,12,2,3
468,523,pos_513,pos_573,0.6666666666666666,1.0,11,2,3
21,531,pos_22,pos_581,1.0,0.8666666666666667,72,13,13
500,531,pos_549,pos_581,0.9333333333333333,0.9375,81,14,15
440,533,pos_483,pos_583,0.6363636363636364,0.8461538461538461,21,7,11
421,535,pos_459,pos_585,0.6666666666666666,1.0,16,2,3
412,540,pos_450,pos_590,0.6666666666666666,1.0,13,2,3
347,541,pos_378,pos_591,0.6666666666666666,1.0,15,2,3
510,541,pos_559,pos_591,0.6666666666666666,1.0,15,2,3
315,542,pos_344,pos_592,0.6666666666666666,1.0,7,2,3
167,543,pos_182,pos_593,1.0,0.8461538461538461,60,11,11
47,552,pos_53,pos_605,0.6,1.0,16,3,5
110,554,pos_121,pos_607,1.0,0.9,47,9,9
520,556,pos_569,pos_609,1.0,0.875,38,7,7
142,557,pos_156,pos_610,0.6666666666666666,1.0,14,2,3
153,557,pos_167,pos_610,0.6666666666666666,1.0,14,2,3
365,557,pos_401,pos_610,0.6666666666666666,1.0,18,2,3
377,557,pos_413,pos_610,0.6666666666666666,1.0,15,2,3
407,557,pos_445,pos_610,0.6666666666666666,1.0,13,2,3
462,557,pos_506,pos_610,0.6666666666666666,1.0,18,2,3
497,565,pos_546,pos_619,0.6666666666666666,1.0,10,2,3
412,566,pos_450,pos_620,0.6666666666666666,1.0,17,2,3
527,566,pos_577,pos_620,0.6666666666666666,1.0,9,2,3
44,568,pos_49,pos_622,1.0,0.8,51,8,8
241,568,pos_263,pos_622,1.0,0.8888888888888888,51,8,8
176,577,pos_192,pos_631,0.6666666666666666,1.0,14,2,3
273,577,pos_298,pos_631,0.6666666666666666,1.0,15,2,3
344,578,pos_375,pos_632,0.6,0.8333333333333334,20,3,5
484,578,pos_530,pos_632,0.6,0.8333333333333334,14,3,5
76,579,pos_85,pos_633,1.0,0.8,23,4,4
563,579,pos_617,pos_633,0.75,0.8,15,3,4
14,580,pos_14,pos_634,0.75,0.8,17,3,4
49,581,pos_55,pos_635,0.6666666666666666,1.0,13,2,3
9,585,pos_9,pos_639,0.7857142857142857,1.0,53,11,14
23,585,pos_24,pos_639,0.8571428571428571,1.0,63,12,14
83,585,pos_92,pos_639,0.7857142857142857,1.0,55,11,14
86,585,pos_95,pos_639,0.9285714285714286,1.0,67,13,14
4,587,pos_4,pos_641,0.6,1.0,16,3,5
282,587,pos_308,pos_641,0.6,1.0,13,3,5
4,590,pos_4,pos_644,0.75,0.8,12,3,4
303,590,pos_330,pos_644,0.75,0.8,12,3,4
459,590,pos_502,pos_644,0.75,0.8,10,3,4
466,592,pos_511,pos_646,0.6666666666666666,1.0,13,2,3
469,594,pos_514,pos_648,0.6666666666666666,1.0,10,2,3
558,598,pos_611,pos_652,0.7142857142857143,1.0,16,5,7
37,609,pos_40,pos_663,0.6666666666666666,1.0,16,2,3
123,609,pos_134,pos_663,0.6666666666666666,1.0,17,2,3
263,609,pos_288,pos_663,0.6666666666666666,1.0,17,2,3
321,610,pos_350,pos_664,0.6666666666666666,1.0,15,2,3
91,612,pos_100,pos_666,0.6666666666666666,1.0,10,2,3
21,613,pos_22,pos_667,1.0,0.9285714285714286,72,13,13
500,613,pos_549,pos_667,0.9285714285714286,0.875,74,13,14
531,613,pos_581,pos_667,1.0,0.9333333333333333,77,14,14
541,615,pos_591,pos_669,0.6666666666666666,1.0,14,2,3
97,619,pos_107,pos_673,0.6666666666666666,1.0,16,2,3
577,622,pos_631,pos_676,0.6666666666666666,1.0,14,2,3
201,625,pos_222,pos_679,0.6666666666666666,1.0,15,2,3
581,625,pos_635,pos_679,0.6666666666666666,1.0,16,2,3
70,626,pos_77,pos_680,0.6666666666666666,1.0,17,2,3
557,626,pos_610,pos_680,0.6666666666666666,1.0,17,2,3
433,633,pos_475,pos_687,1.0,0.8333333333333334,47,10,10
143,634,pos_157,pos_688,1.0,0.8571428571428571,31,6,6
281,634,pos_307,pos_688,0.8333333333333334,0.8571428571428571,28,5,6
334,634,pos_365,pos_688,0.8571428571428571,1.0,33,6,7
499,634,pos_548,pos_688,1.0,0.875,36,7,7
107,635,pos_117,pos_689,1.0,0.8,26,4,4
185,635,pos_203,pos_689,0.75,0.8,22,3,4
497,641,pos_546,pos_695,0.6666666666666666,1.0,9,2,3
565,641,pos_619,pos_695,0.6666666666666666,1.0,10,2,3
152,646,pos_166,pos_702,1.0,0.8571428571428571,69,12,12
81,650,pos_90,pos_708,0.6666666666666666,1.0,7,2,3
119,650,pos_130,pos_708,0.6666666666666666,1.0,11,2,3
542,650,pos_592,pos_708,0.6666666666666666,1.0,18,2,3
193,651,pos_211,pos_709,0.75,0.8,16,3,4
247,651,pos_270,pos_709,0.6,0.8333333333333334,14,3,5
158,654,pos_172,pos_712,0.6666666666666666,1.0,19,2,3
288,657,pos_314,pos_716,0.7142857142857143,1.0,32,5,7
42,662,pos_47,pos_722,0.6666666666666666,1.0,12,2,3
9,665,pos_9,pos_725,0.7857142857142857,1.0,45,11,14
23,665,pos_24,pos_725,0.8571428571428571,1.0,55,12,14
83,665,pos_92,pos_725,0.9285714285714286,1.0,66,13,14
86,665,pos_95,pos_725,0.7857142857142857,1.0,55,11,14
585,665,pos_639,pos_725,0.8571428571428571,1.0,65,12,14
234,670,pos_256,pos_730,0.6666666666666666,1.0,15,2,3
293,670,pos_319,pos_730,0.6666666666666666,1.0,14,2,3
615,671,pos_669,pos_731,0.6666666666666666,1.0,15,2,3
143,673,pos_157,pos_733,0.8571428571428571,0.875,33,6,7
281,673,pos_307,pos_733,1.0,0.875,36,7,7
334,673,pos_365,pos_733,1.0,0.875,36,7,7
499,673,pos_548,pos_733,0.875,1.0,38,7,8
634,673,pos_688,pos_733,0.8571428571428571,0.875,33,6,7
13,674,pos_13,pos_734,0.6666666666666666,1.0,11,2,3
443,674,pos_486,pos_734,0.6666666666666666,1.0,19,2,3
592,674,pos_646,pos_734,0.6666666666666666,1.0,19,2,3
107,678,pos_117,pos_738,0.75,0.8,18,3,4
185,678,pos_203,pos_738,0.75,0.8,17,3,4
484,678,pos_530,pos_738,1.0,0.8,22,4,4
635,678,pos_689,pos_738,0.6,1.0,19,3,5
379,680,pos_415,pos_740,1.0,0.8,47,8,8
165,681,pos_180,pos_742,1.0,0.8,23,4,4
89,686,pos_98,pos_747,0.6666666666666666,1.0,21,4,6
548,686,pos_599,pos_747,0.6,0.8333333333333334,17,3,5
142,689,pos_156,pos_752,0.6666666666666666,1.0,13,2,3
153,689,pos_167,pos_752,0.6666666666666666,1.0,13,2,3
377,689,pos_413,pos_752,0.6666666666666666,1.0,16,2,3
407,689,pos_445,pos_752,0.6666666666666666,1.0,19,2,3
557,689,pos_610,pos_752,0.6666666666666666,1.0,13,2,3
164,692,pos_179,pos_755,0.6666666666666666,1.0,7,2,3
176,692,pos_192,pos_755,0.6666666666666666,1.0,8,2,3
517,693,pos_566,pos_757,0.875,0.8,31,7,8
400,695,pos_438,pos_759,0.6,0.8333333333333334,12,3,5
416,697,pos_454,pos_761,0.6666666666666666,1.0,6,2,3
639,699,pos_693,pos_763,0.8888888888888888,1.0,39,8,9
412,703,pos_450,pos_767,0.6666666666666666,1.0,16,2,3
469,703,pos_514,pos_767,0.6666666666666666,1.0,8,2,3
566,703,pos_620,pos_767,0.6666666666666666,1.0,18,2,3
594,703,pos_648,pos_767,0.6666666666666666,1.0,7,2,3
14,708,pos_14,pos_772,0.75,0.8,17,3,4
580,708,pos_634,pos_772,1.0,0.8,23,4,4
366,711,pos_402,pos_777,0.6666666666666666,1.0,9,2,3
510,711,pos_559,pos_777,0.6666666666666666,1.0,14,2,3
272,712,pos_297,pos_778,0.6,0.8333333333333334,17,3,5
644,712,pos_699,pos_778,0.75,0.8,20,3,4
274,715,pos_299,pos_784,0.6666666666666666,1.0,14,2,3
358,718,pos_393,pos_788,0.8888888888888888,0.8181818181818182,50,8,9
24,719,pos_25,pos_789,0.6666666666666666,1.0,7,2,3
366,721,pos_402,pos_791,0.6666666666666666,1.0,17,2,3
510,721,pos_559,pos_791,0.6666666666666666,1.0,11,2,3
3,722,pos_3,pos_792,0.6666666666666666,1.0,17,2,3
60,725,pos_67,pos_795,0.75,0.8,15,3,4
388,725,pos_425,pos_795,0.8,0.8333333333333334,19,4,5
512,725,pos_561,pos_795,1.0,0.8,23,4,4
700,726,pos_764,pos_796,1.0,0.8,44,8,8
630,728,pos_684,pos_798,0.8571428571428571,0.875,36,6,7
427,729,pos_466,pos_799,0.6666666666666666,1.0,19,2,3
234,730,pos_256,pos_800,0.6666666666666666,1.0,17,2,3
359,732,pos_394,pos_802,0.75,0.8,13,3,4
43,734,pos_48,pos_805,1.0,0.8,20,4,4
337,737,pos_368,pos_808,0.6666666666666666,1.0,20,2,3
609,737,pos_663,pos_808,0.6666666666666666,1.0,10,2,3
392,741,pos_429,pos_812,1.0,0.875,40,7,7
359,742,pos_394,pos_813,0.75,0.8,15,3,4
55,744,pos_61,pos_815,0.75,0.8,15,3,4
332,749,pos_363,pos_820,0.6,0.8333333333333334,15,3,5
142,750,pos_156,pos_821,0.6666666666666666,1.0,15,2,3
153,750,pos_167,pos_821,0.6666666666666666,1.0,13,2,3
377,750,pos_413,pos_821,0.6666666666666666,1.0,14,2,3
407,750,pos_445,pos_821,0.6666666666666666,1.0,16,2,3
557,750,pos_610,pos_821,0.6666666666666666,1.0,14,2,3
689,750,pos_752,pos_821,0.6666666666666666,1.0,15,2,3
512,752,pos_561,pos_823,1.0,0.8,23,4,4
725,752,pos_795,pos_823,1.0,0.8,23,4,4
696,759,pos_760,pos_830,0.6666666666666666,0.9,32,6,9
640,761,pos_694,pos_833,0.6,0.8333333333333334,13,3,5
720,761,pos_790,pos_833,0.6,0.8333333333333334,16,3,5
535,763,pos_585,pos_835,0.6666666666666666,1.0,16,2,3
95,764,pos_105,pos_836,0.6666666666666666,1.0,7,2,3
722,764,pos_792,pos_836,0.6666666666666666,1.0,16,2,3
751,764,pos_822,pos_836,0.6666666666666666,1.0,17,2,3
713,765,pos_780,pos_837,0.875,0.8,39,7,8
142,766,pos_156,pos_838,0.6666666666666666,1.0,15,2,3
153,766,pos_167,pos_838,0.6666666666666666,1.0,13,2,3
377,766,pos_413,pos_838,0.6666666666666666,1.0,13,2,3
407,766,pos_445,pos_838,0.6666666666666666,1.0,14,2,3
557,766,pos_610,pos_838,0.6666666666666666,1.0,16,2,3
689,766,pos_752,pos_838,0.6666666666666666,1.0,13,2,3
750,766,pos_821,pos_838,0.6666666666666666,1.0,15,2,3
421,767,pos_459,pos_839,0.6666666666666666,1.0,9,2,3
81,772,pos_90,pos_845,0.6666666666666666,1.0,15,2,3
315,772,pos_344,pos_845,0.6666666666666666,1.0,14,2,3
426,772,pos_465,pos_845,0.6666666666666666,1.0,14,2,3
738,776,pos_809,pos_850,0.6666666666666666,1.0,13,2,3
378,780,pos_414,pos_855,0.6,1.0,39,6,10
669,780,pos_729,pos_855,0.625,0.8,16,5,8
236,781,pos_258,pos_856,0.75,0.8,20,3,4
498,781,pos_547,pos_856,0.75,0.8,18,3,4
347,782,pos_378,pos_857,0.6666666666666666,1.0,14,2,3
541,782,pos_591,pos_857,0.6666666666666666,1.0,16,2,3
50,783,pos_56,pos_858,1.0,0.8571428571428571,33,6,6
176,786,pos_192,pos_862,0.6666666666666666,1.0,14,2,3
273,786,pos_298,pos_862,0.6666666666666666,1.0,13,2,3
577,786,pos_631,pos_862,0.6666666666666666,1.0,13,2,3
751,787,pos_822,pos_863,0.6666666666666666,1.0,7,2,3
237,789,pos_259,pos_865,1.0,0.8823529411764706,79,15,15
361,789,pos_396,pos_865,0.6923076923076923,0.8666666666666667,50,9,13
373,789,pos_409,pos_865,0.7857142857142857,0.8666666666666667,47,11,14
418,792,pos_456,pos_869,0.6666666666666666,1.0,13,2,3
314,794,pos_342,pos_871,0.6666666666666666,0.8888888888888888,21,6,9
688,799,pos_749,pos_876,1.0,0.8333333333333334,29,5,5
578,800,pos_632,pos_877,0.6,0.8333333333333334,21,3,5
469,805,pos_514,pos_882,0.6666666666666666,1.0,8,2,3
594,805,pos_648,pos_882,0.6666666666666666,1.0,9,2,3
19,807,pos_19,pos_884,0.6666666666666666,1.0,16,2,3
42,808,pos_47,pos_885,0.6666666666666666,1.0,8,2,3
628,808,pos_682,pos_885,0.6666666666666666,1.0,9,2,3
662,808,pos_722,pos_885,0.6666666666666666,1.0,9,2,3
243,815,pos_265,pos_894,1.0,0.9090909090909091,62,10,10
322,815,pos_351,pos_894,1.0,0.8,52,8,8
9,816,pos_9,pos_895,0.7857142857142857,1.0,52,11,14
23,816,pos_24,pos_895,0.7142857142857143,1.0,43,10,14
83,816,pos_92,pos_895,0.9285714285714286,1.0,73,13,14
86,816,pos_95,pos_895,0.9285714285714286,1.0,66,13,14
585,816,pos_639,pos_895,0.8571428571428571,1.0,57,12,14
665,816,pos_725,pos_895,0.8571428571428571,1.0,64,12,14
462,819,pos_506,pos_899,0.6666666666666666,1.0,17,2,3
817,822,pos_897,pos_902,0.6153846153846154,0.8125,45,8,13
97,823,pos_107,pos_904,0.6666666666666666,1.0,16,2,3
619,823,pos_673,pos_904,0.6666666666666666,1.0,15,2,3
220,824,pos_242,pos_905,0.6666666666666666,1.0,13,2,3
305,824,pos_332,pos_905,0.6666666666666666,1.0,11,2,3
628,825,pos_682,pos_906,0.6666666666666666,1.0,8,2,3
55,826,pos_61,pos_907,1.0,0.8,23,4,4
246,826,pos_269,pos_907,0.75,0.8,20,3,4
744,826,pos_815,pos_907,0.75,1.0,15,3,4
207,827,pos_228,pos_908,0.75,0.8,15,3,4
382,827,pos_418,pos_908,0.75,0.8,14,3,4
596,827,pos_650,pos_908,0.6,0.8333333333333334,16,3,5
134,829,pos_148,pos_911,1.0,0.8888888888888888,48,8,8
395,831,pos_432,pos_913,0.75,0.8,14,3,4
190,833,pos_208,pos_915,0.6666666666666666,1.0,9,2,3
220,833,pos_242,pos_915,0.6666666666666666,1.0,8,2,3
385,833,pos_421,pos_915,0.6666666666666666,1.0,11,2,3
427,836,pos_466,pos_919,0.6666666666666666,1.0,13,2,3
49,840,pos_55,pos_924,0.6666666666666666,1.0,12,2,3
63,840,pos_70,pos_924,0.6666666666666666,1.0,11,2,3
93,840,pos_102,pos_924,0.6666666666666666,1.0,11,2,3
210,840,pos_231,pos_924,0.6666666666666666,1.0,11,2,3
329,840,pos_360,pos_924,0.6666666666666666,1.0,11,2,3
348,840,pos_379,pos_924,0.6666666666666666,1.0,17,2,3
449,840,pos_492,pos_924,0.6666666666666666,1.0,14,2,3
514,840,pos_563,pos_924,0.6666666666666666,1.0,13,2,3
9,843,pos_9,pos_927,0.9285714285714286,1.0,64,13,14
23,843,pos_24,pos_927,0.8571428571428571,1.0,55,12,14
83,843,pos_92,pos_927,0.9285714285714286,1.0,66,13,14
86,843,pos_95,pos_927,0.9285714285714286,1.0,74,13,14
585,843,pos_639,pos_927,0.8571428571428571,1.0,65,12,14
665,843,pos_725,pos_927,0.8571428571428571,1.0,57,12,14
816,843,pos_895,pos_927,0.8571428571428571,1.0,64,12,14
590,844,pos_644,pos_928,0.6,0.8333333333333334,10,3,5
255,846,pos_279,pos_930,0.6666666666666666,1.0,17,2,3
510,846,pos_559,pos_930,0.6666666666666666,1.0,18,2,3
325,848,pos_355,pos_932,1.0,0.95,108,19,19
0,850,pos_0,pos_934,0.75,1.0,14,3,4
65,850,pos_72,pos_934,0.75,1.0,13,3,4
482,854,pos_528,pos_938,0.75,0.8,22,3,4
15,856,pos_15,pos_940,0.75,0.8,12,3,4
85,856,pos_94,pos_940,0.75,1.0,12,3,4
747,856,pos_818,pos_940,0.75,0.8,13,3,4
19,859,pos_19,pos_943,0.6666666666666666,1.0,6,2,3
838,859,pos_922,pos_943,0.6666666666666666,1.0,13,2,3
656,866,pos_715,pos_950,0.6,0.8333333333333334,16,3,5
49,871,pos_55,pos_955,0.6666666666666666,1.0,13,2,3
63,871,pos_70,pos_955,0.6666666666666666,1.0,13,2,3
93,871,pos_102,pos_955,0.6666666666666666,1.0,13,2,3
210,871,pos_231,pos_955,0.6666666666666666,1.0,12,2,3
329,871,pos_360,pos_955,0.6666666666666666,1.0,14,2,3
348,871,pos_379,pos_955,0.6666666666666666,1.0,11,2,3
365,871,pos_401,pos_955,0.6666666666666666,1.0,17,2,3
449,871,pos_492,pos_955,0.6666666666666666,1.0,13,2,3
462,871,pos_506,pos_955,0.6666666666666666,1.0,17,2,3
514,871,pos_563,pos_955,0.6666666666666666,1.0,11,2,3
840,871,pos_924,pos_955,0.6666666666666666,1.0,11,2,3
189,875,pos_207,pos_961,1.0,0.8571428571428571,33,6,6
434,875,pos_476,pos_961,1.0,0.875,44,7,7
541,876,pos_591,pos_962,0.6666666666666666,1.0,10,2,3
615,876,pos_669,pos_962,0.6666666666666666,1.0,9,2,3
462,878,pos_506,pos_964,0.6666666666666666,1.0,18,2,3
142,879,pos_156,pos_965,0.6666666666666666,1.0,13,2,3
153,879,pos_167,pos_965,0.6666666666666666,1.0,14,2,3
377,879,pos_413,pos_965,0.6666666666666666,1.0,16,2,3
407,879,pos_445,pos_965,0.6666666666666666,1.0,17,2,3
557,879,pos_610,pos_965,0.6666666666666666,1.0,13,2,3
689,879,pos_752,pos_965,0.6666666666666666,1.0,18,2,3
750,879,pos_821,pos_965,0.6666666666666666,1.0,15,2,3
766,879,pos_838,pos_965,0.6666666666666666,1.0,13,2,3
347,881,pos_378,pos_967,0.6666666666666666,1.0,14,2,3
9,884,pos_9,pos_970,0.7142857142857143,1.0,48,10,14
23,884,pos_24,pos_970,0.7857142857142857,1.0,58,11,14
83,884,pos_92,pos_970,0.7142857142857143,1.0,50,10,14
86,884,pos_95,pos_970,0.7142857142857143,1.0,58,10,14
585,884,pos_639,pos_970,0.7857142857142857,1.0,68,11,14
665,884,pos_725,pos_970,0.7857142857142857,1.0,60,11,14
816,884,pos_895,pos_970,0.6428571428571429,1.0,48,9,14
843,884,pos_927,pos_970,0.7857142857142857,1.0,60,11,14
728,885,pos_798,pos_971,0.875,0.8,42,7,8
740,885,pos_811,pos_971,0.625,0.8,31,5,8
15,888,pos_15,pos_975,0.75,0.8,17,3,4
85,888,pos_94,pos_975,0.75,0.8,17,3,4
90,888,pos_99,pos_975,0.6,1.0,12,3,5
498,888,pos_547,pos_975,0.75,0.8,17,3,4
525,888,pos_575,pos_975,0.75,0.8,16,3,4
558,888,pos_611,pos_975,0.8,0.8,13,4,5
781,888,pos_856,pos_975,0.75,0.8,16,3,4
61,891,pos_68,pos_978,0.6,0.8333333333333334,11,3,5
869,892,pos_953,pos_979,0.875,1.0,39,7,8
751,893,pos_822,pos_980,0.6666666666666666,1.0,6,2,3
787,893,pos_863,pos_980,0.6666666666666666,1.0,6,2,3
858,895,pos_942,pos_982,0.6666666666666666,1.0,14,2,3
462,896,pos_506,pos_983,0.6666666666666666,1.0,19,2,3
878,896,pos_964,pos_983,0.6666666666666666,1.0,17,2,3
269,897,pos_294,pos_984,0.6666666666666666,1.0,9,2,3
331,898,pos_362,pos_985,1.0,0.875,34,7,7
272,906,pos_297,pos_993,0.6,0.8333333333333334,16,3,5
644,906,pos_699,pos_993,1.0,0.8333333333333334,29,5,5
712,906,pos_778,pos_993,0.6,0.8333333333333334,21,3,5
185,908,pos_203,pos_995,0.75,0.8,17,3,4
443,911,pos_486,pos_998,0.6666666666666666,1.0,19,2,3
663,912,pos_723,pos_999,0.8,1.0,20,4,5
786,914,pos_862,pos_1001,0.6666666666666666,1.0,7,2,3
890,917,pos_977,pos_1004,0.6666666666666666,1.0,10,2,3
495,918,pos_544,pos_1005,0.6666666666666666,1.0,16,2,3
592,918,pos_646,pos_1005,0.6666666666666666,1.0,20,2,3
619,918,pos_673,pos_1005,0.6666666666666666,1.0,20,2,3
91,920,pos_100,pos_1007,0.6666666666666666,1.0,12,2,3
527,924,pos_577,pos_1011,0.6666666666666666,1.0,10,2,3
540,924,pos_590,pos_1011,0.6666666666666666,1.0,12,2,3
292,927,pos_318,pos_1014,0.75,0.8,12,3,4
459,932,pos_502,pos_1020,0.75,0.8,14,3,4
720,932,pos_790,pos_1020,0.6,1.0,16,3,5
761,932,pos_833,pos_1020,0.8,0.8333333333333334,25,4,5
29,935,pos_31,pos_1023,0.6666666666666666,1.0,16,2,3
911,935,pos_998,pos_1023,0.6666666666666666,1.0,10,2,3
521,936,pos_570,pos_1024,1.0,0.8125,75,13,13
8,938,pos_8,pos_1026,1.0,0.8,19,4,4
138,940,pos_152,pos_1028,1.0,0.8,24,4,4
800,941,pos_877,pos_1029,1.0,0.8,25,4,4
60,948,pos_67,pos_1036,0.75,0.8,14,3,4
725,948,pos_795,pos_1036,0.75,0.8,17,3,4
541,949,pos_591,pos_1037,0.6666666666666666,1.0,11,2,3
615,949,pos_669,pos_1037,0.6666666666666666,1.0,9,2,3
876,949,pos_962,pos_1037,0.6666666666666666,1.0,11,2,3
892,950,pos_979,pos_1038,0.625,1.0,21,5,8
255,951,pos_279,pos_1039,0.6666666666666666,1.0,18,2,3
510,951,pos_559,pos_1039,0.6666666666666666,1.0,17,2,3
846,951,pos_930,pos_1039,0.6666666666666666,1.0,17,2,3
29,952,pos_31,pos_1040,0.6666666666666666,1.0,16,2,3
754,954,pos_825,pos_1042,1.0,0.8571428571428571,30,6,6
410,955,pos_448,pos_1043,0.6666666666666666,1.0,17,2,3
49,957,pos_55,pos_1046,0.6666666666666666,1.0,14,2,3
63,957,pos_70,pos_1046,0.6666666666666666,1.0,12,2,3
93,957,pos_102,pos_1046,0.6666666666666666,1.0,13,2,3
210,957,pos_231,pos_1046,0.6666666666666666,1.0,12,2,3
329,957,pos_360,pos_1046,0.6666666666666666,1.0,12,2,3
348,957,pos_379,pos_1046,0.6666666666666666,1.0,11,2,3
449,957,pos_492,pos_1046,0.6666666666666666,1.0,11,2,3
514,957,pos_563,pos_1046,0.6666666666666666,1.0,11,2,3
840,957,pos_924,pos_1046,0.6666666666666666,1.0,10,2,3
871,957,pos_955,pos_1046,0.6666666666666666,1.0,12,2,3
8,962,pos_8,pos_1051,0.6,0.8333333333333334,11,3,5
18,963,pos_18,pos_1052,0.6,0.8333333333333334,12,3,5
24,964,pos_25,pos_1053,0.6666666666666666,1.0,8,2,3
340,964,pos_371,pos_1053,0.6666666666666666,1.0,13,2,3
719,964,pos_789,pos_1053,0.6666666666666666,1.0,8,2,3
859,964,pos_943,pos_1053,0.6666666666666666,1.0,13,2,3
50,965,pos_56,pos_1054,0.6,0.8333333333333334,17,3,5
632,965,pos_686,pos_1054,0.6,0.8333333333333334,13,3,5
51,970,pos_57,pos_1062,0.75,0.8,15,3,4
46,971,pos_51,pos_1063,0.8333333333333334,0.8333333333333334,18,5,6
735,971,pos_806,pos_1063,0.8333333333333334,1.0,24,5,6
158,978,pos_172,pos_1070,0.6666666666666666,1.0,8,2,3
469,979,pos_514,pos_1071,0.6666666666666666,1.0,13,2,3
566,979,pos_620,pos_1071,0.6666666666666666,1.0,9,2,3
758,979,pos_829,pos_1071,0.6666666666666666,1.0,10,2,3
224,980,pos_246,pos_1072,0.875,1.0,25,7,8
406,981,pos_444,pos_1073,0.8333333333333334,0.8571428571428571,21,5,6
671,982,pos_731,pos_1074,0.6666666666666666,1.0,10,2,3
433,985,pos_475,pos_1078,1.0,0.9166666666666666,52,11,11
633,985,pos_687,pos_1078,1.0,0.9090909090909091,47,10,10
573,987,pos_627,pos_1081,0.6,0.8333333333333334,15,3,5
615,989,pos_669,pos_1083,0.6666666666666666,1.0,16,2,3
671,989,pos_731,pos_1083,0.6666666666666666,1.0,15,2,3
95,991,pos_105,pos_1085,0.6666666666666666,1.0,14,2,3
137,991,pos_151,pos_1085,0.6666666666666666,1.0,13,2,3
751,991,pos_822,pos_1085,0.6666666666666666,1.0,7,2,3
787,991,pos_863,pos_1085,0.6666666666666666,1.0,6,2,3
893,991,pos_980,pos_1085,0.6666666666666666,1.0,9,2,3
163,993,pos_178,pos_1088,0.6666666666666666,1.0,9,2,3
836,993,pos_919,pos_1088,0.6666666666666666,1.0,15,2,3
755,997,pos_826,pos_1092,0.6153846153846154,0.8125,41,8,13
817,997,pos_897,pos_1092,0.6153846153846154,1.0,44,8,13
822,997,pos_902,pos_1092,1.0,0.8125,86,13,13
100,999,pos_110,pos_1094,0.75,0.8,13,3,4
9,1000,pos_9,pos_1095,0.8571428571428571,1.0,62,12,14
23,1000,pos_24,pos_1095,0.9285714285714286,1.0,72,13,14
83,1000,pos_92,pos_1095,0.7142857142857143,1.0,43,10,14
86,1000,pos_95,pos_1095,0.8571428571428571,1.0,55,12,14
585,1000,pos_639,pos_1095,0.9285714285714286,1.0,65,13,14
665,1000,pos_725,pos_1095,0.7857142857142857,1.0,53,11,14
816,1000,pos_895,pos_1095,0.7857142857142857,1.0,45,11,14
843,1000,pos_927,pos_1095,0.7857142857142857,1.0,53,11,14
884,1000,pos_970,pos_1095,0.7142857142857143,1.0,56,10,14
179,1001,pos_195,pos_1096,0.75,0.8,17,3,4
945,1004,pos_1033,pos_1099,0.6,0.8333333333333334,14,3,5
118,1008,pos_129,pos_1104,0.6666666666666666,1.0,8,2,3
227,1009,pos_249,pos_1105,1.0,0.8333333333333334,30,5,5
743,1011,pos_814,pos_1108,0.75,0.8,28,6,8
931,1013,pos_1019,pos_1110,1.0,0.8181818181818182,58,9,9
473,1015,pos_518,pos_1112,1.0,0.8333333333333334,24,5,5
310,1016,pos_338,pos_1113,0.875,1.0,39,7,8
431,1018,pos_473,pos_1116,0.6666666666666666,1.0,16,2,3
671,1018,pos_731,pos_1116,0.6666666666666666,1.0,16,2,3
895,1018,pos_982,pos_1116,0.6666666666666666,1.0,14,2,3
989,1018,pos_1083,pos_1116,0.6666666666666666,1.0,15,2,3
568,1021,pos_622,pos_1119,1.0,0.875,44,7,7
375,1024,pos_411,pos_1122,0.625,0.8,13,5,8
1019,1025,pos_1117,pos_1123,1.0,0.8333333333333334,29,5,5
568,1031,pos_622,pos_1131,1.0,0.875,44,7,7
1021,1031,pos_1119,pos_1131,1.0,0.875,44,7,7
1025,1031,pos_1123,pos_1131,0.6666666666666666,0.8571428571428571,23,4,6
227,1033,pos_249,pos_1134,1.0,0.8571428571428571,35,6,6
279,1038,pos_304,pos_1140,0.75,1.0,13,3,4
516,1039,pos_565,pos_1141,0.6,0.8333333333333334,17,3,5
735,1039,pos_806,pos_1141,0.8333333333333334,1.0,26,5,6
971,1039,pos_1063,pos_1141,0.8333333333333334,1.0,25,5,6
295,1040,pos_321,pos_1142,0.6,0.8333333333333334,17,3,5
143,1041,pos_157,pos_1143,0.6666666666666666,0.8571428571428571,21,4,6
144,1041,pos_158,pos_1143,0.6666666666666666,0.8571428571428571,26,4,6
484,1041,pos_530,pos_1143,0.6,0.8333333333333334,16,3,5
634,1041,pos_688,pos_1143,0.6666666666666666,0.8571428571428571,21,4,6
1007,1041,pos_1103,pos_1143,0.6,0.8333333333333334,15,3,5
386,1042,pos_423,pos_1144,0.6,0.8333333333333334,18,3,5
868,1042,pos_952,pos_1144,0.6,0.8333333333333334,15,3,5
49,1047,pos_55,pos_1149,0.6666666666666666,1.0,14,2,3
63,1047,pos_70,pos_1149,0.6666666666666666,1.0,15,2,3
93,1047,pos_102,pos_1149,0.6666666666666666,1.0,14,2,3
210,1047,pos_231,pos_1149,0.6666666666666666,1.0,12,2,3
329,1047,pos_360,pos_1149,0.6666666666666666,1.0,15,2,3
348,1047,pos_379,pos_1149,0.6666666666666666,1.0,12,2,3
449,1047,pos_492,pos_1149,0.6666666666666666,1.0,11,2,3
514,1047,pos_563,pos_1149,0.6666666666666666,1.0,11,2,3
840,1047,pos_924,pos_1149,0.6666666666666666,1.0,11,2,3
871,1047,pos_955,pos_1149,0.6666666666666666,1.0,14,2,3
957,1047,pos_1046,pos_1149,0.6666666666666666,1.0,12,2,3
35,1048,pos_37,pos_1150,0.75,0.8,23,6,8
253,1048,pos_276,pos_1150,1.0,0.8,41,8,8
521,1050,pos_570,pos_1152,0.6923076923076923,0.8125,51,9,13
53,1051,pos_59,pos_1153,1.0,0.8,27,4,4
78,1051,pos_87,pos_1153,1.0,0.8,27,4,4
711,1054,pos_777,pos_1157,0.6666666666666666,1.0,14,2,3
421,1055,pos_459,pos_1159,0.6666666666666666,1.0,15,2,3
535,1055,pos_585,pos_1159,0.6666666666666666,1.0,15,2,3
624,1055,pos_678,pos_1159,0.6666666666666666,1.0,11,2,3
739,1058,pos_810,pos_1162,1.0,0.8,43,8,8
11,1061,pos_11,pos_1166,0.75,0.8,16,3,4
49,1062,pos_55,pos_1167,0.6666666666666666,1.0,13,2,3
63,1062,pos_70,pos_1167,0.6666666666666666,1.0,13,2,3
93,1062,pos_102,pos_1167,0.6666666666666666,1.0,11,2,3
210,1062,pos_231,pos_1167,0.6666666666666666,1.0,13,2,3
329,1062,pos_360,pos_1167,0.6666666666666666,1.0,13,2,3
348,1062,pos_379,pos_1167,0.6666666666666666,1.0,15,2,3
449,1062,pos_492,pos_1167,0.6666666666666666,1.0,14,2,3
514,1062,pos_563,pos_1167,0.6666666666666666,1.0,13,2,3
840,1062,pos_924,pos_1167,0.6666666666666666,1.0,15,2,3
871,1062,pos_955,pos_1167,0.6666666666666666,1.0,12,2,3
957,1062,pos_1046,pos_1167,0.6666666666666666,1.0,11,2,3
1047,1062,pos_1149,pos_1167,0.6666666666666666,1.0,14,2,3
934,1063,pos_1022,pos_1168,0.6,0.8333333333333334,39,6,10
137,1067,pos_151,pos_1173,0.6666666666666666,1.0,7,2,3
722,1067,pos_792,pos_1173,0.6666666666666666,1.0,17,2,3
751,1067,pos_822,pos_1173,0.6666666666666666,1.0,16,2,3
764,1067,pos_836,pos_1173,0.6666666666666666,1.0,16,2,3
939,1068,pos_1027,pos_1175,0.6666666666666666,1.0,31,6,9
89,1070,pos_98,pos_1178,0.6,0.8333333333333334,17,3,5
1025,1070,pos_1123,pos_1178,0.6,0.8333333333333334,20,3,5
478,1071,pos_523,pos_1179,0.6666666666666666,1.0,13,2,3
720,1072,pos_790,pos_1180,0.8,1.0,23,4,5
761,1072,pos_833,pos_1180,0.6,0.8333333333333334,16,3,5
932,1072,pos_1020,pos_1180,0.6,1.0,16,3,5
710,1075,pos_776,pos_1183,1.0,0.8571428571428571,28,6,6
443,1079,pos_486,pos_1187,0.6666666666666666,1.0,19,2,3
952,1079,pos_1040,pos_1187,0.6666666666666666,1.0,9,2,3
148,1080,pos_162,pos_1188,0.6666666666666666,1.0,13,2,3
720,1081,pos_790,pos_1189,0.6,1.0,16,3,5
761,1081,pos_833,pos_1189,1.0,0.8333333333333334,27,5,5
932,1081,pos_1020,pos_1189,0.8,1.0,25,4,5
1072,1081,pos_1180,pos_1189,0.6,1.0,16,3,5
697,1082,pos_761,pos_1191,0.6666666666666666,1.0,17,2,3
864,1082,pos_948,pos_1191,0.6666666666666666,1.0,12,2,3
693,1087,pos_757,pos_1197,0.6666666666666666,0.9,43,6,9
49,1089,pos_55,pos_1199,0.6666666666666666,1.0,14,2,3
63,1089,pos_70,pos_1199,0.6666666666666666,1.0,15,2,3
93,1089,pos_102,pos_1199,0.6666666666666666,1.0,16,2,3
210,1089,pos_231,pos_1199,0.6666666666666666,1.0,11,2,3
329,1089,pos_360,pos_1199,0.6666666666666666,1.0,14,2,3
348,1089,pos_379,pos_1199,0.6666666666666666,1.0,12,2,3
449,1089,pos_492,pos_1199,0.6666666666666666,1.0,11,2,3
514,1089,pos_563,pos_1199,0.6666666666666666,1.0,10,2,3
840,1089,pos_924,pos_1199,0.6666666666666666,1.0,11,2,3
871,1089,pos_955,pos_1199,0.6666666666666666,1.0,14,2,3
957,1089,pos_1046,pos_1199,0.6666666666666666,1.0,12,2,3
1047,1089,pos_1149,pos_1199,0.6666666666666666,1.0,16,2,3
1062,1089,pos_1167,pos_1199,0.6666666666666666,1.0,12,2,3
71,1090,pos_78,pos_1200,1.0,0.8,22,4,4
179,1090,pos_195,pos_1200,0.75,0.8,17,3,4
1001,1090,pos_1096,pos_1200,1.0,0.8,24,4,4
231,1091,pos_253,pos_1202,0.6666666666666666,1.0,15,2,3
262,1094,pos_287,pos_1205,0.6666666666666666,1.0,18,2,3
1065,1101,pos_1171,pos_1212,1.0,0.8,24,4,4
966,1104,pos_1058,pos_1216,0.75,0.8888888888888888,29,6,8
375,1106,pos_411,pos_1219,0.625,0.8,13,5,8
1024,1106,pos_1122,pos_1219,1.0,0.9,46,9,9
21,1107,pos_22,pos_1220,1.0,0.9230769230769231,67,12,12
531,1107,pos_581,pos_1220,1.0,0.8,67,12,12
613,1107,pos_667,pos_1220,1.0,0.8571428571428571,67,12,12
388,1108,pos_425,pos_1221,0.8,0.8333333333333334,19,4,5
725,1108,pos_795,pos_1221,1.0,0.8333333333333334,29,5,5
804,1108,pos_881,pos_1221,1.0,0.8571428571428571,36,6,6
55,1112,pos_61,pos_1225,0.75,0.8,15,3,4
572,1112,pos_626,pos_1225,0.75,0.8,22,3,4
562,1113,pos_616,pos_1226,1.0,0.8181818181818182,50,9,9
711,1116,pos_777,pos_1229,0.6666666666666666,1.0,14,2,3
1008,1116,pos_1104,pos_1229,0.6666666666666666,1.0,14,2,3
44,1117,pos_49,pos_1230,1.0,0.9090909090909091,61,10,10
241,1117,pos_263,pos_1230,1.0,0.8181818181818182,57,9,9
130,1118,pos_143,pos_1232,0.6666666666666666,1.0,10,2,3
468,1118,pos_513,pos_1232,0.6666666666666666,1.0,9,2,3
523,1118,pos_573,pos_1232,0.6666666666666666,1.0,10,2,3
1035,1118,pos_1136,pos_1232,0.6666666666666666,1.0,17,2,3
852,1119,pos_936,pos_1233,0.6,0.8333333333333334,14,3,5
416,1120,pos_454,pos_1234,0.6666666666666666,1.0,11,2,3
487,1120,pos_533,pos_1234,0.6666666666666666,1.0,15,2,3
697,1120,pos_761,pos_1234,0.6666666666666666,1.0,8,2,3
21,1122,pos_22,pos_1236,1.0,0.9230769230769231,68,12,12
531,1122,pos_581,pos_1236,1.0,0.8,68,12,12
613,1122,pos_667,pos_1236,1.0,0.8571428571428571,68,12,12
1107,1122,pos_1220,pos_1236,1.0,0.9166666666666666,63,11,11
675,1124,pos_735,pos_1238,0.6666666666666666,1.0,11,2,3
632,1127,pos_686,pos_1241,0.75,0.8,14,3,4
68,1132,pos_75,pos_1247,0.6,0.8333333333333334,33,6,10
728,1132,pos_798,pos_1247,0.75,0.8,37,6,8
885,1132,pos_971,pos_1247,0.875,0.8,45,7,8
907,1132,pos_994,pos_1247,0.625,0.8,28,5,8
934,1132,pos_1022,pos_1247,0.6,0.8333333333333334,33,6,10
1063,1132,pos_1168,pos_1247,0.8,0.9090909090909091,50,8,10
1096,1132,pos_1207,pos_1247,0.6,0.8333333333333334,31,6,10
1131,1132,pos_1246,pos_1247,0.625,0.8,27,5,8
410,1134,pos_448,pos_1249,0.6666666666666666,1.0,17,2,3
955,1134,pos_1043,pos_1249,0.6666666666666666,1.0,18,2,3
964,1134,pos_1053,pos_1249,0.6666666666666666,1.0,13,2,3
735,1140,pos_806,pos_1255,1.0,0.8333333333333334,23,5,5
971,1140,pos_1063,pos_1255,1.0,0.8333333333333334,23,5,5
1039,1140,pos_1141,pos_1255,1.0,0.8333333333333334,23,5,5
388,1141,pos_425,pos_1256,0.8333333333333334,1.0,27,5,6
725,1141,pos_795,pos_1256,0.6,0.8333333333333334,12,3,5
768,1141,pos_840,pos_1256,0.6,0.8333333333333334,15,3,5
1108,1141,pos_1221,pos_1256,0.6,0.8333333333333334,12,3,5
283,1142,pos_309,pos_1257,0.625,0.8888888888888888,21,5,8
168,1143,pos_183,pos_1258,0.75,0.8,19,3,4
275,1144,pos_300,pos_1259,0.9090909090909091,1.0,52,10,11
267,1146,pos_292,pos_1261,0.6666666666666666,1.0,9,2,3
558,1149,pos_611,pos_1264,0.8,0.8333333333333334,18,4,5
576,1150,pos_630,pos_1265,0.75,1.0,34,6,8
219,1152,pos_241,pos_1267,1.0,0.9444444444444444,86,17,17
624,1155,pos_678,pos_1272,0.6666666666666666,1.0,12,2,3
1055,1155,pos_1159,pos_1272,0.6666666666666666,1.0,10,2,3
290,1158,pos_316,pos_1276,1.0,0.875,38,7,7
700,1158,pos_764,pos_1276,1.0,0.8888888888888888,44,8,8
726,1158,pos_796,pos_1276,1.0,0.8,44,8,8
1036,1160,pos_1137,pos_1278,0.6666666666666666,1.0,8,2,3
37,1161,pos_40,pos_1279,0.6666666666666666,1.0,17,2,3
123,1161,pos_134,pos_1279,0.6666666666666666,1.0,16,2,3
267,1161,pos_292,pos_1279,0.6666666666666666,1.0,10,2,3
1146,1161,pos_1261,pos_1279,0.6666666666666666,1.0,10,2,3
150,1162,pos_164,pos_1280,0.6666666666666666,1.0,11,2,3
619,1162,pos_673,pos_1280,0.6666666666666666,1.0,19,2,3
918,1162,pos_1005,pos_1280,0.6666666666666666,1.0,21,2,3
1032,1163,pos_1132,pos_1281,1.0,0.8333333333333334,30,5,5
541,1164,pos_591,pos_1282,0.6666666666666666,1.0,9,2,3
615,1164,pos_669,pos_1282,0.6666666666666666,1.0,11,2,3
876,1164,pos_962,pos_1282,0.6666666666666666,1.0,8,2,3
949,1164,pos_1037,pos_1282,0.6666666666666666,1.0,9,2,3
975,1165,pos_1067,pos_1283,0.6,0.8333333333333334,16,3,5
94,1166,pos_104,pos_1284,0.6666666666666666,1.0,14,2,3
157,1166,pos_171,pos_1284,0.6666666666666666,1.0,13,2,3
164,1168,pos_179,pos_1286,0.6666666666666666,1.0,13,2,3
786,1168,pos_862,pos_1286,0.6666666666666666,1.0,7,2,3
234,1170,pos_256,pos_1288,0.6666666666666666,1.0,16,2,3
293,1170,pos_319,pos_1288,0.6666666666666666,1.0,16,2,3
565,1170,pos_619,pos_1288,0.6666666666666666,1.0,11,2,3
670,1170,pos_730,pos_1288,0.6666666666666666,1.0,15,2,3
569,1171,pos_623,pos_1289,1.0,0.9411764705882353,82,16,16
49,1172,pos_55,pos_1290,0.6666666666666666,1.0,12,2,3
63,1172,pos_70,pos_1290,0.6666666666666666,1.0,12,2,3
93,1172,pos_102,pos_1290,0.6666666666666666,1.0,10,2,3
210,1172,pos_231,pos_1290,0.6666666666666666,1.0,12,2,3
329,1172,pos_360,pos_1290,0.6666666666666666,1.0,12,2,3
348,1172,pos_379,pos_1290,0.6666666666666666,1.0,15,2,3
449,1172,pos_492,pos_1290,0.6666666666666666,1.0,14,2,3
514,1172,pos_563,pos_1290,0.6666666666666666,1.0,13,2,3
840,1172,pos_924,pos_1290,0.6666666666666666,1.0,16,2,3
871,1172,pos_955,pos_1290,0.6666666666666666,1.0,11,2,3
957,1172,pos_1046,pos_1290,0.6666666666666666,1.0,10,2,3
1047,1172,pos_1149,pos_1290,0.6666666666666666,1.0,12,2,3
1062,1172,pos_1167,pos_1290,0.6666666666666666,1.0,16,2,3
1089,1172,pos_1199,pos_1290,0.6666666666666666,1.0,11,2,3
302,1174,pos_328,pos_1294,0.75,0.8,18,3,4
986,1174,pos_1080,pos_1294,0.75,0.8,16,3,4
97,1175,pos_107,pos_1295,0.6666666666666666,1.0,17,2,3
150,1175,pos_164,pos_1295,0.6666666666666666,1.0,18,2,3
466,1175,pos_511,pos_1295,0.6666666666666666,1.0,17,2,3
495,1175,pos_544,pos_1295,0.6666666666666666,1.0,16,2,3
918,1175,pos_1005,pos_1295,0.6666666666666666,1.0,12,2,3
807,1176,pos_884,pos_1296,0.6666666666666666,1.0,7,2,3
859,1176,pos_943,pos_1296,0.6666666666666666,1.0,13,2,3
704,1184,pos_768,pos_1304,0.6,0.8333333333333334,20,3,5
142,1185,pos_156,pos_1305,0.6666666666666666,1.0,15,2,3
153,1185,pos_167,pos_1305,0.6666666666666666,1.0,13,2,3
377,1185,pos_413,pos_1305,0.6666666666666666,1.0,13,2,3
407,1185,pos_445,pos_1305,0.6666666666666666,1.0,14,2,3
557,1185,pos_610,pos_1305,0.6666666666666666,1.0,15,2,3
689,1185,pos_752,pos_1305,0.6666666666666666,1.0,13,2,3
750,1185,pos_821,pos_1305,0.6666666666666666,1.0,15,2,3
766,1185,pos_838,pos_1305,0.6666666666666666,1.0,17,2,3
879,1185,pos_965,pos_1305,0.6666666666666666,1.0,14,2,3
464,1186,pos_508,pos_1306,1.0,0.9090909090909091,54,10,10
15,1188,pos_15,pos_1309,0.75,0.8,18,3,4
85,1188,pos_94,pos_1309,0.75,1.0,18,3,4
108,1189,pos_118,pos_1310,0.6,0.8333333333333334,16,3,5
257,1189,pos_281,pos_1310,1.0,0.8571428571428571,35,6,6
635,1189,pos_689,pos_1310,1.0,0.8333333333333334,30,5,5
678,1189,pos_738,pos_1310,0.6,0.8333333333333334,19,3,5
52,1191,pos_58,pos_1313,0.6,0.8333333333333334,13,3,5
736,1192,pos_807,pos_1314,0.75,1.0,11,3,4
94,1193,pos_104,pos_1315,0.6666666666666666,1.0,14,2,3
157,1193,pos_171,pos_1315,0.6666666666666666,1.0,15,2,3
1166,1193,pos_1284,pos_1315,0.6666666666666666,1.0,14,2,3
369,1195,pos_405,pos_1317,1.0,0.875,37,7,7
713,1195,pos_780,pos_1317,0.875,0.8,36,7,8
75,1196,pos_83,pos_1318,0.6666666666666666,1.0,15,2,3
431,1196,pos_473,pos_1318,0.6666666666666666,1.0,15,2,3
819,1196,pos_899,pos_1318,0.6666666666666666,1.0,15,2,3
18,1199,pos_18,pos_1322,0.8,0.8,14,4,5
651,1199,pos_709,pos_1322,0.75,0.8,19,3,4
1031,1199,pos_1131,pos_1322,0.6666666666666666,0.8571428571428571,16,4,6
512,1202,pos_561,pos_1325,0.75,0.8,15,3,4
725,1202,pos_795,pos_1325,0.75,0.8,15,3,4
752,1202,pos_823,pos_1325,0.75,1.0,15,3,4
754,1203,pos_825,pos_1326,1.0,0.875,35,7,7
954,1203,pos_1042,pos_1326,1.0,0.875,34,7,7
988,1205,pos_1082,pos_1328,0.75,0.8,17,3,4
512,1206,pos_561,pos_1329,0.6666666666666666,1.0,16,4,6
1174,1206,pos_1294,pos_1329,1.0,0.8333333333333334,28,5,5
755,1209,pos_826,pos_1332,0.6153846153846154,0.8125,44,8,13
822,1209,pos_902,pos_1332,0.6153846153846154,0.8125,41,8,13
997,1209,pos_1092,pos_1332,0.6153846153846154,0.9285714285714286,41,8,13
821,1211,pos_901,pos_1334,1.0,0.8,41,8,8
412,1212,pos_450,pos_1335,0.6666666666666666,1.0,12,2,3
540,1212,pos_590,pos_1335,0.6666666666666666,1.0,14,2,3
670,1212,pos_730,pos_1335,0.6666666666666666,1.0,17,2,3
924,1212,pos_1011,pos_1335,0.6666666666666666,1.0,13,2,3
114,1213,pos_125,pos_1336,0.6666666666666666,1.0,15,2,3
498,1217,pos_547,pos_1342,0.6,0.8333333333333334,13,3,5
1130,1219,pos_1245,pos_1345,0.875,1.0,42,7,8
763,1220,pos_835,pos_1346,0.6666666666666666,1.0,15,2,3
836,1220,pos_919,pos_1346,0.6666666666666666,1.0,15,2,3
14,1221,pos_14,pos_1347,0.75,0.8,17,3,4
580,1221,pos_634,pos_1347,1.0,0.8,23,4,4
708,1221,pos_772,pos_1347,1.0,0.8,23,4,4
21,1222,pos_22,pos_1348,1.0,0.8125,72,13,13
500,1222,pos_549,pos_1348,0.9333333333333333,0.9375,78,14,15
531,1222,pos_581,pos_1348,1.0,0.875,77,14,14
613,1222,pos_667,pos_1348,1.0,0.875,77,14,14
21,1225,pos_22,pos_1354,1.0,0.8125,72,13,13
500,1225,pos_549,pos_1354,0.8666666666666667,0.9375,76,13,15
531,1225,pos_581,pos_1354,1.0,0.875,77,14,14
613,1225,pos_667,pos_1354,1.0,0.875,77,14,14
1222,1225,pos_1348,pos_1354,0.9375,1.0,83,15,16
866,1228,pos_950,pos_1358,1.0,0.8571428571428571,34,6,6
55,1229,pos_61,pos_1359,0.75,0.8,14,3,4
265,1229,pos_290,pos_1359,0.75,1.0,17,3,4
744,1229,pos_815,pos_1359,0.75,1.0,14,3,4
826,1229,pos_907,pos_1359,0.75,1.0,14,3,4
19,1231,pos_19,pos_1361,0.6666666666666666,1.0,16,2,3
838,1231,pos_922,pos_1361,0.6666666666666666,1.0,6,2,3
690,1234,pos_753,pos_1365,0.75,0.8,16,3,4
44,1235,pos_49,pos_1366,0.8888888888888888,0.9,48,8,9
113,1235,pos_124,pos_1366,0.625,0.8,33,5,8
241,1235,pos_263,pos_1366,0.8888888888888888,0.9,48,8,9
1021,1235,pos_1119,pos_1366,0.875,0.8,45,7,8
1117,1235,pos_1230,pos_1366,0.8888888888888888,0.8181818181818182,48,8,9
41,1236,pos_46,pos_1367,0.6666666666666666,1.0,15,2,3
656,1238,pos_715,pos_1370,0.75,0.8,14,3,4
839,1241,pos_923,pos_1373,1.0,0.9333333333333333,81,14,14
383,1243,pos_419,pos_1376,1.0,0.8888888888888888,43,8,8
30,1244,pos_32,pos_1377,0.6666666666666666,1.0,17,2,3
626,1244,pos_680,pos_1377,0.6666666666666666,1.0,17,2,3
727,1244,pos_797,pos_1377,0.6666666666666666,1.0,17,2,3
24,1246,pos_25,pos_1379,0.6666666666666666,1.0,16,2,3
566,1246,pos_620,pos_1379,0.6666666666666666,1.0,17,2,3
1134,1246,pos_1249,pos_1379,0.6666666666666666,1.0,10,2,3
535,1247,pos_585,pos_1381,0.6666666666666666,1.0,15,2,3
421,1248,pos_459,pos_1382,0.6666666666666666,1.0,10,2,3
767,1248,pos_839,pos_1382,0.6666666666666666,1.0,11,2,3
1155,1248,pos_1272,pos_1382,0.6666666666666666,1.0,12,2,3
61,1249,pos_68,pos_1383,0.6,0.8333333333333334,20,3,5
1123,1249,pos_1237,pos_1383,0.8333333333333334,1.0,28,5,6
199,1250,pos_220,pos_1384,1.0,0.8,25,4,4
11,1251,pos_11,pos_1385,0.8,1.0,24,4,5
497,1258,pos_546,pos_1395,0.6666666666666666,1.0,16,2,3
566,1258,pos_620,pos_1395,0.6666666666666666,1.0,13,2,3
758,1258,pos_829,pos_1395,0.6666666666666666,1.0,8,2,3
979,1258,pos_1071,pos_1395,0.6666666666666666,1.0,8,2,3
421,1261,pos_459,pos_1398,0.6666666666666666,1.0,15,2,3
1055,1261,pos_1159,pos_1398,0.6666666666666666,1.0,16,2,3
1234,1262,pos_1365,pos_1399,0.75,0.8,17,3,4
479,1264,pos_525,pos_1401,0.6666666666666666,1.0,16,2,3
500,1266,pos_549,pos_1403,0.9375,0.9411764705882353,85,15,16
531,1266,pos_581,pos_1403,1.0,0.8823529411764706,84,15,15
613,1266,pos_667,pos_1403,1.0,0.8235294117647058,77,14,14
1222,1266,pos_1348,pos_1403,1.0,0.9411764705882353,85,16,16
1225,1266,pos_1354,pos_1403,0.9375,0.9411764705882353,83,15,16
49,1267,pos_55,pos_1404,0.6666666666666666,1.0,15,2,3
63,1267,pos_70,pos_1404,0.6666666666666666,1.0,13,2,3
93,1267,pos_102,pos_1404,0.6666666666666666,1.0,12,2,3
210,1267,pos_231,pos_1404,0.6666666666666666,1.0,11,2,3
329,1267,pos_360,pos_1404,0.6666666666666666,1.0,13,2,3
348,1267,pos_379,pos_1404,0.6666666666666666,1.0,14,2,3
449,1267,pos_492,pos_1404,0.6666666666666666,1.0,12,2,3
514,1267,pos_563,pos_1404,0.6666666666666666,1.0,14,2,3
840,1267,pos_924,pos_1404,0.6666666666666666,1.0,13,2,3
871,1267,pos_955,pos_1404,0.6666666666666666,1.0,12,2,3
957,1267,pos_1046,pos_1404,0.6666666666666666,1.0,14,2,3
1047,1267,pos_1149,pos_1404,0.6666666666666666,1.0,13,2,3
1062,1267,pos_1167,pos_1404,0.6666666666666666,1.0,13,2,3
1089,1267,pos_1199,pos_1404,0.6666666666666666,1.0,13,2,3
1172,1267,pos_1290,pos_1404,0.6666666666666666,1.0,13,2,3
932,1269,pos_1020,pos_1408,0.75,0.8,16,3,4
696,1271,pos_760,pos_1410,0.75,0.8,31,6,8
759,1271,pos_830,pos_1410,0.625,0.8888888888888888,26,5,8
1135,1272,pos_1250,pos_1412,0.75,0.8,20,3,4
635,1273,pos_689,pos_1414,0.75,0.8,17,3,4
295,1278,pos_321,pos_1419,1.0,0.8333333333333334,28,5,5
262,1279,pos_287,pos_1421,0.6666666666666666,1.0,16,2,3
1094,1279,pos_1205,pos_1421,0.6666666666666666,1.0,16,2,3
263,1282,pos_288,pos_1424,0.6666666666666666,1.0,11,2,3
674,1282,pos_734,pos_1424,0.6666666666666666,1.0,19,2,3
737,1282,pos_808,pos_1424,0.6666666666666666,1.0,20,2,3
2,1284,pos_2,pos_1427,1.0,0.8,45,8,8
61,1285,pos_68,pos_1428,0.6,0.8333333333333334,13,3,5
418,1286,pos_456,pos_1429,0.6666666666666666,1.0,11,2,3
792,1286,pos_869,pos_1429,0.6666666666666666,1.0,11,2,3
768,1295,pos_840,pos_1439,0.6,0.8333333333333334,11,3,5
1141,1295,pos_1256,pos_1439,0.6,0.8333333333333334,14,3,5
487,1298,pos_533,pos_1443,0.6666666666666666,1.0,14,2,3
1054,1298,pos_1157,pos_1443,0.6666666666666666,1.0,15,2,3
1201,1304,pos_1324,pos_1450,0.75,1.0,18,3,4
82,1305,pos_91,pos_1451,0.6,1.0,11,3,5
1268,1307,pos_1405,pos_1454,0.8,0.8333333333333334,24,4,5
746,1308,pos_817,pos_1456,1.0,0.9166666666666666,58,11,11
455,1313,pos_498,pos_1462,1.0,0.9166666666666666,59,11,11
154,1314,pos_168,pos_1463,0.6666666666666666,1.0,8,2,3
804,1315,pos_881,pos_1464,1.0,0.8571428571428571,36,6,6
1108,1315,pos_1221,pos_1464,1.0,0.8333333333333334,32,5,5
271,1316,pos_296,pos_1465,0.6,0.8333333333333334,15,3,5
173,1317,pos_189,pos_1466,0.6666666666666666,1.0,9,2,3
273,1317,pos_298,pos_1466,0.6666666666666666,1.0,6,2,3
914,1317,pos_1001,pos_1466,0.6666666666666666,1.0,16,2,3
1075,1320,pos_1183,pos_1470,0.6,0.8333333333333334,16,3,5
696,1321,pos_760,pos_1471,0.625,0.8,28,5,8
759,1321,pos_830,pos_1471,0.75,0.8888888888888888,29,6,8
1271,1321,pos_1410,pos_1471,0.75,1.0,35,6,8
9,1324,pos_9,pos_1474,0.8571428571428571,1.0,54,12,14
23,1324,pos_24,pos_1474,0.9285714285714286,1.0,64,13,14
83,1324,pos_92,pos_1474,0.8571428571428571,1.0,54,12,14
86,1324,pos_95,pos_1474,0.7142857142857143,1.0,43,10,14
585,1324,pos_639,pos_1474,0.7857142857142857,1.0,53,11,14
665,1324,pos_725,pos_1474,0.9285714285714286,1.0,64,13,14
816,1324,pos_895,pos_1474,0.7857142857142857,1.0,52,11,14
843,1324,pos_927,pos_1474,0.7857142857142857,1.0,45,11,14
884,1324,pos_970,pos_1474,0.7142857142857143,1.0,48,10,14
1000,1324,pos_1095,pos_1474,0.8571428571428571,1.0,62,12,14
28,1330,pos_29,pos_1480,1.0,0.8,44,8,8
46,1331,pos_51,pos_1481,0.8333333333333334,0.8333333333333334,18,5,6
735,1331,pos_806,pos_1481,0.8333333333333334,0.8571428571428571,24,5,6
971,1331,pos_1063,pos_1481,1.0,0.8571428571428571,34,6,6
1039,1331,pos_1141,pos_1481,0.8333333333333334,0.8571428571428571,25,5,6
1140,1331,pos_1255,pos_1481,1.0,0.8571428571428571,34,6,6
309,1333,pos_337,pos_1483,0.6666666666666666,1.0,13,2,3
403,1335,pos_441,pos_1485,0.6666666666666666,1.0,7,2,3
1116,1335,pos_1229,pos_1485,0.6666666666666666,1.0,14,2,3
156,1336,pos_170,pos_1486,0.6,0.8333333333333334,12,3,5
1149,1336,pos_1264,pos_1486,0.6666666666666666,1.0,12,4,6
1281,1336,pos_1423,pos_1486,0.6,0.8333333333333334,10,3,5
497,1337,pos_546,pos_1487,0.6666666666666666,1.0,9,2,3
565,1337,pos_619,pos_1487,0.6666666666666666,1.0,11,2,3
641,1337,pos_695,pos_1487,0.6666666666666666,1.0,9,2,3
60,1339,pos_67,pos_1489,0.6,1.0,16,3,5
289,1339,pos_315,pos_1489,0.75,0.8,25,3,4
54,1340,pos_60,pos_1490,0.9,1.0,45,9,10
37,1341,pos_40,pos_1491,0.6666666666666666,1.0,14,2,3
537,1342,pos_587,pos_1492,1.0,0.8571428571428571,28,6,6
497,1343,pos_546,pos_1493,0.6666666666666666,1.0,15,2,3
1258,1343,pos_1395,pos_1493,0.6666666666666666,1.0,16,2,3
558,1344,pos_611,pos_1494,1.0,0.8571428571428571,34,6,6
598,1344,pos_652,pos_1494,0.7142857142857143,0.8571428571428571,16,5,7
728,1347,pos_798,pos_1497,0.75,0.8888888888888888,37,6,8
885,1347,pos_971,pos_1497,0.875,0.8,45,7,8
1131,1347,pos_1246,pos_1497,0.625,0.8888888888888888,27,5,8
1132,1347,pos_1247,pos_1497,1.0,0.9,60,9,9
445,1350,pos_488,pos_1500,0.6,1.0,14,3,5
73,1353,pos_81,pos_1503,0.6666666666666666,1.0,12,2,3
470,1353,pos_515,pos_1503,0.6666666666666666,1.0,15,2,3
395,1354,pos_432,pos_1504,0.6,0.8333333333333334,10,3,5
423,1354,pos_461,pos_1504,0.6,0.8333333333333334,15,3,5
954,1354,pos_1042,pos_1504,1.0,0.8571428571428571,29,6,6
1061,1355,pos_1166,pos_1505,0.75,0.8,13,3,4
1083,1355,pos_1192,pos_1505,1.0,0.8,23,4,4
782,1356,pos_857,pos_1506,0.6666666666666666,1.0,12,2,3
151,1358,pos_165,pos_1508,1.0,0.8888888888888888,42,8,8
1361,1394,neg_2,neg_39,0.625,0.9411764705882353,60,10,16
312,1403,pos_340,neg_49,0.625,0.8,18,5,8
1131,1404,pos_1246,neg_50,0.625,0.8,13,5,8
1362,1431,neg_3,neg_81,0.75,0.8888888888888888,37,6,8
1416,1441,neg_63,neg_93,0.8,1.0,83,16,20
1422,1443,neg_70,neg_96,0.8,1.0,48,8,10
1364,1445,neg_5,neg_98,0.6,0.9375,55,9,15
1413,1450,neg_60,neg_103,0.625,0.8,17,5,8
1424,1459,neg_72,neg_112,0.625,0.8,44,5,8
1424,1460,neg_72,neg_113,0.625,1.0,41,5,8
1459,1460,neg_112,neg_113,0.875,0.8,60,7,8
1413,1462,neg_60,neg_116,0.8888888888888888,0.8181818181818182,42,8,9
1414,1473,neg_61,neg_127,0.625,0.8,34,5,8
1454,1473,neg_107,neg_127,1.0,0.9090909090909091,60,10,10
1361,1475,neg_2,neg_129,0.8125,0.9411764705882353,75,13,16
1394,1475,neg_39,neg_129,0.6875,0.9411764705882353,66,11,16
1450,1480,neg_103,neg_134,0.6666666666666666,1.0,23,6,9
1419,1483,neg_67,neg_137,0.8571428571428571,0.875,31,6,7
1412,1484,neg_59,neg_138,0.8888888888888888,0.8181818181818182,41,8,9
1479,1485,neg_133,neg_140,0.7894736842105263,1.0,81,15,19
1413,1487,neg_60,neg_142,0.6,0.9090909090909091,35,6,10
1462,1487,neg_116,neg_142,0.7,0.9090909090909091,40,7,10
1412,1489,neg_59,neg_144,0.7777777777777778,0.8181818181818182,36,7,9
1484,1489,neg_138,neg_144,0.8888888888888888,0.8181818181818182,40,8,9
1446,1492,neg_99,neg_147,0.75,0.9411764705882353,81,12,16
1413,1496,neg_60,neg_151,1.0,0.8181818181818182,44,9,9
1462,1496,neg_116,neg_151,0.8,0.9090909090909091,43,8,10
1487,1496,neg_142,neg_151,0.6363636363636364,1.0,41,7,11
1414,1498,neg_61,neg_153,0.7777777777777778,0.8181818181818182,42,7,9
1454,1498,neg_107,neg_153,0.7777777777777778,0.8181818181818182,48,7,9
1473,1498,neg_127,neg_153,0.7777777777777778,0.8181818181818182,48,7,9
1069,1499,pos_1176,neg_154,0.75,0.8888888888888888,28,6,8
1458,1507,neg_111,neg_162,0.6363636363636364,1.0,44,7,11
408,1508,pos_446,neg_163,0.6,0.8888888888888888,22,6,10
1445,1516,neg_98,neg_173,0.6428571428571429,0.8666666666666667,55,9,14
501,1519,pos_550,neg_178,0.6,1.0,11,3,5
146,1521,pos_160,neg_180,0.75,1.0,14,3,4
1372,1522,neg_14,neg_181,0.6666666666666666,0.9,66,12,18
1430,1541,neg_80,neg_205,0.8333333333333334,0.9230769230769231,48,10,12
1390,1543,neg_34,neg_207,0.875,0.9411764705882353,67,14,16
1413,1546,neg_60,neg_210,0.9,0.8333333333333334,45,9,10
1462,1546,neg_116,neg_210,0.8,0.8333333333333334,44,8,10
1487,1546,neg_142,neg_210,0.7272727272727273,0.9166666666666666,44,8,11
1496,1546,neg_151,neg_210,0.9090909090909091,0.9166666666666666,51,10,11
1516,1551,neg_173,neg_216,0.625,0.8421052631578947,61,10,16
1379,1553,neg_22,neg_219,0.8,1.0,49,8,10
1362,1554,neg_3,neg_220,0.875,0.8,41,7,8
1431,1554,neg_81,neg_220,0.6666666666666666,0.9,37,6,9
1503,1563,neg_158,neg_229,0.7,1.0,49,7,10
1379,1565,neg_22,neg_231,0.7777777777777778,0.9,44,7,9
1553,1565,neg_219,neg_231,1.0,0.9,49,9,9
1361,1566,neg_2,neg_232,0.7647058823529411,1.0,78,13,17
1475,1566,neg_129,neg_232,0.8666666666666667,0.8823529411764706,76,13,15
1567,1572,neg_233,neg_238,0.8181818181818182,1.0,47,9,11
1361,1574,neg_2,neg_240,0.8,0.8823529411764706,71,12,15
1394,1574,neg_39,neg_240,0.6428571428571429,0.8235294117647058,58,9,14
1475,1574,neg_129,neg_240,0.9285714285714286,0.8235294117647058,74,13,14
1566,1574,neg_232,neg_240,0.75,0.9411764705882353,71,12,16
1539,1577,neg_203,neg_243,0.9230769230769231,0.8666666666666667,86,12,13
1410,1581,neg_57,neg_248,0.8235294117647058,0.9444444444444444,101,14,17
1367,1582,neg_8,neg_249,0.8,0.8333333333333334,59,8,10
1450,1583,neg_103,neg_250,0.8888888888888888,1.0,30,8,9
1480,1583,neg_134,neg_250,0.7777777777777778,1.0,38,7,9
1424,1588,neg_72,neg_255,0.875,1.0,55,7,8
1459,1588,neg_112,neg_255,0.75,0.8,52,6,8
1460,1588,neg_113,neg_255,0.75,1.0,49,6,8
1419,1590,neg_67,neg_257,0.7142857142857143,1.0,28,5,7
1483,1590,neg_137,neg_257,0.7142857142857143,0.875,28,5,7
1550,1594,neg_215,neg_261,0.95,1.0,102,19,20
1362,1595,neg_3,neg_263,0.875,0.8888888888888888,40,7,8
1431,1595,neg_81,neg_263,0.75,0.8888888888888888,36,6,8
1554,1595,neg_220,neg_263,0.7777777777777778,0.9,39,7,9
1367,1596,neg_8,neg_264,0.7272727272727273,0.9166666666666666,59,8,11
1582,1596,neg_249,neg_264,0.75,1.0,63,9,12
1479,1597,neg_133,neg_265,0.7894736842105263,1.0,69,15,19
1485,1597,neg_140,neg_265,0.7894736842105263,1.0,77,15,19
1503,1598,neg_158,neg_266,0.8,1.0,58,8,10
1563,1598,neg_229,neg_266,0.7,1.0,53,7,10
1406,1599,neg_52,neg_267,0.625,1.0,38,5,8
1587,1607,neg_254,neg_275,0.625,0.8888888888888888,34,5,8
301,1608,pos_327,neg_276,0.625,0.8,21,5,8
1454,1610,neg_107,neg_280,0.8888888888888888,0.8181818181818182,52,8,9
1473,1610,neg_127,neg_280,0.8888888888888888,0.8181818181818182,52,8,9
1498,1610,neg_153,neg_280,0.9,0.9090909090909091,55,9,10
1513,1612,neg_170,neg_283,0.7333333333333333,0.8235294117647058,59,11,15
1479,1617,neg_133,neg_288,0.8333333333333334,0.9473684210526315,76,15,18
1485,1617,neg_140,neg_288,0.8888888888888888,0.9473684210526315,81,16,18
1597,1617,neg_265,neg_288,0.7777777777777778,0.9473684210526315,65,14,18
1517,1618,neg_174,neg_289,0.8125,0.8421052631578947,66,13,16
1444,1624,neg_97,neg_295,0.7647058823529411,1.0,56,13,17
1598,1629,neg_266,neg_301,0.6363636363636364,1.0,29,7,11
1621,1633,neg_292,neg_305,0.875,1.0,45,7,8
1487,1636,neg_142,neg_309,0.7,0.9090909090909091,37,7,10
1496,1636,neg_151,neg_309,0.6,0.9090909090909091,28,6,10
1546,1636,neg_210,neg_309,0.7,0.8333333333333334,31,7,10
1425,1641,neg_73,neg_314,0.8421052631578947,1.0,75,16,19
1479,1644,neg_133,neg_317,0.8333333333333334,0.9473684210526315,76,15,18
1485,1644,neg_140,neg_317,0.8888888888888888,0.9473684210526315,81,16,18
1597,1644,neg_265,neg_317,0.7777777777777778,0.9473684210526315,65,14,18
1617,1644,neg_288,neg_317,0.9473684210526315,1.0,89,18,19
1362,1655,neg_3,neg_330,0.875,0.8888888888888888,40,7,8
1431,1655,neg_81,neg_330,0.7777777777777778,1.0,41,7,9
1554,1655,neg_220,neg_330,0.7777777777777778,0.9,39,7,9
1595,1655,neg_263,neg_330,1.0,0.8888888888888888,46,8,8
1593,1657,neg_260,neg_332,0.6470588235294118,0.8947368421052632,58,11,17
1507,1658,neg_162,neg_333,0.6666666666666666,0.8181818181818182,32,6,9
1530,1659,neg_192,neg_335,0.7777777777777778,1.0,45,7,9
1516,1662,neg_173,neg_338,0.7333333333333333,0.9333333333333333,80,11,15
1552,1666,neg_218,neg_343,0.875,1.0,41,7,8
1454,1672,neg_107,neg_349,1.0,0.9090909090909091,57,10,10
1473,1672,neg_127,neg_349,1.0,0.8181818181818182,53,9,9
1498,1672,neg_153,neg_349,0.7777777777777778,0.8181818181818182,48,7,9
1610,1672,neg_280,neg_349,0.8888888888888888,0.8181818181818182,52,8,9
1492,1674,neg_147,neg_351,0.75,0.8888888888888888,85,12,16
1413,1675,neg_60,neg_352,0.9,0.9090909090909091,45,9,10
1462,1675,neg_116,neg_352,0.8,0.9090909090909091,44,8,10
1487,1675,neg_142,neg_352,0.7272727272727273,1.0,44,8,11
1496,1675,neg_151,neg_352,0.9090909090909091,1.0,51,10,11
1546,1675,neg_210,neg_352,1.0,0.9166666666666666,54,11,11
1636,1675,neg_309,neg_352,0.7,0.9090909090909091,31,7,10
1412,1680,neg_59,neg_357,0.7777777777777778,0.9,33,7,9
1484,1680,neg_138,neg_357,0.7,0.9090909090909091,37,7,10
1489,1680,neg_144,neg_357,0.7777777777777778,0.8181818181818182,38,7,9
1479,1685,neg_133,neg_362,0.8947368421052632,1.0,84,17,19
1485,1685,neg_140,neg_362,0.8421052631578947,1.0,85,16,19
1597,1685,neg_265,neg_362,0.8421052631578947,1.0,73,16,19
1617,1685,neg_288,neg_362,0.9444444444444444,0.9473684210526315,86,17,18
1644,1685,neg_317,neg_362,0.9444444444444444,0.9473684210526315,86,17,18
1454,1686,neg_107,neg_363,0.6363636363636364,0.9090909090909091,36,7,11
1672,1686,neg_349,neg_363,0.6363636363636364,0.9090909090909091,36,7,11
1661,1687,neg_337,neg_364,1.0,0.8571428571428571,40,6,6
1554,1688,neg_220,neg_365,0.6,0.9090909090909091,31,6,10
1584,1688,neg_251,neg_365,0.9090909090909091,1.0,55,10,11
1530,1690,neg_192,neg_367,0.7777777777777778,1.0,47,7,9
1659,1690,neg_335,neg_367,0.6666666666666666,1.0,42,6,9
1361,1693,neg_2,neg_370,0.6875,0.9411764705882353,66,11,16
1394,1693,neg_39,neg_370,0.75,0.9411764705882353,70,12,16
1475,1693,neg_129,neg_370,0.7647058823529411,1.0,75,13,17
1574,1693,neg_240,neg_370,0.7333333333333333,0.8823529411764706,65,11,15
1458,1694,neg_111,neg_371,0.7272727272727273,1.0,50,8,11
1507,1694,neg_162,neg_371,0.6363636363636364,1.0,43,7,11
1486,1698,neg_141,neg_375,1.0,0.875,39,7,7
1576,1708,neg_242,neg_386,1.0,0.8125,82,13,13
1476,1711,neg_130,neg_390,0.7777777777777778,1.0,54,14,18
1685,1711,neg_362,neg_390,0.625,0.8421052631578947,48,10,16
1496,1712,neg_151,neg_391,0.6,0.9090909090909091,33,6,10
1404,1717,neg_50,neg_396,0.8,1.0,44,8,10
1621,1718,neg_292,neg_397,0.625,1.0,33,5,8
1633,1718,neg_305,neg_397,0.75,1.0,38,6,8
1656,1719,neg_331,neg_398,0.6153846153846154,1.0,45,8,13
1482,1725,neg_136,neg_405,0.7272727272727273,1.0,52,8,11
1695,1725,neg_372,neg_405,0.7272727272727273,1.0,52,8,11
1593,1728,neg_260,neg_408,0.7058823529411765,0.85,61,12,17
1558,1731,neg_224,neg_412,0.625,0.8888888888888888,28,5,8
1704,1739,neg_382,neg_422,0.7777777777777778,0.9,37,7,9
1372,1742,neg_14,neg_425,0.6842105263157895,0.95,65,13,19
1522,1742,neg_181,neg_425,0.6842105263157895,0.95,73,13,19
1629,1743,neg_301,neg_426,0.6153846153846154,1.0,23,8,13
1683,1744,neg_360,neg_427,0.6363636363636364,1.0,37,7,11
1710,1744,neg_388,neg_427,0.6,0.8333333333333334,30,6,10
1502,1750,neg_157,neg_434,0.9,1.0,38,9,10
18,1751,pos_18,neg_435,0.6,0.8333333333333334,14,3,5
1658,1754,neg_333,neg_438,0.6,1.0,31,6,10
1704,1754,neg_382,neg_438,0.6,1.0,30,6,10
1690,1757,neg_367,neg_441,0.6666666666666666,1.0,43,6,9
1458,1763,neg_111,neg_447,0.9090909090909091,1.0,58,10,11
1507,1763,neg_162,neg_447,0.6363636363636364,1.0,44,7,11
1694,1763,neg_371,neg_447,0.8181818181818182,1.0,53,9,11
1683,1764,neg_360,neg_448,0.8333333333333334,1.0,44,10,12
1744,1764,neg_427,neg_448,0.6666666666666666,1.0,35,8,12
1432,1767,neg_82,neg_451,0.7692307692307693,1.0,48,10,13
1719,1767,neg_398,neg_451,0.6923076923076923,1.0,43,9,13
1446,1773,neg_99,neg_457,0.9411764705882353,1.0,107,16,17
1492,1773,neg_147,neg_457,0.8125,0.9411764705882353,86,13,16
1674,1773,neg_351,neg_457,0.625,0.8888888888888888,75,10,16
713,1774,pos_780,neg_458,0.625,0.8,25,5,8
1404,1774,neg_50,neg_458,0.6,1.0,38,6,10
1604,1774,neg_272,neg_458,0.7272727272727273,1.0,29,8,11
1717,1774,neg_396,neg_458,0.7,1.0,41,7,10
1538,1776,neg_202,neg_460,1.0,0.8,49,8,8
1414,1778,neg_61,neg_463,0.6666666666666666,0.8181818181818182,39,6,9
1498,1778,neg_153,neg_463,0.8888888888888888,0.8181818181818182,50,8,9
1672,1778,neg_349,neg_463,0.9,0.9090909090909091,50,9,10
1582,1779,neg_249,neg_464,0.8333333333333334,1.0,67,10,12
1596,1779,neg_264,neg_464,0.9166666666666666,1.0,73,11,12
1413,1789,neg_60,neg_475,0.6,1.0,27,6,10
1415,1789,neg_62,neg_475,0.625,0.8,26,5,8
1361,1802,neg_2,neg_490,0.7647058823529411,1.0,73,13,17
1394,1802,neg_39,neg_490,0.75,0.9411764705882353,74,12,16
1475,1802,neg_129,neg_490,0.75,0.9411764705882353,70,12,16
1566,1802,neg_232,neg_490,0.7058823529411765,1.0,67,12,17
1574,1802,neg_240,neg_490,0.7857142857142857,0.8235294117647058,66,11,14
1693,1802,neg_370,neg_490,0.75,0.9411764705882353,69,12,16
1693,1805,neg_370,neg_495,0.7142857142857143,0.8235294117647058,58,10,14
1616,1806,neg_287,neg_496,0.7777777777777778,0.9,46,7,9
1669,1815,neg_346,neg_505,0.625,1.0,27,5,8
1413,1818,neg_60,neg_508,0.6,0.9090909090909091,35,6,10
1462,1818,neg_116,neg_508,0.7,0.9090909090909091,40,7,10
1487,1818,neg_142,neg_508,0.9090909090909091,1.0,54,10,11
1496,1818,neg_151,neg_508,0.6363636363636364,1.0,41,7,11
1546,1818,neg_210,neg_508,0.7272727272727273,0.9166666666666666,44,8,11
1636,1818,neg_309,neg_508,0.7,0.9090909090909091,37,7,10
1675,1818,neg_352,neg_508,0.7272727272727273,1.0,44,8,11
1794,1819,neg_480,neg_509,0.7,0.9090909090909091,41,7,10
1425,1822,neg_73,neg_513,0.6470588235294118,0.8947368421052632,53,11,17
1364,1827,neg_5,neg_520,0.6,0.9333333333333333,54,9,15
1516,1827,neg_173,neg_520,0.7333333333333333,0.9333333333333333,80,11,15
1662,1827,neg_338,neg_520,0.9333333333333333,1.0,108,14,15
1650,1829,neg_323,neg_522,0.75,1.0,74,15,20
1419,1832,neg_67,neg_526,0.7142857142857143,0.875,28,5,7
1483,1832,neg_137,neg_526,0.8571428571428571,0.875,35,6,7
1404,1834,neg_50,neg_528,0.7,1.0,34,7,10
1717,1834,neg_396,neg_528,0.8,1.0,40,8,10
1774,1834,neg_458,neg_528,0.6,1.0,30,6,10
1568,1836,neg_234,neg_530,0.6153846153846154,0.9285714285714286,36,8,13
1753,1837,neg_437,neg_531,0.7894736842105263,0.95,85,15,19
1450,1840,neg_103,neg_535,0.8888888888888888,1.0,30,8,9
1480,1840,neg_134,neg_535,0.6666666666666666,1.0,35,6,9
1583,1840,neg_250,neg_535,0.8888888888888888,1.0,42,8,9
1701,1847,neg_378,neg_545,0.75,1.0,69,9,12
1643,1849,neg_316,neg_547,0.6666666666666666,0.8333333333333334,48,10,15
1621,1853,neg_292,neg_551,0.8571428571428571,0.875,39,6,7
1633,1853,neg_305,neg_551,1.0,0.875,44,7,7
1413,1865,neg_60,neg_565,0.7,0.9090909090909091,36,7,10
1462,1865,neg_116,neg_565,0.7,0.9090909090909091,38,7,10
1487,1865,neg_142,neg_565,0.7272727272727273,1.0,41,8,11
1496,1865,neg_151,neg_565,0.7272727272727273,1.0,42,8,11
1546,1865,neg_210,neg_565,0.8181818181818182,0.9166666666666666,45,9,11
1636,1865,neg_309,neg_565,0.6,0.9090909090909091,25,6,10
1675,1865,neg_352,neg_565,0.8181818181818182,1.0,45,9,11
1818,1865,neg_508,neg_565,0.7272727272727273,1.0,41,8,11
1432,1866,neg_82,neg_566,0.6153846153846154,1.0,39,8,13
1678,1871,neg_355,neg_572,0.7058823529411765,1.0,67,12,17
1492,1877,neg_147,neg_580,0.6428571428571429,0.8235294117647058,51,9,14
1595,1878,neg_263,neg_581,0.8888888888888888,0.9,42,8,9
1384,1883,neg_28,neg_588,0.8421052631578947,0.95,92,16,19
1583,1885,neg_250,neg_590,0.6666666666666666,1.0,30,6,9
1840,1885,neg_535,neg_590,0.7777777777777778,1.0,34,7,9
1526,1886,neg_186,neg_591,0.6666666666666666,0.8,20,4,6
1557,1886,neg_223,neg_591,1.0,0.8,31,4,4
1406,1887,neg_52,neg_592,0.875,0.8,43,7,8
1599,1887,neg_267,neg_592,0.625,0.8,36,5,8
1432,1891,neg_82,neg_598,0.6923076923076923,1.0,31,9,13
1866,1891,neg_566,neg_598,0.6923076923076923,1.0,37,9,13
1507,1904,neg_162,neg_612,0.6363636363636364,1.0,38,7,11
1576,1907,neg_242,neg_616,0.8666666666666667,0.9375,72,13,15
1708,1907,neg_386,neg_616,0.8666666666666667,0.9333333333333333,66,13,15
1361,1908,neg_2,neg_617,0.8125,0.9411764705882353,74,13,16
1394,1908,neg_39,neg_617,0.75,0.9411764705882353,74,12,16
1475,1908,neg_129,neg_617,0.75,0.9411764705882353,70,12,16
1574,1908,neg_240,neg_617,0.7857142857142857,0.8235294117647058,67,11,14
1693,1908,neg_370,neg_617,0.75,0.9411764705882353,69,12,16
1802,1908,neg_490,neg_617,0.9375,0.9411764705882353,84,15,16
1831,1912,neg_525,neg_621,0.8333333333333334,1.0,29,5,6
1862,1913,neg_560,neg_622,0.75,0.8571428571428571,44,9,12
1549,1917,neg_214,neg_626,0.6,0.8823529411764706,60,9,15
1551,1917,neg_216,neg_626,0.6875,0.8421052631578947,83,11,16
1426,1922,neg_74,neg_632,0.9285714285714286,1.0,85,13,14
1914,1923,neg_623,neg_633,0.6875,1.0,57,11,16
1705,1924,neg_383,neg_634,0.6666666666666666,1.0,54,12,18
1803,1926,neg_492,neg_636,0.6153846153846154,0.9285714285714286,44,8,13
1447,1927,neg_100,neg_637,0.9473684210526315,1.0,91,18,19
1446,1929,neg_99,neg_639,0.6875,0.9411764705882353,75,11,16
1492,1929,neg_147,neg_639,0.625,0.9411764705882353,64,10,16
1773,1929,neg_457,neg_639,0.625,0.9411764705882353,67,10,16
1860,1931,neg_558,neg_641,0.6666666666666666,1.0,36,8,12
1859,1932,neg_557,neg_642,0.6842105263157895,1.0,55,13,19
1413,1934,neg_60,neg_644,0.7777777777777778,0.8181818181818182,38,7,9
1462,1934,neg_116,neg_644,0.9090909090909091,1.0,52,10,11
1487,1934,neg_142,neg_644,0.8,0.9090909090909091,43,8,10
1496,1934,neg_151,neg_644,0.8,0.9090909090909091,44,8,10
1546,1934,neg_210,neg_644,0.9,0.8333333333333334,47,9,10
1636,1934,neg_309,neg_644,0.6363636363636364,1.0,32,7,11
1640,1934,neg_313,neg_644,0.6,0.8181818181818182,17,6,10
1675,1934,neg_352,neg_644,0.9,0.9090909090909091,47,9,10
1818,1934,neg_508,neg_644,0.8,0.9090909090909091,43,8,10
1865,1934,neg_565,neg_644,0.8,0.9090909090909091,41,8,10
1365,1937,neg_6,neg_649,0.6428571428571429,1.0,54,9,14
1425,1939,neg_73,neg_651,0.9473684210526315,1.0,84,18,19
1641,1939,neg_314,neg_651,0.7894736842105263,1.0,70,15,19
1822,1939,neg_513,neg_651,0.6470588235294118,0.8947368421052632,53,11,17
1503,1942,neg_158,neg_655,0.6,1.0,40,6,10
1563,1942,neg_229,neg_655,0.6,1.0,42,6,10
1598,1942,neg_266,neg_655,0.7,1.0,45,7,10
1683,1942,neg_360,neg_655,0.6363636363636364,1.0,27,7,11
1861,1943,neg_559,neg_656,0.8461538461538461,1.0,50,11,13
1923,1947,neg_633,neg_660,0.6666666666666666,0.8823529411764706,46,10,15
1549,1957,neg_214,neg_671,0.9375,1.0,99,15,16
1917,1957,neg_626,neg_671,0.6,0.8823529411764706,59,9,15
1413,1961,neg_60,neg_675,0.75,0.8,32,6,8
1415,1961,neg_62,neg_675,0.6666666666666666,1.0,31,6,9
1712,1961,neg_391,neg_675,0.75,0.8,31,6,8
1530,1966,neg_192,neg_680,0.7777777777777778,1.0,47,7,9
1659,1966,neg_335,neg_680,0.7777777777777778,1.0,45,7,9
1690,1966,neg_367,neg_680,0.6666666666666666,1.0,44,6,9
1609,1970,neg_279,neg_685,0.875,1.0,69,14,16
1413,1981,neg_60,neg_697,0.7777777777777778,0.8181818181818182,38,7,9
1462,1981,neg_116,neg_697,0.9,0.9090909090909091,47,9,10
1487,1981,neg_142,neg_697,0.8,0.9090909090909091,43,8,10
1496,1981,neg_151,neg_697,0.8,0.9090909090909091,44,8,10
1546,1981,neg_210,neg_697,0.9,0.8333333333333334,47,9,10
1636,1981,neg_309,neg_697,0.6363636363636364,1.0,32,7,11
1640,1981,neg_313,neg_697,0.6,0.8181818181818182,17,6,10
1675,1981,neg_352,neg_697,0.9,0.9090909090909091,47,9,10
1818,1981,neg_508,neg_697,0.8,0.9090909090909091,43,8,10
1865,1981,neg_565,neg_697,0.8,0.9090909090909091,41,8,10
1934,1981,neg_644,neg_697,1.0,0.9090909090909091,50,10,10
1731,1983,neg_412,neg_699,0.625,0.8888888888888888,25,5,8
1737,1983,neg_419,neg_699,0.75,0.8888888888888888,33,6,8
1430,1985,neg_80,neg_701,0.6363636363636364,0.8461538461538461,33,7,11
1866,1985,neg_566,neg_701,0.75,0.9230769230769231,46,9,12
1891,1985,neg_598,neg_701,0.8181818181818182,0.8333333333333334,34,9,11
1478,1987,neg_132,neg_703,0.8181818181818182,1.0,50,9,11
1507,1987,neg_162,neg_703,0.6363636363636364,1.0,47,7,11
1658,1987,neg_333,neg_703,0.6666666666666666,0.8181818181818182,31,6,9
1694,1987,neg_371,neg_703,0.6363636363636364,1.0,44,7,11
1674,1989,neg_351,neg_705,0.6,0.8333333333333334,71,9,15
1773,1989,neg_457,neg_705,0.625,0.8888888888888888,78,10,16
1593,1991,neg_260,neg_707,0.7222222222222222,0.9473684210526315,71,13,18
1657,1991,neg_332,neg_707,0.6842105263157895,1.0,67,13,19
1728,1991,neg_408,neg_707,0.6470588235294118,0.85,59,11,17
1732,1994,neg_414,neg_711,0.8,1.0,57,12,15
1552,1997,neg_218,neg_714,0.75,1.0,33,6,8
1666,1997,neg_343,neg_714,0.625,1.0,30,5,8
1698,1997,neg_375,neg_714,0.75,1.0,28,6,8
1790,1997,neg_476,neg_714,0.75,0.8888888888888888,36,6,8
1832,1997,neg_526,neg_714,0.75,1.0,30,6,8
1364,2000,neg_5,neg_717,0.6,0.9333333333333333,52,9,15
1516,2000,neg_173,neg_717,0.6,0.9333333333333333,66,9,15
1662,2000,neg_338,neg_717,0.8,1.0,94,12,15
1827,2000,neg_520,neg_717,0.8666666666666667,1.0,99,13,15
1917,2000,neg_626,neg_717,0.6875,0.9411764705882353,69,11,16
1420,2001,neg_68,neg_718,0.8823529411764706,1.0,74,15,17
1948,2002,neg_661,neg_720,0.7333333333333333,0.9333333333333333,56,11,15
1629,2005,neg_301,neg_723,0.6153846153846154,1.0,23,8,13
1743,2005,neg_426,neg_723,0.9230769230769231,1.0,70,12,13
1954,2005,neg_667,neg_723,0.6363636363636364,0.8461538461538461,45,7,11
1578,2007,neg_244,neg_726,0.8333333333333334,0.9,86,15,18
1584,2012,neg_251,neg_732,0.8181818181818182,1.0,49,9,11
1688,2012,neg_365,neg_732,0.8181818181818182,1.0,48,9,11
1530,2013,neg_192,neg_733,0.6666666666666666,1.0,36,6,9
1659,2013,neg_335,neg_733,0.7777777777777778,1.0,46,7,9
1690,2013,neg_367,neg_733,0.6666666666666666,1.0,38,6,9
1757,2013,neg_441,neg_733,0.6666666666666666,1.0,44,6,9
1567,2017,neg_233,neg_737,0.7777777777777778,0.8181818181818182,36,7,9
1572,2017,neg_238,neg_737,0.75,0.8,41,6,8
1511,2024,neg_167,neg_745,0.9090909090909091,1.0,54,10,11
1552,2028,neg_218,neg_750,0.8571428571428571,0.875,37,6,7
1666,2028,neg_343,neg_750,0.7142857142857143,0.875,34,5,7
1997,2028,neg_714,neg_750,0.7142857142857143,0.875,29,5,7
1753,2030,neg_437,neg_753,0.631578947368421,0.95,70,12,19
1837,2030,neg_531,neg_753,0.6842105263157895,0.95,75,13,19
1414,2033,neg_61,neg_756,0.6666666666666666,0.9,39,6,9
1473,2033,neg_127,neg_756,1.0,0.8,49,8,8
1498,2033,neg_153,neg_756,0.8888888888888888,0.8181818181818182,50,8,9
1778,2033,neg_463,neg_756,1.0,0.8181818181818182,54,9,9
1404,2034,neg_50,neg_757,0.6,1.0,33,6,10
1548,2034,neg_212,neg_757,0.75,0.8,33,6,8
1604,2034,neg_272,neg_757,0.6363636363636364,1.0,31,7,11
1684,2034,neg_361,neg_757,0.6666666666666666,0.8888888888888888,24,6,9
1717,2034,neg_396,neg_757,0.6,1.0,31,6,10
1774,2034,neg_458,neg_757,0.7,1.0,39,7,10
1834,2034,neg_528,neg_757,0.7,1.0,38,7,10
1479,2038,neg_133,neg_762,0.8333333333333334,0.9473684210526315,84,15,18
1485,2038,neg_140,neg_762,0.9444444444444444,0.9473684210526315,82,17,18
1597,2038,neg_265,neg_762,0.7222222222222222,0.9473684210526315,64,13,18
1617,2038,neg_288,neg_762,0.8888888888888888,0.9473684210526315,81,16,18
1644,2038,neg_317,neg_762,0.8888888888888888,0.9473684210526315,81,16,18
1685,2038,neg_362,neg_762,0.8333333333333334,0.9473684210526315,79,15,18
1576,2039,neg_242,neg_764,0.9375,0.9375,83,15,16
1708,2039,neg_386,neg_764,1.0,0.9375,95,15,15
1907,2039,neg_616,neg_764,0.875,1.0,71,14,16
1885,2044,neg_590,neg_770,0.625,0.8888888888888888,24,5,8
1643,2045,neg_316,neg_771,0.7222222222222222,0.85,61,13,18
1517,2046,neg_174,neg_772,0.8333333333333334,0.9473684210526315,76,15,18
1618,2046,neg_289,neg_772,0.875,0.8421052631578947,72,14,16
1414,2049,neg_61,neg_775,0.8888888888888888,0.9,52,8,9
1473,2049,neg_127,neg_775,0.75,0.8,40,6,8
1498,2049,neg_153,neg_775,0.8888888888888888,0.8181818181818182,48,8,9
1778,2049,neg_463,neg_775,0.7777777777777778,0.8181818181818182,45,7,9
2033,2049,neg_756,neg_775,0.7777777777777778,1.0,45,7,9
1702,2050,neg_379,neg_776,0.75,1.0,77,15,20
1958,2053,neg_672,neg_780,0.8666666666666667,1.0,65,13,15
1683,2058,neg_360,neg_785,0.8181818181818182,0.8461538461538461,51,9,11
1744,2058,neg_427,neg_785,0.7272727272727273,0.8461538461538461,44,8,11
1764,2058,neg_448,neg_785,0.75,0.8461538461538461,40,9,12
1383,2059,neg_27,neg_786,0.7142857142857143,0.9333333333333333,76,10,14
2032,2059,neg_755,neg_786,0.6666666666666666,0.8,62,8,12
1598,2062,neg_266,neg_790,0.6,0.8,31,6,10
1942,2062,neg_655,neg_790,0.6,0.8,29,6,10
1923,2068,neg_633,neg_796,0.75,1.0,56,12,16
1943,2068,neg_656,neg_796,0.6153846153846154,0.8125,44,8,13
1794,2069,neg_480,neg_797,0.9,0.9090909090909091,55,9,10
1819,2069,neg_509,neg_797,0.6,1.0,40,6,10
1889,2071,neg_595,neg_799,0.8181818181818182,1.0,66,9,11
1458,2074,neg_111,neg_802,0.7,0.8333333333333334,36,7,10
1507,2074,neg_162,neg_802,0.6,0.8333333333333334,34,6,10
1694,2074,neg_371,neg_802,0.6,0.8333333333333334,32,6,10
1763,2074,neg_447,neg_802,0.6,0.8333333333333334,33,6,10
1904,2074,neg_612,neg_802,0.6,0.8333333333333334,36,6,10
1364,2075,neg_5,neg_803,0.6,0.9375,66,9,15
1445,2075,neg_98,neg_803,0.6428571428571429,0.875,60,9,14
1917,2075,neg_626,neg_803,0.6,0.8823529411764706,66,9,15
1382,2076,neg_26,neg_804,0.9333333333333333,1.0,72,14,15
1361,2078,neg_2,neg_806,0.8571428571428571,0.8235294117647058,72,12,14
1475,2078,neg_129,neg_806,0.8235294117647058,1.0,81,14,17
1566,2078,neg_232,neg_806,1.0,0.9411764705882353,91,16,16
1574,2078,neg_240,neg_806,0.75,0.9411764705882353,71,12,16
1693,2078,neg_370,neg_806,0.7058823529411765,1.0,68,12,17
1802,2078,neg_490,neg_806,0.7647058823529411,0.8823529411764706,66,13,17
2050,2079,neg_776,neg_807,0.6,1.0,38,12,20
1643,2081,neg_316,neg_809,0.7222222222222222,0.8947368421052632,61,13,18
2045,2081,neg_771,neg_809,0.9473684210526315,0.95,95,18,19
1390,2082,neg_34,neg_810,0.8823529411764706,1.0,73,15,17
1543,2082,neg_207,neg_810,1.0,0.9411764705882353,79,16,16
1404,2087,neg_50,neg_815,0.6,1.0,31,6,10
1604,2087,neg_272,neg_815,0.7272727272727273,1.0,35,8,11
1717,2087,neg_396,neg_815,0.6,1.0,34,6,10
1774,2087,neg_458,neg_815,0.7,1.0,35,7,10
1834,2087,neg_528,neg_815,0.8,1.0,46,8,10
2034,2087,neg_757,neg_815,0.8,1.0,42,8,10
1497,2088,neg_152,neg_816,0.6666666666666666,0.8235294117647058,41,10,15
1500,2088,neg_155,neg_816,0.6153846153846154,0.8125,39,8,13
1854,2089,neg_552,neg_817,0.8571428571428571,1.0,73,12,14
1482,2090,neg_136,neg_818,0.6363636363636364,1.0,47,7,11
1695,2090,neg_372,neg_818,0.8181818181818182,1.0,52,9,11
1725,2090,neg_405,neg_818,0.8181818181818182,1.0,54,9,11
1898,2092,neg_605,neg_820,0.6363636363636364,0.9166666666666666,52,7,11
1513,2095,neg_170,neg_823,0.6470588235294118,0.85,52,11,17
1612,2095,neg_283,neg_823,0.6875,0.8,71,11,16
1413,2096,neg_60,neg_824,0.6,0.9090909090909091,33,6,10
1462,2096,neg_116,neg_824,0.7777777777777778,0.8181818181818182,35,7,9
1487,2096,neg_142,neg_824,0.7,0.9090909090909091,35,7,10
1496,2096,neg_151,neg_824,0.6,0.9090909090909091,33,6,10
1546,2096,neg_210,neg_824,0.7,0.8333333333333334,36,7,10
1640,2096,neg_313,neg_824,0.6,0.8181818181818182,13,6,10
1675,2096,neg_352,neg_824,0.7,0.9090909090909091,36,7,10
1818,2096,neg_508,neg_824,0.7,0.9090909090909091,35,7,10
1865,2096,neg_565,neg_824,0.9,0.9090909090909091,44,9,10
1934,2096,neg_644,neg_824,0.8888888888888888,0.8181818181818182,38,8,9
1981,2096,neg_697,neg_824,0.8888888888888888,0.8181818181818182,38,8,9
1609,2098,neg_279,neg_826,0.6666666666666666,0.9375,44,10,15
1413,2099,neg_60,neg_827,0.6666666666666666,0.8181818181818182,36,6,9
1462,2099,neg_116,neg_827,0.8181818181818182,1.0,50,9,11
1487,2099,neg_142,neg_827,0.8,0.9090909090909091,42,8,10
1496,2099,neg_151,neg_827,0.7,0.9090909090909091,42,7,10
1546,2099,neg_210,neg_827,0.8,0.8333333333333334,45,8,10
1675,2099,neg_352,neg_827,0.8,0.9090909090909091,45,8,10
1818,2099,neg_508,neg_827,0.9,0.9090909090909091,46,9,10
1865,2099,neg_565,neg_827,0.7,0.9090909090909091,39,7,10
1934,2099,neg_644,neg_827,0.9090909090909091,1.0,53,10,11
1981,2099,neg_697,neg_827,0.9,0.9090909090909091,48,9,10
2096,2099,neg_824,neg_827,0.7777777777777778,0.8181818181818182,36,7,9
1568,2103,neg_234,neg_831,0.6153846153846154,0.9285714285714286,32,8,13
1836,2103,neg_530,neg_831,0.7692307692307693,1.0,51,10,13
1390,2107,neg_34,neg_835,0.875,0.9411764705882353,70,14,16
1543,2107,neg_207,neg_835,0.8823529411764706,1.0,74,15,17
2082,2107,neg_810,neg_835,0.875,0.9411764705882353,69,14,16
1445,2110,neg_98,neg_838,0.6666666666666666,0.9375,63,10,15
1516,2110,neg_173,neg_838,0.6,0.8666666666666667,54,9,15
1917,2110,neg_626,neg_838,0.6666666666666666,0.8823529411764706,72,10,15
2000,2110,neg_717,neg_838,0.6,0.9333333333333333,62,9,15
2075,2110,neg_803,neg_838,0.6666666666666666,0.9375,67,10,15
1410,2111,neg_57,neg_839,0.9444444444444444,1.0,115,17,18
1581,2111,neg_248,neg_839,0.7647058823529411,0.9444444444444444,98,13,17
1362,2112,neg_3,neg_840,0.7777777777777778,1.0,38,7,9
1731,2112,neg_412,neg_840,0.7777777777777778,0.8888888888888888,27,7,9
1759,2113,neg_443,neg_842,0.625,0.8,26,5,8
713,2116,pos_780,neg_845,0.625,0.8,24,5,8
1483,2116,neg_137,neg_845,0.75,0.8888888888888888,32,6,8
1684,2117,neg_361,neg_846,0.625,0.8888888888888888,22,5,8
1414,2118,neg_61,neg_847,0.625,0.8,34,5,8
1473,2118,neg_127,neg_847,1.0,0.8,49,8,8
1610,2118,neg_280,neg_847,1.0,0.8181818181818182,53,9,9
1778,2118,neg_463,neg_847,0.8888888888888888,0.8181818181818182,50,8,9
2033,2118,neg_756,neg_847,1.0,0.8,49,8,8
2049,2118,neg_775,neg_847,0.75,0.8,40,6,8
1786,2119,neg_471,neg_848,0.6470588235294118,0.8823529411764706,51,11,17
1923,2120,neg_633,neg_849,0.6875,1.0,55,11,16
2068,2120,neg_796,neg_849,0.9375,1.0,75,15,16
1706,2121,neg_384,neg_850,0.9166666666666666,1.0,60,11,12
1430,2122,neg_80,neg_851,0.7692307692307693,1.0,47,10,13
1541,2122,neg_205,neg_851,0.9090909090909091,0.8461538461538461,48,10,11
1866,2122,neg_566,neg_851,0.6153846153846154,1.0,37,8,13
1985,2122,neg_701,neg_851,0.6666666666666666,0.9230769230769231,35,8,12
1647,2125,neg_320,neg_854,0.8235294117647058,1.0,67,14,17
1601,2126,neg_269,neg_855,0.75,1.0,38,9,12
1732,2126,neg_414,neg_855,0.7333333333333333,1.0,42,11,15
1538,2127,neg_202,neg_856,0.7777777777777778,0.9,46,7,9
1776,2127,neg_460,neg_856,0.7,1.0,43,7,10
1413,2128,neg_60,neg_857,0.6,0.9090909090909091,31,6,10
1462,2128,neg_116,neg_857,0.7,0.9090909090909091,36,7,10
1487,2128,neg_142,neg_857,0.8181818181818182,1.0,49,9,11
1496,2128,neg_151,neg_857,0.6363636363636364,1.0,37,7,11
1546,2128,neg_210,neg_857,0.7272727272727273,0.9166666666666666,40,8,11
1636,2128,neg_309,neg_857,0.7,0.9090909090909091,33,7,10
1675,2128,neg_352,neg_857,0.7272727272727273,1.0,40,8,11
1818,2128,neg_508,neg_857,0.8181818181818182,1.0,49,9,11
1865,2128,neg_565,neg_857,0.9090909090909091,1.0,48,10,11
1934,2128,neg_644,neg_857,0.8,0.9090909090909091,39,8,10
1981,2128,neg_697,neg_857,0.8,0.9090909090909091,39,8,10
2096,2128,neg_824,neg_857,0.9,0.9090909090909091,42,9,10
2099,2128,neg_827,neg_857,0.7,0.9090909090909091,37,7,10
1943,2130,neg_656,neg_860,0.6666666666666666,0.9230769230769231,40,8,12
1651,2133,neg_324,neg_863,0.75,1.0,82,15,20
1677,2135,neg_354,neg_865,0.625,0.8888888888888888,25,5,8
1507,2137,neg_162,neg_867,0.6666666666666666,0.8181818181818182,35,6,9
1658,2137,neg_333,neg_867,0.7777777777777778,0.9,35,7,9
1987,2137,neg_703,neg_867,0.7777777777777778,0.8181818181818182,38,7,9
1929,2138,neg_639,neg_868,0.625,0.9411764705882353,71,10,16
1701,2140,neg_378,neg_871,0.9166666666666666,1.0,79,11,12
1847,2140,neg_545,neg_871,0.75,1.0,68,9,12
1447,2141,neg_100,neg_872,0.9473684210526315,1.0,97,18,19
1927,2141,neg_637,neg_872,0.8947368421052632,1.0,89,17,19
1444,2144,neg_97,neg_875,0.8235294117647058,1.0,64,14,17
1624,2144,neg_295,neg_875,0.6470588235294118,1.0,46,11,17
1503,2146,neg_158,neg_877,0.6,1.0,41,6,10
1563,2146,neg_229,neg_877,0.6,1.0,44,6,10
1598,2146,neg_266,neg_877,0.8,1.0,50,8,10
1614,2146,neg_285,neg_877,0.6,1.0,28,6,10
1683,2146,neg_360,neg_877,0.6363636363636364,1.0,29,7,11
1942,2146,neg_655,neg_877,0.9,1.0,57,9,10
2062,2146,neg_790,neg_877,0.6,0.8,30,6,10
1683,2147,neg_360,neg_878,0.6363636363636364,0.8461538461538461,39,7,11
1744,2147,neg_427,neg_878,0.7272727272727273,0.8461538461538461,42,8,11
1954,2147,neg_667,neg_878,0.6666666666666666,0.8461538461538461,33,8,12
2016,2147,neg_736,neg_878,0.7272727272727273,0.8461538461538461,41,8,11
2058,2147,neg_785,neg_878,0.8461538461538461,1.0,67,11,13
1601,2152,neg_269,neg_883,0.6363636363636364,0.8461538461538461,39,7,11
1732,2152,neg_414,neg_883,0.6923076923076923,0.8666666666666667,41,9,13
2126,2152,neg_855,neg_883,0.6923076923076923,0.8333333333333334,32,9,13
1462,2153,neg_116,neg_884,0.6,0.9090909090909091,30,6,10
1487,2153,neg_142,neg_884,0.7,0.9090909090909091,39,7,10
1496,2153,neg_151,neg_884,0.6,0.9090909090909091,30,6,10
1546,2153,neg_210,neg_884,0.7,0.8333333333333334,33,7,10
1636,2153,neg_309,neg_884,0.9,0.9090909090909091,47,9,10
1675,2153,neg_352,neg_884,0.7,0.9090909090909091,33,7,10
1818,2153,neg_508,neg_884,0.7,0.9090909090909091,39,7,10
1865,2153,neg_565,neg_884,0.6,0.9090909090909091,27,6,10
1934,2153,neg_644,neg_884,0.7,0.9090909090909091,33,7,10
1981,2153,neg_697,neg_884,0.7,0.9090909090909091,33,7,10
2099,2153,neg_827,neg_884,0.6,0.9090909090909091,31,6,10
2128,2153,neg_857,neg_884,0.7,0.9090909090909091,35,7,10
1479,2157,neg_133,neg_889,0.7368421052631579,1.0,69,14,19
1485,2157,neg_140,neg_889,0.7368421052631579,1.0,72,14,19
1597,2157,neg_265,neg_889,0.6842105263157895,1.0,58,13,19
1617,2157,neg_288,neg_889,0.8333333333333334,0.9473684210526315,73,15,18
1644,2157,neg_317,neg_889,0.8333333333333334,0.9473684210526315,73,15,18
1685,2157,neg_362,neg_889,0.8421052631578947,1.0,79,16,19
2038,2157,neg_762,neg_889,0.7222222222222222,0.9473684210526315,66,13,18
1413,2159,neg_60,neg_891,0.6,0.8888888888888888,21,6,10
1942,2160,neg_655,neg_892,0.6363636363636364,1.0,33,7,11
2062,2160,neg_790,neg_892,0.6363636363636364,0.9090909090909091,36,7,11
1948,2165,neg_661,neg_898,0.875,1.0,66,14,16
2002,2165,neg_720,neg_898,0.7857142857142857,0.9333333333333333,62,11,14
1452,2167,neg_105,neg_900,0.8333333333333334,0.9230769230769231,57,10,12
1822,2169,neg_513,neg_902,0.6470588235294118,0.9444444444444444,56,11,17
2018,2169,neg_738,neg_902,0.8125,0.9411764705882353,62,13,16
2022,2172,neg_743,neg_905,0.875,1.0,36,7,8
1390,2173,neg_34,neg_906,1.0,0.9411764705882353,78,16,16
1543,2173,neg_207,neg_906,0.8823529411764706,1.0,72,15,17
2082,2173,neg_810,neg_906,0.875,0.9411764705882353,67,14,16
2107,2173,neg_835,neg_906,0.8823529411764706,1.0,75,15,17
1376,2174,neg_18,neg_907,0.6666666666666666,0.8,28,8,12
1837,2175,neg_531,neg_908,0.875,0.8421052631578947,73,14,16
2030,2175,neg_753,neg_908,0.8125,0.8,72,13,16
1867,2176,neg_568,neg_909,0.8,1.0,60,12,15
1737,2178,neg_419,neg_911,0.75,0.8888888888888888,35,6,8
1479,2180,neg_133,neg_914,0.7222222222222222,0.9473684210526315,72,13,18
1485,2180,neg_140,neg_914,0.8888888888888888,0.9473684210526315,79,16,18
1597,2180,neg_265,neg_914,0.7777777777777778,0.9473684210526315,69,14,18
1617,2180,neg_288,neg_914,0.8333333333333334,0.9473684210526315,77,15,18
1644,2180,neg_317,neg_914,0.8333333333333334,0.9473684210526315,77,15,18
1685,2180,neg_362,neg_914,0.7777777777777778,0.9473684210526315,75,14,18
2038,2180,neg_762,neg_914,0.8947368421052632,1.0,83,17,19
2157,2180,neg_889,neg_914,0.6666666666666666,0.9473684210526315,62,12,18
1383,2181,neg_27,neg_915,0.8333333333333334,0.8571428571428571,74,10,12
2032,2181,neg_755,neg_915,0.75,0.8571428571428571,67,9,12
1846,2189,neg_544,neg_923,0.8333333333333334,1.0,102,15,18
1643,2190,neg_316,neg_924,0.7222222222222222,0.9,64,13,18
2045,2190,neg_771,neg_924,0.8,0.95,65,16,20
2081,2190,neg_809,neg_924,0.8,1.0,66,16,20
1689,2198,neg_366,neg_932,0.9285714285714286,0.875,75,13,14
1699,2202,neg_376,neg_936,0.7142857142857143,1.0,55,10,14
1658,2205,neg_333,neg_939,0.6,1.0,33,6,10
1704,2205,neg_382,neg_939,0.7,1.0,38,7,10
1739,2205,neg_422,neg_939,0.6666666666666666,0.9,29,6,9
1754,2205,neg_438,neg_939,0.8,1.0,42,8,10
1983,2205,neg_699,neg_939,0.625,0.8,26,5,8
1593,2206,neg_260,neg_940,0.7222222222222222,0.8947368421052632,58,13,18
1657,2206,neg_332,neg_940,0.6842105263157895,0.9473684210526315,60,13,19
1991,2206,neg_707,neg_940,0.7222222222222222,0.8947368421052632,57,13,18
1829,2208,neg_522,neg_942,0.7,0.9411764705882353,54,14,20
1859,2209,neg_557,neg_943,0.8421052631578947,1.0,77,16,19
1932,2209,neg_642,neg_943,0.6842105263157895,1.0,57,13,19
2029,2211,neg_751,neg_945,0.9166666666666666,0.8,61,11,12
1361,2221,neg_2,neg_956,0.6,0.8823529411764706,57,9,15
1695,2222,neg_372,neg_957,0.6,0.8333333333333334,30,6,10
1725,2222,neg_405,neg_957,0.7,0.8333333333333334,33,7,10
2090,2222,neg_818,neg_957,0.8,0.8333333333333334,39,8,10
1454,2223,neg_107,neg_958,1.0,0.8181818181818182,53,9,9
1672,2223,neg_349,neg_958,1.0,0.8181818181818182,53,9,9
1686,2223,neg_363,neg_958,0.7,0.8181818181818182,33,7,10
1361,2229,neg_2,neg_965,0.8666666666666667,0.8823529411764706,73,13,15
1475,2229,neg_129,neg_965,0.8125,0.9333333333333333,66,13,16
1566,2229,neg_232,neg_965,0.7857142857142857,0.8235294117647058,68,11,14
1574,2229,neg_240,neg_965,0.7333333333333333,0.9375,66,11,15
1693,2229,neg_370,neg_965,0.6,0.8823529411764706,56,9,15
2078,2229,neg_806,neg_965,0.7857142857142857,0.8235294117647058,68,11,14
1426,2233,neg_74,neg_969,0.7857142857142857,0.9285714285714286,71,11,14
1922,2233,neg_632,neg_969,0.7142857142857143,0.9285714285714286,66,10,14
2155,2234,neg_886,neg_970,0.6,0.8333333333333334,39,6,10
1557,2235,neg_223,neg_971,1.0,0.8,31,4,4
1886,2235,neg_591,neg_971,1.0,0.8,31,4,4
1732,2238,neg_414,neg_974,0.8,1.0,65,12,15
1861,2238,neg_559,neg_974,0.6153846153846154,0.8666666666666667,41,8,13
1994,2238,neg_711,neg_974,0.6,1.0,48,9,15
2126,2238,neg_855,neg_974,0.6666666666666666,1.0,38,10,15
1413,2242,neg_60,neg_981,0.75,0.8,35,6,8
1712,2242,neg_391,neg_981,0.75,0.8,31,6,8
1961,2242,neg_675,neg_981,0.75,0.8888888888888888,33,6,8
1482,2244,neg_136,neg_983,0.6363636363636364,1.0,47,7,11
1695,2244,neg_372,neg_983,0.9090909090909091,1.0,58,10,11
1725,2244,neg_405,neg_983,0.7272727272727273,1.0,50,8,11
2090,2244,neg_818,neg_983,0.7272727272727273,1.0,50,8,11
2222,2244,neg_957,neg_983,0.6,0.8333333333333334,31,6,10
1503,2245,neg_158,neg_984,0.6,1.0,43,6,10
1563,2245,neg_229,neg_984,0.9,1.0,57,9,10
1598,2245,neg_266,neg_984,0.6,1.0,47,6,10
1942,2245,neg_655,neg_984,0.6,1.0,43,6,10
2146,2245,neg_877,neg_984,0.6,1.0,45,6,10
1383,2249,neg_27,neg_989,0.8333333333333334,0.8571428571428571,73,10,12
2032,2249,neg_755,neg_989,0.6666666666666666,0.8571428571428571,58,8,12
2181,2249,neg_915,neg_989,0.8333333333333334,0.9230769230769231,71,10,12
1753,2251,neg_437,neg_992,0.8125,0.8,72,13,16
2175,2251,neg_908,neg_992,0.9333333333333333,0.9375,85,14,15
1717,2253,neg_396,neg_994,0.6666666666666666,0.9,37,6,9
1774,2253,neg_458,neg_994,1.0,0.9,49,9,9
2034,2253,neg_757,neg_994,0.6666666666666666,0.9,35,6,9
2083,2253,neg_811,neg_994,0.6,0.9,24,6,10
2087,2253,neg_815,neg_994,0.6666666666666666,0.9,31,6,9
1954,2259,neg_667,neg_1002,0.9090909090909091,0.8333333333333334,58,10,11
1663,2260,neg_339,neg_1003,0.6,0.8181818181818182,40,6,10
1517,2263,neg_174,neg_1008,0.625,0.8421052631578947,56,10,16
1970,2263,neg_685,neg_1008,0.6875,1.0,51,11,16
1974,2263,neg_689,neg_1008,0.75,1.0,65,12,16
1406,2266,neg_52,neg_1011,0.625,0.8,29,5,8
1887,2266,neg_592,neg_1011,0.625,0.8,27,5,8
1479,2268,neg_133,neg_1013,0.8888888888888888,0.9473684210526315,80,16,18
1485,2268,neg_140,neg_1013,0.8333333333333334,0.9473684210526315,81,15,18
1597,2268,neg_265,neg_1013,0.8333333333333334,0.9473684210526315,69,15,18
1617,2268,neg_288,neg_1013,0.8888888888888888,0.9473684210526315,81,16,18
1644,2268,neg_317,neg_1013,0.8888888888888888,0.9473684210526315,81,16,18
1685,2268,neg_362,neg_1013,0.9444444444444444,0.9473684210526315,83,17,18
2038,2268,neg_762,neg_1013,0.8333333333333334,0.9473684210526315,81,15,18
2157,2268,neg_889,neg_1013,0.7777777777777778,0.9473684210526315,68,14,18
2180,2268,neg_914,neg_1013,0.8333333333333334,0.9473684210526315,81,15,18
1753,2271,neg_437,neg_1016,0.7894736842105263,0.95,87,15,19
1837,2271,neg_531,neg_1016,0.7368421052631579,0.95,84,14,19
2030,2271,neg_753,neg_1016,0.8,1.0,88,16,20
2251,2271,neg_992,neg_1016,0.9375,0.8,81,15,16
1546,2272,neg_210,neg_1017,0.75,0.8571428571428571,50,9,12
1696,2273,neg_373,neg_1018,0.9230769230769231,1.0,63,12,13
2252,2275,neg_993,neg_1020,0.9166666666666666,0.8571428571428571,60,11,12
1594,2276,neg_261,neg_1022,0.6111111111111112,0.9,62,11,18
1897,2276,neg_604,neg_1022,0.7368421052631579,0.95,78,14,19
1750,2277,neg_434,neg_1023,0.625,0.8888888888888888,26,5,8
2004,2278,neg_722,neg_1024,0.9473684210526315,1.0,84,18,19
1729,2280,neg_409,neg_1026,0.9166666666666666,1.0,53,11,12
1452,2283,neg_105,neg_1029,0.9230769230769231,1.0,68,12,13
2167,2283,neg_900,neg_1029,0.9166666666666666,0.9230769230769231,60,11,12
1567,2284,neg_233,neg_1030,0.6363636363636364,1.0,34,7,11
2017,2284,neg_737,neg_1030,0.6666666666666666,0.8181818181818182,23,6,9
1663,2288,neg_339,neg_1035,0.6,0.8333333333333334,46,6,10
1445,2289,neg_98,neg_1036,0.6,1.0,52,9,15
2075,2289,neg_803,neg_1036,0.6666666666666666,0.9375,77,10,15
2110,2289,neg_838,neg_1036,0.6,0.9375,60,9,15
1383,2290,neg_27,neg_1038,0.8333333333333334,0.8571428571428571,75,10,12
2032,2290,neg_755,neg_1038,0.6666666666666666,0.8571428571428571,60,8,12
2181,2290,neg_915,neg_1038,0.8333333333333334,0.9230769230769231,73,10,12
2249,2290,neg_989,neg_1038,0.8461538461538461,1.0,79,11,13
1446,2291,neg_99,neg_1039,0.625,0.9411764705882353,69,10,16
1492,2291,neg_147,neg_1039,0.625,0.9411764705882353,69,10,16
1773,2291,neg_457,neg_1039,0.6875,0.9411764705882353,74,11,16
1929,2291,neg_639,neg_1039,0.6470588235294118,1.0,77,11,17
1989,2291,neg_705,neg_1039,0.6,0.8333333333333334,68,9,15
2138,2291,neg_868,neg_1039,0.6875,0.9411764705882353,76,11,16
1424,2292,neg_72,neg_1040,0.625,1.0,46,5,8
1459,2292,neg_112,neg_1040,0.875,0.8,62,7,8
1460,2292,neg_113,neg_1040,0.875,1.0,58,7,8
1588,2292,neg_255,neg_1040,0.75,1.0,54,6,8
2057,2298,neg_784,neg_1047,0.8571428571428571,1.0,33,6,7
1487,2299,neg_142,neg_1049,0.8,0.8333333333333334,44,8,10
1675,2299,neg_352,neg_1049,0.6,0.8333333333333334,34,6,10
1818,2299,neg_508,neg_1049,0.9,0.8333333333333334,48,9,10
1865,2299,neg_565,neg_1049,0.6,0.8333333333333334,31,6,10
2128,2299,neg_857,neg_1049,0.7,0.8333333333333334,39,7,10
532,2301,pos_582,neg_1051,0.625,0.8888888888888888,14,5,8
1413,2301,neg_60,neg_1051,0.875,0.8,37,7,8
1712,2301,neg_391,neg_1051,0.75,0.8,31,6,8
1961,2301,neg_675,neg_1051,0.8888888888888888,1.0,40,8,9
2242,2301,neg_981,neg_1051,0.875,0.8888888888888888,38,7,8
1928,2302,neg_638,neg_1052,0.9285714285714286,0.9333333333333333,70,13,14
1941,2305,neg_654,neg_1055,1.0,0.9444444444444444,78,17,17
1361,2306,neg_2,neg_1056,0.7058823529411765,1.0,69,12,17
1394,2306,neg_39,neg_1056,0.6875,0.9411764705882353,70,11,16
1475,2306,neg_129,neg_1056,0.6875,0.9411764705882353,66,11,16
1566,2306,neg_232,neg_1056,0.6470588235294118,1.0,63,11,17
1574,2306,neg_240,neg_1056,0.7142857142857143,0.8235294117647058,62,10,14
1693,2306,neg_370,neg_1056,0.6875,0.9411764705882353,65,11,16
1802,2306,neg_490,neg_1056,0.9411764705882353,1.0,94,16,17
1908,2306,neg_617,neg_1056,0.875,0.9411764705882353,80,14,16
2078,2306,neg_806,neg_1056,0.7058823529411765,0.8823529411764706,64,12,17
1389,2308,neg_33,neg_1058,0.6153846153846154,1.0,40,8,13
1419,2310,neg_67,neg_1060,0.8571428571428571,1.0,35,6,7
1684,2313,neg_361,neg_1063,0.7777777777777778,0.8888888888888888,29,7,9
1824,2314,neg_516,neg_1064,0.9285714285714286,1.0,57,13,14
1500,2315,neg_155,neg_1065,0.6428571428571429,0.875,51,9,14
2263,2315,neg_1008,neg_1065,0.7142857142857143,0.875,56,10,14
1518,2317,neg_177,neg_1067,0.625,1.0,30,5,8
1552,2317,neg_218,neg_1067,0.8571428571428571,0.875,37,6,7
1666,2317,neg_343,neg_1067,1.0,0.875,40,7,7
1997,2317,neg_714,neg_1067,0.7142857142857143,0.875,29,5,7
2028,2317,neg_750,neg_1067,0.75,1.0,40,6,8
1923,2318,neg_633,neg_1068,0.6875,1.0,55,11,16
1943,2318,neg_656,neg_1068,0.6153846153846154,0.8125,43,8,13
2068,2318,neg_796,neg_1068,0.9375,1.0,75,15,16
2120,2318,neg_849,neg_1068,0.875,1.0,74,14,16
1610,2320,neg_280,neg_1070,1.0,0.8181818181818182,53,9,9
1778,2320,neg_463,neg_1070,0.8,0.9090909090909091,51,8,10
2118,2320,neg_847,neg_1070,1.0,0.9090909090909091,58,10,10
1665,2321,neg_342,neg_1071,0.9375,0.8,72,15,16
1424,2328,neg_72,neg_1078,0.875,1.0,52,7,8
1459,2328,neg_112,neg_1078,0.625,0.8,42,5,8
1460,2328,neg_113,neg_1078,0.625,1.0,45,5,8
1588,2328,neg_255,neg_1078,0.75,1.0,46,6,8
2292,2328,neg_1040,neg_1078,0.625,1.0,42,5,8
1462,2329,neg_116,neg_1079,0.7,0.9090909090909091,33,7,10
1487,2329,neg_142,neg_1079,0.6363636363636364,1.0,33,7,11
1546,2329,neg_210,neg_1079,0.6363636363636364,0.9166666666666666,34,7,11
1636,2329,neg_309,neg_1079,0.6,0.9090909090909091,25,6,10
1675,2329,neg_352,neg_1079,0.6363636363636364,1.0,34,7,11
1818,2329,neg_508,neg_1079,0.6363636363636364,1.0,33,7,11
1865,2329,neg_565,neg_1079,0.8181818181818182,1.0,42,9,11
1934,2329,neg_644,neg_1079,0.8,0.9090909090909091,36,8,10
1981,2329,neg_697,neg_1079,0.8,0.9090909090909091,36,8,10
2096,2329,neg_824,neg_1079,0.9,0.9090909090909091,39,9,10
2099,2329,neg_827,neg_1079,0.7,0.9090909090909091,34,7,10
2128,2329,neg_857,neg_1079,0.8181818181818182,1.0,40,9,11
2153,2329,neg_884,neg_1079,0.6,0.9090909090909091,27,6,10
1412,2330,neg_59,neg_1080,0.7777777777777778,0.8181818181818182,36,7,9
1484,2330,neg_138,neg_1080,0.8181818181818182,1.0,47,9,11
1489,2330,neg_144,neg_1080,0.8181818181818182,1.0,45,9,11
1680,2330,neg_357,neg_1080,0.7,0.9090909090909091,39,7,10
2041,2331,neg_767,neg_1081,0.625,1.0,22,5,8
1500,2332,neg_155,neg_1082,0.6,0.8333333333333334,52,9,15
1618,2332,neg_289,neg_1082,0.8,0.8333333333333334,58,12,15
2263,2332,neg_1008,neg_1082,0.6666666666666666,0.8333333333333334,57,10,15
1656,2333,neg_331,neg_1083,0.6153846153846154,1.0,43,8,13
1985,2333,neg_701,neg_1083,0.6666666666666666,0.9230769230769231,40,8,12
2152,2333,neg_883,neg_1083,0.6363636363636364,0.8461538461538461,32,7,11
2274,2333,neg_1019,neg_1083,0.6923076923076923,1.0,34,9,13
1479,2334,neg_133,neg_1084,0.7894736842105263,1.0,72,15,19
1485,2334,neg_140,neg_1084,0.8421052631578947,1.0,77,16,19
1597,2334,neg_265,neg_1084,0.7894736842105263,1.0,73,15,19
1617,2334,neg_288,neg_1084,0.9444444444444444,0.9473684210526315,78,17,18
1644,2334,neg_317,neg_1084,0.9444444444444444,0.9473684210526315,78,17,18
1685,2334,neg_362,neg_1084,0.8947368421052632,1.0,82,17,19
2038,2334,neg_762,neg_1084,0.8333333333333334,0.9473684210526315,71,15,18
2157,2334,neg_889,neg_1084,0.7894736842105263,1.0,69,15,19
2180,2334,neg_914,neg_1084,0.7777777777777778,0.9473684210526315,67,14,18
2268,2334,neg_1013,neg_1084,0.8333333333333334,0.9473684210526315,71,15,18
1663,2339,neg_339,neg_1089,0.6,0.8333333333333334,47,6,10
2288,2339,neg_1035,neg_1089,0.7,0.8333333333333334,51,7,10
1605,2340,neg_273,neg_1090,1.0,0.9090909090909091,56,10,10
1706,2341,neg_384,neg_1091,0.9166666666666666,1.0,59,11,12
2121,2341,neg_850,neg_1091,0.9166666666666666,1.0,61,11,12
1558,2347,neg_224,neg_1097,0.625,0.8888888888888888,26,5,8
1731,2347,neg_412,neg_1097,0.8888888888888888,1.0,43,8,9
2112,2347,neg_840,neg_1097,0.7777777777777778,0.8888888888888888,27,7,9
1656,2348,neg_331,neg_1098,0.8461538461538461,1.0,54,11,13
1719,2348,neg_398,neg_1098,0.6923076923076923,1.0,49,9,13
1767,2348,neg_451,neg_1098,0.6153846153846154,1.0,47,8,13
2333,2348,neg_1083,neg_1098,0.6153846153846154,1.0,43,8,13
1592,2352,neg_259,neg_1103,1.0,0.875,44,7,7
2033,2352,neg_756,neg_1103,1.0,0.8888888888888888,49,8,8
2049,2352,neg_775,neg_1103,0.75,0.8888888888888888,40,6,8
1658,2356,neg_333,neg_1107,0.7,1.0,32,7,10
1704,2356,neg_382,neg_1107,0.7,1.0,35,7,10
1739,2356,neg_422,neg_1107,0.6666666666666666,0.9,31,6,9
1754,2356,neg_438,neg_1107,0.7,1.0,44,7,10
2205,2356,neg_939,neg_1107,0.8,1.0,46,8,10
1369,2359,neg_10,neg_1110,0.6153846153846154,0.8,24,8,13
2076,2359,neg_804,neg_1110,0.6428571428571429,0.8666666666666667,39,9,14
1413,2361,neg_60,neg_1112,0.6666666666666666,0.9,28,6,9
1496,2361,neg_151,neg_1112,0.6666666666666666,0.8181818181818182,28,6,9
1675,2361,neg_352,neg_1112,0.6666666666666666,0.8181818181818182,28,6,9
1712,2361,neg_391,neg_1112,0.6666666666666666,0.9,29,6,9
2242,2361,neg_981,neg_1112,0.625,0.8888888888888888,24,5,8
2301,2361,neg_1051,neg_1112,0.625,0.8888888888888888,24,5,8
1466,2365,neg_120,neg_1116,0.6666666666666666,0.875,44,10,15
1548,2366,neg_212,neg_1117,0.625,0.8,25,5,8
1684,2366,neg_361,neg_1117,0.6666666666666666,0.8888888888888888,24,6,9
1774,2366,neg_458,neg_1117,0.6666666666666666,0.9,36,6,9
2034,2366,neg_757,neg_1117,0.8888888888888888,0.9,41,8,9
2087,2366,neg_815,neg_1117,0.6666666666666666,0.9,30,6,9
2253,2366,neg_994,neg_1117,0.6666666666666666,0.9,36,6,9
1447,2368,neg_100,neg_1120,0.8947368421052632,1.0,89,17,19
1927,2368,neg_637,neg_1120,0.9473684210526315,1.0,94,18,19
2141,2368,neg_872,neg_1120,0.8421052631578947,1.0,87,16,19
2168,2369,neg_901,neg_1121,0.75,1.0,36,6,8
997,2370,pos_1092,neg_1122,0.7272727272727273,0.8461538461538461,49,8,11
1063,2370,pos_1168,neg_1122,0.6,0.9090909090909091,34,6,10
2044,2371,neg_770,neg_1123,0.625,0.8888888888888888,32,5,8
1490,2373,neg_145,neg_1126,0.8181818181818182,0.9166666666666666,54,9,11
1498,2376,neg_153,neg_1129,0.9,0.8333333333333334,56,9,10
1558,2378,neg_224,neg_1131,0.7142857142857143,0.875,19,5,7
1458,2379,neg_111,neg_1132,0.7272727272727273,1.0,49,8,11
1694,2379,neg_371,neg_1132,0.8181818181818182,1.0,50,9,11
1763,2379,neg_447,neg_1132,0.8181818181818182,1.0,52,9,11
1987,2379,neg_703,neg_1132,0.6363636363636364,1.0,42,7,11
2074,2379,neg_802,neg_1132,0.6,0.8333333333333334,37,6,10
1560,2380,neg_226,neg_1133,0.8947368421052632,0.95,105,17,19
1714,2383,neg_393,neg_1136,0.6666666666666666,0.8571428571428571,35,8,12
1413,2386,neg_60,neg_1139,0.6666666666666666,0.8181818181818182,35,6,9
1487,2386,neg_142,neg_1139,0.6,0.9090909090909091,35,6,10
1496,2386,neg_151,neg_1139,0.7,0.9090909090909091,39,7,10
1546,2386,neg_210,neg_1139,0.6,0.8333333333333334,36,6,10
1675,2386,neg_352,neg_1139,0.6,0.9090909090909091,36,6,10
1712,2386,neg_391,neg_1139,0.8,0.9090909090909091,40,8,10
1818,2386,neg_508,neg_1139,0.6,0.9090909090909091,35,6,10
1865,2386,neg_565,neg_1139,0.6,0.9090909090909091,33,6,10
1934,2386,neg_644,neg_1139,0.7777777777777778,0.8181818181818182,38,7,9
1981,2386,neg_697,neg_1139,0.7777777777777778,0.8181818181818182,38,7,9
2096,2386,neg_824,neg_1139,0.7,0.9090909090909091,36,7,10
2099,2386,neg_827,neg_1139,0.6666666666666666,0.8181818181818182,36,6,9
2128,2386,neg_857,neg_1139,0.6,0.9090909090909091,31,6,10
2299,2386,neg_1049,neg_1139,0.6,0.8333333333333334,34,6,10
2329,2386,neg_1079,neg_1139,0.6,0.9090909090909091,28,6,10
1537,2387,neg_201,neg_1140,0.9230769230769231,1.0,74,12,13
1578,2388,neg_244,neg_1141,0.7777777777777778,0.9,85,14,18
1795,2388,neg_481,neg_1141,0.6470588235294118,0.85,61,11,17
1872,2388,neg_573,neg_1141,0.6,1.0,55,12,20
2007,2388,neg_726,neg_1141,0.95,1.0,104,19,20
1361,2389,neg_2,neg_1142,0.8666666666666667,0.8823529411764706,73,13,15
1475,2389,neg_129,neg_1142,0.8125,0.875,66,13,16
1566,2389,neg_232,neg_1142,0.75,0.9411764705882353,72,12,16
1574,2389,neg_240,neg_1142,0.75,1.0,70,12,16
1693,2389,neg_370,neg_1142,0.6,0.8823529411764706,56,9,15
2078,2389,neg_806,neg_1142,0.75,0.9411764705882353,72,12,16
2229,2389,neg_965,neg_1142,1.0,0.9375,87,15,15
1583,2392,neg_250,neg_1145,0.75,0.8888888888888888,33,6,8
1840,2392,neg_535,neg_1145,0.875,0.8888888888888888,37,7,8
1445,2393,neg_98,neg_1146,0.6,0.8823529411764706,62,9,15
1551,2393,neg_216,neg_1146,0.75,0.8421052631578947,97,12,16
2075,2393,neg_803,neg_1146,0.6666666666666666,0.8823529411764706,70,10,15
2110,2393,neg_838,neg_1146,0.7333333333333333,0.8823529411764706,74,11,15
2289,2393,neg_1036,neg_1146,0.6,0.8823529411764706,61,9,15
1446,2394,neg_99,neg_1149,0.75,0.9411764705882353,79,12,16
1492,2394,neg_147,neg_1149,0.6875,0.9411764705882353,73,11,16
1773,2394,neg_457,neg_1149,0.6875,0.9411764705882353,71,11,16
1929,2394,neg_639,neg_1149,0.625,0.9411764705882353,68,10,16
2138,2394,neg_868,neg_1149,0.625,1.0,65,10,16
2291,2394,neg_1039,neg_1149,0.6875,0.9411764705882353,75,11,16
1476,2397,neg_130,neg_1153,0.6666666666666666,1.0,51,12,18
1711,2397,neg_390,neg_1153,0.7777777777777778,1.0,70,14,18
2345,2398,neg_1095,neg_1154,0.6428571428571429,1.0,50,9,14
1462,2399,neg_116,neg_1155,0.6,0.9090909090909091,25,6,10
1487,2399,neg_142,neg_1155,0.6,0.9090909090909091,32,6,10
1496,2399,neg_151,neg_1155,0.7,0.9090909090909091,29,7,10
1546,2399,neg_210,neg_1155,0.6,0.8333333333333334,26,6,10
1675,2399,neg_352,neg_1155,0.6,0.9090909090909091,26,6,10
1818,2399,neg_508,neg_1155,0.6,0.9090909090909091,32,6,10
1865,2399,neg_565,neg_1155,0.6,0.9090909090909091,28,6,10
1934,2399,neg_644,neg_1155,0.6,0.9090909090909091,26,6,10
1981,2399,neg_697,neg_1155,0.6363636363636364,1.0,32,7,11
2128,2399,neg_857,neg_1155,0.7,0.9090909090909091,36,7,10
2153,2399,neg_884,neg_1155,0.6,0.9090909090909091,30,6,10
2329,2399,neg_1079,neg_1155,0.6,0.9090909090909091,29,6,10
1832,2400,neg_526,neg_1157,0.625,1.0,25,5,8
1997,2400,neg_714,neg_1157,0.625,1.0,26,5,8
1623,2401,neg_294,neg_1158,0.8461538461538461,1.0,77,11,13
1430,2407,neg_80,neg_1164,0.8461538461538461,1.0,53,11,13
1541,2407,neg_205,neg_1164,0.75,0.9230769230769231,45,9,12
2122,2407,neg_851,neg_1164,0.6923076923076923,1.0,43,9,13
1362,2409,neg_3,neg_1166,0.7777777777777778,1.0,42,7,9
1431,2409,neg_81,neg_1166,0.875,0.8888888888888888,42,7,8
1554,2409,neg_220,neg_1166,0.875,0.8,40,7,8
1595,2409,neg_263,neg_1166,0.875,0.8888888888888888,40,7,8
1655,2409,neg_330,neg_1166,0.875,0.8888888888888888,40,7,8
1452,2412,neg_105,neg_1170,0.8333333333333334,0.9166666666666666,47,10,12
1987,2412,neg_703,neg_1170,0.6363636363636364,0.9166666666666666,39,7,11
2167,2412,neg_900,neg_1170,0.8461538461538461,1.0,50,11,13
2283,2412,neg_1029,neg_1170,0.9166666666666666,0.9166666666666666,50,11,12
2160,2413,neg_892,neg_1171,0.6153846153846154,1.0,30,8,13
1630,2414,neg_302,neg_1172,0.8888888888888888,0.9,45,8,9
1558,2417,neg_224,neg_1175,0.875,1.0,40,7,8
1731,2417,neg_412,neg_1175,0.625,0.8888888888888888,30,5,8
2347,2417,neg_1097,neg_1175,0.625,0.8888888888888888,28,5,8
1719,2418,neg_398,neg_1176,0.6666666666666666,0.9230769230769231,41,8,12
1414,2421,neg_61,neg_1179,0.6666666666666666,0.8181818181818182,39,6,9
1498,2421,neg_153,neg_1179,0.8888888888888888,0.8181818181818182,50,8,9
1778,2421,neg_463,neg_1179,1.0,0.8181818181818182,54,9,9
2033,2421,neg_756,neg_1179,1.0,0.8181818181818182,54,9,9
2049,2421,neg_775,neg_1179,0.7777777777777778,0.8181818181818182,45,7,9
1450,2422,neg_103,neg_1180,0.7777777777777778,1.0,27,7,9
1480,2422,neg_134,neg_1180,0.8888888888888888,1.0,42,8,9
1583,2422,neg_250,neg_1180,0.8888888888888888,1.0,42,8,9
1840,2422,neg_535,neg_1180,0.7777777777777778,1.0,39,7,9
2392,2422,neg_1145,neg_1180,0.625,0.8888888888888888,30,5,8
1500,2423,neg_155,neg_1181,0.8125,1.0,75,13,16
1517,2423,neg_174,neg_1181,0.6875,0.8421052631578947,58,11,16
1618,2423,neg_289,neg_1181,0.6875,1.0,58,11,16
2046,2423,neg_772,neg_1181,0.625,0.8421052631578947,54,10,16
2088,2423,neg_816,neg_1181,0.6153846153846154,0.8125,42,8,13
2315,2423,neg_1065,neg_1181,0.7857142857142857,0.875,56,11,14
2332,2423,neg_1082,neg_1181,0.7333333333333333,0.8333333333333334,60,11,15
1676,2425,neg_353,neg_1184,0.8125,1.0,76,13,16
1840,2428,neg_535,neg_1187,0.6666666666666666,1.0,31,6,9
1885,2428,neg_590,neg_1187,0.8888888888888888,1.0,40,8,9
1859,2430,neg_557,neg_1189,0.6842105263157895,1.0,65,13,19
1932,2430,neg_642,neg_1189,0.6842105263157895,1.0,57,13,19
2209,2430,neg_943,neg_1189,0.6842105263157895,1.0,66,13,19
1538,2432,neg_202,neg_1191,0.8888888888888888,0.8181818181818182,51,8,9
1776,2432,neg_460,neg_1191,0.8,0.9090909090909091,48,8,10
2127,2432,neg_856,neg_1191,0.8,0.9090909090909091,50,8,10
2226,2435,neg_962,neg_1194,0.7,1.0,45,7,10
2296,2436,neg_1044,neg_1195,1.0,0.8888888888888888,44,8,8
1482,2438,neg_136,neg_1197,0.6363636363636364,1.0,48,7,11
1695,2438,neg_372,neg_1197,0.9090909090909091,1.0,56,10,11
1725,2438,neg_405,neg_1197,0.8181818181818182,1.0,55,9,11
2090,2438,neg_818,neg_1197,0.9090909090909091,1.0,55,10,11
2222,2438,neg_957,neg_1197,0.7,0.8333333333333334,33,7,10
2244,2438,neg_983,neg_1197,0.8181818181818182,1.0,54,9,11
2373,2440,neg_1126,neg_1200,0.7,0.8333333333333334,45,7,10
1653,2442,neg_326,neg_1203,0.6,0.9090909090909091,46,6,10
2105,2442,neg_833,neg_1203,0.6,1.0,51,6,10
1954,2444,neg_667,neg_1205,0.7692307692307693,0.8333333333333334,47,10,13
2259,2444,neg_1002,neg_1205,0.8571428571428571,1.0,67,12,14
2335,2446,neg_1085,neg_1207,0.9285714285714286,1.0,88,13,14
1361,2448,neg_2,neg_1209,0.9333333333333333,0.8823529411764706,80,14,15
1566,2448,neg_232,neg_1209,0.75,0.9411764705882353,74,12,16
1574,2448,neg_240,neg_1209,0.8125,0.9411764705882353,75,13,16
1693,2448,neg_370,neg_1209,0.6666666666666666,0.8823529411764706,61,10,15
2078,2448,neg_806,neg_1209,0.75,0.9411764705882353,74,12,16
2229,2448,neg_965,neg_1209,0.8666666666666667,0.8823529411764706,75,13,15
2389,2448,neg_1142,neg_1209,0.8125,0.9411764705882353,76,13,16
1670,2450,neg_347,neg_1211,0.6153846153846154,0.8666666666666667,66,8,13
2101,2456,neg_829,neg_1219,1.0,0.9473684210526315,88,18,18
1696,2460,neg_373,neg_1223,0.8461538461538461,1.0,59,11,13
2273,2460,neg_1018,neg_1223,0.8461538461538461,1.0,59,11,13
1511,2461,neg_167,neg_1224,0.9090909090909091,1.0,51,10,11
2024,2461,neg_745,neg_1224,0.8181818181818182,1.0,48,9,11
2020,2463,neg_740,neg_1226,0.9166666666666666,1.0,65,11,12
1948,2464,neg_661,neg_1227,0.7333333333333333,0.9333333333333333,53,11,15
2002,2464,neg_720,neg_1227,0.8,1.0,68,12,15
2165,2464,neg_898,neg_1227,0.7857142857142857,0.9333333333333333,59,11,14
1430,2465,neg_80,neg_1229,0.9230769230769231,1.0,58,12,13
1541,2465,neg_205,neg_1229,0.75,0.9230769230769231,46,9,12
2122,2465,neg_851,neg_1229,0.6923076923076923,1.0,45,9,13
2407,2465,neg_1164,neg_1229,0.9230769230769231,1.0,55,12,13
1507,2467,neg_162,neg_1231,0.9090909090909091,1.0,56,10,11
1658,2467,neg_333,neg_1231,0.6666666666666666,0.8181818181818182,35,6,9
1904,2467,neg_612,neg_1231,0.6363636363636364,1.0,41,7,11
1987,2467,neg_703,neg_1231,0.6363636363636364,1.0,43,7,11
2074,2467,neg_802,neg_1231,0.7,0.8333333333333334,39,7,10
2137,2467,neg_867,neg_1231,0.6666666666666666,0.8181818181818182,38,6,9
1228,2475,pos_1358,neg_1241,0.625,0.8888888888888888,19,5,8
1712,2475,neg_391,neg_1241,0.6666666666666666,0.9,28,6,9
1521,2476,neg_180,neg_1242,0.75,1.0,19,3,4
1756,2479,neg_440,neg_1245,0.8571428571428571,1.0,42,6,7
1582,2480,neg_249,neg_1246,0.75,1.0,62,9,12
1596,2480,neg_264,neg_1246,0.6666666666666666,1.0,59,8,12
1779,2480,neg_464,neg_1246,0.75,1.0,63,9,12
1953,2481,neg_666,neg_1248,0.9333333333333333,0.9375,71,14,15
1974,2482,neg_689,neg_1249,0.6923076923076923,0.8125,43,9,13
1459,2485,neg_112,neg_1254,0.625,0.8,37,5,8
1460,2485,neg_113,neg_1254,0.625,1.0,37,5,8
2292,2485,neg_1040,neg_1254,0.625,1.0,36,5,8
1695,2486,neg_372,neg_1255,0.7272727272727273,1.0,46,8,11
1725,2486,neg_405,neg_1255,0.6363636363636364,1.0,41,7,11
2090,2486,neg_818,neg_1255,0.7272727272727273,1.0,48,8,11
2222,2486,neg_957,neg_1255,0.8,0.8333333333333334,42,8,10
2244,2486,neg_983,neg_1255,0.8181818181818182,1.0,48,9,11
2438,2486,neg_1197,neg_1255,0.6363636363636364,1.0,42,7,11
1379,2487,neg_22,neg_1256,0.6666666666666666,0.8,20,6,9
2226,2490,neg_962,neg_1259,0.8,1.0,53,8,10
2435,2490,neg_1194,neg_1259,0.8,1.0,51,8,10
2226,2491,neg_962,neg_1261,0.6,1.0,36,6,10
2435,2491,neg_1194,neg_1261,0.6,1.0,36,6,10
2490,2491,neg_1259,neg_1261,0.6,1.0,37,6,10
1431,2493,neg_81,neg_1264,0.625,0.8571428571428571,20,5,8
1703,2493,neg_381,neg_1264,0.7142857142857143,1.0,24,5,7
2409,2493,neg_1166,neg_1264,0.6666666666666666,1.0,25,6,9
1413,2494,neg_60,neg_1265,0.6,0.9090909090909091,33,6,10
1462,2494,neg_116,neg_1265,0.7777777777777778,0.8181818181818182,35,7,9
1487,2494,neg_142,neg_1265,0.7,0.9090909090909091,35,7,10
1496,2494,neg_151,neg_1265,0.6,0.9090909090909091,33,6,10
1546,2494,neg_210,neg_1265,0.7,0.8333333333333334,36,7,10
1640,2494,neg_313,neg_1265,0.6,0.8181818181818182,13,6,10
1675,2494,neg_352,neg_1265,0.7,0.9090909090909091,36,7,10
1818,2494,neg_508,neg_1265,0.7,0.9090909090909091,35,7,10
1865,2494,neg_565,neg_1265,0.9,0.9090909090909091,44,9,10
1934,2494,neg_644,neg_1265,0.8888888888888888,0.8181818181818182,38,8,9
1981,2494,neg_697,neg_1265,0.8888888888888888,0.8181818181818182,38,8,9
2096,2494,neg_824,neg_1265,0.9090909090909091,1.0,48,10,11
2099,2494,neg_827,neg_1265,0.7777777777777778,0.8181818181818182,36,7,9
2128,2494,neg_857,neg_1265,0.9,0.9090909090909091,42,9,10
2299,2494,neg_1049,neg_1265,0.6363636363636364,0.9166666666666666,35,7,11
2329,2494,neg_1079,neg_1265,0.9,0.9090909090909091,39,9,10
2337,2494,neg_1087,neg_1265,0.8,0.8333333333333334,38,8,10
2386,2494,neg_1139,neg_1265,0.7,0.9090909090909091,36,7,10
2057,2495,neg_784,neg_1266,0.8571428571428571,0.875,35,6,7
2298,2495,neg_1047,neg_1266,0.7142857142857143,0.875,30,5,7
1513,2500,neg_170,neg_1272,0.8235294117647058,0.9411764705882353,82,14,17
1612,2500,neg_283,neg_1272,0.75,0.8235294117647058,60,12,16
2095,2500,neg_823,neg_1272,0.6470588235294118,0.85,62,11,17
2451,2501,neg_1214,neg_1273,0.625,0.8,26,5,8
1474,2507,neg_128,neg_1279,0.8235294117647058,0.8947368421052632,70,14,17
1506,2507,neg_161,neg_1279,0.7647058823529411,0.8947368421052632,71,13,17
1390,2509,neg_34,neg_1281,0.9375,0.9411764705882353,73,15,16
1543,2509,neg_207,neg_1281,0.8823529411764706,1.0,73,15,17
2082,2509,neg_810,neg_1281,0.9375,0.9411764705882353,72,15,16
2107,2509,neg_835,neg_1281,0.8823529411764706,1.0,76,15,17
2173,2509,neg_906,neg_1281,0.8823529411764706,1.0,74,15,17
1730,2511,neg_411,neg_1283,0.8,1.0,45,8,10
1841,2512,neg_536,neg_1285,0.95,1.0,104,19,20
1362,2513,neg_3,neg_1286,1.0,0.8888888888888888,44,8,8
1431,2513,neg_81,neg_1286,0.6666666666666666,1.0,38,6,9
1554,2513,neg_220,neg_1286,0.8888888888888888,0.9,45,8,9
1595,2513,neg_263,neg_1286,0.7777777777777778,1.0,41,7,9
1655,2513,neg_330,neg_1286,0.7777777777777778,1.0,41,7,9
2409,2513,neg_1166,neg_1286,0.875,0.8888888888888888,41,7,8
1507,2514,neg_162,neg_1287,0.7272727272727273,1.0,46,8,11
2074,2514,neg_802,neg_1287,0.6,0.8333333333333334,33,6,10
2137,2514,neg_867,neg_1287,0.6666666666666666,0.8181818181818182,38,6,9
2467,2514,neg_1231,neg_1287,0.8181818181818182,1.0,51,9,11
1450,2516,neg_103,neg_1289,0.7777777777777778,1.0,27,7,9
1583,2516,neg_250,neg_1289,0.7777777777777778,1.0,39,7,9
1840,2516,neg_535,neg_1289,0.8888888888888888,1.0,43,8,9
1885,2516,neg_590,neg_1289,0.8888888888888888,1.0,37,8,9
2044,2516,neg_770,neg_1289,0.625,0.8888888888888888,22,5,8
2392,2516,neg_1145,neg_1289,1.0,0.8888888888888888,40,8,8
2422,2516,neg_1180,neg_1289,0.6666666666666666,1.0,36,6,9
2428,2516,neg_1187,neg_1289,0.7777777777777778,1.0,34,7,9
1663,2517,neg_339,neg_1290,0.6,0.8333333333333334,45,6,10
2288,2517,neg_1035,neg_1290,0.6,0.8333333333333334,46,6,10
2339,2517,neg_1089,neg_1290,0.9090909090909091,1.0,71,10,11
1548,2523,neg_212,neg_1296,0.6666666666666666,0.8181818181818182,34,6,9
1604,2523,neg_272,neg_1296,0.6363636363636364,1.0,40,7,11
1717,2523,neg_396,neg_1296,0.6363636363636364,1.0,26,7,11
1774,2523,neg_458,neg_1296,0.7272727272727273,1.0,34,8,11
2034,2523,neg_757,neg_1296,0.9090909090909091,1.0,43,10,11
2253,2523,neg_994,neg_1296,0.7,0.9,30,7,10
2313,2523,neg_1063,neg_1296,0.6666666666666666,0.8181818181818182,31,6,9
1578,2526,neg_244,neg_1299,0.6,1.0,72,12,20
2288,2527,neg_1035,neg_1300,0.6666666666666666,0.9230769230769231,60,8,12
1364,2534,neg_5,neg_1308,0.6,0.9375,63,9,15
1516,2534,neg_173,neg_1308,0.6,0.8666666666666667,48,9,15
1662,2534,neg_338,neg_1308,0.6,0.9333333333333333,52,9,15
1827,2534,neg_520,neg_1308,0.6,0.9333333333333333,53,9,15
2000,2534,neg_717,neg_1308,0.6,0.9333333333333333,55,9,15
2075,2534,neg_803,neg_1308,0.6,0.9375,68,9,15
2289,2534,neg_1036,neg_1308,0.6666666666666666,0.9375,78,10,15
1513,2535,neg_170,neg_1309,0.8235294117647058,0.9411764705882353,82,14,17
1612,2535,neg_283,neg_1309,0.75,0.8235294117647058,60,12,16
2095,2535,neg_823,neg_1309,0.6470588235294118,0.85,64,11,17
2500,2535,neg_1272,neg_1309,0.9411764705882353,1.0,97,16,17
2215,2537,neg_950,neg_1311,0.8181818181818182,1.0,50,9,11
1598,2538,neg_266,neg_1313,0.7,0.8,37,7,10
1942,2538,neg_655,neg_1313,0.7,0.8,37,7,10
1954,2538,neg_667,neg_1313,0.7,0.8333333333333334,43,7,10
2062,2538,neg_790,neg_1313,0.6363636363636364,1.0,46,7,11
2146,2538,neg_877,neg_1313,0.8,0.8,42,8,10
2160,2538,neg_892,neg_1313,0.6363636363636364,0.9090909090909091,34,7,11
2413,2538,neg_1171,neg_1313,0.6363636363636364,0.9166666666666666,42,7,11
1580,2543,neg_247,neg_1320,0.9473684210526315,1.0,89,18,19
2226,2545,neg_962,neg_1322,0.6,1.0,33,6,10
2435,2545,neg_1194,neg_1322,0.6,1.0,32,6,10
2490,2545,neg_1259,neg_1322,0.6,1.0,33,6,10
2491,2545,neg_1261,neg_1322,0.6,1.0,33,6,10
1580,2546,neg_247,neg_1323,0.7894736842105263,1.0,74,15,19
2543,2546,neg_1320,neg_1323,0.7368421052631579,1.0,72,14,19
1732,2548,neg_414,neg_1325,0.7333333333333333,1.0,55,11,15
2152,2548,neg_883,neg_1325,0.6153846153846154,0.8666666666666667,33,8,13
2238,2548,neg_974,neg_1325,0.6,1.0,49,9,15
1759,2550,neg_443,neg_1327,0.625,0.8888888888888888,29,5,8
2495,2550,neg_1266,neg_1327,0.875,0.8888888888888888,36,7,8
2531,2551,neg_1305,neg_1329,0.6923076923076923,0.8666666666666667,52,9,13
1670,2556,neg_347,neg_1334,0.6153846153846154,0.8666666666666667,66,8,13
2450,2556,neg_1211,neg_1334,0.9285714285714286,0.9333333333333333,89,13,14
1491,2558,neg_146,neg_1336,1.0,0.9285714285714286,71,13,13
1730,2560,neg_411,neg_1338,0.7,1.0,43,7,10
2511,2560,neg_1283,neg_1338,0.7,1.0,40,7,10
2022,2562,neg_743,neg_1340,1.0,0.8888888888888888,39,8,8
2172,2562,neg_905,neg_1340,0.875,0.8888888888888888,36,7,8
1914,2563,neg_623,neg_1341,0.9375,1.0,72,15,16
1923,2563,neg_633,neg_1341,0.75,1.0,63,12,16
2068,2563,neg_796,neg_1341,0.625,1.0,53,10,16
2130,2563,neg_860,neg_1341,0.6153846153846154,0.8125,47,8,13
2318,2563,neg_1068,neg_1341,0.625,1.0,52,10,16
1446,2564,neg_99,neg_1342,0.625,0.9411764705882353,67,10,16
1492,2564,neg_147,neg_1342,0.625,0.9411764705882353,68,10,16
1773,2564,neg_457,neg_1342,0.6875,0.9411764705882353,72,11,16
2138,2564,neg_868,neg_1342,0.625,0.9411764705882353,68,10,16
2291,2564,neg_1039,neg_1342,0.8235294117647058,1.0,92,14,17
2394,2564,neg_1149,neg_1342,0.6875,0.9411764705882353,71,11,16
1490,2565,neg_145,neg_1343,0.6363636363636364,0.9166666666666666,38,7,11
2373,2565,neg_1126,neg_1343,0.6363636363636364,0.9166666666666666,42,7,11
1505,2567,neg_160,neg_1345,0.9,1.0,48,9,10
713,2568,pos_780,neg_1346,0.625,0.8,25,5,8
1404,2568,neg_50,neg_1346,0.7,1.0,41,7,10
1604,2568,neg_272,neg_1346,0.7272727272727273,1.0,30,8,11
1717,2568,neg_396,neg_1346,0.6,1.0,38,6,10
1774,2568,neg_458,neg_1346,0.9,1.0,50,9,10
1834,2568,neg_528,neg_1346,0.6,1.0,30,6,10
2034,2568,neg_757,neg_1346,0.7,1.0,39,7,10
2087,2568,neg_815,neg_1346,0.7,1.0,35,7,10
2253,2568,neg_994,neg_1346,0.8888888888888888,0.9,46,8,9
2366,2568,neg_1117,neg_1346,0.6666666666666666,0.9,34,6,9
2523,2568,neg_1296,neg_1346,0.6363636363636364,1.0,31,7,11
1473,2570,neg_127,neg_1348,1.0,0.8,46,8,8
1504,2571,neg_159,neg_1349,0.75,1.0,78,15,20
1479,2572,neg_133,neg_1350,0.7222222222222222,0.9473684210526315,70,13,18
1485,2572,neg_140,neg_1350,0.9444444444444444,0.9473684210526315,84,17,18
1597,2572,neg_265,neg_1350,0.8333333333333334,0.9473684210526315,74,15,18
1617,2572,neg_288,neg_1350,0.8333333333333334,0.9473684210526315,76,15,18
1644,2572,neg_317,neg_1350,0.8333333333333334,0.9473684210526315,76,15,18
1685,2572,neg_362,neg_1350,0.7777777777777778,0.9473684210526315,74,14,18
2038,2572,neg_762,neg_1350,0.8947368421052632,1.0,81,17,19
2157,2572,neg_889,neg_1350,0.6666666666666666,0.9473684210526315,61,12,18
2180,2572,neg_914,neg_1350,0.9473684210526315,1.0,86,18,19
2268,2572,neg_1013,neg_1350,0.7777777777777778,0.9473684210526315,76,14,18
2334,2572,neg_1084,neg_1350,0.7777777777777778,0.9473684210526315,66,14,18
1578,2573,neg_244,neg_1351,0.65,1.0,78,13,20
2388,2573,neg_1141,neg_1351,0.6111111111111112,0.9,64,11,18
2526,2573,neg_1299,neg_1351,0.95,1.0,98,19,20
1751,2576,neg_435,neg_1355,1.0,0.8333333333333334,29,5,5
1753,2577,neg_437,neg_1356,0.8947368421052632,0.95,97,17,19
1837,2577,neg_531,neg_1356,0.7368421052631579,1.0,86,14,19
2030,2577,neg_753,neg_1356,0.6842105263157895,0.95,70,13,19
2251,2577,neg_992,neg_1356,0.875,0.8421052631578947,73,14,16
2271,2577,neg_1016,neg_1356,0.8421052631578947,0.95,87,16,19
1361,2578,neg_2,neg_1357,0.8235294117647058,1.0,80,14,17
1394,2578,neg_39,neg_1357,0.75,0.9411764705882353,74,12,16
1475,2578,neg_129,neg_1357,0.75,0.9411764705882353,70,12,16
1566,2578,neg_232,neg_1357,0.7058823529411765,1.0,67,12,17
1574,2578,neg_240,neg_1357,0.7857142857142857,0.8235294117647058,67,11,14
1693,2578,neg_370,neg_1357,0.75,0.9411764705882353,69,12,16
1802,2578,neg_490,neg_1357,0.9411764705882353,1.0,90,16,17
1908,2578,neg_617,neg_1357,1.0,0.9411764705882353,91,16,16
2078,2578,neg_806,neg_1357,0.7647058823529411,0.8823529411764706,66,13,17
2306,2578,neg_1056,neg_1357,0.8823529411764706,1.0,86,15,17
1919,2582,neg_629,neg_1361,0.6428571428571429,1.0,40,9,14
1361,2584,neg_2,neg_1363,0.8666666666666667,0.8823529411764706,73,13,15
1475,2584,neg_129,neg_1363,0.8125,0.875,66,13,16
1566,2584,neg_232,neg_1363,0.6875,0.9411764705882353,69,11,16
1574,2584,neg_240,neg_1363,0.6875,1.0,67,11,16
1693,2584,neg_370,neg_1363,0.6,0.8823529411764706,56,9,15
2078,2584,neg_806,neg_1363,0.6875,0.9411764705882353,69,11,16
2229,2584,neg_965,neg_1363,1.0,0.9375,87,15,15
2389,2584,neg_1142,neg_1363,0.9375,1.0,88,15,16
2448,2584,neg_1209,neg_1363,0.8666666666666667,0.8823529411764706,75,13,15
1413,2586,neg_60,neg_1365,0.6,0.8333333333333334,33,6,10
1462,2586,neg_116,neg_1365,0.8,0.8333333333333334,41,8,10
1487,2586,neg_142,neg_1365,0.7272727272727273,0.9166666666666666,41,8,11
1496,2586,neg_151,neg_1365,0.6363636363636364,0.9166666666666666,39,7,11
1546,2586,neg_210,neg_1365,0.75,1.0,48,9,12
1636,2586,neg_309,neg_1365,0.6,0.8333333333333334,25,6,10
1675,2586,neg_352,neg_1365,0.7272727272727273,0.9166666666666666,42,8,11
1818,2586,neg_508,neg_1365,0.7272727272727273,0.9166666666666666,41,8,11
1865,2586,neg_565,neg_1365,0.9090909090909091,0.9166666666666666,50,10,11
1934,2586,neg_644,neg_1365,0.9,0.8333333333333334,44,9,10
1981,2586,neg_697,neg_1365,0.9,0.8333333333333334,44,9,10
2096,2586,neg_824,neg_1365,1.0,0.8333333333333334,47,10,10
2099,2586,neg_827,neg_1365,0.8,0.8333333333333334,42,8,10
2128,2586,neg_857,neg_1365,0.9090909090909091,0.9166666666666666,48,10,11
2153,2586,neg_884,neg_1365,0.6,0.8333333333333334,27,6,10
2272,2586,neg_1017,neg_1365,0.6666666666666666,0.8571428571428571,44,8,12
2329,2586,neg_1079,neg_1365,0.9090909090909091,0.9166666666666666,45,10,11
2337,2586,neg_1087,neg_1365,0.7272727272727273,0.9166666666666666,40,8,11
2386,2586,neg_1139,neg_1365,0.7,0.8333333333333334,36,7,10
2399,2586,neg_1155,neg_1365,0.6,0.8333333333333334,28,6,10
2494,2586,neg_1265,neg_1365,1.0,0.8333333333333334,47,10,10
1419,2588,neg_67,neg_1368,0.8571428571428571,1.0,36,6,7
1590,2588,neg_257,neg_1368,0.8571428571428571,1.0,31,6,7
2310,2588,neg_1060,neg_1368,1.0,0.8571428571428571,34,6,6
1862,2590,neg_560,neg_1370,0.8333333333333334,0.8571428571428571,49,10,12
1913,2590,neg_622,neg_1370,0.8333333333333334,1.0,54,10,12
1621,2592,neg_292,neg_1372,0.75,1.0,37,6,8
1633,2592,neg_305,neg_1372,0.625,1.0,34,5,8
1718,2592,neg_397,neg_1372,0.625,1.0,33,5,8
2168,2592,neg_901,neg_1372,0.7142857142857143,0.875,32,5,7
2369,2592,neg_1121,neg_1372,0.8571428571428571,0.875,35,6,7
1744,2593,neg_427,neg_1373,0.6363636363636364,1.0,34,7,11
2016,2593,neg_736,neg_1373,0.8181818181818182,1.0,53,9,11
2147,2593,neg_878,neg_1373,0.7272727272727273,0.8461538461538461,41,8,11
1490,2594,neg_145,neg_1374,0.7272727272727273,0.9166666666666666,51,8,11
2431,2595,neg_1190,neg_1375,0.9090909090909091,0.9166666666666666,60,10,11
1383,2597,neg_27,neg_1377,0.75,0.8,68,9,12
2059,2597,neg_786,neg_1377,0.6666666666666666,0.8,60,8,12
2181,2597,neg_915,neg_1377,0.7692307692307693,0.8666666666666667,76,10,13
2249,2597,neg_989,neg_1377,0.6666666666666666,0.8,60,8,12
1605,2598,neg_273,neg_1378,1.0,0.8333333333333334,56,10,10
2340,2598,neg_1090,neg_1378,1.0,0.9166666666666666,62,11,11
1386,2599,neg_30,neg_1379,0.7058823529411765,0.9444444444444444,59,12,17
885,2600,pos_971,neg_1380,0.7,0.9,30,7,10
1683,2600,neg_360,neg_1380,0.6363636363636364,1.0,37,7,11
1710,2600,neg_388,neg_1380,0.7,0.8333333333333334,40,7,10
1743,2600,neg_426,neg_1380,0.7272727272727273,0.8461538461538461,38,8,11
1744,2600,neg_427,neg_1380,0.9090909090909091,1.0,58,10,11
1764,2600,neg_448,neg_1380,0.75,1.0,44,9,12
2016,2600,neg_736,neg_1380,0.6363636363636364,1.0,36,7,11
2058,2600,neg_785,neg_1380,0.8181818181818182,0.8461538461538461,54,9,11
2147,2600,neg_878,neg_1380,0.8181818181818182,0.8461538461538461,52,9,11
2593,2600,neg_1373,neg_1380,0.6363636363636364,1.0,36,7,11
1797,2608,neg_483,neg_1389,0.875,0.8888888888888888,37,7,8
1523,2609,neg_182,neg_1390,0.6666666666666666,0.8571428571428571,24,4,6
1703,2609,neg_381,neg_1390,0.6666666666666666,0.8571428571428571,26,4,6
2417,2609,neg_1175,neg_1390,0.8571428571428571,0.875,35,6,7
1621,2611,neg_292,neg_1392,0.75,1.0,42,6,8
1633,2611,neg_305,neg_1392,0.875,1.0,47,7,8
1718,2611,neg_397,neg_1392,0.75,1.0,38,6,8
1853,2611,neg_551,neg_1392,0.8571428571428571,0.875,41,6,7
2592,2611,neg_1372,neg_1392,0.75,1.0,37,6,8
2561,2615,neg_1339,neg_1396,0.7894736842105263,1.0,89,15,19
1414,2616,neg_61,neg_1397,0.625,0.8,34,5,8
1454,2616,neg_107,neg_1397,1.0,0.8181818181818182,53,9,9
1473,2616,neg_127,neg_1397,1.0,0.8,49,8,8
1592,2616,neg_259,neg_1397,1.0,0.8,48,8,8
1672,2616,neg_349,neg_1397,1.0,0.8181818181818182,53,9,9
1686,2616,neg_363,neg_1397,0.7,0.8333333333333334,33,7,10
2033,2616,neg_756,neg_1397,1.0,0.8,49,8,8
2049,2616,neg_775,neg_1397,0.75,0.8,40,6,8
2118,2616,neg_847,neg_1397,1.0,0.8,49,8,8
2223,2616,neg_958,neg_1397,1.0,0.9090909090909091,57,10,10
1414,2620,neg_61,neg_1401,0.6,0.9090909090909091,41,6,10
1498,2620,neg_153,neg_1401,0.8888888888888888,0.8181818181818182,50,8,9
1778,2620,neg_463,neg_1401,1.0,0.8181818181818182,54,9,9
2033,2620,neg_756,neg_1401,1.0,0.8181818181818182,54,9,9
2049,2620,neg_775,neg_1401,0.7777777777777778,0.8181818181818182,45,7,9
2421,2620,neg_1179,neg_1401,1.0,0.8181818181818182,54,9,9
1511,2627,neg_167,neg_1409,0.8181818181818182,1.0,49,9,11
2024,2627,neg_745,neg_1409,0.9090909090909091,1.0,52,10,11
2461,2627,neg_1224,neg_1409,0.7272727272727273,1.0,43,8,11
1567,2634,neg_233,neg_1416,0.8,0.9090909090909091,43,8,10
1572,2634,neg_238,neg_1416,0.7777777777777778,0.9,48,7,9
2017,2634,neg_737,neg_1416,0.75,0.8888888888888888,42,6,8
2284,2634,neg_1030,neg_1416,0.7,0.9090909090909091,30,7,10
1365,2640,neg_6,neg_1422,0.7142857142857143,1.0,54,10,14
2398,2640,neg_1154,neg_1422,0.6428571428571429,1.0,47,9,14
1487,2644,neg_142,neg_1426,0.6363636363636364,0.8461538461538461,39,7,11
1496,2644,neg_151,neg_1426,0.7272727272727273,0.8461538461538461,42,8,11
1546,2644,neg_210,neg_1426,0.75,0.9230769230769231,49,9,12
1675,2644,neg_352,neg_1426,0.7272727272727273,0.8461538461538461,43,8,11
1818,2644,neg_508,neg_1426,0.6363636363636364,0.8461538461538461,39,7,11
1865,2644,neg_565,neg_1426,0.7272727272727273,0.8461538461538461,40,8,11
2128,2644,neg_857,neg_1426,0.6363636363636364,0.8461538461538461,35,7,11
2272,2644,neg_1017,neg_1426,0.9166666666666666,0.8571428571428571,60,11,12
2586,2644,neg_1365,neg_1426,0.6666666666666666,0.9230769230769231,43,8,12
1483,2651,neg_137,neg_1433,0.7142857142857143,0.875,28,5,7
1590,2651,neg_257,neg_1433,0.8571428571428571,0.875,31,6,7
2588,2651,neg_1368,neg_1433,0.8571428571428571,0.875,30,6,7
1362,2654,neg_3,neg_1436,1.0,0.8,44,8,8
1431,2654,neg_81,neg_1436,0.75,0.8,37,6,8
1554,2654,neg_220,neg_1436,0.875,0.8,41,7,8
1595,2654,neg_263,neg_1436,0.875,0.8,40,7,8
1655,2654,neg_330,neg_1436,0.875,0.8,40,7,8
1878,2654,neg_581,neg_1436,0.7,1.0,35,7,10
2409,2654,neg_1166,neg_1436,0.875,0.8,41,7,8
2513,2654,neg_1286,neg_1436,1.0,0.8,44,8,8
2565,2657,neg_1343,neg_1439,0.8888888888888888,0.8181818181818182,42,8,9
1452,2658,neg_105,neg_1440,1.0,0.9230769230769231,65,12,12
2167,2658,neg_900,neg_1440,0.8461538461538461,1.0,62,11,13
2283,2658,neg_1029,neg_1440,0.9166666666666666,0.9230769230769231,62,11,12
2412,2658,neg_1170,neg_1440,0.8461538461538461,1.0,52,11,13
713,2663,pos_780,neg_1446,0.625,0.8,25,5,8
1404,2663,neg_50,neg_1446,0.6,1.0,38,6,10
1548,2663,neg_212,neg_1446,0.625,0.8,23,5,8
1717,2663,neg_396,neg_1446,0.7,1.0,39,7,10
1774,2663,neg_458,neg_1446,0.8,1.0,44,8,10
1834,2663,neg_528,neg_1446,0.6,1.0,28,6,10
2034,2663,neg_757,neg_1446,0.7,1.0,36,7,10
2087,2663,neg_815,neg_1446,0.6,1.0,27,6,10
2253,2663,neg_994,neg_1446,0.7777777777777778,0.9,40,7,9
2366,2663,neg_1117,neg_1446,0.6666666666666666,0.9,33,6,9
2523,2663,neg_1296,neg_1446,0.7272727272727273,1.0,31,8,11
2568,2663,neg_1346,neg_1446,0.7,1.0,41,7,10
1443,2665,neg_96,neg_1448,0.625,0.8,28,5,8
2067,2668,neg_795,neg_1451,0.8571428571428571,1.0,55,12,14
2202,2668,neg_936,neg_1451,0.6428571428571429,1.0,38,9,14
2314,2668,neg_1064,neg_1451,0.6428571428571429,1.0,45,9,14
1558,2669,neg_224,neg_1452,0.625,0.8,28,5,8
1595,2669,neg_263,neg_1452,0.8,1.0,32,8,10
1731,2669,neg_412,neg_1452,1.0,0.9,49,9,9
1878,2669,neg_581,neg_1452,0.8,0.9,32,8,10
1983,2669,neg_699,neg_1452,0.625,0.8,25,5,8
2112,2669,neg_840,neg_1452,0.7777777777777778,0.8888888888888888,27,7,9
2347,2669,neg_1097,neg_1452,0.8888888888888888,0.9,43,8,9
2417,2669,neg_1175,neg_1452,0.625,0.8,30,5,8
1836,2670,neg_530,neg_1453,0.75,0.9230769230769231,45,9,12
2103,2670,neg_831,neg_1453,1.0,0.9230769230769231,60,12,12
1458,2673,neg_111,neg_1457,0.8,0.8333333333333334,44,8,10
1507,2673,neg_162,neg_1457,0.6363636363636364,0.9166666666666666,44,7,11
1694,2673,neg_371,neg_1457,0.6363636363636364,0.9166666666666666,41,7,11
1763,2673,neg_447,neg_1457,0.7,0.8333333333333334,41,7,10
2074,2673,neg_802,neg_1457,0.8333333333333334,1.0,51,10,12
2379,2673,neg_1132,neg_1457,0.6363636363636364,0.9166666666666666,46,7,11
2467,2673,neg_1231,neg_1457,0.7272727272727273,0.9166666666666666,49,8,11
2514,2673,neg_1287,neg_1457,0.6363636363636364,0.9166666666666666,43,7,11
1403,2675,neg_49,neg_1459,0.75,0.8,22,6,8
2041,2675,neg_767,neg_1459,0.7142857142857143,0.875,27,5,7
1592,2676,neg_259,neg_1460,0.8571428571428571,0.875,40,6,7
2033,2676,neg_756,neg_1460,0.875,0.8888888888888888,45,7,8
2049,2676,neg_775,neg_1460,0.875,0.8888888888888888,43,7,8
2352,2676,neg_1103,neg_1460,0.875,1.0,45,7,8
1621,2681,neg_292,neg_1465,0.7142857142857143,0.875,36,5,7
1633,2681,neg_305,neg_1465,0.8571428571428571,0.875,41,6,7
1853,2681,neg_551,neg_1465,0.8571428571428571,0.875,41,6,7
2611,2681,neg_1392,neg_1465,1.0,0.875,44,7,7
1987,2682,neg_703,neg_1467,0.6666666666666666,0.8181818181818182,36,6,9
1868,2686,neg_569,neg_1472,0.8823529411764706,1.0,75,15,17
2382,2686,neg_1135,neg_1472,0.6,0.8333333333333334,40,9,15
2179,2691,neg_913,neg_1477,0.7647058823529411,0.85,68,13,17
2057,2694,neg_784,neg_1480,1.0,0.875,38,7,7
2298,2694,neg_1047,neg_1480,0.8571428571428571,0.875,33,6,7
2451,2694,neg_1214,neg_1480,0.625,0.8,27,5,8
2495,2694,neg_1266,neg_1480,0.75,1.0,36,6,8
2501,2694,neg_1273,neg_1480,0.75,0.8888888888888888,30,6,8
2550,2694,neg_1327,neg_1480,0.75,0.8888888888888888,32,6,8
2566,2694,neg_1344,neg_1480,0.8571428571428571,0.875,33,6,7
2226,2696,neg_962,neg_1482,0.6,1.0,41,6,10
2435,2696,neg_1194,neg_1482,0.8,1.0,57,8,10
2490,2696,neg_1259,neg_1482,0.7,1.0,46,7,10
2491,2696,neg_1261,neg_1482,0.7,1.0,43,7,10
2545,2696,neg_1322,neg_1482,0.6,1.0,32,6,10
1753,2697,neg_437,neg_1483,0.6842105263157895,0.95,68,13,19
2271,2697,neg_1016,neg_1483,0.631578947368421,0.95,63,12,19
2577,2697,neg_1356,neg_1483,0.631578947368421,1.0,66,12,19
2168,2701,neg_901,neg_1487,0.7142857142857143,0.875,30,5,7
2592,2701,neg_1372,neg_1487,0.7142857142857143,0.875,31,5,7
1390,2705,neg_34,neg_1492,0.875,0.9411764705882353,66,14,16
1543,2705,neg_207,neg_1492,0.8823529411764706,1.0,77,15,17
2082,2705,neg_810,neg_1492,0.9375,0.9411764705882353,76,15,16
2107,2705,neg_835,neg_1492,0.8235294117647058,1.0,69,14,17
2173,2705,neg_906,neg_1492,0.8235294117647058,1.0,67,14,17
2509,2705,neg_1281,neg_1492,0.9411764705882353,1.0,75,16,17
953,2706,pos_1041,neg_1493,0.6666666666666666,0.8181818181818182,18,6,9
1603,2706,neg_271,neg_1493,0.9090909090909091,1.0,54,10,11
2469,2709,neg_1233,neg_1497,1.0,0.8333333333333334,80,15,15
1452,2710,neg_105,neg_1498,0.9166666666666666,0.9230769230769231,62,11,12
1987,2710,neg_703,neg_1498,0.6363636363636364,0.8461538461538461,38,7,11
2167,2710,neg_900,neg_1498,0.9230769230769231,1.0,65,12,13
2283,2710,neg_1029,neg_1498,1.0,0.9230769230769231,65,12,12
2412,2710,neg_1170,neg_1498,0.9230769230769231,1.0,55,12,13
2658,2710,neg_1440,neg_1498,0.9230769230769231,1.0,67,12,13
1558,2712,neg_224,neg_1500,0.875,1.0,40,7,8
1731,2712,neg_412,neg_1500,0.625,0.8888888888888888,29,5,8
2347,2712,neg_1097,neg_1500,0.625,0.8888888888888888,27,5,8
2417,2712,neg_1175,neg_1500,0.875,1.0,41,7,8
2669,2712,neg_1452,neg_1500,0.625,0.8,29,5,8
1486,2714,neg_141,neg_1502,0.8571428571428571,0.875,30,6,7
1698,2714,neg_375,neg_1502,0.8571428571428571,0.875,30,6,7
1487,2716,neg_142,neg_1504,0.7,0.8333333333333334,43,7,10
1496,2716,neg_151,neg_1504,0.7,0.8333333333333334,37,7,10
1546,2716,neg_210,neg_1504,0.6,0.8333333333333334,34,6,10
1675,2716,neg_352,neg_1504,0.6,0.8333333333333334,34,6,10
1712,2716,neg_391,neg_1504,0.8,0.8333333333333334,39,8,10
1818,2716,neg_508,neg_1504,0.7,0.8333333333333334,43,7,10
1865,2716,neg_565,neg_1504,0.6,0.8333333333333334,31,6,10
2096,2716,neg_824,neg_1504,0.6,0.8333333333333334,31,6,10
2128,2716,neg_857,neg_1504,0.7,0.8333333333333334,39,7,10
2299,2716,neg_1049,neg_1504,0.7,0.8333333333333334,42,7,10
2386,2716,neg_1139,neg_1504,0.9090909090909091,0.9166666666666666,48,10,11
2494,2716,neg_1265,neg_1504,0.6,0.8333333333333334,31,6,10
2586,2716,neg_1365,neg_1504,0.6,0.8333333333333334,31,6,10
1849,2717,neg_547,neg_1505,0.6153846153846154,0.8666666666666667,30,8,13
1548,2718,neg_212,neg_1506,0.625,0.8,24,5,8
1684,2718,neg_361,neg_1506,0.7,1.0,34,7,10
1717,2718,neg_396,neg_1506,0.6666666666666666,0.9,36,6,9
1774,2718,neg_458,neg_1506,0.8888888888888888,0.9,46,8,9
2034,2718,neg_757,neg_1506,0.7777777777777778,0.9,38,7,9
2087,2718,neg_815,neg_1506,0.6666666666666666,0.9,29,6,9
2253,2718,neg_994,neg_1506,0.8888888888888888,0.9,46,8,9
2313,2718,neg_1063,neg_1506,0.6,0.8888888888888888,26,6,10
2366,2718,neg_1117,neg_1506,0.7777777777777778,0.9,39,7,9
2523,2718,neg_1296,neg_1506,0.8,0.9,33,8,10
2568,2718,neg_1346,neg_1506,0.7777777777777778,0.9,43,7,9
2663,2718,neg_1446,neg_1506,0.8888888888888888,0.9,43,8,9
1595,2719,neg_263,neg_1507,0.8888888888888888,1.0,42,8,9
1731,2719,neg_412,neg_1507,0.7777777777777778,0.8888888888888888,30,7,9
1769,2719,neg_453,neg_1507,0.6666666666666666,0.8888888888888888,20,6,9
1774,2719,neg_458,neg_1507,0.625,0.8,15,5,8
1878,2719,neg_581,neg_1507,0.8888888888888888,0.9,43,8,9
2112,2719,neg_840,neg_1507,0.75,0.8888888888888888,34,6,8
2253,2719,neg_994,neg_1507,0.625,0.8,15,5,8
2347,2719,neg_1097,neg_1507,0.7777777777777778,0.8888888888888888,30,7,9
2669,2719,neg_1452,neg_1507,0.8,1.0,34,8,10
1394,2720,neg_39,neg_1508,0.6875,0.9411764705882353,67,11,16
1475,2720,neg_129,neg_1508,0.6470588235294118,0.9411764705882353,59,11,17
1693,2720,neg_370,neg_1508,0.6875,0.9411764705882353,66,11,16
1802,2720,neg_490,neg_1508,0.7058823529411765,1.0,73,12,17
1908,2720,neg_617,neg_1508,0.6875,0.9411764705882353,67,11,16
2306,2720,neg_1056,neg_1508,0.7647058823529411,1.0,79,13,17
2578,2720,neg_1357,neg_1508,0.7058823529411765,1.0,73,12,17
1548,2722,neg_212,neg_1510,0.625,0.8,23,5,8
1684,2722,neg_361,neg_1510,0.7,1.0,33,7,10
1717,2722,neg_396,neg_1510,0.6666666666666666,0.9,35,6,9
1774,2722,neg_458,neg_1510,0.7777777777777778,0.9,40,7,9
2034,2722,neg_757,neg_1510,0.6666666666666666,0.9,32,6,9
2253,2722,neg_994,neg_1510,0.7777777777777778,0.9,40,7,9
2313,2722,neg_1063,neg_1510,0.6,0.8888888888888888,25,6,10
2366,2722,neg_1117,neg_1510,0.6666666666666666,0.9,33,6,9
2523,2722,neg_1296,neg_1510,0.7,0.9,27,7,10
2568,2722,neg_1346,neg_1510,0.6666666666666666,0.9,37,6,9
2663,2722,neg_1446,neg_1510,1.0,0.9,49,9,9
2718,2722,neg_1506,neg_1510,0.9,1.0,49,9,10
1621,2723,neg_292,neg_1511,0.875,1.0,44,7,8
1633,2723,neg_305,neg_1511,0.75,1.0,41,6,8
1718,2723,neg_397,neg_1511,0.75,1.0,39,6,8
1853,2723,neg_551,neg_1511,0.7142857142857143,0.875,35,5,7
2592,2723,neg_1372,neg_1511,0.75,1.0,36,6,8
2611,2723,neg_1392,neg_1511,0.75,1.0,41,6,8
2681,2723,neg_1465,neg_1511,0.7142857142857143,0.875,35,5,7
1974,2724,neg_689,neg_1512,0.9230769230769231,0.8125,62,12,13
2088,2724,neg_816,neg_1512,0.6666666666666666,0.8,40,8,12
2315,2724,neg_1065,neg_1512,0.8333333333333334,0.8,51,10,12
2482,2724,neg_1249,neg_1512,0.6153846153846154,0.8666666666666667,38,8,13
1650,2726,neg_323,neg_1515,0.9,1.0,85,18,20
1829,2726,neg_522,neg_1515,0.75,1.0,75,15,20
2208,2726,neg_942,neg_1515,0.6,0.9411764705882353,49,12,20
1513,2727,neg_170,neg_1516,0.7058823529411765,0.85,57,12,17
1612,2727,neg_283,neg_1516,0.6875,0.8,71,11,16
2095,2727,neg_823,neg_1516,0.95,1.0,113,19,20
2500,2727,neg_1272,neg_1516,0.7058823529411765,0.85,67,12,17
2535,2727,neg_1309,neg_1516,0.7058823529411765,0.85,69,12,17
1475,2732,neg_129,neg_1524,0.7142857142857143,0.8235294117647058,56,10,14
1574,2732,neg_240,neg_1524,0.7142857142857143,0.875,54,10,14
1805,2732,neg_495,neg_1524,0.9285714285714286,1.0,80,13,14
1669,2733,neg_346,neg_1526,0.625,0.8,28,5,8
1815,2733,neg_505,neg_1526,0.875,0.8,32,7,8
1437,2734,neg_88,neg_1527,0.75,0.8888888888888888,33,6,8
1404,2735,neg_50,0_neg_519,0.7,1.0,39,7,10
1548,2735,neg_212,0_neg_519,0.75,0.8,33,6,8
1684,2735,neg_361,0_neg_519,0.7777777777777778,0.8888888888888888,30,7,9
1717,2735,neg_396,0_neg_519,0.7,1.0,36,7,10
1774,2735,neg_458,0_neg_519,0.6,1.0,33,6,10
1834,2735,neg_528,0_neg_519,0.7,1.0,38,7,10
2034,2735,neg_757,0_neg_519,0.7,1.0,39,7,10
2087,2735,neg_815,0_neg_519,0.6,1.0,35,6,10
2366,2735,neg_1117,0_neg_519,0.6666666666666666,0.9,29,6,9
2523,2735,neg_1296,0_neg_519,0.6363636363636364,1.0,29,7,11
2568,2735,neg_1346,0_neg_519,0.6,1.0,34,6,10
2663,2735,neg_1446,0_neg_519,0.7,1.0,35,7,10
2718,2735,neg_1506,0_neg_519,0.6666666666666666,0.9,32,6,9
2722,2735,neg_1510,0_neg_519,0.6666666666666666,0.9,31,6,9
487,2736,pos_533,1_pos_524,0.6666666666666666,1.0,14,2,3
864,2736,pos_948,1_pos_524,0.6666666666666666,1.0,12,2,3
1082,2736,pos_1191,1_pos_524,0.6666666666666666,1.0,8,2,3
1120,2736,pos_1234,1_pos_524,0.6666666666666666,1.0,14,2,3
1298,2736,pos_1443,1_pos_524,0.6666666666666666,1.0,15,2,3
1656,2737,neg_331,0_neg_766,0.7692307692307693,1.0,50,10,13
1719,2737,neg_398,0_neg_766,0.6923076923076923,1.0,51,9,13
1767,2737,neg_451,0_neg_766,0.6153846153846154,1.0,43,8,13
1866,2737,neg_566,0_neg_766,0.6153846153846154,1.0,41,8,13
1891,2737,neg_598,0_neg_766,0.6923076923076923,1.0,30,9,13
1985,2737,neg_701,0_neg_766,0.75,0.9230769230769231,41,9,12
2122,2737,neg_851,0_neg_766,0.6153846153846154,1.0,32,8,13
2274,2737,neg_1019,0_neg_766,0.6153846153846154,1.0,25,8,13
2333,2737,neg_1083,0_neg_766,0.6153846153846154,1.0,42,8,13
2348,2737,neg_1098,0_neg_766,0.7692307692307693,1.0,50,10,13
2174,2738,neg_907,0_neg_402,0.6363636363636364,0.9090909090909091,32,7,11
1665,2739,neg_342,0_neg_539,0.7647058823529411,0.85,69,13,17
2321,2739,neg_1071,0_neg_539,0.6,1.0,64,12,20
388,2740,pos_425,1_pos_1368,0.6,0.8333333333333334,16,3,5
725,2740,pos_795,1_pos_1368,0.8,0.8333333333333334,26,4,5
804,2740,pos_881,1_pos_1368,0.8333333333333334,0.8571428571428571,33,5,6
1108,2740,pos_1221,1_pos_1368,0.8333333333333334,1.0,33,5,6
1141,2740,pos_1256,1_pos_1368,0.6,0.8333333333333334,12,3,5
1315,2740,pos_1464,1_pos_1368,0.8,0.8333333333333334,29,4,5
464,2741,pos_508,0_neg_1198,0.6666666666666666,0.9,26,6,9
1186,2741,pos_1306,0_neg_1198,0.6666666666666666,0.8181818181818182,26,6,9
1132,2744,pos_1247,1_pos_219,0.7777777777777778,0.9,44,7,9
1347,2744,pos_1497,1_pos_219,0.7777777777777778,1.0,44,7,9
1744,2744,neg_427,1_pos_219,0.6,0.9090909090909091,25,6,10
1032,2746,pos_1132,1_pos_972,0.75,0.8,14,3,4
988,2747,pos_1082,1_pos_1308,1.0,0.8,19,4,4
1205,2747,pos_1328,1_pos_1308,0.75,0.8,17,3,4
2226,2748,neg_962,0_neg_410,0.7,1.0,46,7,10
2435,2748,neg_1194,0_neg_410,0.9,1.0,65,9,10
2490,2748,neg_1259,0_neg_410,0.8,1.0,51,8,10
2491,2748,neg_1261,0_neg_410,0.6,1.0,36,6,10
2545,2748,neg_1322,0_neg_410,0.6,1.0,31,6,10
2696,2748,neg_1482,0_neg_410,0.8,1.0,57,8,10
729,2749,pos_799,1_pos_39,0.6666666666666666,1.0,14,2,3
836,2749,pos_919,1_pos_39,0.6666666666666666,1.0,15,2,3
271,2752,pos_296,1_pos_1430,1.0,0.8571428571428571,38,6,6
1643,2754,neg_316,0_neg_1251,0.7777777777777778,0.9,72,14,18
2045,2754,neg_771,0_neg_1251,0.9,0.95,83,18,20
2081,2754,neg_809,0_neg_1251,0.9,1.0,84,18,20
2190,2754,neg_924,0_neg_1251,0.9,1.0,87,18,20
1548,2755,neg_212,0_neg_488,0.75,0.8,33,6,8
1684,2755,neg_361,0_neg_488,0.7,1.0,33,7,10
1774,2755,neg_458,0_neg_488,0.6666666666666666,0.9,34,6,9
1834,2755,neg_528,0_neg_488,0.6666666666666666,0.9,34,6,9
2034,2755,neg_757,0_neg_488,0.8888888888888888,0.9,42,8,9
2087,2755,neg_815,0_neg_488,0.7777777777777778,0.9,38,7,9
2253,2755,neg_994,0_neg_488,0.6666666666666666,0.9,34,6,9
2313,2755,neg_1063,0_neg_488,0.6,0.8888888888888888,24,6,10
2366,2755,neg_1117,0_neg_488,0.7777777777777778,0.9,34,7,9
2568,2755,neg_1346,0_neg_488,0.6666666666666666,0.9,34,6,9
2663,2755,neg_1446,0_neg_488,0.6666666666666666,0.9,31,6,9
2718,2755,neg_1506,0_neg_488,0.8,1.0,43,8,10
2722,2755,neg_1510,0_neg_488,0.7,1.0,37,7,10
2735,2755,0_neg_519,0_neg_488,0.7777777777777778,0.9,45,7,9
44,2757,pos_49,1_pos_45,1.0,0.8333333333333334,61,10,10
1117,2757,pos_1230,1_pos_45,1.0,0.9166666666666666,65,11,11
1478,2762,neg_132,0_neg_1034,0.6363636363636364,1.0,42,7,11
1507,2762,neg_162,0_neg_1034,0.6363636363636364,1.0,46,7,11
1694,2762,neg_371,0_neg_1034,0.6363636363636364,1.0,42,7,11
1904,2762,neg_612,0_neg_1034,0.6363636363636364,1.0,36,7,11
1987,2762,neg_703,0_neg_1034,0.8181818181818182,1.0,55,9,11
2074,2762,neg_802,0_neg_1034,0.6,0.8333333333333334,33,6,10
2137,2762,neg_867,0_neg_1034,0.6666666666666666,0.8181818181818182,34,6,9
2379,2762,neg_1132,0_neg_1034,0.6363636363636364,1.0,39,7,11
2412,2762,neg_1170,0_neg_1034,0.7272727272727273,0.9166666666666666,42,8,11
2467,2762,neg_1231,0_neg_1034,0.6363636363636364,1.0,42,7,11
2658,2762,neg_1440,0_neg_1034,0.6363636363636364,0.8461538461538461,39,7,11
2673,2762,neg_1457,0_neg_1034,0.6363636363636364,0.9166666666666666,42,7,11
2710,2762,neg_1498,0_neg_1034,0.7272727272727273,0.8461538461538461,42,8,11
21,2766,pos_22,1_pos_602,0.9230769230769231,0.8125,69,12,13
500,2766,pos_549,1_pos_602,1.0,0.9375,81,15,15
531,2766,pos_581,1_pos_602,0.9285714285714286,0.875,74,13,14
613,2766,pos_667,1_pos_602,0.9285714285714286,0.875,74,13,14
1222,2766,pos_1348,1_pos_602,0.9375,1.0,82,15,16
1225,2766,pos_1354,1_pos_602,0.875,1.0,80,14,16
1266,2766,pos_1403,1_pos_602,0.9375,0.9411764705882353,82,15,16
365,2767,pos_401,1_pos_909,0.6666666666666666,1.0,17,2,3
1220,2767,pos_1346,1_pos_909,0.6666666666666666,1.0,15,2,3
1437,2769,neg_88,0_neg_277,0.875,0.8888888888888888,39,7,8
2734,2769,neg_1527,0_neg_277,0.8888888888888888,1.0,42,8,9
1494,2770,neg_149,0_neg_1260,0.9166666666666666,0.9230769230769231,68,11,12
2018,2771,neg_738,0_neg_334,0.6153846153846154,0.8125,29,8,13
2333,2771,neg_1083,0_neg_334,0.6153846153846154,1.0,41,8,13
2348,2771,neg_1098,0_neg_334,0.6923076923076923,1.0,49,9,13
1517,2773,neg_174,0_neg_567,0.8333333333333334,0.9473684210526315,78,15,18
1618,2773,neg_289,0_neg_567,1.0,0.8421052631578947,84,16,16
2046,2773,neg_772,0_neg_567,0.8947368421052632,1.0,88,17,19
2423,2773,neg_1181,0_neg_567,0.6875,0.8421052631578947,58,11,16
1860,2777,neg_558,0_neg_175,1.0,0.8333333333333334,47,10,10
1931,2777,neg_641,0_neg_175,0.6,0.8333333333333334,26,6,10
1803,2781,neg_492,0_neg_593,0.6153846153846154,0.9285714285714286,43,8,13
1926,2781,neg_636,0_neg_593,0.6153846153846154,0.9285714285714286,53,8,13
1420,2782,neg_68,0_neg_1048,0.9411764705882353,1.0,77,16,17
2001,2782,neg_718,0_neg_1048,0.9411764705882353,1.0,77,16,17
1643,2784,neg_316,0_neg_742,0.75,0.8,66,12,16
2190,2784,neg_924,0_neg_742,0.8125,0.8,61,13,16
2754,2784,0_neg_1251,0_neg_742,0.875,0.8,70,14,16
1732,2786,neg_414,0_neg_841,0.6666666666666666,0.8,38,8,12
1994,2786,neg_711,0_neg_841,0.6666666666666666,0.8,40,8,12
755,2788,pos_826,1_pos_147,0.6153846153846154,0.8125,35,8,13
1761,2792,neg_445,0_neg_37,0.9333333333333333,1.0,75,14,15
561,2795,pos_615,1_pos_135,0.8,1.0,20,4,5
1519,2795,neg_178,1_pos_135,0.75,0.8,19,3,4
2411,2796,neg_1168,0_neg_987,0.8333333333333334,1.0,60,10,12
2518,2799,neg_1291,0_neg_561,0.6666666666666666,1.0,34,6,9
2303,2800,neg_1053,0_neg_1148,0.9090909090909091,0.9166666666666666,60,10,11
142,2801,pos_156,1_pos_462,0.6666666666666666,1.0,14,2,3
153,2801,pos_167,1_pos_462,0.6666666666666666,1.0,13,2,3
377,2801,pos_413,1_pos_462,0.6666666666666666,1.0,13,2,3
407,2801,pos_445,1_pos_462,0.6666666666666666,1.0,13,2,3
557,2801,pos_610,1_pos_462,0.6666666666666666,1.0,16,2,3
689,2801,pos_752,1_pos_462,0.6666666666666666,1.0,13,2,3
750,2801,pos_821,1_pos_462,0.6666666666666666,1.0,15,2,3
766,2801,pos_838,1_pos_462,0.6666666666666666,1.0,16,2,3
879,2801,pos_965,1_pos_462,0.6666666666666666,1.0,14,2,3
1185,2801,pos_1305,1_pos_462,0.6666666666666666,1.0,18,2,3
12,2804,pos_12,1_pos_352,0.6,0.8333333333333334,17,3,5
193,2804,pos_211,1_pos_352,0.8,1.0,22,4,5
256,2804,pos_280,1_pos_352,0.8,1.0,23,4,5
651,2804,pos_709,1_pos_352,0.75,0.8,16,3,4
2226,2805,neg_962,0_neg_1004,0.8,1.0,50,8,10
2435,2805,neg_1194,0_neg_1004,0.9,1.0,64,9,10
2490,2805,neg_1259,0_neg_1004,0.7,1.0,45,7,10
2491,2805,neg_1261,0_neg_1004,0.6,1.0,34,6,10
2545,2805,neg_1322,0_neg_1004,0.6,1.0,34,6,10
2696,2805,neg_1482,0_neg_1004,0.7,1.0,51,7,10
2748,2805,0_neg_410,0_neg_1004,0.8,1.0,59,8,10
527,2807,pos_577,1_pos_775,0.6666666666666666,1.0,8,2,3
540,2807,pos_590,1_pos_775,0.6666666666666666,1.0,14,2,3
566,2807,pos_620,1_pos_775,0.6666666666666666,1.0,9,2,3
758,2807,pos_829,1_pos_775,0.6666666666666666,1.0,10,2,3
979,2807,pos_1071,1_pos_775,0.6666666666666666,1.0,9,2,3
1134,2807,pos_1249,1_pos_775,0.6666666666666666,1.0,14,2,3
1258,2807,pos_1395,1_pos_775,0.6666666666666666,1.0,13,2,3
142,2808,pos_156,1_pos_1215,0.6666666666666666,1.0,13,2,3
153,2808,pos_167,1_pos_1215,0.6666666666666666,1.0,18,2,3
377,2808,pos_413,1_pos_1215,0.6666666666666666,1.0,19,2,3
407,2808,pos_445,1_pos_1215,0.6666666666666666,1.0,15,2,3
557,2808,pos_610,1_pos_1215,0.6666666666666666,1.0,18,2,3
689,2808,pos_752,1_pos_1215,0.6666666666666666,1.0,15,2,3
750,2808,pos_821,1_pos_1215,0.6666666666666666,1.0,14,2,3
766,2808,pos_838,1_pos_1215,0.6666666666666666,1.0,14,2,3
819,2808,pos_899,1_pos_1215,0.6666666666666666,1.0,17,2,3
879,2808,pos_965,1_pos_1215,0.6666666666666666,1.0,15,2,3
1185,2808,pos_1305,1_pos_1215,0.6666666666666666,1.0,14,2,3
2767,2808,1_pos_909,1_pos_1215,0.6666666666666666,1.0,17,2,3
2801,2808,1_pos_462,1_pos_1215,0.6666666666666666,1.0,14,2,3
367,2809,pos_403,1_pos_217,0.6666666666666666,1.0,9,2,3
1842,2811,neg_537,0_neg_1518,0.6153846153846154,0.8666666666666667,37,8,13
2530,2811,neg_1304,0_neg_1518,0.8571428571428571,0.9333333333333333,57,12,14
1032,2815,pos_1132,1_pos_1425,1.0,0.8,26,4,4
1025,2816,pos_1123,1_pos_1449,0.8333333333333334,0.8333333333333334,20,5,6
1199,2816,pos_1322,1_pos_1449,0.6,0.8333333333333334,19,3,5
95,2817,pos_105,1_pos_713,0.6666666666666666,1.0,13,2,3
137,2817,pos_151,1_pos_713,0.6666666666666666,1.0,14,2,3
340,2817,pos_371,1_pos_713,0.6666666666666666,1.0,14,2,3
722,2817,pos_792,1_pos_713,0.6666666666666666,1.0,7,2,3
1616,2818,neg_287,0_neg_523,0.8888888888888888,1.0,55,8,9
479,2819,pos_525,1_pos_706,0.6666666666666666,1.0,16,2,3
654,2819,pos_712,1_pos_706,0.6666666666666666,1.0,9,2,3
1264,2819,pos_1401,1_pos_706,0.6666666666666666,1.0,18,2,3
1413,2821,neg_60,0_neg_719,0.6666666666666666,0.8181818181818182,36,6,9
1496,2821,neg_151,0_neg_719,0.7,0.9090909090909091,40,7,10
1546,2821,neg_210,0_neg_719,0.6,0.8333333333333334,37,6,10
1675,2821,neg_352,0_neg_719,0.6,0.9090909090909091,37,6,10
1712,2821,neg_391,0_neg_719,0.8,0.9090909090909091,39,8,10
1865,2821,neg_565,0_neg_719,0.6,0.9090909090909091,34,6,10
2361,2821,neg_1112,0_neg_719,0.6666666666666666,0.8181818181818182,28,6,9
2386,2821,neg_1139,0_neg_719,0.8181818181818182,1.0,48,9,11
2716,2821,neg_1504,0_neg_719,0.8181818181818182,0.9166666666666666,46,9,11
1450,2824,neg_103,0_neg_1253,0.7777777777777778,1.0,26,7,9
1583,2824,neg_250,0_neg_1253,0.7777777777777778,1.0,38,7,9
1840,2824,neg_535,0_neg_1253,0.8888888888888888,1.0,42,8,9
1885,2824,neg_590,0_neg_1253,0.7777777777777778,1.0,34,7,9
2392,2824,neg_1145,0_neg_1253,0.875,0.8888888888888888,37,7,8
2422,2824,neg_1180,0_neg_1253,0.6666666666666666,1.0,35,6,9
2428,2824,neg_1187,0_neg_1253,0.6666666666666666,1.0,31,6,9
2516,2824,neg_1289,0_neg_1253,0.8888888888888888,1.0,43,8,9
1003,2825,pos_1098,0_neg_139,0.6666666666666666,0.8571428571428571,18,4,6
1163,2828,pos_1281,1_pos_1201,1.0,0.8571428571428571,35,6,6
793,2829,pos_870,1_pos_1077,0.75,1.0,23,3,4
1002,2829,pos_1097,1_pos_1077,0.75,0.8,17,3,4
1325,2829,pos_1475,1_pos_1077,0.75,1.0,17,3,4
1410,2830,neg_57,0_neg_187,0.8823529411764706,0.9444444444444444,104,15,17
1581,2830,neg_248,0_neg_187,0.9411764705882353,1.0,108,16,17
2111,2830,neg_839,0_neg_187,0.8235294117647058,0.9444444444444444,101,14,17
608,2831,pos_662,1_pos_119,1.0,0.9444444444444444,102,17,17
55,2833,pos_61,1_pos_509,1.0,0.8,23,4,4
77,2833,pos_86,1_pos_509,1.0,0.8333333333333334,31,5,5
246,2833,pos_269,1_pos_509,0.75,0.8,20,3,4
265,2833,pos_290,1_pos_509,1.0,0.8,27,4,4
744,2833,pos_815,1_pos_509,0.75,0.8,15,3,4
826,2833,pos_907,1_pos_509,1.0,0.8,23,4,4
1229,2833,pos_1359,1_pos_509,0.75,0.8,17,3,4
1169,2834,pos_1287,1_pos_1194,0.6666666666666666,1.0,9,2,3
49,2836,pos_55,1_pos_1138,0.6666666666666666,1.0,12,2,3
63,2836,pos_70,1_pos_1138,0.6666666666666666,1.0,12,2,3
93,2836,pos_102,1_pos_1138,0.6666666666666666,1.0,11,2,3
201,2836,pos_222,1_pos_1138,0.6666666666666666,1.0,17,2,3
210,2836,pos_231,1_pos_1138,0.6666666666666666,1.0,16,2,3
321,2836,pos_350,1_pos_1138,0.6666666666666666,1.0,16,2,3
329,2836,pos_360,1_pos_1138,0.6666666666666666,1.0,12,2,3
348,2836,pos_379,1_pos_1138,0.6666666666666666,1.0,13,2,3
449,2836,pos_492,1_pos_1138,0.6666666666666666,1.0,17,2,3
514,2836,pos_563,1_pos_1138,0.6666666666666666,1.0,12,2,3
610,2836,pos_664,1_pos_1138,0.6666666666666666,1.0,17,2,3
625,2836,pos_679,1_pos_1138,0.6666666666666666,1.0,16,2,3
819,2836,pos_899,1_pos_1138,0.6666666666666666,1.0,16,2,3
840,2836,pos_924,1_pos_1138,0.6666666666666666,1.0,13,2,3
871,2836,pos_955,1_pos_1138,0.6666666666666666,1.0,16,2,3
957,2836,pos_1046,1_pos_1138,0.6666666666666666,1.0,11,2,3
1047,2836,pos_1149,1_pos_1138,0.6666666666666666,1.0,13,2,3
1062,2836,pos_1167,1_pos_1138,0.6666666666666666,1.0,13,2,3
1089,2836,pos_1199,1_pos_1138,0.6666666666666666,1.0,12,2,3
1172,2836,pos_1290,1_pos_1138,0.6666666666666666,1.0,13,2,3
1267,2836,pos_1404,1_pos_1138,0.6666666666666666,1.0,12,2,3
2767,2836,1_pos_909,1_pos_1138,0.6666666666666666,1.0,16,2,3
200,2839,pos_221,1_pos_200,0.8,1.0,29,4,5
1007,2839,pos_1103,1_pos_200,0.6,0.8333333333333334,13,3,5
2826,2839,1_pos_472,1_pos_200,0.6,1.0,19,3,5
58,2840,pos_65,1_pos_1363,0.6666666666666666,1.0,16,2,3
190,2840,pos_208,1_pos_1363,0.6666666666666666,1.0,10,2,3
220,2840,pos_242,1_pos_1363,0.6666666666666666,1.0,10,2,3
305,2840,pos_332,1_pos_1363,0.6666666666666666,1.0,16,2,3
318,2840,pos_347,1_pos_1363,0.6666666666666666,1.0,15,2,3
385,2840,pos_421,1_pos_1363,0.6666666666666666,1.0,9,2,3
833,2840,pos_915,1_pos_1363,0.6666666666666666,1.0,8,2,3
21,2842,pos_22,1_pos_386,0.9166666666666666,0.9230769230769231,65,11,12
500,2842,pos_549,1_pos_386,1.0,0.8125,73,13,13
531,2842,pos_581,1_pos_386,0.9230769230769231,0.8666666666666667,70,12,13
613,2842,pos_667,1_pos_386,0.9230769230769231,0.9285714285714286,70,12,13
1107,2842,pos_1220,1_pos_386,1.0,0.8461538461538461,63,11,11
1122,2842,pos_1236,1_pos_386,0.9166666666666666,0.9230769230769231,65,11,12
1222,2842,pos_1348,1_pos_386,0.9230769230769231,0.8125,70,12,13
1225,2842,pos_1354,1_pos_386,0.9230769230769231,0.8125,70,12,13
2766,2842,1_pos_602,1_pos_386,1.0,0.8125,73,13,13
1414,2843,neg_61,0_neg_1005,0.6666666666666666,0.9,38,6,9
1473,2843,neg_127,0_neg_1005,0.875,0.8,43,7,8
1498,2843,neg_153,0_neg_1005,0.8888888888888888,0.8181818181818182,49,8,9
1778,2843,neg_463,0_neg_1005,0.8888888888888888,0.8181818181818182,48,8,9
2033,2843,neg_756,0_neg_1005,0.8888888888888888,1.0,48,8,9
2049,2843,neg_775,0_neg_1005,0.7777777777777778,1.0,44,7,9
2118,2843,neg_847,0_neg_1005,0.875,0.8,43,7,8
2352,2843,neg_1103,0_neg_1005,0.875,0.8888888888888888,43,7,8
2421,2843,neg_1179,0_neg_1005,0.8888888888888888,0.8181818181818182,48,8,9
2616,2843,neg_1397,0_neg_1005,0.875,0.8,43,7,8
2620,2843,neg_1401,0_neg_1005,0.8888888888888888,0.8181818181818182,48,8,9
2676,2843,neg_1460,0_neg_1005,0.875,0.8888888888888888,44,7,8
666,2844,pos_726,1_pos_921,0.6666666666666666,1.0,9,2,3
410,2847,pos_448,1_pos_1353,0.6666666666666666,1.0,19,2,3
955,2847,pos_1043,1_pos_1353,0.6666666666666666,1.0,17,2,3
1134,2847,pos_1249,1_pos_1353,0.6666666666666666,1.0,18,2,3
1595,2848,neg_263,0_neg_669,0.8888888888888888,1.0,42,8,9
1731,2848,neg_412,0_neg_669,0.8888888888888888,0.8888888888888888,33,8,9
1759,2848,neg_443,0_neg_669,0.625,0.8888888888888888,25,5,8
1878,2848,neg_581,0_neg_669,0.8888888888888888,0.9,42,8,9
2112,2848,neg_840,0_neg_669,0.875,0.8888888888888888,37,7,8
2113,2848,neg_842,0_neg_669,0.625,0.8,26,5,8
2347,2848,neg_1097,0_neg_669,0.8888888888888888,0.8888888888888888,33,8,9
2568,2848,neg_1346,0_neg_669,0.625,0.8,15,5,8
2669,2848,neg_1452,0_neg_669,0.9,1.0,37,9,10
2719,2848,neg_1507,0_neg_669,0.8888888888888888,1.0,44,8,9
1858,2849,neg_556,0_neg_684,0.8181818181818182,0.8461538461538461,50,9,11
1513,2850,neg_170,0_neg_1021,0.6470588235294118,0.85,54,11,17
1612,2850,neg_283,0_neg_1021,0.75,0.8,74,12,16
2095,2850,neg_823,0_neg_1021,0.85,1.0,106,17,20
2500,2850,neg_1272,0_neg_1021,0.6470588235294118,0.85,64,11,17
2535,2850,neg_1309,0_neg_1021,0.6470588235294118,0.85,66,11,17
2727,2850,neg_1516,0_neg_1021,0.9,1.0,111,18,20
541,2851,pos_591,1_pos_1321,0.6666666666666666,1.0,10,2,3
615,2851,pos_669,1_pos_1321,0.6666666666666666,1.0,14,2,3
721,2851,pos_791,1_pos_1321,0.6666666666666666,1.0,18,2,3
876,2851,pos_962,1_pos_1321,0.6666666666666666,1.0,10,2,3
881,2851,pos_967,1_pos_1321,0.6666666666666666,1.0,18,2,3
949,2851,pos_1037,1_pos_1321,0.6666666666666666,1.0,8,2,3
1164,2851,pos_1282,1_pos_1321,0.6666666666666666,1.0,9,2,3
1414,2852,neg_61,0_neg_169,0.75,0.8,37,6,8
1454,2852,neg_107,0_neg_169,0.7777777777777778,0.8181818181818182,46,7,9
1473,2852,neg_127,0_neg_169,0.875,0.8,45,7,8
1592,2852,neg_259,0_neg_169,0.75,0.8,41,6,8
1672,2852,neg_349,0_neg_169,0.7777777777777778,0.8181818181818182,46,7,9
2033,2852,neg_756,0_neg_169,0.875,0.8,45,7,8
2049,2852,neg_775,0_neg_169,0.875,0.8,43,7,8
2118,2852,neg_847,0_neg_169,0.875,0.8,45,7,8
2223,2852,neg_958,0_neg_169,0.7777777777777778,0.8181818181818182,46,7,9
2616,2852,neg_1397,0_neg_169,0.7777777777777778,0.9,46,7,9
2843,2852,0_neg_1005,0_neg_169,0.875,0.8,44,7,8
97,2855,pos_107,1_pos_1156,0.6666666666666666,1.0,18,2,3
619,2855,pos_673,1_pos_1156,0.6666666666666666,1.0,15,2,3
823,2855,pos_904,1_pos_1156,0.6666666666666666,1.0,17,2,3
1645,2856,neg_318,0_neg_628,0.625,0.9411764705882353,52,10,16
1336,2857,pos_1486,1_pos_1394,0.6,0.8333333333333334,15,3,5
1475,2859,neg_129,0_neg_758,0.8,0.8333333333333334,73,12,15
1566,2859,neg_232,0_neg_758,0.8125,0.8888888888888888,80,13,16
1574,2859,neg_240,0_neg_758,0.8125,0.8888888888888888,74,13,16
1802,2859,neg_490,0_neg_758,0.7058823529411765,0.8333333333333334,63,12,17
2078,2859,neg_806,0_neg_758,0.8125,0.8888888888888888,80,13,16
2306,2859,neg_1056,0_neg_758,0.7058823529411765,0.8333333333333334,62,12,17
2389,2859,neg_1142,0_neg_758,0.8125,0.8888888888888888,75,13,16
2448,2859,neg_1209,0_neg_758,0.7647058823529411,0.9444444444444444,78,13,17
2578,2859,neg_1357,0_neg_758,0.7058823529411765,0.8333333333333334,64,12,17
2584,2859,neg_1363,0_neg_758,0.75,0.8888888888888888,72,12,16
822,2860,pos_902,1_pos_1158,0.6,0.9375,48,9,15
199,2861,pos_220,1_pos_1413,1.0,0.8333333333333334,30,5,5
236,2861,pos_258,1_pos_1413,0.6,0.8333333333333334,17,3,5
392,2861,pos_429,1_pos_1413,1.0,0.8571428571428571,36,6,6
2434,2862,neg_1193,0_neg_578,0.8571428571428571,1.0,64,12,14
2668,2862,neg_1451,0_neg_578,0.6666666666666666,0.8571428571428571,30,8,12
1580,2864,neg_247,0_neg_977,0.7368421052631579,1.0,75,14,19
2543,2864,neg_1320,0_neg_977,0.7368421052631579,1.0,77,14,19
1244,2866,pos_1377,1_pos_1217,0.6666666666666666,1.0,9,2,3
577,2870,pos_631,1_pos_1115,0.6666666666666666,1.0,6,2,3
914,2870,pos_1001,1_pos_1115,0.6666666666666666,1.0,16,2,3
1317,2870,pos_1466,1_pos_1115,0.6666666666666666,1.0,18,2,3
306,2872,pos_334,1_pos_21,1.0,0.8,46,8,8
832,2872,pos_914,1_pos_21,1.0,0.9090909090909091,55,10,10
461,2874,pos_504,1_pos_52,0.6666666666666666,1.0,9,2,3
1256,2874,pos_1392,1_pos_52,0.6666666666666666,1.0,12,2,3
1058,2875,pos_1162,1_pos_1055,1.0,0.9,52,9,9
1107,2875,pos_1220,1_pos_1055,1.0,0.8333333333333334,56,10,10
813,2876,pos_892,1_pos_803,0.6,0.8333333333333334,14,3,5
289,2878,pos_315,1_pos_957,0.6,0.8333333333333334,23,3,5
1285,2878,pos_1428,1_pos_957,0.6,0.8333333333333334,13,3,5
1404,2882,neg_50,0_neg_297,0.6,1.0,33,6,10
1548,2882,neg_212,0_neg_297,0.875,0.8,38,7,8
1604,2882,neg_272,0_neg_297,0.7272727272727273,1.0,36,8,11
1684,2882,neg_361,0_neg_297,0.6666666666666666,0.8888888888888888,24,6,9
1717,2882,neg_396,0_neg_297,0.6,1.0,31,6,10
1774,2882,neg_458,0_neg_297,0.7,1.0,36,7,10
1834,2882,neg_528,0_neg_297,0.8,1.0,43,8,10
2034,2882,neg_757,0_neg_297,0.9,1.0,48,9,10
2087,2882,neg_815,0_neg_297,0.9,1.0,47,9,10
2253,2882,neg_994,0_neg_297,0.6666666666666666,0.9,32,6,9
2366,2882,neg_1117,0_neg_297,0.7777777777777778,0.9,36,7,9
2523,2882,neg_1296,0_neg_297,0.8181818181818182,1.0,38,9,11
2568,2882,neg_1346,0_neg_297,0.7,1.0,36,7,10
2663,2882,neg_1446,0_neg_297,0.7,1.0,33,7,10
2718,2882,neg_1506,0_neg_297,0.7777777777777778,0.9,35,7,9
2722,2882,neg_1510,0_neg_297,0.6666666666666666,0.9,29,6,9
2735,2882,0_neg_519,0_neg_297,0.7,1.0,41,7,10
2755,2882,0_neg_488,0_neg_297,0.8888888888888888,0.9,44,8,9
1276,2890,pos_1417,1_pos_1344,1.0,0.8888888888888888,50,8,8
49,2892,pos_55,1_pos_1455,0.6666666666666666,1.0,15,2,3
63,2892,pos_70,1_pos_1455,0.6666666666666666,1.0,14,2,3
93,2892,pos_102,1_pos_1455,0.6666666666666666,1.0,15,2,3
210,2892,pos_231,1_pos_1455,0.6666666666666666,1.0,10,2,3
329,2892,pos_360,1_pos_1455,0.6666666666666666,1.0,14,2,3
348,2892,pos_379,1_pos_1455,0.6666666666666666,1.0,11,2,3
449,2892,pos_492,1_pos_1455,0.6666666666666666,1.0,11,2,3
514,2892,pos_563,1_pos_1455,0.6666666666666666,1.0,11,2,3
840,2892,pos_924,1_pos_1455,0.6666666666666666,1.0,11,2,3
871,2892,pos_955,1_pos_1455,0.6666666666666666,1.0,15,2,3
957,2892,pos_1046,1_pos_1455,0.6666666666666666,1.0,14,2,3
1047,2892,pos_1149,1_pos_1455,0.6666666666666666,1.0,14,2,3
1062,2892,pos_1167,1_pos_1455,0.6666666666666666,1.0,12,2,3
1089,2892,pos_1199,1_pos_1455,0.6666666666666666,1.0,14,2,3
1172,2892,pos_1290,1_pos_1455,0.6666666666666666,1.0,11,2,3
1267,2892,pos_1404,1_pos_1455,0.6666666666666666,1.0,12,2,3
2836,2892,1_pos_1138,1_pos_1455,0.6666666666666666,1.0,12,2,3
1753,2893,neg_437,0_neg_869,0.7368421052631579,0.95,80,14,19
1837,2893,neg_531,0_neg_869,0.6842105263157895,0.95,77,13,19
2030,2893,neg_753,0_neg_869,0.7894736842105263,0.95,80,15,19
2175,2893,neg_908,0_neg_869,0.9375,0.8,89,15,16
2271,2893,neg_1016,0_neg_869,0.7894736842105263,0.95,84,15,19
2577,2893,neg_1356,0_neg_869,0.8421052631578947,0.95,84,16,19
1285,2898,pos_1428,1_pos_750,0.6,1.0,21,3,5
1881,2899,neg_585,0_neg_1037,0.7692307692307693,1.0,44,10,13
1621,2900,neg_292,0_neg_217,0.625,1.0,32,5,8
1633,2900,neg_305,0_neg_217,0.625,1.0,34,5,8
1718,2900,neg_397,0_neg_217,0.625,1.0,33,5,8
2369,2900,neg_1121,0_neg_217,0.7142857142857143,0.875,30,5,7
2592,2900,neg_1372,0_neg_217,0.875,1.0,40,7,8
2611,2900,neg_1392,0_neg_217,0.75,1.0,37,6,8
2701,2900,neg_1487,0_neg_217,0.8571428571428571,0.875,40,6,7
2723,2900,neg_1511,0_neg_217,0.625,1.0,31,5,8
1362,2902,neg_3,0_neg_1315,0.75,0.8888888888888888,34,6,8
1379,2902,neg_22,0_neg_1315,0.6666666666666666,0.9,29,6,9
1431,2902,neg_81,0_neg_1315,0.75,0.8888888888888888,36,6,8
1554,2902,neg_220,0_neg_1315,0.75,0.8,33,6,8
1595,2902,neg_263,0_neg_1315,0.75,0.8888888888888888,33,6,8
1655,2902,neg_330,0_neg_1315,0.75,0.8888888888888888,33,6,8
2409,2902,neg_1166,0_neg_1315,0.75,0.8888888888888888,36,6,8
2513,2902,neg_1286,0_neg_1315,0.75,0.8888888888888888,34,6,8
2654,2902,neg_1436,0_neg_1315,0.75,0.8,34,6,8
2375,2905,neg_1128,0_neg_92,0.8235294117647058,0.85,75,14,17
1377,2906,neg_20,0_neg_615,0.625,0.8888888888888888,31,5,8
1406,2906,neg_52,0_neg_615,0.75,1.0,41,6,8
1887,2906,neg_592,0_neg_615,0.75,0.8,40,6,8
1057,2907,pos_1161,1_pos_1391,0.6666666666666666,1.0,11,2,3
755,2908,pos_826,1_pos_779,0.6923076923076923,0.8125,44,9,13
817,2908,pos_897,1_pos_779,0.6153846153846154,0.8666666666666667,42,8,13
822,2908,pos_902,1_pos_779,0.7142857142857143,0.875,60,10,14
997,2908,pos_1092,1_pos_779,0.6923076923076923,0.8666666666666667,52,9,13
2183,2912,neg_917,0_neg_77,0.9230769230769231,1.0,63,12,13
2596,2913,neg_1376,0_neg_24,0.7894736842105263,1.0,89,15,19
2744,2914,1_pos_219,0_neg_380,0.625,0.875,21,5,8
1132,2916,pos_1247,0_neg_1263,0.6,0.9,23,6,10
1347,2916,pos_1497,0_neg_1263,0.6,0.9090909090909091,23,6,10
1629,2916,neg_301,0_neg_1263,0.6,0.8181818181818182,22,6,10
1710,2916,neg_388,0_neg_1263,0.7,0.8333333333333334,39,7,10
2016,2916,neg_736,0_neg_1263,0.6363636363636364,1.0,40,7,11
2147,2916,neg_878,0_neg_1263,0.6363636363636364,0.8461538461538461,40,7,11
2600,2916,neg_1380,0_neg_1263,0.6363636363636364,1.0,36,7,11
1082,2917,pos_1191,1_pos_284,0.6666666666666666,1.0,18,2,3
1298,2917,pos_1443,1_pos_284,0.6666666666666666,1.0,8,2,3
37,2918,pos_40,1_pos_903,0.6666666666666666,1.0,10,2,3
1341,2918,pos_1491,1_pos_903,0.6666666666666666,1.0,9,2,3
1630,2920,neg_302,0_neg_586,0.875,0.8888888888888888,39,7,8
2414,2920,neg_1172,0_neg_586,1.0,0.8,42,8,8
500,2921,pos_549,1_pos_1086,1.0,0.9411764705882353,88,16,16
531,2921,pos_581,1_pos_1086,0.9333333333333333,0.8823529411764706,81,14,15
613,2921,pos_667,1_pos_1086,0.9285714285714286,0.8235294117647058,74,13,14
1222,2921,pos_1348,1_pos_1086,0.9375,0.9411764705882353,82,15,16
1225,2921,pos_1354,1_pos_1086,0.875,0.9411764705882353,80,14,16
1266,2921,pos_1403,1_pos_1086,0.9411764705882353,1.0,89,16,17
2766,2921,1_pos_602,1_pos_1086,1.0,0.9411764705882353,85,16,16
1377,2925,neg_20,0_neg_1517,0.7777777777777778,0.9,42,7,9
1406,2925,neg_52,0_neg_1517,0.625,0.8,37,5,8
1887,2925,neg_592,0_neg_1517,0.6,1.0,42,6,10
2906,2925,0_neg_615,0_neg_1517,0.625,0.8,36,5,8
497,2927,pos_546,1_pos_139,0.6666666666666666,1.0,17,2,3
1258,2927,pos_1395,1_pos_139,0.6666666666666666,1.0,15,2,3
1343,2927,pos_1493,1_pos_139,0.6666666666666666,1.0,15,2,3
1830,2928,neg_524,0_neg_1212,0.75,0.8,34,6,8
1592,2930,neg_259,0_neg_420,1.0,0.875,44,7,7
2118,2930,neg_847,0_neg_420,1.0,0.8,48,8,8
2352,2930,neg_1103,0_neg_420,1.0,0.875,44,7,7
2676,2930,neg_1460,0_neg_420,0.8571428571428571,0.875,40,6,7
58,2934,pos_65,1_pos_80,0.6666666666666666,1.0,9,2,3
248,2934,pos_271,1_pos_80,0.6666666666666666,1.0,9,2,3
385,2934,pos_421,1_pos_80,0.6666666666666666,1.0,15,2,3
1732,2936,neg_414,0_neg_991,0.6666666666666666,0.8,35,8,12
2333,2936,neg_1083,0_neg_991,0.6666666666666666,0.9230769230769231,33,8,12
2786,2936,0_neg_841,0_neg_991,0.8461538461538461,1.0,55,11,13
560,2937,pos_614,1_pos_1291,1.0,0.875,42,7,7
1500,2941,neg_155,0_neg_1328,0.7333333333333333,0.9375,61,11,15
1974,2941,neg_689,0_neg_1328,0.75,1.0,68,12,16
2263,2941,neg_1008,0_neg_1328,0.75,1.0,64,12,16
2315,2941,neg_1065,0_neg_1328,0.7142857142857143,0.875,55,10,14
2332,2941,neg_1082,0_neg_1328,0.6,0.8333333333333334,54,9,15
2423,2941,neg_1181,0_neg_1328,0.8,0.9375,66,12,15
2482,2941,neg_1249,0_neg_1328,0.6153846153846154,0.8125,40,8,13
2724,2941,neg_1512,0_neg_1328,0.8461538461538461,0.8125,60,11,13
144,2942,pos_158,1_pos_1375,0.8333333333333334,0.8571428571428571,31,5,6
257,2942,pos_281,1_pos_1375,1.0,0.8571428571428571,35,6,6
1189,2942,pos_1310,1_pos_1375,1.0,0.8571428571428571,35,6,6
1868,2950,neg_569,0_neg_176,0.6470588235294118,1.0,56,11,17
2686,2950,neg_1472,0_neg_176,0.6470588235294118,1.0,55,11,17
123,2951,pos_134,1_pos_305,0.6666666666666666,1.0,10,2,3
337,2951,pos_368,1_pos_305,0.6666666666666666,1.0,8,2,3
2918,2951,1_pos_903,1_pos_305,0.6666666666666666,1.0,15,2,3
1507,2952,neg_162,0_neg_789,0.6363636363636364,1.0,44,7,11
1904,2952,neg_612,0_neg_789,0.6363636363636364,1.0,36,7,11
1987,2952,neg_703,0_neg_789,0.6363636363636364,1.0,43,7,11
2137,2952,neg_867,0_neg_789,0.6666666666666666,0.8181818181818182,33,6,9
2467,2952,neg_1231,0_neg_789,0.6363636363636364,1.0,40,7,11
2514,2952,neg_1287,0_neg_789,0.7272727272727273,1.0,43,8,11
2682,2952,neg_1467,0_neg_789,0.7272727272727273,1.0,45,8,11
2762,2952,0_neg_1034,0_neg_789,0.6363636363636364,1.0,43,7,11
1479,2953,neg_133,0_neg_975,0.7894736842105263,1.0,83,15,19
1485,2953,neg_140,0_neg_975,0.9473684210526315,1.0,90,18,19
1597,2953,neg_265,0_neg_975,0.7368421052631579,1.0,72,14,19
1617,2953,neg_288,0_neg_975,0.8888888888888888,0.9473684210526315,82,16,18
1644,2953,neg_317,0_neg_975,0.8888888888888888,0.9473684210526315,82,16,18
1685,2953,neg_362,0_neg_975,0.8421052631578947,1.0,86,16,19
2038,2953,neg_762,0_neg_975,0.9444444444444444,0.9473684210526315,84,17,18
2157,2953,neg_889,0_neg_975,0.7368421052631579,1.0,73,14,19
2180,2953,neg_914,0_neg_975,0.9444444444444444,0.9473684210526315,84,17,18
2268,2953,neg_1013,0_neg_975,0.8888888888888888,0.9473684210526315,86,16,18
2334,2953,neg_1084,0_neg_975,0.8421052631578947,1.0,78,16,19
2572,2953,neg_1350,0_neg_975,0.8888888888888888,0.9473684210526315,79,16,18
1132,2955,pos_1247,0_neg_1353,0.6666666666666666,0.8181818181818182,34,6,9
1347,2955,pos_1497,0_neg_1353,0.6666666666666666,0.8181818181818182,34,6,9
1710,2955,neg_388,0_neg_1353,0.9,0.8333333333333334,53,9,10
1743,2955,neg_426,0_neg_1353,0.6923076923076923,1.0,42,9,13
1744,2955,neg_427,0_neg_1353,0.6363636363636364,1.0,35,7,11
2005,2955,neg_723,0_neg_1353,0.6923076923076923,1.0,41,9,13
2016,2955,neg_736,0_neg_1353,0.6363636363636364,1.0,35,7,11
2058,2955,neg_785,0_neg_1353,0.6363636363636364,0.8461538461538461,41,7,11
2147,2955,neg_878,0_neg_1353,0.6363636363636364,0.8461538461538461,39,7,11
2593,2955,neg_1373,0_neg_1353,0.6363636363636364,1.0,35,7,11
2600,2955,neg_1380,0_neg_1353,0.7272727272727273,1.0,45,8,11
2916,2955,0_neg_1263,0_neg_1353,0.6363636363636364,1.0,35,7,11
1336,2956,pos_1486,1_pos_1407,0.6,0.8333333333333334,15,3,5
544,2957,pos_595,1_pos_1125,0.6666666666666666,1.0,10,2,3
1077,2957,pos_1185,1_pos_1125,0.6666666666666666,1.0,15,2,3
142,2960,pos_156,1_pos_1231,0.6666666666666666,1.0,15,2,3
153,2960,pos_167,1_pos_1231,0.6666666666666666,1.0,12,2,3
377,2960,pos_413,1_pos_1231,0.6666666666666666,1.0,13,2,3
407,2960,pos_445,1_pos_1231,0.6666666666666666,1.0,13,2,3
557,2960,pos_610,1_pos_1231,0.6666666666666666,1.0,15,2,3
689,2960,pos_752,1_pos_1231,0.6666666666666666,1.0,13,2,3
750,2960,pos_821,1_pos_1231,0.6666666666666666,1.0,14,2,3
766,2960,pos_838,1_pos_1231,0.6666666666666666,1.0,18,2,3
879,2960,pos_965,1_pos_1231,0.6666666666666666,1.0,12,2,3
1185,2960,pos_1305,1_pos_1231,0.6666666666666666,1.0,15,2,3
2801,2960,1_pos_462,1_pos_1231,0.6666666666666666,1.0,14,2,3
2808,2960,1_pos_1215,1_pos_1231,0.6666666666666666,1.0,13,2,3
1719,2961,neg_398,0_neg_185,0.6923076923076923,1.0,33,9,13
2348,2961,neg_1098,0_neg_185,0.6153846153846154,1.0,35,8,13
188,2962,pos_206,1_pos_1129,0.75,0.8,20,3,4
2812,2962,1_pos_343,1_pos_1129,0.75,0.8,17,3,4
49,2964,pos_55,1_pos_538,0.6666666666666666,1.0,15,2,3
63,2964,pos_70,1_pos_538,0.6666666666666666,1.0,13,2,3
93,2964,pos_102,1_pos_538,0.6666666666666666,1.0,13,2,3
210,2964,pos_231,1_pos_538,0.6666666666666666,1.0,12,2,3
329,2964,pos_360,1_pos_538,0.6666666666666666,1.0,13,2,3
348,2964,pos_379,1_pos_538,0.6666666666666666,1.0,14,2,3
449,2964,pos_492,1_pos_538,0.6666666666666666,1.0,12,2,3
514,2964,pos_563,1_pos_538,0.6666666666666666,1.0,13,2,3
840,2964,pos_924,1_pos_538,0.6666666666666666,1.0,13,2,3
871,2964,pos_955,1_pos_538,0.6666666666666666,1.0,12,2,3
957,2964,pos_1046,1_pos_538,0.6666666666666666,1.0,12,2,3
1047,2964,pos_1149,1_pos_538,0.6666666666666666,1.0,13,2,3
1062,2964,pos_1167,1_pos_538,0.6666666666666666,1.0,13,2,3
1089,2964,pos_1199,1_pos_538,0.6666666666666666,1.0,13,2,3
1172,2964,pos_1290,1_pos_538,0.6666666666666666,1.0,13,2,3
1267,2964,pos_1404,1_pos_538,0.6666666666666666,1.0,14,2,3
2836,2964,1_pos_1138,1_pos_538,0.6666666666666666,1.0,12,2,3
2892,2964,1_pos_1455,1_pos_538,0.6666666666666666,1.0,14,2,3
18,2968,pos_18,1_pos_773,0.6,0.8333333333333334,9,3,5
459,2968,pos_502,1_pos_773,0.75,0.8,14,3,4
1530,2969,neg_192,0_neg_646,0.6666666666666666,1.0,48,6,9
1659,2969,neg_335,0_neg_646,0.6666666666666666,1.0,41,6,9
1690,2969,neg_367,0_neg_646,0.7777777777777778,1.0,53,7,9
2561,2971,neg_1339,0_neg_262,0.8421052631578947,1.0,92,16,19
2615,2971,neg_1396,0_neg_262,0.8947368421052632,1.0,104,17,19
186,2978,pos_204,1_pos_176,0.6,0.8333333333333334,12,3,5
1797,2983,neg_483,0_neg_1151,0.7777777777777778,1.0,38,7,9
2270,2983,neg_1015,0_neg_1151,0.6666666666666666,1.0,33,6,9
2608,2983,neg_1389,0_neg_1151,0.875,0.8888888888888888,35,7,8
1305,2987,pos_1451,1_pos_841,0.8,1.0,22,4,5
144,2988,pos_158,1_pos_703,0.7142857142857143,1.0,31,5,7
257,2988,pos_281,1_pos_703,1.0,0.8571428571428571,34,6,6
1492,2989,neg_147,0_neg_340,0.625,0.9411764705882353,71,10,16
1674,2989,neg_351,0_neg_340,0.8235294117647058,0.9444444444444444,90,14,17
1568,2995,neg_234,0_neg_462,0.6153846153846154,0.9285714285714286,35,8,13
1836,2995,neg_530,0_neg_462,0.9230769230769231,1.0,58,12,13
2103,2995,neg_831,0_neg_462,0.8461538461538461,1.0,57,11,13
2670,2995,neg_1453,0_neg_462,0.8333333333333334,0.9230769230769231,51,10,12
128,2997,pos_141,1_pos_1420,0.75,1.0,15,3,4
2001,3001,neg_718,0_neg_1466,0.625,0.9411764705882353,53,10,16
1362,3002,neg_3,0_neg_164,0.875,0.8888888888888888,40,7,8
1431,3002,neg_81,0_neg_164,0.7777777777777778,1.0,41,7,9
1554,3002,neg_220,0_neg_164,0.7777777777777778,0.9,40,7,9
1595,3002,neg_263,0_neg_164,0.875,0.8888888888888888,38,7,8
1655,3002,neg_330,0_neg_164,0.8888888888888888,1.0,43,8,9
2409,3002,neg_1166,0_neg_164,0.875,0.8888888888888888,40,7,8
2513,3002,neg_1286,0_neg_164,0.7777777777777778,1.0,41,7,9
2654,3002,neg_1436,0_neg_164,0.875,0.8,40,7,8
2902,3002,0_neg_1315,0_neg_164,0.75,0.8888888888888888,35,6,8
1198,3003,pos_1320,1_pos_861,1.0,0.8,84,16,16
1361,3005,neg_2,0_neg_1240,0.75,0.9411764705882353,68,12,16
1394,3005,neg_39,0_neg_1240,0.7058823529411765,1.0,73,12,17
1475,3005,neg_129,0_neg_1240,0.75,0.9411764705882353,71,12,16
1574,3005,neg_240,0_neg_1240,0.7857142857142857,0.8235294117647058,67,11,14
1693,3005,neg_370,0_neg_1240,0.6875,0.9411764705882353,64,11,16
1802,3005,neg_490,0_neg_1240,0.9375,0.9411764705882353,87,15,16
1908,3005,neg_617,0_neg_1240,0.875,0.9411764705882353,79,14,16
2306,3005,neg_1056,0_neg_1240,0.875,0.9411764705882353,83,14,16
2448,3005,neg_1209,0_neg_1240,0.7058823529411765,1.0,68,12,17
2578,3005,neg_1357,0_neg_1240,0.875,0.9411764705882353,79,14,16
2720,3005,neg_1508,0_neg_1240,0.625,0.9411764705882353,62,10,16
393,3006,pos_430,1_pos_781,0.75,0.8,18,3,4
866,3006,pos_950,1_pos_781,0.6,0.8333333333333334,20,3,5
373,3009,pos_409,1_pos_891,0.7333333333333333,1.0,53,11,15
1601,3010,neg_269,0_neg_1384,0.6666666666666666,0.8888888888888888,25,8,12
1815,3010,neg_505,0_neg_1384,0.75,0.8888888888888888,24,6,8
2733,3010,neg_1526,0_neg_1384,0.75,0.8,26,6,8
411,3011,pos_449,1_pos_1079,1.0,0.8333333333333334,27,5,5
2666,3012,neg_1449,0_neg_1119,0.8888888888888888,1.0,44,8,9
574,3013,pos_628,1_pos_1312,0.8,0.8333333333333334,22,4,5
637,3014,pos_691,1_pos_867,1.0,0.875,38,7,7
951,3016,pos_1039,1_pos_422,0.6666666666666666,1.0,10,2,3
158,3017,pos_172,1_pos_30,0.6666666666666666,1.0,20,2,3
654,3017,pos_712,1_pos_30,0.6666666666666666,1.0,21,2,3
1264,3017,pos_1401,1_pos_30,0.6666666666666666,1.0,9,2,3
1234,3028,pos_1365,1_pos_751,1.0,0.8,27,4,4
1262,3028,pos_1399,1_pos_751,0.75,1.0,17,3,4
1414,3029,neg_61,0_neg_64,0.625,0.8,34,5,8
1454,3029,neg_107,0_neg_64,1.0,0.8181818181818182,53,9,9
1473,3029,neg_127,0_neg_64,1.0,0.8,49,8,8
1592,3029,neg_259,0_neg_64,1.0,0.8888888888888888,48,8,8
1672,3029,neg_349,0_neg_64,1.0,0.8181818181818182,53,9,9
1686,3029,neg_363,0_neg_64,0.7,0.8333333333333334,33,7,10
2033,3029,neg_756,0_neg_64,1.0,0.8888888888888888,49,8,8
2049,3029,neg_775,0_neg_64,0.75,0.8888888888888888,40,6,8
2118,3029,neg_847,0_neg_64,1.0,0.8,49,8,8
2223,3029,neg_958,0_neg_64,1.0,0.8181818181818182,53,9,9
2616,3029,neg_1397,0_neg_64,1.0,0.9,53,9,9
2843,3029,0_neg_1005,0_neg_64,0.875,0.8888888888888888,43,7,8
2852,3029,0_neg_169,0_neg_64,0.7777777777777778,0.9,46,7,9
55,3031,pos_61,1_pos_1164,0.75,0.8,16,3,4
826,3031,pos_907,1_pos_1164,0.75,1.0,16,3,4
2833,3031,1_pos_509,1_pos_1164,0.75,0.8,16,3,4
1445,3032,neg_98,0_neg_693,0.6,0.8823529411764706,55,9,15
1516,3032,neg_173,0_neg_693,0.6,0.8666666666666667,50,9,15
1917,3032,neg_626,0_neg_693,0.6666666666666666,0.8823529411764706,74,10,15
2000,3032,neg_717,0_neg_693,0.6,0.8823529411764706,66,9,15
2075,3032,neg_803,0_neg_693,0.6666666666666666,0.8823529411764706,70,10,15
2110,3032,neg_838,0_neg_693,0.8,0.8823529411764706,84,12,15
2289,3032,neg_1036,0_neg_693,0.6666666666666666,0.8823529411764706,67,10,15
2393,3032,neg_1146,0_neg_693,0.6875,0.9411764705882353,76,11,16
2450,3032,neg_1211,0_neg_693,0.6,0.8666666666666667,47,9,15
2534,3032,neg_1308,0_neg_693,0.625,0.9411764705882353,68,10,16
1743,3033,neg_426,0_neg_196,0.6923076923076923,1.0,32,9,13
1954,3033,neg_667,0_neg_196,0.6666666666666666,1.0,39,8,12
2005,3033,neg_723,0_neg_196,0.7692307692307693,1.0,45,10,13
2016,3033,neg_736,0_neg_196,0.8181818181818182,1.0,49,9,11
2147,3033,neg_878,0_neg_196,0.6363636363636364,0.8461538461538461,36,7,11
2600,3033,neg_1380,0_neg_196,0.6363636363636364,1.0,33,7,11
2916,3033,0_neg_1263,0_neg_196,0.7272727272727273,1.0,44,8,11
2955,3033,0_neg_1353,0_neg_196,0.7272727272727273,1.0,40,8,11
158,3035,pos_172,1_pos_233,0.6666666666666666,1.0,9,2,3
479,3035,pos_525,1_pos_233,0.6666666666666666,1.0,17,2,3
978,3035,pos_1070,1_pos_233,0.6666666666666666,1.0,11,2,3
1264,3035,pos_1401,1_pos_233,0.6666666666666666,1.0,17,2,3
2819,3035,1_pos_706,1_pos_233,0.6666666666666666,1.0,16,2,3
469,3036,pos_514,1_pos_849,0.6666666666666666,1.0,8,2,3
540,3036,pos_590,1_pos_849,0.6666666666666666,1.0,13,2,3
594,3036,pos_648,1_pos_849,0.6666666666666666,1.0,8,2,3
703,3036,pos_767,1_pos_849,0.6666666666666666,1.0,8,2,3
805,3036,pos_882,1_pos_849,0.6666666666666666,1.0,8,2,3
2807,3036,1_pos_775,1_pos_849,0.6666666666666666,1.0,15,2,3
