test_index,label,shuffle_count,shuffled_mean_probability,shuffled_probability_sd,model,original_probability,probability_change
0,0,10,0.1752590749450879,0.3229900594021708,Molecular ECFP4 branch,2.039330079338919e-05,0.17523868164429451
1,1,5,0.9999999999537682,5.2109980150455607e-11,Molecular ECFP4 branch,0.9999999999969487,-4.3180459208258526e-11
2,0,10,2.7304078398840274e-07,2.365716322892654e-07,Molecular ECFP4 branch,9.414861909963131e-08,1.7889216488877145e-07
3,0,10,0.00011937062795895146,0.000233012779884748,Molecular ECFP4 branch,0.043881916033378064,-0.043762545405419115
4,0,10,4.096080831564668e-10,5.660939788926248e-10,Molecular ECFP4 branch,2.16254967747011e-09,-1.752941594313643e-09
5,1,10,0.9999629001006662,6.834806644758179e-05,Molecular ECFP4 branch,0.9999999391021511,-3.703900148488426e-05
6,0,10,0.6874781115619897,0.32793872647737643,Molecular ECFP4 branch,0.9859957719137736,-0.29851766035178395
7,0,10,8.343268534227001e-06,2.0814633964798363e-05,Molecular ECFP4 branch,7.385117141287846e-08,8.269417362814122e-06
8,0,10,0.00029995344214740326,0.0009222388660702905,Molecular ECFP4 branch,4.527242831079845e-05,0.0002546810138366048
9,1,10,0.9461088495177146,0.12107932825333394,Molecular ECFP4 branch,0.9814589894667936,-0.035350139949078985
10,0,10,0.5278246472891226,0.34841947258595757,Molecular ECFP4 branch,0.2631456079749958,0.2646790393141268
11,1,10,0.9999999997687551,3.733135306192179e-10,Molecular ECFP4 branch,0.9999999999868041,-2.1804902328170783e-10
12,1,10,0.9999997248344743,3.7212497332909656e-07,Molecular ECFP4 branch,0.9999993543766525,3.7045782175226805e-07
13,0,10,0.7263612457147884,0.32976143281008496,Molecular ECFP4 branch,7.331913503544722e-06,0.7263539138012849
14,1,2,0.9999999999815715,2.003045454165826e-11,Molecular ECFP4 branch,0.9999999999984996,-1.6928125567972074e-11
15,0,10,0.011400964756595248,0.023322148501133174,Molecular ECFP4 branch,0.08013753022307205,-0.0687365654664768
16,1,1,0.9999999998919777,,Molecular ECFP4 branch,0.9999999953165828,4.575394951800149e-09
17,1,10,0.6263254225729098,0.32870042479343053,Molecular ECFP4 branch,0.7687947528771586,-0.1424693303042488
18,0,10,0.12805802980699352,0.2819550607000108,Molecular ECFP4 branch,1.4537039334689328e-05,0.12804349276765883
19,0,10,2.805791989093091e-11,5.0834395915182094e-11,Molecular ECFP4 branch,1.2470709346095526e-12,2.681084895632136e-11
20,0,10,0.004988723033194172,0.013311062347788212,Molecular ECFP4 branch,7.108946319318448e-07,0.00498801213856224
21,1,2,0.9999999889868901,6.660782041225987e-09,Molecular ECFP4 branch,0.9999999989937776,-1.0006887429803157e-08
22,1,10,0.22500572355908996,0.4021864088487462,Molecular ECFP4 branch,0.9999211594559534,-0.7749154358968634
23,1,10,0.0007724432755026246,0.002382470968626904,Molecular ECFP4 branch,0.2312841772639302,-0.23051173398842756
24,0,10,1.0641671077317667e-12,1.8447076694739977e-12,Molecular ECFP4 branch,1.481827618801018e-13,9.15984345851665e-13
25,1,10,0.9992811876233348,0.0014377161203508273,Molecular ECFP4 branch,0.9999945363177724,-0.00071334869443751
26,1,10,0.014931658722174973,0.032290508541869364,Molecular ECFP4 branch,0.13403635496388927,-0.1191046962417143
27,0,10,6.745554852309043e-05,9.323665058487738e-05,Molecular ECFP4 branch,4.0291890804745693e-08,6.741525663228568e-05
28,0,10,4.0458707413603305e-06,6.11801087887518e-06,Molecular ECFP4 branch,3.5486394932221685e-06,4.97231248138162e-07
29,0,10,0.994721939667808,0.007926054477092338,Molecular ECFP4 branch,0.9832458673203813,0.011476072347426647
30,0,10,5.586945763860743e-06,1.5147023311449216e-05,Molecular ECFP4 branch,4.079819177161494e-06,1.5071265866992486e-06
31,1,10,0.06753236097944446,0.08136997454012883,Molecular ECFP4 branch,0.9999917940187862,-0.9324594330393418
32,1,2,0.9999999999997302,3.925231146709438e-14,Molecular ECFP4 branch,0.999999999999758,-2.7755575615628914e-14
33,0,10,0.26514080838528303,0.3324711963857325,Molecular ECFP4 branch,0.002547496617494246,0.2625933117677888
34,0,10,1.2091756250297226e-07,9.749989504212846e-08,Molecular ECFP4 branch,1.354507382221755e-08,1.0737248868075472e-07
35,0,10,0.05620799714465733,0.1644048500238322,Molecular ECFP4 branch,3.652292813010769e-05,0.056171474216527226
36,0,10,6.406929136653131e-09,5.036468462511487e-09,Molecular ECFP4 branch,3.359761818151064e-09,3.0471673185020673e-09
37,0,10,0.018790566881211966,0.038874824477831624,Molecular ECFP4 branch,0.002125872725460213,0.016664694155751753
38,0,10,0.001330016225270307,0.0020848582347681678,Molecular ECFP4 branch,7.439562801757544e-07,0.0013292722689901312
39,0,10,9.482393007757195e-09,1.6881039208618398e-08,Molecular ECFP4 branch,5.399163347800835e-10,8.942476672977111e-09
40,0,10,0.9994157970689475,0.000969535188168025,Molecular ECFP4 branch,0.9999613423485808,-0.0005455452796333526
41,1,10,0.9999999988419456,1.4502632043031572e-09,Molecular ECFP4 branch,0.9999999999850848,-1.1431392499261506e-09
42,0,10,0.3547861641960509,0.34488515421212695,Molecular ECFP4 branch,3.991454953027526e-05,0.35474624964652063
43,0,10,8.10628747775051e-10,7.82064716103083e-10,Molecular ECFP4 branch,5.973024436530266e-09,-5.162395688755215e-09
44,0,10,4.0717816576807925e-05,6.926079128716087e-05,Molecular ECFP4 branch,1.9487802760227474e-06,3.876903630078518e-05
45,0,10,0.18347617550206047,0.33231873777552406,Molecular ECFP4 branch,1.0693837256444894e-05,0.18346548166480403
46,0,10,0.0005105473870298334,0.0007461668926121693,Molecular ECFP4 branch,0.0009086963189504792,-0.00039814893192064577
47,0,10,4.071556805617296e-08,1.1708464027863193e-07,Molecular ECFP4 branch,4.5806280526309006e-11,4.066976177564665e-08
48,0,10,9.626380176093166e-06,1.1554141063664472e-05,Molecular ECFP4 branch,4.4954536653271016e-07,9.176834809560457e-06
49,0,10,5.556226413003306e-10,1.1190131080130797e-09,Molecular ECFP4 branch,9.452261342924151e-11,4.6110002787108905e-10
50,0,10,0.10448018586359853,0.30145719468417936,Molecular ECFP4 branch,0.06331945857043993,0.0411607272931586
51,0,10,0.00024044684069948326,0.0004968717778242174,Molecular ECFP4 branch,0.0001151775121852313,0.00012526932851425194
52,0,10,0.2576144990372341,0.35344505328951914,Molecular ECFP4 branch,0.0026312038851842925,0.2549832951520498
53,1,10,0.3692911432072201,0.4052546144896708,Molecular ECFP4 branch,0.9966293300011089,-0.6273381867938888
54,1,10,0.47145995156453624,0.41190319331733277,Molecular ECFP4 branch,0.96229523006303,-0.49083527849849373
55,1,10,0.7013111430760579,0.41732524801471,Molecular ECFP4 branch,0.999130425315254,-0.29781928223919607
56,0,10,3.5632133182435465e-05,7.543045067086693e-05,Molecular ECFP4 branch,2.759750565706536e-08,3.56045356767784e-05
57,0,10,7.0997472957470374e-06,9.361718664963616e-06,Molecular ECFP4 branch,7.788999558749885e-07,6.320847339872049e-06
58,1,10,0.9999576635780318,5.86226982343056e-05,Molecular ECFP4 branch,0.9999873436904111,-2.9680112379248946e-05
59,0,10,3.088804253256724e-09,3.9211095322982615e-09,Molecular ECFP4 branch,2.1016537435558362e-09,9.871505097008876e-10
60,1,10,0.9999997724619192,2.549607542499863e-07,Molecular ECFP4 branch,0.9997249248198651,0.00027484764205409906
61,0,10,0.0012824225160296986,0.0028327793138834007,Molecular ECFP4 branch,4.0991136425568414e-05,0.0012414313796041303
62,0,10,0.0002651193464949696,0.0008338899414503094,Molecular ECFP4 branch,5.373916962984318e-07,0.0002645819547986712
63,1,10,0.8592495277380374,0.17549583166789032,Molecular ECFP4 branch,0.9708533277440824,-0.11160380000604497
64,0,10,0.0008088163748134157,0.001838418402604682,Molecular ECFP4 branch,2.7943879556583063e-06,0.0008060219868577574
65,0,10,0.008798659379098513,0.02032465577637221,Molecular ECFP4 branch,6.674968645160596e-06,0.008791984410453353
66,1,2,0.9999999999992784,1.6925596704611096e-13,Molecular ECFP4 branch,0.9999999999980211,1.2572165530855273e-12
67,1,10,0.8973354347985433,0.3085065020880703,Molecular ECFP4 branch,0.9999692537635542,-0.10263381896501089
68,0,10,8.429922503980732e-07,1.3663549683937664e-06,Molecular ECFP4 branch,6.231959949728899e-07,2.197962554251833e-07
69,1,10,0.9999973341031518,7.69726976970938e-06,Molecular ECFP4 branch,0.9999996326050529,-2.2985019010324237e-06
70,0,10,0.5053870084932679,0.5142945726574236,Molecular ECFP4 branch,4.326436972881377e-06,0.505382682056295
71,1,10,0.8028483836336624,0.3161385472306445,Molecular ECFP4 branch,0.30721975929884526,0.49562862433481714
72,1,5,0.9999999999996261,3.754197898818501e-13,Molecular ECFP4 branch,0.9999999999989626,6.634692795159935e-13
73,1,2,0.9999999999999529,6.2803698347351005e-15,Molecular ECFP4 branch,0.9999999999999485,4.440892098500626e-15
74,1,2,0.9999999836805786,2.1983374597819048e-08,Molecular ECFP4 branch,0.9999999999167422,-1.62361635247521e-08
75,1,5,0.9999997707332946,4.820620125639066e-07,Molecular ECFP4 branch,0.9999999999908287,-2.2925753406788374e-07
76,0,10,9.51038866191591e-11,2.0474450968701108e-10,Molecular ECFP4 branch,1.046821174623403e-10,-9.5782308431812e-12
77,1,10,0.9999927762239942,1.8061386193943756e-05,Molecular ECFP4 branch,0.9999999996221867,-7.223398192479635e-06
78,1,10,0.9999999971324686,8.32965243104474e-09,Molecular ECFP4 branch,0.9999999108144957,8.63179728805008e-08
79,1,10,0.9999912575502016,1.729294178020179e-05,Molecular ECFP4 branch,0.9999994659585069,-8.208408305288017e-06
80,1,10,0.999999996547934,7.976000848817985e-09,Molecular ECFP4 branch,0.9999999999800515,-3.4321174791074327e-09
81,1,10,0.999976960601915,3.38663666129171e-05,Molecular ECFP4 branch,0.9999999545336745,-2.2993931759529573e-05
82,1,5,0.9999999999876042,1.2078615968682168e-11,Molecular ECFP4 branch,0.9999999999942628,-6.658562590189376e-12
83,0,10,0.38475185720287414,0.39178581448595684,Molecular ECFP4 branch,2.3636119329169466e-05,0.384728221083545
84,1,5,0.9999999999791671,3.685532089176835e-11,Molecular ECFP4 branch,0.9999999999270437,5.2123416693916624e-11
85,0,10,0.022200801091029863,0.025353617118746865,Molecular ECFP4 branch,0.22916249231642147,-0.2069616912253916
86,0,10,0.0088652718043085,0.02521532511962446,Molecular ECFP4 branch,1.4852187679009459e-05,0.00885041961662949
87,1,10,0.9999984106324808,3.6513412506800315e-06,Molecular ECFP4 branch,0.9999999989714792,-1.588338998326222e-06
88,0,10,1.3140130120967796e-12,7.081723699418695e-13,Molecular ECFP4 branch,1.0280836752467305e-12,2.859293368500491e-13
89,0,10,0.0007557222796007952,0.0008388731797531826,Molecular ECFP4 branch,1.8425158579052363e-07,0.0007555380280150047
90,0,10,0.00800395025558798,0.014346375402694142,Molecular ECFP4 branch,0.00015133039458008177,0.007852619861007899
91,1,10,0.9999969628888354,5.1729988787931945e-06,Molecular ECFP4 branch,0.9999913060932573,5.656795578179441e-06
92,1,10,0.9999994405206494,1.0540799127870717e-06,Molecular ECFP4 branch,0.999999655726812,-2.1520616266812453e-07
93,1,10,0.9999179633561006,0.00013134300012380962,Molecular ECFP4 branch,0.9999995210373547,-8.155768125406304e-05
94,1,10,0.9999999999766086,1.96731978715996e-11,Molecular ECFP4 branch,0.9999999999309424,4.566624856039425e-11
95,0,10,9.061370534479338e-10,2.3250426293080303e-09,Molecular ECFP4 branch,9.442294720458668e-11,8.11714106243347e-10
96,1,10,0.6381462398263129,0.27842440967964827,Molecular ECFP4 branch,0.9999122591538938,-0.3617660193275809
97,0,10,5.784228232914804e-10,7.953853369382718e-10,Molecular ECFP4 branch,6.932836210375491e-12,5.714899870811049e-10
98,1,10,0.9999999999219332,1.1271916478083348e-10,Molecular ECFP4 branch,0.9999999999771374,-5.520417456494897e-11
99,1,5,0.9999999500584075,7.708723801653732e-08,Molecular ECFP4 branch,0.9999999971583422,-4.709993473017704e-08
100,1,10,0.19979311656813276,0.41457104199794514,Molecular ECFP4 branch,0.0004129510534785828,0.19938016551465418
102,0,10,0.01130751365864871,0.030114451637677862,Molecular ECFP4 branch,1.4482909999131744e-05,0.011293030748649579
103,1,10,0.035966903955473625,0.056948550084185375,Molecular ECFP4 branch,0.0004340191640722986,0.03553288479140133
104,1,10,0.9999422282170627,0.00016812931171586448,Molecular ECFP4 branch,0.9999997097554566,-5.74815383939109e-05
105,1,2,0.9999999999860543,1.529772484344776e-11,Molecular ECFP4 branch,0.9999999999936027,-7.54840634442644e-12
106,0,10,1.3244721945897425e-07,3.7364336507826487e-07,Molecular ECFP4 branch,3.6606106878697368e-09,1.287866087711045e-07
107,1,10,0.4914724245734184,0.5038523535946926,Molecular ECFP4 branch,0.9999002904740152,-0.5084278659005967
108,0,10,0.2619932285344607,0.36844159256353126,Molecular ECFP4 branch,0.0001529361494503609,0.2618402923850104
109,1,5,0.999999995133144,8.150715000095274e-09,Molecular ECFP4 branch,0.9999999927676213,2.365522666636366e-09
110,1,10,0.1596852809550791,0.2954960482819591,Molecular ECFP4 branch,0.1328394749481475,0.026845806006931622
111,0,10,0.8153144959813419,0.3223610069034157,Molecular ECFP4 branch,0.9798097328364086,-0.16449523685506673
112,1,2,0.9999999999997979,1.9217931694289408e-13,Molecular ECFP4 branch,0.9999999999995062,2.9176661087149114e-13
113,0,10,1.5662102174397615e-07,4.3723913168360317e-07,Molecular ECFP4 branch,1.5352047222786863e-08,1.4126897452118928e-07
114,0,10,0.09533581013109903,0.1831376731633908,Molecular ECFP4 branch,0.2819075762657833,-0.18657176613468424
115,0,10,1.829544859439758e-05,5.765009062751353e-05,Molecular ECFP4 branch,5.300124131898603e-08,1.8242447353078595e-05
116,1,5,0.9999999999196654,8.697762515310834e-11,Molecular ECFP4 branch,0.9999999997713092,1.4835621620079564e-10
117,0,10,0.07982114510359013,0.24621637142955102,Molecular ECFP4 branch,2.2890538810824712e-05,0.0797982545647793
118,1,10,0.7928241426244254,0.38278855571581294,Molecular ECFP4 branch,0.051206191673505756,0.7416179509509196
119,1,2,0.9999999979846674,1.5515725900966164e-09,Molecular ECFP4 branch,0.9999999999167466,-1.932079163324829e-09
120,1,5,0.9999976468758982,4.9727594830792735e-06,Molecular ECFP4 branch,0.9999997960746349,-2.149198736645097e-06
121,0,10,9.949027659921551e-08,2.1712059901137865e-07,Molecular ECFP4 branch,4.947578420606273e-09,9.454269817860924e-08
122,1,10,0.9999916788234204,1.7943235572255334e-05,Molecular ECFP4 branch,0.9999999967295345,-8.317906114108098e-06
123,0,10,9.176450834111357e-05,0.00017796468411465446,Molecular ECFP4 branch,5.159489078397868e-07,9.124855943327379e-05
124,0,10,6.178139105609431e-07,1.6333803868379016e-06,Molecular ECFP4 branch,8.992206759710385e-09,6.088217038012328e-07
125,1,10,0.9884629047709319,0.01466350984702572,Molecular ECFP4 branch,0.9489886793084247,0.03947422546250723
126,1,10,0.9999607495682608,8.049106026706395e-05,Molecular ECFP4 branch,0.9999999729078722,-3.922333961148272e-05
127,0,10,5.070711907604379e-09,1.2626788131170961e-08,Molecular ECFP4 branch,2.3395334083315537e-09,2.7311784992728255e-09
128,0,10,9.006949589944422e-09,1.1750911550602233e-08,Molecular ECFP4 branch,5.548393240668579e-10,8.452110265877565e-09
129,0,10,1.4142469893912953e-09,2.9024116677481256e-09,Molecular ECFP4 branch,3.7200481700969793e-11,1.3770465076903255e-09
130,1,10,0.19137401669897766,0.32819047739954266,Molecular ECFP4 branch,0.32214664885761557,-0.1307726321586379
131,1,5,0.9999999999627536,6.397312153533956e-11,Molecular ECFP4 branch,0.9999999999934384,-3.0684788043799927e-11
132,1,10,0.9961418551254194,0.0044946315283479745,Molecular ECFP4 branch,0.9995900848321282,-0.003448229706708772
133,1,10,1.2855671452314235e-05,3.111541243753255e-05,Molecular ECFP4 branch,1.3401256245981106e-06,1.1515545827716125e-05
134,1,10,0.9999920100723859,6.469784879509742e-06,Molecular ECFP4 branch,0.9999976008338509,-5.5907614650019255e-06
135,1,5,0.9999999995865243,4.869862393710854e-10,Molecular ECFP4 branch,0.9999999777044941,2.1882030187825308e-08
136,0,10,0.00010546606401361716,0.00027653930337135697,Molecular ECFP4 branch,4.0200090523553e-09,0.0001054620440045648
137,1,10,0.7005128319273696,0.38324214523796424,Molecular ECFP4 branch,0.5385129020305675,0.16199992989680212
138,1,10,0.9923913855930291,0.02112534071435401,Molecular ECFP4 branch,0.9954825203260167,-0.0030911347329876104
139,1,5,0.9999999945088899,7.352698852219897e-09,Molecular ECFP4 branch,0.999999999985208,-5.476318176711459e-09
140,1,10,0.2638216969384558,0.4075666786522488,Molecular ECFP4 branch,0.9999998818637392,-0.7361781849252834
141,1,10,0.999944769134429,0.00013043803534859455,Molecular ECFP4 branch,0.9999995427183045,-5.4773583875511456e-05
142,1,10,0.0024375194919371776,0.005649970756332301,Molecular ECFP4 branch,0.0001600491253418843,0.0022774703665952934
143,1,10,0.96287852952104,0.11222116548368559,Molecular ECFP4 branch,0.9999987528129297,-0.03712022329188969
144,1,10,0.4761144849026596,0.3946104818891871,Molecular ECFP4 branch,0.00035463652136849576,0.4757598483812911
145,0,10,0.45809597753490056,0.4341514347292563,Molecular ECFP4 branch,0.00010974495560464427,0.45798623257929594
146,0,10,5.106554101394193e-10,1.5537024217984089e-09,Molecular ECFP4 branch,1.8894566633640494e-11,4.917608435057789e-10
147,0,10,0.0011652611267965328,0.0029704286640506263,Molecular ECFP4 branch,2.7840350350650738e-08,0.0011652332864461822
148,1,10,0.9994318588480514,0.0016607038757824539,Molecular ECFP4 branch,0.9999999729079615,-0.0005681140599100853
149,1,10,0.9999998555469046,2.7380334500154937e-07,Molecular ECFP4 branch,0.9999999998126947,-1.4426579009185758e-07
150,0,10,0.9926773146834471,0.02032432639199102,Molecular ECFP4 branch,0.9999787712067103,-0.0073014565232631945
151,1,10,0.9999889584696462,2.7103967052926982e-05,Molecular ECFP4 branch,0.999924195105258,6.476336438820951e-05
152,0,10,1.2619398552991395e-09,2.009819977425688e-09,Molecular ECFP4 branch,1.9004625248754686e-10,1.0718936028115927e-09
153,0,10,0.012319691343793187,0.03201404076805995,Molecular ECFP4 branch,8.589387196700179e-06,0.012311101956596487
154,1,10,0.6031467267726005,0.40366608676080573,Molecular ECFP4 branch,0.9344094011847973,-0.3312626744121968
155,1,10,0.9738279342496513,0.054424469851743734,Molecular ECFP4 branch,0.999925446820343,-0.026097512570691705
156,1,1,0.9999999998587243,,Molecular ECFP4 branch,0.999999997930203,1.9285213426201153e-09
157,1,2,0.9999999998518156,2.052776562702176e-10,Molecular ECFP4 branch,0.9999999999934339,-1.4161827266434557e-10
158,0,10,1.8376245931414236e-07,4.376421658509127e-07,Molecular ECFP4 branch,3.874161338561333e-10,1.8337504318028623e-07
159,0,10,6.901611701076481e-07,1.3396482515576904e-06,Molecular ECFP4 branch,8.800046105106727e-06,-8.109884934999079e-06
160,1,10,0.12201201175690468,0.24204888823710705,Molecular ECFP4 branch,0.00022557703150789669,0.12178643472539678
161,1,10,0.2222519543921591,0.3857842473483255,Molecular ECFP4 branch,0.980739477375827,-0.7584875229836678
162,0,10,3.7742005906485816e-09,4.291103993205946e-09,Molecular ECFP4 branch,1.2742831794279105e-09,2.4999174112206713e-09
163,1,10,0.9999947243432455,1.4932068530343667e-05,Molecular ECFP4 branch,0.9999999944467866,-5.270103541010762e-06
164,0,10,3.94037694041951e-06,7.884843256421131e-06,Molecular ECFP4 branch,6.150714504868863e-09,3.9342262259146415e-06
165,0,10,0.03768283927172028,0.1062899591799853,Molecular ECFP4 branch,8.040829440518464e-07,0.037682035188776226
166,0,10,1.0602378597696711e-07,2.1397010352176722e-07,Molecular ECFP4 branch,1.0931364810554908e-08,9.50924211664122e-08
167,0,10,0.5440760625185254,0.4809794945872662,Molecular ECFP4 branch,4.634009106030076e-05,0.5440297224274651
168,0,10,2.5105252366413158e-08,3.864413582504924e-08,Molecular ECFP4 branch,4.4313199048694636e-10,2.4662120375926213e-08
169,0,10,1.3264141987714661e-06,2.5194689077525326e-06,Molecular ECFP4 branch,5.957064161881087e-07,7.307077825833574e-07
170,0,10,1.8295218378574244e-09,2.3704316589086233e-09,Molecular ECFP4 branch,3.5757716418985817e-12,1.8259460662155258e-09
171,0,10,0.8539541089291072,0.2318731760027447,Molecular ECFP4 branch,0.012999767203446129,0.8409543417256611
172,1,5,0.9999998378104266,2.8248638241008204e-07,Molecular ECFP4 branch,0.9999998534933848,-1.5682958265372804e-08
173,1,10,0.694063799496196,0.38067192979352643,Molecular ECFP4 branch,0.9988806510047373,-0.3048168515085413
174,0,10,3.1512096049010374e-08,4.6045448831701396e-08,Molecular ECFP4 branch,1.7933778421277411e-09,2.971871820688263e-08
175,0,10,1.5216350518426063e-05,3.894405040276689e-05,Molecular ECFP4 branch,7.174661665129488e-08,1.5144603901774768e-05
176,0,10,1.6242770580968217e-08,3.1718803936411574e-08,Molecular ECFP4 branch,1.805597370688644e-07,-1.643169664878962e-07
177,0,10,9.938162825165239e-05,0.0001945929617541359,Molecular ECFP4 branch,5.668642432109292e-07,9.881476400844147e-05
178,0,10,1.5249214598020493e-08,2.9604485286856112e-08,Molecular ECFP4 branch,6.577821602312869e-11,1.5183436381997365e-08
179,0,10,0.3794951112834297,0.43223652775039056,Molecular ECFP4 branch,2.6243169299941697e-05,0.3794688681141298
180,1,10,0.05932384427932673,0.11519781445448499,Molecular ECFP4 branch,0.13601218073010465,-0.07668833645077792
181,0,10,0.33841479559220616,0.394522775932048,Molecular ECFP4 branch,0.00011757146428797078,0.3382972241279182
182,1,5,0.9999999957734772,5.066430084675447e-09,Molecular ECFP4 branch,0.9999999992396988,-3.4662216430447756e-09
183,1,2,0.99993414802654,9.301747516177852e-05,Molecular ECFP4 branch,0.9999999498902915,-6.580186375149122e-05
184,1,10,0.5952817409115514,0.40511803930004897,Molecular ECFP4 branch,0.9848987840902115,-0.3896170431786601
185,0,10,0.05067050416325819,0.07347264674511997,Molecular ECFP4 branch,0.0016708024775584128,0.048999701685699774
186,1,10,0.10084270067202779,0.3107535867271355,Molecular ECFP4 branch,0.999995106131658,-0.8991524054596302
187,1,10,9.296146716142341e-07,2.4698207804555695e-06,Molecular ECFP4 branch,1.4629193955967292e-09,9.281517522186374e-07
188,1,10,0.999998503718251,2.308143936291197e-06,Molecular ECFP4 branch,0.9999938503865939,4.653331657111792e-06
189,0,10,0.14248568604933626,0.30573920741605165,Molecular ECFP4 branch,0.0005993484186048196,0.14188633763073144
190,0,10,0.5353736556411568,0.3504426626284619,Molecular ECFP4 branch,0.000920142459152264,0.5344535131820045
191,0,10,0.0009038679716816801,0.0027504012959658577,Molecular ECFP4 branch,7.641187914077528e-06,0.0008962267837676027
192,1,2,0.9999999999984535,5.11536123039174e-13,Molecular ECFP4 branch,0.9999999999740781,2.4375390594855162e-11
193,0,10,4.333455808606025e-05,5.4565976790157165e-05,Molecular ECFP4 branch,0.00014561449890572215,-0.0001022799408196619
194,1,10,0.999999998254714,4.117455795948506e-09,Molecular ECFP4 branch,0.9999999992763251,-1.021611129026212e-09
195,0,10,0.5427373129308324,0.41183233416335274,Molecular ECFP4 branch,3.70912188833306e-05,0.5427002217119491
196,0,10,5.889858277727806e-10,5.856769271257268e-10,Molecular ECFP4 branch,7.934070319714907e-11,5.096451245756315e-10
197,0,10,4.860303750240817e-05,7.110525868611172e-05,Molecular ECFP4 branch,3.851409956672036e-08,4.856452340284145e-05
198,1,10,0.8278223884056943,0.23574009582455166,Molecular ECFP4 branch,0.9372757438189513,-0.10945335541325696
199,1,5,0.9999999992878695,1.5227718345651982e-09,Molecular ECFP4 branch,0.9999999999858054,-6.979358202485741e-10
200,1,10,0.9181740177993655,0.11669745320612201,Molecular ECFP4 branch,0.925605944104478,-0.0074319263051125795
201,0,10,0.0003853018599481793,0.00047418911525916926,Molecular ECFP4 branch,0.0020755726938834853,-0.001690270833935306
202,1,10,0.9960999574852503,0.009166491557395304,Molecular ECFP4 branch,0.9999999905790781,-0.003900033093827804
203,0,10,9.618489701660846e-08,2.756762546146735e-07,Molecular ECFP4 branch,2.147883784938191e-09,9.403701323167027e-08
204,1,3,0.9999999998718009,9.424343660493011e-11,Molecular ECFP4 branch,0.9999999998121218,5.967903948800313e-11
205,0,10,3.6703816083527505e-07,1.075529006196742e-06,Molecular ECFP4 branch,7.357720035945493e-08,2.934609604758201e-07
206,0,10,0.00016226967792166763,0.00035412150725749094,Molecular ECFP4 branch,6.364466803064557e-06,0.00015590521111860306
207,1,10,0.9337208434972768,0.20408556573951103,Molecular ECFP4 branch,0.9989493644440515,-0.06522852094677467
208,0,10,6.230919898145317e-07,1.3332930588755816e-06,Molecular ECFP4 branch,3.6468178585575603e-07,2.584102039587757e-07
209,1,10,0.9984172583747025,0.002081727626530944,Molecular ECFP4 branch,0.9984800645067475,-6.28061320450124e-05
210,1,5,0.9999999999853714,2.2341804321471904e-11,Molecular ECFP4 branch,0.9999999999344333,5.0938031570524345e-11
211,1,10,0.9999999969408103,2.7674360434100176e-09,Molecular ECFP4 branch,0.9999999929259455,4.014864773971283e-09
212,1,1,0.9999999997919957,,Molecular ECFP4 branch,0.9999999977465361,2.0454595794916486e-09
213,0,10,1.6959913066884376e-10,4.292139023624281e-10,Molecular ECFP4 branch,8.909810788035297e-10,-7.21381948134686e-10
214,0,10,0.01743589244165633,0.05188186650194966,Molecular ECFP4 branch,5.063267907522648e-06,0.01743082917374881
215,0,10,3.701171158790798e-08,3.7345048737739535e-08,Molecular ECFP4 branch,4.135490773249059e-09,3.287622081465892e-08
216,1,2,0.9999255803713365,0.0001052392188089973,Molecular ECFP4 branch,0.9999999955253025,-7.441515396600096e-05
217,0,10,0.04680647804051816,0.10185389286033722,Molecular ECFP4 branch,3.1818771074231656e-07,0.046806159852807415
218,0,10,5.278546592572281e-07,1.651712797121157e-06,Molecular ECFP4 branch,1.2850867480759476e-07,3.993459844496334e-07
219,1,10,0.9997711761414374,0.0007065026971263801,Molecular ECFP4 branch,0.9999997325447743,-0.00022855640333685479
220,0,10,0.244530752657038,0.3980010972380547,Molecular ECFP4 branch,3.5932734423919986e-07,0.24453039332969376
221,1,10,0.9999979675434769,2.4801353875603118e-06,Molecular ECFP4 branch,0.9999999974978211,-2.0299543441737455e-06
222,1,5,0.9999999998898804,1.1055574193314053e-10,Molecular ECFP4 branch,0.9999999999352853,-4.540490206039749e-11
223,1,10,0.9998306571521909,0.00030714087393722664,Molecular ECFP4 branch,0.9999985633587554,-0.00016790620656448318
224,1,10,0.0020741784305416525,0.0031116476471440085,Molecular ECFP4 branch,0.00017140236849225008,0.0019027760620494024
225,1,2,0.999999999998304,1.9780024794498198e-12,Molecular ECFP4 branch,0.999999999999494,-1.1899370377932428e-12
226,0,10,0.00014867660672778692,0.0004608163906486886,Molecular ECFP4 branch,2.4731245167382023e-05,0.00012394536156040489
227,1,10,0.9999999955378225,1.041723672684955e-08,Molecular ECFP4 branch,0.999999988929693,6.6081294880504515e-09
228,1,1,0.9999999999932121,,Molecular ECFP4 branch,0.9999999998786093,1.1460277171693178e-10
229,1,2,0.9999999999971174,1.9547651110613e-12,Molecular ECFP4 branch,0.9999999999674078,2.970956813896919e-11
230,1,10,0.9964294796869465,0.008004099837071043,Molecular ECFP4 branch,0.9990889731321323,-0.00265949344518579
231,0,10,0.09750300702798555,0.26129247117694565,Molecular ECFP4 branch,0.006642815810041936,0.09086019121794361
232,0,10,0.008221345585453056,0.025982648415136894,Molecular ECFP4 branch,2.297947898375508e-07,0.008221115790663218
233,1,10,0.9999974045505068,6.8475880289153644e-06,Molecular ECFP4 branch,0.9999999983103485,-2.5937598416847507e-06
234,0,10,0.05137057088248594,0.1180217421221882,Molecular ECFP4 branch,1.2122805111875612e-05,0.051358448077374066
235,0,10,0.36560328507828294,0.3509841836022759,Molecular ECFP4 branch,0.019864160432981684,0.34573912464530127
236,0,10,9.790228361493016e-10,2.470686333166911e-09,Molecular ECFP4 branch,2.8363196085228816e-11,9.506596400640727e-10
237,1,10,0.5444277509261649,0.44461197503418387,Molecular ECFP4 branch,0.7150787979265473,-0.17065104700038236
238,1,1,0.9999999999565354,,Molecular ECFP4 branch,0.9999999999565354,0.0
239,0,10,0.09757850319851269,0.13919992109814824,Molecular ECFP4 branch,0.00034024111020167637,0.09723826208831102
240,1,10,0.28302656003951215,0.3758769108568198,Molecular ECFP4 branch,0.986021449384765,-0.7029948893452529
241,0,10,0.00025658895518909284,0.0004554023550684308,Molecular ECFP4 branch,9.984464125270834e-06,0.000246604491063822
242,1,1,0.9999999999986404,,Molecular ECFP4 branch,0.9999999999908431,7.7973183465474e-12
243,1,10,0.9999999984022647,1.6969474689706026e-09,Molecular ECFP4 branch,0.999999999979404,-1.577139308039932e-09
244,0,10,0.9381076758395255,0.14642209639334222,Molecular ECFP4 branch,0.028431767373619375,0.9096759084659061
245,0,10,1.760183904942976e-05,3.6435882238652826e-05,Molecular ECFP4 branch,3.396934258510928e-05,-1.636750353567952e-05
246,0,10,1.466646056040884e-06,1.407142500971479e-06,Molecular ECFP4 branch,1.4409549666547357e-06,2.5691089386148338e-08
247,0,10,0.34742981872573897,0.3864887052012251,Molecular ECFP4 branch,0.3269577066537395,0.02047211207199945
248,0,10,0.10137368180556028,0.31478673433519394,Molecular ECFP4 branch,0.0019355657513645348,0.09943811605419574
249,1,10,0.9999962142553838,1.0961852620171794e-05,Molecular ECFP4 branch,0.9999999933702075,-3.779114823743157e-06
250,0,10,0.37180982845644844,0.43799925573120285,Molecular ECFP4 branch,0.7035446439909769,-0.3317348155345285
251,0,10,0.03992626541272366,0.0473336812489428,Molecular ECFP4 branch,0.04355087065509257,-0.0036246052423689057
252,1,10,0.9999981101105897,1.6977583784538761e-06,Molecular ECFP4 branch,0.9999999358649253,-1.8257543356048345e-06
253,1,10,0.9999270049458306,0.0002092901656672782,Molecular ECFP4 branch,0.9999999654319883,-7.296048615768047e-05
254,0,10,0.0035939570235884464,0.009745345422089546,Molecular ECFP4 branch,5.9241465221157576e-08,0.003593897782123225
255,0,10,4.878298794903121e-05,0.00011454621922135549,Molecular ECFP4 branch,0.00034336182100710516,-0.00029457883305807395
256,0,10,2.949329690687482e-10,6.682992738119963e-10,Molecular ECFP4 branch,4.695903565197673e-11,2.479739334167715e-10
257,0,10,0.4378177866226108,0.42035892694238186,Molecular ECFP4 branch,0.98924112645145,-0.5514233398288393
258,1,10,0.9280440088434979,0.06512506923594931,Molecular ECFP4 branch,0.8979611380611389,0.03008287078235905
259,0,10,0.3396979932372521,0.44329386929129716,Molecular ECFP4 branch,0.6439998890379536,-0.3043018958007015
260,0,10,1.1357618229375483e-07,1.805823802929815e-07,Molecular ECFP4 branch,2.66088353260544e-09,1.109152987611494e-07
261,0,10,6.630595261779564e-07,1.2388007152137946e-06,Molecular ECFP4 branch,3.146912423978946e-08,6.31590401938167e-07
262,1,10,0.9999993648812916,1.173548336688342e-06,Molecular ECFP4 branch,0.9999999947939775,-6.299126859010684e-07
263,0,10,1.8269844279703543e-07,3.279791243861086e-07,Molecular ECFP4 branch,1.033080506234162e-06,-8.503820634371266e-07
264,1,10,0.999999469097669,1.155906644933667e-06,Molecular ECFP4 branch,0.9999999995322308,-5.304345618295514e-07
265,0,10,0.7731146958537288,0.32241927408391996,Molecular ECFP4 branch,0.6201739674982115,0.1529407283555173
266,0,10,1.1282370996440583e-08,1.0618017117969764e-08,Molecular ECFP4 branch,9.189674231295146e-09,2.0926967651454365e-09
267,0,10,0.00502537082256647,0.015584108971955262,Molecular ECFP4 branch,7.801842399978046e-07,0.005024590638326472
268,1,10,0.007828936226699544,0.013364225859599352,Molecular ECFP4 branch,0.8139654542772603,-0.8061365180505607
269,1,10,0.9999998638897811,2.7063970469936226e-07,Molecular ECFP4 branch,0.999999999644589,-1.3575480783956095e-07
270,0,10,1.4594528970157406e-07,1.5118974071835978e-07,Molecular ECFP4 branch,1.4282103223105546e-07,3.124257470518598e-09
271,1,10,0.6596846668616341,0.43634448962494127,Molecular ECFP4 branch,0.47377484426372424,0.18590982259790984
272,0,10,0.024253822462223684,0.07618751315916204,Molecular ECFP4 branch,5.873088857396827e-07,0.024253235153337944
273,0,10,1.1296594656981034e-06,1.7461345394373186e-06,Molecular ECFP4 branch,1.7652807097904305e-07,9.531313947190603e-07
274,1,10,0.15097677513394986,0.21071713762934452,Molecular ECFP4 branch,0.9258133521698458,-0.774836577035896
275,0,10,0.15860493058388736,0.1988609449313648,Molecular ECFP4 branch,0.003614938030624522,0.15498999255326285
276,1,10,0.999999744018002,5.864374480691449e-07,Molecular ECFP4 branch,0.9999999999802089,-2.5596220698531624e-07
277,0,10,0.06936238435581973,0.2142147156707918,Molecular ECFP4 branch,0.007005585155958517,0.062356799199861215
278,1,10,0.9999437391870988,7.090518147627366e-05,Molecular ECFP4 branch,0.9999712922893482,-2.7553102249444628e-05
279,1,10,0.9697536458408276,0.06410481172961313,Molecular ECFP4 branch,0.9788711292968041,-0.009117483455976516
280,0,10,3.003009336124131e-08,6.189879723827309e-08,Molecular ECFP4 branch,5.705307372874757e-10,2.9459562623953837e-08
281,1,5,0.9999999999091326,1.8389367817563657e-10,Molecular ECFP4 branch,0.999999999982716,-7.358347264840859e-11
282,1,5,0.9999999957003555,8.556985485911088e-09,Molecular ECFP4 branch,0.999999946881481,4.881887449847966e-08
283,1,10,0.9926922133806677,0.014107624711486928,Molecular ECFP4 branch,0.9999990861636066,-0.007306872782938845
284,0,10,0.021456450778408014,0.06556692213284053,Molecular ECFP4 branch,0.012525798315684082,0.008930652462723931
285,1,10,0.42575783409739315,0.4475325002031455,Molecular ECFP4 branch,0.999794917380987,-0.5740370832835939
286,1,10,0.1200484607375576,0.12168098498315134,Molecular ECFP4 branch,0.08494583711542002,0.03510262362213758
287,1,5,0.9999999996814559,4.317525928573853e-10,Molecular ECFP4 branch,0.9999999999216358,-2.401798759876783e-10
288,0,10,1.1664579163432298e-07,1.3950544916680256e-07,Molecular ECFP4 branch,6.011075504461938e-10,1.1604468408387679e-07
289,1,10,0.9952632564703761,0.005520797726547671,Molecular ECFP4 branch,0.983673621687544,0.011589634782832037
290,1,10,0.9999899281300764,3.1531109265405636e-05,Molecular ECFP4 branch,0.9999999979478011,-1.0069817724778218e-05
291,1,10,0.9660998998122252,0.08956802764670342,Molecular ECFP4 branch,0.9994721870896831,-0.03337228727745789
292,0,10,0.7443174740911337,0.29293651729515563,Molecular ECFP4 branch,0.9374351069592872,-0.19311763286815353
293,1,10,0.9999999999957673,5.148365617626343e-12,Molecular ECFP4 branch,0.9999999999993237,-3.556377414781764e-12
294,0,10,0.03610574929757658,0.09320661441336303,Molecular ECFP4 branch,1.6569154425684043e-06,0.03610409238213401
295,0,10,1.0507930822240516e-10,2.8392124957896437e-10,Molecular ECFP4 branch,2.4301152195660307e-13,1.0483629670044856e-10
296,1,10,0.9999999999955037,5.295745230611803e-12,Molecular ECFP4 branch,0.9999999999946232,8.805178808302117e-13
297,0,10,4.2959447077175395e-10,1.2270527502850955e-09,Molecular ECFP4 branch,6.718977024275498e-11,3.6240470052899897e-10
298,0,10,0.35921279416572344,0.4559305120455236,Molecular ECFP4 branch,3.429057929109986e-08,0.35921275987514417
299,1,10,0.40026748838584325,0.3130354053419571,Molecular ECFP4 branch,0.7115993445356595,-0.3113318561498163
300,1,5,0.9999999999722634,2.4669873268228873e-11,Molecular ECFP4 branch,0.9999999999830844,-1.0821010754114013e-11
301,1,5,0.9999999999206327,5.501273180162026e-11,Molecular ECFP4 branch,0.999999999864827,5.580569339969088e-11
0,0,10,0.8717768643822646,0.2540077083313276,Contextual peptide-adapted ESM-2 branch,5.165356429283305e-06,0.8717716990258354
1,1,5,0.9999999999651962,7.761184207300475e-11,Contextual peptide-adapted ESM-2 branch,0.9999999999999989,-3.4802716264437095e-11
2,0,10,0.26906641857656555,0.3309842578387044,Contextual peptide-adapted ESM-2 branch,6.597513988918702e-07,0.26906575882516665
3,0,10,0.6469450341822606,0.4440414751330841,Contextual peptide-adapted ESM-2 branch,3.2453445815154736e-08,0.6469450017288148
4,0,10,0.0005198145673236982,0.0013214547588040703,Contextual peptide-adapted ESM-2 branch,2.5982041422060466e-05,0.0004938325259016377
5,1,10,0.9920485101841837,0.019893368974875283,Contextual peptide-adapted ESM-2 branch,0.8331145220804571,0.1589339881037266
6,0,10,0.6142486458845148,0.3766433119000663,Contextual peptide-adapted ESM-2 branch,0.9494377988627088,-0.33518915297819407
7,0,10,0.048176043321213585,0.08735242599396542,Contextual peptide-adapted ESM-2 branch,0.00017650540156616775,0.047999537919647416
8,0,10,0.1002687068819054,0.13444152919133495,Contextual peptide-adapted ESM-2 branch,0.002100559652959279,0.09816814722894611
9,1,10,0.9988412408284711,0.002504240832282844,Contextual peptide-adapted ESM-2 branch,0.9999839171211405,-0.0011426762926693979
10,0,10,0.44056101548493476,0.3950334755891863,Contextual peptide-adapted ESM-2 branch,0.8737399245036326,-0.4331789090186978
11,1,10,0.9999994997053532,9.737947102271873e-07,Contextual peptide-adapted ESM-2 branch,0.9999994511653637,4.8539989472295986e-08
12,1,10,0.9999874368827903,3.355944439054856e-05,Contextual peptide-adapted ESM-2 branch,0.999999993763494,-1.2556880703673556e-05
13,0,10,0.9417729029771197,0.11068395353010561,Contextual peptide-adapted ESM-2 branch,1.1790668543039719e-06,0.9417717239102654
14,1,2,0.9999999918270588,1.0857458779664215e-08,Contextual peptide-adapted ESM-2 branch,0.9999662428914728,3.3748935585942164e-05
15,0,10,0.7577222104132624,0.3307891761423281,Contextual peptide-adapted ESM-2 branch,2.454700520813151e-06,0.7577197557127415
16,1,1,0.9999999998272371,,Contextual peptide-adapted ESM-2 branch,0.9999982698716763,1.7299555608030204e-06
17,1,10,0.8488839687397102,0.29468032814731293,Contextual peptide-adapted ESM-2 branch,0.9986656210678637,-0.14978165232815355
18,0,10,0.6986427154937389,0.36356009676553913,Contextual peptide-adapted ESM-2 branch,0.7409563912301258,-0.04231367573638689
19,0,10,0.0008262539709631034,0.0016051895799805915,Contextual peptide-adapted ESM-2 branch,8.093736700254123e-11,0.0008262538900257364
20,0,10,0.8338031189843773,0.3066010376968774,Contextual peptide-adapted ESM-2 branch,5.812663152048047e-07,0.8338025377180621
21,1,2,0.9999999999945275,1.4363205812039174e-12,Contextual peptide-adapted ESM-2 branch,0.9999999999984561,-3.928635194938579e-12
22,1,10,0.919454690492944,0.21981718842709738,Contextual peptide-adapted ESM-2 branch,0.9833690314545387,-0.06391434096159465
23,1,10,0.739641324539902,0.3267152814277268,Contextual peptide-adapted ESM-2 branch,0.9999524988841475,-0.26031117434424556
24,0,10,0.0006509085250722311,0.0013509739774180585,Contextual peptide-adapted ESM-2 branch,1.370687116658219e-05,0.0006372016539056489
25,1,10,0.9495892411752221,0.1485689243579898,Contextual peptide-adapted ESM-2 branch,0.9999745431710793,-0.05038530199585711
26,1,10,0.6971599188383071,0.36736050226627925,Contextual peptide-adapted ESM-2 branch,0.9982402047813189,-0.30108028594301184
27,0,10,0.43226457417149583,0.4372427282635374,Contextual peptide-adapted ESM-2 branch,2.0378522708970595e-10,0.4322645739677106
28,0,10,0.1743909693429108,0.2748951307351957,Contextual peptide-adapted ESM-2 branch,0.9713246974534426,-0.7969337281105319
29,0,10,0.9488987037478683,0.1599951895804308,Contextual peptide-adapted ESM-2 branch,0.9839430592587564,-0.035044355510888026
30,0,10,0.03146250048661882,0.021446238477896926,Contextual peptide-adapted ESM-2 branch,0.0008482512449984731,0.030614249241620345
31,1,10,0.5942771640284157,0.3820606565227683,Contextual peptide-adapted ESM-2 branch,0.9380382325740474,-0.3437610685456317
32,1,2,0.9999999999998948,1.4884476508322187e-13,Contextual peptide-adapted ESM-2 branch,0.9999999999999989,-1.0413891970983968e-13
33,0,10,0.5103054056805794,0.3939385215572849,Contextual peptide-adapted ESM-2 branch,3.32328143216408e-06,0.5103020823991472
34,0,10,0.4114804146950698,0.3960822373415864,Contextual peptide-adapted ESM-2 branch,0.00020637304123305393,0.41127404165383674
35,0,10,0.5679786842588027,0.3605393747884204,Contextual peptide-adapted ESM-2 branch,0.0002087070918285758,0.5677699771669741
36,0,10,0.21841872418465166,0.30211856340168775,Contextual peptide-adapted ESM-2 branch,9.163333095745175e-06,0.2184095608515559
37,0,10,0.48725622667256774,0.37591613473619284,Contextual peptide-adapted ESM-2 branch,0.9888489274450498,-0.5015927007724821
38,0,10,0.16363972700881532,0.2581646954901813,Contextual peptide-adapted ESM-2 branch,9.839313691813578e-14,0.16363972700871693
39,0,10,2.704284254512707e-05,4.242170822285583e-05,Contextual peptide-adapted ESM-2 branch,5.846434130423537e-13,2.7042841960483656e-05
40,0,10,0.9138074225969424,0.2030533148689655,Contextual peptide-adapted ESM-2 branch,0.0012812776182707822,0.9125261449786716
41,1,10,0.9999917261960084,2.335271726782519e-05,Contextual peptide-adapted ESM-2 branch,0.9973554729536017,0.002636253242406683
42,0,10,0.6103537525189572,0.3942515377397406,Contextual peptide-adapted ESM-2 branch,1.498267828969701e-05,0.6103387698406675
43,0,10,0.04743858710891493,0.06648016002640487,Contextual peptide-adapted ESM-2 branch,0.0016728838481044417,0.04576570326081049
44,0,10,0.6740227223632455,0.311518723594579,Contextual peptide-adapted ESM-2 branch,0.16560836729177666,0.5084143550714688
45,0,10,0.7608086731249168,0.3169338337478087,Contextual peptide-adapted ESM-2 branch,0.004518374669159885,0.756290298455757
46,0,10,0.08468896574585258,0.19727287222685394,Contextual peptide-adapted ESM-2 branch,0.02311582389784425,0.06157314184800833
47,0,10,0.001708341607187143,0.0032010458977906908,Contextual peptide-adapted ESM-2 branch,7.40737052124273e-11,0.0017083415331134377
48,0,10,0.010034805567602395,0.014280111792795777,Contextual peptide-adapted ESM-2 branch,0.05657039996327854,-0.046535594395676144
49,0,10,0.000615768520598387,0.0008658597686211437,Contextual peptide-adapted ESM-2 branch,1.090737760264535e-10,0.000615768411524611
50,0,10,0.4530726171412372,0.4175873903266176,Contextual peptide-adapted ESM-2 branch,0.0430575449380969,0.4100150722031403
51,0,10,0.4703039051380119,0.38556904227221944,Contextual peptide-adapted ESM-2 branch,3.477061215039196e-05,0.4702691345258615
52,0,10,0.9765591478235203,0.04390120210846717,Contextual peptide-adapted ESM-2 branch,1.547771680016606e-06,0.9765576000518402
53,1,10,0.8663074620933833,0.29793021654176355,Contextual peptide-adapted ESM-2 branch,0.8973131632156319,-0.031005701122248652
54,1,10,0.8623658054285201,0.2801701703825213,Contextual peptide-adapted ESM-2 branch,0.9781230965660477,-0.11575729113752753
55,1,10,0.9546980729387815,0.0944103766075665,Contextual peptide-adapted ESM-2 branch,0.9998944878885483,-0.04519641494976678
56,0,10,0.41893134760113293,0.29636019273474756,Contextual peptide-adapted ESM-2 branch,0.19163927409780196,0.22729207350333097
57,0,10,0.14708178446687784,0.2401288827864341,Contextual peptide-adapted ESM-2 branch,0.0016067381832588577,0.145475046283619
58,1,10,0.8923008173838609,0.3058557992812817,Contextual peptide-adapted ESM-2 branch,0.9927150920327397,-0.10041427464887875
59,0,10,0.0006359142500968827,0.0017004225936813194,Contextual peptide-adapted ESM-2 branch,5.792015376440311e-06,0.0006301222347204424
60,1,10,0.9999981277406127,3.3667724806722827e-06,Contextual peptide-adapted ESM-2 branch,0.999868362530957,0.0001297652096556856
61,0,10,0.8049440722009258,0.14451254223595683,Contextual peptide-adapted ESM-2 branch,1.27019992756897e-09,0.8049440709307258
62,0,10,0.1649283510153507,0.1828479233438692,Contextual peptide-adapted ESM-2 branch,1.0845907829924643e-05,0.16491750510752076
63,1,10,0.8438439610794861,0.3161627024647563,Contextual peptide-adapted ESM-2 branch,0.9948262691388862,-0.15098230805940005
64,0,10,0.8156104020535644,0.2871851258375752,Contextual peptide-adapted ESM-2 branch,5.340114573376459e-12,0.8156104020482243
65,0,10,0.5862318597154632,0.4365614689552529,Contextual peptide-adapted ESM-2 branch,5.974800608367089e-10,0.5862318591179831
66,1,2,0.9999999999999987,0.0,Contextual peptide-adapted ESM-2 branch,0.9999999999943341,5.664579916242474e-12
67,1,10,0.9995380134048253,0.0012730192615475774,Contextual peptide-adapted ESM-2 branch,0.9999881976201602,-0.0004501842153349367
68,0,10,0.17610368760696163,0.16909220026464256,Contextual peptide-adapted ESM-2 branch,0.05743971587559403,0.1186639717313676
69,1,10,0.9999593519327215,0.00012129572235490832,Contextual peptide-adapted ESM-2 branch,0.9999843480637136,-2.4996130992160914e-05
70,0,10,0.8578983495514334,0.306903461252052,Contextual peptide-adapted ESM-2 branch,1.5444855986322461e-07,0.8578981951028736
71,1,10,0.5290336742904772,0.4118438808610125,Contextual peptide-adapted ESM-2 branch,0.6915744074610933,-0.16254073317061613
72,1,5,0.999999999997953,4.5771320079837694e-12,Contextual peptide-adapted ESM-2 branch,1.0,-2.0470292128038636e-12
73,1,2,0.9999999999998246,2.4807460847203644e-13,Contextual peptide-adapted ESM-2 branch,0.9999999999996412,1.8340884366807586e-13
74,1,2,0.9999996472229209,4.989020999322316e-07,Contextual peptide-adapted ESM-2 branch,0.9999999999732667,-3.527503458222725e-07
75,1,5,0.9999999999998602,2.6230785268002347e-13,Contextual peptide-adapted ESM-2 branch,0.9999999999999929,-1.326716514427062e-13
76,0,10,0.0012526048071570973,0.0031436926138895902,Contextual peptide-adapted ESM-2 branch,5.48588443859319e-08,0.0012525499483127113
77,1,10,0.9955375410554609,0.00944791595415996,Contextual peptide-adapted ESM-2 branch,0.9999999778047752,-0.004462436749314347
78,1,10,0.9999946009126062,5.485679170264372e-06,Contextual peptide-adapted ESM-2 branch,0.9999781357145513,1.6465198054871344e-05
79,1,10,0.9996779432071673,0.0008486927564605823,Contextual peptide-adapted ESM-2 branch,0.999558053303059,0.00011988990410827238
80,1,10,0.9999999582721653,7.881279655953105e-08,Contextual peptide-adapted ESM-2 branch,0.9999999907936442,-3.252147895427271e-08
81,1,10,0.9066464578786038,0.29479587364201354,Contextual peptide-adapted ESM-2 branch,0.9999796057860602,-0.09333314790745639
82,1,5,0.9999999997982391,4.1289581147766546e-10,Contextual peptide-adapted ESM-2 branch,0.9999999999999376,-2.0169854675344823e-10
83,0,10,0.9389317166334237,0.14799701522395897,Contextual peptide-adapted ESM-2 branch,0.7768840766143857,0.16204764001903793
84,1,5,0.9999999999990024,1.3429032327599262e-12,Contextual peptide-adapted ESM-2 branch,0.9999999999999618,-9.594547378810603e-13
85,0,10,0.9309597395956446,0.1810140410147063,Contextual peptide-adapted ESM-2 branch,0.9998583683717805,-0.06889862877613595
86,0,10,0.566836799171967,0.3675573008714952,Contextual peptide-adapted ESM-2 branch,1.4397060879503503e-05,0.5668224021110876
87,1,10,0.9999754667525295,7.2924503419073e-05,Contextual peptide-adapted ESM-2 branch,0.9999966717443725,-2.1204991842993515e-05
88,0,10,0.01215894409054892,0.028169153712213665,Contextual peptide-adapted ESM-2 branch,1.5513405426366254e-10,0.012158943935414866
89,0,10,0.6120659171657619,0.4553942874652386,Contextual peptide-adapted ESM-2 branch,3.0181536660081374e-13,0.61206591716546
90,0,10,0.5431598181509155,0.41955751622211723,Contextual peptide-adapted ESM-2 branch,8.245649608644616e-08,0.5431597356944194
91,1,10,0.9997945074365443,0.0006328787163868363,Contextual peptide-adapted ESM-2 branch,0.9961497213878613,0.003644786048683013
92,1,10,0.9999166865661904,0.0002624524852263835,Contextual peptide-adapted ESM-2 branch,0.9999999952776937,-8.330871150330488e-05
93,1,10,0.9908412254951191,0.024732516463962594,Contextual peptide-adapted ESM-2 branch,0.9973344176701552,-0.006493192175036078
94,1,10,0.9999999857912834,3.022252692491132e-08,Contextual peptide-adapted ESM-2 branch,0.9999998912258065,9.456547689357109e-08
95,0,10,0.0002283879810861969,0.0005540632496587018,Contextual peptide-adapted ESM-2 branch,2.449183856452669e-13,0.0002283879808412785
96,1,10,0.742557630174881,0.3108895116658613,Contextual peptide-adapted ESM-2 branch,0.9999998121662868,-0.2574421819914058
97,0,10,0.006099786115207414,0.014119486513765378,Contextual peptide-adapted ESM-2 branch,3.370711840285326e-09,0.006099782744495574
98,1,10,0.9999999706719853,6.671014896240431e-08,Contextual peptide-adapted ESM-2 branch,0.9999998313385356,1.3933344966687855e-07
99,1,5,0.9999996119692067,8.645301898560165e-07,Contextual peptide-adapted ESM-2 branch,0.9999999999625335,-3.879933268002844e-07
100,1,10,0.7177551171314854,0.3328294945082517,Contextual peptide-adapted ESM-2 branch,0.9983401053918097,-0.2805849882603243
102,0,10,0.08323536013332306,0.2027972821505335,Contextual peptide-adapted ESM-2 branch,0.005446296528252015,0.07778906360507104
103,1,10,0.7003416968614604,0.3745423761233355,Contextual peptide-adapted ESM-2 branch,0.8276133304015199,-0.12727163354005944
104,1,10,0.9963591108351701,0.009993707585024134,Contextual peptide-adapted ESM-2 branch,0.9999999998340843,-0.003640888998914127
105,1,2,0.9999999999999687,4.145044090925166e-14,Contextual peptide-adapted ESM-2 branch,0.999999999999996,-2.731148640577885e-14
106,0,10,0.05871129136956871,0.14261477052186602,Contextual peptide-adapted ESM-2 branch,0.01952546290723772,0.039185828462330985
107,1,10,0.7891282663471528,0.3339943112400342,Contextual peptide-adapted ESM-2 branch,0.9968349855649703,-0.20770671921781747
108,0,10,0.8156947402793836,0.31449872977019017,Contextual peptide-adapted ESM-2 branch,2.790777240549217e-10,0.8156947400003058
109,1,5,0.9999999999812907,4.0933755444079664e-11,Contextual peptide-adapted ESM-2 branch,0.9999999998827978,9.849299154041091e-11
110,1,10,0.7222289033976612,0.3501077427485999,Contextual peptide-adapted ESM-2 branch,0.00176109224149035,0.7204678111561709
111,0,10,0.7427249809278788,0.4024079112445604,Contextual peptide-adapted ESM-2 branch,0.9895065799794496,-0.24678159905157082
112,1,2,0.9999999999983246,2.354981678779794e-12,Contextual peptide-adapted ESM-2 branch,1.0,-1.6754375664618237e-12
113,0,10,0.6353015142654315,0.41748791181003697,Contextual peptide-adapted ESM-2 branch,2.1838472129662366e-10,0.6353015140470467
114,0,10,0.886487597601111,0.22070181592316473,Contextual peptide-adapted ESM-2 branch,0.01251413967382679,0.8739734579272842
115,0,10,0.18679249336871454,0.1828197211606309,Contextual peptide-adapted ESM-2 branch,4.717561338702738e-14,0.18679249336866735
116,1,5,0.999999985537657,3.2287289064501955e-08,Contextual peptide-adapted ESM-2 branch,1.0,-1.4462342989851606e-08
117,0,10,0.6050900017886334,0.3941691373584205,Contextual peptide-adapted ESM-2 branch,3.436743329663259e-08,0.6050899674212
118,1,10,0.9646206879801419,0.0759723474296766,Contextual peptide-adapted ESM-2 branch,0.9916638897847769,-0.027043201804635042
119,1,2,0.9999999977265217,3.067366227263239e-09,Contextual peptide-adapted ESM-2 branch,0.9999999999991029,-2.2725812343082907e-09
120,1,5,0.9999999980586459,3.398446663635334e-09,Contextual peptide-adapted ESM-2 branch,0.9999999989096797,-8.510337989875438e-10
121,0,10,0.20306645160615666,0.35544919819262927,Contextual peptide-adapted ESM-2 branch,2.7839617916487094e-10,0.2030664513277605
122,1,10,0.9998895907847759,0.00017252720054397792,Contextual peptide-adapted ESM-2 branch,0.9989755735314788,0.0009140172532970947
123,0,10,0.38885763163119924,0.43258499428387964,Contextual peptide-adapted ESM-2 branch,0.026264972954738654,0.36259265867646057
124,0,10,0.14753323346073843,0.2688783597488714,Contextual peptide-adapted ESM-2 branch,4.69612254239357e-10,0.14753323299112617
125,1,10,0.8053194612280097,0.2864140508470165,Contextual peptide-adapted ESM-2 branch,0.9990629122647168,-0.1937434510367071
126,1,10,0.9998918800636816,0.00029338297377923093,Contextual peptide-adapted ESM-2 branch,0.9999999868640577,-0.00010810680037609544
127,0,10,0.08019168683389524,0.2198727238317711,Contextual peptide-adapted ESM-2 branch,1.7665080828287885e-12,0.08019168683212874
128,0,10,0.0006851757670708982,0.0008253312875773494,Contextual peptide-adapted ESM-2 branch,1.2860844940907137e-12,0.0006851757657848137
129,0,10,0.002632061308648631,0.0059161943946118584,Contextual peptide-adapted ESM-2 branch,1.3240846861446558e-13,0.0026320613085162228
130,1,10,0.5194205070800625,0.3746961853342948,Contextual peptide-adapted ESM-2 branch,0.9832049755829846,-0.4637844685029221
131,1,5,0.9999999998944654,8.58451374712336e-11,Contextual peptide-adapted ESM-2 branch,0.999999997886198,2.0082674412336132e-09
132,1,10,0.8460932181615288,0.28519336698590286,Contextual peptide-adapted ESM-2 branch,0.9995915875628446,-0.15349836940131578
133,1,10,0.2944375145199648,0.27705060376601764,Contextual peptide-adapted ESM-2 branch,0.3794709047689731,-0.0850333902490083
134,1,10,0.9991175146226009,0.0013880572909673438,Contextual peptide-adapted ESM-2 branch,0.9994093976642913,-0.00029188304169036616
135,1,5,0.9999998698661813,2.5274803563162236e-07,Contextual peptide-adapted ESM-2 branch,0.9999999993143343,-1.2944815297455392e-07
136,0,10,0.03264553802000273,0.06999210750836107,Contextual peptide-adapted ESM-2 branch,9.430975677592165e-05,0.03255122826322681
137,1,10,0.8307789700872059,0.3282885003133557,Contextual peptide-adapted ESM-2 branch,0.9959754341331424,-0.16519646404593646
138,1,10,0.9960689106737055,0.0055683466407549535,Contextual peptide-adapted ESM-2 branch,0.9999988121181487,-0.003929901444443162
139,1,5,0.9999527656257173,9.327907792673142e-05,Contextual peptide-adapted ESM-2 branch,0.999961730517213,-8.96489149571078e-06
140,1,10,0.881574899041814,0.27492935883216074,Contextual peptide-adapted ESM-2 branch,0.9990603092137142,-0.11748541017190028
141,1,10,0.9992923722617088,0.0017441772869387707,Contextual peptide-adapted ESM-2 branch,0.9999871048461108,-0.0006947325844020025
142,1,10,0.6916681859972516,0.41449185241574066,Contextual peptide-adapted ESM-2 branch,0.9993790724743484,-0.3077108864770969
143,1,10,0.9555197697118223,0.08640174192611914,Contextual peptide-adapted ESM-2 branch,0.9999999983077135,-0.04448022859589118
144,1,10,0.6968028354609734,0.40745525918266107,Contextual peptide-adapted ESM-2 branch,0.0006823933008393507,0.6961204421601341
145,0,10,0.8057078017063516,0.30827856814571375,Contextual peptide-adapted ESM-2 branch,0.0038241633655171684,0.8018836383408344
146,0,10,0.23424595093350403,0.353960396402509,Contextual peptide-adapted ESM-2 branch,1.1242835248217932e-12,0.23424595093237974
147,0,10,0.8653279451903442,0.3100225665723921,Contextual peptide-adapted ESM-2 branch,2.040502024137924e-05,0.8653075401701028
148,1,10,0.9074302586360379,0.29264650314598717,Contextual peptide-adapted ESM-2 branch,0.9999962172669515,-0.09256595863091366
149,1,10,0.9938705610134843,0.017830444372874146,Contextual peptide-adapted ESM-2 branch,0.9999945829758696,-0.006124021962385373
150,0,10,0.6434357749369212,0.3639134826670052,Contextual peptide-adapted ESM-2 branch,0.422472062038529,0.22096371289839217
151,1,10,0.9999347971305059,8.505914444935345e-05,Contextual peptide-adapted ESM-2 branch,0.9999999816355419,-6.518450503600892e-05
152,0,10,0.054645020366642406,0.13990409266148068,Contextual peptide-adapted ESM-2 branch,0.01155737596928155,0.043087644397360854
153,0,10,0.033813057403348876,0.05360376972108153,Contextual peptide-adapted ESM-2 branch,1.1448661600791794e-11,0.033813057391900214
154,1,10,0.8627443957042795,0.23060428968206417,Contextual peptide-adapted ESM-2 branch,0.9930861813838978,-0.1303417856796183
155,1,10,0.9202293682920075,0.24997677060985388,Contextual peptide-adapted ESM-2 branch,0.999984783951906,-0.07975541565989852
156,1,1,0.9999999465472817,,Contextual peptide-adapted ESM-2 branch,0.9999999997819327,-5.323465090967261e-08
157,1,2,0.9999999947934668,5.308407827156499e-09,Contextual peptide-adapted ESM-2 branch,0.9999999999999944,-5.2065276534563054e-09
158,0,10,0.026032546730932936,0.04419554305844311,Contextual peptide-adapted ESM-2 branch,7.471336028329947e-08,0.026032472017572653
159,0,10,0.03313261136204765,0.07253324958127469,Contextual peptide-adapted ESM-2 branch,2.1598006996909245e-09,0.03313260920224695
160,1,10,0.9032582047068057,0.24400713812106264,Contextual peptide-adapted ESM-2 branch,0.8035400157389481,0.09971818896785767
161,1,10,0.5797543795171566,0.42803305040762146,Contextual peptide-adapted ESM-2 branch,0.9752442058536701,-0.39548982633651353
162,0,10,0.0036026527954546366,0.009167047748059563,Contextual peptide-adapted ESM-2 branch,3.261404771979638e-06,0.003599391390682657
163,1,10,0.9999777779923955,4.852353605189325e-05,Contextual peptide-adapted ESM-2 branch,0.9999999999378426,-2.2221945447098435e-05
164,0,10,0.14909458820795363,0.31424403951322066,Contextual peptide-adapted ESM-2 branch,3.106960842949196e-08,0.14909455713834519
165,0,10,0.559034429165299,0.4787883874803577,Contextual peptide-adapted ESM-2 branch,2.344664165181028e-09,0.5590344268206349
166,0,10,0.0028731462095167794,0.005164544852906327,Contextual peptide-adapted ESM-2 branch,2.7479260261658114e-09,0.0028731434615907533
167,0,10,0.740353432383624,0.39823390346694526,Contextual peptide-adapted ESM-2 branch,1.7356112865412026e-10,0.7403534322100629
168,0,10,0.1583864796285166,0.17206736288628807,Contextual peptide-adapted ESM-2 branch,7.588684210536092e-05,0.15831059278641124
169,0,10,0.34599707847603123,0.32310543932178065,Contextual peptide-adapted ESM-2 branch,3.608774791202897e-06,0.34599346970124
170,0,10,0.0037947799539380252,0.005856207668838443,Contextual peptide-adapted ESM-2 branch,5.4062680932474095e-09,0.003794774547669932
171,0,10,0.8373724335762063,0.29680924807903697,Contextual peptide-adapted ESM-2 branch,0.0005040961138745586,0.8368683374623317
172,1,5,0.9999998920736276,2.3523595767473856e-07,Contextual peptide-adapted ESM-2 branch,0.999999998309032,-1.0623540436238699e-07
173,1,10,0.9955957332329973,0.009351872553636906,Contextual peptide-adapted ESM-2 branch,0.9999122791768789,-0.0043165459438815335
174,0,10,0.23657371845308578,0.3300109665420983,Contextual peptide-adapted ESM-2 branch,0.055281102263356176,0.1812926161897296
175,0,10,0.14276414963824013,0.22788390105075748,Contextual peptide-adapted ESM-2 branch,3.456687952020322e-09,0.14276414618155217
176,0,10,0.000706721334950027,0.0009636013179577645,Contextual peptide-adapted ESM-2 branch,0.00019074359446617586,0.0005159777404838511
177,0,10,0.017036405251019272,0.02217680118070535,Contextual peptide-adapted ESM-2 branch,1.2074242337815213e-09,0.01703640404359504
178,0,10,0.01267275431331481,0.038190117844466985,Contextual peptide-adapted ESM-2 branch,4.474126371285549e-09,0.012672749839188438
179,0,10,0.9973624060102727,0.007915072982288805,Contextual peptide-adapted ESM-2 branch,1.0054798164474969e-05,0.9973523512121082
180,1,10,0.2948046468615756,0.35657602429170465,Contextual peptide-adapted ESM-2 branch,0.9592087863923092,-0.6644041395307336
181,0,10,0.993946485628187,0.008683532054871967,Contextual peptide-adapted ESM-2 branch,9.424243895722145e-07,0.9939455432037975
182,1,5,0.9999999990177801,2.0643220752288763e-09,Contextual peptide-adapted ESM-2 branch,0.9999999995244053,-5.066251862473337e-10
183,1,2,0.9999999730111762,3.4745238911249315e-08,Contextual peptide-adapted ESM-2 branch,0.9999999999797873,-2.696861112205795e-08
184,1,10,0.713328311002557,0.3393276866024388,Contextual peptide-adapted ESM-2 branch,0.8425167606338709,-0.12918844963131393
185,0,10,0.8480679331017701,0.3060605647079659,Contextual peptide-adapted ESM-2 branch,7.156404106678617e-06,0.8480607766976634
186,1,10,0.3366302986040112,0.37454885571037394,Contextual peptide-adapted ESM-2 branch,0.898976713785111,-0.5623464151810997
187,1,10,0.10906238239705848,0.18672667338406654,Contextual peptide-adapted ESM-2 branch,1.085262291734205e-05,0.10905152977414113
188,1,10,0.9994810810079834,0.001554108751517063,Contextual peptide-adapted ESM-2 branch,0.9999997566275468,-0.0005186756195634246
189,0,10,0.9153145889519635,0.1289592556550479,Contextual peptide-adapted ESM-2 branch,4.652862804527635e-09,0.9153145842991007
190,0,10,0.39175368833828517,0.38636528564360584,Contextual peptide-adapted ESM-2 branch,3.155053943740294e-07,0.3917533728328908
191,0,10,0.22234306431109427,0.32984346586460533,Contextual peptide-adapted ESM-2 branch,5.475388739417435e-06,0.22233758892235486
192,1,2,0.9999999999068654,1.3170469374875457e-10,Contextual peptide-adapted ESM-2 branch,0.9999999999999991,-9.313372295594036e-11
193,0,10,0.13260283648375984,0.2503733586410368,Contextual peptide-adapted ESM-2 branch,0.31435007581519975,-0.1817472393314399
194,1,10,0.9999643307270516,0.00010101597877171772,Contextual peptide-adapted ESM-2 branch,0.999999997826396,-3.566709934443857e-05
195,0,10,0.873539583616272,0.27355017862860836,Contextual peptide-adapted ESM-2 branch,1.9985760791816198e-07,0.8735393837586641
196,0,10,0.006433914221879794,0.01924095286515256,Contextual peptide-adapted ESM-2 branch,1.1741721410693147e-10,0.00643391410446258
197,0,10,0.03702133980492808,0.08092877628460507,Contextual peptide-adapted ESM-2 branch,0.004891579433178333,0.03212976037174975
198,1,10,0.5994324192522541,0.44103283134271654,Contextual peptide-adapted ESM-2 branch,0.9931910121773241,-0.39375859292507
199,1,5,0.9999999993064324,1.0519365033614816e-09,Contextual peptide-adapted ESM-2 branch,0.9999999999981743,-6.917419970164929e-10
200,1,10,0.9223369689247101,0.12095610918212481,Contextual peptide-adapted ESM-2 branch,0.9978775005396469,-0.07554053161493679
201,0,10,0.36018832937756096,0.44673515879852715,Contextual peptide-adapted ESM-2 branch,2.835789201270524e-05,0.36015997148554824
202,1,10,0.9875573396910056,0.03684585905600713,Contextual peptide-adapted ESM-2 branch,0.9999987772175305,-0.012441437526524934
203,0,10,0.0022207372123993507,0.004148677028440388,Contextual peptide-adapted ESM-2 branch,2.941386321181014e-12,0.0022207372094579644
204,1,3,0.9999999973563906,4.564198755785412e-09,Contextual peptide-adapted ESM-2 branch,0.9999999999924889,-2.6360983396145343e-09
205,0,10,0.005936007265452983,0.013658658207850114,Contextual peptide-adapted ESM-2 branch,9.754747030607637e-10,0.00593600628997828
206,0,10,0.25431192690067556,0.3352886294671359,Contextual peptide-adapted ESM-2 branch,7.054942207717848e-13,0.25431192689997006
207,1,10,0.9438744168503522,0.1773600651380847,Contextual peptide-adapted ESM-2 branch,0.9999999209559265,-0.056125504105574264
208,0,10,0.054752005629047286,0.12625923550952575,Contextual peptide-adapted ESM-2 branch,0.23038619519015052,-0.17563418956110324
209,1,10,0.9765415533341703,0.06571162426317526,Contextual peptide-adapted ESM-2 branch,0.9999556398948343,-0.023414086560664016
210,1,5,0.9999999683475828,5.4629914527234036e-08,Contextual peptide-adapted ESM-2 branch,0.9999999999081788,-3.156059602549277e-08
211,1,10,0.9999308951764136,0.00020328969251920124,Contextual peptide-adapted ESM-2 branch,0.9983142097759187,0.0016166854004949771
212,1,1,0.999993591742345,,Contextual peptide-adapted ESM-2 branch,0.9997241631063051,0.0002694286360399589
213,0,10,0.00793866341065666,0.019470552499275227,Contextual peptide-adapted ESM-2 branch,1.3688700752502901e-05,0.007924974709904158
214,0,10,0.734357060496418,0.32992923053910117,Contextual peptide-adapted ESM-2 branch,0.27636315695033564,0.4579939035460824
215,0,10,0.040144165395948055,0.1252245613890625,Contextual peptide-adapted ESM-2 branch,6.372787625548168e-10,0.04014416475866929
216,1,2,0.9999799715164572,2.8323963792824764e-05,Contextual peptide-adapted ESM-2 branch,0.9999999999936122,-2.0028477154987456e-05
217,0,10,0.9404895795032502,0.1241198596147537,Contextual peptide-adapted ESM-2 branch,1.6590149941838522e-08,0.9404895629131003
218,0,10,0.010047063290347923,0.01477182126040135,Contextual peptide-adapted ESM-2 branch,5.486106808806444e-07,0.010046514679667043
219,1,10,0.9911124918939146,0.026277268026734718,Contextual peptide-adapted ESM-2 branch,0.9999989375555193,-0.00888644566160468
220,0,10,0.7724496416319803,0.3259744723290289,Contextual peptide-adapted ESM-2 branch,8.637753140562447e-09,0.7724496329942271
221,1,10,0.9471688417388057,0.13766086061709865,Contextual peptide-adapted ESM-2 branch,0.9999998586708994,-0.05283101693209369
222,1,5,0.9999999987437924,1.7233941220960407e-09,Contextual peptide-adapted ESM-2 branch,0.99999999878296,-3.91675580857509e-11
223,1,10,0.9909890624082751,0.01890245630252772,Contextual peptide-adapted ESM-2 branch,0.9999548695968875,-0.008965807188612396
224,1,10,0.34697567619937975,0.38657327524255947,Contextual peptide-adapted ESM-2 branch,0.0071928925874591345,0.3397827836119206
225,1,2,0.9999999999883861,1.6413903572326052e-11,Contextual peptide-adapted ESM-2 branch,0.9999999999522555,3.613054300188878e-11
226,0,10,0.568092240970927,0.44977431376101956,Contextual peptide-adapted ESM-2 branch,9.867314581403069e-05,0.567993567825113
227,1,10,0.9999999885718441,2.6840080247321024e-08,Contextual peptide-adapted ESM-2 branch,0.999982268989976,1.771958186813638e-05
228,1,1,0.9999995524118959,,Contextual peptide-adapted ESM-2 branch,0.999998969986545,5.824253508368571e-07
229,1,2,0.9999813393828645,2.636768209220718e-05,Contextual peptide-adapted ESM-2 branch,0.999999999539162,-1.8660156297478636e-05
230,1,10,0.9999985204336633,3.0120310313468555e-06,Contextual peptide-adapted ESM-2 branch,0.9999999063805823,-1.385946919008063e-06
231,0,10,0.5919042826143887,0.38329124489718414,Contextual peptide-adapted ESM-2 branch,0.018188400660123623,0.573715881954265
232,0,10,0.10944527174202479,0.2538046955928558,Contextual peptide-adapted ESM-2 branch,2.6549414212328964e-07,0.10944500624788266
233,1,10,0.9999793848795436,3.671036503435819e-05,Contextual peptide-adapted ESM-2 branch,0.999999774260962,-2.0389381418350894e-05
234,0,10,0.5742463910663026,0.4198536311969822,Contextual peptide-adapted ESM-2 branch,5.4050505788398834e-05,0.5741923405605142
235,0,10,0.5153498274297359,0.3719905406267488,Contextual peptide-adapted ESM-2 branch,2.564343819069126e-11,0.5153498274040924
236,0,10,8.635829897078513e-05,0.00020245422723278684,Contextual peptide-adapted ESM-2 branch,1.9170030575963682e-14,8.635829895161509e-05
237,1,10,0.7880648579487421,0.2755969641676086,Contextual peptide-adapted ESM-2 branch,0.32358869244703037,0.4644761655017118
238,1,1,0.9999972180477551,,Contextual peptide-adapted ESM-2 branch,0.9996920407603104,0.0003051772874447245
239,0,10,0.23856711318502666,0.23903692153953296,Contextual peptide-adapted ESM-2 branch,0.057974836062428446,0.1805922771225982
240,1,10,0.8269235570615624,0.30820675961131655,Contextual peptide-adapted ESM-2 branch,0.9999664213475193,-0.17304286428595694
241,0,10,0.001404859736301632,0.002320123870720795,Contextual peptide-adapted ESM-2 branch,2.4442225250721904e-13,0.0014048597360572096
242,1,1,0.9999999927978018,,Contextual peptide-adapted ESM-2 branch,0.999999999225925,-6.428123144885944e-09
243,1,10,0.9999979219405774,3.1660974365849792e-06,Contextual peptide-adapted ESM-2 branch,0.9999893706500391,8.551290538227896e-06
244,0,10,0.842277906869916,0.29723425860967023,Contextual peptide-adapted ESM-2 branch,0.2817498816094558,0.5605280252604602
245,0,10,0.21051606757762217,0.29306608440199794,Contextual peptide-adapted ESM-2 branch,1.2325605737202568e-07,0.2105159443215648
246,0,10,0.1850954509303684,0.2667158234762868,Contextual peptide-adapted ESM-2 branch,5.2464662445918966e-05,0.18504298626792248
247,0,10,0.6281662230765571,0.4099866039474935,Contextual peptide-adapted ESM-2 branch,0.03856124769125453,0.5896049753853025
248,0,10,0.8490128974897292,0.27113392073481385,Contextual peptide-adapted ESM-2 branch,4.347651083269637e-08,0.8490128540132184
249,1,10,0.9190982623740146,0.11175871059778036,Contextual peptide-adapted ESM-2 branch,0.800702108390475,0.11839615398353964
250,0,10,0.8364512229189993,0.2853041150726924,Contextual peptide-adapted ESM-2 branch,0.9888173244901666,-0.15236610157116726
251,0,10,0.23522032570717832,0.34336833041580245,Contextual peptide-adapted ESM-2 branch,0.29245632196819155,-0.05723599626101322
252,1,10,0.9402523396076464,0.18878959760404976,Contextual peptide-adapted ESM-2 branch,0.9999997955777169,-0.05974745597007047
253,1,10,0.9995574069867488,0.001277378232643804,Contextual peptide-adapted ESM-2 branch,0.9999999911289322,-0.0004425841421834553
254,0,10,0.024535223545807446,0.03174819877930039,Contextual peptide-adapted ESM-2 branch,2.2423968475358837e-11,0.024535223523383477
255,0,10,0.018449642427699687,0.024345680796702893,Contextual peptide-adapted ESM-2 branch,0.0005500024000786636,0.017899640027621025
256,0,10,0.13600142207253466,0.15768005954378955,Contextual peptide-adapted ESM-2 branch,1.3392073479633507e-07,0.13600128815179985
257,0,10,0.499785975380808,0.43808415829231656,Contextual peptide-adapted ESM-2 branch,1.8133565853962084e-11,0.49978597536267444
258,1,10,0.23150179788657593,0.3067798253734139,Contextual peptide-adapted ESM-2 branch,0.5480330987697599,-0.316531300883184
259,0,10,0.7198585773405183,0.3577608844011536,Contextual peptide-adapted ESM-2 branch,0.949956322611634,-0.2300977452711157
260,0,10,0.0066178354150887575,0.015051008968639309,Contextual peptide-adapted ESM-2 branch,4.1878555553738687e-13,0.006617835414669972
261,0,10,0.05051175686517475,0.07942094059019604,Contextual peptide-adapted ESM-2 branch,5.878654979197482e-10,0.05051175627730925
262,1,10,0.9961944985183049,0.01203283378579592,Contextual peptide-adapted ESM-2 branch,0.9999999970346523,-0.003805498516347372
263,0,10,0.031635252587258966,0.07994704570812194,Contextual peptide-adapted ESM-2 branch,0.06680337458253026,-0.03516812199527129
264,1,10,0.9999908152443998,2.3454527107623316e-05,Contextual peptide-adapted ESM-2 branch,0.9999105823644516,8.023287994818329e-05
265,0,10,0.9893603210068456,0.0219084522240249,Contextual peptide-adapted ESM-2 branch,0.999999689060424,-0.010639368053578457
266,0,10,0.051930126526049634,0.16159864989489206,Contextual peptide-adapted ESM-2 branch,9.792719419264675e-08,0.05193002859885544
267,0,10,0.7324306298779468,0.4035088920483241,Contextual peptide-adapted ESM-2 branch,8.354055659470498e-10,0.7324306290425413
268,1,10,0.6214970339282098,0.36243801136290327,Contextual peptide-adapted ESM-2 branch,0.9938869666408161,-0.37238993271260634
269,1,10,0.9995023528183926,0.0012593541934218884,Contextual peptide-adapted ESM-2 branch,0.9999995317771292,-0.0004971789587365771
270,0,10,0.16039860770679232,0.24411158354579515,Contextual peptide-adapted ESM-2 branch,1.812653227171898e-08,0.16039858958026004
271,1,10,0.9967822628900487,0.00920571863455542,Contextual peptide-adapted ESM-2 branch,0.9999999901996032,-0.0032177273095544967
272,0,10,0.2854786977972494,0.3755120950605381,Contextual peptide-adapted ESM-2 branch,1.825315493850794e-07,0.2854785152657
273,0,10,0.10396661174467774,0.169790973078916,Contextual peptide-adapted ESM-2 branch,1.0272176448202495e-13,0.10396661174457501
274,1,10,0.26009094805564587,0.33837202118822707,Contextual peptide-adapted ESM-2 branch,0.02388618971606841,0.23620475833957746
275,0,10,0.3619284598814901,0.4026099391624326,Contextual peptide-adapted ESM-2 branch,0.0010094876349425203,0.36091897224654756
276,1,10,0.9998566696985771,0.00016038547856890716,Contextual peptide-adapted ESM-2 branch,0.9999898583181682,-0.00013318861959110695
277,0,10,0.5494474956408524,0.4608701291704452,Contextual peptide-adapted ESM-2 branch,2.3477278173366136e-05,0.5494240183626791
278,1,10,0.906919449586262,0.2622598189795612,Contextual peptide-adapted ESM-2 branch,0.9999320034683562,-0.09301255388209417
279,1,10,0.9983361052705924,0.0046281876427355885,Contextual peptide-adapted ESM-2 branch,0.9768479053288085,0.02148819994178386
280,0,10,0.22828935713150803,0.2835856724225657,Contextual peptide-adapted ESM-2 branch,0.006754268767767465,0.22153508836374056
281,1,5,0.9999999999748604,3.2344115613318454e-11,Contextual peptide-adapted ESM-2 branch,0.9999999996007205,3.74139941250462e-10
282,1,5,0.9999998421340027,2.5303861665906644e-07,Contextual peptide-adapted ESM-2 branch,0.9999983498183902,1.492315612527939e-06
283,1,10,0.9999971860803919,6.47068857664004e-06,Contextual peptide-adapted ESM-2 branch,0.9999709779009682,2.6208179423670153e-05
284,0,10,0.4475361337334277,0.3885707056460554,Contextual peptide-adapted ESM-2 branch,4.812059163101708e-07,0.4475356525275114
285,1,10,0.585218994639732,0.4409571599076099,Contextual peptide-adapted ESM-2 branch,0.876878312481024,-0.29165931784129195
286,1,10,0.968790514753436,0.043741138678750735,Contextual peptide-adapted ESM-2 branch,0.9999585977753849,-0.031168083021948845
287,1,5,0.9999125405185213,0.0001463259601292263,Contextual peptide-adapted ESM-2 branch,0.999995114556142,-8.257403762068627e-05
288,0,10,0.027990910602414827,0.08548113531811533,Contextual peptide-adapted ESM-2 branch,2.598994039438355e-05,0.027964920662020443
289,1,10,0.9016792532931159,0.30474606512564295,Contextual peptide-adapted ESM-2 branch,0.9993586218284487,-0.09767936853533277
290,1,10,0.9999925517871084,1.4811615825699194e-05,Contextual peptide-adapted ESM-2 branch,0.9999999959048782,-7.444117769761505e-06
291,1,10,0.9837183621226631,0.03466712137452052,Contextual peptide-adapted ESM-2 branch,0.999999843452848,-0.01628148133018492
292,0,10,0.6164099574684022,0.3912185394494355,Contextual peptide-adapted ESM-2 branch,0.002801695341409496,0.6136082621269927
293,1,10,0.999999996113029,1.0498798132885191e-08,Contextual peptide-adapted ESM-2 branch,0.9999999999999996,-3.886970523225841e-09
294,0,10,0.9212276574739147,0.18799968050651383,Contextual peptide-adapted ESM-2 branch,3.70270325908167e-09,0.9212276537712114
295,0,10,0.0022622531885954185,0.0054601031627800585,Contextual peptide-adapted ESM-2 branch,2.319402380590529e-09,0.002262250869193038
296,1,10,0.9999999959353321,1.0440694984781841e-08,Contextual peptide-adapted ESM-2 branch,0.9999999999939089,-4.058576807963732e-09
297,0,10,0.00014090405116467982,0.0002988200348861656,Contextual peptide-adapted ESM-2 branch,9.525527526758705e-15,0.0001409040511551543
298,0,10,0.6739924362986002,0.3281259085587882,Contextual peptide-adapted ESM-2 branch,8.254295703108733e-07,0.6739916108690298
299,1,10,0.8330771306368957,0.1909844723561405,Contextual peptide-adapted ESM-2 branch,0.9999050395473875,-0.16682790891049182
300,1,5,0.9999999670941847,7.357961651789635e-08,Contextual peptide-adapted ESM-2 branch,0.9999999999999996,-3.290581485071442e-08
301,1,5,0.9999999999990875,1.641846643112531e-12,Contextual peptide-adapted ESM-2 branch,0.9999999999996743,-5.867528685143952e-13
0,0,10,0.6467059439304894,0.2327680974924813,Frozen-coefficient logistic fusion,0.011387045202664503,0.6353188987278249
1,1,5,0.9974617577937301,0.0,Frozen-coefficient logistic fusion,0.9974617577937301,0.0
2,0,10,0.1517063340022302,0.09827644007113175,Frozen-coefficient logistic fusion,0.004965406003955229,0.14674092799827496
3,0,10,0.369973772885312,0.2500986791412968,Frozen-coefficient logistic fusion,0.018006395972116493,0.3519673769131955
4,0,10,0.016819795760205113,0.014804705421111536,Frozen-coefficient logistic fusion,0.01254114139552428,0.004278654364680832
5,1,10,0.9742027689973988,0.021374073492309263,Frozen-coefficient logistic fusion,0.9222162641555014,0.051986504841897374
6,0,10,0.6582111810207132,0.21304918568988332,Frozen-coefficient logistic fusion,0.8446909905229495,-0.1864798095022363
7,0,10,0.07694957405223299,0.06186717973619104,Frozen-coefficient logistic fusion,0.021528281955427817,0.05542129209680517
8,0,10,0.1213045209071751,0.0999849541098366,Frozen-coefficient logistic fusion,0.06638644080210539,0.05491808010506971
9,1,10,0.9794653317856274,0.017872750977594103,Frozen-coefficient logistic fusion,0.981717063934145,-0.0022517321485175934
10,0,10,0.5815382067451376,0.21674758539580521,Frozen-coefficient logistic fusion,0.6827947784762116,-0.10125657173107405
11,1,10,0.9973232612402135,0.00029513078039291425,Frozen-coefficient logistic fusion,0.9974617577937301,-0.0001384965535166094
12,1,10,0.9963792667331463,0.0022955724578336157,Frozen-coefficient logistic fusion,0.9974617577937301,-0.00108249106058389
13,0,10,0.8779302918431032,0.13202513757136372,Frozen-coefficient logistic fusion,0.006616828882377439,0.8713134629607258
14,1,2,0.9974617577937301,0.0,Frozen-coefficient logistic fusion,0.99306698342202,0.004394774371710097
15,0,10,0.5600491633688305,0.2293236806333935,Frozen-coefficient logistic fusion,0.024998459519209586,0.535050703849621
16,1,1,0.9974617577937301,,Frozen-coefficient logistic fusion,0.9970309237589585,0.0004308340347716211
17,1,10,0.8341634289862743,0.19158779598222264,Frozen-coefficient logistic fusion,0.9153121586210246,-0.08114872963475028
18,0,10,0.544815684279182,0.16488705074109572,Frozen-coefficient logistic fusion,0.32907572737984453,0.2157399568993375
19,0,10,0.022001868508218465,0.015989386582814562,Frozen-coefficient logistic fusion,0.004965406003955229,0.017036462504263238
20,0,10,0.5133820715387282,0.2684032628493316,Frozen-coefficient logistic fusion,0.004965406003955229,0.5084166655347729
21,1,2,0.9974617577937301,0.0,Frozen-coefficient logistic fusion,0.9974617577937301,0.0
22,1,10,0.6644188507786634,0.23568476739979474,Frozen-coefficient logistic fusion,0.9341463989639872,-0.26972754818532385
23,1,10,0.3849701246214702,0.2207932620304212,Frozen-coefficient logistic fusion,0.954605602974321,-0.5696354783528508
24,0,10,0.018685589377495232,0.01597637814327484,Frozen-coefficient logistic fusion,0.010461661094757354,0.008223928282737878
25,1,10,0.9489458694949533,0.08086875183233797,Frozen-coefficient logistic fusion,0.9921514934937588,-0.043205623998805454
26,1,10,0.49491361698458347,0.20649145983701717,Frozen-coefficient logistic fusion,0.8731311014320162,-0.37821748444743275
27,0,10,0.32167463758132697,0.26461906520654627,Frozen-coefficient logistic fusion,0.004965406003955229,0.31670923157737174
28,0,10,0.12318485611568024,0.10160634290029268,Frozen-coefficient logistic fusion,0.45648246215341437,-0.3332976060377341
29,0,10,0.9595254321966402,0.0644589361492257,Frozen-coefficient logistic fusion,0.8819127595863133,0.0776126726103269
30,0,10,0.08827331386950348,0.035581759188125395,Frozen-coefficient logistic fusion,0.03932535634389019,0.04894795752561328
31,1,10,0.4683205091751505,0.24048111637567468,Frozen-coefficient logistic fusion,0.9266140411064265,-0.45829353193127603
32,1,2,0.9974617577937301,0.0,Frozen-coefficient logistic fusion,0.9974617577937301,0.0
33,0,10,0.5101012141274985,0.2533666011634861,Frozen-coefficient logistic fusion,0.0179036989201858,0.49219751520731275
34,0,10,0.2057592205439443,0.13588112137652616,Frozen-coefficient logistic fusion,0.02249341250259588,0.18326580804134843
35,0,10,0.3927714778587482,0.1538563615030334,Frozen-coefficient logistic fusion,0.034478520884355934,0.3582929569743923
36,0,10,0.15262282576656705,0.09571958152594885,Frozen-coefficient logistic fusion,0.009331309988127439,0.1432915157784396
37,0,10,0.3854358512195467,0.22250651431256738,Frozen-coefficient logistic fusion,0.7062256177380243,-0.32078976651847757
38,0,10,0.19304269415768235,0.1174038503850692,Frozen-coefficient logistic fusion,0.004965406003955229,0.18807728815372712
39,0,10,0.009789417253754823,0.005428362617783914,Frozen-coefficient logistic fusion,0.004965406003955229,0.004824011249799594
40,0,10,0.9410105765810952,0.057132712213095606,Frozen-coefficient logistic fusion,0.41558699637208874,0.5254235802090065
41,1,10,0.9966435588981944,0.0019774079377655315,Frozen-coefficient logistic fusion,0.9761793777223481,0.020464181175846363
42,0,10,0.5971696089191593,0.24765280470221096,Frozen-coefficient logistic fusion,0.016675367414101715,0.5804942415050576
43,0,10,0.07479397066651561,0.04696483063880329,Frozen-coefficient logistic fusion,0.040262365482831984,0.034531605183683624
44,0,10,0.3513734423138654,0.13883735606213704,Frozen-coefficient logistic fusion,0.15172475649363787,0.19964868582022754
45,0,10,0.6076462465806828,0.23215245554867944,Frozen-coefficient logistic fusion,0.06925590244631798,0.5383903441343648
46,0,10,0.12122450060309373,0.0948019458654414,Frozen-coefficient logistic fusion,0.16995677569271897,-0.04873227508962524
47,0,10,0.02803323443193485,0.01963230564823869,Frozen-coefficient logistic fusion,0.004965406003955229,0.023067828427979623
48,0,10,0.06265651187230828,0.042486758998152914,Frozen-coefficient logistic fusion,0.10477193287615508,-0.0421154210038468
49,0,10,0.02357417105662974,0.01346789812727138,Frozen-coefficient logistic fusion,0.004965406003955229,0.01860876505267451
50,0,10,0.4319704392028628,0.2409550508212532,Frozen-coefficient logistic fusion,0.2933282891140066,0.13864215008885622
51,0,10,0.30102915026520977,0.18324948992775575,Frozen-coefficient logistic fusion,0.023960996164978463,0.2770681541002313
52,0,10,0.7953415364790043,0.1545992528429433,Frozen-coefficient logistic fusion,0.014487283948022197,0.7808542525309821
53,1,10,0.7536602483732083,0.1369359384149782,Frozen-coefficient logistic fusion,0.8386426173970348,-0.0849823690238265
54,1,10,0.7804820984286341,0.1656979841610418,Frozen-coefficient logistic fusion,0.8604838796641952,-0.08000178123556101
55,1,10,0.9004870438500531,0.07848645040937328,Frozen-coefficient logistic fusion,0.9784794065776629,-0.07799236272760979
56,0,10,0.24175347725590157,0.11860818079918876,Frozen-coefficient logistic fusion,0.1479117523638541,0.09384172489204748
57,0,10,0.12635559928342585,0.0919745739177271,Frozen-coefficient logistic fusion,0.03981694972100227,0.08653864956242358
58,1,10,0.9320432856147371,0.11254739115908309,Frozen-coefficient logistic fusion,0.9574432842741554,-0.02539999865941822
59,0,10,0.019303407109490495,0.014410320359471407,Frozen-coefficient logistic fusion,0.008190470974397753,0.011112936135092741
60,1,10,0.9969716622337497,0.0008559817946798457,Frozen-coefficient logistic fusion,0.9800261532693152,0.016945508964434475
61,0,10,0.4625998007418934,0.09002765772610435,Frozen-coefficient logistic fusion,0.007767077934081111,0.4548327228078123
62,0,10,0.133346938022667,0.11049849871823457,Frozen-coefficient logistic fusion,0.009788990724690362,0.12355794729797664
63,1,10,0.8553035405957343,0.1325793313937018,Frozen-coefficient logistic fusion,0.9063571841999999,-0.051053643604265564
64,0,10,0.49043765876494516,0.2024472715101705,Frozen-coefficient logistic fusion,0.005620531742949602,0.4848171270219956
65,0,10,0.37820477390381485,0.24357418623968533,Frozen-coefficient logistic fusion,0.006242448758978078,0.3719623251448368
66,1,2,0.9974617577937301,0.0,Frozen-coefficient logistic fusion,0.9974617577937301,0.0
67,1,10,0.9804850966136147,0.017701537733913073,Frozen-coefficient logistic fusion,0.9922365347216642,-0.011751438108049461
68,0,10,0.12959218520310684,0.0532823848763422,Frozen-coefficient logistic fusion,0.10520773020521364,0.0243844549978932
69,1,10,0.9952398396448571,0.0055359053056120286,Frozen-coefficient logistic fusion,0.9944308353384957,0.0008090043063613273
70,0,10,0.7523071538622312,0.23409810282918686,Frozen-coefficient logistic fusion,0.005924635366393222,0.746382518495838
71,1,10,0.6392757018424587,0.21450538835629526,Frozen-coefficient logistic fusion,0.6153158735808049,0.02395982826165388
72,1,5,0.9974617577937301,0.0,Frozen-coefficient logistic fusion,0.9974617577937301,0.0
73,1,2,0.9974617577937301,0.0,Frozen-coefficient logistic fusion,0.9974617577937301,0.0
74,1,2,0.9974617577937301,0.0,Frozen-coefficient logistic fusion,0.9974617577937301,0.0
75,1,5,0.9974563959284966,1.1989495148550987e-05,Frozen-coefficient logistic fusion,0.9974617577937301,-5.361865233588503e-06
76,0,10,0.023493344712877087,0.01785606886782287,Frozen-coefficient logistic fusion,0.004965406003955229,0.01852793870892186
77,1,10,0.9855042209734648,0.015950009788867268,Frozen-coefficient logistic fusion,0.9974617577937301,-0.011957536820265346
78,1,10,0.9962113504570815,0.0011239264650250134,Frozen-coefficient logistic fusion,0.9938739793498877,0.0023373711071937864
79,1,10,0.9935489946094748,0.007555462851957432,Frozen-coefficient logistic fusion,0.9856109094681323,0.007938085141342421
80,1,10,0.9974617577937301,0.0,Frozen-coefficient logistic fusion,0.9974617577937301,0.0
81,1,10,0.9629100427831248,0.09479560367398593,Frozen-coefficient logistic fusion,0.9939943223960603,-0.031084279612935584
82,1,5,0.9974617577937301,0.0,Frozen-coefficient logistic fusion,0.9974617577937301,0.0
83,0,10,0.8096052511002713,0.15921752464813826,Frozen-coefficient logistic fusion,0.3550215876998405,0.45458366340043077
84,1,5,0.9974617577937301,0.0,Frozen-coefficient logistic fusion,0.9974617577937301,0.0
85,0,10,0.7391331239458651,0.15704605409323838,Frozen-coefficient logistic fusion,0.9388388687904439,-0.19970574484457881
86,0,10,0.3484570352417528,0.22463703438980584,Frozen-coefficient logistic fusion,0.014653663969439965,0.33380337127231285
87,1,10,0.9959196765516738,0.003581951360019203,Frozen-coefficient logistic fusion,0.9964203515456521,-0.0005006749939783228
88,0,10,0.04097544937973998,0.03622572320772687,Frozen-coefficient logistic fusion,0.004965406003955229,0.03601004337578475
89,0,10,0.466773245583497,0.2812503908724805,Frozen-coefficient logistic fusion,0.004965406003955229,0.46180783957954175
90,0,10,0.44555312387596063,0.2648382819136722,Frozen-coefficient logistic fusion,0.009087778450586772,0.43646534542537385
91,1,10,0.993860642950241,0.008606582114560267,Frozen-coefficient logistic fusion,0.9658688403943484,0.02799180255589262
92,1,10,0.995711447031986,0.005252449437225944,Frozen-coefficient logistic fusion,0.9974617577937301,-0.001750310761744145
93,1,10,0.9718419976476425,0.0329555970806139,Frozen-coefficient logistic fusion,0.976126295882011,-0.0042842982343686
94,1,10,0.9974617577937301,0.0,Frozen-coefficient logistic fusion,0.9974617577937301,0.0
95,0,10,0.013321165981627418,0.011818188188428782,Frozen-coefficient logistic fusion,0.004965406003955229,0.008355759977672189
96,1,10,0.732121420566827,0.2600303400398814,Frozen-coefficient logistic fusion,0.9956414551586851,-0.263520034591858
97,0,10,0.03986656624974946,0.025170988556547143,Frozen-coefficient logistic fusion,0.004965406003955229,0.03490116024579423
98,1,10,0.9974617577937301,0.0,Frozen-coefficient logistic fusion,0.9974617577937301,0.0
99,1,5,0.9973563247120731,0.0002357555376622478,Frozen-coefficient logistic fusion,0.9974617577937301,-0.0001054330816570026
100,1,10,0.6028073888853633,0.2466573141826639,Frozen-coefficient logistic fusion,0.7733347017710471,-0.1705273128856838
102,0,10,0.0950358811416105,0.103860826748745,Frozen-coefficient logistic fusion,0.07532921587751801,0.019706665264092496
103,1,10,0.516997410424287,0.24247787475231483,Frozen-coefficient logistic fusion,0.46206754497363095,0.05492986545065609
104,1,10,0.9891859346898159,0.015071273015482538,Frozen-coefficient logistic fusion,0.9974617577937301,-0.008275823103914282
105,1,2,0.9974617577937301,0.0,Frozen-coefficient logistic fusion,0.9974617577937301,0.0
106,0,10,0.07204527629199901,0.05256477186520586,Frozen-coefficient logistic fusion,0.07860861738021979,-0.006563341088220778
107,1,10,0.7058215739958775,0.23881367516798754,Frozen-coefficient logistic fusion,0.9570337037462215,-0.251212129750344
108,0,10,0.6736391201769003,0.29994225833582205,Frozen-coefficient logistic fusion,0.009099311472934213,0.6645398087039661
109,1,5,0.9974617577937301,0.0,Frozen-coefficient logistic fusion,0.9974617577937301,0.0
110,1,10,0.5591896317879639,0.2052114616049945,Frozen-coefficient logistic fusion,0.1533032867202583,0.4058863450677056
111,0,10,0.8122773018484473,0.1783586455202143,Frozen-coefficient logistic fusion,0.8919905970753598,-0.0797132952269125
112,1,2,0.9974617577937301,0.0,Frozen-coefficient logistic fusion,0.9974617577937301,0.0
113,0,10,0.32086295881433885,0.19728189853092576,Frozen-coefficient logistic fusion,0.004965406003955229,0.3158975528103836
114,0,10,0.636154205038547,0.19978024814502462,Frozen-coefficient logistic fusion,0.26320618234920334,0.3729480226893437
115,0,10,0.14571518117597157,0.07251064745867444,Frozen-coefficient logistic fusion,0.004965406003955229,0.14074977517201634
116,1,5,0.9974617577937301,0.0,Frozen-coefficient logistic fusion,0.9974617577937301,0.0
117,0,10,0.4498888828128133,0.26310235027846907,Frozen-coefficient logistic fusion,0.0072411669559932544,0.44264771585682006
118,1,10,0.879432775390567,0.108988853314338,Frozen-coefficient logistic fusion,0.794658847126154,0.08477392826441299
119,1,2,0.9974617577937301,0.0,Frozen-coefficient logistic fusion,0.9974617577937301,0.0
120,1,5,0.9972892470441348,0.000385745762944547,Frozen-coefficient logistic fusion,0.9974617577937301,-0.00017251074959534485
121,0,10,0.11504393684438212,0.12369153752374624,Frozen-coefficient logistic fusion,0.004965406003955229,0.11007853084042689
122,1,10,0.991096725020643,0.006618158237031552,Frozen-coefficient logistic fusion,0.9817564115012631,0.009340313519379917
123,0,10,0.28538987379595737,0.25528447310263863,Frozen-coefficient logistic fusion,0.08514648940123165,0.20024338439472572
124,0,10,0.09149239948484092,0.09514868840593912,Frozen-coefficient logistic fusion,0.004965406003955229,0.08652699348088569
125,1,10,0.8579850116560914,0.11800218399321785,Frozen-coefficient logistic fusion,0.9364652455966456,-0.07848023394055414
126,1,10,0.9930104934414551,0.006663873715713404,Frozen-coefficient logistic fusion,0.9974617577937301,-0.004451264352275053
127,0,10,0.05921491486922387,0.07613161783414797,Frozen-coefficient logistic fusion,0.004965406003955229,0.054249508865268636
128,0,10,0.02654586204216125,0.011265586498075061,Frozen-coefficient logistic fusion,0.004965406003955229,0.02158045603820602
129,0,10,0.029697495044859395,0.02193605560616902,Frozen-coefficient logistic fusion,0.004965406003955229,0.024732089040904168
130,1,10,0.46488273697267174,0.24579297585836385,Frozen-coefficient logistic fusion,0.8043408480655072,-0.33945811109283547
131,1,5,0.9974617577937301,0.0,Frozen-coefficient logistic fusion,0.9974617577937301,0.0
132,1,10,0.8787858452764912,0.1090527081719721,Frozen-coefficient logistic fusion,0.971251428995357,-0.09246558371886582
133,1,10,0.1708630854356808,0.079178197087795,Frozen-coefficient logistic fusion,0.19095329993498047,-0.02009021449929968
134,1,10,0.9832408355766542,0.011479640238673606,Frozen-coefficient logistic fusion,0.982664217062563,0.0005766185140911873
135,1,5,0.9974617577937301,0.0,Frozen-coefficient logistic fusion,0.9974617577937301,0.0
136,0,10,0.0879332827062997,0.05969567964532361,Frozen-coefficient logistic fusion,0.01805005839214527,0.06988322431415443
137,1,10,0.8139067054850235,0.14874757327403465,Frozen-coefficient logistic fusion,0.8739087536149427,-0.06000204812991916
138,1,10,0.9649081546273184,0.026951002791160434,Frozen-coefficient logistic fusion,0.9926339666335188,-0.02772581200620039
139,1,5,0.9948927241319243,0.004017396070695929,Frozen-coefficient logistic fusion,0.9928148088907222,0.002077915241202155
140,1,10,0.7525958394763086,0.22850708738425562,Frozen-coefficient logistic fusion,0.9821950527407196,-0.22959921326441102
141,1,10,0.9868171564227926,0.010442105268146382,Frozen-coefficient logistic fusion,0.9947302447878007,-0.007913088365008147
142,1,10,0.5419101620035253,0.3153508990913,Frozen-coefficient logistic fusion,0.8013215359501696,-0.2594113739466444
143,1,10,0.9230509727789581,0.09183647472387654,Frozen-coefficient logistic fusion,0.9973930417945497,-0.0743420690155916
144,1,10,0.6749002056580289,0.2883148770265938,Frozen-coefficient logistic fusion,0.061988302003002774,0.6129119036550261
145,0,10,0.7084272767962912,0.21561384134423547,Frozen-coefficient logistic fusion,0.0859678878266934,0.6224593889695978
146,0,10,0.1287135499642274,0.11106011061276728,Frozen-coefficient logistic fusion,0.004965406003955229,0.12374814396027217
147,0,10,0.6717090455475196,0.2778059804466196,Frozen-coefficient logistic fusion,0.011711369018326572,0.6599976765291931
148,1,10,0.9505470090947996,0.13662953167240807,Frozen-coefficient logistic fusion,0.9962870075474833,-0.04573999845268373
149,1,10,0.9878603998980274,0.01729221391797464,Frozen-coefficient logistic fusion,0.9958859079367469,-0.008025508038719487
150,0,10,0.8430910638551745,0.10705346171747587,Frozen-coefficient logistic fusion,0.8251519335237384,0.017939130331436126
151,1,10,0.9934952346309828,0.0037522627116469676,Frozen-coefficient logistic fusion,0.9957177230444816,-0.002222488413498813
152,0,10,0.06443433786208666,0.053838143370238345,Frozen-coefficient logistic fusion,0.06823580885330895,-0.003801470991222286
153,0,10,0.15288125755644633,0.0951962938530079,Frozen-coefficient logistic fusion,0.0064349988099309,0.14644625874651543
154,1,10,0.773089587238561,0.14074864505983864,Frozen-coefficient logistic fusion,0.8892715185629964,-0.11618193132443533
155,1,10,0.9432873211063224,0.07990860863986234,Frozen-coefficient logistic fusion,0.9907173402335768,-0.04743001912725442
156,1,1,0.9974617577937301,,Frozen-coefficient logistic fusion,0.9974617577937301,0.0
157,1,2,0.9974617577937301,0.0,Frozen-coefficient logistic fusion,0.9974617577937301,0.0
158,0,10,0.06698884685086001,0.03537596945429706,Frozen-coefficient logistic fusion,0.004965406003955229,0.06202344084690478
159,0,10,0.06251172148039116,0.04353349340818722,Frozen-coefficient logistic fusion,0.006453808263504513,0.05605791321688665
160,1,10,0.6999052803337983,0.19882939321378523,Frozen-coefficient logistic fusion,0.4311050789196908,0.2688002014141075
161,1,10,0.5031513337449388,0.32848977621005543,Frozen-coefficient logistic fusion,0.8660828128485175,-0.3629314791035787
162,0,10,0.030297081634167316,0.024263657149870922,Frozen-coefficient logistic fusion,0.006955354102511164,0.023341727531656153
163,1,10,0.9957724069476017,0.0031973024404254296,Frozen-coefficient logistic fusion,0.9974617577937301,-0.0016893508461284235
164,0,10,0.13125800390085848,0.18293907332611148,Frozen-coefficient logistic fusion,0.004965406003955229,0.12629259789690325
165,0,10,0.4695678620919071,0.31430153788821313,Frozen-coefficient logistic fusion,0.004965406003955229,0.46460245608795187
166,0,10,0.04000275753185022,0.014007878639244978,Frozen-coefficient logistic fusion,0.004965406003955229,0.035037351527894986
167,0,10,0.6850058364192575,0.2834086103824923,Frozen-coefficient logistic fusion,0.00788252912181295,0.6771233072974445
168,0,10,0.11076996746561736,0.06889190119517864,Frozen-coefficient logistic fusion,0.01697779171946563,0.09379217574615173
169,0,10,0.17797858014899673,0.08161496264016013,Frozen-coefficient logistic fusion,0.007158725730100248,0.1708198544188965
170,0,10,0.03679941957437887,0.023227189402436735,Frozen-coefficient logistic fusion,0.004965406003955229,0.03183401357042364
171,0,10,0.8427006807336967,0.13608932620464198,Frozen-coefficient logistic fusion,0.08584091282540304,0.7568597679082937
172,1,5,0.9974617577937301,0.0,Frozen-coefficient logistic fusion,0.9974617577937301,0.0
173,1,10,0.9295791964864382,0.04627634383838745,Frozen-coefficient logistic fusion,0.9789444210448357,-0.049365224558397536
174,0,10,0.13967992854048855,0.10203562706720792,Frozen-coefficient logistic fusion,0.10411687910042354,0.03556304944006501
175,0,10,0.11637153858782441,0.07728336779383008,Frozen-coefficient logistic fusion,0.004965406003955229,0.11140613258386918
176,0,10,0.025077299911373196,0.013474231124842207,Frozen-coefficient logistic fusion,0.022002040487319404,0.0030752594240537924
177,0,10,0.07167730795183729,0.05579165115094597,Frozen-coefficient logistic fusion,0.004965406003955229,0.06671190194788205
178,0,10,0.03411606567675287,0.035509374162498684,Frozen-coefficient logistic fusion,0.004965406003955229,0.02915065967279764
179,0,10,0.9265424599714679,0.09387361420854062,Frozen-coefficient logistic fusion,0.014171759372019779,0.9123707005994481
180,1,10,0.3353243346835991,0.17861525892224137,Frozen-coefficient logistic fusion,0.7346064809399133,-0.3992821462563142
181,0,10,0.8657539402385733,0.09025150212475384,Frozen-coefficient logistic fusion,0.008816250227115652,0.8569376900114577
182,1,5,0.9974617577937301,0.0,Frozen-coefficient logistic fusion,0.9974617577937301,0.0
183,1,2,0.9964422591648401,0.001441788787796978,Frozen-coefficient logistic fusion,0.9974617577937301,-0.0010194986288900587
184,1,10,0.6837448021714276,0.15088686401247997,Frozen-coefficient logistic fusion,0.7898793973160865,-0.10613459514465884
185,0,10,0.6728102534828844,0.21000199052114418,Frozen-coefficient logistic fusion,0.02112487235869772,0.6516853811241866
186,1,10,0.3428266566559718,0.16114629690375024,Frozen-coefficient logistic fusion,0.9202748684241792,-0.5774482117682074
187,1,10,0.09623693809592723,0.06822414938979789,Frozen-coefficient logistic fusion,0.009790711430492899,0.08644622666543433
188,1,10,0.9924950619128916,0.007782065953310431,Frozen-coefficient logistic fusion,0.9968384275908814,-0.004343365677989763
189,0,10,0.686700217208027,0.21190185501231804,Frozen-coefficient logistic fusion,0.010721055636608176,0.6759791615714188
190,0,10,0.5832371747419562,0.20597004391214024,Frozen-coefficient logistic fusion,0.011286991639427616,0.5719501831025287
191,0,10,0.1745189655655887,0.1435396048910977,Frozen-coefficient logistic fusion,0.010291121503878748,0.16422784406170995
192,1,2,0.9974617577937301,0.0,Frozen-coefficient logistic fusion,0.9974617577937301,0.0
193,0,10,0.10235858714479393,0.1110746776872261,Frozen-coefficient logistic fusion,0.27727563110017417,-0.17491704395538024
194,1,10,0.9958372813527598,0.0034267357134337216,Frozen-coefficient logistic fusion,0.9974617577937301,-0.0016244764409703016
195,0,10,0.7878147030867753,0.14429313786981549,Frozen-coefficient logistic fusion,0.007674214325717935,0.7801404887610573
196,0,10,0.027618859051857503,0.030005965730702785,Frozen-coefficient logistic fusion,0.004965406003955229,0.022653453047902276
197,0,10,0.09260544437280108,0.07331643892057796,Frozen-coefficient logistic fusion,0.05403300241644093,0.03857244195636015
198,1,10,0.6933847072464896,0.27310744846244134,Frozen-coefficient logistic fusion,0.8902719850061753,-0.19688727775968573
199,1,5,0.9974617577937301,0.0,Frozen-coefficient logistic fusion,0.9974617577937301,0.0
200,1,10,0.881800278604843,0.11434132183298468,Frozen-coefficient logistic fusion,0.9173557103641672,-0.035555431759324185
201,0,10,0.28522641584463587,0.21819747382899213,Frozen-coefficient logistic fusion,0.031838235981783154,0.2533881798628527
202,1,10,0.9813956066549709,0.019849364727524098,Frozen-coefficient logistic fusion,0.9973114535451678,-0.015915846890196872
203,0,10,0.026958736014727636,0.022860909820083614,Frozen-coefficient logistic fusion,0.004965406003955229,0.02199333001077241
204,1,3,0.99746175779373,0.0,Frozen-coefficient logistic fusion,0.9974617577937301,-1.1102230246251565e-16
205,0,10,0.04194150790383462,0.027746453810636524,Frozen-coefficient logistic fusion,0.004965406003955229,0.03697610189987939
206,0,10,0.19891172062307635,0.1597378322179066,Frozen-coefficient logistic fusion,0.0062067239387948395,0.1927049966842815
207,1,10,0.9599934783728893,0.08927699095777362,Frozen-coefficient logistic fusion,0.9941189271230937,-0.0341254487502044
208,0,10,0.080002434304321,0.05533801756156358,Frozen-coefficient logistic fusion,0.15654279582864788,-0.07654036152432689
209,1,10,0.9576559777686663,0.041877725182572614,Frozen-coefficient logistic fusion,0.9819733678740223,-0.02431739010535605
210,1,5,0.9974617577937301,0.0,Frozen-coefficient logistic fusion,0.9974617577937301,0.0
211,1,10,0.995221291597044,0.004156779532006323,Frozen-coefficient logistic fusion,0.9790099774145337,0.016211314182510317
212,1,1,0.9956836682710477,,Frozen-coefficient logistic fusion,0.9874079880964682,0.00827568017457947
213,0,10,0.037234688094821826,0.030818202628309366,Frozen-coefficient logistic fusion,0.010457723600278168,0.026776964494543656
214,0,10,0.4667364373886838,0.2106402665869391,Frozen-coefficient logistic fusion,0.19502610821687788,0.27171032917180593
215,0,10,0.04017215091438061,0.05338532534530249,Frozen-coefficient logistic fusion,0.004965406003955229,0.03520674491042538
216,1,2,0.9920956939400345,0.0075887602784563005,Frozen-coefficient logistic fusion,0.9974617577937301,-0.005366063853695646
217,0,10,0.7692681028632659,0.1395236000201123,Frozen-coefficient logistic fusion,0.004965406003955229,0.7643026968593106
218,0,10,0.04960465552267114,0.033654620211736416,Frozen-coefficient logistic fusion,0.004965406003955229,0.04463924951871591
219,1,10,0.9792131503922435,0.024189121638287434,Frozen-coefficient logistic fusion,0.9974173959492125,-0.01820424555696898
220,0,10,0.6091152302106799,0.1382461252675713,Frozen-coefficient logistic fusion,0.004965406003955229,0.6041498242067247
221,1,10,0.9732415783631891,0.040381783882573935,Frozen-coefficient logistic fusion,0.9974617577937301,-0.024220179430541
222,1,5,0.9974617577937301,0.0,Frozen-coefficient logistic fusion,0.9974617577937301,0.0
223,1,10,0.9762271514345329,0.025100672882952212,Frozen-coefficient logistic fusion,0.9921339521558982,-0.0159068007213653
224,1,10,0.28537183083176,0.22742792808389448,Frozen-coefficient logistic fusion,0.10643513647131086,0.17893669436044912
225,1,2,0.9974617577937301,0.0,Frozen-coefficient logistic fusion,0.9974617577937301,0.0
226,0,10,0.2939753864307909,0.15895181443120304,Frozen-coefficient logistic fusion,0.026740665590131812,0.2672347208406591
227,1,10,0.9974617577937301,0.0,Frozen-coefficient logistic fusion,0.9942292037293687,0.0032325540643614037
228,1,1,0.9974617577937301,,Frozen-coefficient logistic fusion,0.9974401957944876,2.156199924252533e-05
229,1,2,0.9951642892826671,0.0032491111274706042,Frozen-coefficient logistic fusion,0.9974617577937301,-0.00229746851106305
230,1,10,0.9935960453929557,0.0039717410589787455,Frozen-coefficient logistic fusion,0.9942192309252902,-0.0006231855323345359
231,0,10,0.48915088441278226,0.2323060166882971,Frozen-coefficient logistic fusion,0.19556532333941867,0.2935855610733636
232,0,10,0.1206705992994864,0.1814067879877373,Frozen-coefficient logistic fusion,0.004965406003955229,0.11570519329553117
233,1,10,0.9954531976656869,0.002656278274924947,Frozen-coefficient logistic fusion,0.9974617577937301,-0.0020085601280432908
234,0,10,0.46368324507019637,0.2644593432434281,Frozen-coefficient logistic fusion,0.020764391514130454,0.4429188535560659
235,0,10,0.5732930138394848,0.21262951232073996,Frozen-coefficient logistic fusion,0.016335244142645273,0.5569577696968395
236,0,10,0.010944956107496066,0.008618056241688718,Frozen-coefficient logistic fusion,0.004965406003955229,0.0059795501035408375
237,1,10,0.750403939798489,0.1726185760744741,Frozen-coefficient logistic fusion,0.5589357395371137,0.19146820026137523
238,1,1,0.996599148852605,,Frozen-coefficient logistic fusion,0.9870089771282978,0.009590171724307206
239,0,10,0.3195790457424606,0.14857399660042153,Frozen-coefficient logistic fusion,0.19294385058985736,0.12663519515260324
240,1,10,0.721699715599023,0.25726931247120916,Frozen-coefficient logistic fusion,0.9782686906086325,-0.2565689750096095
241,0,10,0.032382975591240155,0.019884562408429535,Frozen-coefficient logistic fusion,0.0065527222007972195,0.025830253390442936
242,1,1,0.9974617577937301,,Frozen-coefficient logistic fusion,0.9974617577937301,0.0
243,1,10,0.9969335251238117,0.0008689756338247853,Frozen-coefficient logistic fusion,0.9950129109445494,0.0019206141792623699
244,0,10,0.8580909609036231,0.13424492856382597,Frozen-coefficient logistic fusion,0.4110101759037891,0.44708078499983406
245,0,10,0.1451600804568975,0.08929260317769012,Frozen-coefficient logistic fusion,0.00759345827890146,0.13756662217799603
246,0,10,0.12471279763696781,0.08590422818926441,Frozen-coefficient logistic fusion,0.0159802406959078,0.10873255694106002
247,0,10,0.6098164233085575,0.23968211974367137,Frozen-coefficient logistic fusion,0.33779471695083096,0.2720217063577265
248,0,10,0.5730051467253968,0.22703992215058486,Frozen-coefficient logistic fusion,0.012340257368396706,0.5606648893570001
249,1,10,0.9475166391268053,0.032145901071603665,Frozen-coefficient logistic fusion,0.9176294894970579,0.029887149629747367
250,0,10,0.6825389192034294,0.2277193490151219,Frozen-coefficient logistic fusion,0.8490148407117228,-0.1664759215082935
251,0,10,0.283048067814648,0.2142811156841287,Frozen-coefficient logistic fusion,0.42771339359931665,-0.14466532578466867
252,1,10,0.9821622532675482,0.03963098990636177,Frozen-coefficient logistic fusion,0.9974617577937301,-0.015299504526181895
253,1,10,0.9917648533169274,0.007646469923640571,Frozen-coefficient logistic fusion,0.9974617577937301,-0.005696904476802711
254,0,10,0.1021158536449431,0.07465602185326028,Frozen-coefficient logistic fusion,0.004965406003955229,0.09715044764098787
255,0,10,0.06950174884723533,0.06420385985515958,Frozen-coefficient logistic fusion,0.05827024763115767,0.011231501216077654
256,0,10,0.11775933088229625,0.04916157242061645,Frozen-coefficient logistic fusion,0.004965406003955229,0.11279392487834101
257,0,10,0.5455252577992341,0.2812514126930124,Frozen-coefficient logistic fusion,0.04406151008308561,0.5014637477161485
258,1,10,0.5028021198286651,0.16109220776641997,Frozen-coefficient logistic fusion,0.6582877213070447,-0.15548560147837964
259,0,10,0.5880543799098888,0.2600337423213614,Frozen-coefficient logistic fusion,0.7777733158519525,-0.18971893594206368
260,0,10,0.040204588532543606,0.027037071190784835,Frozen-coefficient logistic fusion,0.004965406003955229,0.035239182528588375
261,0,10,0.07759284772944301,0.05103894224135453,Frozen-coefficient logistic fusion,0.004965406003955229,0.07262744172548778
262,1,10,0.9925319293511805,0.015052425767213412,Frozen-coefficient logistic fusion,0.9974617577937301,-0.004929828442549633
263,0,10,0.05403419596950636,0.04616680804604559,Frozen-coefficient logistic fusion,0.11001996933329675,-0.05598577336379039
264,1,10,0.9964019789729331,0.001965102067022275,Frozen-coefficient logistic fusion,0.9908528905819097,0.005549088391023416
265,0,10,0.9058220536490056,0.09014462658155568,Frozen-coefficient logistic fusion,0.9873600057392211,-0.08153795209021553
266,0,10,0.04380479717459292,0.059974583367856216,Frozen-coefficient logistic fusion,0.004965406003955229,0.03883939117063769
267,0,10,0.4304457850900933,0.26846483703961227,Frozen-coefficient logistic fusion,0.004965406003955229,0.42548037908613806
268,1,10,0.41190425234341915,0.20163176389960383,Frozen-coefficient logistic fusion,0.8782251744275249,-0.46632092208410575
269,1,10,0.9916988490336923,0.00785663188008343,Frozen-coefficient logistic fusion,0.9974617577937301,-0.0057629087600378215
270,0,10,0.11485607096258214,0.07014855526627362,Frozen-coefficient logistic fusion,0.004965406003955229,0.10989066495862691
271,1,10,0.9548225043440415,0.08063667090564913,Frozen-coefficient logistic fusion,0.9864268494880298,-0.031604345143988355
272,0,10,0.2369177441771181,0.24197927723592544,Frozen-coefficient logistic fusion,0.004965406003955229,0.23195233817316288
273,0,10,0.09628952259573606,0.06773030885793181,Frozen-coefficient logistic fusion,0.004965406003955229,0.09132411659178083
274,1,10,0.34861203794380125,0.20132352861929412,Frozen-coefficient logistic fusion,0.3962117524864935,-0.04759971454269224
275,0,10,0.3818429317230127,0.20911788175725327,Frozen-coefficient logistic fusion,0.08927373231337146,0.2925691994096412
276,1,10,0.9915129124220854,0.004792627924151318,Frozen-coefficient logistic fusion,0.9950793022368422,-0.003566389814756765
277,0,10,0.3734716432512001,0.2793744727229505,Frozen-coefficient logistic fusion,0.03486415153534482,0.33860749171585525
278,1,10,0.9459629677621603,0.08726337424373483,Frozen-coefficient logistic fusion,0.9873409110052476,-0.0413779432430873
279,1,10,0.9690070112395512,0.023642903818310693,Frozen-coefficient logistic fusion,0.8670335510697705,0.1019734601697807
280,0,10,0.13096264240360828,0.08268466427888832,Frozen-coefficient logistic fusion,0.058992352523184445,0.07197028988042384
281,1,5,0.9974617577937301,0.0,Frozen-coefficient logistic fusion,0.9974617577937301,0.0
282,1,5,0.9974617577937301,0.0,Frozen-coefficient logistic fusion,0.9970708177459459,0.0003909400477842828
283,1,10,0.9936857222154705,0.0034723788740884305,Frozen-coefficient logistic fusion,0.9933591105797477,0.0003266116357227844
284,0,10,0.3403497862226489,0.2355014859791759,Frozen-coefficient logistic fusion,0.015447009020004157,0.3249027772026447
285,1,10,0.5885241652890933,0.28472735228860746,Frozen-coefficient logistic fusion,0.8731724097314297,-0.2846482444423364
286,1,10,0.7938124916332476,0.14986614426514622,Frozen-coefficient logistic fusion,0.9499198313536774,-0.15610733972042978
287,1,5,0.9929246323252936,0.004071755378903536,Frozen-coefficient logistic fusion,0.9960055027568432,-0.003080870431549587
288,0,10,0.04315620948463612,0.04435544594807766,Frozen-coefficient logistic fusion,0.01254222099889092,0.030613988485745196
289,1,10,0.9175070305509025,0.12843752403228034,Frozen-coefficient logistic fusion,0.9498756129122491,-0.03236858236134654
290,1,10,0.996314335633676,0.0018763575352525933,Frozen-coefficient logistic fusion,0.9974617577937301,-0.0011474221600541457
291,1,10,0.9434562554948173,0.04055566663024311,Frozen-coefficient logistic fusion,0.9945876504901996,-0.05113139499538233
292,0,10,0.6567733061790495,0.26646087971992216,Frozen-coefficient logistic fusion,0.2650619778042357,0.3917113283748138
293,1,10,0.9974617577937301,0.0,Frozen-coefficient logistic fusion,0.9974617577937301,0.0
294,0,10,0.6484441629657246,0.19321359644041128,Frozen-coefficient logistic fusion,0.0052772422352318875,0.6431669207304928
295,0,10,0.024787393444356477,0.02282357067243486,Frozen-coefficient logistic fusion,0.004965406003955229,0.01982198744040125
296,1,10,0.9974617577937301,0.0,Frozen-coefficient logistic fusion,0.9974617577937301,0.0
297,0,10,0.012794862090054985,0.010023676248786495,Frozen-coefficient logistic fusion,0.004965406003955229,0.007829456086099756
298,0,10,0.6183993975049522,0.25571142365323385,Frozen-coefficient logistic fusion,0.004965406003955229,0.613433991500997
299,1,10,0.7307690567237402,0.12958121647262566,Frozen-coefficient logistic fusion,0.9569901412592109,-0.22622108453547074
300,1,5,0.9974617577937301,0.0,Frozen-coefficient logistic fusion,0.9974617577937301,0.0
301,1,5,0.9974617577937301,0.0,Frozen-coefficient logistic fusion,0.9974617577937301,0.0
0,0,10,0.5235179696636763,0.23086221804773405,Equal probability mean,1.2779328611336246e-05,0.5235051903350649
1,1,5,0.9999999999594822,6.203391017080043e-11,Equal probability mean,0.9999999999984738,-3.899158773634781e-11
2,0,10,0.1345333458086748,0.16549208510520458,Equal probability mean,3.769500089957508e-07,0.1345329688586658
3,0,10,0.32353220240510977,0.22206222900992575,Equal probability mean,0.02194097424341194,0.3015912281616978
4,0,10,0.00025990748846589065,0.0006607273258009837,Equal probability mean,1.2992101985868969e-05,0.0002469153864800217
5,1,10,0.996005705142425,0.009942913319478844,Equal probability mean,0.9165572305913041,0.07944847455112092
6,0,10,0.6508633787232523,0.28798714093531025,Equal probability mean,0.9677167853882412,-0.31685340666498896
7,0,10,0.024092193294873908,0.043675624743830785,Equal probability mean,8.828962636879031e-05,0.024003903668505116
8,0,10,0.0502843301620264,0.06746609424234547,Equal probability mean,0.0010729160406350389,0.049211414121391364
9,1,10,0.9724750451730928,0.06027142575638791,Equal probability mean,0.990721453293967,-0.01824640812087419
10,0,10,0.48419283138702873,0.24568768187703233,Equal probability mean,0.5684427662393142,-0.08424993485228549
11,1,10,0.9999997497370542,4.868824819609815e-07,Equal probability mean,0.999999725576084,2.416097022450714e-08
12,1,10,0.9999935808586322,1.683969224600599e-05,Equal probability mean,0.9999996740700733,-6.0932114410716665e-06
13,0,10,0.8340670743459541,0.19214576045142348,Equal probability mean,4.2554901789243475e-06,0.8340628188557752
14,1,2,0.9999999959043151,5.41871420181359e-09,Equal probability mean,0.9999831214449862,1.6874459328852787e-05
15,0,10,0.3845615875849288,0.16632372350192012,Equal probability mean,0.040069992461796426,0.3444915951231324
16,1,1,0.9999999998596074,,Equal probability mean,0.9999991325941295,8.672654778774103e-07
17,1,10,0.7376046956563098,0.2609418368611734,Equal probability mean,0.8837301869725112,-0.14612549131620134
18,0,10,0.41335037265036617,0.2182567938197042,Equal probability mean,0.37048546413473027,0.0428649085156359
19,0,10,0.0004131269995105116,0.0008025947830252005,Equal probability mean,4.1092218968575394e-11,0.00041312695841829263
20,0,10,0.41939592100878575,0.15471951370514278,Equal probability mean,6.460804735683247e-07,0.4193952749283122
21,1,2,0.9999999944907088,3.3311092201559065e-09,Equal probability mean,0.9999999994961168,-5.005408088010199e-09
22,1,10,0.572230207026017,0.2490208569844159,Equal probability mean,0.991645095455246,-0.419414888429229
23,1,10,0.3702068839077023,0.16368494659925575,Equal probability mean,0.6156183380740389,-0.24541145416633658
24,0,10,0.0003254542630681991,0.0006754869895282399,Equal probability mean,6.853435657382476e-06,0.0003186008274108166
25,1,10,0.9744352143992785,0.07490451460640908,Equal probability mean,0.9999845397444258,-0.02554932534514731
26,1,10,0.35604578878024096,0.18810190022006099,Equal probability mean,0.5661382798726041,-0.21009249109236316
27,0,10,0.21616601486000947,0.21860076976034667,Equal probability mean,2.02478380159177e-08,0.21616599461217145
28,0,10,0.08719750760682607,0.13744886175463739,Equal probability mean,0.48566412304646794,-0.3984666154396419
29,0,10,0.9718103217078381,0.07922724490711146,Equal probability mean,0.9835944632895688,-0.01178414158173069
30,0,10,0.01573404371619134,0.0107261242369591,Equal probability mean,0.00042616553208781727,0.015307878184103521
31,1,10,0.3309047625039301,0.2012314667995217,Equal probability mean,0.9690150132964168,-0.6381102507924867
32,1,2,0.9999999999998125,9.404853827515813e-14,Equal probability mean,0.9999999999998784,-6.59472476627343e-14
33,0,10,0.3877231070329312,0.32211285282475544,Equal probability mean,0.001275409949463205,0.38644769708346804
34,0,10,0.20574026780631613,0.19804110654939552,Equal probability mean,0.00010319329315343807,0.20563707451316268
35,0,10,0.31209334070173,0.153218830348661,Equal probability mean,0.00012261500997934175,0.31197072569175066
36,0,10,0.1092093652957904,0.1510592820523601,Equal probability mean,4.583346428781663e-06,0.10920478194936162
37,0,10,0.25302339677688984,0.19502059131974048,Equal probability mean,0.495487400085255,-0.24246400330836515
38,0,10,0.08248487161704282,0.12875992398249259,Equal probability mean,3.7197818928444565e-07,0.08248449963885354
39,0,10,1.3526162469067412e-05,2.1217183040660476e-05,Equal probability mean,2.7025048909656293e-10,1.3525892218578316e-05
40,0,10,0.956611609832945,0.10140327713790909,Equal probability mean,0.5006213099834258,0.4559902998495192
41,1,10,0.999995862518977,1.1676264326874646e-05,Equal probability mean,0.9986777364693433,0.001318126049633661
42,0,10,0.4825699583575041,0.313291101592984,Equal probability mean,2.7448613909986136e-05,0.48254250974359414
43,0,10,0.02371929395977184,0.033240079926869524,Equal probability mean,0.0008364449105644392,0.022882849049207402
44,0,10,0.33703172008991117,0.1557596661472346,Equal probability mean,0.08280515803602634,0.25422656205388483
45,0,10,0.47214242431348874,0.2515009278212433,Equal probability mean,0.002264534253208165,0.4698778900602806
46,0,10,0.0425997565664412,0.09854917189800035,Equal probability mean,0.012012260108397364,0.030587496458043838
47,0,10,0.0008541911613775995,0.0016005138017085845,Equal probability mean,5.993999286936815e-11,0.0008541911014376066
48,0,10,0.0050222159738892444,0.0071441769206598725,Equal probability mean,0.028285424754322535,-0.02326320878043329
49,0,10,0.0003078845381105142,0.00043293034475597517,Equal probability mean,1.017981947278475e-10,0.00030788443631231947
50,0,10,0.27877640150241784,0.22743080543761854,Equal probability mean,0.05318850175426841,0.2255878997481494
51,0,10,0.23527217598935568,0.1927696392030499,Equal probability mean,7.497406216781163e-05,0.23519720192718788
52,0,10,0.6170868234303771,0.18597033333792395,Equal probability mean,0.0013163758284321545,0.615770447601945
53,1,10,0.6177993026503017,0.16777485005480966,Equal probability mean,0.9469712466083704,-0.3291719439580687
54,1,10,0.6669128784965281,0.231372151830849,Equal probability mean,0.9702091633145389,-0.30329628481801074
55,1,10,0.8280046080074197,0.1978340010360238,Equal probability mean,0.9995124566019011,-0.17150784859448143
56,0,10,0.20948348986715773,0.14819928102161262,Equal probability mean,0.09581965084765381,0.11366383901950391
57,0,10,0.07354444210708679,0.12006723121095837,Equal probability mean,0.0008037585416073663,0.07274068356547941
58,1,10,0.9461292404809463,0.15292788690867534,Equal probability mean,0.9963512178615754,-0.05022197738062917
59,0,10,0.000317958669450568,0.0008502109130968974,Equal probability mean,2.8970585150919333e-06,0.0003150616109354761
60,1,10,0.999998950101266,1.7692614834739641e-06,Equal probability mean,0.9997966436754111,0.00020230642585494785
61,0,10,0.4031132473584778,0.07263126198852002,Equal probability mean,2.049620331274799e-05,0.4030927511551651
62,0,10,0.08259673518092284,0.091578438733267,Equal probability mean,5.691649763111537e-06,0.08259104353115973
63,1,10,0.8515467444087618,0.15067295158622615,Equal probability mean,0.9828397984414843,-0.1312930540327225
64,0,10,0.40820960921418886,0.1438396888988238,Equal probability mean,1.3971966478864398e-06,0.408208212017541
65,0,10,0.29751525954728086,0.22213922517438425,Equal probability mean,3.3377830626107165e-06,0.29751192176421826
66,1,2,0.9999999999996385,8.462798352305548e-14,Equal probability mean,0.9999999999961776,3.4608982346640005e-12
67,1,10,0.9484367241016842,0.15417664789982885,Equal probability mean,0.9999787256918572,-0.05154200159017297
68,0,10,0.08805226529960601,0.08454581552768141,Equal probability mean,0.028720169535794503,0.05933209576381151
69,1,10,0.9999783430179366,6.449096830110113e-05,Equal probability mean,0.9999919903343832,-1.3647316446596669e-05
70,0,10,0.6816426790223507,0.2642740008322409,Equal probability mean,2.2404427663723007e-06,0.6816404385795842
71,1,10,0.6659410289620699,0.31553376297095764,Equal probability mean,0.4993970833799693,0.16654394558210056
72,1,5,0.9999999999987894,2.2450040214394803e-12,Equal probability mean,0.9999999999994813,-6.918909889463976e-13
73,1,2,0.9999999999998888,1.2717748915338577e-13,Equal probability mean,0.9999999999997948,9.392486788328824e-14
74,1,2,0.9999998154517498,2.604427373239038e-07,Equal probability mean,0.9999999999450044,-1.844932546735123e-07
75,1,5,0.9999998853665775,2.410309662092299e-07,Equal probability mean,0.9999999999954108,-1.1462883331425644e-07
76,0,10,0.0006263024511304919,0.0015718462920851755,Equal probability mean,2.748176325169712e-08,0.0006262749693672402
77,1,10,0.9977651586397276,0.004722148178034831,Equal probability mean,0.999999988713481,-0.0022348300737533577
78,1,10,0.9999972990225373,2.745296100126866e-06,Equal probability mean,0.9999890232645234,8.275758013875922e-06
79,1,10,0.9998346003786844,0.0004228442342003482,Equal probability mean,0.999778759630783,5.584074790143667e-05
80,1,10,0.9999999774100496,3.894017261136831e-08,Equal probability mean,0.9999999953868479,-1.7976798272201222e-08
81,1,10,0.9533117092402593,0.14740055386876436,Equal probability mean,0.9999897801598674,-0.04667807091960807
82,1,5,0.9999999998929215,2.1092285324029604e-10,Equal probability mean,0.9999999999971002,-1.0417866569412126e-10
83,0,10,0.661841786918149,0.1720033953794327,Equal probability mean,0.3884538563668575,0.2733879305512915
84,1,5,0.9999999999890846,1.810113638573952e-11,Equal probability mean,0.9999999999635028,2.558186995571532e-11
85,0,10,0.4765802703433373,0.08635159257059492,Equal probability mean,0.614510430344101,-0.13793016000076375
86,0,10,0.2878510354881378,0.18939891260400796,Equal probability mean,1.4624624279256481e-05,0.2878364108638585
87,1,10,0.9999869386925052,3.690593415713941e-05,Equal probability mean,0.9999983353579258,-1.1396665420604357e-05
88,0,10,0.006079472045931467,0.014084576856184926,Equal probability mean,7.808106896945463e-11,0.006079471967850397
89,0,10,0.3064108197226813,0.22779879449354845,Equal probability mean,9.212594380294511e-08,0.3064107275967375
90,0,10,0.2755818842032517,0.21241136771591473,Equal probability mean,7.570642553808411e-05,0.27550617777771363
91,1,10,0.9998957351626899,0.0003184781372059776,Equal probability mean,0.9980705137405592,0.0018252214221307073
92,1,10,0.99995806354342,0.0001315774175026237,Equal probability mean,0.9999998255022529,-4.176195883287548e-05
93,1,10,0.9953795944256099,0.012412138286035726,Equal probability mean,0.9986669693537549,-0.003287374928145015
94,1,10,0.9999999928839459,1.510651305859114e-08,Equal probability mean,0.9999999455783743,4.730557157106574e-08
95,0,10,0.00011419444361162516,0.0002770314994848848,Equal probability mean,4.733393279511597e-11,0.00011419439627769237
96,1,10,0.6903519350005969,0.22767274695550707,Equal probability mean,0.9999560356600903,-0.3096041006594934
97,0,10,0.003049893346815119,0.007059743153239186,Equal probability mean,1.6888223382478508e-09,0.003049891657992781
98,1,10,0.9999999852969592,3.3388218147796044e-08,Equal probability mean,0.9999999156578365,6.963912269064565e-08
99,1,5,0.999999781013807,4.676249433651418e-07,Equal probability mean,0.9999999985604379,-2.1754663082074188e-07
100,1,10,0.45877411684980907,0.31611701478880566,Equal probability mean,0.49937652822264417,-0.0406024113728351
102,0,10,0.04727143689598588,0.10048629673582317,Equal probability mean,0.0027303897191255735,0.04454104717686031
103,1,10,0.368154300408467,0.19829847746329088,Equal probability mean,0.41402367478279606,-0.045869374374329086
104,1,10,0.9981506695261164,0.00498594683066276,Equal probability mean,0.9999998547947704,-0.0018491852686539634
105,1,2,0.9999999999930115,7.669587642178504e-12,Equal probability mean,0.9999999999967993,-3.787858915416109e-12
106,0,10,0.029355711908394082,0.07130736920859677,Equal probability mean,0.009762733283924204,0.019592978624469876
107,1,10,0.6403003454602856,0.32493600612374984,Equal probability mean,0.9983676380194928,-0.3580672925592072
108,0,10,0.5388439844069222,0.28450522472125456,Equal probability mean,7.646821426404248e-05,0.5387675161926582
109,1,5,0.9999999975572174,4.073143816820929e-09,Equal probability mean,0.9999999963252095,1.2320078290883885e-09
110,1,10,0.44095709217637014,0.19904760214021602,Equal probability mean,0.06730028359481892,0.3736568085815512
111,0,10,0.7790197384546103,0.2180980164533908,Equal probability mean,0.9846581564079291,-0.20563841795331883
112,1,2,0.9999999999990612,1.2735412449449716e-12,Equal probability mean,0.9999999999997531,-6.918909889463976e-13
113,0,10,0.3176508354432266,0.20874402902789657,Equal probability mean,7.785215972041743e-09,0.3176508276580106
114,0,10,0.49091170386610494,0.1521331689506891,Equal probability mean,0.14721085796980504,0.3437008458962999
115,0,10,0.09340539440865446,0.09142180991285385,Equal probability mean,2.650064424729971e-08,0.09340536790801021
116,1,5,0.9999999927286612,1.6133851173109437e-08,Equal probability mean,0.9999999998856546,-7.156993331314254e-09
117,0,10,0.34245557344611177,0.2631916719736032,Equal probability mean,1.1462453122060672e-05,0.3424441109929897
118,1,10,0.8787224153022836,0.19545574345975944,Equal probability mean,0.5214350407291414,0.3572873745731422
119,1,2,0.9999999978555946,2.3094694086799276e-09,Equal probability mean,0.9999999999579248,-2.10233019881656e-09
120,1,5,0.999998822467272,2.4858662842213368e-06,Equal probability mean,0.9999998974921573,-1.0750248853330646e-06
121,0,10,0.10153327554821663,0.17772458510620776,Equal probability mean,2.612987299885572e-09,0.10153327293522933
122,1,10,0.9999406348040981,8.924674169733649e-05,Equal probability mean,0.9994877851305066,0.0004528496735914933
123,0,10,0.1944746980697702,0.21631584713956878,Equal probability mean,0.013132744451823247,0.18134195361794694
124,0,10,0.0737669256373245,0.1344396556098908,Equal probability mean,4.730909506974871e-09,0.07376692090641498
125,1,10,0.8968911829994708,0.14216469423754635,Equal probability mean,0.9740257957865708,-0.07713461278709999
126,1,10,0.9999263148159712,0.00014680866777310936,Equal probability mean,0.9999999798859649,-7.366506999373357e-05
127,0,10,0.040095845952303574,0.10993636151343744,Equal probability mean,1.1706499582071912e-09,0.040095844781653615
128,0,10,0.00034259238701024407,0.00041266296124367103,Equal probability mean,2.780627042804743e-10,0.0003425921089475398
129,0,10,0.0013160313614478103,0.0029580971006333448,Equal probability mean,1.866644508479213e-11,0.0013160313427813652
130,1,10,0.3553972618895201,0.29629725005171254,Equal probability mean,0.6526758122203,-0.29727855033077993
131,1,5,0.9999999999286094,5.444666688355355e-11,Equal probability mean,0.9999999989398182,9.887912710837554e-10
132,1,10,0.9211175366434741,0.14251377327537668,Equal probability mean,0.9995908361974863,-0.07847329955401228
133,1,10,0.14722518509570856,0.13852012938982305,Equal probability mean,0.18973612244729884,-0.04251093735159028
134,1,10,0.9995547623474934,0.0006961672158185166,Equal probability mean,0.9997034992490711,-0.00014873690157768404
135,1,5,0.9999999347263527,1.263928659323446e-07,Equal probability mean,0.9999999885094142,-5.378306144887546e-08
136,0,10,0.01637550204200817,0.03497860274548099,Equal probability mean,4.7156888392487003e-05,0.016328345153615684
137,1,10,0.7656459010072877,0.25464346922864695,Equal probability mean,0.7672441680818549,-0.0015982670745672278
138,1,10,0.9942301481333674,0.010229914521630667,Equal probability mean,0.9977406662220827,-0.0035105180887152754
139,1,5,0.9999763800673035,4.6638135313029285e-05,Equal probability mean,0.9999808652512105,-4.485183907054768e-06
140,1,10,0.5726982979901349,0.2774533721105656,Equal probability mean,0.9995300955387267,-0.4268317975485918
141,1,10,0.9996185706980689,0.0008641671968539201,Equal probability mean,0.9999933237822076,-0.00037475308413870145
142,1,10,0.34705285274459435,0.2071578178644625,Equal probability mean,0.49976956079984514,-0.15271670805525078
143,1,10,0.9591991496164312,0.07087661387293599,Equal probability mean,0.9999993755603216,-0.040800225943890434
144,1,10,0.5864586601818165,0.3180897215728827,Equal probability mean,0.0005185149111039233,0.5859401452707126
145,0,10,0.631901889620626,0.28047853256905947,Equal probability mean,0.0019669541605609065,0.6299349354600651
146,0,10,0.1171229757220797,0.1769801980350064,Equal probability mean,1.0009425079231143e-11,0.11712297571207028
147,0,10,0.4332466031585704,0.1552780055810492,Equal probability mean,1.0216430295864946e-05,0.4332363867282745
148,1,10,0.9534310587420446,0.1471517921938674,Equal probability mean,0.9999980950874565,-0.04656703634541193
149,1,10,0.9969352082801946,0.008915203943500241,Equal probability mean,0.9999972913942822,-0.0030620831140876215
150,0,10,0.8180565448101842,0.17855810606913533,Equal probability mean,0.7112254166226196,0.10683112818756457
151,1,10,0.9999618778000761,4.009966570473989e-05,Equal probability mean,0.9999620883703999,-2.1057032384419472e-07
152,0,10,0.02732251081429113,0.06995204697338399,Equal probability mean,0.005778688079663902,0.021543822734627228
153,0,10,0.023066374373571032,0.03559025956741243,Equal probability mean,4.2946993226808896e-06,0.02306207967424835
154,1,10,0.7329455612384399,0.21388000284066058,Equal probability mean,0.9637477912843475,-0.2308022300459076
155,1,10,0.9470286512708294,0.12337723254484846,Equal probability mean,0.9999551153861246,-0.052926464115295224
156,1,1,0.999999973203003,,Equal probability mean,0.9999999988560678,-2.5653064783526247e-08
157,1,2,0.9999999973226412,2.5515651050692964e-09,Equal probability mean,0.9999999999967142,-2.6740729630603255e-09
158,0,10,0.013016365246696124,0.02209795646328099,Equal probability mean,3.75503882085778e-08,0.013016327696307915
159,0,10,0.016566650761608875,0.036266471523449924,Equal probability mean,4.401102952903209e-06,0.01656224965865597
160,1,10,0.5126351082318552,0.1840519369523487,Equal probability mean,0.401882796385228,0.1107523118466272
161,1,10,0.4010031669546579,0.3440150182453326,Equal probability mean,0.9779918416147486,-0.5769886746600907
162,0,10,0.0018013282848276136,0.0045835232822231805,Equal probability mean,1.6313395275795328e-06,0.0017996969453000341
163,1,10,0.9999862511678206,2.442284816256846e-05,Equal probability mean,0.9999999971923146,-1.3746024493999087e-05
164,0,10,0.07454926429244703,0.15712120219257128,Equal probability mean,1.861016146718041e-08,0.07454924568228556
165,0,10,0.2983586342185096,0.26013080066444283,Equal probability mean,4.032138041085137e-07,0.2983582310047055
166,0,10,0.001436626116651378,0.002582254072162946,Equal probability mean,6.83964541836036e-09,0.0014366192770059597
167,0,10,0.6422147474510747,0.3557922963329322,Equal probability mean,2.3170132310714705e-05,0.642191577318764
168,0,10,0.07919325236688447,0.08603368467643287,Equal probability mean,3.7943642618675706e-05,0.0791553087242658
169,0,10,0.172999202445115,0.1615521881025754,Equal probability mean,2.102240603695503e-06,0.17299710020451128
170,0,10,0.0018973908917299318,0.0029281039550025614,Equal probability mean,2.704921932444654e-09,0.0018973881868079993
171,0,10,0.8456632712526568,0.1621965813135922,Equal probability mean,0.006751931658660343,0.8389113395939964
172,1,5,0.999999864942027,1.5268840252266036e-07,Equal probability mean,0.9999999259012085,-6.095918148041335e-08
173,1,10,0.8448297663645967,0.18887604418054962,Equal probability mean,0.999396465090808,-0.15456669872621132
174,0,10,0.11828687498259091,0.16500549474023216,Equal probability mean,0.02764055202836701,0.0906463229542239
175,0,10,0.07138968299437928,0.11393897019395505,Equal probability mean,3.76016523016576e-08,0.07138964539272698
176,0,10,0.00035336878886030397,0.0004818117673160872,Equal probability mean,9.546207710162236e-05,0.00025790671175868164
177,0,10,0.008567893439635462,0.011093141371881436,Equal probability mean,2.840358337223554e-07,0.008567609403801739
178,0,10,0.006336384781264704,0.019095057686632264,Equal probability mean,2.269952293654339e-09,0.006336382511312411
179,0,10,0.6884287586468513,0.21723355581683546,Equal probability mean,1.8148983732208333e-05,0.6884106096631191
180,1,10,0.17706424557045114,0.21028757065290504,Equal probability mean,0.5476104835612069,-0.37054623799075576
181,0,10,0.6661806406101964,0.19807406521939028,Equal probability mean,5.92569443387715e-05,0.6661213836658577
182,1,5,0.9999999973956287,2.216876216207912e-09,Equal probability mean,0.9999999993820521,-1.9864233591349034e-09
183,1,2,0.9999670605188582,4.6526110200364514e-05,Equal probability mean,0.9999999749350394,-3.291441618125113e-05
184,1,10,0.6543050259570542,0.2031043733041025,Equal probability mean,0.9137077723620413,-0.25940274640498706
185,0,10,0.4493692186325141,0.16409354125935674,Equal probability mean,0.0008389794408325457,0.44853023919168156
186,1,10,0.2187364996380195,0.20465566271393518,Equal probability mean,0.9494859099583846,-0.7307494103203651
187,1,10,0.05453165600586505,0.093363209177178,Equal probability mean,5.4270429183688235e-06,0.054526228962946684
188,1,10,0.9997397923631173,0.0007767837531236649,Equal probability mean,0.9999968035070703,-0.00025701114395304536
189,0,10,0.5289001375006499,0.17639278212486248,Equal probability mean,0.0002996765357338121,0.5286004609649161
190,0,10,0.46356367198972104,0.2843001252439067,Equal probability mean,0.000460228982273319,0.4631034430074477
191,0,10,0.11162346614138796,0.1649241982880242,Equal probability mean,6.558288326747481e-06,0.11161690785306122
192,1,2,0.9999999999526594,6.55965788128577e-11,Equal probability mean,0.9999999999870386,-3.43791661805426e-11
193,0,10,0.06632308552092295,0.1251881358091071,Equal probability mean,0.15724784515705273,-0.09092475963612978
194,1,10,0.9999821644908827,5.0507715256635024e-05,Equal probability mean,0.9999999985513606,-1.783406047783931e-05
195,0,10,0.7081384482735522,0.23703541602926934,Equal probability mean,1.864553824562438e-05,0.7081198027353066
196,0,10,0.0032169574054328118,0.009620476426883013,Equal probability mean,9.837895865204027e-11,0.003216957307053853
197,0,10,0.018534971421215244,0.04047849525626167,Equal probability mean,0.0024458089736389497,0.016089162447576293
198,1,10,0.7136274038289743,0.2962266618849046,Equal probability mean,0.9652333779981377,-0.2516059741691634
199,1,5,0.9999999992971509,7.99492308323269e-10,Equal probability mean,0.9999999999919899,-6.948389641436847e-10
200,1,10,0.9202554933620378,0.10538318859882426,Equal probability mean,0.9617417223220625,-0.04148622896002463
201,0,10,0.18028681561875456,0.22334030446728556,Equal probability mean,0.0010519652929480952,0.17923485032580647
202,1,10,0.991828648588128,0.01826220316800215,Equal probability mean,0.9999993838983043,-0.008170735310176314
203,0,10,0.0011104166986481835,0.0020744061667174055,Equal probability mean,1.075412585629686e-09,0.001110415623235598
204,1,3,0.9999999986140957,2.3037648735362173e-09,Equal probability mean,0.9999999999023054,-1.2882096500632656e-09
205,0,10,0.002968187151806909,0.0068298575755831245,Equal probability mean,3.727633753125785e-08,0.0029681498754693773
206,0,10,0.1272370982892986,0.16763975787902152,Equal probability mean,3.182233754279389e-06,0.12723391605554432
207,1,10,0.9387976301738146,0.12806519433956326,Equal probability mean,0.999474642699989,-0.06067701252617441
208,0,10,0.02737631436051855,0.06313022335996632,Equal probability mean,0.11519327993596819,-0.08781696557544963
209,1,10,0.9874794058544364,0.03262462324463021,Equal probability mean,0.9992178522007908,-0.011738446346354459
210,1,5,0.9999999841664771,2.7310389327868546e-08,Equal probability mean,0.9999999999213061,-1.5754828996961123e-08
211,1,10,0.999965446058612,0.00010164556618599083,Equal probability mean,0.9991571013509322,0.0008083447076798755
212,1,1,0.9999967957671704,,Equal probability mean,0.9998620804264207,0.0001347153407497137
213,0,10,0.003969331790127895,0.009735276256095894,Equal probability mean,6.844795866790853e-06,0.003962486994261104
214,0,10,0.37589647646903723,0.17299919945019485,Equal probability mean,0.13818411010912157,0.23771236635991566
215,0,10,0.020072101203829823,0.0626122883290671,Equal probability mean,2.386384767901938e-09,0.020072098817445056
216,1,2,0.9999527759438969,6.678159130091104e-05,Equal probability mean,0.9999999977594574,-4.722181556049421e-05
217,0,10,0.49364802877188413,0.07905534898282882,Equal probability mean,1.6738893034207754e-07,0.4936478613829538
218,0,10,0.00502379557250359,0.007386270708404212,Equal probability mean,3.3855967784411955e-07,0.005023457012825746
219,1,10,0.995441834017676,0.013110238423717354,Equal probability mean,0.9999993350501468,-0.004557501032470768
220,0,10,0.5084901971445092,0.18444233435605875,Equal probability mean,1.8398254868988114e-07,0.5084900131619605
221,1,10,0.9735834046411413,0.06883072718669395,Equal probability mean,0.9999999280843602,-0.026416523443218876
222,1,5,0.9999999993168365,8.878298456547064e-10,Equal probability mean,0.9999999993591226,-4.228617456192296e-11
223,1,10,0.9954098597802329,0.009412104308128269,Equal probability mean,0.9999767164778215,-0.004566856697588606
224,1,10,0.17452492731496072,0.19475190449404325,Equal probability mean,0.003682147477975692,0.17084277983698504
225,1,2,0.9999999999933451,9.195913773492696e-12,Equal probability mean,0.9999999999758747,1.7470358493199e-11
226,0,10,0.2841204587888274,0.22478555925191365,Equal probability mean,6.170219549070636e-05,0.2840587565933367
227,1,10,0.9999999920548334,1.3456312621289306e-08,Equal probability mean,0.9999911289598344,8.863094998923238e-06
228,1,1,0.999999776202554,,Equal probability mean,0.9999994849325772,2.91269976804287e-07
229,1,2,0.999990669689991,1.3183840068721033e-05,Equal probability mean,0.9999999997532849,-9.330063293955249e-06
230,1,10,0.9982140000603049,0.004003540683052365,Equal probability mean,0.9995444397563573,-0.001330439696052399
231,0,10,0.3447036448211871,0.26871813880849715,Equal probability mean,0.01241560823508278,0.33228803658610434
232,0,10,0.05883330866373891,0.1396812212650909,Equal probability mean,2.476444659804202e-07,0.05883306101927293
233,1,10,0.9999883947150252,1.7878578223885436e-05,Equal probability mean,0.9999998862856552,-1.1491570629962311e-05
234,0,10,0.31280848097439423,0.19864396863928643,Equal probability mean,3.308665545013722e-05,0.3127753943189441
235,0,10,0.4404765562540094,0.28432779457938995,Equal probability mean,0.009932080229312561,0.4305444760246968
236,0,10,4.317963899681063e-05,0.00010122825460464657,Equal probability mean,1.419118305790239e-11,4.317962480562757e-05
237,1,10,0.6662463044374535,0.2654503532703975,Equal probability mean,0.5193337451867888,0.1469125592506647
238,1,1,0.9999986090021453,,Equal probability mean,0.999846020358423,0.00015258864372236225
239,0,10,0.16807280819176967,0.13118783647869098,Equal probability mean,0.029157538586315063,0.1389152696054546
240,1,10,0.5549750585505373,0.26924093700826834,Equal probability mean,0.9929939353661421,-0.4380188768156048
241,0,10,0.0008307243457453624,0.001105976056439635,Equal probability mean,4.9922321848465435e-06,0.0008257321135605158
242,1,1,0.9999999963982211,,Equal probability mean,0.999999999608384,-3.2101629132696985e-09
243,1,10,0.999998960171421,1.583435897043148e-06,Equal probability mean,0.9999946853147216,4.274856699404417e-06
244,0,10,0.8901927913547208,0.15330098744293283,Equal probability mean,0.15509082449153758,0.7351019668631833
245,0,10,0.1052668347083358,0.14652898311059448,Equal probability mean,1.7046299321240654e-05,0.10524978840901456
246,0,10,0.09254845878821222,0.13335787945797126,Equal probability mean,2.695280870628685e-05,0.09252150597950592
247,0,10,0.487798020901148,0.31391951191389644,Equal probability mean,0.18275947717249702,0.30503854372865097
248,0,10,0.4751932896476448,0.2256969513922534,Equal probability mean,0.0009678046139376837,0.4742254850337071
249,1,10,0.9595472383146992,0.05587907529803845,Equal probability mean,0.9003510508803412,0.05919618743435806
250,0,10,0.6041305256877239,0.3010225072338081,Equal probability mean,0.8461809842405718,-0.2420504585528479
251,0,10,0.137573295559951,0.18565500333848797,Equal probability mean,0.16800359631164205,-0.030430300751691064
252,1,10,0.970125224859118,0.09439447780972782,Equal probability mean,0.9999998657213212,-0.02987464086220315
253,1,10,0.9997422059662897,0.0006335012759747414,Equal probability mean,0.9999999782804603,-0.0002577723141705679
254,0,10,0.014064590284697948,0.016469069805437664,Equal probability mean,2.963194459481647e-08,0.014064560652753353
255,0,10,0.009249212707824358,0.012215670846238312,Equal probability mean,0.0004466821105428844,0.008802530597281474
256,0,10,0.06800071118373381,0.07884003003917135,Equal probability mean,6.698384691599352e-08,0.0680006441998869
257,0,10,0.4688018810017094,0.3215090628145455,Equal probability mean,0.4946205632347918,-0.025818682233082424
258,1,10,0.5797729033650368,0.14346640339149985,Equal probability mean,0.7229971184154493,-0.1432242150504125
259,0,10,0.5297782852888853,0.31034721751912875,Equal probability mean,0.7969781058247938,-0.2671998205359085
260,0,10,0.003308974495635526,0.007525493351792254,Equal probability mean,1.3306511590804888e-09,0.0033089731649843667
261,0,10,0.02525620996235047,0.03971079064404707,Equal probability mean,1.6028494868854602e-08,0.0252561939338556
262,1,10,0.9980969316997983,0.006016380685601372,Equal probability mean,0.9999999959143149,-0.001903064214516581
263,0,10,0.015817717642850882,0.03997350411475193,Equal probability mean,0.03340220383151825,-0.017584486188667366
264,1,10,0.9999951421710345,1.1655618171570798e-05,Equal probability mean,0.9999552909483412,3.985122269323238e-05
265,0,10,0.8812375084302871,0.16917895523549495,Equal probability mean,0.8100868282793178,0.07115068015096937
266,0,10,0.025965068904210315,0.0807993251100179,Equal probability mean,5.355843421197095e-08,0.025965015345776103
267,0,10,0.36872800035025666,0.20235242544376783,Equal probability mean,3.905098227818758e-07,0.3687276098404339
268,1,10,0.31466298507745466,0.18400671996437626,Equal probability mean,0.9039262104590382,-0.5892632253815835
269,1,10,0.999751108354087,0.0006296772217798993,Equal probability mean,0.999999765710859,-0.0002486573567720418
270,0,10,0.08019937682604102,0.12205582166154327,Equal probability mean,8.047378225138722e-08,0.08019929635225877
271,1,10,0.8282334648758415,0.2203478663723499,Equal probability mean,0.7368874172316637,0.09134604764417775
272,0,10,0.15486626012973656,0.2138746263982606,Equal probability mean,3.8492021756238104e-07,0.154865875209519
273,0,10,0.05198387070207172,0.08489586429692562,Equal probability mean,8.826408685040376e-08,0.05198378243798487
274,1,10,0.20553386159479786,0.17486547938262553,Equal probability mean,0.4748497709429571,-0.26931590934815924
275,0,10,0.2602666952326887,0.2091195717127998,Equal probability mean,0.002312212832783521,0.25795448239990515
276,1,10,0.9999282068582895,8.038729186879553e-05,Equal probability mean,0.9999949291491885,-6.672229089899062e-05
277,0,10,0.30940493999833607,0.28577393279387475,Equal probability mean,0.0035145312170659416,0.3058904087812701
278,1,10,0.9534315943866802,0.13115664542068514,Equal probability mean,0.9999516478788522,-0.04652005349217192
279,1,10,0.98404487555571,0.03179116698350702,Equal probability mean,0.9778595173128063,0.006185358242903671
280,0,10,0.1141446935808007,0.1417928275034578,Equal probability mean,0.003377134669149101,0.1107675589116516
281,1,5,0.9999999999419964,8.649838580084768e-11,Equal probability mean,0.9999999997917183,1.5027812327872425e-10
282,1,5,0.999999918917179,1.24957624999418e-07,Equal probability mean,0.9999991483499355,7.705672434576982e-07
283,1,10,0.9963446997305297,0.007053269952555624,Equal probability mean,0.9999850320322874,-0.0036403323017576428
284,0,10,0.23449629225591787,0.20795269371396685,Equal probability mean,0.006263139760800196,0.22823315249511766
285,1,10,0.5054884143685625,0.3464164112743195,Equal probability mean,0.9383366149310055,-0.432848200562443
286,1,10,0.5444194877454968,0.06339838865725465,Equal probability mean,0.5424522174454024,0.001967270300094359
287,1,5,0.9999562700999884,7.316291199098975e-05,Equal probability mean,0.9999975572388888,-4.128713890039215e-05
288,0,10,0.013995513624103232,0.042740562821338896,Equal probability mean,1.2995270750966999e-05,0.013982518353352265
289,1,10,0.9484712548817459,0.15172058457444712,Equal probability mean,0.9915161217579964,-0.04304486687625053
290,1,10,0.9999912399585924,1.6408104466280657e-05,Equal probability mean,0.9999999969263397,-8.756967747269861e-06
291,1,10,0.974909130967444,0.04483268114938787,Equal probability mean,0.9997360152712655,-0.024826884303821517
292,0,10,0.680363715779768,0.3275738871059017,Equal probability mean,0.47011840115034836,0.2102453146294196
293,1,10,0.9999999980543981,5.2485524393550855e-09,Equal probability mean,0.9999999999996616,-1.9452635058314627e-09
294,0,10,0.4786667033857457,0.11008322470093458,Equal probability mean,8.303090729137429e-07,0.47866587307667274
295,0,10,0.0011311266468373633,0.002730051561603675,Equal probability mean,1.1598226960562428e-09,0.0011311254870146673
296,1,10,0.9999999979654179,5.219475984139625e-09,Equal probability mean,0.999999999994266,-2.0288480895302996e-09
297,0,10,7.04522403795753e-05,0.000149410217784158,Equal probability mean,3.359964788514087e-11,7.045220677992742e-05
298,0,10,0.5166026152321618,0.32996142808384343,Equal probability mean,4.298600748009866e-07,0.516602185372087
299,1,10,0.6166723095113695,0.2024491710751911,Equal probability mean,0.8557521920415235,-0.239079882530154
300,1,5,0.999999983533224,3.6782191476724214e-08,Equal probability mean,0.999999999991542,-1.645831804175657e-08
301,1,5,0.99999999995986,2.7008585398468152e-11,Equal probability mean,0.9999999999322506,2.760935924328578e-11
0,0,10,0.44834205745164724,0.4300609847790155,Equal logit mean,1.0263488559523275e-05,0.4483317939630877
1,1,5,0.9999990000000001,0.0,Equal logit mean,0.999999,1.1102230246251565e-16
2,0,10,0.000805826160899123,0.0010799886148369399,Equal logit mean,1.0000000000000008e-06,0.0008048261608991229
3,0,10,0.05836338402712006,0.12619149042963365,Equal logit mean,0.00021418754425764025,0.05814919648286242
4,0,10,1.2656662275934818e-05,2.0041471941375184e-05,Equal logit mean,5.09730101188614e-06,7.559361264048677e-06
5,1,10,0.999772314698736,0.0003457396525455467,Equal logit mean,0.9995526341733348,0.00021968052540111138
6,0,10,0.6803885184565899,0.31326610313734243,Equal logit mean,0.9732336648513703,-0.29284514639478043
7,0,10,0.00036898963986247096,0.00047387381065330456,Equal logit mean,1.328653629307328e-05,0.0003557031035693977
8,0,10,0.003845451675101419,0.010801996722722917,Equal logit mean,0.0003086148328810167,0.003536836842220402
9,1,10,0.999269688837291,0.0009997202974386045,Equal logit mean,0.9994490950323331,-0.00017940619504219768
10,0,10,0.5114659508350282,0.3133821617981354,Equal logit mean,0.6112044886723862,-0.09973853783735798
11,1,10,0.9999988948978352,2.2440444920778244e-07,Equal logit mean,0.999999,-1.0510216474912681e-07
12,1,10,0.9999977232955513,2.9647866396492058e-06,Equal logit mean,0.999999,-1.2767044487160817e-06
13,0,10,0.9053880205079864,0.16687252090903834,Equal logit mean,2.9402106950940784e-06,0.9053850802972913
14,1,2,0.999999,0.0,Equal logit mean,0.999994189845993,4.810154006995582e-06
15,0,10,0.23821505970301526,0.25208012775116817,Equal logit mean,0.0004622272318047309,0.23775283247121054
16,1,1,0.999999,,Equal logit mean,0.9999986846565103,3.153434896541185e-07
17,1,10,0.8264040912276268,0.27128303712192,Equal logit mean,0.9803481469286807,-0.15394405570105385
18,0,10,0.26247763847812156,0.2672868956085607,Equal logit mean,0.006407070682933177,0.2560705677951884
19,0,10,1.8491805156605375e-05,2.3267165109226112e-05,Equal logit mean,1.0000000000000008e-06,1.7491805156605375e-05
20,0,10,0.1857761202193835,0.3366939905668067,Equal logit mean,1.0000000000000008e-06,0.1857751202193835
21,1,2,0.999999,0.0,Equal logit mean,0.999999,0.0
22,1,10,0.38514224132203634,0.4379572449087379,Equal logit mean,0.9988465700688499,-0.6137043287468136
23,1,10,0.09703060590460978,0.2870719280544599,Equal logit mean,0.9875906470211206,-0.8905600411165109
24,0,10,1.5051050740966059e-05,2.176584887657774e-05,Equal logit mean,3.702292703115789e-06,1.1348758037850271e-05
25,1,10,0.9933950453244336,0.018120452554613767,Equal logit mean,0.9999882063981858,-0.006593161073752185
26,1,10,0.17703039861474135,0.17016882273162928,Equal logit mean,0.9035696589576845,-0.7265392603429431
27,0,10,0.022976750715764535,0.03453166832965438,Equal logit mean,1.0000000000000008e-06,0.022975750715764534
28,0,10,0.0010780041554044764,0.002026604111827926,Equal logit mean,0.010844869506843663,-0.009766865351439186
29,0,10,0.9974812463235493,0.006019697263993997,Equal logit mean,0.9835981055433494,0.01388314078019992
30,0,10,0.00032348506684786707,0.00048603318657516897,Equal logit mean,5.884943683148302e-05,0.00026463563001638405
31,1,10,0.24206863316293198,0.2763860067638126,Equal logit mean,0.999264302901726,-0.757195669738794
32,1,2,0.999999,0.0,Equal logit mean,0.999999,0.0
33,0,10,0.3570813496883468,0.35285874649329474,Equal logit mean,9.212022047868295e-05,0.35698922946786815
34,0,10,0.0017906043216379842,0.0026091201542405907,Equal logit mean,1.4366973069267337e-05,0.0017762373485687168
35,0,10,0.08701972370520482,0.1195178076146999,Equal logit mean,8.731055188365685e-05,0.08693241315332116
36,0,10,0.0008637596595269534,0.0015436354159907527,Equal logit mean,3.0271060023350944e-06,0.0008607325535246183
37,0,10,0.1312732417403147,0.18020048867227245,Equal logit mean,0.30296477028465146,-0.17169152854433675
38,0,10,0.00778784921891887,0.01066602326829604,Equal logit mean,1.0000000000000008e-06,0.00778684921891887
39,0,10,3.904860747538458e-06,3.6413432828089976e-06,Equal logit mean,1.0000000000000008e-06,2.904860747538457e-06
40,0,10,0.9982895971856912,0.002046984503849201,Equal logit mean,0.8520859270890213,0.1462036700966699
41,1,10,0.9999980569564446,2.4150908722114295e-06,Equal logit mean,0.9999485095279331,4.954742851148719e-05
42,0,10,0.443280654408383,0.4153714170863163,Equal logit mean,2.4454660819884297e-05,0.4432561997475631
43,0,10,0.00017091165297147075,0.00016874599224352588,Equal logit mean,4.093350183933352e-05,0.00012997815113213724
44,0,10,0.013523244761489311,0.017186733432829015,Equal logit mean,0.0006215384692148992,0.012901706292274412
45,0,10,0.31774802982010564,0.3605245038648604,Equal logit mean,0.0002202662370463666,0.3175277635830593
46,0,10,0.002480276510406454,0.0036170559148888865,Equal logit mean,0.004617743874270197,-0.0021374673638637426
47,0,10,2.8288579703880007e-05,3.197361855065351e-05,Equal logit mean,1.0000000000000008e-06,2.7288579703880006e-05
48,0,10,0.00027639392722381953,0.0003839639642633266,Equal logit mean,0.0002448125958775447,3.1581331346274835e-05
49,0,10,1.8963349388207705e-05,1.6906764212329236e-05,Equal logit mean,1.0000000000000008e-06,1.7963349388207704e-05
50,0,10,0.16221061590362965,0.2154246293798816,Equal logit mean,0.05226848247369121,0.10994213342993844
51,0,10,0.01742145215899537,0.02209676879169428,Equal logit mean,6.328417061054179e-05,0.017358167988384826
52,0,10,0.6132080375026062,0.3859400162473545,Equal logit mean,6.38962537236931e-05,0.6131441412488825
53,1,10,0.6875166553871612,0.2875588511982043,Equal logit mean,0.9807062957212554,-0.2931896403340942
54,1,10,0.7472940875573164,0.28191221000452293,Equal logit mean,0.9712478568241942,-0.22395376926687782
55,1,10,0.9665148546343995,0.041089783955791694,Equal logit mean,0.999697040323691,-0.03318218568929154
56,0,10,0.007464733179870972,0.017589709542902822,Equal logit mean,0.0004866631541606277,0.006978070025710344
57,0,10,0.0011933190018937883,0.0020416007238717574,Equal logit mean,4.011479081200139e-05,0.001153204211081787
58,1,10,0.9956123108629527,0.012764738835090857,Equal logit mean,0.9996953342173496,-0.00408302335439692
59,0,10,1.4764738590535228e-05,2.1624482363202764e-05,Equal logit mean,2.4066630086319415e-06,1.2358075581903288e-05
60,1,10,0.9999985755215871,7.593062675104984e-07,Equal logit mean,0.999809707732688,0.00018886778889914968
61,0,10,0.06211617782645693,0.07786839918112601,Equal logit mean,6.402525505346815e-06,0.06210977530095158
62,0,10,0.004146531309898813,0.011502389371528594,Equal logit mean,3.2933212524907606e-06,0.004143237988646323
63,1,10,0.9497780532563299,0.07471387052350183,Equal logit mean,0.9876589257847211,-0.03788087252839123
64,0,10,0.1101847397284456,0.17863627474244403,Equal logit mean,1.6716426700161754e-06,0.11018306808577558
65,0,10,0.10201500359764264,0.17210231591336073,Equal logit mean,2.5835993080536673e-06,0.10201241999833459
66,1,2,0.999999,0.0,Equal logit mean,0.999999,0.0
67,1,10,0.9957542614536774,0.012110894426661889,Equal logit mean,0.9999809505806918,-0.004226689127014405
68,0,10,0.0004440442063282481,0.0002982586739705907,Equal logit mean,0.000246799680724987,0.00019724452560326112
69,1,10,0.9999889574084468,3.033292067140284e-05,Equal logit mean,0.9999960437299034,-7.0863214565175525e-06
70,0,10,0.6829940655981984,0.400575434328868,Equal logit mean,2.080010100777617e-06,0.6829919855880976
71,1,10,0.6656827634100898,0.3518455132426287,Equal logit mean,0.49929257660828935,0.16639018680180045
72,1,5,0.9999990000000001,0.0,Equal logit mean,0.999999,1.1102230246251565e-16
73,1,2,0.999999,0.0,Equal logit mean,0.999999,0.0
74,1,2,0.999999,0.0,Equal logit mean,0.999999,0.0
75,1,5,0.999998991120399,1.985539137842284e-08,Equal logit mean,0.999999,-8.879600943423327e-09
76,0,10,2.1336899285666692e-05,2.995722739152905e-05,Equal logit mean,1.0000000000000008e-06,2.0336899285666692e-05
77,1,10,0.999958506499785,5.877332761263258e-05,Equal logit mean,0.999999,-4.049350021495535e-05
78,1,10,0.999997880454053,1.0887510875892283e-06,Equal logit mean,0.9999953240422486,2.5564118044663076e-06
79,1,10,0.9999894031278689,1.9349861634353138e-05,Equal logit mean,0.9999789732563411,1.042987152777286e-05
80,1,10,0.9999990000000001,0.0,Equal logit mean,0.999999,1.1102230246251565e-16
81,1,10,0.9977432198000742,0.007061155826373115,Equal logit mean,0.9999954839767424,-0.0022522641766682394
82,1,5,0.9999990000000001,0.0,Equal logit mean,0.999999,1.1102230246251565e-16
83,0,10,0.7352137611306127,0.3312738625783909,Equal logit mean,0.008990500385588124,0.7262232607450245
84,1,5,0.9999990000000001,0.0,Equal logit mean,0.999999,1.1102230246251565e-16
85,0,10,0.5297117798926592,0.3276175893011569,Equal logit mean,0.9786379664809352,-0.448926186588276
86,0,10,0.11563090399704834,0.23703430561144587,Equal logit mean,1.4622853721682435e-05,0.11561628114332666
87,1,10,0.9999956051612967,9.058955950120919e-06,Equal logit mean,0.9999981756486387,-2.5704873419796215e-06
88,0,10,6.62862963654798e-05,9.833292712016657e-05,Equal logit mean,1.0000000000000008e-06,6.52862963654798e-05
89,0,10,0.16543784354763572,0.24998841515279144,Equal logit mean,1.0000000000000008e-06,0.16543684354763571
90,0,10,0.1857897713615289,0.26110697261098076,Equal logit mean,1.2302427658033273e-05,0.18577746893387087
91,1,10,0.9999808029261941,5.357967457906752e-05,Equal logit mean,0.9998167206476453,0.00016408227854880497
92,1,10,0.9999943844720995,1.420735477455541e-05,Equal logit mean,0.999999,-4.615527900431182e-06
93,1,10,0.9993926067139395,0.0017091767669455344,Equal logit mean,0.9999483044199676,-0.0005556977060281465
94,1,10,0.9999990000000001,0.0,Equal logit mean,0.999999,1.1102230246251565e-16
95,0,10,8.340362672824835e-06,1.329974573764855e-05,Equal logit mean,1.0000000000000008e-06,7.340362672824834e-06
96,1,10,0.7373561507209774,0.31476371446553725,Equal logit mean,0.9999906326637162,-0.26263448194273886
97,0,10,5.166251550105479e-05,6.372865945601516e-05,Equal logit mean,1.0000000000000008e-06,5.0662515501054784e-05
98,1,10,0.9999990000000001,0.0,Equal logit mean,0.999999,1.1102230246251565e-16
99,1,5,0.9999989218242507,1.7480628982061902e-07,Equal logit mean,0.999999,-7.817574931845428e-08
100,1,10,0.36040517129097105,0.41589137400573967,Equal logit mean,0.33265210485155877,0.027753066439412277
102,0,10,0.005038563738116376,0.014367925016635225,Equal logit mean,0.00028154336245303984,0.004757020375663336
103,1,10,0.26287854485441847,0.27610921240575376,Equal logit mean,0.04366376969248485,0.2192147751619336
104,1,10,0.9999705000884551,5.7095568488703494e-05,Equal logit mean,0.999999,-2.849991154485476e-05
105,1,2,0.999999,0.0,Equal logit mean,0.999999,0.0
106,0,10,0.00017744003196543603,0.0002731998832056763,Equal logit mean,0.00014109819053441844,3.634184143101759e-05
107,1,10,0.5558773237068332,0.4489069186484723,Equal logit mean,0.9994376303334156,-0.4435603066265824
108,0,10,0.5437540370294878,0.43388679090944804,Equal logit mean,1.2367534597010523e-05,0.5437416694948908
109,1,5,0.9999990000000001,0.0,Equal logit mean,0.999999,1.1102230246251565e-16
110,1,10,0.25449922463997937,0.29940029169352916,Equal logit mean,0.016173578194812573,0.2383256464451668
111,0,10,0.8588486219847862,0.23258947833991273,Equal logit mean,0.9854327909402273,-0.1265841689554411
112,1,2,0.999999,0.0,Equal logit mean,0.999999,0.0
113,0,10,0.00589124307316124,0.0066303968890144135,Equal logit mean,1.0000000000000008e-06,0.00589024307316124
114,0,10,0.37688730435323536,0.38589869679473165,Equal logit mean,0.0658867081092853,0.31100059624395004
115,0,10,0.0014731739644642332,0.0033485776587296456,Equal logit mean,1.0000000000000008e-06,0.0014721739644642333
116,1,5,0.9999990000000001,0.0,Equal logit mean,0.999999,1.1102230246251565e-16
117,0,10,0.20622792185288827,0.33284660086790785,Equal logit mean,4.784440055966968e-06,0.2062231374128323
118,1,10,0.901958312064313,0.20642777308471066,Equal logit mean,0.7170201476224825,0.18493816444183053
119,1,2,0.999999,0.0,Equal logit mean,0.999999,0.0
120,1,5,0.9999985293106782,1.0524933199402422e-06,Equal logit mean,0.999999,-4.706893217409913e-07
121,0,10,0.0007460173461604936,0.0014388051832312854,Equal logit mean,1.0000000000000008e-06,0.0007450173461604936
122,1,10,0.999975127148307,3.505515424664607e-05,Equal logit mean,0.9999679779397131,7.1492085939039995e-06
123,0,10,0.03666133088743046,0.08202313471773191,Equal logit mean,0.00016420900851896777,0.03649712187891149
124,0,10,0.000499622216247691,0.0008971654001058214,Equal logit mean,1.0000000000000008e-06,0.000498622216247691
125,1,10,0.9670672248631187,0.04675225179805256,Equal logit mean,0.9929494400200922,-0.02588221515697353
126,1,10,0.9999809832377556,3.4399828280617135e-05,Equal logit mean,0.999999,-1.8016762244332796e-05
127,0,10,0.000209090547866885,0.00047491277958840476,Equal logit mean,1.0000000000000008e-06,0.000208090547866885
128,0,10,2.161381193360589e-05,1.5600988123641612e-05,Equal logit mean,1.0000000000000008e-06,2.061381193360589e-05
129,0,10,3.230343593941913e-05,4.251893107172908e-05,Equal logit mean,1.0000000000000008e-06,3.130343593941913e-05
130,1,10,0.26576672617683383,0.3302990369073688,Equal logit mean,0.8406276361339012,-0.5748609099570674
131,1,5,0.9999990000000001,0.0,Equal logit mean,0.999999,1.1102230246251565e-16
132,1,10,0.9818146914395156,0.027179188796506513,Equal logit mean,0.9995908368870872,-0.017776145447571556
133,1,10,0.0012091470349596424,0.0009348754737301477,Equal logit mean,0.000904457646402975,0.00030468938855666744
134,1,10,0.9999279734459071,8.969260367517085e-05,Equal logit mean,0.9999623478138852,-3.437436797804061e-05
135,1,5,0.9999990000000001,0.0,Equal logit mean,0.999999,1.1102230246251565e-16
136,0,10,0.0007252627411583286,0.0009996419436321812,Equal logit mean,9.71168956896377e-06,0.0007155510515893648
137,1,10,0.8459550415096146,0.2413091296536728,Equal logit mean,0.9444244035378465,-0.09846936202823187
138,1,10,0.9987862434319675,0.0015167246552258294,Equal logit mean,0.9999265847502125,-0.0011403413182449196
139,1,5,0.9999955201933963,5.891973836445845e-06,Equal logit mean,0.9999938136834743,1.7065099220392455e-06
140,1,10,0.6073457992044444,0.40395303622217005,Equal logit mean,0.9999693321359366,-0.3926235329314922
141,1,10,0.999949586540124,6.799928702416963e-05,Equal logit mean,0.9999964090056448,-4.68224655207905e-05
142,1,10,0.19831895942061534,0.24303290859359838,Equal logit mean,0.33668609481117623,-0.1383671353905609
143,1,10,0.9789577560677142,0.041961083451404105,Equal logit mean,0.9999988832246927,-0.02104112715697848
144,1,10,0.5997264194266226,0.4089146218974555,Equal logit mean,0.0004919496492868647,0.5992344697773357
145,0,10,0.6430676095797263,0.345487644126931,Equal logit mean,0.0006486859929077116,0.6424189235868186
146,0,10,0.0007078194440009188,0.0010520763246342944,Equal logit mean,1.0000000000000008e-06,0.0007068194440009187
147,0,10,0.34084567293349133,0.37088921721964385,Equal logit mean,4.517219572783697e-06,0.34084115571391854
148,1,10,0.9795399987905888,0.0646069747973554,Equal logit mean,0.9999980550741849,-0.020458056283596093
149,1,10,0.9999660029631379,7.68402805199385e-05,Equal logit mean,0.9999976725478144,-3.166958467648584e-05
150,0,10,0.9845818681685271,0.01841334208793325,Equal logit mean,0.9946417686790493,-0.01005990051052219
151,1,10,0.9999927282006114,5.179481837613121e-06,Equal logit mean,0.9999912931407939,1.435059817422868e-06
152,0,10,0.00015659201628572187,0.000272534909367456,Equal logit mean,0.00010812027628203131,4.847174000369056e-05
153,0,10,0.01272725271082616,0.02949375659754761,Equal logit mean,2.9307710959594544e-06,0.0127243219397302
154,1,10,0.7686423719786213,0.27454504920839884,Equal logit mean,0.9783717381620437,-0.20972936618342242
155,1,10,0.9950334070787479,0.009332711733524611,Equal logit mean,0.9999663186967639,-0.0049329116180160115
156,1,1,0.999999,,Equal logit mean,0.999999,0.0
157,1,2,0.999999,0.0,Equal logit mean,0.999999,0.0
158,0,10,0.0001324410132579773,0.00013871398888867854,Equal logit mean,1.0000000000000008e-06,0.0001314410132579773
159,0,10,0.00013171911119482185,0.00016360634664060736,Equal logit mean,2.9664929016852847e-06,0.00012875261829313657
160,1,10,0.525357152162466,0.3401323561274288,Equal logit mean,0.029482644507009957,0.4958745076554561
161,1,10,0.36555267196577806,0.4236947179367959,Equal logit mean,0.9781601863208096,-0.6126075143550316
162,0,10,3.51239707013992e-05,5.227179812427215e-05,Equal logit mean,1.80593656875712e-06,3.331803413264208e-05
163,1,10,0.9999959554661297,5.519279668518892e-06,Equal logit mean,0.999999,-3.0445338702334013e-06
164,0,10,0.002778354984307885,0.008000911448354468,Equal logit mean,1.0000000000000008e-06,0.002777354984307885
165,0,10,0.21195815000549093,0.3059602004477633,Equal logit mean,1.0000000000000008e-06,0.21195715000549092
166,0,10,4.396508763754685e-05,3.28711435900647e-05,Equal logit mean,1.0000000000000008e-06,4.296508763754684e-05
167,0,10,0.5715246898769062,0.48203588647321843,Equal logit mean,6.807470452438106e-06,0.5715178824064537
168,0,10,0.000374602185990271,0.00033584260391608764,Equal logit mean,8.711564438478153e-06,0.00036589062155179284
169,0,10,0.0009726454748564377,0.0008842852489635755,Equal logit mean,1.8996783180907747e-06,0.0009707457965383469
170,0,10,4.443969715842826e-05,4.552157994332324e-05,Equal logit mean,1.0000000000000008e-06,4.343969715842826e-05
171,0,10,0.9360828904932736,0.09720458754224501,Equal logit mean,0.0025707357170738584,0.9335121547761998
172,1,5,0.9999990000000001,0.0,Equal logit mean,0.999999,1.1102230246251565e-16
173,1,10,0.9411430711225209,0.14184152757222793,Equal logit mean,0.9996865558228093,-0.05854348470028836
174,0,10,0.0007507738236562457,0.0011879694153128938,Equal logit mean,0.00024184227479968765,0.0005089315488565581
175,0,10,0.0007476391141617545,0.0009373607533975368,Equal logit mean,1.0000000000000008e-06,0.0007466391141617545
176,0,10,2.0779063025021548e-05,1.7521385825914095e-05,Equal logit mean,1.3812128915630494e-05,6.966934109391053e-06
177,0,10,0.0006121161692035392,0.001332328277704114,Equal logit mean,1.0000000000000008e-06,0.0006111161692035392
178,0,10,5.370680184858819e-05,0.00011281522770640914,Equal logit mean,1.0000000000000008e-06,5.2706801848588185e-05
179,0,10,0.869140207129847,0.27927853467969804,Equal logit mean,1.6244099723473845e-05,0.8691239630301235
180,1,10,0.10261297657039688,0.21657547017380036,Equal logit mean,0.6580044382683096,-0.5553914616979126
181,0,10,0.8211418096390026,0.22669636516111571,Equal logit mean,1.0843562904889716e-05,0.8211309660760977
182,1,5,0.9999990000000001,0.0,Equal logit mean,0.999999,1.1102230246251565e-16
183,1,2,0.9999937632827488,7.405836558913415e-06,Equal logit mean,0.999999,-5.2367172511669224e-06
184,1,10,0.6550618521038832,0.24050578539747733,Equal logit mean,0.9491853343528811,-0.29412348224899787
185,0,10,0.4805254369421473,0.2618929445531808,Equal logit mean,0.00010942766307355382,0.48041600927907374
186,1,10,0.09524298489906069,0.15359457404254867,Equal logit mean,0.9992589597814259,-0.9040159748823652
187,1,10,0.00033908212932144894,0.0003914107316106279,Equal logit mean,3.294340608618591e-06,0.00033578778871283033
188,1,10,0.9999888793229077,2.114114465421122e-05,Equal logit mean,0.9999975201558772,-8.640832969475376e-06
189,0,10,0.4609932647732595,0.39758991252001014,Equal logit mean,2.44883458177563e-05,0.4609687764274418
190,0,10,0.5484896090723497,0.3735880601197554,Equal logit mean,3.0346909635960862e-05,0.5484592621627137
191,0,10,0.007866182228676967,0.015547417862064818,Equal logit mean,6.468267294515334e-06,0.007859713961382452
192,1,2,0.999999,0.0,Equal logit mean,0.999999,0.0
193,0,10,0.0015985932131498415,0.0031827745256606224,Equal logit mean,0.008105040401320183,-0.0065064471881703416
194,1,10,0.9999967373720875,5.345927391996163e-06,Equal logit mean,0.999999,-2.2626279124748905e-06
195,0,10,0.7051777581274379,0.3364003761518525,Equal logit mean,6.090334964005053e-06,0.7051716677924739
196,0,10,3.719599680505156e-05,7.778932254719629e-05,Equal logit mean,1.0000000000000008e-06,3.6195996805051554e-05
197,0,10,0.0011158169445705812,0.0020140161807352883,Equal logit mean,7.010663524002675e-05,0.0010457103093305545
198,1,10,0.7333430698434482,0.3618192591587039,Equal logit mean,0.9790296913632847,-0.24568662151983645
199,1,5,0.9999990000000001,0.0,Equal logit mean,0.999999,1.1102230246251565e-16
200,1,10,0.9427186385100086,0.10837984098096043,Equal logit mean,0.9870937629481523,-0.04437512443814373
201,0,10,0.02419668626101896,0.02975724121072062,Equal logit mean,0.00024280510630412595,0.02395388115471483
202,1,10,0.9998356271583398,0.0003213686233047022,Equal logit mean,0.9999988942050446,-0.00016326704670477366
203,0,10,2.9332578488836708e-05,3.916694609930575e-05,Equal logit mean,1.0000000000000008e-06,2.8332578488836707e-05
204,1,3,0.999999,0.0,Equal logit mean,0.999999,0.0
205,0,10,7.006100135400548e-05,0.000117638152816642,Equal logit mean,1.0000000000000008e-06,6.906100135400548e-05
206,0,10,0.008344084383020615,0.01552443871898869,Equal logit mean,2.5227924135014745e-06,0.008341561590607114
207,1,10,0.9910525340387952,0.025492360009031587,Equal logit mean,0.9999675704858207,-0.008915036447025515
208,0,10,0.000272000432521204,0.0004977319511191996,Equal logit mean,0.0005468326879259271,-0.00027483225540472306
209,1,10,0.9984776461191389,0.002585878385283579,Equal logit mean,0.9997402019110555,-0.0012625557919165864
210,1,5,0.9999990000000001,0.0,Equal logit mean,0.999999,1.1102230246251565e-16
211,1,10,0.9999957158724003,7.54428822368809e-06,Equal logit mean,0.9999589086404909,3.680723190946367e-05
212,1,1,0.9999974685433669,,Equal logit mean,0.9999833896384555,1.4078904911452028e-05
213,0,10,5.2798841016170644e-05,7.872490800481505e-05,Equal logit mean,3.699837906077744e-06,4.90990031100929e-05
214,0,10,0.11258494349458863,0.20279026623001037,Equal logit mean,0.001388649967751702,0.11119629352683692
215,0,10,9.751006516831816e-05,0.00025074603577649406,Equal logit mean,1.0000000000000008e-06,9.651006516831817e-05
216,1,2,0.9999608929347792,5.389152845734917e-05,Equal logit mean,0.999999,-3.8107065220782665e-05
217,0,10,0.5281331057474672,0.344215758369391,Equal logit mean,1.0000000000000008e-06,0.5281321057474672
218,0,10,9.530583753024557e-05,0.00012268035401740015,Equal logit mean,1.0000000000000008e-06,9.430583753024557e-05
219,1,10,0.9997081341425733,0.0006534289289935586,Equal logit mean,0.9999989692505242,-0.00029083510795091527
220,0,10,0.3679249361513149,0.2977246139111579,Equal logit mean,1.0000000000000008e-06,0.3679239361513149
221,1,10,0.9997768840681613,0.000557446787298714,Equal logit mean,0.999999,-0.000222115931838629
222,1,5,0.9999990000000001,0.0,Equal logit mean,0.999999,1.1102230246251565e-16
223,1,10,0.9997691637454984,0.0003477907177360426,Equal logit mean,0.999991947784549,-0.0002227840390506275
224,1,10,0.06427627854937301,0.10607470243351011,Equal logit mean,0.0011132206299474515,0.06316305791942556
225,1,2,0.999999,0.0,Equal logit mean,0.999999,0.0
226,0,10,0.004450158662636641,0.0037757316692958844,Equal logit mean,4.9400099289625324e-05,0.004400758563347016
227,1,10,0.9999990000000001,0.0,Equal logit mean,0.9999957891577061,3.2108422939325365e-06
228,1,1,0.999999,,Equal logit mean,0.9999989851042146,1.4895785382940119e-08
229,1,2,0.9999964460534849,3.6118257992759146e-06,Equal logit mean,0.999999,-2.5539465150492546e-06
230,1,10,0.9999230717609382,0.00015506370335762438,Equal logit mean,0.9999698039168393,-4.673215590111912e-05
231,0,10,0.21906429023155574,0.34154674842593713,Equal logit mean,0.01100777242069703,0.2080565178108587
232,0,10,0.03907729621637444,0.12286242020321701,Equal logit mean,1.0000000000000008e-06,0.039076296216374436
233,1,10,0.9999963586578824,3.3432617904254527e-06,Equal logit mean,0.999999,-2.641342117581935e-06
234,0,10,0.20506915631270523,0.3205719746465693,Equal logit mean,2.5597921056470706e-05,0.20504355839164876
235,0,10,0.4271965471658645,0.3405449508348735,Equal logit mean,0.00014234111613561413,0.42705420604972893
236,0,10,5.474890467606255e-06,7.934559334653613e-06,Equal logit mean,1.0000000000000008e-06,4.474890467606254e-06
237,1,10,0.6763761755025635,0.3138020520820539,Equal logit mean,0.5228405914949996,0.15353558400756384
238,1,1,0.9999983320810912,,Equal logit mean,0.9999824488290269,1.5883252064363695e-05
239,0,10,0.09498234504638826,0.1133309649640388,Equal logit mean,0.004555884283046165,0.0904264607633421
240,1,10,0.621874591065872,0.3875574277438831,Equal logit mean,0.9993105111149677,-0.37743592004909576
241,0,10,0.00010995745904278899,0.00019675636696576832,Equal logit mean,3.1598276379256956e-06,0.00010679763140486329
242,1,1,0.999999,,Equal logit mean,0.999999,0.0
243,1,10,0.9999985433202685,7.574532010858631e-07,Equal logit mean,0.999996739723284,1.8035969845398014e-06
244,0,10,0.9508894705229759,0.09559948102302346,Equal logit mean,0.09677340258412548,0.8541160679388504
245,0,10,0.0012044645848205125,0.0016664671668682588,Equal logit mean,5.828390388881093e-06,0.0011986361944316313
246,0,10,0.0006183282525156085,0.0007472260018387036,Equal logit mean,8.694939714298738e-06,0.0006096333128013098
247,0,10,0.5120722694694377,0.3923740334544098,Equal logit mean,0.12248771768207636,0.3895845517873614
248,0,10,0.18168019548138523,0.3184815579525801,Equal logit mean,4.403578744194351e-05,0.18163615969394328
249,1,10,0.9996206413627926,0.00048580879311213706,Equal logit mean,0.9995013458170277,0.00011929554576495249
250,0,10,0.48380356477974784,0.4614912590097355,Equal logit mean,0.9354259449788028,-0.451622380199055
251,0,10,0.10351465167347271,0.20455312043369686,Equal logit mean,0.12063920378654128,-0.01712455211306857
252,1,10,0.9998738780603148,0.0003828990066746199,Equal logit mean,0.999999,-0.00012512193968516883
253,1,10,0.9999837129860081,2.280233265125728e-05,Equal logit mean,0.999999,-1.5287013991893694e-05
254,0,10,0.0036355542299636237,0.008622528795554,Equal logit mean,1.0000000000000008e-06,0.0036345542299636236
255,0,10,0.0007379777944776223,0.0016361181344670417,Equal logit mean,0.0004345738177071236,0.0003034039767704987
256,0,10,0.0003625949553355334,0.0002872843887891258,Equal logit mean,1.0000000000000008e-06,0.00036159495533553336
257,0,10,0.49530290871591215,0.40105663446558737,Equal logit mean,0.009497806964540804,0.48580510175137137
258,1,10,0.5456403324861502,0.23622390637486082,Equal logit mean,0.7656213744781466,-0.21998104199199642
259,0,10,0.43325108630900094,0.4383333020359007,Equal logit mean,0.8542266667969767,-0.42097558048797573
260,0,10,5.4098034024867636e-05,6.623853358730013e-05,Equal logit mean,1.0000000000000008e-06,5.309803402486763e-05
261,0,10,0.0002214062965110689,0.0002935112536223902,Equal logit mean,1.0000000000000008e-06,0.0002204062965110689
262,1,10,0.9999790156125998,6.249598765266885e-05,Equal logit mean,0.999999,-1.9984387400140413e-05
263,0,10,0.00011123557910225357,0.00017766547587911674,Equal logit mean,0.0002718703465197215,-0.00016063476741746795
264,1,10,0.9999977895167922,2.3849397243471847e-06,Equal logit mean,0.9999905435720318,7.2459447604256155e-06
265,0,10,0.9363894644299998,0.13193247202601172,Equal logit mean,0.9992180192327312,-0.06282855480273142
266,0,10,0.00012165217400613637,0.0003172518070681026,Equal logit mean,1.0000000000000008e-06,0.00012065217400613637
267,0,10,0.08431386307855977,0.15785658841725844,Equal logit mean,1.0000000000000008e-06,0.08431286307855977
268,1,10,0.12169627728477816,0.21128304472822773,Equal logit mean,0.9638616436804791,-0.8421653663957009
269,1,10,0.999987893680264,1.980486857781605e-05,Equal logit mean,0.999999,-1.1106319735998404e-05
270,0,10,0.0004126574912242595,0.0005103180787309685,Equal logit mean,1.0000000000000008e-06,0.00041165749122425946
271,1,10,0.9561187515549922,0.13293822345083559,Equal logit mean,0.9989472080428726,-0.04282845648788047
272,0,10,0.08461198366263085,0.22940831152946176,Equal logit mean,1.0000000000000008e-06,0.08461098366263085
273,0,10,0.0003888065499412758,0.0006129123497713429,Equal logit mean,1.0000000000000008e-06,0.00038780654994127577
274,1,10,0.14615810772327748,0.18634225111230163,Equal logit mean,0.3559250024489689,-0.20976689472569143
275,0,10,0.1637973820100416,0.2235810190075048,Equal logit mean,0.001911066874029388,0.1618863151360122
276,1,10,0.9999895964975589,9.145837040659053e-06,Equal logit mean,0.9999968153916673,-7.218894108373952e-06
277,0,10,0.14553396351864206,0.3015625656180228,Equal logit mean,0.0004068188438088909,0.14512714467483318
278,1,10,0.9965424144713604,0.010016632194046108,Equal logit mean,0.9999558180915075,-0.003413403620147082
279,1,10,0.9982585369189408,0.0032669965833870157,Equal logit mean,0.9778821169696283,0.020376419949312496
280,0,10,0.0005547208865198572,0.0006460601645882605,Equal logit mean,8.245656155623967e-05,0.0004722643249636175
281,1,5,0.9999990000000001,0.0,Equal logit mean,0.999999,1.1102230246251565e-16
282,1,5,0.9999990000000001,0.0,Equal logit mean,0.9999987154060006,2.8459399947777797e-07
283,1,10,0.9999339520087063,8.792800475709018e-05,Equal logit mean,0.9999946127318933,-6.066072318700044e-05
284,0,10,0.10443044870350797,0.20502628466999537,Equal logit mean,0.00011261367596985618,0.10431783502753811
285,1,10,0.5070933523262201,0.4256987738349338,Equal logit mean,0.9946619567527316,-0.4875686044265115
286,1,10,0.6768773510207197,0.31135430213874216,Equal logit mean,0.9793177956065798,-0.30244044458586017
287,1,5,0.9999929197497558,6.850880758348559e-06,Equal logit mean,0.9999977896943617,-4.869944605911947e-06
288,0,10,8.459437101658744e-05,0.00018525604652808053,Equal logit mean,5.0980758012934556e-06,7.9496295215294e-05
289,1,10,0.9844474704353164,0.04359393512949235,Equal logit mean,0.9967468753549915,-0.012299404919675072
290,1,10,0.99999700426718,3.405795376308048e-06,Equal logit mean,0.999999,-1.9957328200037594e-06
291,1,10,0.996892609878197,0.003495964018728314,Equal logit mean,0.9999770202719453,-0.0030844103937484046
292,0,10,0.6966600218941128,0.37573398179253115,Equal logit mean,0.17024514775145608,0.5264148741426568
293,1,10,0.9999990000000001,0.0,Equal logit mean,0.999999,1.1102230246251565e-16
294,0,10,0.3640298810227624,0.31886011827219296,Equal logit mean,1.2872123287356381e-06,0.3640285938104337
295,0,10,2.6547644764681745e-05,4.20250090156911e-05,Equal logit mean,1.0000000000000008e-06,2.5547644764681744e-05
296,1,10,0.9999990000000001,0.0,Equal logit mean,0.999999,1.1102230246251565e-16
297,0,10,7.231265136113453e-06,9.935191818658385e-06,Equal logit mean,1.0000000000000008e-06,6.231265136113452e-06
298,0,10,0.5056597818387729,0.43418635760479235,Equal logit mean,1.0000000000000008e-06,0.5056587818387729
299,1,10,0.6948894786713261,0.24493151021763052,Equal logit mean,0.9938342442270911,-0.298944765555765
300,1,5,0.9999990000000001,0.0,Equal logit mean,0.999999,1.1102230246251565e-16
301,1,5,0.9999990000000001,0.0,Equal logit mean,0.999999,1.1102230246251565e-16
