header,sequence,length,label,fold,similarity_group,probability,prediction,confidence
pos_0,FLQL,4,1,5,1112,0.9958028785220537,1,0.9916057570441075
pos_1,ECA,3,1,3,1275,0.997145920623346,1,0.9942918412466919
pos_2,YQEPVLGP,8,1,3,265,0.9981867395822711,1,0.9963734791645422
pos_3,LWD,3,1,5,1285,0.9958028785220537,1,0.9916057570441075
pos_4,LANAK,5,1,1,1198,0.992941295785551,1,0.985882591571102
pos_5,VTGRFAGHPAAQ,12,1,1,660,0.5711807446400157,1,0.14236148928003134
pos_6,YLYP,4,1,1,1199,0.9931436229105669,1,0.9862872458211338
pos_7,AGLQFPVGR,9,1,1,307,0.9312815488760157,1,0.8625630977520313
pos_8,VVLYR,5,1,5,1222,0.9958028785220537,1,0.9916057570441075
pos_9,AMRLTGNRPGLYAT,14,1,3,443,0.020579398403216622,0,0.9588412031935668
pos_10,YFYP,4,1,5,1036,0.9713225411995879,1,0.9426450823991759
pos_11,PSLPA,5,1,2,1006,0.996114468666502,1,0.992228937333004
pos_12,VIPMGL,6,1,2,1086,0.9910096930291237,1,0.9820193860582473
pos_13,PHN,3,1,5,1292,0.9958028785220537,1,0.9916057570441075
pos_14,TYQTF,5,1,4,1219,0.997334800187329,1,0.994669600374658
pos_15,VLVPK,5,1,5,986,0.9958028785220537,1,0.9916057570441075
pos_16,EFIQ,4,1,5,1236,0.9944272093090101,1,0.9888544186180201
pos_17,YLL,3,1,4,1079,0.9973741220058296,1,0.9947482440116593
pos_18,PAEGPA,6,1,2,1086,0.9904096413607063,1,0.9808192827214126
pos_19,LWS,3,1,1,1288,0.9959152539798869,1,0.9918305079597738
pos_20,PVDENDEG,8,1,1,1000,0.9483491957825665,1,0.896698391565133
pos_22,EPVLGPVRGPFPI,13,1,3,265,0.7546461500973376,1,0.5092923001946752
pos_23,LGLNGDDVN,9,1,3,918,0.8723807264366936,1,0.7447614528733872
pos_24,AMRLTYNRPGLYAT,14,1,3,443,0.048341630053816434,0,0.9033167398923672
pos_25,LWN,3,1,1,1288,0.9959152539798869,1,0.9918305079597738
pos_26,GGVLPNINPVL,11,1,1,687,0.7496894295131648,1,0.4993788590263295
pos_27,IQYVLSR,7,1,3,569,0.9513613156157852,1,0.9027226312315704
pos_28,REGAAPGAA,9,1,1,935,0.9876791152926783,1,0.9753582305853565
pos_29,YRGGLEPINF,10,1,5,870,0.9726262032021413,1,0.9452524064042827
pos_31,PHS,3,1,3,1131,0.9981867395822711,1,0.9963734791645422
pos_32,AHH,3,1,1,1267,0.9959152539798869,1,0.9918305079597738
pos_33,KAQYPYV,7,1,2,1056,0.9767717384499999,1,0.9535434768999997
pos_34,GAGLPGSRER,10,1,3,635,0.9777055405154486,1,0.9554110810308971
pos_35,PGVPWP,6,1,2,1139,0.9926285215566939,1,0.9852570431133878
pos_36,FGF,3,1,5,1279,0.9947513287842187,1,0.9895026575684374
pos_37,YGKHVAVHAR,10,1,3,868,0.9281293177491778,1,0.8562586354983557
pos_38,ESYHLPR,7,1,2,1043,0.9801736595595949,1,0.9603473191191898
pos_40,PHK,3,1,4,1290,0.9973741220058296,1,0.9947482440116593
pos_42,DLVKVEA,7,1,5,1040,0.9608636074543664,1,0.9217272149087328
pos_43,WNMNAH,6,1,4,850,0.955064972712244,1,0.910129945424488
pos_44,AIEWEGIESGSVEQA,15,1,3,327,0.03744421593044235,0,0.9251115681391153
pos_46,WPP,3,1,2,1095,0.9907014588393477,1,0.9814029176786954
pos_47,KYL,3,1,2,1057,0.996114468666502,1,0.992228937333004
pos_48,LQGM,4,1,5,1166,0.9958028785220537,1,0.9916057570441075
pos_49,VYPFPGPIPN,10,1,2,712,0.9933206824806576,1,0.9866413649613153
pos_50,KCHKP,5,1,3,1195,0.963979389470328,1,0.927958778940656
pos_51,ISELWG,6,1,5,1055,0.9691279871709144,1,0.9382559743418288
pos_53,MEPVW,5,1,1,1204,0.99363138265377,1,0.9872627653075401
pos_54,MYVVELMMSF,10,1,1,828,0.2528424656297225,0,0.494315068740555
pos_55,YSY,3,1,2,1273,0.996114468666502,1,0.992228937333004
pos_56,YLGYLE,6,1,4,1079,0.9973741220058296,1,0.9947482440116593
pos_57,WLMSA,5,1,1,1223,0.9940148067441222,1,0.9880296134882445
pos_58,HDHPVC,6,1,1,1116,0.9815314558924972,1,0.9630629117849945
pos_59,AGWNI,5,1,1,1100,0.9904595070420231,1,0.9809190140840462
pos_60,QLNEPDNRLQ,10,1,2,840,0.9724827680616026,1,0.9449655361232052
pos_61,FLLPH,5,1,3,972,0.9981867395822711,1,0.9963734791645422
pos_62,LYTPH,5,1,1,1199,0.9959152539798869,1,0.9918305079597738
pos_64,ERF,3,1,3,1058,0.9981867395822711,1,0.9963734791645422
pos_65,YYI,3,1,4,1228,0.9973741220058296,1,0.9947482440116593
pos_66,DHG,3,1,1,1274,0.9959152539798869,1,0.9918305079597738
pos_67,AFGPE,5,1,4,976,0.9973741220058296,1,0.9947482440116593
pos_68,RDKVYR,6,1,5,1143,0.9773243728222587,1,0.9546487456445174
pos_69,QQRQQQGL,8,1,2,1004,0.9833555304912258,1,0.9667110609824516
pos_70,YKY,3,1,1,1097,0.9959152539798869,1,0.9918305079597738
pos_71,CQC,3,1,1,1077,0.9959152539798869,1,0.9918305079597738
pos_72,FEQL,4,1,4,1107,0.9973741220058296,1,0.9947482440116593
pos_73,DEDTQAMP,8,1,1,961,0.6949416816669625,1,0.3898833633339249
pos_74,CSGD,4,1,3,1232,0.9981867395822711,1,0.9963734791645422
pos_75,GAPGPAGQVGAP,12,1,2,542,0.9241303501925532,1,0.8482607003851064
pos_76,KTFCGRH,7,1,1,1059,0.9748342769813885,1,0.9496685539627769
pos_77,DHH,3,1,1,1234,0.9959152539798869,1,0.9918305079597738
pos_78,RYLG,4,1,4,1079,0.9973741220058296,1,0.9947482440116593
pos_79,WSVPQPK,7,1,2,1095,0.9924814253822665,1,0.9849628507645329
pos_81,GHH,3,1,1,1267,0.9959152539798869,1,0.9918305079597738
pos_82,LTEQESGVPVMK,12,1,2,629,0.8789875554130859,1,0.7579751108261719
pos_83,SYY,3,1,3,1149,0.9981867395822711,1,0.9963734791645422
pos_85,RYPS,4,1,3,1146,0.9981867395822711,1,0.9963734791645422
pos_86,LLPHHH,6,1,2,814,0.996114468666502,1,0.992228937333004
pos_87,GWNIP,5,1,1,1100,0.9446234370249098,1,0.8892468740498196
pos_88,VSYT,4,1,3,938,0.9981867395822711,1,0.9963734791645422
pos_89,KPKL,4,1,4,1126,0.9925521687707337,1,0.9851043375414674
pos_90,RHL,3,1,4,1294,0.9973741220058296,1,0.9947482440116593
pos_91,IVEYF,5,1,5,696,0.9888581466414716,1,0.9777162932829433
pos_92,AMRLTGNRPCLGAT,14,1,3,443,0.09146365195231762,0,0.8170726960953647
pos_93,YGLN,4,1,5,1166,0.9958028785220537,1,0.9916057570441075
pos_94,LVPK,4,1,5,986,0.9958028785220537,1,0.9916057570441075
pos_95,AMRLTGNRPCIYAT,14,1,3,443,0.0478952942039741,0,0.9042094115920518
pos_96,RWAEK,5,1,5,1214,0.96492259231708,1,0.92984518463416
pos_97,FWIIE,5,1,1,1184,0.9602121473059163,1,0.9204242946118326
pos_98,PPHMLP,6,1,2,996,0.993134289134368,1,0.9862685782687359
pos_99,YLLLK,5,1,3,836,0.9926573236705607,1,0.9853146473411214
pos_100,VKL,3,1,5,1222,0.9958028785220537,1,0.9916057570441075
pos_101,MPACGSS,7,1,2,1066,0.9749866357502722,1,0.9499732715005444
pos_102,YDY,3,1,3,1149,0.9981867395822711,1,0.9963734791645422
pos_104,SQW,3,1,1,1283,0.9959152539798869,1,0.9918305079597738
pos_105,LHK,3,1,4,1286,0.9973741220058296,1,0.9947482440116593
pos_106,LLNDEVKEGQ,10,1,5,813,0.9453110406468044,1,0.8906220812936088
pos_107,PHW,3,1,5,1292,0.9958028785220537,1,0.9916057570441075
pos_108,RPSYT,5,1,1,1078,0.9924669976797829,1,0.9849339953595657
pos_109,SYPTECRMR,9,1,3,940,0.9401613735919259,1,0.8803227471838517
pos_110,TPSPR,5,1,3,966,0.9981867395822711,1,0.9963734791645422
pos_111,YQIGL,5,1,4,1213,0.9778200986169625,1,0.955640197233925
pos_112,FDTADLPSGKGYL,13,1,3,531,0.3365395421593999,0,0.3269209156812002
pos_113,EAK,3,1,3,1275,0.9981867395822711,1,0.9963734791645422
pos_114,VLLHLK,6,1,4,860,0.9973741220058296,1,0.9947482440116593
pos_115,TVFDGELR,8,1,1,857,0.593382322719236,1,0.18676464543847193
pos_116,DIDDLELTLAK,11,1,3,677,0.3706157935555844,0,0.25876841288883123
pos_117,PYPQ,4,1,3,1157,0.9981867395822711,1,0.9963734791645422
pos_118,NPYVPR,6,1,5,794,0.9958028785220537,1,0.9916057570441075
pos_120,VLVSGSIHYPR,11,1,4,741,0.9351753553697025,1,0.8703507107394051
pos_121,EAGPSIVHR,9,1,2,672,0.9898121148383681,1,0.9796242296767361
pos_122,YAVT,4,1,4,1262,0.9973741220058296,1,0.9947482440116593
pos_123,DLGLGLPGAH,10,1,1,776,0.9665004144989634,1,0.9330008289979268
pos_124,FPFPRPPHQ,9,1,3,897,0.909827226108277,1,0.8196544522165541
pos_125,HQP,3,1,2,1051,0.996114468666502,1,0.992228937333004
pos_126,FD,2,1,5,1280,0.30503901411173384,0,0.3899219717765323
pos_127,SVYT,4,1,3,938,0.9981867395822711,1,0.9963734791645422
pos_128,ALPMHIR,7,1,2,1033,0.9668431318937559,1,0.9336862637875118
pos_129,RWT,3,1,3,1268,0.9981867395822711,1,0.9963734791645422
pos_130,RYL,3,1,4,1079,0.9973741220058296,1,0.9947482440116593
pos_131,NHRYDR,6,1,1,1137,0.9901879131929956,1,0.9803758263859912
pos_132,WHMHKTF,7,1,2,1091,0.9753721736378379,1,0.9507443472756758
pos_133,EEKNPKATE,9,1,4,889,0.9006478843980427,1,0.8012957687960853
pos_134,PHQ,3,1,5,1292,0.9958028785220537,1,0.9916057570441075
pos_136,IIENGEKWS,9,1,5,909,0.6518277335773053,1,0.30365546715461056
pos_137,GTQY,4,1,5,901,0.9843899273668361,1,0.9687798547336721
pos_138,YGGFM,5,1,2,1225,0.9934050802640326,1,0.9868101605280652
pos_140,AAGAAAAARSAGQCGR,16,1,2,266,0.5302174296781111,1,0.06043485935622228
pos_141,ADGF,4,1,1,1148,0.9959152539798869,1,0.9918305079597738
pos_142,YWDAW,5,1,1,1227,0.9914142945536853,1,0.9828285891073707
pos_143,VEP,3,1,1,1158,0.9959152539798869,1,0.9918305079597738
pos_144,QEAE,4,1,5,1121,0.9958028785220537,1,0.9916057570441075
pos_145,SPFWNINAHS,10,1,4,850,0.6797566753966601,1,0.35951335079332014
pos_146,YYDPL,5,1,5,1036,0.9911003869003793,1,0.9822007738007585
pos_148,FPKYPVEPF,9,1,3,168,0.9970110257174161,1,0.9940220514348321
pos_149,VIESPPEINTVQ,12,1,4,657,0.8884259353086972,1,0.7768518706173944
pos_150,WV,2,1,4,1328,0.9973741220058296,1,0.9947482440116593
pos_151,LHQ,3,1,4,1286,0.9973741220058296,1,0.9947482440116593
pos_152,VGGRP,5,1,1,1018,0.9959152539798869,1,0.9918305079597738
pos_153,FL,2,1,5,1229,0.9359370668898053,1,0.8718741337796105
pos_154,LADGVAAPA,9,1,4,917,0.9632564679779348,1,0.9265129359558697
pos_155,VECYG,5,1,3,738,0.9944203195782912,1,0.9888406391565825
pos_156,HPH,3,1,3,1098,0.9981867395822711,1,0.9963734791645422
pos_157,VLPVPQK,7,1,5,945,0.9955055823912673,1,0.9910111647825346
pos_158,QVVPYPQ,7,1,3,506,0.9961725570506598,1,0.9923451141013195
pos_159,VLNPWDQVKR,10,1,4,432,0.9738031135774079,1,0.9476062271548158
pos_160,FLPF,4,1,4,971,0.9886592055751726,1,0.9773184111503452
pos_161,DFTPVCTTELGR,12,1,1,598,0.10297843099361932,0,0.7940431380127614
pos_162,CGN,3,1,5,1270,0.9958028785220537,1,0.9916057570441075
pos_163,LYPY,4,1,4,1127,0.9973741220058296,1,0.9947482440116593
pos_164,PHF,3,1,5,1292,0.9958028785220537,1,0.9916057570441075
pos_165,IESPPEIN,8,1,4,657,0.6835916470585375,1,0.36718329411707495
pos_166,EEYFPVGGDRPESF,14,1,4,456,0.45256362525293947,0,0.09487274949412106
pos_167,HWH,3,1,1,1267,0.9959152539798869,1,0.9918305079597738
pos_168,LWG,3,1,1,1288,0.9908678073449786,1,0.9817356146899572
pos_169,SPYCYG,6,1,5,1152,0.9013141817768009,1,0.8026283635536018
pos_170,LHDELT,6,1,1,1129,0.9840760245076644,1,0.9681520490153288
pos_171,SVW,3,1,3,1093,0.9981867395822711,1,0.9963734791645422
pos_172,PWL,3,1,5,1112,0.9958028785220537,1,0.9916057570441075
pos_173,SHNPF,5,1,4,1216,0.9973292417776806,1,0.9946584835553611
pos_174,FGERR,5,1,2,1180,0.9950771132936004,1,0.9901542265872008
pos_175,TGNLPGAAHPLLL,13,1,5,576,0.8268046807942919,1,0.6536093615885838
pos_177,RWWQLR,6,1,4,1147,0.9941001352323675,1,0.988200270464735
pos_178,YEA,3,1,3,1275,0.9981867395822711,1,0.9963734791645422
pos_179,LPL,3,1,5,1117,0.9958028785220537,1,0.9916057570441075
pos_180,YGFLP,5,1,4,989,0.9973741220058296,1,0.9947482440116593
pos_181,IGSLI,5,1,1,983,0.9597758063777044,1,0.9195516127554089
pos_182,IKGTIAGGGVIPH,13,1,3,545,0.9275386063762328,1,0.8550772127524655
pos_183,AWVDY,5,1,3,1172,0.9962702111980966,1,0.9925404223961931
pos_184,VVFVDRL,7,1,3,1089,0.9893899551184365,1,0.978779910236873
pos_185,ADASVLPK,8,1,3,326,0.941999204060175,1,0.88399840812035
pos_186,DHW,3,1,1,1274,0.9959152539798869,1,0.9918305079597738
pos_188,VEGNLQVLRPR,11,1,3,739,0.8534547412182409,1,0.7069094824364819
pos_189,LFV,3,1,3,1046,0.9977600076437332,1,0.9955200152874664
pos_190,AYY,3,1,5,1036,0.9958028785220537,1,0.9916057570441075
pos_191,TVQVTSTAV,9,1,3,941,0.8530734678293174,1,0.7061469356586347
pos_192,LHL,3,1,1,1129,0.9959152539798869,1,0.9918305079597738
pos_193,QKW,3,1,1,1283,0.9959152539798869,1,0.9918305079597738
pos_194,GY,2,1,4,1310,0.9968020912781195,1,0.993604182556239
pos_195,LYEGY,5,1,5,1202,0.9958028785220537,1,0.9916057570441075
pos_196,LWHTH,5,1,1,1201,0.9959152539798869,1,0.9918305079597738
pos_197,IREADIDGDGQVN,13,1,4,547,0.13887804173637244,0,0.7222439165272552
pos_198,VLDTGLAGA,9,1,3,943,0.8980229887196698,1,0.7960459774393396
pos_199,DVFRELRVQ,9,1,2,886,0.42262405713609,0,0.15475188572781995
pos_202,SAEHGSLH,8,1,5,1007,0.9785190935100567,1,0.9570381870201135
pos_203,LPYPY,5,1,5,1020,0.9958028785220537,1,0.9916057570441075
pos_204,YPFVVN,6,1,3,1167,0.9963639091787935,1,0.9927278183575869
pos_205,ASPAPAGLSY,10,1,5,765,0.971456953817783,1,0.9429139076355659
pos_206,GVPFW,5,1,2,978,0.8692389400424141,1,0.7384778800848282
pos_207,IRGCRL,6,1,1,957,0.9494573155644775,1,0.8989146311289551
pos_208,YQL,3,1,4,1296,0.9973741220058296,1,0.9947482440116593
pos_209,VEVLPPAEL,9,1,4,585,0.9641519737146919,1,0.9283039474293837
pos_210,NAPVSIPQ,8,1,1,991,0.9598343315624089,1,0.9196686631248179
pos_211,IPAGM,5,1,1,1053,0.9959152539798869,1,0.9918305079597738
pos_212,KGVITQ,6,1,1,1124,0.9709042193687389,1,0.9418084387374779
pos_213,VFPW,4,1,5,1112,0.9938843561329914,1,0.9877687122659828
pos_214,VDTR,4,1,1,1163,0.9946297383915842,1,0.9892594767831684
pos_215,WPL,3,1,4,1094,0.9973741220058296,1,0.9947482440116593
pos_218,GKDAVIV,7,1,4,802,0.4149525316090531,0,0.1700949367818938
pos_220,RADHP,5,1,1,975,0.9959152539798869,1,0.9918305079597738
pos_221,EWPAQ,5,1,1,1178,0.9955590786732904,1,0.9911181573465808
pos_222,FYY,3,1,4,1127,0.9973741220058296,1,0.9947482440116593
pos_223,VGDI,4,1,5,1259,0.9958028785220537,1,0.9916057570441075
pos_224,LPHSGY,6,1,3,1131,0.9913199084779069,1,0.9826398169558137
pos_225,IDLAY,5,1,3,1191,0.9970216949872273,1,0.9940433899744545
pos_226,VVALALI,7,1,3,1088,0.9819876364940572,1,0.9639752729881144
pos_227,LGNTDYAVH,9,1,4,919,0.8879203023246699,1,0.7758406046493398
pos_228,GGIF,4,1,1,1114,0.9959152539798869,1,0.9918305079597738
pos_229,VW,2,1,2,1325,0.996114468666502,1,0.992228937333004
pos_230,LLGPGLTNHA,10,1,1,776,0.9910430111332916,1,0.9820860222665833
pos_231,YWY,3,1,3,1096,0.9981867395822711,1,0.9963734791645422
pos_232,KD,2,1,1,1313,0.6890764096227937,1,0.3781528192455874
pos_234,FSWF,4,1,4,1107,0.9845575578763559,1,0.9691151157527118
pos_235,VFL,3,1,3,1089,0.9981867395822711,1,0.9963734791645422
pos_236,VPSGK,5,1,1,1183,0.9959152539798869,1,0.9918305079597738
pos_237,HGGEGGRPYHLGEES,15,1,2,370,0.6420387056681388,1,0.2840774113362776
pos_238,VSLPEW,6,1,3,779,0.9143744281893943,1,0.8287488563787886
pos_239,FVSACSVAG,9,1,3,898,0.519009923349316,1,0.0380198466986319
pos_240,QAEP,4,1,4,1247,0.9924468084957434,1,0.9848936169914868
pos_241,AGTGAGAGGGAGTKTSS,17,1,5,190,0.14449040352900827,0,0.7110191929419835
pos_242,YVL,3,1,3,1098,0.9981867395822711,1,0.9963734791645422
pos_243,KEFLLAGNNNRA,12,1,5,625,0.34196105319592923,0,0.31607789360814154
pos_244,EFLQ,4,1,4,1107,0.9973741220058296,1,0.9947482440116593
pos_245,WNIP,4,1,1,1100,0.9837010507690872,1,0.9674021015381744
pos_246,VKEAMAPK,8,1,5,543,0.9811240889615306,1,0.9622481779230612
pos_247,SGAF,4,1,4,912,0.9973741220058296,1,0.9947482440116593
pos_248,MEMK,4,1,2,1109,0.9913158622246839,1,0.9826317244493679
pos_249,QNGRFY,6,1,1,1069,0.6103880512407297,1,0.2207761024814594
pos_250,YPW,3,1,4,1263,0.9973741220058296,1,0.9947482440116593
pos_251,AEDKKLIQ,8,1,3,616,0.6419644369352185,1,0.2839288738704371
pos_252,APYMM,5,1,4,1171,0.9973741220058296,1,0.9947482440116593
pos_253,WEN,3,1,3,1301,0.9981867395822711,1,0.9963734791645422
pos_254,DW,2,1,5,1245,0.9597663465320199,1,0.9195326930640397
pos_255,WY,2,1,4,1304,0.9963922274037241,1,0.9927844548074483
pos_256,IKW,3,1,3,1281,0.9981867395822711,1,0.9963734791645422
pos_257,NSKKTVD,7,1,2,1070,0.955343857441798,1,0.9106877148835959
pos_258,RHPHP,5,1,4,671,0.9973741220058296,1,0.9947482440116593
pos_259,SQSKVLPVPQKAVPYPQ,17,1,4,258,0.7096559222112299,1,0.4193118444224597
pos_260,FRDEHKK,7,1,4,1048,0.9823471781288134,1,0.9646943562576269
pos_261,VGAPSVS,7,1,1,1085,0.9899563701870175,1,0.9799127403740351
pos_262,EEGGSV,6,1,2,680,0.9811170854602045,1,0.962234170920409
pos_263,YPFPGPIPN,9,1,2,712,0.9807222186733306,1,0.9614444373466613
pos_264,VTYDYYKN,8,1,4,1023,0.4576476110533113,0,0.08470477789337738
pos_265,ARHPHPHLSFM,11,1,4,671,0.893570558136058,1,0.787141116272116
pos_266,DAQEKLE,7,1,5,526,0.6516200732239529,1,0.30324014644790576
pos_267,NAVPITPTL,9,1,4,929,0.9751591189300003,1,0.9503182378600006
pos_269,FVLPH,5,1,5,1049,0.97516079410214,1,0.9503215882042799
pos_270,IVAGPQ,6,1,2,1031,0.996114468666502,1,0.992228937333004
pos_271,YPI,3,1,1,1199,0.9959152539798869,1,0.9918305079597738
pos_272,VECYGPNRPQF,11,1,3,738,0.7732363124996214,1,0.5464726249992429
pos_273,LDIQKEV,7,1,1,1062,0.9055845406466576,1,0.8111690812933152
pos_274,SLGGEMKQTAK,11,1,4,731,0.1944358918782536,0,0.6111282162434928
pos_275,TSQLLSDQ,8,1,3,1016,0.5149616990335657,1,0.0299233980671314
pos_276,YGKPVAVPAR,10,1,2,867,0.9885268501626393,1,0.9770537003252786
pos_278,IPSEVLA,7,1,5,1055,0.9777091092450317,1,0.9554182184900635
pos_279,EHH,3,1,1,1267,0.9959152539798869,1,0.9918305079597738
pos_280,LPAGV,5,1,5,1200,0.9638330564497543,1,0.9276661128995085
pos_281,AVPYPQR,7,1,3,506,0.9937713795504797,1,0.9875427591009593
pos_282,GP,2,1,1,1297,0.9633784955194543,1,0.9267569910389086
pos_283,KDHCH,5,1,3,1195,0.9562522425954392,1,0.9125044851908783
pos_285,DTETGVPT,8,1,2,596,0.9629120903547363,1,0.9258241807094727
pos_286,FEQI,4,1,2,1179,0.9948276395700287,1,0.9896552791400575
pos_287,GQW,3,1,1,1077,0.9959152539798869,1,0.9918305079597738
pos_288,PHD,3,1,1,1158,0.9959152539798869,1,0.9918305079597738
pos_289,VE,2,1,5,1260,0.9958028785220537,1,0.9916057570441075
pos_290,LPHH,4,1,3,1131,0.9981867395822711,1,0.9963734791645422
pos_291,WLSF,4,1,5,1112,0.9958028785220537,1,0.9916057570441075
pos_292,PWR,3,1,4,1126,0.9973741220058296,1,0.9947482440116593
pos_293,TNGIIR,6,1,4,1113,0.9893459122995617,1,0.9786918245991234
pos_294,TYY,3,1,2,1273,0.996114468666502,1,0.992228937333004
pos_295,WL,2,1,5,1303,0.9958028785220537,1,0.9916057570441075
pos_296,WDDMEK,6,1,2,1162,0.9933461115954326,1,0.9866922231908652
pos_297,KFTPAP,6,1,2,1123,0.9446796238809013,1,0.8893592477618026
pos_298,LHV,3,1,2,1271,0.996114468666502,1,0.992228937333004
pos_299,VAW,3,1,3,1268,0.9981867395822711,1,0.9963734791645422
pos_300,HIQKEDVPSER,11,1,1,692,0.9892134007845458,1,0.9784268015690916
pos_301,ENLQNYRLL,9,1,1,890,0.9045694402450651,1,0.8091388804901303
pos_302,ESTVPERTHPACPDFN,16,1,2,277,0.2800717268112484,0,0.43985654637750315
pos_303,VHDY,4,1,1,1158,0.9959152539798869,1,0.9918305079597738
pos_304,YGLF,4,1,3,947,0.9981867395822711,1,0.9963734791645422
pos_306,EL,2,1,5,1237,0.9958028785220537,1,0.9916057570441075
pos_307,VLPVPEK,7,1,3,944,0.9981867395822711,1,0.9963734791645422
pos_308,LSGNK,5,1,2,1175,0.9952735110158931,1,0.9905470220317862
pos_309,FDPFPK,6,1,2,874,0.996114468666502,1,0.992228937333004
pos_310,PSDHDHE,7,1,1,835,0.9959152539798869,1,0.9918305079597738
pos_311,VAGTWY,6,1,5,787,0.9674658993920519,1,0.9349317987841037
pos_312,SC,2,1,5,1322,0.9958028785220537,1,0.9916057570441075
pos_313,RGQVIYVL,8,1,3,1005,0.9485339912868199,1,0.8970679825736398
pos_314,LLAPPER,7,1,2,711,0.8890176218203555,1,0.778035243640711
pos_315,DWDPK,5,1,3,1172,0.9971290212903698,1,0.9942580425807397
pos_316,AGDDAPR,7,1,4,757,0.951215600139676,1,0.902431200279352
pos_317,IEWEGIESGSVEQA,14,1,3,327,0.08580188041864226,0,0.8283962391627155
pos_318,AEHNH,5,1,5,1007,0.9923020976495509,1,0.9846041952991018
pos_319,IRW,3,1,2,1193,0.996114468666502,1,0.992228937333004
pos_320,GAWA,4,1,4,1242,0.9901579193810189,1,0.9803158387620379
pos_321,LGFEYY,6,1,4,1127,0.9949672500478649,1,0.9899345000957298
pos_322,IITQ,4,1,1,1124,0.9959152539798869,1,0.9918305079597738
pos_323,YPPAK,5,1,1,992,0.986165629144166,1,0.9723312582883319
pos_324,HYFL,4,1,3,1197,0.9981867395822711,1,0.9963734791645422
pos_325,RVQVVNNNGK,10,1,2,846,0.8554047980120801,1,0.7108095960241603
pos_326,IY,2,1,2,1282,0.9932755171560131,1,0.9865510343120263
pos_327,GNRGFACRHA,10,1,5,793,0.2795484718481429,0,0.4409030563037142
pos_328,NYPSD,5,1,5,1002,0.9958028785220537,1,0.9916057570441075
pos_330,LLMQ,4,1,3,1132,0.9981867395822711,1,0.9963734791645422
pos_331,PLFQNKLAHAK,11,1,2,720,0.8379105510316486,1,0.6758211020632972
pos_332,YYM,3,1,5,1150,0.9958028785220537,1,0.9916057570441075
pos_334,GTFLQPHQ,8,1,3,702,0.8990634260254871,1,0.7981268520509741
pos_335,NQLDQ,5,1,3,1016,0.9956844428625692,1,0.9913688857251384
pos_336,HMPVTK,6,1,2,1118,0.9871117613642988,1,0.9742235227285976
pos_337,TFD,3,1,5,1280,0.9958028785220537,1,0.9916057570441075
pos_338,PLPLHMLP,8,1,2,996,0.9902355124078102,1,0.9804710248156203
pos_339,SGE,3,1,5,1042,0.9958028785220537,1,0.9916057570441075
pos_340,DTVPWFPR,8,1,3,966,0.6269045185766409,1,0.25380903715328174
pos_341,APAPAAK,7,1,1,935,0.9959152539798869,1,0.9918305079597738
pos_342,TEVWDSNEQ,9,1,2,681,0.7603569939119371,1,0.5207139878238742
pos_344,RHI,3,1,4,1294,0.9973741220058296,1,0.9947482440116593
pos_345,MQFHT,5,1,3,1205,0.9872383491890632,1,0.9744766983781263
pos_346,ELLI,4,1,4,968,0.9969447393700127,1,0.9938894787400254
pos_347,YYV,3,1,2,1056,0.996114468666502,1,0.992228937333004
pos_348,GA,2,1,2,1238,0.9400450098695092,1,0.8800900197390185
pos_349,YYC,3,1,2,1273,0.9938930484283638,1,0.9877860968567276
pos_350,YYW,3,1,2,1273,0.996114468666502,1,0.992228937333004
pos_351,HPHPHLSF,8,1,4,671,0.9849620113867357,1,0.9699240227734713
pos_353,TWYFITPYIPDK,12,1,3,653,0.880552896477099,1,0.761105792954198
pos_354,HKEMPFPKYPVEPFTESQ,18,1,3,168,0.6693067620994589,1,0.3386135241989179
pos_355,MHQPPQPLPPTVMFPPQSVL,20,1,4,66,0.31861705218076275,0,0.3627658956384745
pos_356,YSEEQQPSTR,10,1,4,871,0.9074463960345993,1,0.8148927920691986
pos_358,NAGPFTPTVNR,11,1,4,334,0.8062020946933884,1,0.6124041893867769
pos_359,PHC,3,1,1,1037,0.9959152539798869,1,0.9918305079597738
pos_360,YRY,3,1,2,1273,0.996114468666502,1,0.992228937333004
pos_361,WDTRGQ,6,1,1,1163,0.9248449122588825,1,0.8496898245177651
pos_362,IYVVDLR,7,1,1,292,0.9303463290627434,1,0.8606926581254868
pos_363,AGLAPY,6,1,5,1035,0.9850790183807793,1,0.9701580367615585
pos_364,EVGA,4,1,2,1238,0.996114468666502,1,0.992228937333004
pos_365,KVLPVPE,7,1,3,944,0.9968791973283668,1,0.9937583946567337
pos_366,AGPSIVH,7,1,3,772,0.9943895285270455,1,0.9887790570540911
pos_367,QDYD,4,1,2,1254,0.9896558917313439,1,0.9793117834626879
pos_368,PWQ,3,1,4,1293,0.9973741220058296,1,0.9947482440116593
pos_369,SAGNPN,6,1,1,1100,0.9959152539798869,1,0.9918305079597738
pos_370,QDHKA,5,1,1,1174,0.9959152539798869,1,0.9918305079597738
pos_371,LHD,3,1,1,1129,0.9959152539798869,1,0.9918305079597738
pos_372,AGGKPFQ,7,1,2,1031,0.9757434782667899,1,0.9514869565335797
pos_373,YQKFPQY,7,1,1,1097,0.9884265351928702,1,0.9768530703857403
pos_374,HPVPPKKK,8,1,4,654,0.9650630411808728,1,0.9301260823617457
pos_375,VEIPHD,6,1,1,1158,0.9959152539798869,1,0.9918305079597738
pos_376,MCYPAST,7,1,4,1065,0.8590021149453748,1,0.7180042298907496
pos_377,YY,2,1,2,1273,0.996114468666502,1,0.992228937333004
pos_378,RHW,3,1,3,1268,0.9981867395822711,1,0.9963734791645422
pos_379,YVY,3,1,2,1273,0.996114468666502,1,0.992228937333004
pos_380,ACA,3,1,3,1045,0.9921030874560651,1,0.9842061749121302
pos_381,QAC,3,1,1,1077,0.9959152539798869,1,0.9918305079597738
pos_382,YPYY,4,1,3,1149,0.9981867395822711,1,0.9963734791645422
pos_385,MDGAP,5,1,3,1203,0.9844082134256411,1,0.9688164268512822
pos_387,YNLRQ,5,1,3,1017,0.9860759525381384,1,0.9721519050762768
pos_388,FGER,4,1,2,1180,0.996114468666502,1,0.992228937333004
pos_389,GGNYVGVP,8,1,1,979,0.9297902603272445,1,0.8595805206544891
pos_391,PLMW,4,1,4,1130,0.9973741220058296,1,0.9947482440116593
pos_392,VLEANPRSF,9,1,3,709,0.7349828799109441,1,0.46996575982188826
pos_393,MPFPKYPVQPF,11,1,3,168,0.8927784696127246,1,0.7855569392254491
pos_394,FVLGL,5,1,5,973,0.9879819385606722,1,0.9759638771213444
pos_395,ARHPHP,6,1,4,671,0.9973741220058296,1,0.9947482440116593
pos_396,VAPFPQPVVPYPQR,14,1,3,506,0.921916124736609,1,0.843832249473218
pos_397,GSGGL,5,1,3,1009,0.9981867395822711,1,0.9963734791645422
pos_398,TVQVT,5,1,3,941,0.9981867395822711,1,0.9963734791645422
pos_399,IGFLIIWV,8,1,1,983,0.32309710848290696,0,0.3538057830341861
pos_401,YHH,3,1,3,1098,0.9981867395822711,1,0.9963734791645422
pos_402,RWN,3,1,3,1268,0.9981867395822711,1,0.9963734791645422
pos_403,GPE,3,1,3,1044,0.9981867395822711,1,0.9963734791645422
pos_404,CAAP,4,1,2,1160,0.996114468666502,1,0.992228937333004
pos_405,FVAPFPEV,8,1,4,976,0.9460349737927007,1,0.8920699475854015
pos_406,YGYTGA,6,1,4,1165,0.9905653095823514,1,0.9811306191647029
pos_407,VLNSNAAPLPN,11,1,5,658,0.8400511001393942,1,0.6801022002787884
pos_408,AYPS,4,1,2,1217,0.996114468666502,1,0.992228937333004
pos_409,VLPVPQKKVLPVPQK,15,1,4,258,0.02397869343013581,0,0.9520426131397284
pos_410,WCTSVS,6,1,5,1161,0.973701621995728,1,0.9474032439914559
pos_411,IPSEVLS,7,1,5,1055,0.9680067289814891,1,0.9360134579629782
pos_412,QHGV,4,1,5,1256,0.9958028785220537,1,0.9916057570441075
pos_413,HFH,3,1,3,1098,0.9981867395822711,1,0.9963734791645422
pos_414,WYQQVPGSGL,10,1,4,866,0.7489918181098421,1,0.4979836362196841
pos_415,DRVYIHPFHL,10,1,5,452,0.028313182773110613,0,0.9433736344537788
pos_416,YVHPFHL,7,1,3,1098,0.9981867395822711,1,0.9963734791645422
pos_417,MYPGLA,6,1,5,1035,0.9922694094134691,1,0.9845388188269382
pos_418,YGGFL,5,1,2,1225,0.996114468666502,1,0.992228937333004
pos_419,LQPGQGQQ,8,1,1,923,0.9801292089137883,1,0.9602584178275766
pos_420,AEAQKQLR,8,1,3,952,0.686536477225948,1,0.37307295445189603
pos_421,YNL,3,1,3,1096,0.9981867395822711,1,0.9963734791645422
pos_423,MPACGS,6,1,2,1030,0.9885140134238237,1,0.9770280268476474
pos_424,PTTAPSATIN,10,1,5,787,0.9922498047533979,1,0.9844996095067957
pos_425,GFGPEL,6,1,5,1036,0.8226435417253657,1,0.6452870834507314
pos_426,IVGGFPHYL,9,1,4,474,0.9706681162332473,1,0.9413362324664947
pos_427,HNPI,4,1,4,1216,0.9973741220058296,1,0.9947482440116593
pos_428,EDDQMDPMAK,10,1,1,781,0.8131657622811774,1,0.6263315245623549
pos_429,RADHPFL,7,1,1,975,0.9924296280970263,1,0.9848592561940526
pos_430,LYSPH,5,1,5,1002,0.9958028785220537,1,0.9916057570441075
pos_431,VVYFDQTQAQA,11,1,2,746,0.898221048380239,1,0.796442096760478
pos_432,IYLGQ,5,1,2,1194,0.9952136065775425,1,0.9904272131550851
pos_434,ESGAVTE,7,1,5,1042,0.9567104394880628,1,0.9134208789761256
pos_435,FGPEMEQ,7,1,3,1044,0.9778787128730038,1,0.9557574257460075
pos_436,DHPFLF,6,1,3,837,0.9960509188967632,1,0.9921018377935265
pos_437,AYI,3,1,1,1269,0.9959152539798869,1,0.9918305079597738
pos_438,TELAL,5,1,1,967,0.9959152539798869,1,0.9918305079597738
pos_439,MFIF,4,1,5,1248,0.9211114624783323,1,0.8422229249566646
pos_440,HVRETALV,8,1,1,982,0.9856063533291215,1,0.971212706658243
pos_441,RWA,3,1,5,1214,0.9958028785220537,1,0.9916057570441075
pos_442,LGTFQN,6,1,4,1128,0.9910027177215776,1,0.9820054354431551
pos_443,QFAAD,5,1,4,1212,0.9966964359180817,1,0.9933928718361633
pos_444,TVQVTST,7,1,3,941,0.988229547181034,1,0.9764590943620679
pos_445,HVH,3,1,1,1267,0.9959152539798869,1,0.9918305079597738
pos_446,WPPLSPFRCPR,11,1,5,590,0.4419447770292198,0,0.11611044594156039
pos_447,QVVRSDQGSVR,11,1,1,725,0.818986358214572,1,0.637972716429144
pos_448,VHH,3,1,3,1098,0.9981867395822711,1,0.9963734791645422
pos_449,IPIQY,5,1,4,806,0.9965256786596576,1,0.9930513573193152
pos_450,LWW,3,1,1,1288,0.993145541854889,1,0.986291083709778
pos_451,HTVQCMFQ,8,1,3,981,0.8351569865262194,1,0.6703139730524388
pos_452,AY,2,1,4,1230,0.9885878344271846,1,0.9771756688543691
pos_453,KVALMSAGSMH,11,1,5,698,0.5084754014751464,1,0.01695080295029272
pos_454,RNR,3,1,3,1295,0.9981867395822711,1,0.9963734791645422
pos_455,LFWSPSVYLK,10,1,5,809,0.6682065770017849,1,0.33641315400356975
pos_456,LTC,3,1,5,1082,0.9899812953572357,1,0.9799625907144713
pos_457,PLGG,4,1,5,1115,0.9950116096169381,1,0.9900232192338763
pos_458,WDVK,4,1,1,1120,0.9959152539798869,1,0.9918305079597738
pos_459,YYQ,3,1,2,1099,0.996114468666502,1,0.992228937333004
pos_460,GEQQQQPGMTR,11,1,1,686,0.741392619675858,1,0.482785239351716
pos_461,GIISHR,6,1,4,1113,0.9956536898236538,1,0.9913073796473075
pos_463,KY,2,1,3,1314,0.9981867395822711,1,0.9963734791645422
pos_464,FFGT,4,1,2,1239,0.9854712238538146,1,0.9709424477076292
pos_465,RHV,3,1,4,1294,0.9973741220058296,1,0.9947482440116593
pos_466,WYS,3,1,4,1304,0.9973741220058296,1,0.9947482440116593
pos_467,SWN,3,1,1,1288,0.9959152539798869,1,0.9918305079597738
pos_468,WP,2,1,3,1250,0.9981867395822711,1,0.9963734791645422
pos_469,YDDGSYKPH,9,1,5,583,0.938525097455002,1,0.877050194910004
pos_473,DYY,3,1,5,1103,0.9958028785220537,1,0.9916057570441075
pos_474,QIGLF,5,1,4,1213,0.9517317191882914,1,0.9034634383765827
pos_475,YQETSSSSSQEQ,12,1,1,666,0.6706077139932137,1,0.34121542798642746
pos_476,AWIRGCRL,8,1,1,957,0.9426145475893929,1,0.8852290951787858
pos_477,KHQGLPQEVLNENLL,15,1,2,376,0.2088195877836405,0,0.582360824432719
pos_478,AQQQEQAQQQEQ,12,1,5,591,0.989413363281411,1,0.9788267265628221
pos_479,FHH,3,1,1,1267,0.9959152539798869,1,0.9918305079597738
pos_480,WHH,3,1,2,1091,0.996114468666502,1,0.992228937333004
pos_481,NTGNLLG,7,1,1,1071,0.9580108524686499,1,0.9160217049372998
pos_483,MLELDPLNNLPRM,13,1,3,555,0.009668033403770841,0,0.9806639331924584
pos_484,IKK,3,1,3,1281,0.9981867395822711,1,0.9963734791645422
pos_485,HKEMPFPKYPVQPF,14,1,3,168,0.9778428155347607,1,0.9556856310695214
pos_486,PWS,3,1,1,1041,0.9959152539798869,1,0.9918305079597738
pos_487,ELIN,4,1,4,968,0.9973741220058296,1,0.9947482440116593
pos_488,LMGQW,5,1,2,1194,0.996114468666502,1,0.992228937333004
pos_489,MWHP,4,1,3,1250,0.9981867395822711,1,0.9963734791645422
pos_490,PPFH,4,1,5,1253,0.9958028785220537,1,0.9916057570441075
pos_491,LLTC,4,1,1,1129,0.9680954818207625,1,0.9361909636415251
pos_492,YFY,3,1,5,1036,0.9958028785220537,1,0.9916057570441075
pos_493,VLEESKGAPKPN,12,1,5,658,0.7484904942892061,1,0.4969809885784122
pos_494,GW,2,1,4,1242,0.8649765684691291,1,0.7299531369382581
pos_495,AAAAAGGGEGEG,12,1,1,586,0.9916552277461366,1,0.9833104554922731
pos_496,GMPGFDVR,8,1,1,980,0.5264683386834239,1,0.05293667736684782
pos_497,TKMDEGVVTKK,11,1,4,736,0.24106683173366555,0,0.5178663365326689
pos_498,FSDIPNPIGSE,11,1,1,91,0.38888761075403444,0,0.22222477849193112
pos_499,HL,2,1,1,1312,0.9959152539798869,1,0.9918305079597738
pos_500,VPKVK,5,1,5,986,0.9958028785220537,1,0.9916057570441075
pos_501,LLPGANH,7,1,1,776,0.9934724897888825,1,0.986944979577765
pos_502,GLAGA,5,1,3,943,0.9981867395822711,1,0.9963734791645422
pos_503,YQEP,4,1,3,1167,0.9981867395822711,1,0.9963734791645422
pos_504,YGG,3,1,4,1165,0.9973741220058296,1,0.9947482440116593
pos_506,HHY,3,1,1,1267,0.9959152539798869,1,0.9918305079597738
pos_507,RY,2,1,4,1296,0.9961784365589269,1,0.9923568731178538
pos_508,TSLDLPVLRW,10,1,1,745,0.5474889480439721,1,0.09497789608794416
pos_510,AGVL,4,1,5,1200,0.9958028785220537,1,0.9916057570441075
pos_511,PHH,3,1,1,1267,0.9959152539798869,1,0.9918305079597738
pos_512,SV,2,1,3,1323,0.9981867395822711,1,0.9963734791645422
pos_513,VNP,3,1,5,1300,0.9958028785220537,1,0.9916057570441075
pos_514,LGF,3,1,4,1127,0.9938018079985247,1,0.9876036159970494
pos_515,GSH,3,1,5,1049,0.9958028785220537,1,0.9916057570441075
pos_516,DSAI,4,1,5,1235,0.9958028785220537,1,0.9916057570441075
pos_517,NHAV,4,1,3,1252,0.9981867395822711,1,0.9963734791645422
pos_518,LDIQK,5,1,1,1062,0.9937431461522485,1,0.9874862923044969
pos_519,DLQGK,5,1,2,1175,0.996114468666502,1,0.992228937333004
pos_520,SSC,3,1,2,1081,0.9933758181732131,1,0.9867516363464262
pos_521,LLPHHADADY,10,1,2,814,0.9406586851466749,1,0.8813173702933499
pos_522,SVDGKEDLIW,10,1,4,853,0.501221236760434,1,0.002442473520867905
pos_523,SDF,3,1,1,1148,0.9756702900865148,1,0.9513405801730297
pos_525,PHM,3,1,5,1292,0.9958028785220537,1,0.9916057570441075
pos_526,HH,2,1,1,1234,0.9959152539798869,1,0.9918305079597738
pos_527,NIQFNEQKAL,10,1,3,831,0.959800760874202,1,0.9196015217484039
pos_528,WEGPK,5,1,5,1214,0.9958028785220537,1,0.9916057570441075
pos_529,LRTLPM,6,1,3,1132,0.9966618400910506,1,0.9933236801821013
pos_530,VLPVP,5,1,5,986,0.9958028785220537,1,0.9916057570441075
pos_531,AGWNIP,6,1,1,1100,0.9868786535412303,1,0.9737573070824606
pos_532,IPDWFLNRQ,9,1,4,911,0.7876268792124458,1,0.5752537584248916
pos_533,RHK,3,1,4,1048,0.9973741220058296,1,0.9947482440116593
pos_534,HVAGTVA,7,1,2,1052,0.996114468666502,1,0.992228937333004
pos_536,CLV,3,1,2,1271,0.9925355892934123,1,0.9850711785868247
pos_537,LDSCKDYVME,10,1,3,808,0.45049690078555504,0,0.09900619842888991
pos_539,HHQDPPW,7,1,2,1051,0.9891113500890092,1,0.9782227001780184
pos_540,FDGEVK,6,1,4,1048,0.9972478177268671,1,0.9944956354537342
pos_541,AELQVVDHLGQTV,13,1,5,516,0.46513412431838247,0,0.06973175136323506
pos_542,IPNPIGSENSGKIT,14,1,1,91,0.553428494541111,1,0.10685698908222196
pos_544,PYY,3,1,5,1152,0.9958028785220537,1,0.9916057570441075
pos_545,AMTGLDA,7,1,5,1035,0.9155615542283226,1,0.8311231084566453
pos_546,IYY,3,1,2,1273,0.996114468666502,1,0.992228937333004
pos_547,VHLKP,5,1,3,1195,0.9912810454423189,1,0.9825620908846378
pos_548,KVLPVPQK,8,1,4,258,0.9832555470816645,1,0.966511094163329
pos_549,YQQPVLGPVRGPFPII,16,1,3,265,0.7222024295951691,1,0.44440485919033823
pos_550,LLLRW,5,1,1,745,0.993931397639125,1,0.9878627952782499
pos_551,YLGAK,5,1,2,1175,0.996114468666502,1,0.992228937333004
pos_552,KTKK,4,1,2,1244,0.9814102496470991,1,0.9628204992941982
pos_553,YL,2,1,4,1330,0.9973741220058296,1,0.9947482440116593
pos_554,WEEPAM,6,1,3,1164,0.9960303019973272,1,0.9920606039946545
pos_555,DSGVT,5,1,5,1042,0.972531788246467,1,0.945063576492934
pos_556,WSVWEQELEDR,11,1,2,747,0.7704679214938045,1,0.540935842987609
pos_557,LDQW,4,1,5,1245,0.9958028785220537,1,0.9916057570441075
pos_558,LDK,3,1,1,1062,0.9865650710738465,1,0.973130142147693
pos_559,RHH,3,1,1,1267,0.9959152539798869,1,0.9918305079597738
pos_560,NHK,3,1,4,1290,0.9973741220058296,1,0.9947482440116593
pos_561,YPELF,5,1,5,1036,0.9956068967632004,1,0.9912137935264007
pos_562,ETTL,4,1,5,1237,0.9958028785220537,1,0.9916057570441075
pos_563,YCY,3,1,5,1152,0.9790059987902218,1,0.9580119975804435
pos_564,LVGDEQAVPAVCVP,14,1,4,481,0.5614773259028104,1,0.12295465180562082
pos_565,TERGY,5,1,3,1177,0.9924454251207133,1,0.9848908502414266
pos_566,DHNPQIR,7,1,3,872,0.9466781907504291,1,0.8933563815008583
pos_567,VVPPFLQPE,9,1,1,652,0.973922399468707,1,0.9478447989374139
pos_568,TVGGAPAGRIVME,13,1,3,580,0.83489977817123,1,0.6697995563424599
pos_569,VVGGDGDV,8,1,1,1025,0.9626119536376286,1,0.9252239072752573
pos_570,IHKAGGGGGGGGGGGK,16,1,2,126,0.9078204409434616,1,0.8156408818869232
pos_572,FYKA,4,1,5,1038,0.9953396876063043,1,0.9906793752126086
pos_573,VKP,3,1,5,1300,0.9958028785220537,1,0.9916057570441075
pos_574,KGHLFPN,7,1,2,904,0.9825292495533972,1,0.9650584991067943
pos_575,HHLP,4,1,1,1116,0.9959152539798869,1,0.9918305079597738
pos_576,GIFE,4,1,1,1114,0.9860067589140918,1,0.9720135178281837
pos_577,LLY,3,1,5,1133,0.9958028785220537,1,0.9916057570441075
pos_578,AIGVGAIER,9,1,4,800,0.9749125898740555,1,0.949825179748111
pos_579,ALPQYLKTVYQHQK,14,1,5,441,0.6753109250269433,1,0.3506218500538867
pos_580,SSDEEVREEKELDLSSNE,18,1,5,197,0.2556865269158723,0,0.4886269461682554
pos_581,YQEPVLGPVRGPFPI,15,1,3,265,0.6542947134994054,1,0.30858942699881076
pos_582,QGPIGPR,7,1,2,997,0.9898105901818487,1,0.9796211803636974
pos_583,ALELDSNLYR,10,1,3,555,0.055746415284683826,0,0.8885071694306323
pos_584,WALKGYK,7,1,5,1090,0.8810743280343211,1,0.7621486560686421
pos_585,YYE,3,1,5,1036,0.9958028785220537,1,0.9916057570441075
pos_586,NYKQM,5,1,2,1209,0.996114468666502,1,0.992228937333004
pos_587,LTTLDS,6,1,4,1063,0.9689598202595637,1,0.9379196405191275
pos_588,VIPAGYP,7,1,2,1086,0.9954334770999627,1,0.9908669541999253
pos_589,PAGLPGPA,8,1,2,465,0.9886358337217964,1,0.9772716674435928
pos_590,LHW,3,1,4,1286,0.9973741220058296,1,0.9947482440116593
pos_591,RHY,3,1,4,1294,0.9973741220058296,1,0.9947482440116593
pos_592,RWI,3,1,3,1268,0.9981867395822711,1,0.9963734791645422
pos_593,GTIAGGGVIPH,11,1,3,545,0.9902582549385054,1,0.9805165098770108
pos_595,QEP,3,1,3,1291,0.9958597861081714,1,0.9917195722163428
pos_596,MAPKHEMPFPKYP,13,1,4,553,0.13649747934805853,0,0.7270050413038829
pos_597,PSKYEPFV,8,1,4,998,0.9591516882577841,1,0.9183033765155681
pos_598,LMSYMWSTSM,10,1,2,815,0.8799263911938835,1,0.759852782387767
pos_599,MPDAHL,6,1,5,1136,0.9913262846380877,1,0.9826525692761754
pos_600,AEM,3,1,5,1266,0.9958028785220537,1,0.9916057570441075
pos_601,YWVTSGPK,8,1,4,1026,0.988972113863897,1,0.9779442277277941
pos_604,MWL,3,1,4,1289,0.9973741220058296,1,0.9947482440116593
pos_605,MWKVW,5,1,3,1093,0.9967716018712467,1,0.9935432037424934
pos_606,CYY,3,1,2,1273,0.996114468666502,1,0.992228937333004
pos_607,DEAGPSIVHR,10,1,3,772,0.8355541968286525,1,0.671108393657305
pos_608,SNAAC,5,1,2,1215,0.9946573066203089,1,0.9893146132406179
pos_609,VGGDGDV,7,1,3,918,0.9905109460491263,1,0.9810218920982525
pos_610,HHH,3,1,1,1267,0.9959152539798869,1,0.9918305079597738
pos_611,HLPLPL,6,1,5,1117,0.9958028785220537,1,0.9916057570441075
pos_612,VSPHLP,6,1,2,1043,0.9928654800281287,1,0.9857309600562574
pos_614,SHDAHPE,7,1,1,835,0.9959152539798869,1,0.9918305079597738
pos_615,EPDRY,5,1,3,1177,0.99445370682753,1,0.98890741365506
pos_616,ELQDKIHPF,9,1,4,679,0.9656255623026828,1,0.9312511246053656
pos_617,LSRVP,5,1,4,1181,0.9973741220058296,1,0.9947482440116593
pos_618,CME,3,1,5,1272,0.9955205848433222,1,0.9910411696866444
pos_619,IQY,3,1,2,1282,0.996114468666502,1,0.992228937333004
pos_620,LWY,3,1,5,1285,0.9958028785220537,1,0.9916057570441075
pos_621,GGVPRSGEQEQQ,12,1,3,615,0.9386124057265564,1,0.8772248114531127
pos_622,YPFPGPIP,8,1,2,712,0.958538569430261,1,0.9170771388605219
pos_623,IAAEVYEHTEGSTTSY,16,1,3,250,0.07093407270751258,0,0.8581318545849749
pos_624,NP,2,1,2,1319,0.996114468666502,1,0.992228937333004
pos_625,HNAVDSQIAGKA,12,1,4,624,0.7018380232766964,1,0.40367604655339284
pos_626,NFWWP,5,1,1,1207,0.8926237882853717,1,0.7852475765707434
pos_627,AHLLT,5,1,4,1170,0.9833721242331795,1,0.9667442484663591
pos_628,KIIIYN,6,1,1,1125,0.9458708372685622,1,0.8917416745371245
pos_629,SGP,3,1,1,1297,0.9959152539798869,1,0.9918305079597738
pos_630,FLQEFLHV,8,1,3,972,0.7948131005743851,1,0.5896262011487703
pos_631,LHI,3,1,2,1033,0.996114468666502,1,0.992228937333004
pos_632,VVVVPH,6,1,5,1159,0.9958028785220537,1,0.9916057570441075
pos_633,SRYPS,5,1,2,1217,0.996114468666502,1,0.992228937333004
pos_634,YQKFP,5,1,1,1097,0.9940100172493191,1,0.9880200344986383
pos_635,WSY,3,1,4,1304,0.9973741220058296,1,0.9947482440116593
pos_636,YETGNGIK,8,1,1,1028,0.7604081317539357,1,0.5208162635078715
pos_637,KLF,3,1,4,1284,0.9973741220058296,1,0.9947482440116593
pos_638,CVHWMTNTARTACIAP,16,1,3,271,0.12551143792123565,0,0.7489771241575287
pos_639,AMRLTYNRPCIYAT,14,1,3,443,0.06271112520125302,0,0.874577749597494
pos_640,VLSRYPS,7,1,3,569,0.8412368225899043,1,0.6824736451798086
pos_641,LSNGK,5,1,2,1175,0.9960343023311148,1,0.9920686046622296
pos_642,VFGKEKVNEL,10,1,4,336,0.8779245419982784,1,0.7558490839965568
pos_643,MLKMLPFK,8,1,5,990,0.19620933820704134,0,0.6075813235859173
pos_644,LLAQA,5,1,1,1198,0.9959152539798869,1,0.9918305079597738
pos_645,EAAVYPL,7,1,2,887,0.9938048561220724,1,0.9876097122441447
pos_646,PWH,3,1,5,1292,0.9958028785220537,1,0.9916057570441075
pos_647,SVEIQALCDM,10,1,5,854,0.6145803860390279,1,0.22916077207805574
pos_648,LAF,3,1,2,1265,0.996114468666502,1,0.992228937333004
pos_649,YPFPG,5,1,2,712,0.996114468666502,1,0.992228937333004
pos_650,SGQYFL,6,1,5,877,0.894565523320256,1,0.7891310466405119
pos_651,FKGPACA,7,1,3,1045,0.8172844685382274,1,0.6345689370764549
pos_652,HGPLGPL,7,1,4,899,0.9971353850496278,1,0.9942707700992557
pos_653,VGPLSPT,7,1,3,944,0.9980292914419178,1,0.9960585828838355
pos_654,PHYL,4,1,3,1131,0.9981867395822711,1,0.9963734791645422
pos_655,TGC,3,1,5,1082,0.9783197914761381,1,0.9566395829522762
pos_656,DHHQVYSPGEQ,11,1,4,599,0.952565896834816,1,0.9051317936696319
pos_657,LH,2,1,1,1246,0.9959152539798869,1,0.9918305079597738
pos_658,QQQTED,6,1,2,1141,0.9896359282587066,1,0.9792718565174132
pos_659,VLSPPFTGE,9,1,3,944,0.9071009489261823,1,0.8142018978523646
pos_660,CAQ,3,1,3,1264,0.9981867395822711,1,0.9963734791645422
pos_661,LPYY,4,1,4,1127,0.9973741220058296,1,0.9947482440116593
pos_662,EGGGGGYGGGGGGYGGR,17,1,2,126,0.9753873184882819,1,0.9507746369765637
pos_663,PHE,3,1,3,1140,0.9981867395822711,1,0.9963734791645422
pos_664,YYF,3,1,2,1273,0.996114468666502,1,0.992228937333004
pos_665,AWFS,4,1,5,1231,0.9936948175127445,1,0.9873896350254889
pos_666,VKV,3,1,5,1040,0.9958028785220537,1,0.9916057570441075
pos_667,QEPVLGPVRGPFPI,14,1,3,265,0.6805313751597616,1,0.3610627503195232
pos_668,VSKSVLVK,8,1,5,986,0.8560377734795693,1,0.7120755469591387
pos_669,RYY,3,1,4,1079,0.9973741220058296,1,0.9947482440116593
pos_670,VCDADPSSPVPEA,13,1,4,581,0.6708592726395611,1,0.34171854527912227
pos_671,FPWLLS,6,1,5,1112,0.9840434532450857,1,0.9680869064901714
pos_672,TMAEYHHQDQ,10,1,3,855,0.9683373340120126,1,0.9366746680240252
pos_673,PWW,3,1,4,1293,0.9973741220058296,1,0.9947482440116593
pos_674,SEGFEW,6,1,4,1092,0.9973741220058296,1,0.9947482440116593
pos_675,SWMHQPHQPLPPT,13,1,4,66,0.6850479367511674,1,0.37009587350233475
pos_676,MHI,3,1,2,1033,0.996114468666502,1,0.992228937333004
pos_677,GC,2,1,2,1309,0.9257310093873692,1,0.8514620187747384
pos_678,YQK,3,1,1,1097,0.9959152539798869,1,0.9918305079597738
pos_679,WYY,3,1,2,1273,0.996114468666502,1,0.992228937333004
pos_680,NHH,3,1,1,1267,0.9959152539798869,1,0.9918305079597738
pos_681,TSTA,4,1,3,941,0.9977832566381845,1,0.9955665132763689
pos_682,QLL,3,1,3,1287,0.9981867395822711,1,0.9963734791645422
pos_683,SGYYMH,6,1,5,1150,0.9759733897571177,1,0.9519467795142353
pos_684,GPAGPAG,7,1,2,542,0.9950937259782459,1,0.9901874519564917
pos_685,QTPRY,5,1,5,825,0.9833544685923551,1,0.9667089371847102
pos_686,YVEEL,5,1,5,1222,0.9958028785220537,1,0.9916057570441075
pos_687,YQETSSSSSQ,10,1,1,666,0.8030664422604026,1,0.6061328845208052
pos_688,KVLPVPQ,7,1,5,986,0.9933932182025099,1,0.9867864364050198
pos_689,VPYPQ,5,1,5,1020,0.9958028785220537,1,0.9916057570441075
pos_690,YGNWLYK,7,1,3,1096,0.9948703101205089,1,0.9897406202410177
pos_691,TEAPLNPK,8,1,1,1014,0.9811522900474456,1,0.9623045800948913
pos_692,APKGVQGPNG,10,1,1,760,0.9076491155029488,1,0.8152982310058976
pos_693,ACGNLPRMC,9,1,5,873,0.4239670862302228,0,0.15206582753955444
pos_694,GPGGFI,6,1,5,1115,0.954524710881572,1,0.909049421763144
pos_695,IAY,3,1,1,1053,0.9959152539798869,1,0.9918305079597738
pos_697,LT,2,1,5,1315,0.9898343997786601,1,0.9796687995573201
pos_698,VPNSYP,6,1,2,1086,0.9901988037317581,1,0.9803976074635161
pos_699,KEFFP,5,1,3,1058,0.9943397070337929,1,0.9886794140675859
pos_701,YF,2,1,2,1329,0.996114468666502,1,0.992228937333004
pos_702,YFPVGGDRPESF,12,1,4,456,0.9632480033860535,1,0.9264960067721071
pos_704,NRYHE,5,1,4,1208,0.9973741220058296,1,0.9947482440116593
pos_705,HK,2,1,4,1290,0.9973741220058296,1,0.9947482440116593
pos_707,VEEPPKEEKNPK,12,1,4,654,0.9427299011571652,1,0.8854598023143303
pos_708,RWL,3,1,4,1147,0.9973741220058296,1,0.9947482440116593
pos_709,IPIGP,5,1,2,997,0.9937849444429561,1,0.9875698888859121
pos_710,NPADLPDAG,9,1,4,932,0.7368538769167566,1,0.47370775383351327
pos_711,LLNDE,5,1,5,813,0.9791467942649731,1,0.9582935885299462
pos_712,PWV,3,1,4,1293,0.9972691134105259,1,0.9945382268210519
pos_714,PYFNK,5,1,1,1211,0.9894604367267089,1,0.9789208734534178
pos_715,VIEPR,5,1,3,1177,0.9981867395822711,1,0.9963734791645422
pos_716,IIAPPER,7,1,4,1054,0.9965611316112678,1,0.9931222632225356
pos_717,VAMVPPFET,9,1,2,942,0.894411321218322,1,0.788822642436644
pos_718,CAGVSAIR,8,1,4,958,0.982600782122036,1,0.9652015642440721
pos_719,IIAEK,5,1,4,1054,0.9973741220058296,1,0.9947482440116593
pos_720,YA,2,1,2,1261,0.996114468666502,1,0.992228937333004
pos_722,KFL,3,1,2,1057,0.996114468666502,1,0.992228937333004
pos_723,VLYEE,5,1,5,1202,0.9958028785220537,1,0.9916057570441075
pos_724,VGINYWLAHK,10,1,4,859,0.9339620225968639,1,0.8679240451937278
pos_725,AMRLTYNRPCLGAT,14,1,3,443,0.06554135234281791,0,0.8689172953143642
pos_726,KVI,3,1,1,1124,0.9959152539798869,1,0.9918305079597738
pos_727,SDGFQF,6,1,1,1148,0.7725926099476468,1,0.5451852198952936
pos_728,PKLPPVKK,8,1,5,986,0.9610741647182035,1,0.922148329436407
pos_729,WVAPLK,6,1,4,866,0.997212729052455,1,0.9944254581049099
pos_730,ISW,3,1,4,1092,0.9973741220058296,1,0.9947482440116593
pos_731,QYY,3,1,2,1056,0.996114468666502,1,0.992228937333004
pos_732,SFYPDY,6,1,3,1149,0.9071795916414319,1,0.8143591832828638
pos_733,KVLPVPEK,8,1,5,986,0.9958028785220537,1,0.9916057570441075
pos_734,PWN,3,1,4,1293,0.9973741220058296,1,0.9947482440116593
pos_735,GEY,3,1,4,1127,0.9973741220058296,1,0.9947482440116593
pos_736,ATVY,4,1,4,1230,0.9973741220058296,1,0.9947482440116593
pos_737,FDEQE,5,1,2,1179,0.996114468666502,1,0.992228937333004
pos_738,LPVPQ,5,1,5,986,0.9958028785220537,1,0.9916057570441075
pos_739,PR,2,1,2,1321,0.996114468666502,1,0.992228937333004
pos_740,DRVYIHPF,8,1,5,452,0.05750458142617658,0,0.8849908371476468
pos_742,YGFL,4,1,3,947,0.9981867395822711,1,0.9963734791645422
pos_743,IEAEGE,6,1,5,1121,0.9659435988181723,1,0.9318871976363445
pos_744,SSHWSS,6,1,4,1154,0.9775958800441157,1,0.9551917600882314
pos_745,PH,2,1,5,1253,0.9958028785220537,1,0.9916057570441075
pos_746,IGGIGTVPVGR,11,1,4,474,0.9267486736091238,1,0.8534973472182477
pos_747,PPMHLP,6,1,2,996,0.993134289134368,1,0.9862685782687359
pos_748,HEQKEEHEWHRKEE,14,1,5,468,0.8471232081854175,1,0.6942464163708351
pos_749,AEERYP,6,1,5,948,0.9587358554095955,1,0.917471710819191
pos_752,HIH,3,1,1,1267,0.9959152539798869,1,0.9918305079597738
pos_753,HPHL,4,1,3,1098,0.9981867395822711,1,0.9963734791645422
pos_754,IYPF,4,1,3,1167,0.9981867395822711,1,0.9963734791645422
pos_755,LQL,3,1,3,1287,0.9981867395822711,1,0.9963734791645422
pos_757,YWDHNNPQIR,10,1,3,872,0.9472107190096299,1,0.8944214380192599
pos_758,VPPSKLSP,8,1,2,1022,0.528706402477936,1,0.05741280495587198
pos_759,TEFHLL,6,1,2,1155,0.9960963718724974,1,0.9921927437449949
pos_760,YLAGKPQQEH,10,1,2,869,0.9940905533894915,1,0.988181106778983
pos_761,RWR,3,1,4,1130,0.9973741220058296,1,0.9947482440116593
pos_762,HEKVC,5,1,1,1189,0.991119825394699,1,0.982239650789398
pos_763,ACNLPRMC,8,1,5,873,0.34309071637580807,0,0.31381856724838386
pos_764,FAGDDAPRR,9,1,4,757,0.8989894482713092,1,0.7979788965426184
pos_765,TW,2,1,5,1277,0.9958028785220537,1,0.9916057570441075
pos_766,FC,2,1,5,1308,0.7198795354969524,1,0.43975907099390477
pos_767,LWF,3,1,4,1284,0.9973741220058296,1,0.9947482440116593
pos_768,FMPLH,5,1,4,1181,0.9973741220058296,1,0.9947482440116593
pos_769,LPENAKVDQVK,11,1,2,705,0.9043600945778878,1,0.8087201891557756
pos_770,VNPESQQGSPR,11,1,4,742,0.9487161916022921,1,0.8974323832045843
pos_771,TGIIT,5,1,3,1188,0.9883586246933392,1,0.9767172493866785
pos_772,RYQKF,5,1,1,1097,0.9835462985586313,1,0.9670925971172626
pos_774,RDMPIQ,6,1,4,1144,0.9892361407512767,1,0.9784722815025535
pos_776,GANSLLN,7,1,1,611,0.8385655948000146,1,0.6771311896000292
pos_777,RHN,3,1,4,1294,0.9973741220058296,1,0.9947482440116593
pos_778,KFFPS,5,1,1,1186,0.9958817101288309,1,0.9917634202576617
pos_780,VAPFPGVFGK,10,1,4,336,0.8582250120256851,1,0.7164500240513703
pos_782,HVPNA,5,1,3,1176,0.9981867395822711,1,0.9963734791645422
pos_784,VPW,3,1,5,1087,0.9958028785220537,1,0.9916057570441075
pos_785,EELDNALN,8,1,1,967,0.6734589360702341,1,0.3469178721404682
pos_787,YFPTQALNFAFK,12,1,5,662,0.4990634827687949,0,0.0018730344624101614
pos_788,KEMPFPKYPVE,11,1,3,168,0.9523538925636631,1,0.9047077851273262
pos_789,LAN,3,1,5,1166,0.9958028785220537,1,0.9916057570441075
pos_790,KGAIG,5,1,1,1114,0.9959152539798869,1,0.9918305079597738
pos_791,RWH,3,1,3,1268,0.9981867395822711,1,0.9963734791645422
pos_792,LWE,3,1,2,1196,0.996114468666502,1,0.992228937333004
pos_793,FFAPGRNPTSFS,12,1,3,605,0.4788160947210706,0,0.042367810557858765
pos_794,CNW,3,1,5,1270,0.9958028785220537,1,0.9916057570441075
pos_795,FYPEL,5,1,5,1036,0.9853687960872297,1,0.9707375921744594
pos_796,AGFAGDDAPR,10,1,4,757,0.665109977417883,1,0.33021995483576605
pos_797,THH,3,1,1,1267,0.9959152539798869,1,0.9918305079597738
pos_798,GPTGPAGP,8,1,1,621,0.9601141627569737,1,0.9202283255139474
pos_799,WYT,3,1,4,1304,0.9973741220058296,1,0.9947482440116593
pos_800,MKW,3,1,4,1289,0.9973741220058296,1,0.9947482440116593
pos_801,PK,2,1,5,1320,0.9855935266788042,1,0.9711870533576084
pos_802,VAGL,4,1,4,994,0.9973741220058296,1,0.9947482440116593
pos_804,TQTPVVVPPFLQPE,14,1,5,76,0.942835442593802,1,0.8856708851876041
pos_805,LQGMP,5,1,2,1175,0.9722852498929098,1,0.9445704997858195
pos_806,ISELGF,6,1,5,1055,0.9505636219351485,1,0.9011272438702971
pos_807,FILR,4,1,4,1181,0.9973741220058296,1,0.9947482440116593
pos_808,PWE,3,1,4,1126,0.9973741220058296,1,0.9947482440116593
pos_809,WDR,3,1,1,1163,0.9959152539798869,1,0.9918305079597738
pos_810,GVRGPFPII,9,1,3,265,0.7674393008557132,1,0.5348786017114264
pos_811,KGPPGEIGR,9,1,2,465,0.8882985609339797,1,0.7765971218679595
pos_812,FRADHPFL,8,1,1,975,0.9517865512667107,1,0.9035731025334215
pos_813,FVAGK,5,1,1,1183,0.9908773969219141,1,0.9817547938438282
pos_814,PVSHDHAPEY,10,1,1,835,0.9796529101331054,1,0.9593058202662108
pos_815,LLAH,4,1,5,924,0.9958028785220537,1,0.9916057570441075
pos_816,MTEEY,5,1,4,1206,0.9916180476094484,1,0.9832360952188968
pos_817,YINQMPQKSRE,11,1,1,665,0.8994948233539889,1,0.7989896467079778
pos_818,GLTSK,5,1,2,1187,0.9427426127931817,1,0.8854852255863634
pos_819,AAAPVAVAK,9,1,3,514,0.9971296749476639,1,0.9942593498953278
pos_820,ANLGPA,6,1,3,1101,0.9981867395822711,1,0.9963734791645422
pos_821,HAH,3,1,1,1267,0.9959152539798869,1,0.9918305079597738
pos_822,LWR,3,1,4,1130,0.9973741220058296,1,0.9947482440116593
pos_823,YPEL,4,1,5,1036,0.9958028785220537,1,0.9916057570441075
pos_824,LQSGDALRVPSGTTYY,16,1,2,294,0.33210100266597387,0,0.33579799466805227
pos_825,IILHQQQ,7,1,5,955,0.9437065894517833,1,0.8874131789035666
pos_826,GPAGSPGFQGLPGPAG,16,1,2,283,0.4570101619754874,0,0.08597967604902523
pos_827,MLLFPM,6,1,3,1132,0.9835955953715496,1,0.9671911907430992
pos_828,LDYE,4,1,1,1129,0.9959152539798869,1,0.9918305079597738
pos_829,LDY,3,1,5,1285,0.9958028785220537,1,0.9916057570441075
pos_830,YLAGNQEQE,9,1,2,701,0.9939374664024037,1,0.9878749328048073
pos_831,WIQP,4,1,1,1100,0.9951343422957764,1,0.9902686845915527
pos_833,GKGIFG,6,1,1,1114,0.8820737618163622,1,0.7641475236327244
pos_834,VKCFR,5,1,4,1221,0.9973607158107846,1,0.9947214316215691
pos_835,YYD,3,1,2,1273,0.996114468666502,1,0.992228937333004
pos_836,LWK,3,1,1,1288,0.9959152539798869,1,0.9918305079597738
pos_837,PFPEVFGKE,9,1,4,336,0.8326904515856606,1,0.6653809031713211
pos_838,HEH,3,1,1,1267,0.9959152539798869,1,0.9918305079597738
pos_839,YPQ,3,1,1,1097,0.9959152539798869,1,0.9918305079597738
pos_840,GFPSG,5,1,1,1037,0.9950292406598482,1,0.9900584813196964
pos_842,PLHH,4,1,1,1201,0.9959152539798869,1,0.9918305079597738
pos_843,TTTAATS,7,1,2,1084,0.9820036282330655,1,0.9640072564661311
pos_844,WVWWW,5,1,2,1193,0.9891855773484711,1,0.9783711546969422
pos_845,RHM,3,1,4,1294,0.9973741220058296,1,0.9947482440116593
pos_846,VMTVHNTPY,9,1,4,946,0.9938805804619877,1,0.9877611609239754
pos_847,APGIIPR,7,1,1,907,0.9863311555646018,1,0.9726623111292036
pos_848,CF,2,1,5,1229,0.4238621304578942,0,0.15227573908421155
pos_850,WIR,3,1,3,1302,0.9981867395822711,1,0.9963734791645422
pos_852,RNDDLNYIQ,9,1,3,936,0.39297845401552606,0,0.21404309196894789
pos_853,QRNNPY,6,1,1,1142,0.9864916900524128,1,0.9729833801048255
pos_854,FPFF,4,1,4,1107,0.9944245264666609,1,0.9888490529333218
pos_855,WVRQAPGKGL,10,1,4,866,0.6281234430506627,1,0.2562468861013254
pos_856,HLHP,4,1,1,1116,0.9959152539798869,1,0.9918305079597738
pos_857,RHF,3,1,5,1292,0.9958028785220537,1,0.9916057570441075
pos_858,RYLGYLE,7,1,4,1079,0.9595118584517595,1,0.9190237169035189
pos_859,LTADILPR,8,1,5,623,0.8657106008972861,1,0.7314212017945723
pos_860,TGGGNV,6,1,4,1156,0.9973741220058296,1,0.9947482440116593
pos_862,LHM,3,1,4,1151,0.9973741220058296,1,0.9947482440116593
pos_863,LLR,3,1,3,1287,0.9981867395822711,1,0.9963734791645422
pos_864,FRAL,4,1,1,975,0.994612674123297,1,0.989225348246594
pos_865,SKVLPVPQKAVPYPQ,15,1,4,258,0.5955269079970155,1,0.19105381599403093
pos_866,QYVLSRYPSYGLN,13,1,3,569,0.23611520738520622,0,0.5277695852295876
pos_868,LLES,4,1,5,1112,0.9937477810053866,1,0.9874955620107733
pos_869,LAC,3,1,3,1264,0.9928083149083321,1,0.9856166298166642
pos_870,DHHQ,4,1,1,1234,0.9959152539798869,1,0.9918305079597738
pos_871,EFFDVSNEQ,9,1,2,681,0.7118365034437433,1,0.42367300688748655
pos_872,RPDFDLEPPY,10,1,1,845,0.32550853878936276,0,0.3489829224212745
pos_873,ASPKPSSA,8,1,1,956,0.9634996226900402,1,0.9269992453800804
pos_874,IAYKPAG,7,1,1,1053,0.9854542706937207,1,0.9709085413874414
pos_875,LHALLL,6,1,5,1117,0.9698398852904305,1,0.939679770580861
pos_876,EERYP,5,1,5,948,0.9958028785220537,1,0.9916057570441075
pos_877,IFVPH,5,1,5,1049,0.990394674962409,1,0.9807893499248179
pos_878,QWFH,4,1,3,1205,0.9946230773792343,1,0.9892461547584686
pos_879,MHIRL,5,1,2,1033,0.9041832511698994,1,0.8083665023397988
pos_880,KHFLA,5,1,3,1197,0.9460625975704391,1,0.8921251951408782
pos_881,AYFYPEL,7,1,5,1036,0.8378053946023672,1,0.6756107892047345
pos_882,LPF,3,1,4,1284,0.9973741220058296,1,0.9947482440116593
pos_883,LRIPVA,6,1,5,1055,0.9911622738265119,1,0.9823245476530238
pos_884,LWT,3,1,1,1201,0.9935972677233296,1,0.9871945354466591
pos_885,KLL,3,1,4,1284,0.9973741220058296,1,0.9947482440116593
pos_886,GVSKVKEAMAPKH,13,1,5,543,0.36513419626577875,0,0.2697316074684425
pos_887,WPRGYFL,7,1,4,1094,0.7192977256679578,1,0.4385954513359156
pos_888,PSYV,4,1,4,998,0.9973741220058296,1,0.9947482440116593
pos_889,LAGNPHQQQQN,11,1,2,701,0.9783961173611635,1,0.956792234722327
pos_892,PYSFK,5,1,2,965,0.9960359471175158,1,0.9920718942350315
pos_893,VTAGLVGGGAGK,12,1,5,190,0.9816760356646718,1,0.9633520713293435
pos_894,RHPHPHLSFM,10,1,4,671,0.6618400797338622,1,0.3236801594677243
pos_895,AMRLTGNRPCIGAT,14,1,3,443,0.07735818828804207,0,0.8452836234239158
pos_897,GSPGADGPIGAPG,13,1,2,542,0.7889637843558818,1,0.5779275687117635
pos_898,CW,2,1,5,1307,0.989198244309963,1,0.9783964886199259
pos_899,HYY,3,1,2,1273,0.996114468666502,1,0.992228937333004
pos_900,HQIYPV,6,1,2,1056,0.996114468666502,1,0.992228937333004
pos_901,NVPGEIVE,8,1,1,834,0.9550903018929441,1,0.9101806037858882
pos_902,GEPGPPGPPGPPGPPG,16,1,2,283,0.22369536281167696,0,0.5526092743766461
pos_904,PAW,3,1,3,1268,0.9981867395822711,1,0.9963734791645422
pos_905,YVM,3,1,3,1306,0.9981867395822711,1,0.9963734791645422
pos_906,QCL,3,1,2,1271,0.996114468666502,1,0.992228937333004
pos_907,LLPH,4,1,5,1117,0.9958028785220537,1,0.9916057570441075
pos_908,GGWFL,5,1,2,995,0.9912191840147696,1,0.9824383680295392
pos_910,LPWRPATNVF,10,1,2,816,0.7662031279903248,1,0.5324062559806495
pos_911,PKYPVEPF,8,1,3,168,0.9963603329698864,1,0.9927206659397727
pos_912,NWEKIR,6,1,3,1058,0.9570044601385725,1,0.9140089202771451
pos_913,GYLEQ,5,1,4,1079,0.9934168455671236,1,0.9868336911342472
pos_914,LAQGTFLQPHQ,11,1,3,702,0.9025634334182714,1,0.8051268668365428
pos_915,YGL,3,1,2,1057,0.996114468666502,1,0.992228937333004
pos_916,KDVPP,5,1,3,966,0.9897773024984291,1,0.9795546049968582
pos_917,YEGS,4,1,5,1202,0.9958028785220537,1,0.9916057570441075
pos_919,YYS,3,1,4,1228,0.9973741220058296,1,0.9947482440116593
pos_920,SALAM,5,1,2,1215,0.996114468666502,1,0.992228937333004
pos_922,LHA,3,1,4,1286,0.9973741220058296,1,0.9947482440116593
pos_923,YQGPIVLNPWDQVK,14,1,4,432,0.48394866441538736,0,0.03210267116922527
pos_924,YIY,3,1,1,1269,0.9959152539798869,1,0.9918305079597738
pos_925,LTEIIP,6,1,1,1134,0.9402596456464853,1,0.8805192912929707
pos_926,VEEPPKEE,8,1,4,654,0.9873183787888514,1,0.9746367575777029
pos_927,AMRLTGNRPCLYAT,14,1,3,443,0.04248694024187164,0,0.9150261195162567
pos_928,LLCVAV,6,1,2,1064,0.9774362954896703,1,0.9548725909793405
pos_929,TVYQ,4,1,4,1219,0.9973741220058296,1,0.9947482440116593
pos_930,KHH,3,1,1,1267,0.9959152539798869,1,0.9918305079597738
pos_931,VHHANEN,7,1,2,1050,0.9837494669677416,1,0.9674989339354831
pos_932,HQPPQPLPPTVMFPPQSVL,19,1,4,66,0.6848648880950698,1,0.3697297761901397
pos_933,NGPLLPSDEMDRA,13,1,4,558,0.3503342164042031,0,0.2993315671915938
pos_934,FYQL,4,1,2,1241,0.996114468666502,1,0.992228937333004
pos_935,GNPIPREPGQVPAY,14,1,5,464,0.9346379823564674,1,0.8692759647129349
pos_936,TPCPPQ,6,1,3,1157,0.9899792283160699,1,0.9799584566321398
pos_937,TF,2,1,5,1298,0.960554227755084,1,0.9211084555101681
pos_938,WYGPD,5,1,2,1224,0.9878816639990317,1,0.9757633279980633
pos_939,WYSLAMAASDI,11,1,2,748,0.2272385828975455,0,0.545522834204909
pos_940,LVSK,4,1,2,1187,0.996114468666502,1,0.992228937333004
pos_941,ICNIMC,6,1,2,1119,0.6451151341257936,1,0.29023026825158715
pos_942,ETW,3,1,5,1277,0.9958028785220537,1,0.9916057570441075
pos_943,LHS,3,1,3,1131,0.9981867395822711,1,0.9963734791645422
pos_944,GSIFVPH,7,1,5,1049,0.9508054337010347,1,0.9016108674020693
pos_945,MRWRD,5,1,4,1130,0.9575255203707687,1,0.9150510407415373
pos_946,PQIPEQF,7,1,1,1075,0.9740489591499593,1,0.9480979182999185
pos_947,PAGSAAGAAP,10,1,5,523,0.7228214705853341,1,0.44564294117066816
pos_948,RYQ,3,1,4,1296,0.9973741220058296,1,0.9947482440116593
pos_949,WK,2,1,2,1327,0.996114468666502,1,0.992228937333004
pos_950,DVFNPR,6,1,3,966,0.9972846616459182,1,0.9945693232918364
pos_951,FSGGE,5,1,3,1011,0.9981867395822711,1,0.9963734791645422
pos_952,GVPLT,5,1,2,1187,0.9889529220689914,1,0.9779058441379829
pos_953,DGDPLLDQ,8,1,2,964,0.9499205049171825,1,0.899841009834365
pos_954,LVP,3,1,2,1271,0.996114468666502,1,0.992228937333004
pos_955,YHY,3,1,2,1273,0.996114468666502,1,0.992228937333004
pos_956,FDRR,4,1,2,1180,0.9856415181959646,1,0.9712830363919291
pos_959,SEALGVSSQVARQ,13,1,1,573,0.5943640485485604,1,0.1887280970971208
pos_960,RGWYE,5,1,4,1079,0.9973741220058296,1,0.9947482440116593
pos_961,WIRGCRL,7,1,1,957,0.925014114119787,1,0.8500282282395739
pos_962,RGY,3,1,4,1079,0.9973741220058296,1,0.9947482440116593
pos_963,FVAPAGTINY,10,1,5,787,0.7938808879928373,1,0.5877617759856746
pos_964,HHW,3,1,2,1051,0.996114468666502,1,0.992228937333004
pos_965,HLH,3,1,1,1267,0.9959152539798869,1,0.9918305079597738
pos_966,YVNDAATLLPR,11,1,1,752,0.3584293204222321,0,0.28314135915553584
pos_967,RWW,3,1,4,1147,0.9973741220058296,1,0.9947482440116593
pos_968,YDYD,4,1,3,1149,0.9981867395822711,1,0.9963734791645422
pos_969,DLGSTGGRGPSAGM,14,1,1,450,0.47792497228651276,0,0.04415005542697448
pos_970,AMRLTYNKPCLYGT,14,1,3,443,0.02098859486446507,0,0.9580228102710698
pos_971,QGPPGPAGPA,10,1,2,542,0.5706829298423272,1,0.14136585968465432
pos_973,NALEPDHRVESEGG,14,1,1,486,0.8561617334674849,1,0.7123234669349698
pos_974,DFYNPKA,7,1,5,1038,0.8278997045164103,1,0.6557994090328205
pos_975,HLLPK,5,1,5,990,0.9928792252812686,1,0.9857584505625372
pos_976,WG,2,1,3,1326,0.9616670878946855,1,0.9233341757893709
pos_977,EVR,3,1,3,1278,0.9981867395822711,1,0.9963734791645422
pos_978,RLKKY,5,1,1,1199,0.981419869802861,1,0.962839739605722
pos_979,NGDPLLDQ,8,1,2,964,0.9655512438775175,1,0.9311024877550349
pos_980,LER,3,1,3,1278,0.9933970866348009,1,0.9867941732696017
pos_981,KKY,3,1,3,1281,0.9981867395822711,1,0.9963734791645422
pos_982,EYW,3,1,5,1277,0.9958028785220537,1,0.9916057570441075
pos_983,HHF,3,1,2,1091,0.996114468666502,1,0.992228937333004
pos_984,TDY,3,1,5,1285,0.9958028785220537,1,0.9916057570441075
pos_985,VIYVVDLR,8,1,3,1005,0.9336560815321926,1,0.8673121630643852
pos_986,VY,2,1,4,1230,0.9969137671221918,1,0.9938275342443836
pos_987,FALPQYLK,8,1,5,441,0.8098554801520192,1,0.6197109603040385
pos_988,TY,2,1,4,1230,0.9957300946988104,1,0.9914601893976207
pos_989,YP,2,1,3,1258,0.9981109130261084,1,0.9962218260522169
pos_990,VAAV,4,1,2,1257,0.996114468666502,1,0.992228937333004
pos_991,HNLDTQTESDV,11,1,4,693,0.36316813275744697,0,0.27366373448510606
pos_992,LMCH,4,1,1,1246,0.9959152539798869,1,0.9918305079597738
pos_993,KEFFPA,6,1,3,1058,0.9942974864433499,1,0.9885949728866998
pos_994,APGPAGARGN,10,1,4,757,0.9666432743781497,1,0.9332865487562994
pos_995,LKYPI,5,1,1,1199,0.9959152539798869,1,0.9918305079597738
pos_996,HYEG,4,1,5,1202,0.9958028785220537,1,0.9916057570441075
pos_997,FWG,3,1,5,1279,0.9958028785220537,1,0.9916057570441075
pos_998,PWT,3,1,4,1263,0.9956866941705752,1,0.9913733883411504
pos_999,VLWEE,5,1,2,1196,0.9885787846911741,1,0.9771575693823482
pos_1000,MFLG,4,1,5,973,0.9958028785220537,1,0.9916057570441075
pos_1001,LWM,3,1,4,1130,0.9973741220058296,1,0.9947482440116593
pos_1002,CGFPGHC,7,1,1,1037,0.9326341327676213,1,0.8652682655352426
pos_1003,VKRP,4,1,4,1221,0.9973741220058296,1,0.9947482440116593
pos_1004,KVR,3,1,5,1143,0.9958028785220537,1,0.9916057570441075
pos_1005,PWY,3,1,4,1293,0.9973741220058296,1,0.9947482440116593
pos_1006,QTFQYSRGWTN,11,1,1,724,0.013720548559171554,0,0.9725589028816569
pos_1007,IKL,3,1,3,1281,0.9981867395822711,1,0.9963734791645422
pos_1008,FLWLKKTPLPL,11,1,5,685,0.7273782540975791,1,0.4547565081951581
pos_1009,ASGLCPEEAVPRR,13,1,2,524,0.6783142372379143,1,0.35662847447582857
pos_1010,TIIPLPV,7,1,4,727,0.9948247317413885,1,0.989649463482777
pos_1011,LLW,3,1,3,1287,0.9955859659354539,1,0.9911719318709078
pos_1012,VVKL,4,1,4,1111,0.9973741220058296,1,0.9947482440116593
pos_1013,YGGVSLPEW,9,1,2,949,0.9692163549712774,1,0.9384327099425549
pos_1014,HAEIN,5,1,2,1050,0.9884380465834629,1,0.9768760931669258
pos_1015,WVSPLAGRT,9,1,3,779,0.9112264833803126,1,0.8224529667606253
pos_1016,FVDAQPQQKEEG,12,1,1,610,0.9284948697223833,1,0.8569897394447665
pos_1018,FPLEMMPF,8,1,3,974,0.9586374681041625,1,0.917274936208325
pos_1019,WRNRCKGTD,9,1,4,737,0.3418942202312495,0,0.316211559537501
pos_1020,KGLFG,5,1,5,801,0.9869661155942684,1,0.9739322311885368
pos_1021,ARW,3,1,3,1268,0.9981867395822711,1,0.9963734791645422
pos_1022,GPAGPTGARGAP,12,1,2,465,0.8067279031213453,1,0.6134558062426907
pos_1023,PHT,3,1,5,1292,0.9958028785220537,1,0.9916057570441075
pos_1024,AGGGGGGGGGGGKNL,15,1,2,126,0.6354408465006868,1,0.27088169300137355
pos_1025,HHLGGAKQAGDV,12,1,5,622,0.8572564629679729,1,0.7145129259359457
pos_1026,VVLY,4,1,5,1103,0.9958028785220537,1,0.9916057570441075
pos_1027,LSDLHAHKL,9,1,5,924,0.2277609886307024,0,0.5444780227385952
pos_1028,GGRP,4,1,4,899,0.9942916462945718,1,0.9885832925891436
pos_1029,FVPH,4,1,5,1049,0.9958028785220537,1,0.9916057570441075
pos_1030,HPLH,4,1,5,1117,0.9958028785220537,1,0.9916057570441075
pos_1031,MM,2,1,2,1249,0.996114468666502,1,0.992228937333004
pos_1032,AVFPSIVGRPR,11,1,2,672,0.8804399471545106,1,0.7608798943090211
pos_1033,RVPSLM,6,1,3,1146,0.9699992200864582,1,0.9399984401729164
pos_1034,YLAGMN,6,1,5,1166,0.99074916718985,1,0.9814983343796999
pos_1035,MN,2,1,1,1316,0.9638960529061645,1,0.9277921058123291
pos_1036,FLPE,4,1,5,1133,0.9958028785220537,1,0.9916057570441075
pos_1037,RDY,3,1,5,1143,0.9958028785220537,1,0.9916057570441075
pos_1038,NMGPLLPQ,8,1,2,964,0.9583383696144386,1,0.9166767392288773
pos_1039,QHH,3,1,1,1267,0.9959152539798869,1,0.9918305079597738
pos_1040,PHA,3,1,4,1286,0.9973741220058296,1,0.9947482440116593
pos_1041,QLGNLGV,7,1,3,918,0.8749071768232933,1,0.7498143536465867
pos_1042,AIILHQQ,7,1,5,955,0.9851713662744789,1,0.9703427325489578
pos_1043,MHH,3,1,1,1267,0.9959152539798869,1,0.9918305079597738
pos_1044,YGVSGYPTLK,10,1,2,867,0.9845563781713205,1,0.9691127563426409
pos_1046,YGY,3,1,4,1079,0.9973741220058296,1,0.9947482440116593
pos_1047,VFD,3,1,3,1089,0.9981867395822711,1,0.9963734791645422
pos_1048,PSIVGRP,7,1,2,672,0.9566580006378393,1,0.9133160012756787
pos_1049,ACGSDGK,7,1,2,1030,0.7695353727838259,1,0.5390707455676518
pos_1050,MWC,3,1,4,1289,0.9970338992832105,1,0.994067798566421
pos_1051,LVYLVR,6,1,2,1064,0.9682611765844573,1,0.9365223531689146
pos_1052,WAFAPA,6,1,2,1160,0.9954249149967334,1,0.9908498299934667
pos_1053,LHN,3,1,4,1286,0.9973741220058296,1,0.9947482440116593
pos_1054,PYVRYL,6,1,2,1076,0.9948711057913124,1,0.9897422115826249
pos_1058,AEEEYPDL,8,1,5,948,0.9094882202372087,1,0.8189764404744173
pos_1059,LW,2,1,5,1245,0.9928006019670137,1,0.9856012039340274
pos_1060,LAYLQYTDFETR,12,1,4,626,0.2703899150086236,0,0.45922016998275283
pos_1061,CGWKY,5,1,3,1173,0.9471536887433931,1,0.8943073774867862
pos_1062,YLMSR,5,1,1,1223,0.9958022390178395,1,0.991604478035679
pos_1063,ISELGW,6,1,5,1055,0.9228005889537899,1,0.8456011779075798
pos_1064,PTGPNNGLSY,10,1,5,765,0.8895125951320494,1,0.7790251902640988
pos_1065,YYIVS,5,1,4,1228,0.9938331984359814,1,0.9876663968719628
pos_1066,VGALAVVVWLWLWLW,15,1,3,425,0.41739198104265296,0,0.16521603791469408
pos_1067,LHSMK,5,1,2,1187,0.9909120932394759,1,0.9818241864789519
pos_1068,INNQFLPYPYYAKPA,15,1,1,373,0.5384839729437058,1,0.07696794588741152
pos_1069,TAAIVNTA,8,1,1,1012,0.9002320248015799,1,0.8004640496031599
pos_1070,PEL,3,1,5,1036,0.9958028785220537,1,0.9916057570441075
pos_1071,LGY,3,1,4,1079,0.9941565639513468,1,0.9883131279026935
pos_1072,VKEAMPK,7,1,5,543,0.9934847806707334,1,0.9869695613414669
pos_1073,VPVTST,6,1,3,941,0.9926705285463624,1,0.9853410570927248
pos_1074,QAY,3,1,1,1269,0.9959152539798869,1,0.9918305079597738
pos_1075,RPEELGPNK,9,1,4,937,0.9071095351003813,1,0.8142190702007626
pos_1076,NM,2,1,4,1318,0.994922910371566,1,0.989845820743132
pos_1078,YQETSSSSSQE,11,1,1,666,0.8484484493773884,1,0.6968968987547768
pos_1080,YQLD,4,1,2,1168,0.996114468666502,1,0.992228937333004
pos_1081,TSNLLT,6,1,1,1071,0.9913086562884083,1,0.9826173125768165
pos_1082,QLPLL,5,1,2,996,0.9925685748457193,1,0.9851371496914385
pos_1083,KYY,3,1,2,1056,0.996114468666502,1,0.992228937333004
pos_1084,IGPSSSPDIYNPEAGRIK,18,1,3,170,0.5463128229336154,1,0.09262564586723077
pos_1085,LHR,3,1,2,1033,0.996114468666502,1,0.992228937333004
pos_1087,NPPADLHK,8,1,1,992,0.7839260594404854,1,0.5678521188809709
pos_1088,YYA,3,1,4,1165,0.9006354160237907,1,0.8012708320475814
pos_1089,VKVLLEHPVL,10,1,4,860,0.870357533371078,1,0.740715066742156
pos_1090,LLRSVGVPL,9,1,2,921,0.737834301628447,1,0.475668603256894
pos_1091,AFWYGLPCKL,10,1,5,756,0.5287943524556694,1,0.05758870491133883
pos_1092,GPPGPPGPPGPPG,13,1,2,283,0.6236059140093662,1,0.24721182801873232
pos_1093,SGGY,4,1,3,1009,0.9981867395822711,1,0.9963734791645422
pos_1094,TCSP,4,1,3,1157,0.9974052695256584,1,0.9948105390513169
pos_1095,AMRLTYNRPGIYAT,14,1,3,443,0.042613591303804335,0,0.9147728173923914
pos_1096,YLGY,4,1,4,1079,0.9973741220058296,1,0.9947482440116593
pos_1097,DHTKE,5,1,1,1174,0.9930903303746502,1,0.9861806607493004
pos_1098,DAQEFKR,7,1,5,526,0.9629851404441626,1,0.9259702808883252
pos_1099,DVPPYM,6,1,1,1105,0.9783943369730387,1,0.9567886739460774
pos_1100,PIGSENS,7,1,3,1072,0.9494297310353494,1,0.8988594620706989
pos_1102,HLQDFGSEILPR,12,1,5,623,0.3095173019093877,0,0.3809653961812246
pos_1103,AQIPQQ,6,1,3,762,0.997010553360286,1,0.994021106720572
pos_1104,RHT,3,1,4,1294,0.9973741220058296,1,0.9947482440116593
pos_1105,NGRFY,5,1,1,1069,0.9885672268034059,1,0.9771344536068118
pos_1106,QGLQGLPGT,9,1,1,776,0.9903067227563852,1,0.9806134455127704
pos_1108,VDHDHPE,7,1,1,835,0.9959152539798869,1,0.9918305079597738
pos_1109,KNILE,5,1,2,1196,0.9921165613498513,1,0.9842331226997025
pos_1110,VAWRNRCKGTD,11,1,4,737,0.6022757088624906,1,0.2045514177249812
pos_1111,DLSDGEQGVL,10,1,1,777,0.6276602520077832,1,0.2553205040155664
pos_1112,GLDIQK,6,1,5,901,0.9383935883450198,1,0.8767871766900397
pos_1113,PLPPHMLP,8,1,2,996,0.9254313094453981,1,0.8508626188907962
pos_1114,VAITLTMK,8,1,3,1019,0.6267548569092023,1,0.2535097138184046
pos_1116,EYY,3,1,4,1127,0.9973741220058296,1,0.9947482440116593
pos_1117,YPFVE,5,1,4,998,0.9973741220058296,1,0.9947482440116593
pos_1118,LPGPILSSFPQ,11,1,5,706,0.8279838335127264,1,0.6559676670254528
pos_1119,YPFPGPIN,8,1,2,712,0.9879757279743849,1,0.9759514559487699
pos_1120,LMRWMR,6,1,4,1130,0.9956492987001694,1,0.9912985974003388
pos_1121,HC,2,1,2,1311,0.996114468666502,1,0.992228937333004
pos_1122,KYIPIQYVLS,10,1,4,806,0.501018464525322,1,0.0020369290506438986
pos_1123,YPFVEP,6,1,3,1167,0.9551125745988344,1,0.9102251491976687
pos_1124,FSEY,4,1,4,896,0.9973741220058296,1,0.9947482440116593
pos_1126,AH,2,1,1,1267,0.9959152539798869,1,0.9918305079597738
pos_1127,EQEEEESTGRMK,12,1,4,604,0.5696988972831429,1,0.13939779456628587
pos_1128,PKAV,4,1,3,1140,0.9981867395822711,1,0.9963734791645422
pos_1130,VAPEEHPV,8,1,4,976,0.9973741220058296,1,0.9947482440116593
pos_1131,YPFPGPI,7,1,2,712,0.979321956321225,1,0.95864391264245
pos_1132,WYSLA,5,1,2,748,0.996114468666502,1,0.992228937333004
pos_1134,NQNGRFY,7,1,1,1069,0.7716988305891729,1,0.5433976611783458
pos_1135,PAGY,4,1,2,1086,0.996114468666502,1,0.992228937333004
pos_1136,IPP,3,1,4,1054,0.9938755243233971,1,0.9877510486467942
pos_1137,AHK,3,1,1,1267,0.9959152539798869,1,0.9918305079597738
pos_1139,FFGFN,5,1,2,970,0.9500150238218951,1,0.9000300476437901
pos_1140,YLLF,4,1,2,1168,0.996114468666502,1,0.992228937333004
pos_1141,ISELGY,6,1,5,1055,0.9686453852693963,1,0.9372907705387925
pos_1142,DGVVYY,6,1,5,1103,0.9810160173399463,1,0.9620320346798925
pos_1143,VAPFPQ,6,1,3,506,0.9981867395822711,1,0.9963734791645422
pos_1144,PGCPST,6,1,4,1065,0.9968908904170075,1,0.993781780834015
pos_1145,GQVPP,5,1,2,1139,0.9622691305754012,1,0.9245382611508024
pos_1146,SDEEVEH,7,1,5,1080,0.9864966946721879,1,0.9729933893443758
pos_1147,SCQDQPTTLAR,11,1,5,729,0.6090292748190088,1,0.21805854963801763
pos_1148,DDDY,4,1,1,1233,0.9959152539798869,1,0.9918305079597738
pos_1149,YQY,3,1,1,1097,0.9959152539798869,1,0.9918305079597738
pos_1150,GKPVAVPA,8,1,3,868,0.6985393744574522,1,0.39707874891490436
pos_1151,SRGLPGME,8,1,3,1011,0.9523789922692135,1,0.904757984538427
pos_1152,EGGDGGYGGGGGGSRW,16,1,2,126,0.5382486420490183,1,0.07649728409803669
pos_1153,GWNI,4,1,1,1100,0.9919572960508175,1,0.983914592101635
pos_1154,GKGEGGGGLA,10,1,2,790,0.904991107623491,1,0.809982215246982
pos_1155,NIPPLTQTPVVVPFLQPEVM,20,1,5,76,0.47867332968205495,0,0.0426533406358901
pos_1157,RHD,3,1,4,1294,0.9973741220058296,1,0.9947482440116593
pos_1159,YYK,3,1,3,1096,0.9981867395822711,1,0.9963734791645422
pos_1160,ESTLHLVLR,9,1,1,745,0.36963461989865054,0,0.2607307602026989
pos_1161,PHG,3,1,3,1131,0.9981867395822711,1,0.9963734791645422
pos_1162,GPVRGPFPII,10,1,3,265,0.8459778941036843,1,0.6919557882073686
pos_1163,APFPEVFGKEKVNEL,15,1,4,336,0.4154879798754991,0,0.16902404024900175
pos_1165,EIVPN,5,1,3,1176,0.9981867395822711,1,0.9963734791645422
pos_1166,LALPA,5,1,3,1101,0.9976070587505709,1,0.9952141175011417
pos_1167,YMY,3,1,2,1273,0.996114468666502,1,0.992228937333004
pos_1168,GPSGPPGPKGN,11,1,1,689,0.9754374196017795,1,0.9508748392035591
pos_1169,ALEPDHR,7,1,1,486,0.9959152539798869,1,0.9918305079597738
pos_1171,TWKVV,5,1,1,1185,0.9959152539798869,1,0.9918305079597738
pos_1172,QGAR,4,1,1,1255,0.9959152539798869,1,0.9918305079597738
pos_1173,LWQ,3,1,1,1288,0.9959152539798869,1,0.9918305079597738
pos_1175,LSNLHAYNL,9,1,5,924,0.5872766099963855,1,0.17455321999277107
pos_1176,VLSTSFPPK,9,1,5,945,0.8986029490616837,1,0.7972058981233674
pos_1178,NPFMAP,6,1,2,1138,0.9602868531995262,1,0.9205737063990524
pos_1179,ADF,3,1,2,1265,0.996114468666502,1,0.992228937333004
pos_1180,KGALG,5,1,2,954,0.996114468666502,1,0.992228937333004
pos_1181,YPWT,4,1,4,1263,0.9942374259951398,1,0.9884748519902795
pos_1182,WAFS,4,1,2,1160,0.996114468666502,1,0.992228937333004
pos_1183,ANSLLN,6,1,4,1102,0.9793294479213411,1,0.9586588958426823
pos_1184,NSGPLVNP,8,1,4,993,0.9890923758205065,1,0.9781847516410129
pos_1185,KYP,3,1,2,1056,0.996114468666502,1,0.992228937333004
pos_1186,LAPSTIK,7,1,3,1061,0.8854517271412453,1,0.7709034542824906
pos_1187,PWA,3,1,4,1293,0.9973741220058296,1,0.9947482440116593
pos_1188,CTN,3,1,5,1270,0.9958028785220537,1,0.9916057570441075
pos_1189,KGIFG,5,1,1,1114,0.9832140172333179,1,0.9664280344666358
pos_1191,RWQ,3,1,4,1147,0.9973741220058296,1,0.9947482440116593
pos_1192,YAKP,4,1,2,1261,0.996114468666502,1,0.992228937333004
pos_1193,TSVLR,5,1,1,745,0.9959152539798869,1,0.9918305079597738
pos_1195,VCSV,4,1,3,898,0.9981867395822711,1,0.9963734791645422
pos_1196,AGWNIPIGT,9,1,3,443,0.9136105303444619,1,0.8272210606889239
pos_1197,WDHHAPQLR,9,1,3,872,0.8992600407235074,1,0.7985200814470148
pos_1198,SLPGGYGL,8,1,3,1009,0.9508183276110489,1,0.9016366552220978
pos_1199,YEY,3,1,5,1202,0.9958028785220537,1,0.9916057570441075
pos_1200,RYLGY,5,1,4,1079,0.9964765109635544,1,0.9929530219271088
pos_1202,WGN,3,1,5,1270,0.9958028785220537,1,0.9916057570441075
pos_1203,GLPQEVLN,8,1,2,376,0.9529467173835715,1,0.905893434767143
pos_1204,VVVNIPPTLK,10,1,4,864,0.7480059509665977,1,0.49601190193319544
pos_1205,GRW,3,1,3,1268,0.9981867395822711,1,0.9963734791645422
pos_1206,RGLSK,5,1,2,1006,0.9854974374528066,1,0.9709948749056132
pos_1207,GTPGLQGMPGER,12,1,2,465,0.8379820505671367,1,0.6759641011342734
pos_1208,SVL,3,1,5,1055,0.9958028785220537,1,0.9916057570441075
pos_1209,VLPPQQQY,8,1,5,1020,0.9958028785220537,1,0.9916057570441075
pos_1210,WPWQMSLY,8,1,4,1027,0.6537667206984693,1,0.3075334413969386
pos_1211,YVEELKPTPEGDL,13,1,4,585,0.9152691513484175,1,0.8305383026968349
pos_1212,FWKVV,5,1,1,1185,0.9896989411111339,1,0.9793978822222678
pos_1213,LSPLYE,6,1,5,1133,0.9957706389116081,1,0.9915412778232162
pos_1214,HANENIF,7,1,2,1050,0.9325131255977271,1,0.8650262511954543
pos_1216,YAEERYPIL,9,1,5,948,0.9646379492286471,1,0.9292758984572942
pos_1218,YGIKVGYAIP,10,1,2,867,0.9146155329347679,1,0.8292310658695359
pos_1219,YIPIQYVLSR,10,1,4,806,0.7056075963541305,1,0.411215192708261
pos_1220,PVLGPVRGPFPI,12,1,3,265,0.653688184320923,1,0.30737636864184603
pos_1221,YFYPEL,6,1,5,1036,0.782256632775487,1,0.5645132655509739
pos_1222,KVEGDLK,7,1,4,1060,0.938521136817843,1,0.877042273635686
pos_1223,IRWWW,5,1,2,1193,0.9199745844368137,1,0.8399491688736274
pos_1224,YGPQQQE,7,1,2,869,0.996114468666502,1,0.992228937333004
pos_1225,YFLWP,5,1,4,1181,0.9921033026891469,1,0.9842066053782939
pos_1226,EDELQDKIHPF,11,1,4,679,0.8211825221146978,1,0.6423650442293956
pos_1227,SVMPVVA,7,1,4,1083,0.9958863230680982,1,0.9917726461361964
pos_1228,AAAAG,5,1,2,1169,0.996114468666502,1,0.992228937333004
pos_1229,RHS,3,1,4,1294,0.9973741220058296,1,0.9947482440116593
pos_1230,LVYPFPGPIPN,11,1,2,712,0.9928309954463863,1,0.9856619908927726
pos_1232,VPP,3,1,2,1086,0.9938745140828689,1,0.9877490281657377
pos_1233,PNRPQF,6,1,3,738,0.9332899942573711,1,0.8665799885147423
pos_1234,RHR,3,1,4,1294,0.9973741220058296,1,0.9947482440116593
pos_1235,PKAVHE,6,1,3,1140,0.9968664524737665,1,0.993732904947533
pos_1236,EPVLGPVRGPFP,12,1,3,265,0.7030326423391344,1,0.40606528467826886
pos_1237,RNPIYS,6,1,1,1142,0.982228767300858,1,0.9644575346017159
pos_1238,GYY,3,1,5,1103,0.9958028785220537,1,0.9916057570441075
pos_1239,LVSGM,5,1,5,973,0.9925639568177171,1,0.9851279136354343
pos_1240,LTPTSN,6,1,4,1063,0.9973741220058296,1,0.9947482440116593
pos_1241,VKELY,5,1,5,1222,0.9952939012089941,1,0.9905878024179882
pos_1242,MWTD,4,1,3,1251,0.9932584404388293,1,0.9865168808776585
pos_1243,GPAGDY,6,1,2,1086,0.9948208386352719,1,0.9896416772705439
pos_1245,KHNRGDEF,8,1,5,985,0.6132079917176643,1,0.22641598343532854
pos_1246,PQGPIGVP,8,1,2,997,0.8837329708750038,1,0.7674659417500076
pos_1247,GPPGPPGPPG,10,1,2,283,0.7256999646769886,1,0.4513999293539772
pos_1248,NTVPAKSCQAQPTTM,15,1,3,400,0.2235201218448444,0,0.5529597563103112
pos_1249,LHH,3,1,1,1201,0.9959152539798869,1,0.9918305079597738
pos_1250,PQFYW,5,1,1,1210,0.9940060174354456,1,0.9880120348708912
pos_1251,FHNMEK,6,1,2,1109,0.9886497636195823,1,0.9772995272391647
pos_1252,MY,2,1,5,1317,0.9958028785220537,1,0.9916057570441075
pos_1253,EDVPSER,7,1,1,692,0.9919407138992988,1,0.9838814277985977
pos_1254,LASSGIDHEGRLPR,14,1,2,477,0.30386465279321156,0,0.39227069441357687
pos_1255,WISELG,6,1,5,1055,0.9751268195108024,1,0.9502536390216048
pos_1256,GFGPGL,6,1,1,1037,0.9931685996640793,1,0.9863371993281587
pos_1257,AFDEGPWPK,9,1,2,874,0.9466238688255992,1,0.8932477376511985
pos_1258,WVYY,4,1,5,1103,0.9958028785220537,1,0.9916057570441075
pos_1259,YIQKEDVPSER,11,1,1,692,0.9677540374653537,1,0.9355080749307074
pos_1260,FIGP,4,1,1,1110,0.9927022098466699,1,0.9854044196933398
pos_1261,PAR,3,1,3,1047,0.9981867395822711,1,0.9963734791645422
pos_1262,NLNQCQRYM,9,1,1,930,0.9807103589346801,1,0.9614207178693601
pos_1263,SY,2,1,4,1304,0.9973741220058296,1,0.9947482440116593
pos_1264,LELPLK,6,1,5,1068,0.9953245507903992,1,0.9906491015807983
pos_1265,FLNDFLHV,8,1,3,972,0.9388707621118614,1,0.8777415242237228
pos_1266,SVLGTGC,7,1,5,1082,0.9467801597828507,1,0.8935603195657014
pos_1267,QAGTGAGAGGGAGTKTSS,18,1,5,190,0.3262079132874991,0,0.3475841734250018
pos_1269,PMRGGGGGYHY,11,1,5,721,0.9654908126363589,1,0.9309816252727179
pos_1271,TETWNPNHPEL,11,1,1,735,0.4407332138533188,0,0.11853357229336237
pos_1272,YSK,3,1,2,1305,0.996114468666502,1,0.992228937333004
pos_1273,YIEAVNKVSPRAGQF,15,1,2,431,0.2986824924318151,0,0.4026350151363698
pos_1274,PMDYMVT,7,1,5,1074,0.9577999703952931,1,0.9155999407905862
pos_1276,FAGDDAPR,8,1,4,757,0.9753555777270876,1,0.9507111554541752
pos_1277,SSGFTY,6,1,1,1153,0.5539551091216611,1,0.10791021824332225
pos_1278,AFK,3,1,2,1265,0.996114468666502,1,0.992228937333004
pos_1279,PHR,3,1,2,1033,0.996114468666502,1,0.992228937333004
pos_1280,PWF,3,1,5,1087,0.9958028785220537,1,0.9916057570441075
pos_1281,WYSLAM,6,1,2,748,0.9946713985499459,1,0.9893427970998918
pos_1282,RIY,3,1,2,1282,0.996114468666502,1,0.992228937333004
pos_1283,SLHFME,6,1,4,1151,0.9923275666669181,1,0.9846551333338363
pos_1284,SPW,3,1,1,1288,0.9959152539798869,1,0.9918305079597738
pos_1285,FLVPPQE,7,1,4,976,0.9849460300182229,1,0.9698920600364458
pos_1286,LPM,3,1,2,1033,0.996114468666502,1,0.992228937333004
pos_1287,RHG,3,1,1,1274,0.9959152539798869,1,0.9918305079597738
pos_1288,IQW,3,1,1,1283,0.9959152539798869,1,0.9918305079597738
pos_1289,PIAAEVYEHTEGSTTSY,17,1,3,250,0.13267131595321138,0,0.7346573680935773
pos_1290,YLY,3,1,4,1079,0.9973741220058296,1,0.9947482440116593
pos_1293,PGRW,4,1,2,1139,0.996114468666502,1,0.992228937333004
pos_1294,YPLDL,5,1,2,1168,0.9935757960190938,1,0.9871515920381877
pos_1295,PHY,3,1,3,1131,0.9981867395822711,1,0.9963734791645422
pos_1296,LHT,3,1,1,1129,0.9959152539798869,1,0.9918305079597738
pos_1297,GGGGYGGGGGGYGGGGGGY,19,1,2,126,0.693464777373,1,0.3869295547460001
pos_1298,QQFQQSGQAQLTE,13,1,3,568,0.8625902915402194,1,0.7251805830804388
pos_1299,KLLHA,5,1,3,1197,0.9964343015097278,1,0.9928686030194556
pos_1300,CYGPNR,6,1,3,738,0.9396319370702756,1,0.8792638741405512
pos_1301,MYGAVTPVK,9,1,5,820,0.8270200091093856,1,0.6540400182187711
pos_1302,PGWNQWFL,8,1,2,995,0.969414913800655,1,0.9388298276013101
pos_1303,DWMKGQ,6,1,5,1106,0.9605806865786403,1,0.9211613731572805
pos_1304,FFNPVH,6,1,2,1108,0.964586982666176,1,0.9291739653323521
pos_1305,HKH,3,1,1,1267,0.9959152539798869,1,0.9918305079597738
pos_1306,VTSLDLPVLRW,11,1,1,745,0.5147429951738529,1,0.029485990347705826
pos_1307,LLFAMTKPK,9,1,3,920,0.21345684278564642,0,0.5730863144287072
pos_1309,IVPK,4,1,1,1120,0.9959152539798869,1,0.9918305079597738
pos_1310,VPYPQR,6,1,3,506,0.9927513701658061,1,0.9855027403316121
pos_1311,HPIKHQGLPQ,10,1,3,797,0.9850440024607043,1,0.9700880049214087
pos_1313,HYVPV,5,1,4,1190,0.9973741220058296,1,0.9947482440116593
pos_1314,FIGR,4,1,1,1110,0.9932612616985996,1,0.9865225233971993
pos_1315,STW,3,1,5,1277,0.9958028785220537,1,0.9916057570441075
pos_1316,YDTQA,5,1,2,746,0.9935687077895997,1,0.9871374155791994
pos_1317,VAPFPEVF,8,1,4,336,0.984660878384263,1,0.9693217567685259
pos_1318,NYY,3,1,2,1273,0.996114468666502,1,0.992228937333004
pos_1319,VKAGFAWTANQQLS,14,1,5,508,0.16734140404645612,0,0.6653171919070877
pos_1320,TDAPSFSDIPNPIGSENSGK,20,1,1,91,0.011533608417436106,0,0.9769327831651278
pos_1322,YPAGP,5,1,1,1053,0.9933737635588377,1,0.9867475271176753
pos_1323,VVH,3,1,5,1159,0.9958028785220537,1,0.9916057570441075
pos_1324,EFQI,4,1,5,1236,0.9953379342680173,1,0.9906758685360346
pos_1325,YPIL,4,1,5,948,0.9958028785220537,1,0.9916057570441075
pos_1326,AIILHQQQ,8,1,5,955,0.9283861877663141,1,0.8567723755326282
pos_1327,KEEKFE,6,1,5,1122,0.8622934477273854,1,0.7245868954547707
pos_1328,LPILR,5,1,2,1033,0.9955029392745712,1,0.9910058785491425
pos_1329,YPLDLF,6,1,2,1168,0.9946606365367487,1,0.9893212730734975
pos_1330,LARL,4,1,3,1132,0.9981867395822711,1,0.9963734791645422
pos_1331,TDRHQKLR,8,1,5,1013,0.8612867201105721,1,0.7225734402211441
pos_1332,GPRGLPGERGRPGA,14,1,2,465,0.5739640220335513,1,0.1479280440671027
pos_1333,DVCGRDVNGY,10,1,1,778,0.3815730194312571,0,0.2368539611374858
pos_1334,NVPGEIVESL,10,1,1,834,0.8969703447960944,1,0.7939406895921888
pos_1335,LSW,3,1,1,1288,0.9959152539798869,1,0.9918305079597738
pos_1336,HHP,3,1,2,1051,0.996114468666502,1,0.992228937333004
pos_1337,LNLPTAVYMVT,11,1,1,704,0.9593484019554507,1,0.9186968039109014
pos_1339,HPERPIPEH,9,1,3,906,0.9788437012538126,1,0.9576874025076252
pos_1341,NMAVPDALAGPL,12,1,2,636,0.906484842472734,1,0.812969684945468
pos_1342,VPLSPT,6,1,3,944,0.9981524019708387,1,0.9963048039416773
pos_1343,TA,2,1,1,1324,0.9519238039278795,1,0.9038476078557589
pos_1345,KHDRGDEF,8,1,5,985,0.733870425770027,1,0.46774085154005407
pos_1346,YYN,3,1,2,1273,0.996114468666502,1,0.992228937333004
pos_1347,YQKF,4,1,1,1097,0.9936383700330436,1,0.9872767400660871
pos_1348,QEPVLGPVRGPFPIIV,16,1,3,265,0.3081545589646003,0,0.3836908820707994
pos_1350,NVIDPPIYAR,10,1,1,833,0.4831700943476611,0,0.03365981130467777
pos_1351,YNILSGFDTEL,11,1,4,749,0.5928613263271449,1,0.1857226526542899
pos_1354,QEPVLGPVRGPFPILV,16,1,3,265,0.37523145524416773,0,0.24953708951166453
pos_1355,DLEE,4,1,2,1145,0.9959695942796224,1,0.9919391885592448
pos_1356,YFYPKDFTPGCT,12,1,1,663,0.6145364479025573,1,0.2290728958051147
pos_1358,ADVFNPR,7,1,4,876,0.9780465220978075,1,0.956093044195615
pos_1359,LLHH,4,1,5,924,0.9958028785220537,1,0.9916057570441075
pos_1360,FNVVLK,6,1,4,1111,0.995966868945548,1,0.991933737891096
pos_1361,LWA,3,1,4,1286,0.9557821507405455,1,0.911564301481091
pos_1362,VVNE,4,1,5,1260,0.9958028785220537,1,0.9916057570441075
pos_1364,DYK,3,1,5,1038,0.9958028785220537,1,0.9916057570441075
pos_1365,HHPLL,5,1,5,1117,0.9958028785220537,1,0.9916057570441075
pos_1366,YPFPGPIHNS,10,1,2,712,0.9849956248838133,1,0.9699912497676266
pos_1367,WLP,3,1,5,1303,0.9958028785220537,1,0.9916057570441075
pos_1369,IPIQYVL,7,1,4,806,0.9908118876491109,1,0.9816237752982218
pos_1370,VIAPW,5,1,2,1086,0.996114468666502,1,0.992228937333004
pos_1371,ACFL,4,1,5,1229,0.9934012975883463,1,0.9868025951766926
pos_1372,TEFTK,5,1,3,1218,0.9861129721089731,1,0.9722259442179462
pos_1373,YQGPIVLNPWDQVKR,15,1,4,432,0.31625693262101046,0,0.3674861347579791
pos_1374,FPGLADR,7,1,3,1047,0.9953195340705668,1,0.9906390681411337
pos_1376,LQPGQGQQG,9,1,1,923,0.8265153437410158,1,0.6530306874820315
pos_1377,SHH,3,1,1,1267,0.9959152539798869,1,0.9918305079597738
pos_1378,NQE,3,1,3,1291,0.9981867395822711,1,0.9963734791645422
pos_1379,LWH,3,1,1,1201,0.9959152539798869,1,0.9918305079597738
pos_1381,YFE,3,1,5,1036,0.9958028785220537,1,0.9916057570441075
pos_1382,YSQ,3,1,4,1296,0.9973741220058296,1,0.9947482440116593
pos_1383,RDPIYS,6,1,4,1144,0.9829300599470228,1,0.9658601198940455
pos_1384,ADHP,4,1,1,975,0.9959152539798869,1,0.9918305079597738
pos_1385,PSIPA,5,1,1,991,0.9959152539798869,1,0.9918305079597738
pos_1386,YVGD,4,1,2,1224,0.996114468666502,1,0.992228937333004
pos_1387,RPNYTDA,7,1,1,1078,0.9885077135520433,1,0.9770154271040865
pos_1389,AREGETVVPG,10,1,1,763,0.9080458502237699,1,0.8160917004475399
pos_1390,FND,3,1,5,1280,0.9947218955087127,1,0.9894437910174254
pos_1392,YYG,3,1,5,1152,0.9943381633277426,1,0.9886763266554852
pos_1393,YYQQKPV,7,1,2,1099,0.9899610453676387,1,0.9799220907352775
pos_1395,LYY,3,1,4,1127,0.9973741220058296,1,0.9947482440116593
pos_1396,FDSGPAGVL,9,1,1,777,0.8163730738729497,1,0.6327461477458993
pos_1397,EFFDVSNELFQ,11,1,2,681,0.38851572448681476,0,0.22296855102637048
pos_1398,YYR,3,1,2,1273,0.996114468666502,1,0.992228937333004
pos_1399,HGPL,4,1,1,907,0.9959152539798869,1,0.9918305079597738
pos_1400,HLPH,4,1,5,1117,0.9958028785220537,1,0.9916057570441075
pos_1401,PHI,3,1,2,1033,0.996114468666502,1,0.992228937333004
pos_1402,VETGVIKPGM,10,1,5,858,0.8776607139788666,1,0.7553214279577332
pos_1403,YQEPVLGPVRGPFPIIV,17,1,3,265,0.3615760256734376,0,0.2768479486531248
pos_1404,YAY,3,1,1,1269,0.9959152539798869,1,0.9918305079597738
pos_1405,NLGDPS,6,1,3,1101,0.9898011289442549,1,0.9796022578885097
pos_1408,KGLWE,5,1,2,1196,0.9821924637135905,1,0.964384927427181
pos_1409,NYVADGLG,8,1,4,994,0.8546733606398109,1,0.7093467212796218
pos_1410,LAGNPQDE,8,1,2,701,0.886798674344332,1,0.773597348688664
pos_1412,QFAW,4,1,1,1210,0.9937213409790587,1,0.9874426819581175
pos_1414,VDYP,4,1,3,1258,0.9981867395822711,1,0.9963734791645422
pos_1415,GEC,3,1,4,1276,0.9943405010949106,1,0.9886810021898211
pos_1416,QYDQGV,6,1,1,786,0.975994294203916,1,0.9519885884078321
pos_1417,VNPHDHQN,8,1,3,1021,0.9806765335337236,1,0.9613530670674473
pos_1418,STTTGHLIYK,10,1,2,852,0.11444156531276745,0,0.7711168693744651
pos_1419,LGFEY,5,1,4,1127,0.9973741220058296,1,0.9947482440116593
pos_1421,GTW,3,1,5,1277,0.9958028785220537,1,0.9916057570441075
pos_1422,PVMGA,5,1,3,1203,0.9981867395822711,1,0.9963734791645422
pos_1423,DLTDFL,6,1,5,1104,0.5938120326430594,1,0.18762406528611875
pos_1424,PWD,3,1,4,1293,0.9973741220058296,1,0.9947482440116593
pos_1426,YSNQNGRF,8,1,2,750,0.8706479156818002,1,0.7412958313636004
pos_1427,YQEPVLGPVR,10,1,3,265,0.9927721767555955,1,0.985544353511191
pos_1428,DEVPR,5,1,3,966,0.9981867395822711,1,0.9963734791645422
pos_1429,LFC,3,1,4,1284,0.9790525743180994,1,0.9581051486361989
pos_1431,YQQND,5,1,1,1226,0.990584042007385,1,0.9811680840147701
pos_1432,IEQI,4,1,3,1243,0.9981867395822711,1,0.9963734791645422
pos_1433,WHNVSGSP,8,1,4,1026,0.8763903455445561,1,0.7527806910891122
pos_1434,DKIHPF,6,1,4,679,0.9966672768214431,1,0.9933345536428861
pos_1435,GPLGLLGFLGPLGLS,15,1,1,364,0.33065673337774304,0,0.3386865332445139
pos_1436,WSRRGEREEEDERRR,15,1,4,428,0.5268519216920959,1,0.053703843384191874
pos_1437,LVDTGRGPIMY,11,1,5,710,0.7871509775732389,1,0.5743019551464779
pos_1438,EQC,3,1,4,1276,0.9907594116091771,1,0.9815188232183543
pos_1439,GEGSGA,6,1,2,790,0.9900702641912006,1,0.9801405283824012
pos_1440,FQRL,4,1,2,1241,0.9502373331464241,1,0.9004746662928482
pos_1441,SSAPGGGRP,9,1,3,939,0.9531328987393269,1,0.9062657974786539
pos_1443,RHE,3,1,4,1208,0.9973741220058296,1,0.9947482440116593
pos_1444,GNQEKVLELVQR,12,1,3,618,0.48278919230780776,0,0.034421615384384485
pos_1445,YVAQGEGVVA,10,1,4,800,0.9726352802080018,1,0.9452705604160037
pos_1446,LQAE,4,1,4,1247,0.9973741220058296,1,0.9947482440116593
pos_1447,AGWACLVG,8,1,2,954,0.8589401421605948,1,0.7178802843211896
pos_1448,APLEEPSSPH,10,1,3,519,0.9560199694619473,1,0.9120399389238947
pos_1450,EFQL,4,1,4,1107,0.9973741220058296,1,0.9947482440116593
pos_1451,IEEAF,5,1,5,1192,0.9897759476614341,1,0.9795518953228681
pos_1453,VPSIDDQEELM,11,1,3,744,0.6689619806507637,1,0.33792396130152746
pos_1454,NLGNPE,6,1,3,1101,0.9955322338767071,1,0.9910644677534142
pos_1456,YINQMPQKSREA,12,1,1,665,0.7861571354589367,1,0.5723142709178735
pos_1457,RELEEL,6,1,2,1145,0.986458514312872,1,0.972917028625744
pos_1458,PVRGLHP,7,1,2,1076,0.996114468666502,1,0.992228937333004
pos_1460,AP,2,1,2,1261,0.9800677428045785,1,0.9601354856091571
pos_1461,YVPR,4,1,1,950,0.9959152539798869,1,0.9918305079597738
pos_1462,FSDIPNPIGSEN,12,1,1,91,0.2941811214187559,0,0.4116377571624882
pos_1463,LHG,3,1,3,1131,0.9981867395822711,1,0.9963734791645422
pos_1464,AYFYPE,6,1,5,1036,0.9653689817702827,1,0.9307379635405655
pos_1465,IDDVLK,6,1,1,1120,0.9524643003428596,1,0.9049286006857191
pos_1466,LWV,3,1,2,1271,0.996114468666502,1,0.992228937333004
pos_1467,YSEMPPGK,8,1,2,1029,0.9908537593177844,1,0.9817075186355688
pos_1468,FLHRP,5,1,4,1181,0.9969194014036565,1,0.9938388028073131
pos_1470,DNLLN,5,1,1,967,0.9959152539798869,1,0.9918305079597738
pos_1471,LAGNPENE,8,1,2,701,0.978316059647033,1,0.9566321192940661
pos_1472,QL,2,1,2,1241,0.996114468666502,1,0.992228937333004
pos_1473,AEFAES,6,1,3,1032,0.9939941777428719,1,0.9879883554857438
pos_1474,AMRLTYNRPGLGAT,14,1,3,443,0.07960299619781176,0,0.8407940076043765
pos_1475,DAHK,4,1,5,924,0.9958028785220537,1,0.9916057570441075
pos_1476,ACQ,3,1,3,1264,0.9981867395822711,1,0.9963734791645422
pos_1477,QETTGVEGPKGDT,13,1,5,565,0.8900194772916435,1,0.7800389545832871
pos_1478,SNLCRPCG,8,1,3,1010,0.357847662457835,0,0.28430467508433
pos_1479,NGLEGLK,7,1,5,1068,0.9434576719588353,1,0.8869153439176707
pos_1480,GGLEPINFN,9,1,1,687,0.7466020551676562,1,0.4932041103353124
pos_1481,WISELGW,7,1,4,1092,0.9256111867704798,1,0.8512223735409596
pos_1482,NGPLQAGQPGER,12,1,3,635,0.9789723925255712,1,0.9579447850511424
pos_1483,TFE,3,1,5,1298,0.9913987596844864,1,0.9827975193689729
pos_1484,DTGSDKKQL,9,1,1,885,0.6960719413360553,1,0.39214388267211064
pos_1485,RHA,3,1,4,1286,0.9973741220058296,1,0.9947482440116593
pos_1486,LEDGLK,6,1,4,1060,0.9013148485745002,1,0.8026296971490003
pos_1487,INY,3,1,2,1282,0.996114468666502,1,0.992228937333004
pos_1488,NWDLKEVGGGALP,13,1,1,560,0.6042891538161064,1,0.20857830763221274
pos_1489,AWDPE,5,1,3,1172,0.9908815783925073,1,0.9817631567850147
pos_1490,QLPEPDNRLQ,10,1,2,840,0.9912941059156604,1,0.9825882118313207
pos_1491,PYK,3,1,1,1211,0.9959152539798869,1,0.9918305079597738
pos_1492,LTTLDSE,7,1,4,1063,0.8470934170513933,1,0.6941868341027866
pos_1493,MYY,3,1,2,1273,0.996114468666502,1,0.992228937333004
pos_1494,HLPLPLL,7,1,2,996,0.9948175440128393,1,0.9896350880256786
pos_1495,AW,2,1,5,1231,0.9623141725223064,1,0.9246283450446129
pos_1496,TIL,3,1,5,1299,0.9958028785220537,1,0.9916057570441075
pos_1497,GPPGPPGPP,9,1,2,283,0.42065905960070044,0,0.15868188079859913
pos_1498,EAVQ,4,1,1,1178,0.9959152539798869,1,0.9918305079597738
pos_1499,SKKGL,5,1,2,1196,0.9315069565183808,1,0.8630139130367616
pos_1500,MMGW,4,1,2,1249,0.996114468666502,1,0.992228937333004
pos_1501,FIMGPY,6,1,1,1110,0.9677220541273889,1,0.9354441082547778
pos_1502,HFGDPFH,7,1,2,550,0.9511154079231181,1,0.9022308158462362
pos_1503,GAH,3,1,1,1267,0.9959152539798869,1,0.9918305079597738
pos_1504,AIILHQ,6,1,5,955,0.9921830165596215,1,0.984366033119243
pos_1505,YAKPA,5,1,1,956,0.9959152539798869,1,0.9918305079597738
pos_1506,RNF,3,1,3,1295,0.9981867395822711,1,0.9963734791645422
pos_1507,GWFK,4,1,3,1173,0.9972201137150706,1,0.9944402274301412
pos_1508,VIESPPEIN,9,1,4,657,0.6029091999775131,1,0.20581839995502627
neg_0,EDAYKFTTW,9,0,5,780,0.033066352546862327,0,0.9338672949062754
neg_1,LVTLVFV,7,0,2,1064,0.16741878081126424,0,0.6651624383774715
neg_2,GGSGSGETSGMWFGPRL,17,0,3,216,0.003096295257489376,0,0.9938074094850212
neg_3,QPSQDFMRF,9,0,1,589,0.0068671735409377155,0,0.9862656529181246
neg_4,QGIGVGDNDGKRGKR,15,0,2,405,0.3681604795708694,0,0.2636790408582612
neg_5,ECCTHAHCSQGCRPCC,16,0,4,275,0.004361549531815655,0,0.9912769009363687
neg_6,INWLKLGKAVIDAL,14,0,4,171,0.004361549531815655,0,0.9912769009363687
neg_7,MIKSDQET,8,0,4,987,0.3352484939403087,0,0.3295030121193826
neg_8,AGTADCFWKYCV,12,0,2,588,0.0067351624357089475,0,0.9865296751285821
neg_9,MKYNPRVSSNRRKS,14,0,5,485,0.006695278068363185,0,0.9866094438632736
neg_10,INLLKIAKGIIKSL,14,0,4,473,0.005609887173141787,0,0.9887802256537164
neg_11,MKYLAFLIKGKTTHFDVGK,19,0,4,138,0.004361549531815655,0,0.9912769009363687
neg_13,MYKLLIINP,9,0,1,928,0.16376018292042124,0,0.6724796341591575
neg_14,SVFAFQDESTSTIAQARLFI,20,0,3,37,0.003096295257489376,0,0.9938074094850212
neg_15,GFLSILKKVLPKVMAHMK,18,0,1,162,0.030987321675855124,0,0.9380253566482898
neg_16,NLVQFGKMIE,10,0,5,832,0.023981382073641977,0,0.952037235852716
neg_17,GDDVLSACCD,10,0,3,788,0.17265025088911123,0,0.6546994982217775
neg_18,LGPALITRKPLKGKP,15,0,2,383,0.06933024377439576,0,0.8613395124512084
neg_20,QLTFTSSWG,9,0,1,933,0.0068671735409377155,0,0.9862656529181246
neg_21,SAEVAGAVIEGAKLTFNVLQ,20,0,2,82,0.0067351624357089475,0,0.9865296751285821
neg_22,QDLDHVFMRF,10,0,1,644,0.0068671735409377155,0,0.9862656529181246
neg_23,TYNNNLIR,8,0,3,1017,0.044797797577174656,0,0.9104044048456507
neg_25,LRQSQFVGSR,10,0,2,818,0.19209567205473396,0,0.615808655890532
neg_26,VNWKKILGKIIKVVK,15,0,4,171,0.004361549531815655,0,0.9912769009363687
neg_27,GRCCHPACGKNYSC,14,0,4,306,0.004361549531815655,0,0.9912769009363687
neg_28,KDGYLVGSDGCKYSCLTRPG,20,0,5,49,0.006695278068363185,0,0.9866094438632736
neg_29,RCKTCSKGRCRPKPNCG,17,0,3,253,0.003096295257489376,0,0.9938074094850212
neg_30,NSELINSILGLPKVMNEA,18,0,1,187,0.0068671735409377155,0,0.9862656529181246
neg_31,KPDPEAVLIV,10,0,4,802,0.4429436257012538,0,0.11411274859749243
neg_32,MKRQDLPRSRSLRSCE,16,0,1,300,0.008318196029643683,0,0.9833636079407126
neg_33,QLYENKSRRPYIL,13,0,1,562,0.010108123408816564,0,0.9797837531823669
neg_34,DDAVANGVHAISGVVDS,17,0,5,214,0.006695278068363185,0,0.9866094438632736
neg_35,LKCNKLVPLF,10,0,5,811,0.3324271227005086,0,0.33514575459898277
neg_36,AAQEGETLTVEETV,14,0,4,434,0.016564870890568285,0,0.9668702582188634
neg_38,VVGGEVARAHSWPWQISLQY,20,0,1,105,0.0068671735409377155,0,0.9862656529181246
neg_39,SGDTSSQAKGMWFGPRL,17,0,3,216,0.003096295257489376,0,0.9938074094850212
neg_40,CCQLFVWCC,9,0,1,881,0.01189768279857018,0,0.9762046344028597
neg_41,EYIPFIHEWV,10,0,1,784,0.488029194844443,0,0.02394161031111397
neg_42,MQVNLRCSE,9,0,3,556,0.08393553040897667,0,0.8321289391820467
neg_43,IDASTATGDSPVFTATIK,18,0,2,169,0.11338939515874666,0,0.7732212096825066
neg_44,MGQFFAYATVITVKENDHVA,20,0,2,65,0.0067351624357089475,0,0.9865296751285821
neg_45,NEEEKVKWEPDVP,13,0,5,557,0.045771717121680315,0,0.9084565657566394
neg_47,GNTKKAVPGFYGTR,14,0,1,143,0.007326809574521601,0,0.9853463808509568
neg_48,GLLKRIKTLL,10,0,5,685,0.006695278068363185,0,0.9866094438632736
neg_49,QSVPTFTPRL,10,0,1,842,0.0145193379653767,0,0.9709613240692466
neg_50,APQAGFYGVR,10,0,1,668,0.013126759693378124,0,0.9737464806132438
neg_51,EDSLSDWERVYLPIDPGVVL,20,0,2,19,0.07684019166703907,0,0.8463196166659219
neg_52,QVNFSPNW,8,0,5,843,0.055768646287168024,0,0.8884627074256639
neg_53,AIANAPLLDTTITDRVFFD,19,0,3,110,0.003096295257489376,0,0.9938074094850212
neg_54,NTESTKGESLLGK,13,0,1,419,0.06027613083939784,0,0.8794477383212043
neg_55,AEVFKSEEGSVDFYGQLRPA,20,0,1,2,0.029472242297582933,0,0.9410555154048341
neg_57,RRWCFRVCYRGFCYRKCR,18,0,3,192,0.003096295257489376,0,0.9938074094850212
neg_58,INWKKMAATALKMI,14,0,5,472,0.007232229219179334,0,0.9855355415616414
neg_59,ARGPQLRLRF,10,0,3,670,0.006737012760841184,0,0.9865259744783176
neg_60,TSGLIAFPRL,10,0,1,284,0.00833190151629072,0,0.9833361969674186
neg_61,KRPPGWSPLR,10,0,2,805,0.023562385437181678,0,0.9528752291256366
neg_62,QTLIPMPRL,9,0,2,856,0.01989309730722145,0,0.9602138053855571
neg_63,DSVGSTTAHKQQNINHLLDK,20,0,3,18,0.003096295257489376,0,0.9938074094850212
neg_65,TPVVNPPFLQQT,12,0,1,652,0.29114204940437816,0,0.4177159011912437
neg_66,GFIMEFAENLILRRMEDPK,19,0,2,125,0.055923960219517746,0,0.8881520795609645
neg_67,DPYAFGL,7,0,5,877,0.014776708676110863,0,0.9704465826477783
neg_68,GVLDAFRKIATVVKNVV,17,0,1,227,0.0068671735409377155,0,0.9862656529181246
neg_69,ASEDTAEAAAPSA,13,0,5,523,0.09586466407734856,0,0.8082706718453029
neg_70,RLCIPYIIPC,10,0,4,727,0.0055260819062774285,0,0.9889478361874452
neg_71,LSLQEFLGLWR,11,0,5,708,0.4378288987124079,0,0.12434220257518425
neg_72,GCEWDSWC,8,0,3,977,0.003096295257489376,0,0.9938074094850212
neg_73,FLSLIPKIAGGIASLVKDL,19,0,5,119,0.006695278068363185,0,0.9866094438632736
neg_74,KPCCSIHDNSCCGI,14,0,4,476,0.004361549531815655,0,0.9912769009363687
neg_75,EGKAIGLAKPRMDST,15,0,3,354,0.004264747621159835,0,0.9914705047576803
neg_78,AKAGVNKPELLP,12,0,2,53,0.02167145237366608,0,0.9566570952526678
neg_79,DVTFSMLGANGATYYQFF,18,0,5,158,0.033025077665331505,0,0.933949844669337
neg_80,FLSAIASMLGKFL,13,0,5,534,0.024861550665402916,0,0.9502768986691942
neg_81,TPNRDFMRF,9,0,5,728,0.006695278068363185,0,0.9866094438632736
neg_82,FLPFLASLLTKVL,13,0,2,121,0.0067351624357089475,0,0.9865296751285821
neg_83,TPQIQKPAPQFSKTALLPDE,20,0,2,94,0.2795868870450669,0,0.4408262259098662
neg_84,PAQPFRFPKHPQGPQTRPPI,20,0,2,78,0.5807199703234518,1,0.1614399406469036
neg_86,YDDGSYKPHIYGF,13,0,5,583,0.024917798298643126,0,0.9501644034027138
neg_87,HTAADLLR,8,0,1,951,0.023971846498810713,0,0.9520563070023785
neg_88,VYGMLFKFL,9,0,3,947,0.0567295629920739,0,0.8865408740158522
neg_89,MKKVHVLGAGTMGAGI,16,0,3,299,0.003096295257489376,0,0.9938074094850212
neg_90,DLVFYCPKCTAERQTACPKL,20,0,5,17,0.015524348547907973,0,0.9689513029041841
neg_91,MDTPSRYWLTILSSRINS,18,0,3,178,0.003096295257489376,0,0.9938074094850212
neg_93,DVVASSTAHKQQDINHLLDK,20,0,3,18,0.003096295257489376,0,0.9938074094850212
neg_95,VVKQGLLAGRIPGL,14,0,4,511,0.02264530442176233,0,0.9547093911564754
neg_96,RLCIPVIFPC,10,0,4,727,0.012684601428192768,0,0.9746307971436144
neg_97,IKIMDILAKLGKVLAHV,17,0,5,232,0.006695278068363185,0,0.9866094438632736
neg_98,CCRLACGLGCHPCC,14,0,3,151,0.003096295257489376,0,0.9938074094850212
neg_99,GCCSHPPCNVNNPHICG,17,0,2,222,0.0067351624357089475,0,0.9865296751285821
neg_100,SGLQFAVLDGQGFLPFPRV,19,0,2,150,0.0072189560945643,0,0.9855620878108714
neg_101,LRLKSIVSYAKKVL,14,0,3,480,0.003096295257489376,0,0.9938074094850212
neg_102,GRPNPVNNKPTPHPRL,16,0,5,285,0.007027537214767983,0,0.985944925570464
neg_103,GPSAFLRL,8,0,3,900,0.017249732870007025,0,0.9655005342599859
neg_104,DITEVIAAGR,10,0,2,775,0.05502247271178236,0,0.8899550545764353
neg_105,QKKDKKDKFYGLF,13,0,3,567,0.003096295257489376,0,0.9938074094850212
neg_106,GLLDFLKAAGKGLVTNL,17,0,4,164,0.004361549531815655,0,0.9912769009363687
neg_107,APPGFTPFRIY,11,0,5,590,0.013285668174342923,0,0.9734286636513142
neg_108,APIVSGGYDF,10,0,1,759,0.04797062508156686,0,0.9040587498368663
neg_109,IDCGTVMIPSECDPKSS,17,0,4,230,0.004361549531815655,0,0.9912769009363687
neg_110,FLVMFLSG,8,0,5,973,0.1948231007953026,0,0.6103537984093947
neg_111,RPKPQQFFGLM,11,0,3,597,0.003096295257489376,0,0.9938074094850212
neg_112,VVGCPWQPWC,10,0,1,863,0.02071617582110565,0,0.9585676483577887
neg_113,GCPWMPWC,8,0,1,863,0.013531075104483653,0,0.9729378497910327
neg_115,AKITFTNNHPRTIWP,15,0,5,330,0.010642550055808745,0,0.9787148998883826
neg_116,GTSGLISFPRT,11,0,1,284,0.010442349465245276,0,0.9791153010695095
neg_117,GSTTAESAALR,11,0,2,691,0.00804864425285309,0,0.9839027114942939
neg_118,IANVFAVDIHPAAR,14,0,2,469,0.08498827108170703,0,0.8300234578365859
neg_119,LRCTFGRTVK,10,0,4,817,0.07870292017008834,0,0.8425941596598233
neg_120,SYNEQFFGPGTRLTVL,16,0,3,256,0.003096295257489376,0,0.9938074094850212
neg_121,DLAGEIHGLSNVK,13,0,3,528,0.4900013324748005,0,0.019997335050399023
neg_122,LQVDYLVLEVA,11,0,3,707,0.25723409200525754,0,0.4855318159894849
neg_123,SDCACLHALGHVAR,14,0,5,501,0.1545397614574016,0,0.6909204770851969
neg_124,YDKKVDSIILFGVNG,15,0,3,429,0.05472719930207554,0,0.8905456013958489
neg_125,TSFTLYMR,8,0,4,1015,0.8856891815160696,1,0.7713783630321391
neg_126,AWKLFDDGV,9,0,4,879,0.004361549531815655,0,0.9912769009363687
neg_127,PPGFTPFRIY,10,0,4,308,0.014847220449906154,0,0.9703055591001877
neg_128,GVLSLLKKFTMILKHVHVN,19,0,5,130,0.006695278068363185,0,0.9866094438632736
neg_129,EGGSSGEASGMWFGPRL,17,0,3,216,0.003096295257489376,0,0.9938074094850212
neg_130,LLGMIPVAISAINLMKL,17,0,2,176,0.11583650391264268,0,0.7683269921747147
neg_131,FLFQPQRF,8,0,4,971,0.9439929260581953,1,0.8879858521163906
neg_132,KPNPERFYAPM,11,0,5,697,0.024219498150062444,0,0.9515610036998751
neg_133,FLSLIPHAINAVSALVHHF,19,0,2,122,0.019090188947449075,0,0.9618196221051019
neg_134,GPETAFFRL,9,0,3,900,0.003096295257489376,0,0.9938074094850212
neg_135,GYIAYVHQNELVKR,14,0,3,466,0.39924892854182825,0,0.2015021429163435
neg_136,PAPETNYLRDP,11,0,5,719,0.018350253295259536,0,0.963299493409481
neg_137,PDMYAFGL,8,0,2,965,0.026171374910535925,0,0.9476572501789281
neg_138,NNRSPQLRLRF,11,0,3,670,0.006248258978588445,0,0.9875034820428231
neg_140,FLSLIPHAINAISAIADHF,19,0,2,122,0.007165345519418807,0,0.9856693089611623
neg_141,DRPYSFGL,8,0,2,965,0.023227693686220612,0,0.9535446126275587
neg_142,GSSGIIPFPRV,11,0,2,602,0.012267123015217526,0,0.9754657539695649
neg_143,SSEAAPEEKVAILGA,15,0,4,416,0.011003815429334901,0,0.9779923691413301
neg_144,AQRSPSLRLRF,11,0,3,670,0.003096295257489376,0,0.9938074094850212
neg_145,RICTAIPLPMCL,12,0,1,646,0.011460646939044828,0,0.9770787061219104
neg_146,AELPQGLWVRPRL,13,0,5,436,0.33759927934829875,0,0.3248014413034025
neg_147,SGCCSNPACRVNNPNIC,17,0,5,159,0.006695278068363185,0,0.9866094438632736
neg_148,MCKYFIKIVSKSAKK,15,0,1,386,0.00721924797813113,0,0.9855615040437378
neg_149,DAQEKRQPWLPFG,13,0,5,526,0.013946970130320521,0,0.9721060597393589
neg_150,SDYSRKRDPPQKYEEE,16,0,3,309,0.02383540191114919,0,0.9523291961777016
neg_151,GASGLIAFPRL,11,0,1,284,0.007089556244363786,0,0.9858208875112724
neg_152,AEVQDKGEFLAEGGGVR,17,0,4,108,0.006319536417141815,0,0.9873609271657163
neg_153,RPPGFSPFRVD,11,0,2,259,0.010143146980764886,0,0.9797137060384702
neg_154,GLSLSFAPK,9,0,5,706,0.01289285106177508,0,0.9742142978764499
neg_155,ADTGDGDFITEGGGVR,16,0,4,108,0.007682723881895434,0,0.9846345522362091
neg_156,LKDAQSRITK,10,0,2,812,0.01984084893320319,0,0.9603183021335936
neg_157,AQPPQQADFL,10,0,3,762,0.7148405403746556,1,0.4296810807493112
neg_158,QNWPHPPMPP,10,0,4,563,0.005232057807226329,0,0.9895358843855473
neg_159,DINGGGATLPQALYQTSGVL,20,0,1,16,0.0068671735409377155,0,0.9862656529181246
neg_160,KEGYLFGSRG,10,0,5,801,0.006695278068363185,0,0.9866094438632736
neg_161,GFVALLKKLPLILKHLH,17,0,5,130,0.006695278068363185,0,0.9866094438632736
neg_162,QPNPDEFFGLM,11,0,5,493,0.014728609678764855,0,0.9705427806424702
neg_163,PALIPFPRV,9,0,2,602,0.11433175697586051,0,0.771336486048279
neg_165,TESLVLSPAPAKPKRA,16,0,2,315,0.097369126287728,0,0.805261747424544
neg_166,ILGKLLSTAAGLLSNL,16,0,4,288,0.004361549531815655,0,0.9912769009363687
neg_167,GRGGSSNYVRL,11,0,2,688,0.018015569936144418,0,0.9639688601277112
neg_168,AKEKIHINIVVIGHV,15,0,5,329,0.1211397465598918,0,0.7577205068802164
neg_170,ANRPVYIPPPRPPHPRL,17,0,4,30,0.006874349466706442,0,0.9862513010665871
neg_171,FCCPFIRYCCW,11,0,2,675,0.0067351624357089475,0,0.9865296751285821
neg_172,AKELLDSDGIILRNGANYYI,20,0,2,4,0.0067351624357089475,0,0.9865296751285821
neg_173,CCELPCHGCVPCCWP,15,0,3,341,0.004647463402026368,0,0.9907050731959473
neg_174,EDGSDAVSGEFLAEGGGVR,19,0,4,108,0.005195617943572549,0,0.9896087641128549
neg_177,GPPYDFGM,8,0,3,597,0.011451483289188902,0,0.9770970334216222
neg_178,LPLRF,5,0,4,899,0.21455571012901892,0,0.5708885797419622
neg_179,FKCMSEWYW,9,0,4,896,0.8634591612472525,1,0.726918322494505
neg_180,FLRF,4,0,3,905,0.8476044843294985,1,0.6952089686589971
neg_181,GVFTFEDESTSTVAPAKLYK,20,0,3,37,0.003096295257489376,0,0.9938074094850212
neg_182,PDNFMRF,7,0,1,589,0.013456584571071196,0,0.9730868308578576
neg_183,ARYGKSPYLYPLGY,14,0,4,447,0.8480526388539207,1,0.6961052777078414
neg_184,ADEGFSATVRNGAV,14,0,3,435,0.003096295257489376,0,0.9938074094850212
neg_186,VPPIGWF,7,0,5,1087,0.3153020892145159,0,0.3693958215709682
neg_188,ATFFDPQPRLLAD,13,0,1,525,0.038736284528701495,0,0.922527430942597
neg_189,SNSLFEEVRPIVNGMDCKLG,20,0,1,86,0.03225659100228487,0,0.9354868179954303
neg_190,EDPVRFNLG,9,0,1,888,0.5423990945020409,1,0.08479818900408187
neg_192,CYISNCPIG,9,0,4,882,0.012286632374239694,0,0.9754267352515206
neg_193,EEVQETVNLKYEYSVYR,17,0,5,215,0.21560893906836642,0,0.5687821218632672
neg_194,AMTEELEAVENNGVR,15,0,5,333,0.12360783188532108,0,0.7527843362293578
neg_195,MKCNECNRVQLKEGSVSLTL,20,0,1,67,0.0068671735409377155,0,0.9862656529181246
neg_197,MHLQLIKDNIHSVVICYT,18,0,2,180,0.025319336801280408,0,0.9493613263974392
neg_198,MLVGKKVQTF,10,0,1,823,0.2390447954915893,0,0.5219104090168214
neg_199,ADPRNPLEECFRETD,15,0,4,321,0.005923639768141159,0,0.9881527204637177
neg_201,YDPSPLQDFCIAD,13,0,3,584,0.010197460760346418,0,0.9796050784793071
neg_202,FDDYGHMRF,9,0,1,644,0.010602217327564814,0,0.9787955653448703
neg_203,KCCMRPICTCPCCIG,15,0,3,374,0.003096295257489376,0,0.9938074094850212
neg_204,SKDNQKNYIPLIVPFAT,17,0,4,257,0.004361549531815655,0,0.9912769009363687
neg_205,FLSAITSILGKFF,13,0,5,534,0.006695278068363185,0,0.9866094438632736
neg_206,VQIFVRDNNVDQALKALK,18,0,3,204,0.005199871718671007,0,0.9896002565626579
neg_207,TDAVADGEHAISGVVDS,17,0,5,214,0.006695278068363185,0,0.9866094438632736
neg_208,APSLRLRF,8,0,3,670,0.010493678419305052,0,0.9790126431613899
neg_209,APGDRIYVHPF,11,0,2,669,0.04279814101399263,0,0.9144037179720147
neg_210,GGSSGLIAFPRL,12,0,1,284,0.0068671735409377155,0,0.9862656529181246
neg_211,ISAVKEMTVRDALNSA,16,0,3,289,0.003096295257489376,0,0.9938074094850212
neg_212,TSMGFQGVR,9,0,3,733,0.023295935324478746,0,0.9534081293510425
neg_214,DCCPIAGCPFGCTICC,16,0,3,213,0.003096295257489376,0,0.9938074094850212
neg_215,GPNGKSQSIIVGPWGDRVTN,20,0,2,35,0.010083735130602033,0,0.979832529738796
neg_216,SKQCCHLAACRFGCTPCCW,19,0,3,151,0.003096295257489376,0,0.9938074094850212
neg_218,AGPYSFGL,8,0,5,877,0.0076746835384306706,0,0.9846506329231387
neg_219,QDVDHVFLRF,10,0,3,837,0.004950911806199724,0,0.9900981763876006
neg_220,LSPTQDFMRF,10,0,2,819,0.010737540111856275,0,0.9785249197762874
neg_221,PSYKLHYFDLRAAGE,15,0,5,403,0.006695278068363185,0,0.9866094438632736
neg_222,AGDKPGDALLDEWLG,15,0,2,323,0.014597257904457426,0,0.9708054841910851
neg_223,FPPWE,5,0,4,976,0.9413474509505035,1,0.8826949019010071
neg_224,GGNDFMRF,8,0,5,728,0.006695278068363185,0,0.9866094438632736
neg_225,KLQLPTLDDPVPIGIAPAIT,20,0,5,50,0.20446477256253517,0,0.5910704548749297
neg_226,LNPFRWVINKYREWKNKKDS,20,0,1,59,0.0068671735409377155,0,0.9862656529181246
neg_227,SPVAASYRATAGLAGKALDF,20,0,5,88,0.006695278068363185,0,0.9866094438632736
neg_228,SCLEYGHSCWGAH,13,0,4,571,0.35640900111486956,0,0.2871819977702609
neg_229,QNWPSPKVPP,10,0,3,841,0.00527695810399079,0,0.9894460837920184
neg_230,MLNAVDAKLTTDFGQR,16,0,1,301,0.02172940401846815,0,0.9565411919630638
neg_231,TDVDHVFLRF,10,0,3,837,0.004416043235626565,0,0.9911679135287469
neg_232,GSGGSGEANGMWFGPRL,17,0,3,216,0.003096295257489376,0,0.9938074094850212
neg_233,QQDYGTGWMDF,11,0,5,722,0.14631026664890423,0,0.7073794667021915
neg_234,FIGPIISALASLFG,14,0,1,459,0.04299533701692392,0,0.9140093259661521
neg_235,MALNLQDKQAIVAEVSEVAK,20,0,4,61,0.12796155648484397,0,0.744076887030312
neg_236,GTLGNLPAPFPG,12,0,1,621,0.40000149070647,0,0.19999701858705998
neg_237,TKSPDCGGILSPSGLSYFA,19,0,3,153,0.018976277380937743,0,0.9620474452381245
neg_238,QQDYTGWFDF,10,0,5,722,0.011594981712056942,0,0.9768100365758862
neg_239,DSPAGVSDAQKQ,12,0,5,601,0.017682373058430113,0,0.9646352538831398
neg_240,SASSGESSGMWFGPRL,16,0,3,216,0.003096295257489376,0,0.9938074094850212
neg_241,SGLLINQPKYSWLKELGL,18,0,1,194,0.010071432147794088,0,0.9798571357044118
neg_242,VDKPDYRPRPWPRNMI,16,0,5,317,0.10096728936388875,0,0.7980654212722225
neg_243,KCCMRPICMCPCC,13,0,3,374,0.0063712598555272695,0,0.9872574802889454
neg_244,FFPIILGLVPKLVCLITKKC,20,0,1,24,0.0068671735409377155,0,0.9862656529181246
neg_245,INWKKIAEVGGKILSSL,17,0,3,235,0.003096295257489376,0,0.9938074094850212
neg_247,GILDIAKKLVGGIRNVLGI,19,0,5,128,0.006695278068363185,0,0.9866094438632736
neg_248,KWCFRVCYRGICYRRCR,17,0,3,192,0.003096295257489376,0,0.9938074094850212
neg_249,GSTSECFWKYCV,12,0,2,588,0.0067351624357089475,0,0.9865296751285821
neg_250,GPESAFLRL,9,0,2,691,0.009705677732682933,0,0.9805886445346341
neg_251,SVNTKNDFMRF,11,0,5,728,0.006695278068363185,0,0.9866094438632736
neg_252,SFYACTNGCWVKPGGGCQC,19,0,3,148,0.003096295257489376,0,0.9938074094850212
neg_253,EVEMLGDELRTLNQNLGLMR,20,0,3,22,0.020254694565871405,0,0.9594906108682572
neg_254,CFISDCAPG,9,0,4,882,0.006957622787589485,0,0.986084754424821
neg_255,GCPWDSWC,8,0,1,863,0.009549242393529367,0,0.9809015152129412
neg_256,MEVGKLGKPYPLLNLAYVGV,20,0,1,64,0.009888962136178582,0,0.9802220757276429
neg_257,EAYAFGL,7,0,5,877,0.06210622045042706,0,0.8757875590991459
neg_258,FESFFL,6,0,4,1107,0.9818710871381928,1,0.9637421742763856
neg_259,APPGFTPF,8,0,5,590,0.00820541482777675,0,0.9835891703444465
neg_260,LSDYDEEEDERAKATLDAR,19,0,3,40,0.003096295257489376,0,0.9938074094850212
neg_261,GRNGKSQSIIVGPWGDRVTN,20,0,2,35,0.0067351624357089475,0,0.9865296751285821
neg_263,APGQDFMRF,9,0,1,589,0.0068671735409377155,0,0.9862656529181246
neg_264,GGNTECFWKYCV,12,0,2,588,0.00744664043728573,0,0.9851067191254286
neg_265,FLSLIPAAISAVSALADHF,19,0,2,122,0.0067351624357089475,0,0.9865296751285821
neg_266,QNWPHPQIPP,10,0,4,495,0.01362788289532369,0,0.9727442342093526
neg_267,QLNYSPDW,8,0,5,1002,0.024593272298787636,0,0.9508134554024247
neg_268,VNSTYIGYAPIDDPK,15,0,1,426,0.026285443537025457,0,0.9474291129259491
neg_269,GLLDALSGILGL,12,0,1,364,0.007557299904457355,0,0.9848854001910853
neg_270,LVVELAPMEIR,11,0,2,711,0.21939843287158833,0,0.5612031342568233
neg_271,GLGNNAFVGVR,11,0,1,621,0.0068671735409377155,0,0.9862656529181246
neg_272,APACVGFQGMR,11,0,1,668,0.01487294821790808,0,0.9702541035641838
neg_273,IGDIWSGIQG,10,0,4,548,0.031150525850751225,0,0.9376989482984975
neg_274,DMHDFFVGLM,10,0,3,597,0.003096295257489376,0,0.9938074094850212
neg_275,CFIRNCPP,8,0,4,883,0.014598944474628922,0,0.9708021110507421
neg_276,AVGNEVFANR,10,0,4,767,0.02168363586680155,0,0.9566327282663969
neg_279,TDVKESEFIAEGAVGR,16,0,5,314,0.007079811061312035,0,0.9858403778773759
neg_280,VPPGFTPFRVD,11,0,5,590,0.02638515088809468,0,0.9472296982238106
neg_281,SNDIYFNFQR,10,0,4,849,0.03737316665954566,0,0.9252536666809087
neg_283,GKPRPQQVPPRPPHPRL,17,0,4,30,0.0075335612258121435,0,0.9849328775483757
neg_284,QGGGPQWAVGHFM,13,0,1,492,0.019382415934566723,0,0.9612351681308665
neg_285,QFRPSYQIPP,10,0,4,838,0.5568651135307112,1,0.11373022706142244
neg_286,QGPWMEEEEAAYGWMDF,17,0,4,251,0.004361549531815655,0,0.9912769009363687
neg_287,KPEEDWGHK,9,0,5,803,0.18567096928148716,0,0.6286580614370256
neg_288,FLSLIPHAINAVSAIAKHS,19,0,2,122,0.0067351624357089475,0,0.9865296751285821
neg_289,SDPAGGEFLAEGGGVR,16,0,4,108,0.00986060076182321,0,0.9802787984763536
neg_290,MQLTPPEVEK,10,0,1,824,0.6424273564458581,1,0.28485471289171627
neg_291,SLEDIEHEVEELLR,14,0,4,502,0.6345541595866346,1,0.2691083191732693
neg_292,DPAFSSWG,8,0,5,960,0.009202955804504273,0,0.9815940883909915
neg_293,AGVPFNTKTPYGPT,14,0,3,439,0.04168024870774645,0,0.9166395025845071
neg_294,QEKPYWPPPIYPM,13,0,2,564,0.02924801544908253,0,0.941503969101835
neg_295,INIKDILAKLVKVLGHV,17,0,5,128,0.006695278068363185,0,0.9866094438632736
neg_296,SPVISYDKT,9,0,3,938,0.21106602067848854,0,0.5778679586430229
neg_298,PRGSPRTEYEAARR,14,0,4,490,0.36144926557270923,0,0.27710146885458153
neg_299,VDEQLPRTIMNIFEK,15,0,5,424,0.016386871738695453,0,0.9672262565226091
neg_300,KVHGSLARAGK,11,0,3,699,0.05048510851515023,0,0.8990297829696996
neg_301,QNGPRPIGIPP,11,0,4,566,0.051130323513313924,0,0.8977393529733722
neg_302,QKKDKKDKF,9,0,3,567,0.015516072049484993,0,0.96896785590103
neg_303,EDTGTFEEGHGGVR,14,0,4,455,0.006671467342552652,0,0.9866570653148947
neg_304,ASLVTSFEEA,10,0,1,764,0.6893608159162884,1,0.3787216318325768
neg_305,DPAFNSWG,8,0,5,960,0.013553916530673109,0,0.9728921669386538
neg_307,SLSINTNTSEMIALQTLDA,19,0,2,152,0.0067351624357089475,0,0.9865296751285821
neg_308,GSFFATPDDRH,11,0,2,690,0.27956722986296395,0,0.4408655402740721
neg_309,GSPGLIPFGRS,11,0,1,614,0.009969532810380263,0,0.9800609343792395
neg_310,KQTENLADTY,10,0,5,804,0.04471421393592445,0,0.9105715721281511
neg_311,GPPYQPLVPR,10,0,5,794,0.12792982718116122,0,0.7441403456376776
neg_312,EWEEWLLA,8,0,2,969,0.6516516766375221,1,0.3033033532750442
neg_313,DSSVLTSEYPR,11,0,4,678,0.8756941664588521,1,0.7513883329177042
neg_314,FFSMIPKIATGIASLVKDL,19,0,5,119,0.006695278068363185,0,0.9866094438632736
neg_315,ECCHRQLLCCLRFV,14,0,4,454,0.004361549531815655,0,0.9912769009363687
neg_316,RGSNLTIHPLRNTNDIDY,18,0,4,81,0.0043899290148338085,0,0.9912201419703324
neg_317,FLSLIPHAINAVSAIAKHN,19,0,2,122,0.0067351624357089475,0,0.9865296751285821
neg_318,GVGDLIRKAVAAIKNIV,17,0,4,226,0.004361549531815655,0,0.9912769009363687
neg_319,GPLTILHINDVHAAFEQFNT,20,0,1,34,0.01700067489003352,0,0.9659986502199329
neg_320,GIGSALAKAAKLIEGMV,17,0,4,224,0.004361549531815655,0,0.9912769009363687
neg_321,EYPVVFVKGLFPGKG,15,0,1,359,0.09670712668351636,0,0.8065857466329673
neg_322,EEGGSPPPVVI,11,0,2,680,0.06536123789878406,0,0.8692775242024319
neg_323,FLAKNVAKKLVSHVAKKQLE,20,0,5,26,0.006695278068363185,0,0.9866094438632736
neg_324,LKCNKLVPLFYKTCPAGKNL,20,0,4,56,0.004361549531815655,0,0.9912769009363687
neg_325,AEYPNDVNLTVYWDP,15,0,1,322,0.08263651395078257,0,0.8347269720984348
neg_326,DSCCIEQHCCD,11,0,5,647,0.012071963707498447,0,0.9758560725850031
neg_329,VGEAFWSAEEQK,12,0,5,656,0.02012460964438331,0,0.9597507807112334
neg_330,TPGQDFMRF,9,0,2,819,0.007817412239001603,0,0.9843651755219968
neg_331,FLPIIAKLVSGLL,13,0,4,280,0.004566309882297207,0,0.9908673802354055
neg_332,AIDYDEDEDGRPKVHVDAR,19,0,4,42,0.004361549531815655,0,0.9912769009363687
neg_333,HNPASFIGLM,10,0,3,796,0.026522652136296898,0,0.9469546957274062
neg_335,CYIQNCPRG,9,0,4,884,0.010610571257454708,0,0.9787788574850906
neg_336,VRPYLVAFYESH,12,0,1,659,0.017738984936479976,0,0.9645220301270401
neg_337,QPWLPFV,7,0,5,526,0.06051751286305858,0,0.8789649742738829
neg_338,CCEWPCHHGCIPCCY,15,0,3,341,0.003096295257489376,0,0.9938074094850212
neg_339,QTCCGYRMCVPC,12,0,5,645,0.007482884538010891,0,0.9850342309239782
neg_341,GPIPWQR,7,0,4,432,0.644216548337213,1,0.28843309667442596
neg_342,TVKVTVTGAAGQIGYALLFR,20,0,5,96,0.021401221900860606,0,0.9571975561982788
neg_343,AGPYAFGL,8,0,5,877,0.008764383505758469,0,0.982471232988483
neg_344,ANDPDFPYTVQANRP,15,0,4,334,0.004436625751431731,0,0.9911267484971366
neg_345,AAAPDIPIANVNA,13,0,3,514,0.034887290864433936,0,0.9302254182711321
neg_346,GLVSNLGI,8,0,1,611,0.0469128002740628,0,0.9061743994518744
neg_347,CCKQSCTTCMPCCW,14,0,5,269,0.013279918164638072,0,0.9734401636707238
neg_348,AGQNTES,7,0,1,521,0.7523972675044798,1,0.5047945350089595
neg_349,APPGFTPFRIA,11,0,4,308,0.004361549531815655,0,0.9912769009363687
neg_350,YVMGHFRWDKF,11,0,4,751,0.2889522582868427,0,0.42209548342631464
neg_351,EGCCSNPACRTNHPEVCD,18,0,5,159,0.007514172079245384,0,0.9849716558415093
neg_352,GSSGLIAFPRL,11,0,1,284,0.0073593272402144435,0,0.9852813455195711
neg_353,MNRVQFNHHHHHHPD,15,0,1,304,0.047151139008079206,0,0.9056977219838416
neg_354,RQQPFVPRL,9,0,5,305,0.008050585942429562,0,0.9838988281151408
neg_355,MEPDPTPLPRRRLKLFR,17,0,2,242,0.01876268736096706,0,0.9624746252780659
neg_356,GAYFDGFDVPCVPRRDDC,18,0,5,161,0.021389111869006012,0,0.957221776261988
neg_357,DRTPALRLRF,10,0,3,670,0.008657707307267667,0,0.9826845853854647
neg_358,AVNVDDPSK,9,0,3,878,0.6456672709833715,1,0.291334541966743
neg_359,MKLIAKTRILNTLVFSAAGK,20,0,3,69,0.004607197433203738,0,0.9907856051335925
neg_360,QARPRHPKIPP,11,0,4,495,0.005252423256401195,0,0.9894951534871976
neg_361,GPSGFYGVR,9,0,3,733,0.006124320733211522,0,0.987751358533577
neg_362,FLSLIPHAINAVSALAKHF,19,0,2,122,0.0067351624357089475,0,0.9865296751285821
neg_363,APVPGLSPFRVV,12,0,5,590,0.06054505989728593,0,0.8789098802054282
neg_364,QPWLPFR,7,0,5,526,0.030177520719163315,0,0.9396449585616734
neg_365,SLNTKNDFMRF,11,0,5,728,0.006695278068363185,0,0.9866094438632736
neg_366,RPPGFSPFRIAPASSL,16,0,4,308,0.005033305349939306,0,0.9899333893001214
neg_367,CYFRNCPIG,9,0,4,883,0.008363526495053866,0,0.9832729470098923
neg_368,INWKAILGKIGKAAAAVI,18,0,4,171,0.004361549531815655,0,0.9912769009363687
neg_369,MRLSANRQGNTCAGRSVNA,19,0,2,141,0.020751652818177757,0,0.9584966943636445
neg_370,EGANSNEAKGMWFGPRL,17,0,3,216,0.003096295257489376,0,0.9938074094850212
neg_371,KPRPHQFFGLM,11,0,3,597,0.003096295257489376,0,0.9938074094850212
neg_372,PAPDSSFIRDP,11,0,4,639,0.004361549531815655,0,0.9912769009363687
neg_373,PFDRISNSAFSDF,13,0,4,561,0.0787948153120213,0,0.8424103693759574
neg_374,NVRFDLSGATSSSYKTFIKN,20,0,2,77,0.0067351624357089475,0,0.9865296751285821
neg_375,SRPYSFGL,8,0,2,965,0.014338570167848633,0,0.9713228596643028
neg_376,IDWKKLLDAAKQIL,14,0,5,470,0.006695278068363185,0,0.9866094438632736
neg_377,MLRNRARRLDYKIMR,15,0,2,391,0.08052309464232316,0,0.8389538107153537
neg_378,GCCSDPRCKHQC,12,0,1,612,0.0068671735409377155,0,0.9862656529181246
neg_379,FLPLLLAGLPKLLCLFFKKC,20,0,1,27,0.0068671735409377155,0,0.9862656529181246
neg_381,KNEFIRF,7,0,3,1058,0.007648432052376225,0,0.9847031358952476
neg_382,YKSDSFYGLM,10,0,3,796,0.013226621808452828,0,0.9735467563830943
neg_383,DGGEPAAPLWFGPRV,15,0,4,157,0.010789826642404054,0,0.9784203467151918
neg_384,DEPDGVPTTQKQ,12,0,2,596,0.0751393032539275,0,0.849721393492145
neg_385,DLLGTLGNLPLPFI,14,0,1,295,0.006881229616965288,0,0.9862375407660694
neg_386,VDKPDYRPRPWPRPN,15,0,1,100,0.534921186527927,1,0.06984237305585395
neg_387,MADAEDIQPLVCDNGTG,17,0,5,241,0.0077433666450094085,0,0.9845132667099812
neg_388,QLGPPPRPQIPP,12,0,4,495,0.08080111874047088,0,0.8383977625190582
neg_390,LLGMIPLAISAISALSKL,18,0,2,176,0.0067351624357089475,0,0.9865296751285821
neg_391,AAGLFQFPRV,10,0,2,602,0.16910622676859063,0,0.6617875464628187
neg_392,QESGEVIIEIPR,12,0,1,643,0.02300037313107067,0,0.9539992537378587
neg_393,VAGKSFVPIAAGRQ,14,0,5,314,0.3408778839994288,0,0.3182442320011424
neg_394,GYFLFRPRN,9,0,2,904,0.007450891412323954,0,0.9850982171753521
neg_395,SESILIVHQQQSRSSGS,17,0,4,255,0.15102968269918035,0,0.6979406346016392
neg_396,APLSGFYGVR,10,0,2,761,0.006828609512595756,0,0.9863427809748085
neg_397,DQGFNSWG,8,0,5,960,0.019039864585597404,0,0.9619202708288052
neg_398,FLPILGKILGGLL,13,0,2,234,0.01890482809062211,0,0.9621903438187558
neg_399,MIGINVAIFTNVQRRTVS,18,0,4,181,0.0216850761585506,0,0.9566298476828988
neg_400,EKGKEILGKI,10,0,5,783,0.008696724884922843,0,0.9826065502301543
neg_401,RIISSVAVAVAGTA,14,0,1,497,0.15038853434609334,0,0.6992229313078133
neg_403,MERQVFIRLRHRLEADP,17,0,1,243,0.015154365150452728,0,0.9696912696990946
neg_404,KGFMTPERAAEFNFR,15,0,5,375,0.006695278068363185,0,0.9866094438632736
neg_405,PAPESNFVRDP,11,0,4,639,0.005934710556852063,0,0.9881305788862959
neg_406,GFFFP,5,0,1,1186,0.6771633927251164,1,0.3543267854502328
neg_407,EPNSIWS,7,0,1,1041,0.025861758215854826,0,0.9482764835682903
neg_408,GYLDYDEVDDNRAKLPLDAR,20,0,3,40,0.003096295257489376,0,0.9938074094850212
neg_409,NSTMDSLLQLGR,12,0,2,637,0.02741797248240667,0,0.9451640550351866
neg_411,VSAKPARTPT,10,0,5,799,0.2363663823951658,0,0.5272672352096683
neg_412,AGQDNFMRF,9,0,1,589,0.013111397074272077,0,0.9737772058514559
neg_414,GLLDVVGNLLGGLGL,15,0,1,43,0.0068671735409377155,0,0.9862656529181246
neg_415,KPWERL,6,0,4,1126,0.9438059428850132,1,0.8876118857700264
neg_416,IDPKLLESLA,10,0,2,798,0.3964911048734713,0,0.20701779025305744
neg_417,MANIKSAIKRAKTSEK,16,0,1,296,0.0068671735409377155,0,0.9862656529181246
neg_418,AKKTILDLKD,10,0,5,758,0.00831325730971405,0,0.9833734853805719
neg_419,GRADNFLRL,9,0,3,875,0.004179422783206281,0,0.9916411544335875
neg_421,NPVVRITNGAIRGQN,15,0,2,398,0.4020333668926628,0,0.19593326621467444
neg_422,AKFDKFYGLM,10,0,2,449,0.0067351624357089475,0,0.9865296751285821
neg_423,SYSMEHFRWGKPV,13,0,1,575,0.0068671735409377155,0,0.9862656529181246
neg_424,TATTRRRGRPPGFSPFR,17,0,2,259,0.0067351624357089475,0,0.9865296751285821
neg_425,SVFAFENEQSSTIAPARLYK,20,0,3,37,0.003096295257489376,0,0.9938074094850212
neg_426,QGGLPRPGPEIPP,13,0,4,566,0.01623356158185883,0,0.9675328768362823
neg_427,QGRPLGPPIPP,11,0,4,563,0.014967135354644969,0,0.9700657292907101
neg_428,AIFILAS,7,0,3,1032,0.889124965740679,1,0.778249931481358
neg_429,MLMTICNRYTF,11,0,4,714,0.11735395496412535,0,0.7652920900717493
neg_430,CCSALCSRYHCLPCC,15,0,3,341,0.003382217854402469,0,0.9932355642911951
neg_431,GCCSPWNCIQLRACPCCPN,19,0,2,123,0.0067351624357089475,0,0.9865296751285821
neg_433,YQTSSPGSNITIGPL,15,0,2,433,0.04544596098664403,0,0.9091080780267119
neg_434,AQPPQADFL,9,0,3,762,0.5937591074846594,1,0.18751821496931886
neg_435,NAKPPA,6,0,2,914,0.9806966737145834,1,0.9613933474291667
neg_436,VELQNRLSDESQ,12,0,5,655,0.70309185925597,1,0.4061837185119399
neg_437,VVGGDECNINEHRSLALMYA,20,0,2,101,0.0067351624357089475,0,0.9865296751285821
neg_438,HKINSFVGLM,10,0,3,796,0.01128204880617825,0,0.9774359023876436
neg_439,GLADFLNKAVGKVVDFVKS,19,0,2,129,0.0067351624357089475,0,0.9865296751285821
neg_440,WREMSVW,7,0,3,1093,0.15622122686137416,0,0.6875575462772516
neg_441,CFVRNCPTG,9,0,4,883,0.012839648839224858,0,0.9743207023215503
neg_442,NRQPSKYGLEETI,13,0,4,559,0.011136369874191154,0,0.9777272602516177
neg_443,AGPRFIRF,8,0,1,589,0.01600431976578565,0,0.9679913604684287
neg_444,NVTELIGNTPLVELI,15,0,3,401,0.003096295257489376,0,0.9938074094850212
neg_445,SIGFDGLNDPDIVAR,15,0,5,411,0.09872989943694334,0,0.8025402011261134
neg_446,VKMELDGGVASNSR,14,0,1,509,0.6033040841310233,1,0.20660816826204664
neg_447,RPRPQQFFGLM,11,0,3,597,0.003096295257489376,0,0.9938074094850212
neg_448,QARPRPGPKIPP,12,0,4,495,0.01743763820342815,0,0.9651247235931437
neg_449,TEFATNDGGQR,11,0,4,734,0.0864456408407484,0,0.8271087183185032
neg_450,GMYTHEGSDP,10,0,2,792,0.18136362151882776,0,0.6372727569623444
neg_451,FLPFLAKILTGVL,13,0,3,536,0.003096295257489376,0,0.9938074094850212
neg_452,MIVKRDKSIVICGSYE,16,0,3,298,0.019450849894215017,0,0.96109830021157
neg_453,SVQDNFIRF,9,0,1,589,0.0068671735409377155,0,0.9862656529181246
neg_454,MDFIIDIIKKIVGLFTGK,18,0,4,177,0.004361549531815655,0,0.9912769009363687
neg_455,LKLLGIVKKVLGAI,14,0,1,479,0.0106616105855204,0,0.9786767788289592
neg_456,NQEGLFHGR,9,0,5,801,0.11789547692449284,0,0.7642090461510143
neg_457,GCCSHPACNVNNPHICG,17,0,2,222,0.0067351624357089475,0,0.9865296751285821
neg_458,APASGFFGMR,10,0,1,668,0.0068671735409377155,0,0.9862656529181246
neg_459,FQYDSQYDGF,10,0,1,786,0.32423623690159475,0,0.3515275261968105
neg_460,QSDDYGHMRF,10,0,1,644,0.0068671735409377155,0,0.9862656529181246
neg_461,TIEEVLNLPPYVVAA,15,0,2,420,0.01423652000938281,0,0.9715269599812344
neg_463,RPPGFTPFRKA,11,0,4,308,0.004361549531815655,0,0.9912769009363687
neg_464,GSNTECFWKYCV,12,0,2,588,0.0067351624357089475,0,0.9865296751285821
neg_465,SMIGGVMSKG,10,0,2,848,0.606373451117104,1,0.2127469022342079
neg_466,DTLKSEKNADFKDLY,15,0,2,350,0.010289930176582324,0,0.9794201396468354
neg_467,LGYLGTCPTNIGTGLR,16,0,2,293,0.37118705470017843,0,0.25762589059964314
neg_468,VLDELTADR,9,0,3,709,0.8656611185991656,1,0.7313222371983312
neg_469,RDCGKMCEEETWKG,14,0,1,496,0.0898072273167025,0,0.820385545366595
neg_470,SVAALAAQGLLYNAPK,16,0,4,313,0.025548164254984063,0,0.9489036714900319
neg_471,NGERAPGSKKAPSGFLGTR,19,0,1,143,0.061143743951856074,0,0.8777125120962879
neg_473,SCKRECSGSKRQK,13,0,4,570,0.008774109683083724,0,0.9824517806338325
neg_474,RAGLKFPVGRVHRLLR,16,0,1,307,0.01802705354730694,0,0.9639458929053861
neg_475,TSSLFPHPRL,10,0,2,856,0.056965588412971224,0,0.8860688231740576
neg_476,ATGQYAFGL,9,0,5,877,0.007238886548560427,0,0.9855222269028792
neg_477,MKKSEDYSS,9,0,2,926,0.1878307976983627,0,0.6243384046032746
neg_478,MKKAWWKEGVVYQIY,15,0,3,390,0.003096295257489376,0,0.9938074094850212
neg_479,AGIGKIGDFIKKAIAKYKN,19,0,5,109,0.006695278068363185,0,0.9866094438632736
neg_480,VVGGDECNINE,11,0,2,101,0.20368818378584397,0,0.5926236324283121
neg_481,FLIGMTHGLICLISRKC,17,0,2,220,0.0067351624357089475,0,0.9865296751285821
neg_482,MQTLPKERRY,10,0,5,825,0.01669974694288898,0,0.966600506114222
neg_483,YAIAGRPRF,9,0,2,672,0.015618982208537307,0,0.9687620355829254
neg_485,DGDDYKFGHFRWSVPL,16,0,2,274,0.0067351624357089475,0,0.9865296751285821
neg_486,STIEVRNNSPYYSVD,15,0,5,417,0.17800866158052558,0,0.6439826768389488
neg_487,QRPEYPVWREKGAV,14,0,5,494,0.30480476133400086,0,0.3903904773319983
neg_489,MRLTQGAFSYLPDLTDAQII,20,0,2,75,0.0067351624357089475,0,0.9865296751285821
neg_490,GGETSGEGKGMWFGPRL,17,0,3,216,0.003096295257489376,0,0.9938074094850212
neg_492,KDGYLPGNEGCKY,13,0,5,49,0.5427089285983188,1,0.08541785719663753
neg_494,ADREPNHFVA,10,0,1,754,0.05647118451051827,0,0.8870576309789635
neg_495,NDPEVPGMWFGPRL,14,0,3,216,0.01712285329174923,0,0.9657542934165015
neg_496,KPEEDWGRES,10,0,5,803,0.03860242725289425,0,0.9227951454942115
neg_497,MRKYEIMYIIRPDMD,15,0,2,392,0.0067351624357089475,0,0.9865296751285821
neg_498,AGEGLSSPFWSLAAPQRF,18,0,3,154,0.003096295257489376,0,0.9938074094850212
neg_499,SCTTCVCTCSCCTT,14,0,2,500,0.013934338350739697,0,0.9721313232985206
neg_500,SGANVLTFGAGSRLTVL,17,0,3,256,0.003096295257489376,0,0.9938074094850212
neg_501,DISVVGGTGDFLMAR,15,0,2,345,0.008408376127378634,0,0.9831832477452427
neg_502,YGETAAVYVAVESR,14,0,3,513,0.008179153405547713,0,0.9836416931889046
neg_503,SPLEQFSILMLIPM,14,0,1,503,0.13199643470666853,0,0.7360071305866629
neg_504,TSTVFSDGQR,10,0,1,857,0.008516013181340307,0,0.9829679736373194
neg_505,GLLSGLGL,8,0,1,364,0.410954488503435,0,0.17809102299312995
neg_506,MRTGNAN,7,0,4,1067,0.6224434880299075,1,0.2448869760598149
neg_507,AEFGPSQPFKGAK,13,0,3,515,0.003096295257489376,0,0.9938074094850212
neg_508,GSSGMIPFPRV,11,0,2,602,0.01162054981449136,0,0.9767589003710173
neg_509,VVGADNCNFN,10,0,3,862,0.032070838411970636,0,0.9358583231760588
neg_510,PHWLFFGVSVLC,12,0,5,640,0.5840474626465455,1,0.168094925293091
neg_511,MSVSCWEFNAG,11,0,2,716,0.013425973999404765,0,0.9731480520011905
neg_513,FLSLIPSLVSGAVSLVKK,18,0,2,121,0.0067351624357089475,0,0.9865296751285821
neg_515,QPPTPPEHRFPGLM,14,0,5,493,0.016448439513275095,0,0.9671031209734499
neg_516,INWKGIAAMKKLL,13,0,3,235,0.004095593307455194,0,0.9918088133850896
neg_517,EGGGNRGDPSGVC,13,0,5,530,0.6137324165960122,1,0.22746483319202437
neg_518,KRKCGLCKYRCCSGG,15,0,4,379,0.004361549531815655,0,0.9912769009363687
neg_520,CCEWPCSHGCIPCCY,15,0,5,269,0.006695278068363185,0,0.9866094438632736
neg_521,MVQLVDLARCVSF,13,0,3,556,0.004002221026578504,0,0.991995557946843
neg_522,FLAKKVGKQLASHLAKKQLE,20,0,5,26,0.006695278068363185,0,0.9866094438632736
neg_524,NACSSDLNSK,10,0,1,829,0.13297543038689838,0,0.7340491392262032
neg_525,GAPMFV,6,0,1,1085,0.5287653099667057,1,0.05753061993341135
neg_526,SDMYSFGL,8,0,2,965,0.006918227462493423,0,0.9861635450750131
neg_527,IGSFIINPR,9,0,2,908,0.24361868889167484,0,0.5127626222166504
neg_528,APLMGFQGVR,10,0,1,668,0.008088499657467049,0,0.9838230006850659
neg_529,KAVVLGKAGGTAELPCQASQ,20,0,1,47,0.0068671735409377155,0,0.9862656529181246
neg_530,FIGGIISLIKKLF,13,0,1,459,0.0068671735409377155,0,0.9862656529181246
neg_531,VVGGDECNINEHRSLVAIF,19,0,2,101,0.0067351624357089475,0,0.9865296751285821
neg_533,LLSTLTDTSIKEAVATDKAP,20,0,5,58,0.09671089987441978,0,0.8065782002511604
neg_534,ELLSEINR,8,0,4,968,0.16232151919314314,0,0.6753569616137137
neg_535,GPDSAFLRL,9,0,3,900,0.003096295257489376,0,0.9938074094850212
neg_536,FLGGLMKAFPALICAVTKKC,20,0,1,24,0.0068671735409377155,0,0.9862656529181246
neg_537,FDIMGLIKKVAGAL,14,0,5,163,0.008993194196961799,0,0.9820136116060764
neg_538,LRHKVYGYCVLGP,13,0,5,551,0.5229728074254704,1,0.04594561485094073
neg_540,FIGLLISAGKAIHDLIRRRH,20,0,2,25,0.0067351624357089475,0,0.9865296751285821
neg_541,DFFFDFDR,8,0,2,963,0.017773615607348407,0,0.9644527687853032
neg_544,CCGVPNAACHPCVCKNTC,18,0,2,156,0.0067351624357089475,0,0.9865296751285821
neg_545,GCCSDPRCRYRC,12,0,1,236,0.0068671735409377155,0,0.9862656529181246
neg_546,PVQSVFSATRCGAN,14,0,5,491,0.16148016446836871,0,0.6770396710632626
neg_547,RDSNVTILPLRNMKD,15,0,5,407,0.020054579071619744,0,0.9598908418567605
neg_548,FGTYGHPRPRFYYNP,15,0,5,360,0.16258755327044574,0,0.6748248934591086
neg_549,GLLASLGKVLGGYLAEKLKP,20,0,2,31,0.0067351624357089475,0,0.9865296751285821
neg_550,AHQLPMGTLCNFYEWYRRDD,20,0,1,3,0.0068671735409377155,0,0.9862656529181246
neg_551,SPAFNSWG,8,0,5,960,0.0116305580474891,0,0.9767388839050218
neg_552,MKATFVLHGWWRTS,14,0,3,482,0.003814594795944096,0,0.9923708104081118
neg_553,SLSIMEPIR,9,0,4,678,0.7853868950653038,1,0.5707737901306076
neg_554,AKSDVAELKPR,11,0,1,667,0.45005178974385707,0,0.09989642051228587
neg_555,EYYDDTDEEERIVSTVDAR,19,0,4,42,0.006631366673595621,0,0.9867372666528088
neg_556,IPLDTIAGYKE,11,0,4,694,0.01186861892576733,0,0.9762627621484653
neg_557,MMRLVIILIVLLLISFSAY,19,0,3,140,0.003096295257489376,0,0.9938074094850212
neg_558,GAVSGLLTNLGL,12,0,1,611,0.0068671735409377155,0,0.9862656529181246
neg_559,GLFDIIKNIFSGL,13,0,5,163,0.006695278068363185,0,0.9866094438632736
neg_560,FRGHAKGDKKNQKK,14,0,1,118,0.01118723990970694,0,0.9776255201805861
neg_563,MRWQLNKQQLHARLSMK,17,0,5,248,0.09364134817594127,0,0.8127173036481175
neg_564,DLSNLLSRVPNERSN,15,0,1,346,0.11958655501469864,0,0.7608268899706028
neg_565,GSSGLIAMPRV,11,0,1,614,0.03549267173014229,0,0.9290146565397154
neg_566,FLPLFASLIGKLL,13,0,4,280,0.006578651743185009,0,0.98684269651363
neg_568,VIGGAEENINEHRSL,15,0,2,101,0.0067351624357089475,0,0.9865296751285821
neg_569,GFGSVLGKALKIGANLL,17,0,5,223,0.006695278068363185,0,0.9866094438632736
neg_570,HECCKKGFCDPGCDCCDQ,18,0,4,167,0.004361549531815655,0,0.9912769009363687
neg_571,KPSGCGEQNMINFYPNVL,18,0,4,174,0.0409229595136037,0,0.9181540809727926
neg_572,MDPEPTPLPRWRIFLFR,17,0,2,242,0.021236658635433524,0,0.957526682729133
neg_573,LVPMFLSKLICFITKKC,17,0,4,240,0.004361549531815655,0,0.9912769009363687
neg_575,WFDPLRITETTTGSVTLK,18,0,4,205,0.17651363508448273,0,0.6469727298310346
neg_576,QNAHPSPK,8,0,3,841,0.9695804159713407,1,0.9391608319426814
neg_577,AWQDLNAGW,9,0,1,880,0.24301087643577649,0,0.5139782471284471
neg_579,LAKRADICQPGKTSQRACET,20,0,2,55,0.01398952666796349,0,0.972020946664073
neg_580,SCCARNPACRHNHPCV,16,0,5,159,0.010963336602359776,0,0.9780733267952805
neg_581,SAQGQDFMRF,10,0,5,728,0.006695278068363185,0,0.9866094438632736
neg_582,GTLIGQDYK,9,0,5,901,0.3200608660308249,0,0.3598782679383502
neg_583,LFSLVLAG,8,0,5,973,0.18138602066096754,0,0.6372279586780649
neg_585,FLGALVNALRGLL,13,0,1,43,0.018145801622610154,0,0.9637083967547797
neg_587,KSPPQALNKPLPAPSAPSL,19,0,5,132,0.5028969166178802,1,0.005793833235760326
neg_588,KDGYLVGNDGCKYSCNTYPK,20,0,5,49,0.035049536756728644,0,0.9299009264865428
neg_589,ISDDIQSIIQGIF,13,0,4,548,0.06113653189429147,0,0.8777269362114171
neg_590,GVDSSFLRL,9,0,3,900,0.003096295257489376,0,0.9938074094850212
neg_591,FPPWF,5,0,3,974,0.026749270592149273,0,0.9465014588157015
neg_592,QVNFSPGWGT,10,0,5,843,0.19907382670291235,0,0.6018523465941753
neg_594,QNCCNGGCSSKWCKGHARCC,20,0,1,80,0.0068671735409377155,0,0.9862656529181246
neg_595,DCLPCGHDVCC,11,0,3,341,0.011239643352350982,0,0.977520713295298
neg_597,VDFFA,5,0,1,1220,0.9024476769136341,1,0.8048953538272683
neg_598,FLPIASLLGKYL,12,0,4,280,0.024355876740813832,0,0.9512882465183723
neg_599,GFFALIPGIE,10,0,3,789,0.12183875286258716,0,0.7563224942748257
neg_600,DPNATIIMLGTGTGIAPFR,19,0,5,115,0.006695278068363185,0,0.9866094438632736
neg_601,ASGENQAELKLATHNVYML,19,0,4,113,0.08208254729372354,0,0.8358349054125529
neg_602,MADAEDIQPLVCD,13,0,5,241,0.28466283081790733,0,0.43067433836418534
neg_603,EKSCITWRNSCVHND,15,0,2,355,0.029498672688106985,0,0.9410026546237861
neg_604,NEQSGKSQTVIVGSWGAKVS,20,0,4,51,0.0069949744869807085,0,0.9860100510260386
neg_605,SCSCQKHFSCCD,12,0,5,647,0.006695278068363185,0,0.9866094438632736
neg_606,VIDVNDEW,8,0,1,1000,0.5923599266492139,1,0.18471985329842777
neg_607,VSTLLPVVAAEEPA,14,0,3,510,0.03700931539884328,0,0.9259813692023134
neg_608,MGIFSIFVISTVHYQPNKK,19,0,1,135,0.0068671735409377155,0,0.9862656529181246
neg_609,VSGSGIMAKRVVVDA,15,0,4,427,0.004361549531815655,0,0.9912769009363687
neg_611,MAPPRTSTS,9,0,1,925,0.39640953889853114,0,0.2071809222029377
neg_612,QPSKDAFIGLM,11,0,3,597,0.003096295257489376,0,0.9938074094850212
neg_613,GSPKYCHLPADPGPC,15,0,3,366,0.49753554440668485,0,0.004928911186630303
neg_614,MLHCKGNNL,9,0,2,927,0.43966056188101976,0,0.12067887623796048
neg_616,VDKPDYRPRPRPPNM,15,0,5,317,0.018239166285786645,0,0.9635216674284267
neg_617,FGETSGETKGMWFGPRL,17,0,3,216,0.003096295257489376,0,0.9938074094850212
neg_618,SGLDSLSGATFGGNR,15,0,2,410,0.14121522523999036,0,0.7175695495200193
neg_619,MEKGYYDLES,10,0,1,822,0.25112263183923633,0,0.49775473632152734
neg_620,STRTPEFLGLDNQCGVWA,18,0,1,198,0.018274671421666503,0,0.963450657156667
neg_621,GSPMFV,6,0,5,1049,0.19559724325997976,0,0.6088055134800405
neg_622,GHNKKDKKMQKK,12,0,3,616,0.010608378868817455,0,0.9787832422623651
neg_623,GLLDIVKKVVGAFGSL,16,0,2,29,0.0067351624357089475,0,0.9865296751285821
neg_624,AIGGLSRSFPVEAFE,15,0,3,328,0.22179674617661574,0,0.5564065076467686
neg_625,NQCPQAYSYAK,11,0,1,718,0.8653138706962263,1,0.7306277413924527
neg_626,SCCNAGFCRFGCTPCCY,17,0,3,151,0.003096295257489376,0,0.9938074094850212
neg_627,MKQGINGFARRGRL,14,0,5,484,0.006695278068363185,0,0.9866094438632736
neg_629,FDLGMLVKKVLAGL,14,0,3,457,0.003096295257489376,0,0.9938074094850212
neg_630,FYSAPTRDNVFEL,13,0,4,539,0.44363666563898274,0,0.11272666872203452
neg_631,FFPIGVFCKIFKTC,14,0,4,458,0.07166836137250525,0,0.8566632772549895
neg_632,KPCCSIHDSSCCGI,14,0,4,476,0.004361549531815655,0,0.9912769009363687
neg_633,GLFDIAKKVIGVIGSL,16,0,5,163,0.006695278068363185,0,0.9866094438632736
neg_634,DGAETPGAAASLWFGPRV,18,0,4,157,0.004877378929952168,0,0.9902452421400957
neg_635,SLRKMHALGET,11,0,3,732,0.48224626430386985,0,0.03550747139226029
neg_636,KDGYPVDNANCKYE,14,0,1,475,0.04114110581796057,0,0.9177177883640788
neg_637,SGLQFAVLDGQGFLPFSRV,19,0,2,150,0.0067351624357089475,0,0.9865296751285821
neg_638,SVDFDSESPRKPEIQ,15,0,4,418,0.0326965801007888,0,0.9346068397984224
neg_639,GGCCSYPPCAVSNPQHC,17,0,2,222,0.0067351624357089475,0,0.9865296751285821
neg_640,DGVTDPLEVNVVK,13,0,3,527,0.02547178179915571,0,0.9490564364016886
neg_641,GLVPNLLNNLGL,12,0,1,611,0.010907982024190558,0,0.9781840359516188
neg_642,MMKLLIIVVLLVISFPAY,18,0,3,140,0.003096295257489376,0,0.9938074094850212
neg_643,EPFKISIHL,9,0,5,891,0.028410110347284794,0,0.9431797793054304
neg_644,GSSGLISFPRT,11,0,1,614,0.0068671735409377155,0,0.9862656529181246
neg_645,RCLFWSVCP,9,0,2,934,0.39485692020604335,0,0.2102861595879133
neg_648,DDASDRAKKFYGLM,14,0,2,449,0.0067351624357089475,0,0.9865296751285821
neg_649,INWLKLGKKILGAI,14,0,4,171,0.0074431910443981,0,0.9851136179112038
neg_650,ATLTVFFRDN,10,0,2,766,0.6347666101871625,1,0.26953322037432503
neg_651,FLSLIPKIAGGIASLVKNL,19,0,5,119,0.006695278068363185,0,0.9866094438632736
neg_652,EWEPVQNGGSSYYMVPRIWA,20,0,5,23,0.006695278068363185,0,0.9866094438632736
neg_654,GLFDIIKKVASVVGLASP,18,0,5,163,0.006695278068363185,0,0.9866094438632736
neg_655,QLWPRPHIPP,10,0,4,495,0.06709097787887004,0,0.8658180442422599
neg_656,GLFDIIKNIVSTL,13,0,5,163,0.006695278068363185,0,0.9866094438632736
neg_657,KYPLEKFQNIG,11,0,4,700,0.0521985345924641,0,0.8956029308150718
neg_658,AQGDNPDKDTDGN,13,0,1,522,0.8116243276035193,1,0.6232486552070386
neg_659,FAQLLNDLK,9,0,5,895,0.01951757252046398,0,0.960964854959072
neg_660,GLFDIVKKIAGHIVSSI,17,0,3,225,0.003096295257489376,0,0.9938074094850212
neg_661,SPGALEDEHNDNFLRF,16,0,2,312,0.0067351624357089475,0,0.9865296751285821
neg_662,SAPRGCWTKSYPPKPCK,17,0,3,254,0.003096295257489376,0,0.9938074094850212
neg_663,SNPNFILTLVNNVPYTIWPA,20,0,3,85,0.005649860597291579,0,0.9887002788054169
neg_664,ATDYEDEEFPGAVPPSVGAR,20,0,3,9,0.004919649064220246,0,0.9901607018715595
neg_665,MTYQTAIDAVRELKA,15,0,1,394,0.027362285753781933,0,0.9452754284924362
neg_666,LVPFLGKTLGGLLARF,16,0,1,295,0.0068671735409377155,0,0.9862656529181246
neg_667,QGWAWPRPQIPP,12,0,4,495,0.03862729196166098,0,0.922745416076678
neg_668,GFLDIVKGVGLVALGAVSKS,20,0,2,29,0.0067351624357089475,0,0.9865296751285821
neg_670,GVGYKVVVTTTAAADDDDVV,20,0,3,38,0.004345431248683353,0,0.9913091375026333
neg_671,DCCIIAGCPFGCTICC,16,0,2,272,0.0067351624357089475,0,0.9865296751285821
neg_672,GFGSLFKFLAKKVAK,15,0,1,162,0.21813455710286897,0,0.563730885794262
neg_673,LRLDLSNLR,9,0,3,555,0.08570600831408359,0,0.8285879833718328
neg_674,MVLNVVLAGDFDCVRRP,17,0,2,249,0.04134097877190176,0,0.9173180424561965
neg_675,QGLIPFPRV,9,0,2,602,0.09550219272942842,0,0.8089956145411432
neg_676,FLNPFRWVINKYR,13,0,1,59,0.09109441611004575,0,0.8178111677799085
neg_677,NLYQFKEMIRYTIP,14,0,3,488,0.2196888739705401,0,0.5606222520589198
neg_678,SLLEFGMMILEE,12,0,5,649,0.2889672923035838,0,0.4220654153928324
neg_679,TSAEVPATAQGVTHALEGTQ,20,0,4,97,0.05316650917194311,0,0.8936669816561138
neg_680,CYIQSCPIG,9,0,4,882,0.012025868090400299,0,0.9759482638191994
neg_681,AAKLLLNPKFRCKAAFC,17,0,5,208,0.013695315758077704,0,0.9726093684838446
neg_682,AVVFDPQPALWAEADTQLEP,20,0,2,10,0.15937113134235226,0,0.6812577373152955
neg_683,GWFDVVKHIASAV,13,0,3,544,0.003235380726496098,0,0.9935292385470078
neg_685,TNVKESEFIAEGAAGR,16,0,5,314,0.008874012316472672,0,0.9822519753670547
neg_686,AYGGDGGAYYEWSPA,15,0,5,340,0.16292019146457748,0,0.674159617070845
neg_687,DSGSSRDPGASSGGC,15,0,1,348,0.006889168534756126,0,0.9862216629304877
neg_688,KIKEKLIEA,9,0,4,916,0.09170999582403776,0,0.8165800083519245
neg_689,TKATEGEFLAEGGGVR,16,0,4,108,0.004361549531815655,0,0.9912769009363687
neg_690,AVFVILTNVYT,11,0,3,673,0.006548728656798152,0,0.9869025426864036
neg_691,SDNRNQGY,8,0,4,1008,0.6854387969710891,1,0.37087759394217823
neg_692,DDPTSTFTCPGGSDYK,16,0,2,273,0.19345064128596867,0,0.6130987174280627
neg_694,MKAIMLVNFCDERGSGR,17,0,2,245,0.017685371293039293,0,0.9646292574139215
neg_695,SVDFDSESPR,10,0,4,418,0.5854667706560207,1,0.17093354131204141
neg_696,QDSGDGWPQQPFVPRL,16,0,5,305,0.028927947694248432,0,0.9421441046115031
neg_697,GSSGLISFPRN,11,0,1,614,0.01069329216270589,0,0.9786134156745883
neg_698,ALGDQLLSVFVDHTLVDEVA,20,0,2,7,0.02092752041221966,0,0.9581449591755606
neg_699,ARTDNFVRL,9,0,3,875,0.00487837893632753,0,0.9902432421273449
neg_700,SGHTKIKVAVDT,12,0,5,648,0.03730212228022037,0,0.9253957554395593
neg_701,FLPLIAGLLGKLF,13,0,1,27,0.008482575658466534,0,0.9830348486830669
neg_702,LEIADLAQYVVDLTAR,16,0,1,292,0.007301401043594684,0,0.9853971979128107
neg_703,KPNPERFYGLM,11,0,5,493,0.04456910956581433,0,0.9108617808683713
neg_704,FVQWFSKFLGRIL,13,0,3,538,0.006467281681849585,0,0.9870654366363009
neg_705,KECCTHPACHVSHPELCG,18,0,1,172,0.006912882701079019,0,0.9861742345978419
neg_706,SKGKKANKDVELARG,15,0,4,413,0.004361549531815655,0,0.9912769009363687
neg_707,ATDYDEEEDDRVKVRLDAR,19,0,3,40,0.003096295257489376,0,0.9938074094850212
neg_708,SKVENIVDELKTLTL,15,0,4,414,0.004361549531815655,0,0.9912769009363687
neg_710,QTCCGSKVFCC,11,0,5,645,0.006695278068363185,0,0.9866094438632736
neg_711,GLLDVVGNVLHSLGL,15,0,1,364,0.0068671735409377155,0,0.9862656529181246
neg_712,ADPPIHIASL,10,0,5,753,0.8122311180622287,1,0.6244622361244574
neg_713,LENGLLRKPPMG,12,0,2,627,0.1464569341100906,0,0.7070861317798188
neg_714,SGQYSFGL,8,0,5,877,0.0646358491485339,0,0.8707283017029321
neg_715,SGYLPGKEYVYKYKGKVF,18,0,4,195,0.02413143456145099,0,0.951737130877098
neg_716,IVSYPDDAGEHAHKMG,16,0,3,290,0.03847969359867051,0,0.9230406128026589
neg_717,CCNWPCSFGCIPCCY,15,0,3,341,0.003096295257489376,0,0.9938074094850212
neg_718,GVLDAFKKIATVVKNLV,17,0,1,227,0.0068671735409377155,0,0.9862656529181246
neg_720,SPTLDDEHNDNFVRL,15,0,2,312,0.0067351624357089475,0,0.9865296751285821
neg_721,ALFEESTVSAEPR,13,0,3,519,0.004261707382859122,0,0.9914765852342817
neg_722,FIGAILPAIAGLVGGLINR,19,0,3,120,0.0055460878696824804,0,0.9889078242606351
neg_723,QGGWPRPGPEIPP,13,0,4,495,0.01654156363330202,0,0.966916872733396
neg_724,AQENETNESGSID,13,0,1,521,0.014893123815984712,0,0.9702137523680305
neg_726,IVPFLLGMVPKLVCLITKKC,20,0,1,27,0.0068671735409377155,0,0.9862656529181246
neg_727,NFQRDVEITWGDMRR,15,0,5,395,0.19280471103359456,0,0.6143905779328109
neg_728,IVRRACCSDRRCRWRCG,17,0,1,236,0.0068671735409377155,0,0.9862656529181246
neg_729,QCGQAWC,7,0,1,1077,0.1721691581211357,0,0.6556616837577286
neg_731,FLLSLPHLASGLASLVLSK,19,0,2,121,0.0067351624357089475,0,0.9865296751285821
neg_732,SANAKNDFMRF,11,0,5,728,0.014453115236365442,0,0.9710937695272691
neg_733,CIIRNCPRG,9,0,4,883,0.014132178546378714,0,0.9717356429072426
neg_734,ALAGTIIAGASLTFKILDEV,20,0,4,6,0.004361549531815655,0,0.9912769009363687
neg_735,RQRHPDCDKPPDTGN,15,0,1,408,0.0077634539553304484,0,0.9844730920893391
neg_736,QGGAPWNPIPP,11,0,4,566,0.10337901637588429,0,0.7932419672482314
neg_737,DYMGWMDF,8,0,5,722,0.018653332757844157,0,0.9626933344843117
neg_738,FFFLPSLIGGLVSAIK,16,0,2,219,0.0067351624357089475,0,0.9865296751285821
neg_739,ILGTILGLLKSL,12,0,2,234,0.05944050185710364,0,0.8811189962857927
neg_740,DHLSHDVYSPRL,12,0,4,599,0.01257129822084244,0,0.9748574035583151
neg_741,TNDSAGDGTTTASVLAR,17,0,4,261,0.004361549531815655,0,0.9912769009363687
neg_743,SDYLQLAR,8,0,2,637,0.04253306829565252,0,0.914933863408695
neg_744,QCCPTMPECCRI,12,0,3,642,0.003096295257489376,0,0.9938074094850212
neg_745,GRGGASNYVRL,11,0,2,688,0.01791674877303219,0,0.9641665024539356
neg_747,IVGGFTIGIDTVPY,14,0,4,474,0.020626225297049265,0,0.9587475494059015
neg_748,SRDIVSVYDD,10,0,5,847,0.22619383576217744,0,0.5476123284756451
neg_749,EGFQLMDRGTFDEIGR,16,0,4,276,0.06894239255316428,0,0.8621152148936715
neg_750,GGPYSYGL,8,0,2,965,0.08826763781875098,0,0.8234647243624981
neg_751,GLEETYCSMRIKENI,15,0,3,363,0.003096295257489376,0,0.9938074094850212
neg_753,VIGGDICNINEHNFLVALYE,20,0,2,101,0.0067351624357089475,0,0.9865296751285821
neg_754,ALVSADGDSWFAR,13,0,2,520,0.08975253806660304,0,0.8204949238667939
neg_755,DMCCHPACMNHFNC,14,0,4,451,0.004361549531815655,0,0.9912769009363687
neg_756,RPPGFTPFR,9,0,2,259,0.007735112896032663,0,0.9845297742079346
neg_757,APSMGFMGMR,10,0,1,668,0.006898769344766049,0,0.9862024613104678
neg_759,VQGMVYCDTCRSANALGFMR,20,0,3,103,0.003096295257489376,0,0.9938074094850212
neg_760,YVVPAAKLEAIYPKGLRVSI,20,0,4,106,0.17406588536073306,0,0.6518682292785338
neg_761,MDLSFTLSVVTA,12,0,1,631,0.08075353207557594,0,0.8384929358488481
neg_762,FLSLIPHAINAISAIAHHL,19,0,2,122,0.016407851305150902,0,0.9671842973896982
neg_764,VDKPDYRPRPWPRPNM,16,0,1,100,0.3082448508632685,0,0.38351029827346295
neg_765,MIERELGNWKDFIEVMLRK,19,0,5,136,0.006695278068363185,0,0.9866094438632736
neg_767,SVQFKPRL,8,0,1,842,0.009861927209101921,0,0.9802761455817962
neg_768,TKCPTCQNDTCSNKI,15,0,3,421,0.019248976906919547,0,0.9615020461861609
neg_769,EQPGGDKVNLGYFTN,15,0,5,357,0.1807413842313225,0,0.6385172315373551
neg_770,GYNRSFLRF,9,0,3,905,0.003096295257489376,0,0.9938074094850212
neg_771,RGSNLTHPLRNIGDLFYVGN,20,0,4,81,0.004361549531815655,0,0.9912769009363687
neg_772,ADGSDPASSEFLAEGGGVR,19,0,4,108,0.0044695230704143,0,0.9910609538591714
neg_773,KLSYDDKVFENVEFTPRL,18,0,4,173,0.027189476021487562,0,0.9456210479570248
neg_774,YEYSVYREIIGSGHIIAR,18,0,3,207,0.020505939610238718,0,0.9589881207795226
neg_775,RPPGWSPFR,9,0,2,259,0.04147413062338206,0,0.9170517387532359
neg_776,FLSLALAALPKFLCLVFKKC,20,0,1,27,0.0068671735409377155,0,0.9862656529181246
neg_778,VDWKKIGQHILSVL,14,0,1,507,0.007394235492929709,0,0.9852115290141406
neg_779,AEPRDQFK,8,0,1,953,0.856562936326362,1,0.7131258726527241
neg_780,GFGSLFKFLGKKVLK,15,0,5,362,0.07145077807219552,0,0.857098443855609
neg_781,DVNWPLGWPVGGYPG,15,0,5,351,0.21791505527622665,0,0.5641698894475466
neg_782,GLVGTLLGHIGKAILS,16,0,2,234,0.0067351624357089475,0,0.9865296751285821
neg_783,CCKYGWTCLLGCSPCGC,17,0,1,212,0.0068671735409377155,0,0.9862656529181246
neg_784,DRNFLRF,7,0,4,572,0.005246242598293457,0,0.989507514803413
neg_785,QARPPHPPIPPAP,13,0,4,563,0.040029342757630565,0,0.9199413144847388
neg_786,NGRCCHPACARKYNC,15,0,2,396,0.0067351624357089475,0,0.9865296751285821
neg_787,AFSSWG,6,0,1,933,0.3423759193738068,0,0.3152481612523864
neg_788,AGPVSKLVSGIGL,13,0,2,517,0.03788335040906259,0,0.9242332991818748
neg_790,QWPDPSSDIPP,11,0,4,726,0.008877242205461731,0,0.9822455155890766
neg_791,SGSAKVAFSAIRSTNH,16,0,3,310,0.008425742471122133,0,0.9831485150577557
neg_792,ADRELHRSKA,10,0,1,754,0.016143807114078566,0,0.9677123857718428
neg_793,KIMAKPSKFYEQLRGR,16,0,4,291,0.01438764634953224,0,0.9712247073009355
neg_794,MRWQEMGYIFYPRKLR,16,0,2,303,0.05593098758982404,0,0.8881380248203519
neg_795,LNFKALAALAKKIL,14,0,5,472,0.006695278068363185,0,0.9866094438632736
neg_796,GLFDIIKKVASVIGGL,16,0,5,163,0.006695278068363185,0,0.9866094438632736
neg_797,VIGGDECNIN,10,0,2,101,0.0774977709422991,0,0.8450044581154018
neg_798,AVPPRYGYTRG,11,0,2,674,0.07796126768011521,0,0.8440774646397695
neg_799,DCQPCGHNVCC,11,0,1,676,0.011371021023458373,0,0.9772579579530832
neg_800,AHRFAAEDFGALDTA,15,0,5,325,0.006695278068363185,0,0.9866094438632736
neg_801,PKPPDRG,7,0,4,1073,0.1903142048811007,0,0.6193715902377985
neg_802,DVPKSDQFVGLM,12,0,3,597,0.008843456049634773,0,0.9823130879007305
neg_803,CCAPSACRLGCRPCCR,16,0,3,151,0.003096295257489376,0,0.9938074094850212
neg_804,VNWKKILGKIIKVAK,15,0,4,171,0.004361549531815655,0,0.9912769009363687
neg_805,LDSLSFSYNNFEEDD,15,0,4,382,0.005624115986081965,0,0.988751768027836
neg_806,ESGGSGEANGMWFGPRL,17,0,3,216,0.003096295257489376,0,0.9938074094850212
neg_807,FLPLLAASFACTVTKKC,17,0,2,221,0.0067351624357089475,0,0.9865296751285821
neg_808,NNQLNASHK,9,0,1,931,0.8954216513250214,1,0.7908433026500428
neg_809,RGSNLTHPLRNIRDLFYVG,19,0,4,81,0.004361549531815655,0,0.9912769009363687
neg_810,DDAVADGEHAISGVVDS,17,0,5,214,0.006698818251330265,0,0.9866023634973394
neg_811,SPATMGFAGVR,11,0,3,733,0.12709234333578753,0,0.7458153133284249
neg_812,TSSGCPNFESLVR,13,0,4,578,0.03184173442938634,0,0.9363165311412274
neg_813,GYSSASKIIFGSGTRLSIRP,20,0,3,41,0.003096295257489376,0,0.9938074094850212
neg_814,DLYGNIVLSGGSTMF,15,0,3,347,0.003096295257489376,0,0.9938074094850212
neg_815,APVMGFQGMR,10,0,1,668,0.009267580140721123,0,0.9814648397185578
neg_816,QDGKSSFQKEGGGVR,15,0,4,108,0.004361549531815655,0,0.9912769009363687
neg_817,MAATFALHGWWRTS,14,0,3,482,0.005460054996524764,0,0.9890798900069505
neg_818,PAPESGFIRDP,11,0,4,639,0.0047279728439845094,0,0.990544054312031
neg_819,AYVSQSGAPWGLGRISHK,18,0,2,155,0.11839717809471982,0,0.7632056438105603
neg_820,SCSCKRNFLCC,11,0,5,647,0.006695278068363185,0,0.9866094438632736
neg_821,MTDTPLSAAEF,11,0,4,717,0.07179805286923707,0,0.8564038942615259
neg_822,MKVFVLNGPNLGRLGKREPA,20,0,5,70,0.006695278068363185,0,0.9866094438632736
neg_823,GKPSRPRPAPIQPRPPHPRL,20,0,4,30,0.006697700334977981,0,0.9866045993300441
neg_824,ASSGLISMPRV,11,0,5,590,0.027629861176341555,0,0.9447402776473169
neg_825,SDLTWTYQSPGDPTNSKN,18,0,4,193,0.00440452830150119,0,0.9911909433969976
neg_826,VDPGESTFIDEGATGR,16,0,5,314,0.01308177236581787,0,0.9738364552683643
neg_827,GSSGMISFPRT,11,0,1,614,0.012700328876128613,0,0.9745993422477428
neg_828,AKEKEVTFQSGGPT,14,0,3,440,0.006005756524821527,0,0.9879884869503569
neg_829,GLVDVLGKVGGLIKKLLP,18,0,2,31,0.0067351624357089475,0,0.9865296751285821
neg_830,MFLGPGGAGGQAFDQAR,17,0,5,244,0.061590570241933824,0,0.8768188595161324
neg_831,FIGGIISFFKRLF,13,0,3,533,0.003096295257489376,0,0.9938074094850212
neg_832,MRRAVILVLDRAGPV,15,0,3,393,0.007230866248149936,0,0.9855382675037001
neg_833,NGCCIVRECC,10,0,1,774,0.007642204780115564,0,0.9847155904397689
neg_834,KTGVNKPELLPKEETTVIDV,20,0,2,53,0.0067351624357089475,0,0.9865296751285821
neg_835,TDAVADGVHAISGVVDT,17,0,5,214,0.006695278068363185,0,0.9866094438632736
neg_836,KSTDFDYNNKKANYD,15,0,4,380,0.08538786678133861,0,0.8292242664373228
neg_837,GRTFFVGGNW,10,0,5,795,0.12678592879465847,0,0.7464281424106831
neg_838,CCDRIACRFGCVPCCT,16,0,3,151,0.003096295257489376,0,0.9938074094850212
neg_839,RRWCFRVCYKGFCYRKCR,18,0,3,192,0.003096295257489376,0,0.9938074094850212
neg_840,QANQDFMRF,9,0,5,728,0.0073490430890212205,0,0.9853019138219575
neg_842,ALAGDHFFRF,10,0,2,520,0.006886898690091962,0,0.9862262026198161
neg_843,STHTSDFLKL,10,0,5,851,0.0184341645585364,0,0.9631316708829272
neg_844,IFFEV,5,0,4,976,0.9762118652868685,1,0.9524237305737371
neg_845,APQPYAFGL,9,0,3,762,0.014133888473302896,0,0.9717322230533942
neg_846,PSATYFVR,8,0,3,733,0.006791724245378507,0,0.986416551509243
neg_847,VPPGFTPFRQ,10,0,4,743,0.004639049794011166,0,0.9907219004119777
neg_848,APEESPKRAPSGFLGVR,17,0,1,143,0.03800698429444787,0,0.9239860314111042
neg_849,GLFDVIKKVASVIGGL,16,0,5,163,0.006695278068363185,0,0.9866094438632736
neg_850,DEPDGVPTRQKQ,12,0,2,596,0.07390600575419072,0,0.8521879884916186
neg_851,FLSAITSLLGKLL,13,0,4,280,0.004361549531815655,0,0.9912769009363687
neg_852,FLPILINLIHKGLL,14,0,4,461,0.007374442866574607,0,0.9852511142668507
neg_853,LVALDTEFANR,11,0,3,709,0.017731616480565326,0,0.9645367670388694
neg_854,GIGSALAKAAKLVAGIV,17,0,4,224,0.004361549531815655,0,0.9912769009363687
neg_855,GLLDGLLGGLGL,12,0,4,164,0.036180494972952386,0,0.9276390100540952
neg_856,QFNEYGHMRF,10,0,1,644,0.008143902581339907,0,0.9837121948373202
neg_857,GSSGLIPMPRV,11,0,2,602,0.0075812506652153154,0,0.9848374986695694
neg_859,VEIIANDQGNR,11,0,1,740,0.10398072938573957,0,0.7920385412285209
neg_860,GLFDIIKKIAESF,13,0,5,163,0.006695278068363185,0,0.9866094438632736
neg_861,MLGFLPLP,8,0,4,989,0.6054487476942314,1,0.2108974953884628
neg_862,GDCPWKPWC,9,0,1,863,0.0101966475601316,0,0.9796067048797368
neg_863,LECNKLVDIAYITCPAGKNL,20,0,4,56,0.004361549531815655,0,0.9912769009363687
neg_864,MKTNPL,6,0,1,1135,0.23215705218271718,0,0.5356858956345656
neg_865,QTSFTPRL,8,0,1,842,0.010427743422404429,0,0.9791445131551911
neg_866,GMASLLAKVLPHVVKLIK,18,0,3,165,0.0032480211107861626,0,0.9935039577784277
neg_867,QNPNRFIGLM,10,0,2,840,0.025186819046721046,0,0.9496263619065579
neg_868,GCCSYPPCFATNSGYC,16,0,3,282,0.003096295257489376,0,0.9938074094850212
neg_870,DGCPPHPVPGMHPCMCTNTC,20,0,1,15,0.009280509826906909,0,0.9814389803461862
neg_871,GCCSDPRCKHEC,12,0,5,159,0.006695278068363185,0,0.9866094438632736
neg_872,SGLQFAVMDGQGFLPFPRV,19,0,2,150,0.006797180396134742,0,0.9864056392077305
neg_873,SATAAREEYQRKRSQFIEIG,20,0,3,83,0.01312853087106325,0,0.9737429382578735
neg_874,GLWSTIKNVAAAAGKAAIKL,20,0,3,33,0.003096295257489376,0,0.9938074094850212
neg_875,IKITTMLAKLGKVLAHV,17,0,5,232,0.006695278068363185,0,0.9866094438632736
neg_876,FHGGSWYRFPWGY,13,0,3,532,0.006280389566948149,0,0.9874392208661037
neg_877,QLWPRPQIPP,10,0,4,495,0.06566031190445415,0,0.8686793761910917
neg_878,QGRAPHPPIPPAP,13,0,4,563,0.014133087983489645,0,0.9717338240330207
neg_879,AEPLASQLKEPIAGGGWWAA,20,0,5,1,0.14683259538810509,0,0.7063348092237898
neg_880,LAAGKVEDSD,10,0,3,807,0.02518741926017558,0,0.9496251614796488
neg_881,ITCPQVTQSLAPCVPYLISG,20,0,1,44,0.12758572595262407,0,0.7448285480947519
neg_882,IVGGQEATPHTWVHQVALFI,20,0,2,45,0.007711105811280683,0,0.9845777883774386
neg_883,GLLDMVTGLLGNL,13,0,4,288,0.024134542546546338,0,0.9517309149069073
neg_884,GSTGLIPFGRP,11,0,1,614,0.0068671735409377155,0,0.9862656529181246
neg_885,ALSVPVFAVAPLNKK,15,0,3,331,0.35513648891355404,0,0.2897270221728919
neg_886,GKWMSLLKHILK,12,0,3,165,0.004333191766024317,0,0.9913336164679514
neg_887,GVCDMADLA,9,0,3,902,0.5063203642729159,1,0.01264072854583187
neg_889,FLSLIPHAINAVGVHAKHF,19,0,2,122,0.0067351624357089475,0,0.9865296751285821
neg_890,GLTDQKSAPPGL,12,0,3,617,0.7173739439761907,1,0.4347478879523814
neg_891,HTAGFIPRL,9,0,1,907,0.0716848876551854,0,0.8566302246896292
neg_892,QQWPPGHHIPP,11,0,4,495,0.01943668510418574,0,0.9611266297916286
neg_893,EQWQPQLHR,9,0,4,893,0.4526588617004556,0,0.09468227659908879
neg_894,QSAPGNEAIPP,11,0,5,723,0.4274309484617985,0,0.14513810307640296
neg_895,DYPKLTFTTS,10,0,5,780,0.6562081345616448,1,0.3124162691232897
neg_897,AGDVIYIVR,9,0,2,669,0.05208602666474031,0,0.8958279466705193
neg_898,SPALADEHNDNFLRF,15,0,2,312,0.0067351624357089475,0,0.9865296751285821
neg_899,GCIGRNESQKKDNVYKFKE,19,0,2,124,0.007751070525162075,0,0.9844978589496759
neg_900,QKNDKKDRFYGLM,13,0,3,567,0.003096295257489376,0,0.9938074094850212
neg_901,GSGFSSWG,8,0,5,960,0.019811250176228076,0,0.9603774996475438
neg_902,FFSLIPSLIGGLVSAIK,17,0,2,219,0.008190965849445458,0,0.9836180683011091
neg_903,NTFYCCELCCNPACAGCY,18,0,3,188,0.008335743311913545,0,0.9833285133761729
neg_904,PIFTFASNVPADTITGFFL,19,0,1,145,0.12164324619180457,0,0.7567135076163909
neg_905,ADYLQLAR,8,0,1,951,0.035660036826079794,0,0.9286799263478405
neg_906,TDAVANGVHAISGVVDS,17,0,5,214,0.006695278068363185,0,0.9866094438632736
neg_907,FRPALIVRTKGK,12,0,1,608,0.05502671502042271,0,0.8899465699591546
neg_908,VVGGDECNINEHPFLV,16,0,2,101,0.016106583607609217,0,0.9677868327847816
neg_909,VVGGDECNINEHRSL,15,0,2,101,0.007350478678562165,0,0.9852990426428757
neg_910,VAAGRPRF,8,0,1,1018,0.05269285158599522,0,0.8946142968280095
neg_911,GHADNFMRF,9,0,5,728,0.006695278068363185,0,0.9866094438632736
neg_913,ADDINPKEECFFEDDYYEFE,20,0,1,0,0.014781981218881798,0,0.9704360375622364
neg_914,FLSLIPHAISAISAIANHL,19,0,2,122,0.010678193181798155,0,0.9786436136364037
neg_915,ECCHPACGKHFSC,13,0,1,172,0.0068671735409377155,0,0.9862656529181246
neg_916,PGGGVSGALSSLVQSLVR,18,0,5,189,0.008136577353472204,0,0.9837268452930555
neg_917,SGFVLKGYTKTSQ,13,0,2,574,0.0067351624357089475,0,0.9865296751285821
neg_918,TDSIKETIKETVNHQAEWPY,20,0,1,93,0.042899692761909365,0,0.9142006144761813
neg_919,RLRSKGKK,8,0,1,608,0.02736285058937668,0,0.9452742988212466
neg_920,AGVDPAIPAYVKTNG,15,0,1,324,0.23435656678857325,0,0.5312868664228535
neg_921,LPPWIG,6,0,5,1087,0.46355691333578275,0,0.0728861733284345
neg_922,MREIEHIPPP,10,0,2,826,0.12327795446383712,0,0.7534440910723258
neg_923,CCGVPNAACHPCVCTGKC,18,0,2,156,0.0067351624357089475,0,0.9865296751285821
neg_924,RVSNLTIHPLRNIIDLRYVG,20,0,4,81,0.004361549531815655,0,0.9912769009363687
neg_925,DSSNLPPNQKQIVD,14,0,4,453,0.09772794328722273,0,0.8045441134255545
neg_926,NYDKNFYEDTLP,12,0,5,638,0.019043984247059307,0,0.9619120315058813
neg_927,LKLKDILGKIKVILSHLNK,19,0,5,133,0.006695278068363185,0,0.9866094438632736
neg_928,AMRNALVRF,9,0,3,446,0.004313584137780034,0,0.9913728317244399
neg_929,DPWDWV,6,0,4,892,0.6829419870585274,1,0.36588397411705476
neg_930,SQISLRGSNLTI,12,0,1,650,0.6120268799539395,1,0.2240537599078789
neg_931,FLPPCAYKGTC,11,0,3,607,0.36686123561702055,0,0.2662775287659589
neg_932,RPPGFSPFRVAPAS,14,0,4,308,0.004721373813986671,0,0.9905572523720266
neg_933,SFKKGLFLGTILGGA,15,0,3,409,0.006641547357101305,0,0.9867169052857974
neg_934,AEYFQHWGQGTLVTVSS,17,0,4,209,0.060571658013129595,0,0.8788566839737408
neg_935,NNNARLMFGDGTQLVVKP,18,0,2,186,0.006737520285157806,0,0.9865249594296844
neg_936,INWKALLDAAKKVL,14,0,5,470,0.006695278068363185,0,0.9866094438632736
neg_937,ILTGKLKCK,9,0,1,910,0.39845818971355285,0,0.2030836205728943
neg_938,FKGGGPYGQGVTRG,14,0,2,460,0.8040058224395581,1,0.6080116448791162
neg_939,HKTDSFVGLM,10,0,3,597,0.011402383583006426,0,0.9771952328339871
neg_940,LDYDHEEEDGRTKVTFDAR,19,0,4,42,0.004361549531815655,0,0.9912769009363687
neg_941,TQSTGTSQTIAVGLWGGPDN,20,0,3,95,0.0038025969518617015,0,0.9923948060962766
neg_942,FLAKKLAKHLAKKQAES,17,0,5,26,0.006695278068363185,0,0.9866094438632736
neg_943,MMKLVIILIVLLLVSFAAY,19,0,3,140,0.003096295257489376,0,0.9938074094850212
neg_944,QETQYFGPGTRLLVL,15,0,5,404,0.010448423442159937,0,0.9791031531156801
neg_945,GLEETYCSMKIK,12,0,3,363,0.005908497418208979,0,0.988183005163582
neg_946,VPPKGVSM,8,0,2,1022,0.9288146989739531,1,0.8576293979479062
neg_948,TAANVKIFNTEEVQNFINLL,20,0,5,90,0.006695278068363185,0,0.9866094438632736
neg_949,FPLPCAYKGTYC,12,0,3,607,0.11498481687195992,0,0.7700303662560801
neg_950,MGQEQDTPWIL,11,0,3,713,0.44449164631440036,0,0.11101670737119929
neg_951,FLPIVGKSLSGLSGKL,16,0,4,280,0.004361549531815655,0,0.9912769009363687
neg_952,IINDFTNLVNQVEPLK,16,0,5,287,0.01288316867594618,0,0.9742336626481076
neg_953,GCCRFPCPDSCRSLCC,16,0,4,281,0.004361549531815655,0,0.9912769009363687
neg_954,PKVSPRWPPIPP,12,0,5,641,0.02663385111126993,0,0.9467322977774602
neg_955,SIYVGNLSYD,10,0,5,847,0.017560153447143144,0,0.9648796931057138
neg_956,AGPSATTGVWFGPRL,15,0,3,216,0.005947013169637912,0,0.9881059736607242
neg_957,PAASESGFRRDP,12,0,4,639,0.007736763175103159,0,0.9845264736497937
neg_958,APPGFTPFRSK,11,0,5,590,0.006695278068363185,0,0.9866094438632736
neg_959,INWKKIFEKVKNLV,14,0,3,235,0.007601184042725305,0,0.9847976319145494
neg_961,PYLLNLPPEK,10,0,3,836,0.08064029593952005,0,0.8387194081209599
neg_962,QHWSYGLQPG,10,0,3,839,0.4461919123709161,0,0.1076161752581678
neg_963,IVGGTEVTPGEIPYQLSFQD,20,0,5,46,0.006695278068363185,0,0.9866094438632736
neg_964,GVVPHDFRI,9,0,1,903,0.06962495481692078,0,0.8607500903661585
neg_965,SGGGEGSGMWFGPRL,15,0,3,216,0.004185812976889212,0,0.9916283740462216
neg_966,MSRLFFVCRKVR,12,0,1,632,0.06091705042199753,0,0.878165899156005
neg_967,GPMEDPLEIIRI,12,0,1,619,0.49301002117303916,0,0.013979957653921682
neg_968,GRREDDYDNLQL,12,0,3,620,0.10813119664701398,0,0.783737606705972
neg_969,PCCSKLHDNSCCGL,14,0,4,476,0.004361549531815655,0,0.9912769009363687
neg_970,LNWGAILKHIIK,12,0,1,628,0.10936335145079143,0,0.7812732970984171
neg_971,FPPWM,5,0,2,1182,0.30046762334764576,0,0.3990647533047085
neg_972,ATKGSSDNRVLTGV,14,0,5,320,0.007921440837306224,0,0.9841571183253875
neg_973,SESNTCG,7,0,2,1081,0.08341888854773725,0,0.8331622229045255
neg_974,GLFDAIGNLLGGLGL,15,0,1,364,0.0068671735409377155,0,0.9862656529181246
neg_976,MLTYTGTVINVQTFAAKPDP,20,0,1,73,0.09504961667086222,0,0.8099007666582756
neg_979,LHSNLEYQYRYSGRVASGIP,20,0,5,57,0.017399013787846303,0,0.9652019724243074
neg_980,QPFSLERW,8,0,4,1003,0.47901671822968855,0,0.04196656354062289
neg_981,GLLAFPRV,8,0,2,602,0.010843256570919505,0,0.978313486858161
neg_982,AYERQFYPGATSVAENNIGH,20,0,1,11,0.0068671735409377155,0,0.9862656529181246
neg_983,PAPDSSFLRDP,11,0,4,639,0.004361549531815655,0,0.9912769009363687
neg_984,QRWPSPKVPP,10,0,4,838,0.004666545722092124,0,0.9906669085558157
neg_985,VDDTTPLSEETMMRIGGYMV,20,0,1,99,0.0068671735409377155,0,0.9862656529181246
neg_986,INVLGILGLLGKALSHL,17,0,2,234,0.009509952574746025,0,0.980980094850508
neg_988,IIDYYDEGEEDRDVGVVDAR,20,0,4,42,0.0184751861717033,0,0.9630496276565934
neg_989,YCCHPACGPNFSC,13,0,4,451,0.00569534042141711,0,0.9886093191571658
neg_990,VTLTLPPAES,10,0,4,861,0.8298320875449905,1,0.659664175089981
neg_992,VIGGDECNINEHPFLA,16,0,2,101,0.014515856817515403,0,0.9709682863649692
neg_993,QRLGHQWAVGHLM,13,0,1,492,0.08289181583180773,0,0.8342163683363846
neg_994,VPASGFFGMR,10,0,1,668,0.0068671735409377155,0,0.9862656529181246
neg_995,IVGGVSVAIE,10,0,4,800,0.42325826329107036,0,0.15348347341785928
neg_997,YNPASNQCQGF,11,0,2,750,0.9157541439366722,1,0.8315082878733444
neg_998,GSTCLEPKVVGPCKA,15,0,5,367,0.017409475936372203,0,0.9651810481272556
neg_1000,EQSAGFREYIDFFDGYSLTY,20,0,4,21,0.03696710017576682,0,0.9260657996484664
neg_1001,VIEVVYLRTPFSAGNATT,18,0,2,203,0.09992698868811095,0,0.8001460226237781
neg_1002,QWAQWPRPQIPP,12,0,4,495,0.019448265915148245,0,0.9611034681697035
neg_1003,SQCCYQICSPC,11,0,5,645,0.0077032761988008866,0,0.9845934476023982
neg_1006,HPIQNLFQPSLVLDM,15,0,1,371,0.015556153523540495,0,0.968887692952919
neg_1007,DDDDLEGFSE,10,0,3,770,0.05523404539135463,0,0.8895319092172908
neg_1008,TNSKEGEFIAEGGGVR,16,0,5,314,0.011128924105268395,0,0.9777421517894632
neg_1009,MKDTE,5,0,4,987,0.9444848962679909,1,0.8889697925359819
neg_1010,AIKVFHIVAETGIHARPAT,19,0,2,111,0.014172449573682357,0,0.9716551008526353
neg_1011,QVTFSRDWSP,10,0,1,844,0.0068671735409377155,0,0.9862656529181246
neg_1012,CHYIFNTC,8,0,4,959,0.6822378253530584,1,0.36447565070611687
neg_1013,FLSLIPHAINAVSALANHG,19,0,2,122,0.009128285884921166,0,0.9817434282301577
neg_1014,MIYSTEVSNMAGV,13,0,5,554,0.011499075324940987,0,0.977001849350118
neg_1015,YSQVSRPRF,9,0,1,950,0.015464454533718523,0,0.9690710909325629
neg_1016,VIGGDECNINEHRFLAALYD,20,0,2,101,0.0067351624357089475,0,0.9865296751285821
neg_1017,GGGGTSGLFAFPRV,14,0,1,284,0.0068671735409377155,0,0.9862656529181246
neg_1018,PFDRISSSAFSDF,13,0,4,561,0.05417660730962799,0,0.891646785380744
neg_1019,FLPGLLAGLL,10,0,1,27,0.03858085089256483,0,0.9228382982148704
neg_1020,QGRLGTQWAVGHLM,14,0,1,492,0.013227095986324622,0,0.9735458080273508
neg_1022,KQRSGESQNIIVGSWGAKVS,20,0,4,51,0.00589240629431725,0,0.9882151874113655
neg_1023,QDPYVDFLK,9,0,3,837,0.5356321021688635,1,0.07126420433772696
neg_1024,FIGAILPAIAGLVHGLINR,19,0,3,120,0.00428106350988848,0,0.991437872980223
neg_1025,PFNVGGLDKFGTLN,14,0,3,489,0.06913897099571922,0,0.8617220580085616
neg_1026,NSTMNSLLQLGR,12,0,2,637,0.029195954198286172,0,0.9416080916034276
neg_1027,GKTKGVTSGLIAFPRL,16,0,1,284,0.0068671735409377155,0,0.9862656529181246
neg_1028,AVVNGVNYVGETTAA,15,0,5,339,0.006695278068363185,0,0.9866094438632736
neg_1029,QKKDKKDRFYGLF,13,0,3,567,0.003096295257489376,0,0.9938074094850212
neg_1030,QQDYTGAHMDF,11,0,1,644,0.04604784929992901,0,0.907904301400142
neg_1031,ALTEQASKVALTADL,15,0,2,332,0.03853172465608679,0,0.9229365506878264
neg_1032,ITCCTRGTCAQHC,13,0,2,549,0.008763878151785164,0,0.9824722436964297
neg_1033,MAVKAISGCDKDQELI,16,0,3,297,0.011932853243807575,0,0.9761342935123849
neg_1035,GVCCGVSFCYPC,12,0,3,582,0.025269440387419902,0,0.9494611192251602
neg_1036,CCGPTACIAGCKPCC,15,0,2,156,0.009118031110235358,0,0.9817639377795293
neg_1038,YCCHPACGKNFDC,13,0,2,396,0.006975266174348452,0,0.9860494676513031
neg_1039,GGCCSHPACFASNPDYC,17,0,2,222,0.0067351624357089475,0,0.9865296751285821
neg_1040,GCPWEPWC,8,0,1,863,0.012918329547680544,0,0.974163340904639
neg_1041,AYGESANVFGAP,12,0,4,593,0.00986921119363564,0,0.9802615776127287
neg_1042,CCAIRLCNVYLCGSCCP,17,0,5,211,0.006695278068363185,0,0.9866094438632736
neg_1043,KFCPEGKCV,9,0,2,915,0.10741707224643068,0,0.7851658555071386
neg_1044,KETNAKPPA,9,0,2,914,0.0149558595759035,0,0.970088280848193
neg_1045,KCGVSIPYKISPSTDCSSVK,20,0,1,48,0.036012426847232513,0,0.927975146305535
neg_1047,NRNFLRF,7,0,3,905,0.004369909335563096,0,0.9912601813288738
neg_1049,GSSGGMIPFPRV,12,0,1,614,0.0068671735409377155,0,0.9862656529181246
neg_1050,QASTDYDDEDESTVPEAR,18,0,2,191,0.007253922519760425,0,0.9854921549604791
neg_1051,QGLIAFPRV,9,0,2,602,0.0871860942165929,0,0.8256278115668142
neg_1052,VDFDSESPRRPEIQ,14,0,4,418,0.009992372293626647,0,0.9800152554127467
neg_1053,APPQPSDNFIRF,12,0,1,589,0.0068671735409377155,0,0.9862656529181246
neg_1054,MATPLVDPAK,10,0,5,820,0.06389619778114879,0,0.8722076044377024
neg_1055,GLFDIIKKVASVVGLASQ,18,0,5,163,0.006695278068363185,0,0.9866094438632736
neg_1056,GGETGGEGKGMWFGPRL,17,0,3,216,0.003196330214256572,0,0.9936073395714868
neg_1057,AEKLEPVLPLIV,12,0,4,587,0.20352517800379274,0,0.5929496439924145
neg_1058,QAIVSKARRPYIL,13,0,1,562,0.008991026071639345,0,0.9820179478567214
neg_1059,VAVKATTTEEETEIPAK,17,0,1,262,0.04941226545476808,0,0.9011754690904639
neg_1060,NPYAFGL,7,0,5,877,0.018632651130422003,0,0.962734697739156
neg_1061,DEGCLPDDSSRT,12,0,2,595,0.6718368505158917,1,0.3436737010317834
neg_1062,MRFYFYSQAVDESGVTR,17,0,3,247,0.003096295257489376,0,0.9938074094850212
neg_1063,SGPGFMGVR,9,0,3,733,0.10586573517819842,0,0.7882685296436032
neg_1064,INWKGIAAMAKKLL,14,0,5,472,0.014472753504862667,0,0.9710544929902747
neg_1065,TEEGEFLHEGGGVR,14,0,4,108,0.009459480972066104,0,0.9810810380558678
neg_1066,AVPDKIDRRESGYV,14,0,3,448,0.00345329868473895,0,0.9930934026305221
neg_1067,GGPYAFGL,8,0,1,621,0.05402124510796578,0,0.8919575097840684
neg_1068,GLFDIIKKVASVVGGL,16,0,5,163,0.006695278068363185,0,0.9866094438632736
neg_1069,KFNRPETT,8,0,1,984,0.36980839704207086,0,0.2603832059158583
neg_1070,VPPGFTPFRQS,11,0,4,743,0.004361549531815655,0,0.9912769009363687
neg_1071,TRTPVNVTVTGAAGQIGYAL,20,0,5,96,0.019741306126210532,0,0.9605173877475789
neg_1072,ESNFKIGMAIR,11,0,3,683,0.13538364786864715,0,0.7292327042627057
neg_1073,KMYDFGL,7,0,2,1057,0.564311365131865,1,0.12862273026372995
neg_1074,ALIFATLSAAYIGEALE,17,0,1,210,0.0068671735409377155,0,0.9862656529181246
neg_1075,QKIQEIDLQTYLQPQ,15,0,2,406,0.05918926906766784,0,0.8816214618646643
neg_1076,EFSPTRKFGGHGDDKKKKK,19,0,1,118,0.02148639258988016,0,0.9570272148202397
neg_1077,DASNAQKQHDVNFLL,15,0,2,344,0.0067351624357089475,0,0.9865296751285821
neg_1078,GCEWVSWC,8,0,3,977,0.0033316319903639443,0,0.9933367360192721
neg_1079,GSSGLISMTRV,11,0,1,614,0.022130112102425978,0,0.955739775795148
neg_1080,SNRSPSLRLRF,11,0,3,670,0.003096295257489376,0,0.9938074094850212
neg_1081,SPPFAPRL,8,0,1,842,0.04917760759773144,0,0.9016447848045371
neg_1082,TDPDADKGEFLAEGGGVR,18,0,4,108,0.004469200165980772,0,0.9910615996680384
neg_1083,FLPLVTGLLSGLL,13,0,4,280,0.005263070201800864,0,0.9894738595963982
neg_1084,FLSLIPTAINAVSAIAKHF,19,0,2,122,0.0067351624357089475,0,0.9865296751285821
neg_1085,SCNCVCGFCCSCSP,14,0,2,499,0.0067351624357089475,0,0.9865296751285821
neg_1086,FFGSVLKLIPKIL,13,0,5,223,0.006886480745363074,0,0.9862270385092738
neg_1087,GSLTGLISMPRT,12,0,1,614,0.007687565996486397,0,0.9846248680070272
neg_1088,VKTPITEAIAAADTQG,16,0,2,318,0.007627188111129674,0,0.9847456237777407
neg_1089,RCCGYKFCYIC,11,0,3,192,0.003096295257489376,0,0.9938074094850212
neg_1090,FIGDIWSGIQG,11,0,4,613,0.32073256879759243,0,0.35853486240481514
neg_1091,DEPDGVPTHQKQ,12,0,2,596,0.07738575158719498,0,0.8452284968256101
neg_1092,GLLDILKKVGKVA,13,0,1,162,0.0068671735409377155,0,0.9862656529181246
neg_1093,ETLFDPCSTQDIKKVGV,17,0,4,218,0.07690403298775836,0,0.8461919340244832
neg_1094,MNRLKEIFQKEITPALVSKF,20,0,5,74,0.006695278068363185,0,0.9866094438632736
neg_1095,INWKKLGKALNALL,14,0,5,472,0.006695278068363185,0,0.9866094438632736
neg_1096,MKHIPFFFAFFFTFP,15,0,4,389,0.0063057385852867106,0,0.9873885228294266
neg_1097,AGQDGFMRF,9,0,1,668,0.0068671735409377155,0,0.9862656529181246
neg_1098,FLPIIAKVLSGLL,13,0,4,280,0.004566309882297207,0,0.9908673802354055
neg_1100,TDMLAVSVSSTDAIGHKYGT,20,0,4,92,0.04394008665970631,0,0.9121198266805874
neg_1101,ISEALKSIIVG,11,0,5,695,0.009357654944977251,0,0.9812846901100455
neg_1102,KKIEEEAAAAGATAE,15,0,5,377,0.012017610710259325,0,0.9759647785794814
neg_1103,RPPGFTPF,8,0,4,743,0.005641011669809302,0,0.9887179766603814
neg_1104,ELPVNFYALNLTADNINIGY,20,0,4,20,0.008295899290914288,0,0.9834082014181714
neg_1105,NGRRYTTYGCSPPVT,15,0,2,397,0.36224955107136503,0,0.27550089785726994
neg_1106,TQAGSQNPNDLSPGP,15,0,2,423,0.45302724147627665,0,0.09394551704744669
neg_1107,HKLDSFIGLM,10,0,3,796,0.0066431015261334166,0,0.9867137969477332
neg_1108,VARSLLIFEVQQPFLFLL,18,0,5,201,0.19190594584507173,0,0.6161881083098566
neg_1109,MKEPKSNIRKLIDIGGLIGR,20,0,2,68,0.023269778006954227,0,0.9534604439860915
neg_1110,INWKKIKSIIKAAMN,15,0,4,171,0.004361549531815655,0,0.9912769009363687
neg_1111,DYCCRRPTCIPIC,13,0,3,529,0.003096295257489376,0,0.9938074094850212
neg_1112,AGLFAQPRL,9,0,4,757,0.21150098810421028,0,0.5769980237915795
neg_1113,MHIVVCIKQVPDSAQIRV,18,0,1,179,0.0068671735409377155,0,0.9862656529181246
neg_1114,ILGPVLSLVGNALGGLLKNE,20,0,1,43,0.0068671735409377155,0,0.9862656529181246
neg_1115,FTAASQTLEAGR,12,0,5,609,0.03252291767709557,0,0.9349541646458088
neg_1116,TNEKLFFGSGTQLSVL,16,0,2,316,0.0067351624357089475,0,0.9865296751285821
neg_1117,TPSDGFMGMR,10,0,2,761,0.015381696952452586,0,0.9692366060950949
neg_1118,AIEVQTVTLIPGD,13,0,1,518,0.3896847688183207,0,0.2206304623633586
neg_1120,SGLQFAVLDGQGFIPFSRV,19,0,2,150,0.0067351624357089475,0,0.9865296751285821
neg_1121,GAQFSSWG,8,0,1,933,0.02256272624466798,0,0.954874547510664
neg_1122,PPPPPGPPPNP,11,0,2,283,0.3985308916343105,0,0.20293821673137902
neg_1123,NYDKNFLRF,9,0,5,638,0.006695278068363185,0,0.9866094438632736
neg_1125,LAKTVPLNDGTNFPIFGG,18,0,5,175,0.041652594092460096,0,0.9166948118150798
neg_1126,RICTPIPFPMCY,12,0,1,646,0.03238760014873191,0,0.9352247997025361
neg_1127,ISVDELSNYNF,11,0,5,696,0.44163435200370005,0,0.1167312959925999
neg_1128,SNTSHQDFHLFYGDNGMPVH,20,0,5,87,0.006695278068363185,0,0.9866094438632736
neg_1129,ARPPGFSPFRIV,12,0,2,259,0.0067351624357089475,0,0.9865296751285821
neg_1130,VVYTDCTESGQNLCLCE,17,0,5,264,0.14932247882488464,0,0.7013550423502307
neg_1131,GNFFRF,6,0,3,905,0.011255478917950543,0,0.9774890421640989
neg_1132,KPRPQQFIGLM,11,0,3,597,0.003096295257489376,0,0.9938074094850212
neg_1133,LNPFRWMINKYREWKNKKN,19,0,1,59,0.0068671735409377155,0,0.9862656529181246
neg_1134,CWFPWC,6,0,1,863,0.1823129308103017,0,0.6353741383793966
neg_1135,GLLGPLLKIAAKVGSNLL,18,0,4,164,0.004361549531815655,0,0.9912769009363687
neg_1136,VAGRSVVKIAEGYL,14,0,2,505,0.008373008858961356,0,0.9832539822820773
neg_1137,VVNTPGHAVSYHVY,14,0,4,512,0.3698707235561,0,0.2602585528878
neg_1138,GVIAWELQHNEPGRKDSTAG,20,0,2,39,0.0067351624357089475,0,0.9865296751285821
neg_1139,EAAGLISFPRV,11,0,5,590,0.01824222580480081,0,0.9635155483903983
neg_1140,YDPSPLQDFCVAD,13,0,3,584,0.009963238233281277,0,0.9800735235334375
neg_1141,IVPFLLGMVPKLICLITKKC,20,0,1,27,0.0068671735409377155,0,0.9862656529181246
neg_1142,SSGGGEGSGMWFGPRL,16,0,3,216,0.003710994294950638,0,0.9925780114100987
neg_1143,ARARLGVRRFRRKR,14,0,3,446,0.06150583806072578,0,0.8769883238785484
neg_1144,TLNKVYKFDRDRRFL,15,0,3,422,0.005259423090380597,0,0.9894811538192388
neg_1145,LPDSSFLRL,9,0,3,900,0.003096295257489376,0,0.9938074094850212
neg_1146,GCCHIIACRMGCSPCCW,17,0,3,151,0.003096295257489376,0,0.9938074094850212
neg_1149,GCCSRPPCIANNPDIC,16,0,2,222,0.0067351624357089475,0,0.9865296751285821
neg_1150,MGQGAVEGQLFYNVQ,15,0,1,388,0.010830083035517123,0,0.9783398339289657
neg_1152,FDAFTTGF,8,0,2,970,0.0218897034139261,0,0.9562205931721478
neg_1153,LLGMLPVALSALSALSKL,18,0,2,176,0.009850980078191284,0,0.9802980398436174
neg_1154,INWLKLGKKVSAIL,14,0,4,171,0.004707852255605622,0,0.9905842954887888
neg_1155,GASGLIPVMRN,11,0,1,614,0.011684068276031117,0,0.9766318634479377
neg_1157,SPHYNFGL,8,0,2,965,0.24127220307611666,0,0.5174555938477667
neg_1158,QDKPFWPPPIYPM,13,0,2,564,0.03599568961361231,0,0.9280086207727754
neg_1159,AGCKNFFWKTFTSC,14,0,3,438,0.003096295257489376,0,0.9938074094850212
neg_1160,YFDPFSLDVWDPFQA,15,0,4,430,0.004498522230469899,0,0.9910029555390601
neg_1161,MSQNTKGKLSLVGLSLMI,18,0,4,185,0.004361549531815655,0,0.9912769009363687
neg_1162,ARAVGIDLGTTNAVVAVLEG,20,0,5,8,0.006695278068363185,0,0.9866094438632736
neg_1163,KIKETNA,7,0,2,914,0.28431774262374243,0,0.43136451475251514
neg_1164,FISAIASFLGKFL,13,0,5,534,0.006695278068363185,0,0.9866094438632736
neg_1165,DADIAVWAPPVNAQN,15,0,4,343,0.004361549531815655,0,0.9912769009363687
neg_1166,KPNQDFMRF,9,0,5,728,0.006695278068363185,0,0.9866094438632736
neg_1167,NAPWAQIDEV,10,0,1,830,0.024417262312009858,0,0.9511654753759803
neg_1168,EDDLEDFNPTVS,12,0,5,603,0.014296372473645912,0,0.9714072550527082
neg_1170,QKKDKDRFYGLM,12,0,2,449,0.0067351624357089475,0,0.9865296751285821
neg_1171,QQWPRDPAPIPP,12,0,4,495,0.009464743834408292,0,0.9810705123311834
neg_1172,QKKDKKDRFY,10,0,3,567,0.004750673345082195,0,0.9904986533098357
neg_1173,TTAIEPFISLGDK,13,0,5,579,0.011040645256702274,0,0.9779187094865954
neg_1174,SNSKCPDGPDCFVGLM,16,0,1,311,0.0068671735409377155,0,0.9862656529181246
neg_1175,GSNDFMRF,8,0,5,728,0.006695278068363185,0,0.9866094438632736
neg_1176,GLEVLGKILSGIL,13,0,2,517,0.0067351624357089475,0,0.9865296751285821
neg_1177,EPRTPWDWV,9,0,4,892,0.15942658579980262,0,0.6811468284003948
neg_1178,FSGSVNQACSGFGWK,15,0,4,361,0.008589701310827539,0,0.9828205973783449
neg_1179,DTRPPGFTPFR,11,0,2,259,0.013627533305566882,0,0.9727449333888663
neg_1180,GPETAFLRL,9,0,3,900,0.0034657523744032136,0,0.9930684952511936
neg_1181,ADTGEGDFLAEGGGVR,16,0,4,108,0.005605465105084577,0,0.9887890697898308
neg_1182,FQFVNPSDIVFGS,13,0,5,537,0.02885414821791913,0,0.9422917035641617
neg_1184,MTRVQFKQHHHHHHPD,16,0,1,304,0.03064103391779989,0,0.9387179321644002
neg_1185,IEMAEGGNDNIGNESIK,17,0,3,231,0.15482613185551689,0,0.6903477362889663
neg_1186,EPVKKKDLKKATVPL,15,0,4,356,0.06739953438296017,0,0.8652009312340796
neg_1187,GVDSSFVRL,9,0,3,900,0.003096295257489376,0,0.9938074094850212
neg_1188,PRLRRLTGLSPLRAP,15,0,1,402,0.11357950624184136,0,0.7728409875163172
neg_1189,MMKHVIILVILLVISFQAY,19,0,3,140,0.003096295257489376,0,0.9938074094850212
neg_1190,AYRKPPFNGSIF,12,0,4,594,0.004361549531815655,0,0.9912769009363687
neg_1191,EQFEDYGHMRF,11,0,1,644,0.0068671735409377155,0,0.9862656529181246
neg_1192,ASNVPKELVEKGQNRV,16,0,2,268,0.0832258894762715,0,0.833548221047457
neg_1193,NFLGTLINLAKKIM,14,0,3,487,0.003096295257489376,0,0.9938074094850212
neg_1194,QHWSHGWLPG,10,0,3,839,0.00944925206086377,0,0.9811014958782724
neg_1195,KETNAKPP,8,0,2,914,0.020214930517517337,0,0.9595701389649653
neg_1196,AESGFQPVVDRKGD,14,0,2,437,0.007384425505982532,0,0.985231148988035
neg_1197,PAPESSFIRDP,11,0,4,639,0.004650080914967188,0,0.9906998381700656
neg_1199,IECEVCMKPGDRCNGSMMT,19,0,4,131,0.004361549531815655,0,0.9912769009363687
neg_1200,FCTMIPIPRCY,11,0,1,684,0.1511456855411106,0,0.6977086289177787
neg_1202,ATSGPMGWLPVFYRF,15,0,3,338,0.00443992510033946,0,0.9911201497993211
neg_1203,DGCCIAKQCC,10,0,1,774,0.008860146080230474,0,0.9822797078395391
neg_1204,TPLWSLMQDLMM,12,0,2,651,0.024402030732009715,0,0.9511959385359806
neg_1205,QWAQWPRPTPQIPP,14,0,4,495,0.06452106191212983,0,0.8709578761757404
neg_1206,MVDKFNNSDC,10,0,3,827,0.016666654647150697,0,0.9666666907056987
neg_1207,SCNCVCGVCCSCSP,14,0,2,499,0.0083720440864443,0,0.9832559118271114
neg_1208,QSPGCCWNPACVKNRC,16,0,4,306,0.004361549531815655,0,0.9912769009363687
neg_1209,SASGSGESSGMWFGPRL,17,0,3,216,0.003096295257489376,0,0.9938074094850212
neg_1210,SIVLRGKAPFR,11,0,5,730,0.006695278068363185,0,0.9866094438632736
neg_1211,CCSQDCRVCIPCCPY,15,0,3,342,0.0044118350664202385,0,0.9911763298671595
neg_1214,AYSNLNYLRF,10,0,5,769,0.09791482867689558,0,0.8041703426462088
neg_1215,PVVDTTGNNPLQQQEEYYV,19,0,3,146,0.006506292186892225,0,0.9869874156262155
neg_1216,GLGPRPLRF,9,0,4,899,0.015064052879903653,0,0.9698718942401927
neg_1217,SPTEQPYSSAAPLI,14,0,4,504,0.4454085597893165,0,0.10918288042136703
neg_1218,TGVNYGQLGNNLP,13,0,1,577,0.30414027331955074,0,0.39171945336089853
neg_1219,GLVDVLGKVGGLIKKLLPG,19,0,2,31,0.0067351624357089475,0,0.9865296751285821
neg_1220,EDKYTDKYDNINLDE,15,0,5,352,0.006695278068363185,0,0.9866094438632736
neg_1221,AKEKEVTFQ,9,0,3,440,0.03260031447216381,0,0.9347993710556723
neg_1222,DFKCPSEWYAYDQHCYRIIN,20,0,4,14,0.004361549531815655,0,0.9912769009363687
neg_1223,PYDRISGSAFSDF,13,0,4,561,0.02145748889426971,0,0.9570850222114606
neg_1224,GRGASSNYVRL,11,0,2,688,0.019917927516753517,0,0.9601641449664929
neg_1225,DTHKSEIAHRQPDLG,15,0,5,349,0.08858127424475805,0,0.8228374515104839
neg_1226,DHMSHDVYSPRL,12,0,4,599,0.012545740870429117,0,0.9749085182591417
neg_1227,SPALDDERNDNFIRL,15,0,2,312,0.0067351624357089475,0,0.9865296751285821
neg_1229,FISAIASMLGKFL,13,0,5,534,0.012402917059538342,0,0.9751941658809233
neg_1230,FLSALLGMLKNL,12,0,3,606,0.006557550146174714,0,0.9868848997076506
neg_1231,QPNPDEFVGLM,11,0,5,493,0.020447528546757292,0,0.9591049429064854
neg_1232,GTLKGIPTDDEQATGLERRT,20,0,3,36,0.011821114880319488,0,0.976357770239361
neg_1233,WLNALLHHGLNCAKGVLA,18,0,2,206,0.008091672357380918,0,0.9838166552852382
neg_1234,CCDDSECSTSCWPCCY,16,0,5,269,0.006695278068363185,0,0.9866094438632736
neg_1235,NSMERVEELRKKLQD,15,0,1,399,0.009564450856246928,0,0.9808710982875062
neg_1236,GYPRKTVDVFTFTN,14,0,3,467,0.032556361653122985,0,0.934887276693754
neg_1237,GFKNVQLSTARGF,13,0,2,540,0.07430127904501885,0,0.8513974419099624
neg_1238,LMCTHPLDCSN,11,0,2,703,0.38370033359966194,0,0.23259933280067613
neg_1241,ASLFNAPRV,9,0,4,876,0.01209277519951242,0,0.9758144496009752
neg_1242,FMRF,4,0,5,1240,0.0204733825969432,0,0.9590532348061136
neg_1243,SADIVKKLWDNPAL,14,0,4,498,0.1283360248593346,0,0.7433279502813308
neg_1244,MRELIRLVSSAGTGHFYT,18,0,5,183,0.006695278068363185,0,0.9866094438632736
neg_1245,WKEMSVW,7,0,3,1093,0.792306672547679,1,0.5846133450953579
neg_1246,GSGADCFWKYCV,12,0,2,588,0.0067351624357089475,0,0.9865296751285821
neg_1248,LVPFLGRTLGGLLARL,16,0,1,295,0.0068671735409377155,0,0.9862656529181246
neg_1249,TDTEFEAAGGGVR,13,0,4,455,0.010211142982021859,0,0.9795777140359563
neg_1250,AEGDGSVDTP,10,0,1,755,0.04891741025186584,0,0.9021651794962683
neg_1252,TSHGGGKAGKSKLLDVNY,18,0,5,200,0.04931372040347833,0,0.9013725591930434
neg_1254,GCVLYPWC,8,0,2,978,0.10215031712865637,0,0.7956993657426873
neg_1255,PASDSGFLRDP,11,0,4,639,0.004361549531815655,0,0.9912769009363687
neg_1256,DLDVNVFNR,9,0,4,767,0.011277525243901614,0,0.9774449495121967
neg_1257,YLTCNLR,7,0,2,293,0.8521423335715861,1,0.7042846671431722
neg_1258,GVYVIEEDVATYTIK,15,0,2,368,0.12037620233451062,0,0.7592475953309787
neg_1259,QHWSHGLSPG,10,0,3,839,0.07344575467500689,0,0.8531084906499862
neg_1261,QHWSDYFKPG,10,0,3,839,0.0032999424697861103,0,0.9934001150604278
neg_1262,GSHWAVGHLM,10,0,1,492,0.026722139873274115,0,0.9465557202534518
neg_1264,KPNFIRF,7,0,1,589,0.007904749093992285,0,0.9841905018120154
neg_1265,SSSGLISMPRV,11,0,1,614,0.023247748082861282,0,0.9535045038342774
neg_1266,ADKNFLRF,8,0,1,589,0.0068671735409377155,0,0.9862656529181246
neg_1268,RPLSWLPK,8,0,2,1006,0.03563714460840596,0,0.9287257107831881
neg_1269,QERRQSPE,8,0,1,1001,0.7877703614447188,1,0.5755407228894376
neg_1270,KHFGKDSNFPFGT,13,0,2,550,0.008016941072867326,0,0.9839661178542654
neg_1271,DDFLCAGGCL,10,0,5,771,0.006695278068363185,0,0.9866094438632736
neg_1272,NRPTYVPPPPRPPHPRL,17,0,4,30,0.007400921234693198,0,0.9851981575306136
neg_1273,VSHNNFLRF,9,0,2,312,0.01702021819249147,0,0.9659595636150171
neg_1274,DVPASIDWREYGYVTEVKD,19,0,3,117,0.003096295257489376,0,0.9938074094850212
neg_1275,FLFPLITSFLSKVL,14,0,4,280,0.004411037565897669,0,0.9911779248682047
neg_1276,EQCQDMAGGAR,11,0,2,682,0.9361373060118924,1,0.8722746120237848
neg_1277,IIGHLIKTALGMLGL,15,0,3,372,0.003096295257489376,0,0.9938074094850212
neg_1278,CCDWDWCDHICTCCGG,16,0,5,270,0.006695278068363185,0,0.9866094438632736
neg_1279,GVLSLLKKLPMILKHLHGK,19,0,5,130,0.006695278068363185,0,0.9866094438632736
neg_1280,LDLTPGSHVDSYVEA,15,0,2,381,0.012665073166926968,0,0.9746698536661461
neg_1281,SDAVADGVHAISGVVDS,17,0,5,214,0.006695278068363185,0,0.9866094438632736
neg_1282,MLLLKHGRIEILDQNTMYG,19,0,4,139,0.004361549531815655,0,0.9912769009363687
neg_1283,ISGKPARTPT,10,0,5,799,0.06402305164194066,0,0.8719538967161187
neg_1285,FLGGLMKAFPAIICAVTKKC,20,0,1,24,0.0068671735409377155,0,0.9862656529181246
neg_1286,SPSQDFMRF,9,0,5,728,0.006695278068363185,0,0.9866094438632736
neg_1287,QPHPNEFVGLM,11,0,5,493,0.06855031050758044,0,0.8628993789848391
neg_1288,MVKLRLKRCGRK,12,0,4,633,0.004361549531815655,0,0.9912769009363687
neg_1289,GPDSSFLRL,9,0,3,900,0.003096295257489376,0,0.9938074094850212
neg_1290,RCCGYKFCHIC,11,0,3,582,0.003096295257489376,0,0.9938074094850212
neg_1291,SMPSLRLRF,9,0,3,670,0.003096295257489376,0,0.9938074094850212
neg_1292,WTFGQGTKVEIK,12,0,2,661,0.05139800363477194,0,0.8972039927304561
neg_1293,GILDAIKAIAKAAG,14,0,1,462,0.01667456859257378,0,0.9666508628148525
neg_1294,ANAKVPSHTISNPF,14,0,3,444,0.2545965681658646,0,0.49080686366827075
neg_1295,GADFQECMKEHSQKQHQHQG,20,0,2,28,0.018075407432769024,0,0.9638491851344619
neg_1296,APSSMGFMGMR,11,0,1,668,0.0068671735409377155,0,0.9862656529181246
neg_1297,SDIGISEPNFLRF,13,0,4,572,0.005319152711718464,0,0.9893616945765631
neg_1298,YGLAADHVLDAR,12,0,3,664,0.008772322484127232,0,0.9824553550317455
neg_1299,FLPIIAGMAAKVICAITKKC,20,0,1,24,0.0068671735409377155,0,0.9862656529181246
neg_1300,VGVCCGYKLCHPC,13,0,3,582,0.0068386828452323455,0,0.9863226343095353
neg_1301,HEEQITQPSATNDEA,15,0,3,369,0.02939046190476272,0,0.9412190761904745
neg_1303,VCCPFGRCHQICQCCER,17,0,2,263,0.0067351624357089475,0,0.9865296751285821
neg_1304,LNLKGIFKKVASLLT,15,0,2,384,0.0067351624357089475,0,0.9865296751285821
neg_1305,SQTQSFNFNKFEQNK,15,0,3,415,0.0064909503761637274,0,0.9870180992476726
neg_1306,GLIDVRCYDSSQCE,14,0,3,463,0.07757249078643819,0,0.8448550184271236
neg_1307,IMYDCCSGSCSGYTGRC,17,0,2,233,0.0067351624357089475,0,0.9865296751285821
neg_1308,GCCGVPSCMAGCRPCC,16,0,3,213,0.003934114740849217,0,0.9921317705183016
neg_1309,NRPTYVPAPPRPPHPRL,17,0,4,30,0.007788210222829076,0,0.9844235795543419
neg_1310,AHSDAVTPLPARSKV,15,0,3,326,0.06422401529923112,0,0.8715519694015378
neg_1311,MGQEQGIPWIL,11,0,3,713,0.5323268136160303,1,0.06465362723206058
neg_1313,QWPRPTPQIPP,11,0,4,495,0.047061619385109894,0,0.9058767612297802
neg_1314,GIAEFLNYIKSKA,13,0,1,541,0.009951274905337896,0,0.9800974501893243
neg_1316,GTTGT,5,0,3,1188,0.8961282053590878,1,0.7922564107181755
neg_1317,CSVVDLAR,8,0,2,345,0.35831698514760185,0,0.2833660297047963
neg_1319,KVPVDDQFRRVNNGGATDTR,20,0,3,54,0.02649065783558903,0,0.947018684328822
neg_1320,GIIDIAKKLVGGIRNVLGI,19,0,5,128,0.006695278068363185,0,0.9866094438632736
neg_1321,VVAFERAK,8,0,4,1024,0.8079832954000026,1,0.6159665908000052
neg_1322,QHWSLCHAPG,10,0,3,839,0.019517807270310435,0,0.9609643854593791
neg_1323,GILDVAKTLVGKLRNVLGI,19,0,5,128,0.006695278068363185,0,0.9866094438632736
neg_1324,EATVDMPLD,9,0,2,887,0.3214642400887304,0,0.35707151982253915
neg_1325,GLLGFVGSLLGGLGI,15,0,1,364,0.0068671735409377155,0,0.9862656529181246
neg_1326,VTAKAVAAAEAASSAR,16,0,2,266,0.0067351624357089475,0,0.9865296751285821
neg_1327,SADPNFLRF,9,0,2,312,0.019957608622196497,0,0.960084782755607
neg_1329,ETISFNFNQFQQND,14,0,3,415,0.005981608503789179,0,0.9880367829924216
neg_1330,DRVYIHPFHLLVYS,14,0,5,452,0.012241039112800115,0,0.9755179217743998
neg_1331,MLSKGVLSARLFNLIYG,17,0,4,246,0.007044944740510707,0,0.9859101105189786
neg_1332,GYEEREVAETVRELDAA,17,0,3,228,0.004350428419711029,0,0.991299143160578
neg_1333,TEVTFKVGEGSSGKS,15,0,1,419,0.010270914742031128,0,0.9794581705159378
neg_1334,CCSQDCLVCIPCCPN,15,0,2,123,0.0067351624357089475,0,0.9865296751285821
neg_1335,RGDKDIFTVHDILKARGEI,19,0,1,147,0.04331028605535916,0,0.9133794278892817
neg_1336,AELPQGLWVRPRLG,14,0,5,436,0.14264150779151832,0,0.7147169844169634
neg_1337,AADIFAKFKTSMEVK,15,0,5,319,0.030710010468562268,0,0.9385799790628755
neg_1338,ITAKPAKTPT,10,0,5,799,0.6329173713814169,1,0.2658347427628338
neg_1339,CVQSCSFGPLTWSCDGNTK,19,0,3,114,0.003096295257489376,0,0.9938074094850212
neg_1340,SDYLQLART,9,0,5,729,0.009214508104475333,0,0.9815709837910493
neg_1341,GLFDIVKKVVGAFGSL,16,0,2,29,0.0067351624357089475,0,0.9865296751285821
neg_1342,GGCCSHPACAANNQDYC,17,0,2,222,0.0067351624357089475,0,0.9865296751285821
neg_1343,RTCIPIPLVMC,11,0,1,646,0.015327745459371711,0,0.9693445090812566
neg_1344,TDRNFLRL,8,0,3,875,0.007343009282477416,0,0.9853139814350451
neg_1345,KEGYLLGSRG,10,0,5,801,0.012089859959683367,0,0.9758202800806333
neg_1346,APAAGFFGMR,10,0,1,668,0.0068671735409377155,0,0.9862656529181246
neg_1347,LGIYSDAGTQTCSK,14,0,1,478,0.4057109130936992,0,0.18857817381260156
neg_1348,GFTPFRIY,8,0,4,743,0.6984698134128796,1,0.39693962682575923
neg_1349,DVNGGGHTLPQPLYQTTVVL,20,0,1,16,0.0068671735409377155,0,0.9862656529181246
neg_1350,FLSLIPHAISAISAIADHL,19,0,2,122,0.008271532115539057,0,0.9834569357689219
neg_1351,FFPIIAGMAAKVICAITKKC,20,0,1,24,0.0068671735409377155,0,0.9862656529181246
neg_1352,FENEDEGYFQDPEDCS,16,0,5,278,0.014367050469190104,0,0.9712658990616198
neg_1354,MELGLEPADDFKEKLIKLSA,20,0,2,62,0.0067351624357089475,0,0.9865296751285821
neg_1355,NAKPP,5,0,2,914,0.9114066738949884,1,0.8228133477899768
neg_1356,VIGGDECNINEHRSLALVY,19,0,2,101,0.0067351624357089475,0,0.9865296751285821
neg_1357,GGETSGETKGMWFGPRL,17,0,3,216,0.003096295257489376,0,0.9938074094850212
neg_1358,QKVAVRLKEVVYTLSPHQQN,20,0,4,79,0.060239341914537815,0,0.8795213161709243
neg_1359,MRVKLFQLRGMLSGSRIL,18,0,2,184,0.1053751106412238,0,0.7892497787175524
neg_1360,SLVSLNEPKDEIYMESQP,18,0,5,196,0.10395009082677525,0,0.7920998183464495
neg_1361,FDLLGLLKKVVSGL,14,0,4,164,0.004361549531815655,0,0.9912769009363687
neg_1362,APLTNEYLNHLCHKC,15,0,4,337,0.10527006952541654,0,0.789459860949167
neg_1363,NSGGGEGSGMWFGPRL,16,0,3,216,0.004087199799642689,0,0.9918256004007147
neg_1364,GIGGKPVQTAFVDNDGIYD,19,0,1,127,0.018397028499211317,0,0.9632059430015774
neg_1365,GGSSGLISMPRV,12,0,1,614,0.007658858279282844,0,0.9846822834414343
neg_1366,MADEALQHTFFA,12,0,1,630,0.7397925128987556,1,0.47958502579751117
neg_1368,EPYAFGL,7,0,5,877,0.013932620185500918,0,0.9721347596289982
neg_1369,WVDADLNGLR,10,0,3,865,0.7945231553910006,1,0.5890463107820012
neg_1370,GHAKKDKKIQKK,12,0,3,616,0.008703672620796061,0,0.9825926547584078
neg_1371,TVAACNSPKVGLDSDAELVR,20,0,3,98,0.0376990981406443,0,0.9246018037187114
neg_1372,DASFSSWG,8,0,5,960,0.007758315732272277,0,0.9844833685354555
neg_1373,QGGAGWPPIPP,11,0,4,495,0.05465204606057545,0,0.8906959078788491
neg_1374,RVCFAIPLPICH,12,0,1,646,0.009852239230997904,0,0.9802955215380041
neg_1375,TYKKPPFNGSIF,12,0,4,594,0.00522392269498315,0,0.9895521546100337
neg_1376,NQDCRPGWSFYEQNCYKVF,19,0,1,144,0.0068671735409377155,0,0.9862656529181246
neg_1377,ECCNPACGRHYSCGK,15,0,5,159,0.006695278068363185,0,0.9866094438632736
neg_1378,GFIGDIWSGIQG,12,0,4,613,0.004361549531815655,0,0.9912769009363687
neg_1379,NSELINAILGSPTLMGEV,18,0,1,187,0.0068671735409377155,0,0.9862656529181246
neg_1380,QGRPPGPPIPP,11,0,4,563,0.06854620555659104,0,0.862907588886818
neg_1381,MPDPAKTAPKKKSKKAVT,18,0,4,182,0.005007152813401515,0,0.989985694373197
neg_1382,MNNSTKFCFSRFRTGN,16,0,4,302,0.004361549531815655,0,0.9912769009363687
neg_1383,SGGGNVIMNQMNKRNHAKD,19,0,4,149,0.059607096269811935,0,0.8807858074603762
neg_1385,DVSLPAEGFR,10,0,3,779,0.7992717843293163,1,0.5985435686586327
neg_1386,ATFDIVNQCTFT,12,0,4,592,0.4523317204476017,0,0.09533655910479655
neg_1387,GNALGKEGLKAI,12,0,4,171,0.231248739943965,0,0.53750252011207
neg_1388,KEQPEFVPY,9,0,1,913,0.08928306013787782,0,0.8214338797242444
neg_1389,AIVGRPRF,8,0,2,672,0.00966898679991311,0,0.9806620264001737
neg_1390,TNDFMRF,7,0,5,728,0.0068754605194056365,0,0.9862490789611887
neg_1391,DEGPKSDCKP,10,0,1,773,0.3050595957736671,0,0.3898808084526658
neg_1392,DPSFNSWG,8,0,5,960,0.008227075483410529,0,0.983545849033179
neg_1393,LPLDDLSDT,9,0,1,922,0.08597444991684512,0,0.8280511001663098
neg_1394,DCCPCPAGAVRCRFACC,17,0,3,213,0.003096295257489376,0,0.9938074094850212
neg_1395,EITVEPVRHPKKDPSEAE,18,0,2,160,0.725982885519831,1,0.45196577103966207
neg_1396,CKQSCSFGPFTFVCDGNTK,19,0,3,114,0.003096295257489376,0,0.9938074094850212
neg_1397,APPGFTPFRS,10,0,4,308,0.004361549531815655,0,0.9912769009363687
neg_1398,ESLPLAAFHQVDVYTAK,17,0,2,217,0.07560647311545238,0,0.8487870537690952
neg_1399,DEPPQTPWDRVKDLVTVYVE,20,0,2,12,0.08506870755175563,0,0.8298625848964887
neg_1400,MLLHRLSKFCKIERDIVYIS,20,0,5,72,0.02251829133932552,0,0.9549634173213489
neg_1401,KRRPPGFTPFR,11,0,2,259,0.0067351624357089475,0,0.9865296751285821
neg_1402,AVPDVAFNAYG,11,0,2,636,0.013692153597936707,0,0.9726156928041266
neg_1403,GLLGLGYGGY,10,0,4,791,0.921771034835948,1,0.843542069671896
neg_1404,TDPLWQLPGAHLEQYLS,17,0,3,260,0.406906594021963,0,0.186186811956074
neg_1405,APQEPNQFQLLKYH,14,0,3,445,0.5228847075565096,1,0.04576941511301924
neg_1406,EKDCYHERDC,10,0,2,782,0.0067351624357089475,0,0.9865296751285821
neg_1407,MKITPLGDNVVIKKLLATA,19,0,1,137,0.0068671735409377155,0,0.9862656529181246
neg_1409,GHGGASNYVRL,11,0,2,688,0.0465841776901216,0,0.9068316446197568
neg_1410,MTSDYRVSPIKKSRPAMSK,19,0,1,142,0.011743434432852194,0,0.9765131311342956
neg_1411,GSNIEVMLGLPNSDVK,16,0,1,286,0.034601686955824704,0,0.9307966260883506
neg_1412,GPVEIYYLQSADAKG,15,0,3,365,0.03602321869495113,0,0.9279535626100978
neg_1413,EEEDKKEDVGTVVGI,15,0,5,353,0.7651367136036299,1,0.5302734272072598
neg_1414,KRTKAPFSRVVKFSIDEIRN,20,0,2,52,0.026254099361803538,0,0.9474918012763929
neg_1415,DFIGSSTNVIMVASTTLMLF,20,0,3,13,0.003096295257489376,0,0.9938074094850212
neg_1416,QEYTGWMDF,9,0,4,251,0.004361549531815655,0,0.9912769009363687
neg_1417,SRLPPATRDKLADEITFFPA,20,0,4,89,0.004361549531815655,0,0.9912769009363687
neg_1418,YYTVLFGVSRALGLPLERPK,20,0,1,107,0.01079065627270834,0,0.9784186874545833
neg_1419,NFSCPPDWYAYD,12,0,5,634,0.051385975405042236,0,0.8972280491899155
neg_1420,SKSLFYQKQYDNINE,15,0,5,352,0.006695278068363185,0,0.9866094438632736
neg_1421,VDPAQVSGSWRTAAIASD,18,0,1,202,0.09366659564914456,0,0.8126668087017108
neg_1422,IDWLKLGKMVMDVL,14,0,2,471,0.0067351624357089475,0,0.9865296751285821
neg_1423,LTCYKGYHDTVVCKP,15,0,1,385,0.06430269241291657,0,0.8713946151741668
neg_1424,VKVYNQFGTKVELGVSMRIF,20,0,4,102,0.06286241435721829,0,0.8742751712855634
neg_1425,DVLELTDENFESRVSSDTG,19,0,3,116,0.003096295257489376,0,0.9938074094850212
neg_1426,AGGTSGLYAFPRV,13,0,1,284,0.0068671735409377155,0,0.9862656529181246
neg_1427,AMAGTATVQGQGTR,14,0,5,442,0.39768840120905535,0,0.2046231975818893
neg_1428,FLFVGDL,7,0,3,1046,0.1748092372441074,0,0.6503815255117852
neg_1429,MDSVSVNQIL,10,0,2,821,0.01987085514078427,0,0.9602582897184314
neg_1430,QLASDDYGHMRF,12,0,1,644,0.0068671735409377155,0,0.9862656529181246
neg_1431,QQGEGGPYGGLSPLRFS,17,0,5,252,0.010440388704015384,0,0.9791192225919693
neg_1432,EQYMVAFWM,9,0,1,894,0.5241179525528576,1,0.04823590510571529
neg_1433,VERYAFGL,8,0,2,965,0.044989264013121186,0,0.9100214719737576
neg_1434,FFTTFDKDNDDQQNDN,16,0,4,279,0.004670685254740247,0,0.9906586294905195
neg_1435,ESGINLQGDATLANN,15,0,4,358,0.0065984738346171554,0,0.9868030523307657
neg_1436,SPPSQDFMRF,10,0,1,589,0.0068671735409377155,0,0.9862656529181246
neg_1437,ARDGYIVDEKGCKFACFIN,19,0,1,112,0.0068671735409377155,0,0.9862656529181246
neg_1438,MRNIKVKPFLN,11,0,4,715,0.08528286628052509,0,0.8294342674389499
neg_1439,RTCIPIPPVCF,11,0,4,727,0.005073117202806113,0,0.9898537655943878
neg_1440,QKKDKKDKFYGLM,13,0,3,567,0.003096295257489376,0,0.9938074094850212
neg_1441,MFYLSDLLLHVIGFG,15,0,5,387,0.13686400017784078,0,0.7262719996443184
neg_1442,GLLGSIGNAIGAFIANKLKP,20,0,4,32,0.004361549531815655,0,0.9912769009363687
neg_1444,MADQLTEEQIAEF,13,0,4,552,0.012517859074266438,0,0.9749642818514671
neg_1445,VVSLSIPR,8,0,4,741,0.8107030757065192,1,0.6214061514130385
neg_1446,APSSGFFGTR,10,0,1,143,0.0068671735409377155,0,0.9862656529181246
neg_1447,MDETIVTDKGVAEFSFFKF,19,0,2,134,0.02714756611274529,0,0.9457048677745095
neg_1448,CCPPVIWCC,9,0,1,881,0.009742500309732822,0,0.9805149993805343
neg_1449,IWSGIQSAF,9,0,4,912,0.011808461353861897,0,0.9763830772922762
neg_1450,AKLDFDRSKEHVNVGTIGVH,20,0,5,5,0.006695278068363185,0,0.9866094438632736
neg_1451,INLKALAALAKKIL,14,0,5,472,0.006695278068363185,0,0.9866094438632736
neg_1452,AAGQDNFMRF,10,0,1,589,0.0068671735409377155,0,0.9862656529181246
neg_1453,IGGIISFFKRLF,12,0,3,533,0.003096295257489376,0,0.9938074094850212
neg_1454,ILGKFCDEIKRIV,13,0,5,546,0.027058885818674865,0,0.9458822283626502
neg_1456,MKVYTDIFTRDEFLSDSYPM,20,0,2,71,0.024074355763051097,0,0.9518512884738978
neg_1457,DEPKPDQFVGLM,12,0,3,597,0.008490864844376798,0,0.9830182703112464
neg_1458,PTHIKWGD,8,0,3,999,0.06205448011646453,0,0.875891039767071
neg_1459,LVPFRPRL,8,0,1,842,0.5097909168496568,1,0.019581833699313655
neg_1460,RPPGFSPF,8,0,2,259,0.015065348352632181,0,0.9698693032947356
neg_1461,GVGCSSGCHKVGGQCRCG,18,0,1,166,0.0068671735409377155,0,0.9862656529181246
neg_1462,LIPNDQLRSI,10,0,5,810,0.42145079515419337,0,0.15709840969161326
neg_1463,ANDPQCLYGNVAAKF,15,0,1,335,0.19349638458834645,0,0.6130072308233071
neg_1464,SIPLPSLNFEQFGNMIQCTI,20,0,5,84,0.006695278068363185,0,0.9866094438632736
neg_1465,RPSFNSWG,8,0,5,960,0.009007855735064357,0,0.9819842885298713
neg_1467,QADPKTFYGLM,11,0,2,449,0.008362682981027133,0,0.9832746340379457
neg_1469,LAEQAERYEEMVEFMEK,17,0,2,238,0.02508588050200033,0,0.9498282389959993
neg_1470,DEVKIVLD,8,0,3,962,0.34438472000361586,0,0.3112305599927683
neg_1471,DGYTPRL,7,0,2,1039,0.46521439547889243,0,0.06957120904221514
neg_1472,GFGSLLGKALKIGTNLL,17,0,4,164,0.004361549531815655,0,0.9912769009363687
neg_1473,METTNESLGYTDQIIGPVLD,20,0,3,63,0.026200056669254273,0,0.9475998866614914
neg_1474,SIYERCELARELINR,15,0,5,412,0.006695278068363185,0,0.9866094438632736
neg_1475,QIPWFHR,7,0,4,911,0.6732020477643234,1,0.3464040955286467
neg_1476,VDKGSYLPRPTPPRPIYNRN,20,0,1,100,0.07579982583870658,0,0.8484003483225868
neg_1477,ADDKNPLEECFCEDDDYCEG,20,0,1,0,0.0068671735409377155,0,0.9862656529181246
neg_1478,AAKIKKGDNVVVLTG,15,0,5,320,0.007497572917071283,0,0.9850048541658575
neg_1479,LPTGPNNPTTLDNSSII,17,0,2,239,0.49065935358394197,0,0.01868129283211606
neg_1480,SDRNFLRF,8,0,4,572,0.004361549531815655,0,0.9912769009363687
neg_1481,AVREYHWFVE,10,0,1,768,0.6663289636785336,1,0.3326579273570671
neg_1482,QHWSHDWKPG,10,0,3,839,0.0437632113697308,0,0.9124735772605383
neg_1483,VVGGAECKIDGHRCLALLY,19,0,2,101,0.0067351624357089475,0,0.9865296751285821
neg_1484,VRDAYIAEDYDCVYHCARDA,20,0,3,104,0.2220032194475499,0,0.5559935611049003
neg_1485,GDGTGPGPGP,10,0,2,283,0.8970682444598165,1,0.794136488919633
neg_1486,HYQEVPRQIQEKLIKGQ,17,0,1,229,0.12323865899024258,0,0.7535226820195149
neg_1487,QSSFHSWG,8,0,5,960,0.008282000333608043,0,0.9834359993327839
neg_1488,CCTPFYFCCNN,11,0,2,675,0.008164625968969498,0,0.983670748062061
neg_1489,KMLGVVAKKPMSDYE,15,0,3,378,0.14586397808414808,0,0.7082720438317038
neg_1491,TRRFDDVLDEVKGFFEVH,18,0,4,199,0.004361549531815655,0,0.9912769009363687
neg_1492,SDAVADGDHAISGVVDS,17,0,5,214,0.007093201891746815,0,0.9858135962165063
neg_1493,GLGNNAFLGVR,11,0,1,621,0.0068671735409377155,0,0.9862656529181246
neg_1495,LSLHEYMSMELLQEAGVSIP,20,0,1,60,0.07438956847475788,0,0.8512208630504843
neg_1496,MIFNDLIGNNNIGD,14,0,3,483,0.013514917866027935,0,0.9729701642679441
neg_1497,ALLHHGLNCAKGVLA,15,0,2,206,0.08677517113155092,0,0.8264496577368982
neg_1498,QKKDKKDRFYGLM,13,0,3,567,0.003096295257489376,0,0.9938074094850212
neg_1499,MKNSVAEH,8,0,1,988,0.536388583418552,1,0.072777166837104
neg_1500,GANDFMRF,8,0,5,728,0.006695278068363185,0,0.9866094438632736
neg_1501,FKSLTKYSPGRQN,13,0,5,535,0.015702633027992345,0,0.9685947339440153
neg_1502,MRNYSFGL,8,0,2,965,0.031698753419680606,0,0.9366024931606388
neg_1503,AMPMLRL,7,0,4,1034,0.12735906160300128,0,0.7452818767939975
neg_1504,EAAGLIPFPRVG,12,0,2,602,0.009393809624433928,0,0.9812123807511322
neg_1505,RGSNLTHPLRNI,12,0,4,81,0.041372813307335145,0,0.9172543733853297
neg_1506,GPSSGFFGMR,10,0,2,761,0.0067351624357089475,0,0.9865296751285821
neg_1507,ASGQDFMRF,9,0,5,728,0.006695278068363185,0,0.9866094438632736
neg_1508,GGETGNDAKAMWFGPRL,17,0,4,157,0.004361549531815655,0,0.9912769009363687
neg_1509,QRWPSPK,7,0,3,841,0.01985100349274439,0,0.9602979930145112
neg_1510,GPSSGFFGTR,10,0,1,143,0.0068671735409377155,0,0.9862656529181246
neg_1511,DPGFSSWG,8,0,5,960,0.010610913034810132,0,0.9787781739303797
neg_1512,TKTEGSFLAEGGGVR,15,0,4,108,0.004361549531815655,0,0.9912769009363687
neg_1514,FFVPPAFFPP,10,0,4,785,0.0614484811210649,0,0.8771030377578702
neg_1515,FLAKKVAKKLVSHVAQKQLE,20,0,5,26,0.006695278068363185,0,0.9866094438632736
neg_1516,GKPNRPRPAPIQPRPPHPRL,20,0,4,30,0.0067940608502088055,0,0.9864118782995824
neg_1519,DNSCTPKPSCFF,12,0,4,600,0.004361549531815655,0,0.9912769009363687
neg_1520,AEIDFSGIPEDIIKQI,16,0,1,267,0.027437733919178493,0,0.945124532161643
neg_1522,LRPDDLSDT,9,0,1,922,0.008946357228296233,0,0.9821072855434075
neg_1523,KDFCHLPPKPGPCRAAI,17,0,4,237,0.09650460915759324,0,0.8069907816848135
neg_1524,SDPEVPGMWFGPRL,14,0,3,216,0.011487134616843395,0,0.9770257307663132
neg_1526,GLLSSLGLNL,10,0,4,288,0.008016986449993924,0,0.9839660271000121
neg_1527,GFGALFKFL,9,0,5,362,0.006695278068363185,0,0.9866094438632736
